I10,1016695
E785,707008
Z79899,478140
K219,455119
Z87891,346206
I2510,334609
E119,322327
E039,307567
F419,265015
F17210,246203
F329,237935
N179,231640
Z7982,198303
E669,196441
J449,179460
E871,175799
E872,160670
E876,158347
D649,157592
J45909,152252
G4733,148251
E6601,140984
I129,137932
I4891,133741
N390,131003
E860,130396
Z20822,124390
E7800,122185
Z7901,119270
E1122,118807
M1990,113095
M6281,112162
N183,111714
I110,111596
Z23,109942
I480,109831
D62,108874
Z880,102868
Z370,101232
G8929,97307
Z794,97204
E1165,93107
I130,85469
F0390,84599
Z7984,84393
I509,81762
D509,77388
I252,77363
R262,76396
Z8249,73113
I5032,72574
F17200,72011
N400,71747
V270,71674
D696,67922
Z9049,67848
K5900,66756
Z8673,66686
Z66,64968
Z6841,64801
E8342,64703
Z888,63973
D72829,62845
N189,62623
J441,62155
D631,61527
N2581,57222
E559,56670
E875,55679
I959,55401
Z885,55372
M810,55356
J440,53487
Z882,53000
Z3A39,52814
J9811,52448
E782,52331
J90,51593
R1310,51128
Z681,50907
Z881,50157
R531,49977
G4730,49845
E870,49316
Z20828,49118
Z955,48227
R1312,47300
G629,46964
Z992,46283
R41841,46254
N184,45441
I482,44602
G4700,44484
J189,43194
R000,43033
Z951,42855
Z86718,42709
I739,42670
G43909,42535
Z90710,42235
I5022,42099
M109,41909
I429,41261
J9601,41046
Z9181,40903
G9341,39525
E1140,38952
Z853,38446
Z98890,38299
R112,37783
M069,37747
K449,37533
G40909,36908
Z9981,36651
E46,36058
R2689,35867
F319,35586
M797,35564
R6521,35540
Z87442,35310
R197,35082
R5383,34786
E440,34701
R2681,34508
M549,34134
R110,33847
Z6842,33213
R0902,32948
N186,32932
F0280,32888
I4892,32586
I120,32108
R001,32015
G9340,30460
M545,30303
E1142,30018
E43,29989
E780,29705
I471,29578
I2720,29048
F411,28985
R0602,28958
Z720,28909
Z791,28906
G20,28882
C7951,28683
R42,28657
K760,28259
E8339,27935
I472,27846
R51,27827
F1010,27752
R739,27711
Z515,27540
Z950,27450
Z3A40,27033
I248,27018
Z6843,26786
Z86711,26650
T451X5A,26453
F418,26350
N170,26348
C787,26211
G309,26061
R4701,26025
I255,25905
I272,25827
K5730,25631
Z9221,25628
R188,25591
B9620,25556
Z7902,25260
K589,25257
Z833,25150
R339,25042
Z886,24938
Z3A38,24580
N1830,24350
H409,24239
R55,24236
Z741,24203
R278,24189
D638,24037
A419,23941
R296,23851
R6520,23578
R7989,23525
Z79891,23166
E1151,23089
Z923,22888
O76,22450
I5033,22358
Z7952,22278
G2581,21885
D61818,21882
Z7951,21837
I350,21792
Z803,21582
I4820,21567
F05,21406
R64,21272
Z800,21251
Z85828,21131
I340,20996
J690,20985
R7303,20898
Z9884,20714
L03115,20547
N401,20358
O6981X0,20315
E873,20242
R279,20057
Z8546,20029
K648,19958
L03116,19952
G894,19731
H9190,19663
O701,19617
R269,19567
D689,19036
R109,18761
K567,18656
E8351,18540
Z1159,18408
R079,18362
J439,18326
R509,18226
I132,17923
F1290,17842
Z79890,17840
Z86010,17525
F909,17348
J9602,17249
Z981,17015
R918,16960
F4310,16945
F1020,16869
R05,16791
O99824,16605
E878,16567
E8770,16557
F17290,16524
R9431,16475
I5042,16439
G8918,16437
J9611,16422
R569,16368
Z3A37,16107
R0789,16074
E538,16030
K766,15837
D500,15818
M8580,15817
M542,15758
I5030,15741
E861,15514
Z8719,15472
O9902,15340
R5381,15335
I4510,15220
R600,15216
Z87440,15179
F339,15177
F1120,15156
O99214,15142
Z91040,14909
I119,14846
R634,14777
B370,14645
Z96651,14631
O700,14548
J9621,14500
Z6835,14481
R627,14450
R488,14385
D6959,14372
G92,14250
R293,14168
I447,14162
Z9114,14051
E079,13938
E890,13838
K2970,13745
K7460,13728
I160,13688
Z6832,13679
N182,13655
I5023,13571
I495,13463
Z6831,13443
R748,13402
R911,13390
J209,13364
I951,13332
K529,13323
Z6830,13322
Z96652,13321
R29810,13295
J9622,13268
R030,13187
E662,13123
G893,13035
Z6833,13026
Z6834,13023
I420,12972
E8352,12946
E874,12882
E11621,12874
I69354,12860
M6282,12701
R7881,12701
N289,12592
E11649,12559
Z170,12525
C7800,12455
Z6836,12382
I428,12287
Z85038,12287
E1121,12180
K921,12074
G35,12055
N1330,12049
R4182,11946
K660,11924
N200,11909
C61,11891
I313,11862
R32,11710
Z952,11704
Z8619,11503
R471,11467
J309,11396
N3000,11357
I493,11313
E781,11280
K922,11243
Z8616,11224
K210,11142
Z9119,11111
E441,11004
Z96641,10999
R1311,10968
M329,10936
Z5181,10935
E1169,10871
Z6837,10839
R740,10832
E663,10826
K3184,10792
I872,10764
R002,10753
R200,10706
H3530,10674
M5136,10650
O770,10596
I69351,10573
Z6838,10553
Z91018,10500
M419,10495
Q211,10491
F1210,10474
C3490,10418
R338,10385
K7200,10351
E222,10331
Z792,10297
O99344,10179
G8194,10172
K5790,10164
F410,10138
E8809,10126
R319,10090
Z95810,10074
R6510,10005
K2270,9994
C7931,9946
J4520,9936
G931,9927
Z6839,9915
R21,9851
Z96653,9836
Z96642,9818
I714,9799
R630,9794
O99284,9666
G8191,9643
F17220,9597
J918,9536
Z9013,9501
E282,9469
Z85820,9442
I5043,9408
J811,9319
Z302,9291
J302,9286
I25110,9272
M48061,9252
R0600,9252
K5090,9250
O9081,9234
N138,9229
Z931,9212
I481,9197
I341,9188
B1920,9183
Z3A41,9167
R011,9144
E869,9131
I25119,9130
I5020,9128
I4819,9107
B9689,9085
T380X5A,9080
C786,9046
D709,9012
N281,9012
Z7409,8984
D539,8945
N319,8939
R791,8918
M25512,8904
K8020,8901
F0281,8840
K5909,8826
D6481,8776
R52,8759
I517,8714
Z940,8714
Z9851,8708
R1013,8704
R609,8700
Z5189,8666
M4802,8665
J8410,8638
R042,8539
Z91041,8532
N136,8525
I161,8497
I890,8478
E063,8439
Z905,8394
D630,8385
A0472,8382
R410,8367
R590,8349
F0391,8345
R570,8322
K861,8289
F32A,8279
Z801,8262
Z9889,8169
Z3A36,8153
M25511,8131
R202,8077
Z823,8053
I440,8007
J159,7993
B961,7985
C7989,7982
I21A1,7929
M25562,7875
Z8614,7874
F10239,7865
F0150,7748
Z5111,7714
N838,7710
I214,7660
J069,7633
Z8711,7587
Z91013,7583
Z125,7553
D259,7545
M5416,7538
K222,7513
M25561,7512
Z9079,7484
G3184,7472
L409,7415
Z01812,7375
D72819,7296
M170,7232
O9952,7217
Z91048,7209
I2699,7193
Z8679,7171
K644,7168
R519,7161
Z85118,7129
D701,7115
E0590,7104
V061,7095
R350,7081
I6523,7067
C7801,7044
J80,6970
I712,6956
G9349,6953
Z2821,6907
M2550,6868
I351,6862
K2950,6824
E2740,6823
K769,6819
M4806,6787
Z9484,6755
M4316,6743
J329,6737
I442,6701
Z8701,6697
I081,6695
R4781,6683
P590,6666
C50919,6665
B9562,6646
N736,6645
Z9089,6642
J45901,6635
M25552,6624
B9561,6623
K7030,6612
M7989,6582
I071,6563
M353,6500
B952,6485
C7802,6470
F209,6459
I639,6449
Z0000,6418
Z6844,6392
M25551,6389
J910,6350
E11319,6349
K5190,6329
Z808,6303
I700,6276
L309,6266
Z431,6251
R102,6247
I25810,6233
E041,6232
K3189,6218
K429,6175
Z7289,6171
Z8551,6162
Z793,6155
E118,6142
B182,6136
O99334,6106
N3281,6104
I5021,6103
R1110,6095
Z006,6086
I499,6073
F1410,6064
Z452,6064
M869,6053
I4821,6051
A047,6001
I7300,5995
Z9911,5971
G250,5968
Z85528,5928
R270,5916
N185,5911
E1152,5900
I69320,5891
E1143,5853
Z809,5833
I96,5831
G620,5823
M4800,5810
P599,5801
R7309,5771
I2582,5759
H538,5743
R5081,5722
D469,5710
J9610,5709
F331,5708
J849,5702
K635,5680
Z933,5679
R61,5663
N529,5616
I452,5614
N920,5609
K2980,5602
R310,5580
O26893,5551
Z9861,5525
D6859,5521
O09523,5462
Z96643,5438
D849,5436
K521,5428
O9962,5418
M150,5403
D473,5387
R29898,5375
J9600,5373
F1021,5364
E109,5337
O7589,5332
C9000,5289
B965,5286
K649,5272
F39,5268
D61810,5263
K7581,5259
G8220,5243
R300,5239
M3500,5178
Z85850,5158
K625,5154
R7401,5152
Z9641,5151
L97519,5143
I469,5140
R945,5125
M6250,5098
Z713,5097
K259,5057
L299,5057
Z9989,5026
C9110,5024
I8510,5023
J984,4999
K920,4997
I9581,4981
Z6829,4976
Z01818,4974
F1510,4966
M79604,4965
L89154,4960
C772,4956
G936,4952
L89152,4911
O9989,4891
C189,4886
Z780,4855
Z8542,4853
R251,4837
Z818,4837
D508,4832
Z930,4831
K2210,4827
V252,4824
L97529,4803
Z3A35,4797
C679,4783
O7182,4779
I6529,4754
J029,4754
R4189,4749
R7301,4749
R579,4731
R160,4713
F1910,4707
M5116,4693
U071,4686
J156,4684
G459,4662
E291,4655
E162,4653
K7689,4650
I9589,4630
E6609,4627
Z051,4599
Z90722,4597
Z8669,4595
Z95828,4575
R54,4550
C771,4549
K7290,4541
R809,4516
Z825,4516
D801,4513
I361,4510
D6851,4489
E038,4487
K9189,4473
F10129,4465
Z883,4459
J40,4440
P284,4436
N946,4422
M159,4420
N12,4414
Z131,4410
I5031,4403
I69391,4389
Z21,4385
Z13220,4382
J15212,4369
K5903,4369
E7849,4340
M62838,4333
Z716,4321
E213,4311
R140,4305
R633,4298
Z3202,4295
Z8572,4295
K279,4294
S0181XA,4274
B9789,4271
E1065,4266
I083,4263
D684,4259
Z171,4246
Z9011,4245
S0990XA,4242
Z87820,4235
K209,4226
D751,4206
I878,4203
F988,4191
E8881,4187
N3001,4184
M47816,4168
Z79811,4163
R0981,4161
L4050,4153
M7910,4150
Z8541,4133
R1084,4132
N800,4127
M1711,4123
K7031,4118
R161,4115
S0101XA,4102
B009,4066
M79605,4066
O34211,4040
J810,4033
H532,4023
K269,4020
Z8042,4011
N3289,3988
N10,3984
J939,3972
M791,3969
R1319,3949
G4089,3948
G301,3927
C779,3919
D693,3906
K317,3903
Z8659,3900
Z01810,3897
D869,3886
Z8041,3886
M4807,3883
E042,3868
C259,3865
M47812,3845
J9612,3837
Z6828,3818
R402142,3814
R12,3776
I080,3767
E1129,3766
R17,3765
T402X5A,3748
F1110,3735
C50911,3732
M1712,3730
N83201,3725
I1310,3721
M5412,3717
R578,3716
N393,3705
I4581,3693
R1011,3691
R351,3684
N1831,3682
K900,3678
D472,3671
J1282,3667
Z85048,3666
I441,3655
I6521,3650
G919,3631
R413,3631
G510,3630
N2889,3630
I82432,3629
H269,3616
Z781,3605
O621,3601
Z7722,3598
I69398,3588
R0689,3571
K651,3559
Z9109,3555
E1022,3543
I6522,3494
K7010,3488
Z9012,3479
E806,3473
I8500,3456
Z590,3451
O691XX0,3446
Z1612,3445
H9193,3442
Z8543,3437
R402362,3432
E0500,3427
F10231,3422
R1313,3422
K6389,3419
F429,3416
K621,3408
M4854XA,3399
Z944,3395
R1031,3394
N1832,3386
M5126,3375
Z993,3343
K5792,3338
Z902,3315
Z1211,3310
R040,3309
I69322,3305
C7889,3298
N132,3291
F3289,3289
Z3A01,3288
J151,3285
R571,3284
E7220,3283
E784,3277
F259,3265
B351,3262
M129,3253
R0609,3250
J3489,3246
Z932,3244
J479,3242
M546,3242
O480,3240
H547,3236
M19011,3234
M5030,3220
R0989,3216
Z4789,3210
C799,3202
K828,3202
K8689,3201
R5382,3198
R489,3197
B3781,3195
Z8781,3193
K831,3184
I82411,3180
F29,3179
S0003XA,3168
B029,3165
N83202,3157
E8779,3156
C8590,3148
K559,3137
C50912,3132
R591,3128
B964,3108
P612,3094
C3411,3082
R443,3074
R414,3071
T82868A,3068
R180,3067
Z3A34,3067
I82431,3047
K4090,3037
R451,3037
D7589,3023
F40240,3018
D6832,3013
C3491,3005
R252,3001
O3413,2994
R6889,2987
N250,2981
M5137,2975
I498,2973
M868X7,2971
B20,2966
Z96659,2962
D6869,2955
Z91010,2955
Z9081,2952
C3412,2938
R532,2928
Z975,2927
C801,2924
I519,2920
G8250,2918
K661,2905
D123,2903
G7000,2902
Z91030,2893
M179,2891
M5430,2890
F332,2885
J4540,2880
G809,2879
M21372,2873
I82412,2858
R778,2856
Z5331,2855
O620,2851
I25118,2850
R0683,2850
Z982,2843
I952,2833
Z91011,2831
Z87898,2803
Q250,2802
Z9481,2802
D899,2799
D6489,2791
M1611,2788
R636,2788
P929,2785
N139,2779
J15211,2769
J1289,2762
Z6827,2757
E611,2755
N939,2746
Z372,2746
Z5112,2746
R9439,2744
I259,2742
M4856XA,2739
Z3A33,2739
Z5329,2738
O3663X0,2734
K838,2731
K640,2725
F0151,2718
I491,2718
I2781,2715
R260,2714
K1230,2711
K580,2706
M479,2706
T45515A,2700
M1991,2697
N19,2696
N858,2695
Z90721,2684
J432,2674
K439,2672
I82409,2669
R1032,2669
D519,2665
G3183,2663
R3915,2662
Z9882,2661
Z8674,2660
K5732,2659
Z789,2658
M19012,2656
G8911,2653
S0083XA,2652
L03311,2647
Z7682,2645
N72,2640
F603,2636
B3749,2633
K7469,2629
R1314,2628
J4530,2627
F330,2623
I671,2622
Z96649,2622
R0781,2617
G479,2616
R6250,2609
Z113,2598
R402252,2596
R6883,2596
B957,2593
L89159,2593
Z418,2592
O721,2583
S80212A,2581
Q231,2572
Z4931,2568
L97929,2563
Q613,2557
Z114,2556
V140,2554
G609,2553
C773,2546
G500,2546
T451X5D,2541
R159,2538
R3129,2530
E1159,2529
I2584,2522
G7281,2521
J101,2520
Z1329,2520
J95821,2518
R29701,2513
R490,2513
I38,2498
K6289,2498
K2960,2480
I5181,2478
K659,2476
R29702,2471
J470,2466
Z6825,2466
D125,2464
K2100,2463
M25571,2460
B954,2459
Z820,2459
R29700,2456
R1030,2443
M1612,2438
O134,2433
Y998,2431
L97429,2430
R8290,2430
B349,2424
I422,2419
P221,2419
I9789,2409
I6789,2408
K228,2407
O622,2405
F341,2397
Z8739,2397
W19XXXD,2394
O321XX0,2388
Z8371,2387
J95811,2381
L89151,2381
Z8049,2376
S0081XA,2369
E8350,2361
L97919,2352
Z03818,2351
D65,2345
F840,2341
D84821,2338
K319,2334
I43,2332
B372,2327
E11628,2324
Z8709,2321
N809,2320
P229,2320
T502X5A,2316
J948,2310
P704,2300
D573,2299
I513,2299
Z8349,2298
N3090,2296
B373,2295
L02611,2295
M160,2294
K8590,2288
P220,2286
N888,2282
L03113,2281
I871,2278
Z89512,2278
M4726,2273
L03114,2269
B379,2267
I5040,2265
I81,2258
Z79810,2256
C782,2255
Z4801,2255
Z7689,2253
I483,2226
A084,2225
J150,2224
R195,2222
M21371,2218
L97419,2215
Z8759,2213
M009,2209
M899,2206
K862,2203
N951,2200
E049,2198
M79602,2198
Z1501,2197
K9423,2188
Z8774,2182
Z936,2179
D6861,2175
M48062,2175
Z961,2173
D122,2167
I4901,2167
K56609,2163
C649,2162
C7972,2162
F200,2156
S80211A,2154
M79672,2140
G911,2133
Z9189,2131
Z89511,2130
O3421,2124
Z862,2122
K30,2121
G935,2115
B9681,2114
R635,2113
M24561,2110
S2242XA,2109
Z3A32,2108
Z8742,2108
Z430,2107
H8110,2106
A6000,2103
L0390,2102
Z1624,2101
K810,2097
M2578,2086
K264,2081
R062,2081
L270,2077
E1040,2075
J320,2074
R9720,2070
Z6741,2058
F1220,2054
F10229,2053
L89153,2052
K592,2051
N131,2051
D72828,2047
E668,2047
T82898A,2043
F1099,2041
M19041,2034
E1043,2031
R402412,2031
J42,2030
M25461,2030
M79642,2024
I330,2019
L298,2019
I249,2016
H8109,2008
R946,2005
F1320,1997
H905,1996
T8131XA,1995
M79671,1994
Z9841,1992
Z79818,1991
R0603,1985
A4189,1973
R7982,1972
E11610,1969
K754,1968
M86171,1962
Z807,1962
C3492,1961
E271,1959
M24562,1956
Z6845,1956
C20,1955
C541,1955
B951,1952
I77810,1949
C220,1946
G912,1946
S2241XA,1946
G43109,1945
V272,1943
Z8261,1942
I82402,1940
K029,1940
Z4800,1940
I672,1936
C7971,1933
M25462,1928
K631,1926
B1910,1921
E8330,1921
T40605A,1919
Z87828,1918
Z960,1915
I82441,1914
J9691,1914
Z1231,1911
T814XXA,1909
F79,1908
N803,1905
T82855A,1903
Z6826,1903
I69392,1899
Z8589,1899
F22,1898
T50905A,1896
Z8379,1895
Q600,1888
Z953,1885
F5104,1876
J342,1876
F4323,1874
Z980,1874
Z136,1867
K2900,1854
K8681,1852
Z9010,1852
I679,1850
M6259,1850
K254,1847
D45,1846
L659,1846
M25572,1846
F338,1845
L02612,1845
Z412,1841
K863,1839
Z8639,1839
I209,1836
L89150,1836
E279,1832
I82621,1827
R8271,1823
R5082,1821
L089,1819
Z736,1819
Z7983,1819
Z602,1818
E230,1817
Z8547,1817
P2912,1813
O365930,1811
K8309,1810
Z6822,1807
I808,1803
Z3A00,1803
H539,1800
L719,1799
C19,1798
I69991,1798
K8000,1796
F3181,1795
O7581,1795
D251,1794
O99213,1787
D120,1782
T83511A,1780
Z130,1779
L7632,1776
M79601,1776
L97829,1774
C785,1773
G40409,1772
Z887,1772
F064,1767
R4020,1767
I82401,1765
F4321,1763
I82442,1761
R700,1759
B181,1757
Z6740,1757
M1A9XX0,1756
I2729,1751
E739,1743
J45990,1743
J942,1741
Z6711,1741
Y999,1740
Z96611,1739
G9009,1738
K909,1738
B3789,1735
Z7189,1730
I314,1728
Z9842,1728
Z91012,1727
M47896,1726
R7302,1726
R599,1725
I319,1724
M8448XA,1723
Z8571,1721
Z6820,1720
A09,1718
M5117,1715
N3941,1715
C7970,1714
F1123,1712
R1012,1712
K5641,1710
D124,1708
I824Z1,1708
J343,1708
J9589,1708
N8320,1706
R402363,1706
C569,1705
H9319,1703
S022XXA,1700
M25519,1698
M659,1698
N950,1692
K5901,1689
K315,1687
R944,1687
E569,1686
K912,1682
Z1611,1682
O99324,1676
D688,1675
L02416,1675
I484,1672
J0190,1672
O99013,1671
I2782,1667
E10649,1664
E11622,1659
N921,1657
L89322,1656
F1011,1655
L02211,1655
E1042,1654
M4317,1654
E10319,1653
Z6791,1651
J181,1650
M818,1645
L989,1640
I5041,1638
F1590,1633
D682,1632
F1490,1629
I701,1629
Z941,1629
F1190,1626
I998,1626
Z124,1625
I421,1620
F5101,1618
I82622,1618
R29703,1618
E790,1617
N898,1615
K641,1608
J84112,1607
N181,1605
N840,1605
K860,1603
N938,1595
Z6821,1595
Z856,1595
H9192,1594
F250,1593
M5441,1589
O30043,1588
Z6710,1588
E1149,1587
Z6854,1586
P84,1585
D72810,1577
I7092,1575
N9410,1575
S2232XA,1574
S301XXA,1574
K2971,1573
D252,1572
M19042,1571
E1136,1569
O24420,1565
I358,1564
I82403,1564
E278,1562
J301,1561
I444,1560
T39395A,1560
O34219,1558
O660,1556
R34,1553
I771,1551
D510,1550
I213,1547
O9089,1547
I2721,1546
K5720,1541
K432,1540
R29704,1536
O99343,1535
O99283,1531
I159,1530
D89813,1529
Q210,1529
E8341,1524
M25559,1524
F328,1522
L539,1521
G319,1517
Z96612,1511
K311,1509
G932,1505
M792,1505
M1710,1503
Z6824,1499
C775,1498
Z98891,1495
M79661,1494
R208,1492
R638,1486
R4789,1485
V103,1484
Z466,1484
M2560,1483
M86172,1481
H903,1473
C439,1471
K767,1470
Z86011,1469
O09513,1468
G43009,1464
Z22322,1462
R9389,1457
C7949,1456
M533,1455
M7138,1455
I824Z2,1450
J9620,1450
M1000,1450
O610,1450
Z811,1448
Z62810,1447
J45998,1444
L03032,1444
H9191,1440
M79641,1440
Z832,1440
I501,1439
Q438,1439
M4804,1438
J13,1437
C7982,1433
I158,1431
J310,1430
C770,1428
I743,1424
N320,1424
K047,1423
K759,1423
T797XXA,1421
G40209,1418
T8119XA,1416
V142,1416
P9689,1415
F4320,1413
Z111,1413
M25531,1412
E8359,1411
J9801,1411
B259,1410
J9382,1410
Z1509,1406
D702,1402
K551,1402
L89894,1398
R162,1397
N210,1396
K632,1395
B0229,1393
R1900,1393
D860,1390
Z1321,1390
J208,1387
C3432,1385
K633,1383
L89620,1382
E2749,1381
E1110,1380
J9383,1380
J9690,1380
E804,1377
C9200,1374
Q909,1373
T8619,1373
I352,1372
N926,1372
M961,1370
B353,1369
N3946,1365
R530,1363
K224,1362
T827XXA,1359
Z903,1359
Z85818,1358
Z95820,1357
I82612,1356
M62830,1353
L905,1352
V163,1350
L03031,1349
Z3A30,1348
Z8661,1348
C73,1346
R419,1343
K709,1341
O99820,1338
Z6823,1338
T8612,1337
Z90711,1335
G9520,1334
I609,1333
L02415,1333
C159,1331
F4322,1331
M47817,1330
C792,1328
C3431,1327
Z1389,1325
K913,1324
O3483,1318
M349,1317
R400,1316
Z91128,1313
K652,1310
F900,1309
D329,1308
Z859,1308
Z8632,1307
H109,1306
L0231,1306
H5462,1304
I6203,1301
R479,1300
C781,1299
R209,1299
R4702,1298
Z7401,1297
J9819,1294
M86672,1292
R601,1292
M8458XA,1291
P369,1288
L930,1286
M4626,1286
S8002XA,1284
J155,1282
R066,1281
D72825,1280
N83291,1278
G928,1277
L03119,1277
Z4889,1277
I152,1276
R072,1276
Z8501,1273
C9210,1272
I462,1272
Z95818,1270
Z13228,1269
S2243XA,1265
K8010,1262
O403XX0,1262
Z884,1262
Z560,1261
E034,1258
C250,1255
Z3A31,1253
B974,1251
M5417,1249
M6289,1248
D320,1247
C8330,1246
J95851,1246
M8588,1246
Z85841,1241
R498,1235
E83119,1234
I2722,1233
I82611,1232
N760,1231
Z806,1231
F88,1228
O24429,1228
R402143,1228
T68XXXA,1228
M5410,1227
M5450,1226
R232,1225
M25569,1221
Z5321,1221
I708,1219
T368X5A,1218
P928,1216
N280,1214
E854,1210
T50995A,1210
L97819,1209
T310,1208
Z2882,1207
I69328,1206
S300XXA,1204
I468,1203
I6340,1203
R441,1203
I200,1202
J188,1202
M86671,1202
V571,1202
S27321A,1200
I7389,1199
R402253,1198
L03211,1197
F321,1196
R710,1196
O324XX0,1194
L22,1193
J398,1192
Z942,1191
F609,1190
N3010,1190
I6990,1189
N135,1187
R4181,1183
J111,1182
I4811,1179
M130,1178
G5600,1177
Z89611,1172
N801,1171
Z09,1166
F439,1165
G610,1165
K5289,1165
Z8611,1165
C642,1164
V153,1163
K5660,1160
M4186,1160
G959,1159
M532X6,1159
P0737,1159
Z3A08,1159
I619,1157
L97909,1157
M79662,1157
E1051,1156
E8889,1156
O6989X0,1156
K581,1153
P0738,1152
D563,1150
G9529,1149
I1311,1149
I776,1149
O692XX0,1149
R768,1149
Z89421,1148
E8801,1147
N9489,1146
A6920,1141
S270XXA,1141
F4312,1137
R29818,1135
S01112A,1134
M47892,1131
M5442,1131
O99513,1129
G4709,1128
M4722,1127
F809,1124
N201,1124
D721,1123
Z8505,1121
T451X5S,1118
F1121,1115
H04123,1114
K435,1113
E7212,1112
O9912,1112
K208,1109
K626,1107
R402214,1107
R938,1106
O24424,1105
Z3A28,1102
M879,1101
I611,1099
M436,1099
Z85830,1099
I371,1098
P0736,1097
R402212,1097
P819,1096
S8001XA,1096
Q828,1095
G939,1093
I6782,1092
C641,1091
R0682,1091
M059,1089
Z3A20,1089
I724,1087
J431,1087
K82A1,1087
J869,1086
R933,1086
M459,1085
Z8507,1084
N83209,1079
K220,1078
D7581,1077
I270,1077
M25532,1077
R935,1075
Z471,1074
R1010,1071
A4159,1069
N5089,1068
K868,1067
Z87448,1067
J471,1066
C221,1063
R6251,1063
L709,1060
Z89422,1060
G960,1059
N8312,1059
S80811A,1056
L821,1055
R194,1055
R402410,1055
C169,1054
H53462,1053
I953,1053
M4628,1053
Z954,1050
E1021,1049
Z3A29,1049
S01511A,1048
B348,1047
D89811,1047
G47419,1046
M7918,1046
N83292,1043
C778,1042
M62551,1040
P002,1036
M3214,1035
I5189,1034
F802,1032
K5710,1031
I169,1030
I7090,1029
L03317,1029
R6884,1029
M62562,1027
S32049A,1027
Z8521,1027
D680,1026
G253,1026
K761,1026
R0982,1026
S32029A,1026
R29706,1025
K830,1024
M24542,1024
O6982X0,1024
G40109,1023
K56600,1022
N1339,1021
L570,1017
G834,1016
I97190,1012
K668,1012
P610,1011
B49,1010
B958,1010
M5431,1010
N816,1010
C784,1009
Z90411,1007
I8390,1006
J982,1005
R41840,1001
J020,1000
Z1621,1000
Z9849,1000
Z433,999
I70262,997
G546,996
P0734,995
M25521,994
D126,993
N739,991
I69951,986
M359,985
R799,983
L89312,982
M21162,982
N433,982
O9832,982
G6181,981
I456,981
D128,980
E639,980
F3130,980
N178,980
R3911,977
Z298,977
F902,975
I082,975
N049,975
I70213,974
J158,973
C561,971
I82413,970
M19072,970
V160,970
E1141,969
F320,969
O0933,969
M25661,968
R6881,967
G43809,966
G608,966
I426,966
I82C11,966
L03312,966
P081,966
G4489,965
Q7960,965
R3912,963
C946,962
E807,961
F0781,961
N8301,961
S32019A,961
Y9389,961
I69318,960
M5489,960
R221,958
I67848,957
K4020,957
N141,957
R059,957
Z89612,957
I82452,956
S32591A,956
T148,956
T447X5A,956
E210,955
L853,955
M19071,955
O623,955
Z841,955
E1139,954
D352,950
K869,949
C719,948
I774,947
R440,947
M47814,946
V4364,945
Z3A27,943
L84,942
G44209,941
I723,941
G300,939
Z3A12,939
R220,938
M5127,937
T796XXA,936
J4521,935
M316,935
P701,934
Z3A10,933
E273,932
F09,932
E8340,931
I745,931
N8311,931
J3089,927
K560,925
K56699,924
I82890,922
O4292,922
A4152,920
Z85028,920
Z5309,918
B955,916
M79606,916
J154,915
M722,915
O358XX0,915
C9201,911
F1520,911
F3341,910
K650,908
M4712,908
F322,906
M25522,905
M5432,905
Z9282,905
J986,904
E512,901
F99,900
W19XXXA,900
Z3A26,900
G5603,899
R439,899
H5461,898
M7541,898
I69359,897
L271,897
L509,897
P922,897
T865,897
S3210XA,893
Z8051,892
J129,891
I728,889
R402213,889
T8132XA,889
V180,889
D569,886
R58,886
S2231XA,886
G40901,884
F1420,883
J3801,883
B9729,882
M4312,882
Z8052,882
B9710,880
R29705,880
R931,880
Z4932,880
E089,878
T8383XA,878
Z6852,878
N202,877
B001,876
F13239,876
R070,876
S161XXA,876
F1310,875
H53461,875
T7840XA,875
E139,874
P2989,874
Z9111,873
P9683,871
S80812A,871
I69954,870
D1803,869
Z3A24,869
A0471,868
O368130,868
O328XX0,867
O99333,867
G621,866
G909,865
N879,865
I82492,864
M24541,863
D72823,862
O714,861
D518,860
E1310,860
N6489,859
S27322A,859
G5601,858
M351,858
M940,858
I6502,857
S60511A,855
E099,853
K2090,853
Z87410,853
N8110,851
R222,850
K8080,847
S60512A,847
Z1629,847
F10230,846
I77819,845
F509,844
I82A11,844
P700,843
Z9852,843
S50311A,841
I615,839
T80211A,839
G9389,837
S32039A,837
J9809,836
M25662,836
C187,835
J988,835
G930,834
K700,834
E539,833
I70202,833
K1379,833
D759,832
K1231,832
M064,832
I69311,829
J14,829
Z95811,828
G4731,826
K5731,826
N644,826
R7611,826
Z4689,826
Z1623,825
Z9689,825
N2589,824
P0735,823
D1809,820
N952,820
I69315,819
K750,819
N321,819
E232,818
I359,816
C539,813
M8008XA,811
K2211,810
N8302,810
O9852,810
G43709,809
S40212A,809
Z48815,809
K5669,808
Z3A23,808
S32592A,805
C9001,803
D250,803
Z538,803
C8510,802
L97511,801
M461,801
D229,800
D735,800
G4710,799
H5500,799
R631,799
I70201,798
R091,796
S12600A,796
Z1619,796
H9313,794
M25611,794
Y838,794
J4541,793
I4430,791
Q6589,791
J8489,790
J339,788
K469,788
K743,788
Z3A11,788
Z3A18,788
Z5320,788
Z0110,787
E249,786
M1610,786
J321,785
Z3A19,785
C55,781
C8190,781
I82509,780
R978,780
G709,778
N419,778
C9111,776
L732,775
C7961,774
G40802,774
J323,772
N39498,771
D6862,770
L03313,770
M75101,770
O99613,770
L120,768
E7211,767
R930,767
O339,766
F10120,765
M7981,765
C7A8,764
S2220XA,763
M4727,761
T464X5A,761
D591,760
K200,760
R358,759
B179,757
M40209,757
N322,756
Z0189,756
I97191,755
M609,755
I82451,753
G9050,751
F17213,750
K5521,750
E8349,749
I50810,748
I4589,745
Z3A21,745
A4902,744
R971,744
C7952,743
I719,743
R8299,743
I5082,742
Z3A25,741
M1380,740
A0839,739
I674,736
K8050,736
L97329,736
P0718,736
N7011,734
Z3A22,734
R6882,733
Z906,733
M5134,732
G14,731
M79652,731
S27329A,729
T508X5A,729
J4550,727
M5440,727
X58XXXA,727
M7521,726
H04129,725
P285,725
R402112,725
Z1239,725
I82B11,724
M21161,724
M4646,724
T783XXA,724
I82433,723
N802,722
H5441,718
I6930,718
L89313,718
B948,717
G6281,717
K31819,717
K7011,716
R682,716
F325,715
K0889,714
O9972,712
Z85810,712
O99892,711
S2241XD,711
C760,710
B9629,709
Z1152,709
M24552,708
A4101,707
K811,707
O665,707
Z3A09,707
S22089A,706
C7911,705
N318,705
E778,704
G8190,704
O322XX0,704
S22059A,704
Z89412,704
A4151,702
K611,702
Z86018,702
O6014X0,701
J219,700
M868X8,700
K824,699
M21061,699
S20212A,698
T794XXA,698
G9589,695
O133,695
Z1502,694
Z3A17,694
Z9483,694
N841,693
P0716,693
S0219XA,693
I2583,692
B356,691
I342,691
M21379,691
S272XXA,691
M75102,690
N6012,690
O99282,690
D692,689
K658,689
N6011,689
P0715,689
I69998,688
R1909,688
S40812A,688
S8011XA,688
N814,687
T8130XA,687
Z3A13,687
I059,686
I973,686
C50411,685
O26892,685
R932,685
O09813,684
I427,683
O09293,683
R402114,683
I151,682
Z510,682
D731,681
F4010,680
I680,680
C562,679
G460,677
T3695XA,677
T82857A,677
N261,676
O1092,676
S50812A,675
Z7721,675
E568,674
I050,673
M19049,673
O9903,673
Z85819,673
G312,672
I70261,672
N62,672
V9103,671
R008,670
H5442,669
L7622,669
Z118,669
M5020,668
Z141,667
O43123,666
L97422,664
S025XXA,664
F82,662
F323,661
J324,661
C50412,659
C9100,659
S0001XA,659
S81812A,659
Z9102,659
M898X9,658
Z01419,658
F3342,657
I69198,657
P0739,657
Z205,657
D8989,656
G8104,656
K565,656
T426X5A,656
M79651,655
Z48812,655
I2723,654
S50811A,654
Z934,653
Z8279,652
A4181,651
M25761,651
P271,650
K859,649
M25612,648
S01111A,648
I82512,647
L7634,647
M4310,647
M519,646
M8589,646
T8141XA,646
T8484XA,646
V145,646
M4696,645
Q513,645
R238,645
I82422,644
L304,644
O24425,644
S50312A,644
I7789,643
E612,642
F17211,642
N329,642
R7402,642
K821,641
L97509,641
L988,641
M0579,641
S40211A,641
Q612,640
D490,639
E7439,639
V560,639
Z3483,639
G47411,638
K5100,638
E848,637
I4519,636
M7542,636
F458,634
G8222,634
H5340,634
I629,633
I748,633
S2242XD,632
D531,631
J322,631
K2981,630
R972,630
S30811A,630
G589,629
G910,629
N852,629
Z978,629
C099,628
I253,628
S8012XA,628
P520,627
D589,626
E7801,626
G259,626
B441,625
F23,625
O2623,624
D571,623
S51011A,623
T383X6A,623
T8640,623
C182,622
S40811A,622
S7011XA,622
T8189XA,622
L89899,621
R39198,621
H53149,620
I8511,620
R680,620
R1033,619
R402113,619
A630,618
D7582,618
E1069,618
K562,618
M79622,618
E83111,617
N411,617
O09522,616
F10188,615
G40919,615
I82491,615
C029,614
I82811,614
K5650,614
L97423,614
S81811A,614
E10621,613
K5000,613
R82998,613
S61411A,611
C880,610
G971,610
L89621,610
T424X5A,610
I69319,609
L97319,609
C7932,608
E0842,607
E349,607
F42,607
R7871,607
Z3A16,607
J1008,606
P545,606
P718,606
I9788,605
I82812,604
T8182XA,604
G3109,603
I5084,603
K117,603
P9209,603
C4490,602
T82858A,602
S51812A,601
V161,601
F445,600
R312,600
Z148,600
Y939,599
P831,597
I425,596
K2920,596
Z87892,596
H540,595
O99512,595
T148XXA,595
U099,595
E789,594
Q245,594
R7889,594
Z8262,594
L02212,592
K5010,591
L97521,591
P0733,590
R499,590
Z0184,590
G4701,589
K7040,589
L0889,589
Z436,589
Z889,589
O4202,588
I6389,587
K229,587
G249,586
I824Z3,586
S51012A,586
M7551,585
J180,584
J383,584
R402413,584
T383X5A,584
M2242,583
T80818A,583
S40011A,582
H6123,581
J168,581
J438,581
N323,581
O24419,581
I779,580
M7552,580
I82532,579
O640XX0,578
F913,577
S51811A,577
R824,576
I6931,574
I97630,573
M341,573
Q796,573
R0601,573
R233,573
T82897A,573
C8290,572
L89610,572
M2450,572
N9989,572
R064,572
D839,571
I82B12,571
O779,571
P0821,571
P740,571
T8241XA,571
O631,569
R402314,569
B377,568
E113299,568
M65811,568
G5602,567
N134,567
Z139,567
Z9229,567
O321XX2,566
Z13820,566
Z8579,566
I864,565
J4551,565
W010XXA,565
R4587,564
R928,564
S30810A,564
W010XXD,564
H5347,563
L918,563
F430,562
G8921,562
R3914,562
D72820,561
I6200,561
I69891,561
L97512,561
N854,561
T8149XA,561
I97638,560
L259,560
D803,559
F333,559
I459,558
J930,558
G720,557
I97618,557
O3403,557
Q381,557
D271,556
O43193,556
N23,555
G600,554
M2241,554
M960,554
R402344,554
G8254,553
K819,553
L739,553
M40202,553
Z638,553
G308,552
O7189,552
O99212,552
G039,551
J850,551
K226,551
S01512A,551
J338,550
Z283,550
Z3A14,550
G8101,549
L89321,549
V232,549
Z91120,549
F1990,548
M25762,548
M799,548
R061,548
Z9289,548
G252,547
G8324,547
I2693,547
S0121XA,547
L819,546
N959,546
K602,544
D61811,543
L910,543
G43919,542
J851,541
L03221,541
Z872,541
A4901,540
D471,540
F819,540
L308,540
M272,540
S39012A,540
S7002XA,540
Z947,540
K430,538
M87852,538
Q620,538
E786,537
G5793,537
C8310,533
N492,533
Q631,532
C329,531
L89892,531
O99354,531
E1010,530
M40204,529
Q059,529
L80,528
S22069A,528
L98499,527
T43595A,527
Z371,527
I76,526
N359,526
P809,526
H6690,525
P0717,525
R0681,525
T8611,525
C160,524
G6289,524
K5904,524
O09213,524
T8111XA,524
G63,523
I8393,523
O411230,523
R402312,523
Z4001,523
Z639,523
D225,522
E83110,522
L598,522
O321XX1,522
Z8342,522
J384,521
L03314,521
M79609,521
O99342,521
I70222,520
K91840,520
R482,518
P711,517
I742,516
K5520,516
O1494,516
Z89411,515
C4491,513
G839,513
J0100,513
M25641,513
C9101,512
C9202,512
D703,512
G8384,512
L02414,511
M5011,511
Z3A15,511
I6350,510
L97219,510
D75839,509
M19019,509
F4001,508
J3800,508
M26609,508
R760,508
H0520,507
E60,506
H9201,506
I69920,506
K31811,506
V771,506
Z7182,505
J328,504
H4010X0,503
M75121,503
N312,503
D8481,502
F901,502
R404,502
Z8612,502
D848,501
G43A0,501
I6381,501
M25651,501
Z48817,501
F5089,500
I97821,500
R253,500
I69928,499
Z9622,499
E161,498
I82511,498
R402242,498
Z2889,498
Z630,498
K7210,497
O99511,497
S0512XA,497
Z22330,497
F801,496
T83518A,496
M94262,495
O1414,495
H209,494
I898,494
O99281,494
P2810,494
R937,494
V141,494
J9692,493
R198,493
R8281,493
S42002A,493
H02402,492
I82503,492
K381,492
L02413,492
Z3800,492
K6812,491
L97811,491
F3160,489
G061,489
Z9225,489
L03011,488
L97821,488
P030,488
S20211A,488
E0580,486
Z85831,486
E032,485
F70,485
G0490,485
J09X2,485
J351,484
K316,484
L02214,484
L600,484
T82838A,484
Z432,484
K624,483
B0089,482
H524,482
N941,482
I8290,481
M8660,481
S72001D,481
T501X5A,481
T8144XA,481
Z6851,481
M1120,480
M9901,480
I240,479
I2690,479
L219,479
O99345,479
A310,477
F3189,477
G588,477
G710,477
D529,476
E883,476
R10816,476
Z836,476
R40241,475
D599,474
I25710,474
K420,474
Z08,474
E519,473
Z9115,473
D513,472
M169,471
M7122,471
P551,471
F1027,470
K8301,469
O219,468
Q221,468
N3091,467
N6021,467
R790,467
H5440,466
P0714,466
S36892A,466
C7B8,465
F1920,465
F952,465
I69122,465
L97522,464
N839,464
L97229,463
D181,462
F502,462
M5124,462
T361X5A,462
Z472,462
M79644,461
C7962,460
V762,460
D270,459
O99012,459
P614,459
I638,458
N471,458
T465X6A,458
H6691,457
M50122,457
O99612,457
Z1589,457
D619,456
I82443,455
L814,455
K121,454
Z62820,454
B950,452
I70203,452
L89329,452
L97812,452
I82502,450
M7522,450
S020XXA,450
F1911,449
F845,449
S0240CA,449
Z01811,449
I950,448
S20219A,448
B002,447
Q446,447
S32059A,447
G901,446
I82220,446
Z6720,446
B999,445
I69191,445
J386,445
M9902,445
G1221,444
I6501,444
I69393,444
B159,442
J61,442
M311,442
M7502,442
R970,442
F1421,441
K8012,441
N979,441
B354,440
G902,440
H02401,440
M24551,440
S7001XA,440
T39015A,439
Z8672,439
F324,438
I309,438
I4949,438
O368330,438
Q826,438
T39315A,437
B9781,435
F17201,435
I70219,435
M4624,435
I8291,434
N410,434
O630,434
T8143XA,434
V573,434
E0965,433
M2042,433
S42201A,433
D691,432
F72,432
I70245,432
K55069,432
O730,432
R309,432
S0012XA,432
M5481,431
G9782,430
L209,430
N610,430
Q249,429
K3580,428
T360X5A,428
H2513,427
G540,426
C9590,425
D496,424
M19079,424
C01,423
H9202,423
I69251,423
M25541,423
M65812,423
O24410,423
P742,423
I69390,422
K598,422
L538,422
M47897,422
M79621,422
O9842,422
I82531,421
Z20818,421
K56690,420
M7731,420
Z4901,420
B371,419
I70211,419
L97921,419
P000,419
T82867A,419
A4102,417
F10288,416
I50812,416
I69334,416
O99215,416
I69851,415
I82462,415
M2170,415
R402222,415
R718,415
V745,415
Z202,415
B258,414
E02,414
J9501,414
Z4802,414
E069,413
E0821,413
K388,413
K627,413
L400,413
L680,413
M24571,413
O99891,413
K257,412
L97524,412
M1A9XX1,412
P942,412
Q8740,412
Z599,412
B59,411
H4089,411
K639,411
M779,411
O99285,411
Z86000,411
D7389,410
G2401,410
L89323,410
L97513,410
N812,410
R438,410
V454,410
Z609,410
Z765,410
J410,409
O99211,409
R491,409
S0093XA,409
I088,408
M62511,408
Q7649,408
R808,407
S0031XA,407
S70211A,407
D3501,406
E839,406
M3130,406
M8088XA,406
R2991,406
R922,406
T8579XA,406
C4359,405
D3A8,405
F1411,405
M1288,405
N808,405
R6252,405
I150,404
S22019A,404
Z62811,404
C7A1,403
M720,403
D1801,402
G9619,402
M4716,402
T461X5A,402
Z743,402
C7981,401
I2119,401
L03012,401
M10079,401
J60,400
M62552,400
O26891,400
P835,400
B488,399
F068,399
I348,399
J121,399
S72142D,399
I618,398
K829,398
M62521,398
Z87311,398
Z9183,398
C8333,397
E209,397
L89611,397
M4120,397
M79673,397
C180,396
K120,396
R142,396
Z3801,396
D593,395
Z6721,395
I97711,394
N028,394
R1111,394
D802,393
I69321,393
J952,393
R231,393
E1029,392
G904,392
I809,392
V700,392
W19XXXS,392
D3502,391
F1111,391
I69112,391
M47819,391
M5382,391
Q825,391
R10813,391
R3989,391
B369,390
D3500,390
I6783,390
L97411,390
N8500,390
O7020,390
S22039A,390
C342,389
L89622,389
R10811,389
A411,388
G40509,388
I69898,388
M25632,388
S7292XD,388
N451,387
Q8500,387
R402342,387
S0511XA,387
S299XXA,387
T465X5A,387
Z751,387
Z83438,387
G119,386
J00,386
D8689,385
H543,385
J210,385
M9689,385
R29708,385
B998,384
H6692,384
M25751,384
O9882,384
G5621,383
I69822,383
Z8544,383
M2540,382
M25542,382
M6249,382
P961,382
C9160,381
D127,381
I052,381
I83009,381
M21062,381
Z760,381
F10221,380
S40021A,380
F0630,379
K623,379
M7061,379
I70209,378
M50322,378
O164,378
P0732,378
R29707,378
C251,377
O99332,377
S0231XA,377
C8338,376
L500,376
R402360,376
Z596,376
G458,375
I69854,375
I97611,375
M9909,375
R29710,375
Z289,375
I25111,374
P0724,374
Z0001,374
L89612,373
M532X2,373
O99331,373
T370X5A,373
T886XXA,373
C210,372
M2041,372
M9903,372
O753,372
H5509,371
I63412,371
N429,371
J1281,370
J206,370
L03315,370
M85852,370
D47Z1,369
E859,369
O693XX0,369
Q897,369
T462X5A,369
E892,368
N059,368
O3443,368
O9953,368
I453,367
J205,367
K8070,367
P7883,367
T43225A,367
Z30430,367
E8581,366
S2221XA,366
E0789,365
I69959,365
J341,365
L900,365
M65861,365
N4889,365
S22070S,365
S72001A,365
Z331,365
Z87310,365
G992,364
I219,364
I82501,364
N831,364
O99323,364
R0489,364
Z4781,364
D492,363
H902,363
I455,363
I82619,363
L97211,363
M8000XA,363
R399,363
C23,362
D485,362
E65,362
J95812,362
K1120,362
L89309,362
M4326,362
M4850XA,362
O09521,362
S52502A,362
B966,361
I69922,361
I781,361
J700,361
K460,361
L97412,361
R143,361
C9310,360
G464,360
K7201,360
M793,360
Q248,360
W1830XA,360
D89810,359
E340,359
I7409,359
R292,359
D494,358
N719,358
S32028A,358
C7900,357
N119,357
R234,357
R402141,357
R9082,357
T486X5A,357
Z9009,357
E1052,356
F10280,356
G8321,356
M25652,356
S52501A,356
T428X5A,356
F6089,355
I63411,355
J1000,355
P0731,355
S12500D,355
S22029A,355
V860,355
F482,354
P025,354
P120,354
Q998,354
R402343,354
R87610,354
S41112A,354
Z4822,354
A048,353
F10220,353
L89314,353
V580,353
F10139,352
M9701XA,352
Q2733,352
C499,351
E1100,351
J701,351
S0011XA,351
L89890,350
M310,350
M6008,350
N8189,350
T424X2A,350
F5105,349
K2930,349
M19032,349
M2141,349
V770,349
Z0542,349
F602,348
H4921,348
I6601,348
N823,348
O0943,348
P779,348
Z1331,348
Z539,348
Z967,348
B199,347
F919,347
G808,347
M8668,347
T81718A,347
Z1151,347
G8221,346
M5010,346
M7062,346
M868X6,346
R454,346
C228,345
G94,345
I50813,345
L720,345
N882,345
W1830XD,345
D6852,344
P375,344
Z72820,344
Z87738,344
E2839,343
H2510,343
L97514,343
M4805,343
O4103X0,343
V173,343
L97523,342
M62522,342
O99814,342
Q02,342
S134XXA,342
A6009,341
H3531,341
H9209,341
I2694,341
K8031,341
E891,340
F4542,340
G800,340
R94120,340
D219,339
G903,339
J45902,339
K440,339
L89320,339
M5021,339
M65862,339
R402313,339
G8314,338
J392,338
M2142,338
P1281,338
R29711,338
S72142A,338
S82831A,338
F0631,337
L89310,337
M94261,337
N6019,337
N83311,337
N83312,337
T8744,337
J390,336
K37,336
L0291,336
M6208,336
N994,336
R87810,336
Z299,336
C774,335
E031,335
G4736,335
K289,335
K582,335
M7581,335
N259,335
S40012A,335
T8351XA,335
A481,334
S42032A,334
S7292XS,334
C7902,333
M5031,333
P251,333
G64,332
M25471,332
M4306,332
B449,331
I208,331
K5080,331
N99820,331
P611,331
Z1283,331
I82629,330
I97820,330
M62561,330
O471,330
Q251,330
R141,330
L97528,329
M0800,329
N1370,329
O648XX0,329
S0990XD,329
S70212A,329
H9203,328
M50222,328
N39490,328
O99210,328
R092,328
G243,327
M7121,327
M778,327
N805,327
O2662,327
O34593,327
P8388,327
R10814,327
S82832A,327
Z9862,327
M8618,326
O2653,326
O99844,326
Q315,326
C7B02,325
I69120,325
J352,325
M14672,325
N029,325
P2911,325
V615,325
C50811,324
K1370,324
K250,324
Y990,324
G914,323
I2609,323
J951,323
K520,323
O731,323
Z2913,323
E0520,322
L89302,322
L97911,322
M4627,322
M7501,322
Q8901,322
R3981,322
R41844,322
I6781,321
L89311,321
M50123,321
M9702XA,321
S40022A,321
S72002D,321
Z451,321
C7919,320
S7012XA,320
L700,319
O99341,319
Z3201,319
C9211,318
D708,318
F449,318
M5135,318
O10913,318
S0101XD,318
Z77090,318
C9002,317
I82461,317
K274,317
L97421,317
O43893,317
Z719,317
Z89429,317
E889,316
F17209,316
H43813,316
M4803,316
O8612,316
F3132,315
G7289,315
M2011,315
D71,314
I868,314
J9584,314
L02213,314
L88,314
L97221,314
M11261,314
Q780,314
A6004,313
K561,313
M158,313
R921,313
T8781,313
E0781,312
G8928,312
Z959,312
G5622,311
K148,311
M898X8,311
O80,311
V169,311
B91,310
E236,310
H81399,310
K9589,310
Q893,310
Z85858,310
Z9660,310
A414,309
D0512,309
E724,309
G5791,309
H548,309
I70212,309
I70221,309
K2901,309
O2412,309
P09,309
Z6730,309
D132,308
F1024,308
F1129,308
M0609,308
N943,308
Q320,308
R6511,308
S02402A,308
S42022A,308
S5001XA,308
S81802A,308
T8649,308
T8743,308
C9500,307
D892,307
I825Z2,307
L89156,307
R450,307
S2222XA,307
S60211A,307
Z058,307
C3401,306
F639,306
G4734,306
G729,306
G801,306
I311,306
M25711,306
D1771,305
D8489,305
K8062,305
S0232XA,305
Z9151,305
G4739,304
I241,304
K8051,304
M11262,304
N130,304
O99113,304
S42302D,304
C800,303
I780,303
I82493,303
L928,303
M25472,303
N6320,303
K130,302
L89319,302
L89893,302
Q256,302
R031,302
R203,302
S0191XA,302
S12500A,302
G060,301
I6603,301
I7101,301
M1389,301
M25642,301
M3390,301
O99611,301
K9130,300
N63,300
R392,300
S02401A,300
S3730XA,300
Z206,300
Z658,300
L02512,299
M5106,299
M96840,299
O6014X2,299
O99011,299
O99353,299
S52602A,299
S81801A,299
Z45018,299
M24572,298
N368,298
M25669,297
M318,297
M4184,297
O619,297
F5000,296
I479,296
I69918,296
K9422,296
Z4682,296
Z91138,296
A480,295
E108,295
G7241,295
K2961,295
L02818,295
M47815,295
M623,295
R071,295
S271XXA,295
V221,295
A499,294
E8419,294
J218,294
M5090,294
N912,294
S0240DA,294
S42292A,294
Z3200,294
B3741,293
I69820,293
N453,293
S2231XD,293
Z6853,293
B86,292
E215,292
F649,292
R402432,292
Z85840,292
K5651,291
K642,291
L0211,291
M85851,291
M96841,291
N6002,291
S20312A,291
S2249XA,291
S70312A,291
V4981,291
Z90410,291
E896,290
F1390,290
F1523,290
M94211,290
O9963,290
R9401,290
Z3A42,290
K122,289
K9049,289
M50221,289
S5002XA,289
Z0389,289
D66,288
H43811,288
I82C12,288
N99840,288
O42913,288
S3739XA,288
S61512A,288
Z87730,288
H1131,287
I82210,287
M87851,287
M950,287
R948,287
G908,286
L603,286
L83,286
P90,286
P925,286
Q760,286
D333,285
H6983,285
I823,285
J385,285
K8001,285
O1002,285
S61412A,285
T8089XA,285
Z4502,285
Z89022,285
C50112,284
H01009,284
K4030,284
O328XX2,284
T85628A,284
C50812,283
C7960,283
O9943,283
S60222A,283
Z3009,283
C7839,282
H469,282
H9312,282
L97822,282
S01311A,282
S42101A,282
S52612A,282
T8112XA,282
Z6731,282
J0410,281
D1800,280
E0865,280
L03818,280
L89623,280
M300,280
M889,280
Z22321,280
G603,279
I349,279
N61,279
N6310,279
R620,279
S22079A,279
T463X5A,279
F251,278
G08,278
I6201,278
M25062,278
M532X7,278
R432,278
S098XXA,278
K911,277
L0201,277
L0591,277
V9100,277
I63512,276
J9851,276
M19021,276
M4322,276
S028XXA,276
T801XXA,276
V143,276
C6290,275
C8580,275
D821,275
G44009,275
K5780,275
K610,275
L89629,275
Q423,275
T378X5A,275
C7901,274
D3610,274
D497,274
E849,274
F17218,274
M50323,274
M5386,274
O0993,274
O1404,274
O2603,274
O720,274
Q999,274
S42031A,274
C52,273
K436,273
N945,273
R430,273
Y9301,273
Z559,273
Z742,273
E269,272
J9312,272
K5791,272
M3320,272
A045,271
G4440,271
H918X3,271
I770,271
M7662,271
Q240,271
T4145XA,271
G918,270
L02511,270
M7732,270
M9711XA,270
R010,270
S12400A,270
S82141A,270
A46,269
H3500,269
I82423,269
R230,269
R402124,269
T82856A,269
V462,269
D179,268
I82421,268
K558,268
M24511,268
R402361,268
S32020D,268
C170,267
C249,267
C711,267
F515,267
N611,267
O690XX0,267
S36113A,267
S52502D,267
Z3403,267
C92Z0,266
F4325,266
K2990,266
L738,266
R442,266
S42291A,266
A0811,265
C140,265
I880,265
J989,265
M4690,265
M5414,265
N6022,265
N6091,265
P741,265
R2242,265
S83241A,265
V235,265
Z209,265
E0840,264
H6693,264
M25579,264
M7582,264
P011,264
Q5310,264
R29709,264
T82818A,264
I82453,263
L03213,263
M10071,263
N508,263
S12110A,263
S22049A,263
S81012A,263
C419,262
L932,262
P0382,262
Q0700,262
S92332A,262
T450X5A,262
T466X5A,262
T8249XA,262
F12929,261
M79675,261
T8789,261
C155,260
H9311,260
M0230,260
R3121,260
S43431A,260
T363X5A,260
Z1639,260
I63442,259
O902,259
T413X5A,259
T814XXD,259
G454,258
H6091,258
N3944,258
C252,257
G478,257
I70235,257
I720,257
L02215,257
M24521,257
Z7389,257
Z89431,257
E221,256
G4761,256
I69091,256
I69154,256
I8501,256
M216X1,256
M8949,256
Q673,256
S46911A,256
V230,256
Z96698,256
B1710,255
C9591,255
M9900,255
O09893,255
Q068,255
A4150,254
F314,254
I236,254
J4531,254
L97424,254
M79645,254
O24414,254
Q232,254
S12200A,254
S5011XA,254
T66XXXA,254
V9102,254
B963,253
D351,253
I69310,253
M75111,253
N8329,253
O9942,253
S42021A,253
S91301A,253
E507,252
H5789,252
K591,252
Q039,252
R448,252
S82402A,252
T8140XA,252
D171,251
G450,251
L408,251
L511,251
M4003,251
S32502D,251
V714,251
Z89619,251
C184,250
G373,250
I97790,250
M8788,250
N493,250
O210,250
R9721,250
E211,249
I83019,249
J040,249
F1610,248
H542,248
I82A12,248
O1415,248
Q230,248
S0240EA,248
F10929,247
G311,247
L89324,247
M2660,247
M6588,247
M8568,247
T82594A,247
Z8522,247
F444,246
G929,246
L03319,246
M0600,246
M25452,246
M3219,246
R130,246
R749,246
R8279,246
B399,245
G40309,245
G7100,245
I82513,245
K225,245
K91870,245
M62441,245
N9089,245
O752,245
P280,245
R1115,245
S32401A,245
S9032XA,245
Z2809,245
E10610,244
K630,244
M5032,244
N3020,244
Q282,244
Q6102,244
R258,244
S32038A,244
G8114,243
L97312,243
S3219XA,243
S92341A,243
Z6379,243
Z8509,243
G231,242
I63532,242
K55029,242
K8021,242
M25712,242
M488X2,242
P0703,242
S32048A,242
S3210XD,242
S60221A,242
E0800,241
K740,241
N3641,241
V812,241
Z86001,241
M00061,240
N369,240
N412,240
O679,240
O7582,240
Q9389,240
S7221XA,240
C229,239
C8339,239
E0822,239
E212,239
F6381,239
G219,239
G8311,239
I651,239
K8520,239
N6031,239
R065,239
R69,239
S3282XA,239
T45525A,239
D1779,238
G950,238
K5750,238
O9973,238
Q514,238
S42202A,238
S72002A,238
C4442,237
I312,237
I514,237
M00861,237
M4185,237
M4855XA,237
N3080,237
O624,237
O99112,237
S225XXA,237
T8131XD,237
I69352,236
I97791,236
R2241,236
R502,236
T426X2A,236
Z531,236
H578,235
H9042,235
M5012,235
O709,235
R6259,235
S12000A,235
V420,235
V707,235
Z98818,235
B953,234
E1365,234
F640,234
H4020X0,234
I70223,234
I7100,234
L97409,234
Z483,234
F600,233
G40009,233
J929,233
M25752,233
O368930,233
S42201D,233
S81011A,233
T45516A,233
T458X5A,233
Z2089,233
Z8751,233
D242,232
G8192,232
K458,232
K52832,232
L97321,232
M79631,232
S335XXA,232
D175,231
G218,231
J679,231
L97516,231
M9906,231
S31109A,231
S43492A,231
Z9489,231
B359,230
D561,230
G40A09,230
I310,230
I69022,230
J387,230
N4289,230
N8111,230
O611,230
O723,230
P3639,230
D136,229
G44229,229
K6819,229
O30033,229
Q2543,229
R229,229
R259,229
S61511A,229
T375X5A,229
F5081,228
G9751,228
H5010,228
J09X1,228
K2940,228
L89224,228
L97209,228
M65841,228
O98313,228
R403,228
S43432A,228
T8489XA,228
Z0183,228
Z36,228
A319,227
D72821,227
I69291,227
L89214,227
L8990,227
M25671,227
M7661,227
P0089,227
Q8501,227
T85898A,227
C50212,226
F10232,226
M4854XD,226
N111,226
S0240FA,226
C4492,225
D5700,225
D594,225
F1721,225
H02009,225
I69051,225
L708,225
M352,225
N830,225
Z30432,225
F607,224
H518,224
N29,224
N764,224
R880,224
S3729XA,224
G379,223
G8111,223
I97110,223
K7589,223
O6981X1,223
S0501XA,223
S81801D,223
G622,222
I2129,222
I82891,222
J860,222
K550,222
K645,222
L439,222
M19031,222
Q676,222
R2990,222
R402123,222
E11620,221
F1521,221
M25851,221
M5000,221
M79632,221
R9089,221
Z8553,221
C519,220
E272,220
P228,220
R10819,220
R4586,220
B028,219
G835,219
K08409,219
M13862,219
O322XX2,219
D241,218
D7210,218
E756,218
H5702,218
I454,218
Q043,218
Q212,218
R87612,218
S9031XA,218
L02419,217
L89613,217
N8501,217
O98513,217
S01312A,217
S02119A,217
S52571A,217
T84020A,217
C7B09,216
D5910,216
H1132,216
K5120,216
L97223,216
M96830,216
N990,216
O10013,216
Q453,216
S32810A,216
Z9682,216
C712,215
G111,215
G44309,215
I972,215
J3802,215
J680,215
J82,215
S32501D,215
C4372,214
F309,214
M79669,214
S83281A,214
C50511,213
I25811,213
I70243,213
N630,213
O114,213
O3412,213
P598,213
Q8789,213
R93422,213
T82848A,213
T85638A,213
I97130,212
K088,212
M05849,212
M50121,212
Q549,212
R10812,212
S2249XD,212
T85528A,212
T85590A,212
I25709,211
I83893,211
K55049,211
M859,211
N6081,211
O722,211
O99413,211
Z1212,211
G7111,210
M1A09X0,210
M4140,210
N35919,210
S32009A,210
S82842A,210
H5712,209
K812,209
K9419,209
M317,209
Q870,209
R4589,209
R561,209
Z733,209
Z8269,209
B3324,208
F1921,208
F5102,208
I772,208
K9413,208
O1204,208
S27331A,208
S32018A,208
T41205A,208
T675XXA,208
V551,208
A599,207
H913,207
M25672,207
M4156,207
M532X1,207
S42212A,207
T18128A,207
T884XXA,207
Y908,207
D681,206
E010,206
G9608,206
J0390,206
J330,206
O351XX0,206
O365920,206
S22080D,206
S2232XD,206
C009,205
C07,205
E8331,205
F13230,205
G255,205
H5704,205
K8033,205
M62431,205
M6258,205
O2343,205
O6641,205
P293,205
Q213,205
R6812,205
S90511A,205
D8940,204
E113599,204
G7001,204
H3321,204
H401130,204
L89619,204
M8448XD,204
N9412,204
O26872,204
R770,204
V440,204
Z96619,204
H468,203
I279,203
O42013,203
R330,203
S22080A,203
T426X6A,203
Z608,203
Z974,203
A159,202
C8591,202
F15129,202
I0981,202
I69312,202
L578,202
M79A21,202
S32019D,202
S41111A,202
V433,202
F2089,201
I6503,201
J3081,201
K149,201
L97418,201
O26899,201
O360930,201
Q753,201
R152,201
R801,201
A408,200
C4362,200
E840,200
G10,200
G4453,200
H5711,200
I051,200
K929,200
M4036,200
N052,200
Z87438,200
A498,199
G0481,199
M9905,199
N022,199
N50819,199
N641,199
S143XXA,199
B341,198
C434,198
D582,198
D761,198
E882,198
I2109,198
I7410,198
M0689,198
M9908,198
O135,198
R2231,198
R402411,198
S32010A,198
S90812A,198
Z135,198
Z224,198
B2700,197
I82552,197
J1100,197
K2951,197
K8510,197
M0510,197
O864,197
P021,197
P0723,197
R3916,197
R402140,197
R402243,197
R771,197
R825,197
Y93E1,197
F519,196
H4710,196
I2692,196
I69298,196
I999,196
K50911,196
M954,196
S36039A,196
T8189XD,196
F71,195
I87309,195
J45991,195
K9041,195
M50321,195
O678,195
S1093XA,195
Z972,195
F1221,194
G43A1,194
I058,194
I83018,194
J22,194
M259,194
S0993XA,194
S52611A,194
C678,193
E030,193
F315,193
L89301,193
M3489,193
M629,193
M79643,193
O09292,193
O0990,193
O1093,193
Q6689,193
Q872,193
R402144,193
S31819A,193
S5012XA,193
S60811A,193
T82524A,193
T84021A,193
V441,193
C3402,192
H6121,192
K588,192
L7621,192
L97518,192
M40292,192
M79A3,192
M86371,192
M86651,192
R29713,192
G008,191
G248,191
G9600,191
I675,191
K263,191
M9904,191
N971,191
Q614,191
S2239XD,191
S60812A,191
Z9482,191
E11311,190
G062,190
K255,190
L723,190
N6032,190
O2341,190
R402251,190
T84031A,190
Z4803,190
C179,189
E288,189
E8840,189
I63511,189
I889,189
K265,189
L859,189
L97322,189
M13861,189
O09512,189
O43213,189
P2889,189
R2243,189
S32512A,189
Z89432,189
C5701,188
C91Z0,188
F062,188
H268,188
H906,188
I25719,188
I50811,188
K389,188
L97414,188
M10072,188
P059,188
R9341,188
S0083XD,188
S82841A,188
Z4659,188
Z83511,188
C480,187
F4329,187
S32010D,187
T4275XA,187
T8859XA,187
Z87728,187
F1026,186
H401190,186
I97710,186
J9503,186
K2921,186
K3182,186
K9089,186
M25474,186
N528,186
S3991XA,186
S60212A,186
T22211D,186
Y831,186
D699,185
E8389,185
I69254,185
K1233,185
M438X4,185
O26843,185
T2020XA,185
T404X5A,185
Z5900,185
B2790,184
F19921,184
I749,184
M357,184
M4313,184
M50223,184
N3041,184
Q431,184
S43102A,184
S7291XD,184
Z48298,184
Z813,184
H6980,183
I70263,183
K223,183
M25311,183
M7072,183
M795,183
R29714,183
S32010S,183
S42302S,183
I70208,182
I824Y2,182
I82721,182
M216X2,182
M238X1,182
M80051A,182
O99893,182
P838,182
R402224,182
S32591D,182
S82452A,182
Z421,182
C8200,181
C8300,181
D72818,181
G90511,181
H6122,181
I69019,181
I69990,181
J1108,181
J1529,181
K5939,181
L89626,181
M3131,181
O99351,181
P0449,181
S32301A,181
S72102D,181
A539,180
C44329,180
F061,180
G453,180
G8912,180
H4922,180
I2541,180
K140,180
L97526,180
M2580,180
N481,180
O30042,180
Q512,180
R632,180
R81,180
S82842D,180
T85611A,180
A5901,179
C44309,179
F1096,179
H4901,179
I614,179
K9409,179
L97428,179
M12811,179
M2500,179
M87051,179
O163,179
O288,179
S199XXA,179
S7222XA,179
V463,179
A7749,178
G40911,178
G463,178
H5213,178
I69111,178
L89219,178
M25619,178
M4180,178
M6752,178
P015,178
H44001,177
K450,177
K745,177
O4593,177
Q782,177
S81802D,177
S8261XA,177
A483,176
C257,176
F6810,176
H1010,176
I82613,176
I82C21,176
K2080,176
K612,176
L97212,176
L97922,176
P033,176
S92355D,176
T82510A,176
V780,176
Z48811,176
C763,175
D580,175
E1340,175
K5150,175
Q430,175
Q969,175
S46011A,175
V271,175
Z2239,175
Z434,175
B019,174
C3481,174
D239,174
F10251,174
F17203,174
F3170,174
G990,174
I82B22,174
K011,174
M1009,174
M2012,174
N503,174
Q615,174
Q899,174
R201,174
S02609A,174
S93431A,174
T460X5A,174
F310,173
I63441,173
I725,173
I83228,173
K6811,173
M3501,173
P0702,173
R402250,173
S3289XD,173
S62102A,173
T501X6A,173
Z83518,173
D090,172
M21611,172
M25852,172
P521,172
R402211,172
S00532A,172
S91301D,172
T22392A,172
B0239,171
F1994,171
N16,171
P279,171
Q359,171
Q619,171
R29716,171
R29721,171
S22070A,171
S36029A,171
S46211A,171
T407X5A,171
T50905D,171
E088,170
E138,170
F908,170
I669,170
I82533,170
K146,170
P031,170
S3669XA,170
T43215A,170
Z192,170
A040,169
H47619,169
H510,169
I82211,169
I824Y1,169
I891,169
K056,169
L987,169
M816,169
N6042,169
O894,169
Q046,169
Q2730,169
T8142XA,169
D131,168
G5792,168
K068,168
M654,168
Q233,168
S32119A,168
S72141D,168
C181,167
C186,167
G9511,167
H5710,167
H9110,167
I099,167
I70234,167
K739,167
M154,167
M2669,167
M4856XD,167
M948X1,167
O659,167
O99019,167
Q858,167
T386X5A,167
B382,166
E113293,166
H8309,166
K51911,166
K523,166
K8030,166
L0501,166
M8610,166
O1495,166
O99355,166
R894,166
S42102A,166
T839XXA,166
V453,166
D176,165
D5911,165
G451,165
H35113,165
H509,165
I201,165
I69151,165
K654,165
M539,165
N6092,165
O09212,165
Q992,165
R402122,165
S43005A,165
S76112A,165
T83091A,165
T8610,165
C966,164
F800,164
J852,164
O662,164
O6981X2,164
O717,164
S32129A,164
T510X2A,164
Y848,164
Z598,164
C183,163
C530,163
G40219,163
H01003,163
H43812,163
H5310,163
I716,163
J8417,163
O30003,163
S0003XD,163
S42111A,163
S93402D,163
T43592A,163
W1839XA,163
Z945,163
A858,162
C482,162
D729,162
G2571,162
G8252,162
I63432,162
I6349,162
I77811,162
M2609,162
M4126,162
M62512,162
N949,162
P760,162
Q255,162
Q268,162
Q7959,162
Q898,162
R402223,162
S82892D,162
S92352A,162
T82110A,162
T82120A,162
T82590A,162
C50012,161
H53469,161
H814,161
L501,161
M2341,161
M5186,161
N342,161
O99713,161
Q740,161
Q859,161
S52602D,161
S93402A,161
Z1379,161
Z724,161
B977,160
G5790,160
H42,160
H7091,160
I82722,160
K2289,160
M2342,160
M40294,160
M47894,160
M769,160
Q675,160
S42112A,160
T50B95A,160
Z315,160
Z659,160
B0230,159
C438,159
F17219,159
F849,159
H1089,159
I079,159
K9281,159
L258,159
M5022,159
M86161,159
N402,159
N651,159
N924,159
R920,159
S27892A,159
S92351A,159
T814XXS,159
B967,158
F3110,158
F3281,158
I69344,158
I82C19,158
K8063,158
M5114,158
M531,158
M76891,158
N96,158
S32402A,158
F3131,157
G4719,157
H52203,157
I6359,157
I82813,157
I82B19,157
J9311,157
K52831,157
K820,157
L89300,157
L929,157
M6284,157
Q203,157
S32511D,157
S82401B,157
S92331A,157
T398X5A,157
T445X5A,157
F312,156
H2511,156
L508,156
M24011,156
M25421,156
M86272,156
N6082,156
S52501D,156
T84028A,156
Z363,156
Z970,156
F1097,155
K260,155
L89222,155
M8000XD,155
O6014X1,155
O6640,155
O900,155
R069,155
R456,155
S329XXA,155
S80862A,155
S82841D,155
S92102A,155
T148XXS,155
T22211A,155
V198,155
Z5332,155
Z814,155
Z85068,155
C9331,154
H918X2,154
M25631,154
M86162,154
P7422,154
R261,154
S12300A,154
S22078A,154
S32592D,154
S42202D,154
T450X2A,154
C109,153
E1039,153
F3162,153
G467,153
M3313,153
M9983,153
O2243,153
Q860,153
T86821,153
Z469,153
Z96662,153
B4481,152
H2512,152
H5210,152
M00072,152
M898X7,152
M952,152
M9712XA,152
N6041,152
O9913,152
P0725,152
Q51810,152
R480,152
S0091XA,152
S0502XA,152
T481X5A,152
T781XXA,152
T8452XA,152
D611,151
D8685,151
E10628,151
E301,151
I722,151
I861,151
K82A2,151
L89510,151
M205X1,151
N365,151
N6001,151
O09529,151
P391,151
P743,151
Q263,151
S129XXD,151
S24153S,151
T3111,151
T7840XD,151
V111,151
V816,151
A4153,150
G53,150
J157,150
K56691,150
K8580,150
L301,150
M4187,150
M4606,150
M94212,150
O09299,150
O23592,150
Q688,150
T421X5A,150
Z1630,150
Z201,150
Z3689,150
Z732,150
I6602,149
J0120,149
L818,149
M25473,149
O1424,149
P550,149
Q031,149
S02413A,149
S2020XA,149
T24312A,149
T41295A,149
T8092XA,149
Z1889,149
Z3493,149
C3400,148
C8593,148
C884,148
E8301,148
G9689,148
I82592,148
K8591,148
L02412,148
M438X6,148
M898X0,148
Q396,148
R093,148
R29717,148
S023XXA,148
S32030A,148
S82002A,148
T454X5A,148
T82514A,148
Z723,148
Z969,148
C44320,147
E801,147
E881,147
G378,147
H7090,147
I7102,147
K839,147
M79674,147
S36115A,147
S92321A,147
T500X5A,147
B070,146
E1144,146
F5221,146
H900,146
I32,146
I97610,146
M25539,146
M5418,146
M75122,146
Q278,146
Q433,146
A409,145
C8595,145
D734,145
G9611,145
H35039,145
I69128,145
I97621,145
K55059,145
L97222,145
L97912,145
M189,145
M7071,145
Q398,145
T83098A,145
D0511,144
G7109,144
I368,144
I97418,144
M24574,144
M4644,144
M7022,144
M94251,144
S1091XA,144
S93401A,144
T8110XA,144
Y906,144
D291,143
E11618,143
F918,143
G3189,143
I222,143
I70238,143
I82463,143
K267,143
L97311,143
M25861,143
O212,143
P393,143
S01411A,143
S20229A,143
T23202A,143
T8183XA,143
C154,142
D739,142
D841,142
D890,142
F060,142
F980,142
G43719,142
I69220,142
J9859,142
K9429,142
L403,142
L89513,142
M24661,142
M3481,142
N486,142
R29715,142
S21109A,142
S6000XA,142
S82142D,142
S82201A,142
T84226A,142
T859XXA,142
T86818,142
Z9621,142
C8350,141
D7289,141
F1299,141
G519,141
G9761,141
H1033,141
I6991,141
I82541,141
K118,141
M264,141
M301,141
M4692,141
M86071,141
O365931,141
P282,141
R402311,141
S2243XD,141
S42001A,141
S82142A,141
T391X2A,141
Z6790,141
Z9001,141
C090,140
F530,140
F959,140
H53459,140
H908,140
I288,140
K8043,140
M2530,140
M25872,140
M4852XA,140
M65842,140
Q625,140
S72422A,140
Z62812,140
Z77120,140
C119,139
D6949,139
E509,139
F11921,139
I608,139
I97120,139
L89101,139
M4642,139
M50023,139
M794,139
M958,139
O0991,139
S2239XA,139
S46212A,139
S71112A,139
Z112,139
H53129,138
I21A9,138
I70232,138
I899,138
I9742,138
L280,138
M320,138
S3993XA,138
T8571XA,138
Z008,138
Z435,138
Z85040,138
C50312,137
D4702,137
E41,137
K1321,137
K52839,137
K852,137
L03811,137
L239,137
M489,137
M5003,137
P912,137
R29720,137
T476X5A,137
C3482,136
C670,136
D487,136
E550,136
H3322,136
I83029,136
M00011,136
M21931,136
M21962,136
M238X2,136
M25411,136
N051,136
N857,136
N870,136
Q044,136
Q681,136
R510,136
S42254D,136
S92512A,136
Z558,136
Z840,136
E0869,135
E28319,135
F202,135
I83028,135
I97121,135
J122,135
L03111,135
L237,135
M7660,135
N911,135
O359XX0,135
O99340,135
S22051A,135
S82851A,135
S91311A,135
T83510A,135
W109XXA,135
Z333,135
C4331,134
D560,134
D6182,134
F1029,134
F3340,134
F53,134
G9612,134
H918X1,134
I510,134
I69020,134
K91841,134
M247,134
O702,134
S322XXA,134
S36119A,134
T464X6A,134
V553,134
Z89021,134
Z973,134
C50111,133
D489,133
E7841,133
H4920,133
I63431,133
I6622,133
I7774,133
K50111,133
L52,133
M25061,133
M25371,133
M7580,133
M7730,133
N360,133
N3943,133
O26833,133
O639,133
S12690A,133
S43004A,133
S8262XA,133
T391X5A,133
Z119,133
Z9223,133
A059,132
B0223,132
I50814,132
I82499,132
J0180,132
J84178,132
M62831,132
O8620,132
Q2579,132
Q9381,132
R295,132
S00511A,132
S32028D,132
S63501A,132
S82891A,132
S8991XA,132
T7849XA,132
T8620,132
Z3A49,132
F1321,131
L89614,131
L97413,131
M1651,131
M167,131
M5384,131
O23593,131
O2402,131
S066X0A,131
S329XXD,131
T84030A,131
Z8481,131
Z9359,131
A401,130
D6189,130
F1620,130
G4762,130
H6990,130
I511,130
I87303,130
J370,130
J704,130
M222X1,130
M25422,130
M315,130
M85862,130
N856,130
S32058A,130
T85520A,130
T8589XA,130
V829,130
D68318,129
E54,129
F428,129
F6081,129
G5732,129
J123,129
J698,129
J95831,129
L2084,129
M75100,129
M86652,129
M898X1,129
O360130,129
O628,129
O874,129
O99314,129
P027,129
S0033XA,129
S4992XA,129
S92911A,129
T8609,129
C8118,128
H527,128
I00,128
I25720,128
I5A,128
I6980,128
I69952,128
K2091,128
K9181,128
M06049,128
M4854XS,128
M7711,128
O323XX0,128
P012,128
Q224,128
Q791,128
R063,128
R29712,128
S22040A,128
S82401A,128
T420X5A,128
T82598A,128
T85598A,128
T887XXD,128
V781,128
Z87890,128
A5216,127
C84A0,127
C8519,127
I301,127
J391,127
K55039,127
K8071,127
M328,127
M439,127
M4686,127
M949,127
N358,127
O09511,127
R402220,127
R93421,127
S15192A,127
S22009A,127
S3681XA,127
S91302A,127
A1801,126
A403,126
C9030,126
F450,126
H7292,126
K0510,126
K089,126
K115,126
K91850,126
M24662,126
N731,126
N871,126
O09899,126
O3411,126
S52124A,126
T373X5A,126
Z8789,126
C49A0,125
G2589,125
I610,125
J340,125
M9669,125
N6481,125
O4443,125
O98812,125
O99330,125
O99810,125
Q0703,125
Q51818,125
R0782,125
S0240CB,125
S52592A,125
S6991XA,125
S6992XA,125
T411X5A,125
T887XXA,125
V536,125
Z379,125
Z5689,125
D4620,124
E160,124
E638,124
F4000,124
G030,124
H04209,124
I2102,124
J940,124
K5140,124
M0589,124
M25862,124
M9981,124
N151,124
O039,124
O09812,124
O2492,124
O34212,124
O629,124
O99352,124
P017,124
P134,124
Q040,124
Q2549,124
S52572A,124
S92322A,124
T402X2A,124
T43226A,124
Z3182,124
D46Z,123
I409,123
K253,123
L98491,123
M25374,123
M25451,123
M62461,123
M8440XA,123
O2303,123
R10817,123
S21111A,123
S42211A,123
S82401D,123
T17908A,123
T50915A,123
Z369,123
D862,122
E248,122
G40401,122
I25700,122
K594,122
K9289,122
L89891,122
M2022,122
O209,122
O211,122
O654,122
P541,122
P8330,122
R1903,122
R41843,122
S92311A,122
S9305XA,122
T148XXD,122
T730XXA,122
V151,122
Z13828,122
B342,121
H3320,121
I729,121
L89213,121
M21852,121
M4056,121
M65872,121
N209,121
N6311,121
N859,121
P289,121
S00211A,121
S0182XA,121
S020XXB,121
S42251A,121
T447X6A,121
T8172XA,121
Z87798,121
Z96661,121
C50211,120
D528,120
D75A,120
G43D0,120
G804,120
G8110,120
H6120,120
I308,120
I63232,120
L89520,120
L97309,120
L97818,120
M10061,120
M25549,120
O350XX0,120
O6003,120
Q8781,120
R87619,120
S52601D,120
C4371,119
C8331,119
D069,119
E58,119
F10121,119
H40053,119
J430,119
J9561,119
M25431,119
M2570,119
M41125,119
M8938,119
Q220,119
R053,119
R402414,119
R892,119
S32049D,119
S61210A,119
S62616A,119
S92312A,119
A020,118
C713,118
D520,118
E250,118
F1924,118
H53002,118
H6523,118
I25718,118
I6910,118
I8001,118
J1520,118
K5733,118
K593,118
L89616,118
L8991,118
M24531,118
M25529,118
M85859,118
N99538,118
O713,118
Q261,118
R1114,118
S14109S,118
S20319A,118
S61452A,118
S92001A,118
T50906A,118
T82198A,118
B079,117
B389,117
C662,117
C8332,117
E220,117
F54,117
G44329,117
G90521,117
I400,117
I731,117
J0130,117
J120,117
K1121,117
K273,117
K5902,117
K8011,117
M5002,117
M65871,117
M85861,117
M86472,117
N251,117
N521,117
O10912,117
P960,117
S0531XA,117
S90512A,117
T8203XA,117
T85618A,117
V667,117
B888,116
D3132,116
D511,116
E113519,116
F1511,116
F3481,116
F5001,116
G501,116
H3581,116
I82C13,116
J0110,116
K36,116
K5652,116
K629,116
L89102,116
L89220,116
L89229,116
M1030,116
M24512,116
Q130,116
R29725,116
S12101A,116
S36118A,116
S83242A,116
T1490,116
T79A12A,116
T826XXA,116
Y93B9,116
C8370,115
D2239,115
D369,115
D538,115
G2582,115
G40301,115
G8310,115
H259,115
I69215,115
I69815,115
I8392,115
I87313,115
J99,115
M13841,115
M25412,115
M26629,115
M79603,115
O24013,115
O641XX0,115
P60,115
R402340,115
S12590A,115
S61211A,115
S8262XD,115
T8621,115
Z0289,115
A7740,114
B6000,114
D130,114
H02105,114
H6092,114
I52,114
I668,114
J17,114
K689,114
L602,114
M175,114
M50021,114
M60073,114
M8458XD,114
N8300,114
O1214,114
O99412,114
P0519,114
P239,114
S3141XA,114
S92212A,114
Z86008,114
C9190,113
D134,113
E7879,113
E8319,113
F1423,113
G009,113
H353290,113
H53452,113
I060,113
I69192,113
I83218,113
J84114,113
J954,113
L820,113
L98429,113
M358,113
M7672,113
N730,113
N761,113
O3429,113
O663,113
O669,113
O755,113
P0726,113
R100,113
S70311A,113
T2124XA,113
C310,112
C49A2,112
C50512,112
D151,112
E11359,112
E1342,112
E237,112
G650,112
H401132,112
I63212,112
I63522,112
K0381,112
K9171,112
L97828,112
M25361,112
M4050,112
M4602,112
M7020,112
N820,112
N94819,112
O9279,112
O9A22,112
P780,112
P9160,112
Q283,112
Q5120,112
R29722,112
S36112A,112
S52601A,112
S90811A,112
V427,112
V653,112
Z566,112
C9510,111
H3552,111
I6621,111
I721,111
M62422,111
M79A22,111
M84750D,111
M86662,111
P035,111
P154,111
S32431A,111
S42001D,111
S7000XA,111
S71111A,111
T50996A,111
T82898D,111
T86810,111
W57XXXA,111
Z13810,111
Z739,111
A86,110
E531,110
F10131,110
F12188,110
F19982,110
F8081,110
I2542,110
I726,110
K256,110
M3509,110
M839,110
M84452A,110
N815,110
O165,110
P0518,110
P525,110
P615,110
Q382,110
Q630,110
Q871,110
Q913,110
R402133,110
R402431,110
R41842,110
R896,110
S32040A,110
S37012A,110
S42035A,110
S82302A,110
S93602A,110
T490X5A,110
T86298,110
Z00129,110
Z01411,110
Z48813,110
Z8500,110
A049,109
E619,109
F0634,109
G44319,109
H53143,109
I63231,109
K8042,109
L7682,109
L97119,109
M7130,109
M7500,109
M7752,109
O2686,109
O860,109
Q057,109
Q279,109
Q750,109
R2232,109
S60312A,109
S73002A,109
S82202A,109
S83512A,109
S92002A,109
T443X5A,109
T82190A,109
Z1635,109
B250,108
C44311,108
D4989,108
D595,108
E1321,108
E561,108
G4737,108
I63531,108
J028,108
K717,108
K8032,108
K915,108
L728,108
L89109,108
M00262,108
M19022,108
M21961,108
N509,108
O0903,108
O368120,108
P03811,108
P923,108
R3919,108
R899,108
R9430,108
S20311A,108
T380X5D,108
T8453XA,108
T85698A,108
Y9355,108
Z122,108
Z641,108
Z85060,108
A879,107
B189,107
D075,107
D464,107
E7209,107
F070,107
F73,107
K851,107
M25469,107
M5001,107
M60009,107
O365932,107
O904,107
Q048,107
R769,107
S22000A,107
S72042K,107
S72141A,107
T22312A,107
T481X2A,107
V641,107
Z604,107
D47Z9,106
E8589,106
F1593,106
G40101,106
I87312,106
J0301,106
J349,106
K352,106
M14671,106
M1909,106
M941,106
O3433,106
P269,106
R402254,106
S00531A,106
S12120A,106
S32301D,106
S42301A,106
S42302A,106
S72011A,106
S72011D,106
T2131XS,106
T782XXA,106
T80219A,106
Z3491,106
Z569,106
Z842,106
Z8603,106
A749,105
C258,105
C6292,105
F413,105
F810,105
H35372,105
I237,105
I6509,105
I69314,105
I803,105
J411,105
K823,105
L89210,105
M0570,105
M24012,105
M438X2,105
M80071D,105
O26873,105
R6813,105
S14107D,105
S32011A,105
S32040D,105
S43014A,105
S5292XA,105
S72431A,105
S82409A,105
T2230XA,105
T43015A,105
T66XXXD,105
T82111A,105
X58XXXD,105
A044,104
E113313,104
E113593,104
F12988,104
F89,104
G5631,104
G8193,104
H1031,104
H4720,104
H5713,104
H70002,104
I69118,104
J381,104
L4052,104
L8992,104
M249,104
M4314,104
M4622,104
M488X6,104
R1907,104
R785,104
R821,104
S2220XD,104
S32009D,104
S42121A,104
S42141A,104
S8001XD,104
S8251XA,104
S8992XA,104
T83718A,104
T8389XA,104
T84216A,104
Z4823,104
Z92241,104
C300,103
C674,103
C717,103
C7490,103
D332,103
E8771,103
F19230,103
F4522,103
G8389,103
I8311,103
K719,103
M0890,103
M2201,103
M96662,103
S12301D,103
S134XXD,103
S22060A,103
S32511A,103
S72402D,103
S82832B,103
T433X5A,103
T8454XA,103
V175,103
C269,102
C5700,102
G5730,102
G90522,102
H40059,102
H52209,102
H90A21,102
I82542,102
K266,102
K5700,102
M25811,102
N944,102
N958,102
O132,102
O24112,102
S0219XB,102
S32000D,102
S3992XA,102
S62316A,102
S62521A,102
S8391XA,102
T24211A,102
T7804XA,102
V290,102
A530,101
B589,101
C9140,101
D481,101
D690,101
F4541,101
G114,101
I688,101
I70268,101
I82290,101
K5130,101
K56601,101
K9186,101
M1992,101
M25362,101
O09291,101
P023,101
P123,101
R1901,101
R29718,101
S27321D,101
S42402A,101
S61216A,101
S72352A,101
S73004D,101
S82251A,101
V854,101
Z129,101
Z1622,101
Z831,101
E08649,100
F513,100
G96198,100
I370,100
K822,100
M11231,100
M1A00X0,100
M205X2,100
M24532,100
M7021,100
N6459,100
P252,100
R29724,100
S060X9A,100
S139XXA,100
S22059D,100
S43491A,100
S52021A,100
S72121A,100
S7291XA,100
S76011A,100
S82892A,100
S90821A,100
S91312A,100
T8029XA,100
T829XXD,100
Z1371,100
Z48816,100
B1081,99
C44319,99
C4A9,99
E8310,99
E8582,99
F1124,99
F19939,99
G214,99
H05232,99
I69331,99
I82439,99
K5711,99
K6282,99
K653,99
L98492,99
M06862,99
M2603,99
M85872,99
N269,99
N762,99
O26853,99
Q541,99
Q627,99
R150,99
S7001XD,99
Z524,99
Z822,99
Z8554,99
Z89519,99
Z920,99
A430,98
C320,98
C661,98
C8589,98
D491,98
D501,98
F1193,98
F3164,98
F422,98
F4481,98
F688,98
G2119,98
H35363,98
I5089,98
I63311,98
I676,98
I70248,98
M2010,98
M4687,98
M84362D,98
O24415,98
O3481,98
O4212,98
O903,98
Q674,98
R4183,98
S14109D,98
S30860A,98
S37009A,98
S42411A,98
Z029,98
Z8489,98
C7B03,97
D720,97
E673,97
F552,97
G038,97
G43B0,97
H02409,97
H02834,97
H9113,97
I300,97
I4940,97
I8312,97
K51019,97
M2040,97
M2140,97
M21751,97
M26603,97
M4714,97
M4816,97
N058,97
N3942,97
O113,97
Q201,97
R827,97
S52121A,97
S52125A,97
S62101D,97
S72001S,97
S82202D,97
X501XXA,97
Z3682,97
Z77098,97
Z8631,97
Z87312,97
Z9350,97
C240,96
C4921,96
C8599,96
H35033,96
H40009,96
I6310,96
I69828,96
I824Z9,96
K22719,96
K5712,96
K91872,96
L109,96
L97228,96
M222X2,96
M76822,96
M7751,96
M79A11,96
M838,96
M84459A,96
N7689,96
O358XX1,96
O43122,96
P818,96
Q544,96
S01412A,96
S22058A,96
S24103S,96
S32059D,96
S62615A,96
T50Z95A,96
T8459XA,96
Z812,96
Z9002,96
C414,95
C44519,95
C680,95
D367,95
E0922,95
F10920,95
H01006,95
I82711,95
K284,95
L89810,95
M00852,95
M6740,95
M9971,95
O99320,95
P616,95
Q336,95
S022XXD,95
S0281XA,95
S32020A,95
S36030A,95
S82891D,95
S9304XA,95
T86812,95
T86828,95
Z046,95
Z45812,95
C710,94
D1802,94
D89833,94
E1322,94
F1211,94
G2409,94
G518,94
G9609,94
H02831,94
H7092,94
I6900,94
J3501,94
J985,94
K7291,94
K7400,94
M13842,94
M25871,94
M456,94
M62411,94
M6751,94
N8310,94
N942,94
N993,94
O4402,94
P910,94
S022XXS,94
S0292XA,94
S29012A,94
S36232A,94
S8252XA,94
T3995XA,94
B078,93
B850,93
C33,93
C413,93
C5702,93
D819,93
E113513,93
F1424,93
F459,93
G130,93
G43829,93
H3411,93
H9012,93
I25708,93
I63312,93
I63443,93
I69953,93
I825Z1,93
K50012,93
K50918,93
L02811,93
L89609,93
L97825,93
M0680,93
M180,93
M21612,93
M4620,93
M76821,93
M852,93
M898X5,93
N5082,93
O1493,93
O901,93
Q666,93
R4681,93
S42211D,93
S42351A,93
S62201A,93
S92061A,93
T23201A,93
T23262A,93
T380X5S,93
T43222A,93
T443X4A,93
Z3481,93
C060,92
D260,92
D6101,92
E7889,92
F203,92
H3562,92
H40003,92
H44113,92
M1A0710,92
M452,92
M729,92
M8468XA,92
M96810,92
M96842,92
N472,92
N50811,92
O0932,92
Q603,92
R311,92
S83282A,92
T83022A,92
T8641,92
Z1810,92
Z85030,92
B004,91
C254,91
D170,91
E065,91
E11329,91
E113399,91
F553,91
G4735,91
H3563,91
I445,91
I63521,91
I82419,91
I82819,91
L639,91
L89624,91
M12812,91
M4302,91
M4307,91
M7120,91
M87180,91
N930,91
O1203,91
O85,91
Q5128,91
Q851,91
Q928,91
R789,91
S29011A,91
S37011A,91
S92325D,91
V171,91
W03XXXA,91
Z481,91
A051,90
A150,90
C8598,90
E640,90
F1019,90
F13231,90
F14129,90
F19959,90
G4711,90
I4439,90
I75021,90
I87009,90
J1001,90
J153,90
K1329,90
M1388,90
M2428,90
M25812,90
M62442,90
M62462,90
M84422A,90
N6452,90
O09811,90
O4102X0,90
O655,90
O872,90
P042,90
Q204,90
Q322,90
S82831B,90
S83511A,90
T2134XA,90
T3110,90
T8384XA,90
V442,90
W540XXA,90
Y9322,90
Z31430,90
E061,89
E783,89
F1419,89
F4311,89
G40801,89
H1045,89
H5089,89
H541225,89
I7771,89
K5793,89
M119,89
M3213,89
M6702,89
M719,89
M85661,89
M86271,89
N6321,89
N650,89
N915,89
P593,89
S00512A,89
S098XXD,89
S12190A,89
S12490D,89
S22000D,89
S22038A,89
S32029D,89
S42025A,89
T2027XA,89
T45615A,89
T80218A,89
T829XXA,89
T84050A,89
Z1620,89
C4441,88
D495,88
E0843,88
G360,88
H36,88
H6011,88
J0191,88
K353,88
K8500,88
L97425,88
M65312,88
M89752,88
O42912,88
R3982,88
R411,88
R5084,88
S12100A,88
S300XXD,88
S3131XA,88
S32002D,88
S42022K,88
S46111A,88
S63502A,88
S72112A,88
T82318A,88
Y832,88
D0510,87
E13621,87
G09,87
H35443,87
I2589,87
I69992,87
I82522,87
J300,87
J358,87
K7110,87
L949,87
M166,87
N738,87
O3432,87
O99280,87
O9A211,87
Q379,87
Q6239,87
R779,87
S0912XA,87
S22089D,87
S4351XA,87
S72042D,87
S79912A,87
S92411A,87
T17990A,87
T8249XD,87
T85848A,87
V090,87
C495,86
C50119,86
D235,86
D282,86
E2609,86
F438,86
F930,86
G2111,86
G3281,86
G40419,86
G4459,86
G969,86
G9741,86
H1133,86
I7301,86
K55041,86
M13852,86
M25475,86
M4320,86
M5187,86
M5387,86
M60062,86
M7042,86
N009,86
N7093,86
N804,86
O24113,86
P5222,86
S0102XA,86
S12691A,86
S39011A,86
S42034A,86
S52025A,86
S82852D,86
S92331D,86
T83512A,86
W11XXXD,86
Y909,86
C162,85
H189,85
H8112,85
I825Y3,85
I82712,85
K433,85
L080,85
L89303,85
M00862,85
M532X4,85
M7741,85
M84451A,85
M9702XD,85
N8181,85
P0510,85
R402110,85
R6339,85
R942,85
S225XXB,85
S32452A,85
S73014A,85
S81812D,85
S90822A,85
T43596A,85
T8149XD,85
A6922,84
B970,84
C166,84
D444,84
F14188,84
H4011X0,84
H402290,84
H6592,84
I2724,84
I63421,84
I83892,84
K061,84
L0100,84
M362,84
M4640,84
M4697,84
M7532,84
N824,84
O2342,84
O99321,84
O9A23,84
Q540,84
R009,84
S0291XA,84
S032XXA,84
S22068A,84
S32041A,84
S32432A,84
S51001A,84
S82831D,84
S91102A,84
S92141A,84
T38895A,84
T8451XA,84
Z553,84
Z85821,84
A491,83
A9231,83
D67,83
E035,83
E755,83
E893,83
F5082,83
H16223,83
H5203,83
H8111,83
I82A22,83
K603,83
K9161,83
L231,83
L658,83
L98498,83
M4810,83
M4857XA,83
M67352,83
O9A12,83
Q225,83
R29890,83
R822,83
S22030A,83
S32018D,83
S72351A,83
S82141D,83
S82491A,83
S8253XA,83
S90111A,83
T461X6A,83
T82330A,83
X500XXA,83
Z227,83
Z438,83
C218,82
D4959,82
F3161,82
H9390,82
I69818,82
J353,82
K3532,82
K51919,82
L03112,82
M4150,82
M62519,82
M7041,82
M71161,82
M84454A,82
M86179,82
M9973,82
N649,82
P013,82
Q809,82
R402364,82
S0181XD,82
S12601A,82
S42301D,82
S60519A,82
S61012A,82
S82402D,82
S838X2A,82
S85161A,82
S9001XA,82
V443,82
Z802,82
B360,81
B879,81
C4440,81
C50311,81
C669,81
C672,81
C8293,81
C9230,81
D1721,81
I4902,81
I606,81
I83208,81
K599,81
L89221,81
M24652,81
M60074,81
M62532,81
O1422,81
O745,81
O99825,81
P941,81
Q2542,81
Q5564,81
R40243,81
S0265XA,81
S36499A,81
S70362A,81
Z4681,81
Z6372,81
A64,80
C163,80
C37,80
C768,80
D863,80
E8021,80
H353230,80
H499,80
H7093,80
H918X9,80
I63131,80
I87332,80
I87333,80
M05741,80
M21069,80
M8008XD,80
M84351A,80
M9080,80
M94252,80
N3040,80
N398,80
O09892,80
O361930,80
O6012X0,80
Q200,80
Q253,80
Q939,80
R1902,80
R402341,80
R780,80
R836,80
S2091XA,80
S32401D,80
S51811D,80
S52552A,80
S6292XD,80
S66125A,80
S80219A,80
S82001A,80
T23232A,80
T23241A,80
T510X1A,80
V275,80
Z91038,80
D0430,79
D479,79
E310,79
H53142,79
I69010,79
J705,79
K5530,79
K753,79
L98419,79
M25312,79
M4625,79
M50022,79
M6530,79
M65851,79
M86661,79
N399,79
N925,79
O161,79
O352XX0,79
P0389,79
Q390,79
Q5320,79
R402352,79
S12100D,79
S31104A,79
S53104A,79
Y792,79
Z3686,79
Z4732,79
Z779,79
Z96622,79
C50011,78
D6109,78
G43019,78
G7080,78
H44519,78
I82623,78
I82C23,78
K8064,78
L02411,78
L03019,78
L810,78
M041,78
M21752,78
M24412,78
M2548,78
M4682,78
M47818,78
N7092,78
O98312,78
P768,78
Q2572,78
R402210,78
R772,78
S0240FD,78
S058X1A,78
S20222A,78
S272XXD,78
S31119A,78
S3790XA,78
S52691A,78
S72451A,78
S80819A,78
T183XXA,78
T8089XD,78
T8509XA,78
Z89212,78
Z9629,78
Z98811,78
A312,77
C450,77
C762,77
D414,77
D6941,77
E610,77
E618,77
E661,77
G40119,77
G40211,77
H3090,77
H353130,77
H4902,77
I7411,77
L0292,77
L97809,77
M00062,77
M0820,77
M0880,77
M24812,77
M4030,77
M65331,77
M84361A,77
N2882,77
N35912,77
N711,77
N819,77
O320XX0,77
O751,77
O94,77
R803,77
S22018A,77
S32008A,77
S62001A,77
S79911A,77
T84032A,77
T84125A,77
T888XXA,77
Z13818,77
Z3490,77
C168,76
C211,76
D5720,76
D68311,76
E164,76
E348,76
F205,76
H47099,76
I69054,76
I97131,76
L574,76
L89326,76
M1289,76
M7742,76
O1403,76
O329XX0,76
O699XX0,76
O99411,76
P020,76
P192,76
P761,76
Q642,76
R460,76
S22000S,76
S31114A,76
S62002A,76
S64494A,76
S82145A,76
S92021A,76
T1490XA,76
T23211A,76
T23301A,76
T79A22A,76
T83038A,76
T882XXA,76
V603,76
V861,76
W108XXA,76
Z89012,76
Z96691,76
A609,75
B0221,75
C021,75
C089,75
C8318,75
C8588,75
C9010,75
D224,75
E040,75
F28,75
G40814,75
G43001,75
G441,75
G933,75
H1589,75
J0510,75
J9509,75
K50919,75
K613,75
M00872,75
M24112,75
M24522,75
M76892,75
O09891,75
O218,75
O24111,75
O641XX2,75
R402430,75
R891,75
S14104S,75
S2002XA,75
S20229D,75
S31603A,75
S72012D,75
S82201D,75
S9001XD,75
S90411A,75
T502X6A,75
T82218A,75
T8481XA,75
Y9352,75
C3410,74
C3480,74
C8336,74
C9240,74
D169,74
D261,74
D550,74
E8309,74
F12288,74
H02102,74
H43393,74
H579,74
H8120,74
H8149,74
I63419,74
I69193,74
I82291,74
K277,74
M10062,74
M60051,74
M67262,74
M84474A,74
M90551,74
O10911,74
O1405,74
O30002,74
O7181,74
O9229,74
O99335,74
P2421,74
Q272,74
R40242,74
S065X9A,74
S60415A,74
S83411A,74
S92342A,74
T22212A,74
T23342A,74
T25222A,74
T25311A,74
T887XXS,74
Z0100,74
Z30011,74
Z310,74
Z391,74
Z8615,74
C069,73
C7A019,73
E7251,73
F911,73
H349,73
K4000,73
K50813,73
K51011,73
K8592,73
L89212,73
L89523,73
M151,73
M21969,73
M40299,73
M47899,73
M7060,73
M7601,73
M8088XD,73
N642,73
N9419,73
O162,73
O328XX1,73
P0722,73
P744,73
Q112,73
R4582,73
R464,73
S00212A,73
S1181XA,73
S43015A,73
S43111A,73
S43432D,73
S51012D,73
S66126A,73
S82855E,73
S92902A,73
S93491A,73
T39016A,73
U070,73
V549,73
V552,73
W1839XD,73
Z228,73
Z3046,73
Z8043,73
C9112,72
D5740,72
F19129,72
F4489,72
F605,72
F983,72
G1229,72
G2579,72
G40501,72
H1032,72
H353131,72
I089,72
I7773,72
I83008,72
K35891,72
L97813,72
M13869,72
M62471,72
M84475A,72
M85662,72
N042,72
N35911,72
N9961,72
O26613,72
O318X32,72
O82,72
Q234,72
Q369,72
Q632,72
R29719,72
S02609D,72
S1081XA,72
S1191XA,72
S22070D,72
S52201A,72
S52613A,72
S61451A,72
S72012A,72
S72402A,72
T17590A,72
T43212A,72
T66XXXS,72
T8242XA,72
T84092A,72
Z01118,72
Z3041,72
E0859,71
E7289,71
F604,71
F642,71
G43409,71
G5710,71
I221,71
I7025,71
J050,71
J953,71
L729,71
L89209,71
L97109,71
L97501,71
M25674,71
M314,71
M7051,71
M7671,71
M790,71
M868X5,71
N8184,71
N828,71
N907,71
O208,71
O7022,71
O99312,71
O99619,71
P236,71
S12190D,71
S32030D,71
S32039D,71
S37032A,71
S61419A,71
S62327A,71
S76012A,71
S92112A,71
S92215A,71
T22332A,71
T85691A,71
Z4589,71
Z5333,71
B081,70
B09,70
B440,70
C4360,70
C44209,70
C490,70
D110,70
D4709,70
D499,70
F258,70
G244,70
G4720,70
H01001,70
H02886,70
H53001,70
H6982,70
H7191,70
I4460,70
I773,70
I8391,70
J84116,70
K50013,70
K669,70
L210,70
L589,70
M0500,70
M21619,70
M24051,70
M3210,70
N3642,70
N50812,70
O2621,70
O42113,70
O99111,70
P9681,70
Q7969,70
S0219XD,70
S12401A,70
S14103A,70
S20221A,70
S24152S,70
S5422XA,70
T2000XA,70
Y836,70
Z221,70
Z308,70
Z3169,70
Z89522,70
C652,69
C709,69
C716,69
D121,69
D378,69
D89839,69
E048,69
F1914,69
F514,69
G44221,69
G4751,69
G529,69
G5693,69
G9519,69
I6339,69
I69119,69
I69210,69
L599,69
M24411,69
M62472,69
M6748,69
Q170,69
Q318,69
R29723,69
R402111,69
R402420,69
S12090A,69
S12390D,69
S1980XA,69
S30814A,69
S36229A,69
S46811A,69
S50319A,69
S52022A,69
S62605A,69
S82101D,69
S82871A,69
T17818A,69
T24212A,69
T364X5A,69
T383X2A,69
T730XXD,69
V123,69
V711,69
Z4821,69
A412,68
A70,68
C227,68
C384,68
D0220,68
F308,68
F633,68
G8103,68
G8253,68
H348112,68
H43399,68
I6981,68
I82521,68
K116,68
L02619,68
L111,68
L97515,68
M13172,68
M13811,68
M13819,68
M1732,68
M25321,68
M26621,68
M6009,68
N475,68
O3482,68
Q933,68
R402221,68
S22039D,68
S31109D,68
S61214A,68
S62317A,68
S62617A,68
S72092A,68
S92211A,68
T182XXA,68
T670XXA,68
T84038A,68
W25XXXA,68
Z043,68
Z87441,68
A6002,67
C321,67
D150,67
D704,67
E1049,67
G545,67
H02403,67
H16002,67
H3560,67
H4420,67
I63429,67
I70269,67
J211,67
J36,67
K036,67
K314,67
K50819,67
L233,67
L42,67
M10032,67
M1280,67
M21951,67
M41124,67
M4327,67
M47029,67
M5104,67
M7712,67
M84478A,67
M85812,67
M963,67
M978XXS,67
N027,67
O169,67
P018,67
P0515,67
Q788,67
Q789,67
R402132,67
S22050A,67
S22079D,67
S32599D,67
S42292D,67
S4292XA,67
S52612S,67
S72301A,67
S82201B,67
S92324A,67
T384X5A,67
T8130XD,67
V725,67
Z591,67
Z62898,67
Z712,67
C714,66
E103299,66
F14929,66
F1621,66
F19931,66
F201,66
H5111,66
H6981,66
I318,66
I70233,66
I820,66
I87323,66
K119,66
K833,66
K8512,66
K858,66
K9401,66
L97218,66
M1460,66
M21172,66
M67912,66
M85842,66
P2930,66
P548,66
Q5569,66
Q892,66
S022XXB,66
S22088A,66
S43402A,66
S61215A,66
T25321A,66
T39312A,66
T83090A,66
V741,66
W07XXXA,66
Z89521,66
A938,65
B380,65
B447,65
C4912,65
C8513,65
F59,65
G544,65
G988,65
H21541,65
H49881,65
H8190,65
H9011,65
I235,65
I63542,65
J941,65
K22710,65
K50014,65
L2089,65
L851,65
M24611,65
M25659,65
M40295,65
M50320,65
M9250,65
N211,65
N420,65
N813,65
O30032,65
O42112,65
O43113,65
O8629,65
S22050D,65
S32302A,65
S61002A,65
S61213A,65
S71102A,65
S72111A,65
S72302A,65
S81022A,65
S82301A,65
T23251A,65
T375X6A,65
T434X5A,65
T446X5A,65
T8454XD,65
V510,65
Z3482,65
Z87718,65
Z89419,65
B338,64
B9719,64
C8114,64
C9191,64
D376,64
D732,64
F15188,64
F488,64
G5692,64
G890,64
G90529,64
G968,64
G9762,64
H401131,64
H47033,64
H9222,64
I658,64
I69341,64
I7772,64
I82591,64
I82B21,64
I862,64
J202,64
L89512,64
L98496,64
M24573,64
M3212,64
M4724,64
M6701,64
M84750S,64
M86471,64
M868X4,64
O2622,64
O6002,64
P808,64
Q8909,64
R683,64
S02118A,64
S22028A,64
S3723XA,64
S42401D,64
S83242D,64
S8392XA,64
S8982XA,64
S99912A,64
T43625A,64
V289,64
Y830,64
Z0182,64
Z411,64
Z7183,64
C609,63
C7A090,63
C8307,63
D831,63
E228,63
E242,63
E7870,63
F11229,63
F11288,63
F1223,63
F558,63
G053,63
G3181,63
H02826,63
H1013,63
H35371,63
H8113,63
H9041,63
I69811,63
I83023,63
K50119,63
M1652,63
M24569,63
M6240,63
M67461,63
M67853,63
M71121,63
M7540,63
M7632,63
M8448XS,63
N08,63
N271,63
N843,63
N880,63
N896,63
N904,63
O09613,63
O99834,63
Q505,63
R10815,63
S0100XA,63
S020XXD,63
S0269XA,63
S061X9A,63
S4292XD,63
S51851A,63
S52122A,63
S73191A,63
S91011A,63
S92301D,63
S92332D,63
T18108A,63
T2132XA,63
T8133XD,63
T83122A,63
T8600,63
W11XXXA,63
Z309,63
Z8775,63
B7781,62
C062,62
C92Z1,62
D75838,62
D89812,62
F940,62
H93233,62
K1232,62
K270,62
K50812,62
K8013,62
L89522,62
L97801,62
M1A0720,62
M2408,62
M2559,62
M2619,62
M4850XD,62
M71561,62
M84362A,62
M86641,62
O1213,62
O26852,62
Q442,62
Q762,62
R402433,62
S02113A,62
S0230XA,62
S060X0A,62
S20419A,62
S27322D,62
S32111A,62
S42309K,62
S73004A,62
S82302S,62
S83421A,62
T394X5A,62
T84223A,62
V195,62
V452,62
Y9339,62
Z319,62
Z62819,62
Z810,62
A6923,61
B0052,61
C44729,61
C7B04,61
D733,61
D891,61
E08319,61
E1369,61
E530,61
F1599,61
G138,61
G541,61
G8100,61
H01002,61
H01005,61
H05222,61
H1851,61
H4050X0,61
H65499,61
H6993,61
I70291,61
J0131,61
L858,61
L89100,61
L89130,61
L920,61
L959,61
L97416,61
M13849,61
M450,61
M5013,61
M7531,61
M8548,61
M948X9,61
N403,61
N8112,61
O0339,61
P962,61
Q422,61
Q902,61
R10823,61
R481,61
S298XXA,61
S43002A,61
S46012A,61
S62111A,61
S8291XA,61
S83191A,61
S92334A,61
S98921A,61
T24202A,61
T84060A,61
T881XXA,61
Z050,61
Z30433,61
Z45010,61
Z572,61
C4361,60
C7940,60
C861,60
D360,60
D4622,60
E11638,60
F446,60
F985,60
G43901,60
G5632,60
G7112,60
H0288B,60
H25013,60
H5330,60
H70009,60
I69353,60
J0140,60
J312,60
L89149,60
M5023,60
M619,60
M7070,60
M84674A,60
M948X6,60
O694XX0,60
O6982X1,60
P523,60
Q6101,60
R7612,60
S00431A,60
S02121A,60
S14101S,60
S3282XS,60
S36538A,60
S3713XA,60
S42031D,60
S43004D,60
S50912D,60
S61212A,60
S62304D,60
S80211D,60
S91342A,60
S92345A,60
T420X6A,60
T473X6A,60
T796XXD,60
T84498D,60
V174,60
V220,60
W06XXXA,60
Y93H2,60
Z2251,60
Z2252,60
Z5339,60
Z85110,60
B3742,59
C172,59
C9290,59
D0501,59
D137,59
D2261,59
D269,59
E728,59
E8381,59
F04,59
F11988,59
F12129,59
F1499,59
G44219,59
H40052,59
H7011,59
I69911,59
I8002,59
I825Y1,59
J0511,59
J853,59
K50011,59
K712,59
L02232,59
L89519,59
M14679,59
M26213,59
M79676,59
M9420,59
O09819,59
P049,59
Q399,59
Q7962,59
Q9388,59
R239,59
S02401D,59
S069X9A,59
S0990XS,59
S40021D,59
S42309A,59
S43401D,59
S4991XA,59
S7290XD,59
S82041A,59
S82202C,59
S85182A,59
S9002XA,59
S92112B,59
T17508A,59
T17918A,59
T300,59
T507X5A,59
T83593A,59
V4361,59
V850,59
Z22338,59
A071,58
A400,58
B368,58
C253,58
C410,58
F1219,58
F1919,58
F349,58
G4752,58
H01004,58
H02836,58
H02883,58
H40013,58
H49882,58
I5083,58
I6623,58
I70244,58
I82599,58
I87319,58
J920,58
J9381,58
K8511,58
K904,58
M10361,58
M24251,58
M40205,58
M4645,58
M4815,58
M65141,58
M84421S,58
N418,58
O4413,58
Q270,58
Q638,58
Q929,58
S15191A,58
S20411A,58
S2341XA,58
S301XXD,58
S32392A,58
S36031A,58
S40819A,58
S42142A,58
S42402D,58
S62001P,58
S72145D,58
S92354A,58
T381X6A,58
T82598D,58
T83192A,58
T84022A,58
V00891S,58
V726,58
V851,58
W228XXA,58
Z1289,58
Z4824,58
D1723,57
D3131,57
E343,57
F10282,57
F340,57
G43911,57
G5702,57
G9581,57
H40011,57
H4923,57
H52223,57
H9120,57
I424,57
J0101,57
K903,57
L0293,57
L97918,57
M061,57
M19241,57
M1993,57
M2062,57
M62529,57
M7591,57
M87859,57
N501,57
O283,57
O403XX2,57
O754,57
P250,57
P712,57
P7431,57
Q223,57
Q228,57
Q355,57
Q792,57
S02842A,57
S1092XA,57
S20211D,57
S22068D,57
S31624A,57
S36531A,57
S41111D,57
S42011A,57
S51812D,57
S52352A,57
S52511A,57
S52591A,57
S71001A,57
T25221A,57
T385X5A,57
T471X2A,57
T50995D,57
T84117A,57
T84498A,57
V239,57
Z554,57
Z6221,57
A039,56
A568,56
B392,56
C4499,56
C481,56
C688,56
C7A020,56
C9241,56
E103593,56
E240,56
E649,56
E7521,56
E89810,56
F17299,56
F302,56
G251,56
H2013,56
H35133,56
H5319,56
I6300,56
J8403,56
J84115,56
J95830,56
K06020,56
L03039,56
M13812,56
M23200,56
M4046,56
M86072,56
M87052,56
M96843,56
N3081,56
N478,56
N4830,56
N5201,56
O021,56
O10011,56
P2400,56
Q845,56
Q848,56
R1912,56
R361,56
S0093XD,56
S12430A,56
S32058D,56
S36114A,56
S3662XA,56
S36899A,56
S42114A,56
S52189D,56
S92422A,56
T1490XD,56
T484X5A,56
T84124A,56
V671,56
W000XXA,56
Z8059,56
C049,55
D641,55
E113591,55
G2402,55
G5700,55
G970,55
H02132,55
H44003,55
I69015,55
I87331,55
K4190,55
K5981,55
K634,55
L97121,55
M1811,55
M1A3721,55
M21261,55
M2351,55
M25442,55
M25842,55
M4647,55
M65322,55
M84454D,55
M85671,55
M9110,55
M9731XA,55
N750,55
O0913,55
O409XX0,55
P749,55
Q150,55
Q6100,55
Q774,55
R9402,55
S0292XS,55
S0532XA,55
S1121XA,55
S12112A,55
S13161A,55
S15102A,55
S21119A,55
S32412D,55
S32599A,55
S51802A,55
S61402A,55
S64494D,55
S8010XA,55
S8264XA,55
T478X5A,55
T790XXA,55
V113,55
V170,55
Z2881,55
Z821,55
Z8271,55
Z8540,55
Z9283,55
A5217,54
B80,54
C715,54
C8335,54
C8514,54
D474,54
D49511,54
D809,54
D89832,54
E270,54
E7210,54
F0789,54
F13921,54
F451,54
F601,54
G5701,54
G802,54
G8112,54
G8334,54
H35373,54
H3589,54
H5316,54
I6319,54
I70445,54
I825Z3,54
I970,54
L02222,54
M00812,54
M11241,54
M12832,54
M21851,54
M23222,54
M24549,54
M24875,54
M4004,54
M4200,54
M71162,54
M86141,54
M87812,54
M955,54
O99322,54
P0516,54
P528,54
Q052,54
R401,54
S20412A,54
S32110D,54
S32120A,54
S37009D,54
S42031B,54
S52024A,54
S62112A,54
S62619A,54
S62627A,54
S81811D,54
S86311A,54
S93125A,54
S93422A,54
T1490XS,54
T2135XA,54
T22231A,54
T434X2A,54
T83511D,54
T83711A,54
Z281,54
Z3400,54
Z3480,54
B960,53
C161,53
C3430,53
C9252,53
C9291,53
D1722,53
D321,53
F13120,53
F3175,53
H353220,53
H7012,53
H7291,53
I69121,53
I82B13,53
I83811,53
J95822,53
K5180,53
L940,53
M06842,53
M2681,53
M4304,53
M488X9,53
M87059,53
N171,53
O0930,53
O0992,53
O3410,53
O3660X0,53
Q042,53
Q5039,53
R291,53
R37,53
S12301A,53
S12590D,53
S158XXA,53
S22048D,53
S271XXD,53
S31000A,53
S41152D,53
S42301B,53
S60012A,53
S61205A,53
S73015A,53
S8012XD,53
S83511D,53
S92352D,53
S98142D,53
T184XXA,53
T83031A,53
T8583XA,53
T86290,53
V703,53
W01198A,53
Z1504,53
Z85020,53
B409,52
B4489,52
C4922,52
D013,52
D3001,52
D5701,52
E103599,52
E113512,52
F423,52
F508,52
G031,52
H5231,52
H53009,52
H5703,52
H5709,52
I612,52
I63433,52
I673,52
I70292,52
J9504,52
K5989,52
L0232,52
L251,52
L282,52
L292,52
L7631,52
L98428,52
M1A0790,52
M2240,52
M25774,52
M4300,52
M65341,52
M80852A,52
M898X6,52
O10919,52
O411220,52
O778,52
O98413,52
O99325,52
P613,52
R93429,52
S0100XD,52
S1093XD,52
S21101A,52
S27803A,52
S31829A,52
S32501A,52
S32509D,52
S3282XD,52
S3289XA,52
S42451A,52
S50312D,52
S52609A,52
S62101A,52
S62335A,52
S7010XA,52
S82232D,52
S82402B,52
S91012A,52
S91119A,52
S92354D,52
S93411S,52
S93432A,52
T17828A,52
T23252A,52
T24331A,52
T4395XA,52
V155,52
Z00121,52
Z191,52
Z9152,52
C7A092,51
C7A098,51
C7B00,51
D135,51
D381,51
E518,51
F14121,51
G129,51
G43819,51
H25812,51
H59341,51
I69222,51
I87393,51
J399,51
J4522,51
K006,51
K1239,51
K310,51
K91871,51
L740,51
M21331,51
M2391,51
M24575,51
M4832,51
M7630,51
M8630,51
N008,51
N432,51
N94810,51
O2203,51
O24912,51
O2613,51
O26851,51
O98811,51
P283,51
P9201,51
P921,51
Q451,51
Q539,51
Q6210,51
Q8502,51
R402121,51
R784,51
R85619,51
S00412A,51
S22072A,51
S24109S,51
S2691XA,51
S32110A,51
S329XXS,51
S42002D,51
S5402XD,51
S56221A,51
S76001A,51
S82201S,51
S86122A,51
S92101B,51
S99911A,51
T24201A,51
T381X5A,51
T45526A,51
T82392D,51
T82528A,51
T84090A,51
W108XXD,51
Z2820,51
Z3687,51
Z4733,51
Z8550,51
E1101,50
E2601,50
E319,50
E858,50
F10130,50
F13931,50
F3163,50
G5690,50
H05011,50
H6501,50
H7121,50
I492,50
I6330,50
I69211,50
J4542,50
K461,50
K716,50
L89304,50
M1008,50
M11232,50
M13851,50
M19039,50
M20002,50
M4155,50
M7912,50
M8458XS,50
N9069,50
O00102,50
O4691,50
O759,50
O98319,50
P2481,50
P2819,50
Q338,50
Q439,50
R402322,50
R402422,50
R4581,50
R87820,50
S02412A,50
S14155S,50
S21131A,50
S24104S,50
S32119D,50
S36032A,50
S36438A,50
S36523A,50
S42352D,50
S52022D,50
S60419A,50
S7221XD,50
S80212D,50
S83249A,50
S8991XD,50
T2019XA,50
T2220XA,50
T424X4A,50
T503X5A,50
T798XXA,50
T8051XA,50
T82518A,50
T82868D,50
T8622,50
V059,50
V810,50
W010XXS,50
Z1388,50
Z3401,50
Z89029,50
B463,49
C153,49
C4370,49
C44712,49
C6992,49
C7641,49
D1601,49
E113493,49
F12920,49
F19229,49
G7089,49
H359,49
H4010X2,49
I6320,49
I69059,49
I69892,49
K50118,49
K8044,49
K8061,49
L559,49
L609,49
M205X9,49
M25441,49
M3502,49
M47898,49
M5413,49
M65332,49
M89771,49
M9251,49
N039,49
N159,49
O2690,49
O7021,49
P101,49
P140,49
P199,49
P2401,49
Q386,49
Q428,49
Q441,49
R6330,49
R826,49
S0031XD,49
S12030A,49
S32031A,49
S32810D,49
S36420A,49
S52614A,49
S60417A,49
S62331A,49
S7011XD,49
S71101A,49
S83207D,49
T2017XA,49
T2035XA,49
T410X5A,49
T443X2A,49
T457X5A,49
T474X5A,49
T7840XS,49
T8453XD,49
T847XXA,49
V222,49
Z1339,49
Z2231,49
Z2914,49
Z30017,49
Z4582,49
A046,48
C44310,48
C460,48
C543,48
C718,48
D2260,48
D303,48
D530,48
D559,48
D72822,48
E0510,48
E169,48
F13129,48
F40298,48
F989,48
G02,48
G238,48
G245,48
H25813,48
H5000,48
H5350,48
I83813,48
K55019,48
K605,48
L718,48
L74519,48
L97814,48
M222X9,48
M319,48
M5033,48
M62531,48
M6510,48
M7602,48
M93961,48
N6323,48
O26612,48
O3463,48
O4103X1,48
O411290,48
O418X30,48
O618,48
O695XX0,48
O8689,48
Q759,48
R067,48
R861,48
S02411A,48
S02611A,48
S32038D,48
S32512D,48
S36428A,48
S37812A,48
S40819S,48
S41012A,48
S50311D,48
S51802D,48
S62009A,48
S73192S,48
S80821A,48
S82232A,48
S82301D,48
S82851D,48
S91105A,48
S91332A,48
S93324A,48
T17998A,48
T2016XA,48
T2122XA,48
T22311A,48
T24301A,48
T24311A,48
T448X5A,48
V040,48
V259,48
V451,48
V524,48
V690,48
A369,47
B020,47
B169,47
C671,47
C8110,47
C8289,47
D432,47
E113219,47
E1343,47
E300,47
F1199,47
G40019,47
H1030,47
H1189,47
H2000,47
H2703,47
H938X2,47
I2101,47
I70293,47
I82459,47
I824Y9,47
K5281,47
K643,47
K710,47
K9131,47
K9411,47
L89211,47
L89223,47
M02371,47
M06841,47
M24111,47
M360,47
M4145,47
M47813,47
M5125,47
M67431,47
M7740,47
M79646,47
M84552A,47
M868X0,47
M90552,47
M978XXA,47
M9982,47
N3592,47
N4832,47
N766,47
O43192,47
P8339,47
Q2521,47
Q5110,47
Q663,47
R402244,47
S0292XD,47
S12600D,47
S22020D,47
S22061A,47
S40862A,47
S43429D,47
S50812D,47
S52502E,47
S72041A,47
T40695A,47
T438X5A,47
T84018A,47
T84091A,47
T8501XA,47
V583,47
V759,47
X088XXA,47
Z203,47
Z89011,47
C44212,46
D2930,46
D374,46
E309,46
E3450,46
F1319,46
F3010,46
F9829,46
G40B09,46
G513,46
H2102,46
H47019,46
H4900,46
H6002,46
H6090,46
H6992,46
H933X9,46
I489,46
I63422,46
I7091,46
I83022,46
I83891,46
J0111,46
K3520,46
K51211,46
K7151,46
L710,46
L97213,46
M00021,46
M00871,46
M13859,46
M2392,46
M269,46
M4125,46
M4135,46
M5080,46
M532X9,46
M62451,46
M62542,46
M65852,46
M75112,46
M84421A,46
M84471A,46
N032,46
N421,46
N6325,46
O282,46
O358XX2,46
O42012,46
O4703,46
O748,46
Q419,46
Q669,46
Q765,46
R1904,46
S0269XB,46
S12000K,46
S12110D,46
S12191A,46
S22031A,46
S22088D,46
S270XXD,46
S3219XD,46
S62305A,46
S62314A,46
S72009A,46
S72141S,46
S72302D,46
S73102A,46
S91109A,46
S91312D,46
S91331A,46
S92812A,46
S93402S,46
T20212A,46
T2030XA,46
T2121XA,46
T23231A,46
T82391A,46
T85615A,46
T86899,46
V789,46
Y842,46
Y95,46
Z634,46
Z636,46
Z758,46
A072,45
A318,45
C4351,45
C464,45
C6291,45
C689,45
C8192,45
D2222,45
D2262,45
E89820,45
F10150,45
F11129,45
F15951,45
F19980,45
G5610,45
G5682,45
G5712,45
G5721,45
H1859,45
H401120,45
H401133,45
H6593,45
H66001,45
I256,45
I339,45
I6202,45
I63032,45
I69219,45
I825Z9,45
I83013,45
I83819,45
J3481,45
K4091,45
K55031,45
K738,45
K9403,45
M24252,45
M2740,45
M3322,45
M4182,45
M5144,45
M67432,45
M67441,45
M67472,45
M84522A,45
M85871,45
M87811,45
M96661,45
N3021,45
O2432,45
O26813,45
O43199,45
P0730,45
Q324,45
Q388,45
Q742,45
R4782,45
S00432A,45
S14107A,45
S22019D,45
S24109A,45
S32492A,45
S42202S,45
S46812A,45
S61519A,45
S64493A,45
S71131A,45
S72009D,45
S72122A,45
S76312A,45
S82001D,45
S92192A,45
T07XXXA,45
T2101XA,45
T733XXD,45
T86898,45
W134XXA,45
Z00110,45
Z640,45
A088,44
C50219,44
C7402,44
C8582,44
D3A00,44
E0942,44
E7219,44
G3101,44
G43801,44
G543,44
G7101,44
G90512,44
H02432,44
H05231,44
H11433,44
H1820,44
H2101,44
H35359,44
H53453,44
H9211,44
I63413,44
I63539,44
I82601,44
J204,44
K3533,44
K55042,44
K604,44
K620,44
K8081,44
K9509,44
L129,44
L290,44
L97324,44
M05742,44
M0760,44
M13162,44
M25351,44
M60052,44
M67813,44
M8000XS,44
M9701XD,44
M9712XD,44
N99528,44
O30012,44
O4442,44
O645XX0,44
P041,44
Q206,44
Q5522,44
R390,44
R4584,44
R7981,44
S0081XD,44
S22069B,44
S32048D,44
S32502A,44
S32810B,44
S43012A,44
S46221A,44
S62645A,44
S8011XD,44
S93492A,44
T401X4A,44
T465X2A,44
T486X6A,44
T50905S,44
T50Z15A,44
T8332XA,44
T84116A,44
V444,44
W109XXD,44
W1809XA,44
Z30013,44
Z45811,44
Z4902,44
Z711,44
C311,43
D46C,43
D484,43
E113213,43
F15920,43
F3177,43
G40011,43
G43119,43
G4390,43
G547,43
G5752,43
H02431,43
H2710,43
H90A12,43
H938X3,43
I2111,43
I69292,43
I7103,43
I879,43
K50113,43
K9421,43
L03126,43
L249,43
L811,43
M00052,43
M1810,43
M2021,43
M21051,43
M25649,43
M4105,43
M80851A,43
M84477A,43
M9112,43
M94271,43
N048,43
N3031,43
N454,43
N710,43
O09211,43
O1023,43
O1413,43
O30041,43
O322XX1,43
O360920,43
O468X1,43
O6012X2,43
O746,43
O8823,43
O99843,43
P378,43
Q241,43
Q357,43
Q667,43
Q690,43
R151,43
R196,43
S32402D,43
S36021A,43
S43431D,43
S61222A,43
S62142A,43
S63509A,43
S72002S,43
S80861A,43
S82435A,43
S82451A,43
S91112A,43
S92121A,43
S92302A,43
S92321D,43
T17418A,43
T320,43
T402X5D,43
T69021A,43
T84033A,43
Y93G1,43
Z0374,43
Z20820,43
Z798,43
Z89112,43
A5403,42
A5903,42
C8120,42
D598,42
E10622,42
F3176,42
G4452,42
G8320,42
H00015,42
H21561,42
H2640,42
H33302,42
H34231,42
H49819,42
H6093,42
H6991,42
H8090,42
I63011,42
I82221,42
I82539,42
I82A19,42
J305,42
J64,42
K50914,42
K563,42
L02426,42
L608,42
L649,42
L7602,42
L97923,42
M25052,42
M25432,42
M6788,42
M80032A,42
M84512A,42
M84550A,42
M87822,42
M8888,42
N041,42
O26879,42
O30103,42
O479,42
O99119,42
P0269,42
P0517,42
P292,42
P394,42
Q394,42
Q648,42
Q743,42
Q932,42
Q980,42
R402240,42
R402423,42
R5083,42
R6811,42
S02122A,42
S12091A,42
S161XXD,42
S22009D,42
S31811A,42
S34105A,42
S37041A,42
S42291D,42
S4990XA,42
S52025B,42
S60221D,42
S62613D,42
S71002A,42
S81002A,42
S8255XA,42
S8265XA,42
S8412XA,42
S91101D,42
S92412A,42
T22311S,42
T23261A,42
T24211S,42
T415X5A,42
T79A0XA,42
T79A21A,42
T8549XA,42
T85694A,42
T8699,42
V702,42
W260XXA,42
Z0379,42
Z3141,42
Z731,42
B178,41
B949,41
C4010,41
C4481,41
C469,41
C8515,41
C969,41
D012,41
D1724,41
E09649,41
E201,41
E71121,41
F11282,41
G003,41
G112,41
G131,41
G5722,41
G713,41
H10029,41
H25041,41
H34811,41
H35413,41
H5200,41
H5410,41
H73891,41
H93A1,41
I69114,41
I69323,41
I7381,41
I82543,41
I82602,41
I87311,41
J4532,41
J955,41
K0530,41
K51818,41
K5781,41
K601,41
L100,41
L503,41
L744,41
L931,41
L97318,41
M24072,41
M25621,41
M47893,41
M66821,41
M79639,41
M8448XK,41
N8502,41
O1425,41
O23599,41
O24312,41
O280,41
O30001,41
O703,41
O715,41
O9812,41
P0229,41
P0701,41
P702,41
Q058,41
Q506,41
Q758,41
Q917,41
R4922,41
S08121A,41
S0993XD,41
S14153S,41
S22069D,41
S233XXA,41
S43421A,41
S46092A,41
S52201B,41
S61219A,41
S62636A,41
S6432XA,41
S73005A,41
S82261B,41
S92402A,41
T22111A,41
T22291A,41
T43506A,41
T82867D,41
T85518A,41
V00121A,41
W260XXS,41
Z8613,41
A549,40
C4339,40
C7A00,40
C7B1,40
D0591,40
D353,40
D3A090,40
E208,40
E7140,40
F78,40
F8082,40
G723,40
G9381,40
H3091,40
H353231,40
I360,40
I63012,40
I69313,40
I70229,40
I744,40
I7777,40
I87329,40
J0430,40
J628,40
J683,40
K50019,40
L230,40
L89110,40
M083,40
M1A0411,40
M23241,40
M4699,40
M5146,40
M67261,40
M67459,40
M85811,40
N6009,40
N643,40
N83299,40
O2693,40
O355XX0,40
O365990,40
P080,40
P2411,40
Q820,40
S0300XA,40
S2020XD,40
S36039D,40
S36498A,40
S37061A,40
S3981XA,40
S42032K,40
S42113A,40
S60522A,40
S62393B,40
S62622B,40
S72114A,40
S7223XA,40
S72301C,40
S82241D,40
S82492A,40
S8254XA,40
S86219A,40
S91115A,40
S92001D,40
T22352A,40
T25021A,40
T6701XA,40
T8201XA,40
T83028A,40
T84011A,40
T84622A,40
T859XXD,40
T8740,40
Z1272,40
Z4509,40
Z575,40
Z600,40
Z8241,40
Z91130,40
Z92240,40
A4289,39
B450,39
C50419,39
C7491,39
C7B01,39
C8354,39
D2272,39
D280,39
D68312,39
E7030,39
F1114,39
F17221,39
F481,39
G722,39
G9749,39
H05221,39
H40033,39
H8102,39
I0989,39
I238,39
I663,39
I69349,39
I82551,39
I825Y2,39
I82723,39
J4590,39
J8282,39
K0402,39
K50814,39
K77,39
L97808,39
L98493,39
M0809,39
M21171,39
M25372,39
M25772,39
M4057,39
M65351,39
M71122,39
M79659,39
M84675A,39
M9907,39
O10019,39
O6023X0,39
O68,39
P290,39
P398,39
Q105,39
Q660,39
R049,39
R294,39
S0280XA,39
S12200D,39
S12400S,39
S31604A,39
S32412A,39
S35512A,39
S36113D,39
S3722XA,39
S42012A,39
S42022D,39
S42255A,39
S52121C,39
S60311A,39
S61402D,39
S62634B,39
S6291XG,39
S72145A,39
S80811D,39
S82392A,39
S8254XD,39
S91001A,39
S91109S,39
S93601A,39
S99922A,39
T504X5A,39
T8339XA,39
T85610A,39
V446,39
Z1383,39
Z8776,39
A280,38
C383,38
D588,38
E10311,38
E1352,38
F424,38
G619,38
H348110,38
H353190,38
H35369,38
H4311,38
H4903,38
H5121,38
H5201,38
H5359,38
I061,38
I091,38
L00,38
L218,38
L401,38
L89146,38
M21862,38
M24052,38
M24071,38
M7040,38
M80051D,38
M86372,38
M8958,38
N539,38
N763,38
N7681,38
N895,38
O139,38
O7023,38
P1289,38
P368,38
P74421,38
Q444,38
Q564,38
Q680,38
R29734,38
S22049D,38
S2611XA,38
S32000A,38
S32020S,38
S52132A,38
S52532D,38
S61214S,38
S61401A,38
S61422A,38
S62132A,38
S66822A,38
S72392A,38
S728X2D,38
S83512D,38
S88012A,38
S91101A,38
S91309A,38
T2007XS,38
T40425A,38
T79A11A,38
T80212A,38
T82392A,38
W2209XA,38
Z85238,38
Z9886,38
A5900,37
A778,37
B309,37
B572,37
C8205,37
C8581,37
D0000,37
D214,37
D279,37
D763,37
E113291,37
E214,37
E8300,37
F1429,37
F3178,37
F3489,37
F5002,37
F641,37
F8181,37
G40001,37
G4722,37
H05229,37
H15102,37
H35109,37
H35119,37
H35131,37
H47293,37
H5412,37
H6001,37
H73893,37
H748X1,37
H833X9,37
H9103,37
I228,37
I401,37
I6302,37
I69819,37
I69893,37
I82C22,37
K3589,37
K50818,37
L121,37
L813,37
L89143,37
L942,37
L97326,37
L98411,37
M00842,37
M1230,37
M12872,37
M13871,37
M19212,37
M2460,37
M26220,37
M4014,37
M454,37
M86152,37
M87022,37
N057,37
O4403,37
O711,37
O9212,37
O98412,37
Q264,37
Q2739,37
R934,37
S0261XA,37
S02621A,37
S12400D,37
S14105S,37
S14129A,37
S22020A,37
S22060D,37
S2222XG,37
S32042D,37
S3633XA,37
S41002A,37
S42221A,37
S46822A,37
S52251A,37
S61411D,37
S64496A,37
S71102D,37
S72454S,37
S73044A,37
S82252A,37
S83104A,37
S85181A,37
S86312A,37
S91302D,37
S93144A,37
T43025A,37
T8069XA,37
T826XXD,37
T82855D,37
T8452XS,37
V133,37
V783,37
W0110XD,37
Z021,37
Z053,37
Z77018,37
Z90712,37
Z9351,37
A029,36
B0222,36
C030,36
C031,36
C241,36
C4022,36
C411,36
C457,36
C50611,36
C549,36
C7651,36
C8317,36
D165,36
D750,36
E7400,36
E832,36
E853,36
F1514,36
F1999,36
G7102,36
G9382,36
H02739,36
H02839,36
H47092,36
I25790,36
I2601,36
I69821,36
I82429,36
I83209,36
I83225,36
J708,36
J9588,36
K08109,36
K2101,36
K5649,36
K622,36
K8045,36
L02838,36
L580,36
L749,36
L812,36
L89024,36
L97123,36
L97313,36
M12551,36
M12571,36
M12852,36
M1A00X1,36
M20091,36
M23204,36
M455,36
M4607,36
M4850XS,36
M4855XD,36
M65831,36
M65879,36
M84359A,36
M87352,36
M87874,36
N837,36
N978,36
O3442,36
O658,36
P389,36
Q051,36
Q054,36
Q078,36
Q181,36
Q262,36
Q677,36
Q984,36
R402120,36
R85610,36
S0262XA,36
S0281XD,36
S02832D,36
S0303XA,36
S06319A,36
S128XXA,36
S21219A,36
S22030D,36
S22050S,36
S22081A,36
S24112A,36
S32612A,36
S34109S,36
S42002K,36
S42261A,36
S5401XA,36
S55012A,36
S62336A,36
S62501A,36
S63284A,36
S72362A,36
S82042B,36
S82044A,36
S82252B,36
S82832C,36
S83222D,36
S90415S,36
S93401D,36
T17598A,36
T33821A,36
T402X1A,36
T43012A,36
T466X6A,36
T63301A,36
T85738A,36
V600,36
Y9321,36
A390,35
A689,35
B350,35
C863,35
D1039,35
D390,35
D700,35
D830,35
D861,35
E10329,35
E1111,35
E3121,35
F1720,35
F941,35
G549,35
G5623,35
G5782,35
G7249,35
H01021,35
H0289,35
H34239,35
H35103,35
H40051,35
H47013,35
H8122,35
H9393,35
I69993,35
I7589,35
I824Y3,35
I82713,35
I87302,35
J201,35
J684,35
K51912,35
L03316,35
L404,35
L432,35
L89104,35
L89511,35
L89896,35
M05749,35
M10041,35
M21169,35
M2480,35
M47895,35
M4812,35
M7631,35
M80052D,35
M80072A,35
M84452D,35
N019,35
N83319,35
O1003,35
O281,35
O8601,35
P0278,35
P364,35
Q53112,35
Q628,35
Q672,35
Q970,35
R402241,35
R412,35
R936,35
S21112A,35
S2241XB,35
S32445A,35
S35218A,35
S358X9A,35
S3720XD,35
S42102D,35
S42452A,35
S43084A,35
S60011A,35
S62306A,35
S62307D,35
S62522A,35
S63602A,35
S67195A,35
S70322A,35
S86892D,35
S91002S,35
S92222A,35
S92301A,35
S93411A,35
T2131XA,35
T22251A,35
T23201D,35
T407X1A,35
T43216A,35
T82228A,35
T83030A,35
T85730A,35
T85858A,35
T8601,35
T8642,35
W050XXA,35
Y9302,35
Z126,35
Z392,35
Z9281,35
Z96669,35
B084,34
C188,34
C260,34
C44222,34
C50612,34
C720,34
C8214,34
C8334,34
D049,34
D200,34
D2371,34
D8943,34
E08621,34
E560,34
F10959,34
F1194,34
F13232,34
F17298,34
F19239,34
G40822,34
G43C0,34
G5620,34
H05223,34
H402222,34
H8103,34
H93A9,34
I069,34
I63423,34
I69919,34
I80209,34
K2081,34
K261,34
K8066,34
L568,34
L89812,34
M0580,34
M1812,34
M21071,34
M24559,34
M24632,34
M24671,34
M3211,34
M67412,34
M67874,34
M67911,34
M8560,34
M86261,34
M87274,34
M9252,34
N270,34
N4839,34
N8183,34
N9983,34
O0289,34
O0902,34
O0942,34
O10012,34
O4692,34
O878,34
O98311,34
O99350,34
O99842,34
P0441,34
P133,34
P771,34
Q300,34
Q445,34
Q5563,34
Q682,34
Q87418,34
R1112,34
R402232,34
R402323,34
R402333,34
R455,34
S0219XS,34
S14107S,34
S32000S,34
S32422D,34
S35515A,34
S42254A,34
S46912A,34
S52551P,34
S60229A,34
S66326A,34
S7012XS,34
S7291XS,34
S73101A,34
S82144A,34
S83411D,34
S91111D,34
T17490A,34
T2024XA,34
T2025XA,34
T24002D,34
T24232A,34
T25231A,34
T367X5A,34
T402X6A,34
T792XXD,34
T798XXD,34
T82199A,34
T83420A,34
W1830XS,34
Z059,34
Z4542,34
Z89202,34
Z96631,34
B457,33
B9623,33
C059,33
C761,33
D0590,33
D2339,33
E1036,33
E1059,33
E10641,33
E1311,33
E13628,33
F079,33
F1690,33
F24,33
F5109,33
G002,33
G40201,33
G43101,33
G4763,33
G8313,33
H00014,33
H00031,33
H02845,33
H16001,33
H25043,33
H35149,33
H43819,33
H6507,33
H9071,33
I69090,33
I8000,33
J95861,33
K4031,33
K50114,33
K55022,33
K9162,33
L272,33
L519,33
L97129,33
M00851,33
M12532,33
M21151,33
M21152,33
M23304,33
M2352,33
M25821,33
M4012,33
M4819,33
M5184,33
M7052,33
M84521A,33
M85821,33
M898X2,33
N031,33
N362,33
N4400,33
N5231,33
N8331,33
N99841,33
O1022,33
O1205,33
O2232,33
O289,33
O43023,33
O926,33
O98813,33
Q030,33
Q214,33
Q402,33
Q72812,33
R781,33
R888,33
S0085XA,33
S0541XA,33
S0571XA,33
S060X1A,33
S090XXA,33
S12040A,33
S15091D,33
S22022A,33
S22060S,33
S22082A,33
S31111A,33
S358X1A,33
S3733XA,33
S41151A,33
S42215A,33
S42352A,33
S43401A,33
S46819A,33
S60051A,33
S60416A,33
S62347A,33
S67193A,33
S6990XA,33
S72002K,33
S72102A,33
S73199A,33
S7401XD,33
S76012D,33
S8002XD,33
S82002D,33
S82222A,33
S90211A,33
S92401A,33
T2033XA,33
T2123XA,33
T22012D,33
T404X2A,33
T411X5D,33
T43205A,33
T43621A,33
T485X5A,33
T5192XA,33
T83092A,33
T84093A,33
T85113A,33
T8586XA,33
T8851XA,33
V172,33
V5909,33
X030XXA,33
Y839,33
Y844,33
Z30431,33
Z9665,33
Z983,33
B027,32
C382,32
C8228,32
C8378,32
D0362,32
D0461,32
D140,32
D4102,32
D521,32
D612,32
D89831,32
E083293,32
E71529,32
G44201,32
G5640,32
G5761,32
G9752,32
H11422,32
H16229,32
H3553,32
H53121,32
H53131,32
H6022,32
H65493,32
H93293,32
I2121,32
I6012,32
I63519,32
I6911,32
I7779,32
I788,32
I82562,32
I82593,32
I83015,32
I8310,32
I97410,32
K083,32
K262,32
K51311,32
K6139,32
K8521,32
L89316,32
L906,32
L97112,32
M02811,32
M21332,32
M26623,32
M4325,32
M435X2,32
M71022,32
M7652,32
M8088XG,32
M84652A,32
M9262,32
M93872,32
N172,32
O09519,32
O24911,32
O690XX2,32
O99419,32
P5221,32
Q158,32
Q205,32
Q288,32
Q408,32
Q542,32
Q6432,32
R40244,32
R800,32
R87620,32
R947,32
S0010XA,32
S02102A,32
S0232XD,32
S04011A,32
S1083XA,32
S14154A,32
S30811D,32
S31101A,32
S31610A,32
S31639A,32
S36239A,32
S41011A,32
S42192A,32
S42492B,32
S51002D,32
S51019A,32
S5411XA,32
S62632A,32
S62633B,32
S638X1A,32
S66306A,32
S72124A,32
S72351D,32
S82251C,32
S82291G,32
S82451B,32
S83206A,32
S92062B,32
S92341D,32
S93609A,32
T17518A,32
T22252A,32
T387X5A,32
T43295A,32
T458X5S,32
T464X2A,32
T483X5A,32
T8132XD,32
T82594D,32
T83123A,32
V589,32
V642,32
V892XXS,32
W1811XD,32
W293XXA,32
Z1812,32
Z464,32
Z9284,32
A041,31
A5489,31
B340,31
C4002,31
C44520,31
C44612,31
C8140,31
C8511,31
D141,31
D34,31
D3A092,31
D419,31
E0591,31
E1044,31
E289,31
F12980,31
F13939,31
F15959,31
F3111,31
G4750,31
G5781,31
G9601,31
H00016,31
H02535,31
H0288A,31
H11153,31
H16142,31
H3532,31
H3570,31
H401111,31
H50011,31
H5022,31
H60399,31
H838X1,31
I2789,31
I369,31
I69228,31
I75029,31
I82A13,31
J1081,31
J359,31
K286,31
K4131,31
K5701,31
L02421,31
L130,31
L490,31
L601,31
L89600,31
L97316,31
M0540,31
M05752,31
M1731,31
M25775,31
M25879,31
M4636,31
M4725,31
M4808,31
M67814,31
M85832,31
M86142,31
M94272,31
M96831,31
N469,31
N9060,31
N909,31
O0940,31
O361990,31
O43103,31
O905,31
O9853,31
P248,31
Q064,31
Q313,31
Q339,31
Q699,31
Q752,31
Q790,31
R29730,31
R369,31
S0240DD,31
S02600B,31
S02652A,31
S0266XA,31
S061X3A,31
S140XXA,31
S14103S,31
S20219D,31
S22010D,31
S2763XA,31
S30861A,31
S31000D,31
S3140XA,31
S3720XA,31
S42101D,31
S43082A,31
S50901D,31
S51022A,31
S52301A,31
S60219A,31
S60410A,31
S62346A,31
S63045A,31
S63601A,31
S68521A,31
S80822A,31
S81801S,31
S82202B,31
S82872B,31
S8292XD,31
S86011A,31
S92022A,31
S92355A,31
S92521B,31
S96811D,31
T2037XS,31
T23361A,31
T24111A,31
T24332A,31
T48205A,31
T783XXS,31
T788XXA,31
T86891,31
V283,31
V692,31
W108XXS,31
Y791,31
Y9351,31
Z3161,31
Z48290,31
Z77011,31
A080,30
B2789,30
C459,30
C548,30
C8211,30
D105,30
D1431,30
D2212,30
D8942,30
E103293,30
E3122,30
E8941,30
F15259,30
F1810,30
F528,30
F8089,30
G3185,30
G44011,30
G548,30
H0235,30
H0589,30
H179,30
H35073,30
H35433,30
H40039,30
H401122,30
H40212,30
H47012,30
H47239,30
H663X3,30
H70001,30
H73892,30
H9221,30
I63233,30
I636,30
I69859,30
I7419,30
I83012,30
J0300,30
J84113,30
K832,30
K853,30
L128,30
L921,30
M06871,30
M12262,30
M21821,30
M4134,30
M4315,30
M4319,30
M488X4,30
M5459,30
M60071,30
M65352,30
M7550,30
M80071A,30
M86679,30
M8710,30
N061,30
N4822,30
N4833,30
N6312,30
N765,30
N99842,30
O200,30
O24439,30
O360190,30
O4592,30
O4693,30
O6023X1,30
O6982X2,30
O6989X2,30
P969,30
Q010,30
Q103,30
Q238,30
Q246,30
Q410,30
Q524,30
R87618,30
S0264XA,30
S04899A,30
S066X9A,30
S13171A,30
S14104A,30
S14109A,30
S14139A,30
S22040D,30
S2241XS,30
S24112S,30
S27802A,30
S32039S,30
S34104A,30
S37042A,30
S42295A,30
S4290XA,30
S4291XD,30
S51831A,30
S52241A,30
S52512A,30
S5322XS,30
S60922D,30
S62232A,30
S62308B,30
S6291XD,30
S7012XD,30
S72009S,30
S72041D,30
S72052D,30
S72113A,30
S72321A,30
S81809A,30
S81851A,30
S8261XD,30
S82851G,30
S83422A,30
S89301A,30
S92002D,30
T23021A,30
T23302D,30
T23332A,30
T405X5A,30
T43615A,30
T470X2A,30
T8092XD,30
T82310A,30
T827XXD,30
T86819,30
V775,30
Z189,30
Z3492,30
Z362,30
Z419,30
A3212,29
A562,29
B251,29
B343,29
C158,29
C44211,29
C44722,29
C651,29
C7910,29
C8195,29
C8222,29
C8380,29
D1739,29
D2271,29
D249,29
D4862,29
D5912,29
D748,29
D823,29
E0943,29
E2681,29
E83118,29
F13131,29
G43811,29
G913,29
G9731,29
H02115,29
H02421,29
H15833,29
H25012,29
H2702,29
H33323,29
H353132,29
H53029,29
H5460,29
H6530,29
I515,29
I6002,29
I63031,29
I69190,29
I69941,29
I70338,29
I87031,29
I97620,29
K002,29
K55012,29
K8530,29
K91858,29
K9412,29
L02423,29
L4059,29
L89013,29
L982,29
M00012,29
M06861,29
M23206,29
M23322,29
M23611,29
M278,29
M41126,29
M4127,29
M65342,29
M79629,29
M80062D,29
M8438XA,29
M84412A,29
M86669,29
M8780,29
N142,29
N2881,29
N33,29
N83511,29
N905,29
O085,29
O335XX0,29
O353XX0,29
P232,29
R85612,29
R87613,29
R87629,29
S00411A,29
S0282XA,29
S080XXA,29
S12031A,29
S12120D,29
S14123D,29
S22080S,29
S2221XD,29
S27399A,29
S31623A,29
S31801A,29
S32012A,29
S32050A,29
S32425A,29
S32461A,29
S34111A,29
S3769XA,29
S52135A,29
S52201D,29
S52202A,29
S52615A,29
S60411A,29
S62313D,29
S62609D,29
S6292XA,29
S63042D,29
S63265A,29
S63634A,29
S70921D,29
S72144D,29
S73192A,29
S75092A,29
S81001D,29
S82102D,29
S82201K,29
S82409D,29
S92061B,29
S92415A,29
T189XXA,29
T2104XD,29
T23242A,29
T23371A,29
T28412A,29
T33822A,29
T360X5D,29
T400X5A,29
T441X5A,29
T50995S,29
T691XXA,29
T79A22S,29
T82837A,29
T85733A,29
V825,29
X010XXA,29
Z3042,29
Z3162,29
Z5731,29
Z729,29
Z8549,29
A021,28
A1831,28
A78,28
C574,28
D098,28
D2370,28
D3614,28
D49519,28
E0829,28
E52,28
F1113,28
F14988,28
F15151,28
F15180,28
G0400,28
G43711,28
G5139,28
G527,28
G721,28
G90523,28
H00011,28
H02203,28
H4912,28
H53133,28
H66003,28
H748X2,28
H81319,28
I25799,28
I6901,28
I69110,28
J1089,28
K08531,28
K141,28
K2931,28
K3521,28
K50912,28
K763,28
L102,28
L630,28
L640,28
M0020,28
M19272,28
M21622,28
M228X1,28
M2340,28
M24151,28
M2602,28
M4144,28
M4856XG,28
M4856XS,28
M6088,28
M76899,28
M8008XS,28
M84562A,28
M85612,28
M89371,28
M9953,28
N055,28
N480,28
N6039,28
O3402,28
O364XX0,28
O365933,28
O368932,28
O909,28
O98512,28
O9892,28
O99845,28
P158,28
P772,28
Q2547,28
Q281,28
R29736,28
R82994,28
S02841A,28
S0500XD,28
S0522XA,28
S06387A,28
S12300D,28
S13120A,28
S14105D,28
S15121A,28
S21001A,28
S22071A,28
S225XXD,28
S322XXD,28
S32312A,28
S3994XA,28
S42191B,28
S43005D,28
S45111A,28
S5010XA,28
S50872A,28
S50911D,28
S51001D,28
S51002A,28
S5292XD,28
S60562A,28
S62390A,28
S63257A,28
S6431XA,28
S66315A,28
S70321A,28
S72401A,28
S82832D,28
S90121A,28
S90122A,28
T17808A,28
T22011A,28
T23102A,28
T25732A,28
T3120,28
T39312D,28
T82191A,28
T82398A,28
T82514D,28
T84228A,28
T8450XA,28
T849XXA,28
V815,28
W07XXXD,28
Y902,28
Z293,28
Z52011,28
Z6229,28
Z8512,28
A523,27
A7741,27
A8100,27
B870,27
C44229,27
C4A59,27
C8179,27
C91Z1,27
D010,27
D074,27
D1339,27
D7802,27
D804,27
D806,27
E10618,27
E28310,27
E59,27
E850,27
E851,27
F1699,27
F17228,27
F408,27
F5112,27
G128,27
G40804,27
G44031,27
G514,27
G737,27
H11002,27
H33009,27
H3412,27
H348192,27
H7010,27
I232,27
I63513,27
I6619,27
I69092,27
I69159,27
I69293,27
I75023,27
I87001,27
J060,27
K281,27
K4130,27
K4140,27
L300,27
L7681,27
L89021,27
L89501,27
M1480,27
M19141,27
M21211,27
M24874,27
M25331,27
M3311,27
M3581,27
M4000,27
M60872,27
M62412,27
M67271,27
M7520,27
M84672A,27
M87252,27
M9963,27
N110,27
N6322,27
O0973,27
O228X2,27
O2512,27
O2692,27
O43112,27
Q172,27
Q53111,27
Q5529,27
R2240,27
R87821,27
S0232XB,27
S0562XA,27
S12490A,27
S13170A,27
S31010A,27
S31819D,27
S32031G,27
S3215XA,27
S32422A,27
S32691A,27
S42254G,27
S42492A,27
S45012A,27
S46001S,27
S5012XD,27
S51801A,27
S52291A,27
S63502D,27
S64491A,27
S6721XA,27
S6991XD,27
S72401K,27
S75191A,27
S81002D,27
S81831A,27
S82012A,27
S83262A,27
S83281D,27
S83521A,27
S85142A,27
S85201A,27
S86021A,27
S88922D,27
S91302S,27
S92322D,27
S92514D,27
T17928A,27
T2014XA,27
T2112XA,27
T380X6A,27
T732XXA,27
T84318A,27
V279,27
V550,27
W182XXD,27
X58XXXS,27
Y9341,27
Y93H3,27
Z01110,27
Z2802,27
Z4009,27
Z439,27
Z516,27
A3780,26
A439,26
B0053,26
B333,26
B852,26
B871,26
C4021,26
C494,26
C50519,26
C6212,26
C9511,26
D045,26
D119,26
D1621,26
D3617,26
D698,26
D838,26
E113311,26
E13649,26
E631,26
F0632,26
F1014,26
F812,26
G1220,26
G5760,26
G731,26
H02841,26
H10501,26
H25811,26
H33109,26
H4312,26
H4423,26
H47093,26
H50812,26
H53132,26
H9072,26
I289,26
I378,26
I450,26
I63449,26
I63523,26
I6921,26
I798,26
I8261,26
I82A21,26
J95860,26
K55011,26
K9501,26
L54,26
M00041,26
M0519,26
M10372,26
M12261,26
M12862,26
M13872,26
M216X9,26
M21832,26
M25011,26
M4723,26
M4728,26
M67211,26
M84352D,26
M85841,26
M8608,26
M89542,26
M89561,26
N040,26
N414,26
N83331,26
N86,26
N910,26
O074,26
O081,26
O365130,26
O4103X2,26
O468X2,26
O99830,26
P529,26
P722,26
Q401,26
Q6650,26
Q833,26
R5600,26
S0012XD,26
S0231XD,26
S0240FB,26
S0301XA,26
S065X0A,26
S1193XA,26
S12650A,26
S14125A,26
S14153A,26
S162XXA,26
S21342A,26
S22079S,26
S24154S,26
S2769XA,26
S32031D,26
S32032A,26
S32041D,26
S332XXA,26
S36893A,26
S37062A,26
S3710XD,26
S40861A,26
S42023A,26
S42201S,26
S42302K,26
S42401B,26
S42432A,26
S50811D,26
S50902D,26
S52122D,26
S53442A,26
S59222A,26
S59901A,26
S61250A,26
S62301B,26
S62317B,26
S62365A,26
S62647A,26
S68124A,26
S72391A,26
S72461A,26
S79191A,26
S79822A,26
S81002S,26
S82042A,26
S82102A,26
S82141S,26
S82852A,26
S85101A,26
S85319A,26
S86191A,26
S91002D,26
S91301S,26
S91321A,26
S92353A,26
S93124A,26
S99821A,26
T17498A,26
T22292A,26
T23292A,26
T3133,26
T34531A,26
T39396A,26
T403X5A,26
T448X6A,26
V300,26
V471,26
V501,26
V709,26
W1839XS,26
W230XXA,26
W401XXA,26
Y93E8,26
Y93K1,26
Z0283,26
Z4003,26
Z843,26
Z89231,26
Z9222,26
A5201,25
A9230,25
B390,25
B391,25
B452,25
C50819,25
C531,25
C6211,25
C700,25
C8305,25
C8400,25
C862,25
C9150,25
C9250,25
C92Z2,25
D2121,25
D2372,25
D601,25
E281,25
E329,25
F1519,25
F2081,25
F4324,25
F648,25
G1223,25
G602,25
H05242,25
H10021,25
H26493,25
H31002,25
H4310,25
H4440,25
H9212,25
H93239,25
H9325,25
I25729,25
I69011,25
J670,25
K35890,25
K7681,25
K8522,25
L0213,25
L89132,25
L97926,25
L97928,25
L98422,25
M00821,25
M02332,25
M24851,25
M3215,25
M4143,25
M7031,25
M80031A,25
M80032G,25
M84821,25
M86062,25
M8628,25
N13729,25
O3662X0,25
O640XX1,25
O98419,25
O9928,25
O9934,25
O99519,25
P0082,25
P024,25
P524,25
Q244,25
Q418,25
Q6119,25
Q72893,25
R1083,25
R3589,25
S0182XD,25
S0240ED,25
S02641A,25
S02642A,25
S02651A,25
S0285XA,25
S0285XD,25
S1113XA,25
S20112A,25
S22011A,25
S2232XS,25
S2239XS,25
S27809A,25
S3021XA,25
S31809A,25
S32309A,25
S32441A,25
S3500XA,25
S3600XA,25
S3613XA,25
S3663XA,25
S42122B,25
S42465A,25
S43102D,25
S43492S,25
S52002A,25
S53441A,25
S60031A,25
S60132A,25
S61304A,25
S62300D,25
S62306B,25
S62630A,25
S63254A,25
S63259A,25
S68012A,25
S72101A,25
S72451B,25
S78111D,25
S82202K,25
S82301B,25
S82453A,25
S82839A,25
S82863A,25
S83272A,25
S90412A,25
S91031A,25
S92201A,25
S92255A,25
S92902D,25
T17900A,25
T2012XA,25
T23001A,25
T23222A,25
T24121A,25
T370X5D,25
T43202A,25
T43296A,25
T46905A,25
T79A3XA,25
T84061A,25
T8613,25
T86811,25
T883XXA,25
V121,25
V251,25
V681,25
W130XXA,25
X31XXXA,25
Y9367,25
Z0101,25
Z360,25
Z8352,25
Z86002,25
A422,24
A6929,24
A770,24
A878,24
B9735,24
C44111,24
C49A5,24
C6911,24
C8240,24
C866,24
D129,24
D330,24
D438,24
D480,24
D49512,24
D613,24
D7822,24
E8020,24
F10988,24
F14159,24
F17229,24
F1890,24
F842,24
F958,24
G4729,24
G522,24
G5680,24
G96810,24
H02052,24
H0232,24
H02832,24
H04201,24
H05019,24
H11009,24
H11152,24
H21512,24
H21562,24
H219,24
H35411,24
H401110,24
H4051X0,24
H4051X2,24
H47011,24
H47091,24
H4931,24
H5212,24
H5442A5,24
I711,24
I75022,24
I888,24
I97111,24
I9751,24
J1083,24
J3502,24
K0262,24
K069,24
K131,24
K441,24
K5740,24
K8040,24
K91873,24
L1230,24
L97426,24
L97826,24
M00841,24
M01X59,24
M19142,24
M2032,24
M24212,24
M24452,24
M25375,24
M25721,24
M25722,24
M26601,24
M4147,24
M60012,24
M62469,24
M7710,24
M7750,24
M80051K,24
M80052A,24
M84350A,24
M84519D,24
M84551A,24
M85822,24
M86659,24
M87341,24
M953,24
M9988,24
N3644,24
N448,24
N5202,24
N6324,24
N74,24
N881,24
N889,24
O0281,24
O084,24
O1423,24
O24012,24
O4290,24
O8619,24
O9921,24
O99712,24
P143,24
Q019,24
Q219,24
Q6602,24
R0901,24
R290,24
R29726,24
R449,24
R839,24
R900,24
S0183XA,24
S0191XD,24
S02401S,24
S02671A,24
S0592XA,24
S069X0S,24
S12191G,24
S22048A,24
S31815A,24
S32021A,24
S32021D,24
S32049B,24
S32602A,24
S34105D,24
S36520A,24
S3729XD,24
S40029A,24
S42111D,24
S42241A,24
S42294A,24
S42391A,24
S51032A,24
S52021K,24
S52041A,24
S52253K,24
S52592S,24
S61512D,24
S62131A,24
S62131B,24
S62171A,24
S62333A,24
S62502D,24
S62522D,24
S62604A,24
S63267A,24
S65002A,24
S68127D,24
S72051A,24
S72111K,24
S72112K,24
S72491A,24
S75101A,24
S80222A,24
S81852D,24
S82115S,24
S82121A,24
S82209A,24
S82461B,24
S82845D,24
S82871D,24
S83105S,24
S83207A,24
S83412A,24
S83529D,24
S91002A,24
S92015A,24
S92505D,24
T2007XA,24
T2036XA,24
T22032A,24
T23352A,24
T24321A,24
T25391A,24
T404X1A,24
T428X4A,24
T466X2A,24
T796XXS,24
T799XXA,24
T80919A,24
T83012A,24
T83112A,24
T84190A,24
T84629A,24
V029,24
V422,24
V502,24
V594,24
W1811XA,24
Y712,24
Y901,24
Z30014,24
Z373,24
Z563,24
Z5941,24
B387,23
C091,23
C164,23
C185,23
C224,23
C248,23
C44622,23
C50121,23
C50922,23
C579,23
C8280,23
C864,23
D001,23
D039,23
D0592,23
D644,23
E103591,23
E11321,23
E7200,23
E7401,23
E7409,23
E7525,23
E8332,23
F12159,23
F1413,23
F3112,23
F8189,23
G465,23
G4726,23
H0016,23
H0270,23
H15052,23
H18509,23
H18892,23
H3561,23
H40219,23
H44132,23
H449,23
H5123,23
H53141,23
H53412,23
H5411,23
H5581,23
H61399,23
H7440,23
I281,23
I69052,23
I69098,23
I70402,23
I80202,23
I83224,23
J8283,23
J84111,23
K51511,23
L0202,23
L2389,23
L293,23
L303,23
L682,23
L711,23
L89022,23
M05211,23
M05342,23
M10342,23
M1209,23
M174,23
M1A09X1,23
M2110,23
M24152,23
M25252,23
M25622,23
M4204,23
M47019,23
M4720,23
M532X8,23
M5415,23
M62262,23
M65311,23
M6700,23
M6750,23
M67834,23
M7651,23
M84434A,23
M84511A,23
M86571,23
M86642,23
M8700,23
M8738,23
M89751,23
M9398,23
M9941,23
N020,23
N079,23
N489,23
N500,23
N972,23
O0981,23
O1212,23
O2340,23
O26839,23
O331,23
O411222,23
O43223,23
O716,23
O719,23
O98411,23
O9A212,23
P03819,23
P714,23
Q447,23
Q504,23
Q6211,23
Q798,23
Q873,23
R012,23
R10822,23
R82991,23
R8789,23
R893,23
S1120XA,23
S13130A,23
S13160A,23
S21002A,23
S22038D,23
S22040S,23
S22058D,23
S2609XA,23
S36509A,23
S3762XA,23
S41101A,23
S41101D,23
S42021D,23
S42252D,23
S42321S,23
S42342A,23
S43205A,23
S4492XA,23
S52209A,23
S55101A,23
S60929D,23
S62524A,23
S63266A,23
S63413A,23
S71101D,23
S73191S,23
S75002A,23
S82141B,23
S82431A,23
S83231A,23
S85012A,23
S8981XA,23
S92002S,23
S92412B,23
S92531A,23
T07XXXS,23
T2010XA,23
T2104XS,23
T2125XA,23
T2139XA,23
T24231A,23
T24231D,23
T25222D,23
T2612XA,23
T272XXA,23
T798XXS,23
T83191A,23
T83719A,23
T8484XS,23
T8544XA,23
T8754,23
V661,23
V733,23
Y900,23
Y9379,23
Z0371,23
Z1340,23
Z1401,23
Z85848,23
A329,22
A3689,22
A431,22
B699,22
C040,22
C261,22
C319,22
C6210,22
C8191,22
C8202,22
C8261,22
C860,22
D0919,22
D3A012,22
D430,22
D749,22
E113511,22
E298,22
E749,22
F13220,22
F17208,22
F21,22
G5611,22
G580,22
G6282,22
G651,22
G7121,22
G8322,22
G8381,22
H04122,22
H1789,22
H18601,22
H26222,22
H26491,22
H35013,22
H35049,22
H35101,22
H35139,22
H35719,22
H4010X1,22
H44009,22
H47141,22
H47612,22
H4940,22
H5589,22
H748X3,22
I6920,22
I70239,22
J8401,22
K041,22
K4021,22
K87,22
L89123,22
L89516,22
M00261,22
M0529,22
M06849,22
M10021,22
M11211,22
M1489,22
M19131,22
M19211,22
M21822,22
M2212,22
M23303,22
M24811,22
M2629,22
M4183,22
M453,22
M4854XG,22
M5408,22
M62559,22
M67919,22
M71072,22
M80011A,22
M80072D,22
M84459D,22
M84464A,22
M86351,22
M8639,22
M8648,22
M93022,22
N140,22
N452,22
N825,22
N83522,22
N99523,22
O034,22
O083,22
O2413,22
O6012X3,22
P0415,22
P588,22
P9161,22
Q2540,22
Q51820,22
Q605,22
Q754,22
Q812,22
Q901,22
R1906,22
R29727,22
S02412B,22
S0591XA,22
S061X0A,22
S0991XA,22
S12031D,22
S12101D,22
S12110S,22
S20462A,22
S22061D,22
S272XXS,22
S31609D,22
S336XXA,22
S34109A,22
S36221A,22
S36521A,22
S36898A,22
S37818A,22
S41022A,22
S42252A,22
S46011D,22
S46012D,22
S51032S,22
S52131A,22
S53195A,22
S56127A,22
S56522A,22
S61314A,22
S62614A,22
S66322A,22
S66323A,22
S6981XA,22
S70219A,22
S71112D,22
S72091G,22
S72361B,22
S7290XA,22
S76319A,22
S82012D,22
S82092A,22
S82109D,22
S82491D,22
S8290XS,22
S8291XS,22
S83209A,22
S8402XA,22
S88011S,22
S90415A,22
S92001S,22
S92209P,22
S92211B,22
S9781XA,22
S98131A,22
T17218A,22
T17890A,22
T2103XD,22
T22252D,22
T23401A,22
T24221A,22
T24391A,22
T25292A,22
T25312S,22
T43592D,22
T454X6A,22
T8202XA,22
T82128A,22
T82519A,22
V429,22
W001XXA,22
W2201XA,22
W268XXA,22
Y835,22
Z3149,22
Z364,22
Z4002,22
Z72821,22
Z85520,22
Z86012,22
Z89629,22
Z965,22
A363,21
A421,21
A5909,21
B085,21
C44599,21
C540,21
C8208,21
C8288,21
C8299,21
C8315,21
C8441,21
C8490,21
C8516,21
C8596,21
D0502,21
D2270,21
D2311,21
D3A010,21
D440,21
D460,21
D47Z2,21
D568,21
D7801,21
E7402,21
E76210,21
F1414,21
F15988,21
F3113,21
F804,21
G232,21
G5691,21
G5780,21
G8382,21
H019,21
H04302,21
H04511,21
H11822,21
H30893,21
H402230,21
H43822,21
H541213,21
H5501,21
H6522,21
H6533,21
H70891,21
I613,21
I63439,21
I670,21
I69014,21
I70228,21
I82561,21
I9762,21
J182,21
J9571,21
K000,21
K51314,21
K5751,21
K5931,21
K6381,21
K742,21
K8060,21
L89529,21
L89602,21
L97328,21
L97401,21
M00051,21
M12521,21
M12561,21
M12842,21
M1310,21
M152,21
M172,21
M19111,21
M19112,21
M21052,21
M21541,21
M21921,21
M2202,21
M24272,21
M24576,21
M25161,21
M2569,21
M26602,21
M308,21
M3312,21
M4834,21
M6140,21
M65041,21
M660,21
M76819,21
M80859A,21
M832,21
M84451D,21
M84574A,21
M84631A,21
M8928,21
M8950,21
M89772,21
M8978,21
M93262,21
M964,21
N045,21
N3030,21
N485,21
N771,21
N883,21
N99114,21
O0911,21
O403XX1,21
O4420,21
O692XX1,21
O895,21
O906,21
O9A213,21
P9162,21
Q380,21
Q8719,21
Q911,21
Q983,21
R250,21
R39191,21
R823,21
R87622,21
R895,21
S01302D,21
S0240EB,21
S0291XD,21
S064X9D,21
S069X1A,21
S12501A,21
S15001S,21
S21142D,21
S21149A,21
S2243XS,21
S27309A,21
S32611A,21
S36593A,21
S3710XA,21
S41102D,21
S42002S,21
S42024A,21
S42132A,21
S42202G,21
S42213A,21
S42291P,21
S43101A,21
S4992XD,21
S52031A,21
S52392A,21
S52602K,21
S5291XD,21
S53431A,21
S55011D,21
S6000XD,21
S62114D,21
S62342A,21
S62393A,21
S62394A,21
S62613B,21
S62624A,21
S62633A,21
S62636B,21
S63104A,21
S71011S,21
S72032A,21
S72032D,21
S72435D,21
S81852A,21
S82125A,21
S82135A,21
S82154A,21
S82302D,21
S82409S,21
S8254XE,21
S82831S,21
S82853A,21
S8492XA,21
S85391A,21
S85412A,21
S86111A,21
S90416A,21
S90852A,21
S92244A,21
S92919A,21
S9306XA,21
T2029XA,21
T22241A,21
T383X1A,21
T401X2A,21
T40711A,21
T426X1A,21
T451X4A,21
T466X5S,21
T510X4A,21
T8131XS,21
T82213A,21
T8385XA,21
T84012A,21
T84041A,21
T84051A,21
T84410A,21
T85690A,21
V298,21
W01190A,21
Z055,21
Z3183,21
Z597,21
Z7729,21
Z8520,21
Z86007,21
A0682,20
B188,20
B3784,20
B384,20
B600,20
B889,20
C44509,20
C44629,20
C601,20
C659,20
C8231,20
C8379,20
C9141,20
D0421,20
D3002,20
D3611,20
D3911,20
D512,20
D57811,20
E001,20
E0501,20
F10921,20
F19139,20
F40243,20
F441,20
F518,20
F520,20
F630,20
G452,20
G542,20
G5733,20
G9059,20
H0102B,20
H04203,20
H05409,20
H18513,20
H211X2,20
H25011,20
H3343,20
H5021,20
H6021,20
H60502,20
H65197,20
H66002,20
H663X1,20
H832X2,20
H9210,20
I21A,20
I220,20
I63132,20
I63239,20
I63533,20
I70503,20
I821,20
I82519,20
I97810,20
J0391,20
J8289,20
K113,20
K134,20
K287,20
K8065,20
L0221,20
L043,20
L255,20
L816,20
L89116,20
L89819,20
M00211,20
M2211,20
M23262,20
M25819,20
M3300,20
M438X5,20
M4649,20
M50220,20
M532X,20
M60041,20
M6518,20
M65849,20
M67212,20
M67361,20
M71152,20
M7701,20
M80821A,20
M84375A,20
M84521D,20
M8619,20
M86241,20
M8709,20
M96672,20
N35811,20
N4340,20
O008,20
O020,20
O2691,20
O321XX3,20
O338,20
O360120,20
O360910,20
O401XX1,20
P039,20
P153,20
P2420,20
P7432,20
Q645,20
Q652,20
Q71812,20
Q7241,20
Q7243,20
S01412D,20
S12501D,20
S129XXA,20
S14156A,20
S22081D,20
S2231XK,20
S280XXA,20
S3022XA,20
S31100A,20
S31642A,20
S31824A,20
S32050D,20
S3219XS,20
S36116A,20
S36116D,20
S36528A,20
S36533A,20
S41001A,20
S41009A,20
S42232A,20
S43024A,20
S43202A,20
S43393A,20
S46011S,20
S51841A,20
S52021D,20
S52252B,20
S52302D,20
S52541A,20
S5291XA,20
S59902A,20
S60921D,20
S61001A,20
S62001D,20
S62115A,20
S62300A,20
S62366B,20
S62396A,20
S63005A,20
S63274A,20
S63613A,20
S66110D,20
S66120A,20
S66198A,20
S67196S,20
S71151A,20
S72112D,20
S80812D,20
S81001A,20
S82401S,20
S82402K,20
S82432A,20
S8251XB,20
S8251XK,20
S82842P,20
S83232A,20
S83241D,20
S83271A,20
S83289A,20
S83421D,20
S86892A,20
S90932D,20
S91052A,20
S92214A,20
S92222B,20
S92421A,20
S93105A,20
S93314A,20
T2126XA,20
T22092A,20
T23011D,20
T381X2A,20
T402X4A,20
T40415A,20
T40602A,20
T43622A,20
T471X5A,20
T50916A,20
T50991A,20
T733XXA,20
T781XXD,20
T79A9XA,20
T8030XS,20
T82591A,20
T84053A,20
T84298A,20
V233,20
V299XXS,20
V426,20
V537,20
V556,20
W000XXD,20
W182XXA,20
Z30015,20
Z62821,20
Z635,20
Z726,20
Z7989,20
Z87721,20
A0229,19
A488,19
A5602,19
A928,19
B689,19
B851,19
C223,19
C44611,19
C8253,19
C9300,19
C9311,19
E062,19
E113411,19
E11351,19
E241,19
F10259,19
F10939,19
F11250,19
F15120,19
F447,19
F4521,19
F489,19
G120,19
G372,19
G5133,19
G5731,19
G59,19
G8922,19
G96191,19
H02206,19
H1011,19
H25093,19
H26009,19
H35712,19
H52213,19
H5371,19
H5442A4,19
I6052,19
I69093,19
I70462,19
J0141,19
J160,19
J331,19
K0521,19
K902,19
L89131,19
L8994,19
L9741,19
M05541,19
M0688,19
M1180,19
M23201,19
M23252,19
M24472,19
M25074,19
M26212,19
M279,19
M41129,19
M4328,19
M4604,19
M60003,19
M71062,19
M8008XK,19
M800AXA,19
M808AXA,19
M84372A,19
M8550,19
M86622,19
M87152,19
M89551,19
M89552,19
M89662,19
N522,19
N6331,19
N6451,19
N90813,19
N99522,19
O080,19
O26859,19
O368190,19
O411231,19
O42911,19
O43212,19
O4412,19
O98113,19
O9822,19
P911,19
P91819,19
Q079,19
Q222,19
Q289,19
Q5562,19
Q741,19
Q761,19
R10829,19
R402350,19
R898,19
S0091XD,19
S01111D,19
S0280XD,19
S12090D,19
S12601D,19
S14145D,19
S24102S,19
S31829D,19
S32008D,19
S32421A,19
S32602B,19
S334XXD,19
S34139D,19
S3639XS,19
S36429A,19
S36539A,19
S3992XS,19
S42032D,19
S42101S,19
S42209A,19
S42409A,19
S43006A,19
S43492D,19
S46119A,19
S51011D,19
S51819A,19
S52021S,19
S52201E,19
S52611D,19
S60021A,19
S60141A,19
S60211D,19
S62121A,19
S62202A,19
S62304A,19
S62612A,19
S63115A,19
S63280A,19
S65511A,19
S71111D,19
S71152A,19
S72001K,19
S72331D,19
S72421D,19
S73005D,19
S80922D,19
S8291XD,19
S83412D,19
S83522D,19
S89101A,19
S89121A,19
S92335D,19
S92901A,19
S93439A,19
S93691A,19
S96811A,19
S9781XS,19
T161XXA,19
T17820A,19
T2030XS,19
T2111XA,19
T22391S,19
T23121A,19
T23302S,19
T23331A,19
T3130,19
T386X5S,19
T391X2D,19
T424X1A,19
T447X4A,19
T454X5D,19
T501X5D,19
T50912A,19
T510X3A,19
T671XXA,19
T82320A,19
T8243XA,19
T84063A,19
T84099A,19
V4321,19
V471XXA,19
V554,19
W01198D,19
W208XXD,19
Z62890,19
Z899,19
Z96621,19
A3700,18
A809,18
A811,18
A94,18
B743,18
C039,18
C412,18
C44602,18
C538,18
C8113,18
C8250,18
C9130,18
C9480,18
D040,18
D581,18
D72119,18
E0959,18
E0969,18
E10620,18
E642,18
E7142,18
E723,18
E799,18
E852,18
F12959,18
F13282,18
F19121,18
F529,18
F912,18
G43011,18
G43509,18
G5630,18
G5762,18
G9200,18
H15009,18
H16201,18
H1813,18
H2142,18
H30899,18
H353210,18
H353211,18
H4011X4,18
H402223,18
H44513,18
H5043,18
H52202,18
H59012,18
H93299,18
H933X2,18
I011,18
I63331,18
I6611,18
I69931,18
I82701,18
I83223,18
J1189,18
J382,18
J689,18
J8481,18
J95850,18
K007,18
K0500,18
K5229,18
K9183,18
L89009,18
L89012,18
L89119,18
L89140,18
L98426,18
M02362,18
M0530,18
M0569,18
M06041,18
M06321,18
M10022,18
M10052,18
M14861,18
M25742,18
M4693,18
M4695,18
M4857XD,18
M5402,18
M62572,18
M65021,18
M65161,18
M65172,18
M6618,18
M6680,18
M67322,18
M67819,18
M84559S,18
M85451,18
M86621,18
M8789,18
M9111,18
M92219,18
M93871,18
M9711XD,18
N6342,18
N7091,18
N806,18
O010,18
O09219,18
O1490,18
O2242,18
O24430,18
O30009,18
O30011,18
O3622X0,18
O3671X1,18
O368320,18
O4100X0,18
O98511,18
O99840,18
P010,18
P0509,18
P278,18
P362,18
P926,18
Q5311,18
Q622,18
Q822,18
Q831,18
Q9382,18
R1915,18
R402332,18
R402421,18
R943,18
S00571A,18
S0080XA,18
S01511D,18
S02401B,18
S02622A,18
S04012A,18
S06350A,18
S065X1S,18
S12000G,18
S12201A,18
S14101D,18
S22080K,18
S2232XG,18
S24151S,18
S27329D,18
S31149A,18
S31809D,18
S32059S,18
S32120D,18
S32391D,18
S32435A,18
S32811D,18
S40011D,18
S42022S,18
S42255D,18
S42325A,18
S42411K,18
S42412D,18
S46092D,18
S50901A,18
S52022K,18
S52134A,18
S52514A,18
S53104D,18
S59901D,18
S61011A,18
S61521A,18
S62307A,18
S62346D,18
S62364A,18
S62635B,18
S62660A,18
S63592A,18
S68127A,18
S71002D,18
S72009K,18
S72061S,18
S72092D,18
S72114D,18
S72143S,18
S72409D,18
S72452D,18
S79192A,18
S80221A,18
S80821D,18
S82101A,18
S82131A,18
S82201G,18
S82402E,18
S82492S,18
S82831E,18
S82871K,18
S83511S,18
S8412XD,18
S85132A,18
S88119D,18
S90921A,18
S91102D,18
S91202A,18
S91205A,18
S92212B,18
S92216A,18
S92511B,18
S98219A,18
T22042S,18
T22059A,18
T24301D,18
T25312A,18
T3132,18
T33822S,18
T39012A,18
T39311A,18
T402X5S,18
T424X2D,18
T471X6A,18
T5492XA,18
T8141XD,18
T83592A,18
T84023A,18
T84052A,18
T85398A,18
T85838A,18
T8623,18
V152,18
V273,18
V301,18
V672,18
X828XXA,18
Y93K9,18
Z0373,18
Z0375,18
Z1631,18
Z20821,18
Z30018,18
Z89621,18
B021,17
B0233,17
B719,17
C100,17
C44301,17
C632,17
C8111,17
C8131,17
C8221,17
C8298,17
C8373,17
C8471,17
C8518,17
C9161,17
D372,17
E0921,17
E113393,17
E320,17
E678,17
F1119,17
F15159,17
F17293,17
F1820,17
F19132,17
F938,17
G3289,17
G40319,17
G40824,17
G4482,17
G5773,17
G587,17
G7119,17
G8102,17
G9781,17
H00012,17
H0231,17
H04222,17
H11423,17
H2589,17
H26102,17
H35123,17
H401290,17
H4020X1,17
H44413,17
H5053,17
H53019,17
H66011,17
H7193,17
H7202,17
H7402,17
H8091,17
I2511,17
I2783,17
I502,17
I69923,17
I69934,17
I789,17
I82719,17
I87322,17
I87392,17
J668,17
K0499,17
K2941,17
K31A19,17
K50112,17
K51218,17
K910,17
L02429,17
L0882,17
L2489,17
L661,17
L89010,17
L89113,17
L89524,17
L89814,17
L97802,17
L99,17
M00042,17
M05811,17
M0840,17
M08872,17
M1040,17
M13132,17
M19121,17
M21072,17
M21542,17
M21932,17
M21952,17
M23309,17
M23331,17
M24022,17
M24477,17
M2576,17
M2679,17
M41127,17
M4836,17
M488X7,17
M5082,17
M6158,17
M65131,17
M65142,17
M66872,17
M67471,17
M6790,17
M80032K,17
M80041A,17
M80051G,17
M84459S,17
M84651A,17
M85651,17
M86151,17
M86452,17
M8708,17
M880,17
M89372,17
M89521,17
M93271,17
M94222,17
M948X7,17
N038,17
N219,17
N5319,17
O23591,17
O2511,17
O26831,17
O26832,17
O26849,17
O320XX2,17
O34592,17
O361920,17
O4453,17
O4702,17
O8613,17
O898,17
P043,17
P352,17
P782,17
Q061,17
Q353,17
Q510,17
Q639,17
R462,17
R87615,17
S00201A,17
S0101XS,17
S0180XA,17
S13150A,17
S14124A,17
S14126A,17
S2231XS,17
S2241XG,17
S30812A,17
S31103A,17
S31832A,17
S32009S,17
S32491K,17
S42411D,17
S4422XA,17
S46001A,17
S46812D,17
S46912D,17
S50352A,17
S52301D,17
S52502G,17
S53105A,17
S5421XA,17
S56113S,17
S60413A,17
S62309A,17
S62337A,17
S62610B,17
S62626A,17
S63286D,17
S65012A,17
S66325D,17
S67196A,17
S68623A,17
S7002XD,17
S70361A,17
S71141A,17
S72052A,17
S72143A,17
S72302K,17
S72334D,17
S73003D,17
S76919A,17
S80261A,17
S80829A,17
S81012D,17
S82391A,17
S82891S,17
S82892E,17
S86012D,17
S90424A,17
S91152A,17
S91341A,17
S92122A,17
S92212D,17
S92353D,17
S92502D,17
S92912G,17
S93412A,17
S96801D,17
T190XXA,17
T2003XA,17
T2114XA,17
T2130XS,17
T22012S,17
T22352S,17
T23212A,17
T24302S,17
T25731A,17
T368X5S,17
T382X5A,17
T43022A,17
T43505A,17
T50904A,17
T8090XA,17
T82119A,17
T83032A,17
T84196A,17
V134,17
V183,17
V202,17
V9111,17
V9112,17
W2212XA,17
W293XXD,17
Y833,17
Y846,17
Z1271,17
Z134,17
Z2259,17
Z3049,17
Z9714,17
B9711,16
C322,16
C328,16
C4911,16
C496,16
C676,16
C6921,16
C8220,16
C8303,16
C8448,16
C8594,16
C865,16
C9501,16
D0582,16
D099,16
D142,16
D1730,16
D1772,16
D220,16
D400,16
D420,16
D590,16
D596,16
D643,16
E0801,16
E0810,16
E113499,16
E1341,16
E280,16
E75241,16
E8989,16
F10180,16
F1094,16
F12921,16
F15229,16
F19250,16
F40248,16
G042,16
G1222,16
G40B19,16
G44091,16
G44321,16
G5641,16
G6182,16
H01026,16
H02539,16
H0261,16
H02822,16
H04002,16
H04202,16
H20823,16
H33313,16
H35362,16
H40211,16
H43392,16
H44002,16
H44112,16
H52201,16
H53451,16
H60501,16
H60509,16
H60549,16
H61302,16
H7113,16
I25769,16
I6010,16
I63342,16
I659,16
I69018,16
I69231,16
I69290,16
I8013,16
J633,16
J8409,16
K045,16
K145,16
K313,16
K51819,16
K5713,16
K732,16
K741,16
L0212,16
L438,16
L919,16
M05441,16
M06831,16
M11212,16
M1128,16
M19132,16
M20099,16
M21262,16
M23301,16
M24075,16
M24471,16
M25332,16
M25831,16
M2612,16
M2662,16
M62452,16
M67252,16
M67372,16
M67873,16
M80021A,16
M84352A,16
M84363A,16
M84411S,16
M84454S,16
M84533D,16
M86061,16
M87342,16
M88861,16
M8918,16
M9261,16
N118,16
N35916,16
N6315,16
N8182,16
N83519,16
O0910,16
O09612,16
O24313,16
O252,16
O30123,16
O30193,16
O3480,16
O360990,16
O36593,16
O418X10,16
O418X20,16
O45093,16
O9213,16
P0418,16
P399,16
P510,16
Q169,16
Q179,16
Q2544,16
Q311,16
Q458,16
Q799,16
Q9351,16
R192,16
R301,16
R402324,16
R402353,16
R402434,16
R4921,16
R846,16
R897,16
R9349,16
S00219A,16
S00522A,16
S0083XS,16
S031XXA,16
S065X0D,16
S06890A,16
S1096XA,16
S21209A,16
S22080G,16
S2329XA,16
S2610XA,16
S29012D,16
S299XXD,16
S3091XA,16
S31104D,16
S31814A,16
S3210XB,16
S3421XD,16
S36893D,16
S37032D,16
S3799XA,16
S3983XA,16
S40011S,16
S45191D,16
S46209A,16
S46219A,16
S5001XD,16
S52044A,16
S52202J,16
S52531A,16
S52601B,16
S52614D,16
S56402A,16
S60921A,16
S62111D,16
S62322A,16
S62607A,16
S62609A,16
S62621B,16
S63072A,16
S63255A,16
S6392XA,16
S648X1A,16
S66492A,16
S66523A,16
S72144S,16
S7401XA,16
S76112D,16
S76292A,16
S76919D,16
S80822D,16
S80921A,16
S81811S,16
S81832A,16
S82001Q,16
S82121S,16
S82142S,16
S82201E,16
S82891G,16
S83003A,16
S83272D,16
S83512S,16
S8410XD,16
S86302S,16
S90512D,16
S91322A,16
S92016D,16
S92252G,16
S93419A,16
S9782XA,16
T18128D,16
T22232A,16
T22321A,16
T23002S,16
T25029A,16
T33522A,16
T366X5A,16
T368X6A,16
T374X5A,16
T40715A,16
T447X2A,16
T451X6A,16
T452X5A,16
T483X2A,16
T56892A,16
T6594XA,16
T801XXD,16
T8030XA,16
T8062XA,16
T8209XA,16
T83091D,16
T84093S,16
T84123A,16
T84298S,16
T8454XS,16
T8549XS,16
T85613A,16
T85630A,16
V492,16
V743,16
W228XXS,16
W881XXS,16
X101XXA,16
Y798,16
Y9364,16
Y93E9,16
Z332,16
Z374,16
Z409,16
Z578,16
Z8529,16
Z87710,16
Z9885,16
A420,15
A429,15
A601,15
A881,15
C441192,15
C467,15
C488,15
C493,15
C7A010,15
C8112,15
C8311,15
C8316,15
C8352,15
C8440,15
C9151,15
D117,15
D3000,15
D552,15
E290,15
E299,15
E500,15
E617,15
E710,15
E7529,15
F10151,15
F13959,15
F14288,15
F19259,15
G652,15
G701,15
G719,15
G830,15
H00019,15
H00034,15
H00035,15
H0011,15
H02849,15
H0510,15
H16209,15
H18829,15
H353120,15
H353133,15
H40019,15
H43391,15
H44439,15
H4711,15
H5015,15
H6643,15
H7013,15
H7190,15
H8192,15
I070,15
I39,15
I6329,15
I713,15
I97631,15
J0380,15
J102,15
J418,15
K8582,15
L02424,15
L02425,15
L253,15
L402,15
L89120,15
L89816,15
L908,15
L98412,15
L98418,15
M0520,15
M0549,15
M06829,15
M06832,15
M10371,15
M11279,15
M12552,15
M12861,15
M13112,15
M19171,15
M1A0611,15
M1A39X1,15
M2420,15
M24651,15
M3110,15
M3321,15
M4986,15
M60004,15
M60811,15
M7032,15
M7530,15
M84374A,15
M84478D,15
M84552P,15
M85679,15
M87353,15
M87850,15
M881,15
M948X8,15
N343,15
N7001,15
N842,15
O0931,15
O09823,15
O2651,15
O30013,15
O4102X1,15
O4102X2,15
O43231,15
O43813,15
O4440,15
O691XX1,15
O771,15
O8609,15
P0508,15
P504,15
P918,15
Q656,15
Q661,15
Q829,15
Q8503,15
Q927,15
R29728,15
R402233,15
R402351,15
S00202A,15
S01112D,15
S02600D,15
S02602A,15
S061X7A,15
S069X0A,15
S069X0D,15
S0922XA,15
S1016XS,15
S14125D,15
S148XXA,15
S20221D,15
S22089G,15
S27899D,15
S3130XA,15
S31823A,15
S32391A,15
S32402S,15
S32456D,15
S32492D,15
S34102S,15
S36509D,15
S37049D,15
S3763XA,15
S40019A,15
S41002D,15
S41112S,15
S42102B,15
S42151S,15
S42442D,15
S43003D,15
S43422A,15
S46292A,15
S52023K,15
S52024D,15
S52302A,15
S52532A,15
S56125A,15
S56912A,15
S59911A,15
S61552A,15
S62232D,15
S62315G,15
S62343A,15
S62606A,15
S62612B,15
S66891A,15
S6702XS,15
S67191A,15
S68021D,15
S7000XD,15
S7002XS,15
S70912A,15
S79911D,15
S79919A,15
S80872A,15
S82002E,15
S82122A,15
S82143D,15
S82242A,15
S82424A,15
S82864A,15
S82872J,15
S83195A,15
S83249D,15
S89302A,15
S89392A,15
S90922A,15
S91104D,15
S91109D,15
S92232A,15
S92241D,15
S92344A,15
S92402B,15
S92411D,15
S92412D,15
S99822D,15
T2039XA,15
T2103XA,15
T2107XD,15
T22049S,15
T22251D,15
T23012A,15
T24002A,15
T24321S,15
T3155,15
T380X,15
T391X3A,15
T394X6A,15
T423X5A,15
T428X2A,15
T45512A,15
T458X5D,15
T495X5A,15
T5194XA,15
T68XXXD,15
T791XXD,15
T80211D,15
T8132XS,15
T8211,15
T82857D,15
T83010A,15
T83190A,15
T83198A,15
T83598A,15
T8359XA,15
T839XXD,15
T8482XS,15
T8750,15
W450XXA,15
Y658,15
Y9383,15
Z0142,15
Z036,15
Z1330,15
Z16342,15
Z752,15
Z8341,15
Z91014,15
Z963,15
A449,14
A519,14
B000,14
B358,14
B4089,14
B9732,14
C12,14
C44619,14
C758,14
C7A011,14
C8470,14
C9220,14
D144,14
D1622,14
D46A,14
D470,14
D72824,14
D8982,14
E13319,14
E1349,14
E7522,14
F1394,14
F18288,14
G44019,14
G468,14
G4721,14
G4753,14
G528,14
G702,14
G733,14
G90519,14
H0013,14
H0014,14
H01131,14
H04023,14
H05013,14
H15012,14
H15101,14
H25042,14
H34812,14
H348122,14
H35032,14
H4020X3,14
H4050X3,14
H43823,14
H4421,14
H53419,14
H5700,14
H59033,14
H6010,14
H61031,14
H6641,14
H8101,14
H8301,14
H9213,14
I63549,14
I6629,14
I69890,14
I69964,14
I70645,14
I825Y9,14
J0121,14
J112,14
J4599,14
J949,14
K51512,14
K51918,14
K901,14
L02216,14
L110,14
L244,14
L590,14
L89023,14
L97902,14
L98495,14
M048,14
M0550,14
M05761,14
M06042,14
M10272,14
M1A0221,14
M21241,14
M2291,14
M25071,14
M25439,14
M25449,14
M25629,14
M26633,14
M273,14
M429,14
M50020,14
M50822,14
M60861,14
M65162,14
M65171,14
M66362,14
M6688,14
M67843,14
M70031,14
M71522,14
M84475,14
M8448XG,14
M84651S,14
M85472,14
M86251,14
M87162,14
M9240,14
M93261,14
N3643,14
N5239,14
N7012,14
N9971,14
O0952,14
O159,14
O24319,14
O2643,14
O2663,14
O26842,14
O285,14
O2943,14
O365922,14
O43233,14
O8600,14
P294,14
P589,14
Q120,14
Q131,14
Q526,14
Q6410,14
Q6501,14
Q6601,14
Q6642,14
Q87410,14
R10821,14
R6331,14
R7879,14
R871,14
S0090XA,14
S01142A,14
S01512D,14
S02400K,14
S02412S,14
S02612D,14
S02642D,14
S028XXD,14
S04011D,14
S0462XS,14
S0500XA,14
S0510XA,14
S12291A,14
S12291D,14
S14155D,14
S20409D,14
S21212A,14
S22008S,14
S22078D,14
S2223XD,14
S24104D,14
S24114D,14
S2500XS,14
S31143A,14
S31502A,14
S32040S,14
S32302D,14
S32392S,14
S32434A,14
S3289XK,14
S37009S,14
S42251D,14
S43001D,14
S43015D,14
S4431XA,14
S46002D,14
S46919D,14
S4981XS,14
S4992XS,14
S52001D,14
S52091D,14
S52272M,14
S53104S,14
S53402D,14
S60019A,14
S60419D,14
S60452S,14
S61432D,14
S62315D,14
S62512D,14
S63211A,14
S63282A,14
S63501D,14
S63591A,14
S66126D,14
S66393A,14
S6722XA,14
S72131S,14
S72391D,14
S72451G,14
S72491D,14
S76219A,14
S76311A,14
S80871A,14
S81011D,14
S82135D,14
S82452E,14
S83521D,14
S8391XD,14
S90451A,14
S91214A,14
S91332D,14
S92101G,14
S92221A,14
S92252D,14
S92335A,14
S92422B,14
S93422D,14
T22112A,14
T22191A,14
T2220XD,14
T23209A,14
T25111A,14
T25421A,14
T33532A,14
T402X2D,14
T424X5D,14
T4274XA,14
T43292A,14
T43626A,14
T467X5A,14
T512X2A,14
T65891A,14
T8029XD,14
T82897S,14
T84020D,14
V189,14
V293,14
W050XXD,14
W458XXA,14
W868XXA,14
Z361,14
Z564,14
Z5902,14
Z592,14
Z593,14
Z594,14
Z72810,14
Z83430,14
Z8582,14
Z87412,14
Z87430,14
Z946,14
A170,13
B582,13
C44321,13
C8235,13
C8584,13
D070,13
D166,13
D2120,13
D434,13
D57419,13
D84822,13
E229,13
E613,13
E7143,13
E7421,13
E744,13
E769,13
F10982,13
F3171,13
F5103,13
F69,13
G241,13
G509,13
G5612,13
G803,13
H0100B,13
H04009,13
H04301,13
H0469,13
H15001,13
H16222,13
H16233,13
H32,13
H3323,13
H34819,13
H35063,13
H35351,13
H35412,13
H402213,13
H5120,13
H53139,13
H53482,13
H6503,13
H90A22,13
H93011,13
I6322,13
I6612,13
I69012,13
I69028,13
I69361,13
I70309,13
I83014,13
J1181,13
J703,13
K50811,13
K5282,13
K5741,13
K5752,13
K6281,13
K718,13
L02223,13
L048,13
L2082,13
L7633,13
L89306,13
L941,13
L97225,13
M0560,13
M05871,13
M06852,13
M08852,13
M13821,13
M2020,13
M21942,13
M23352,13
M24539,13
M25269,13
M25359,13
M26221,13
M40293,13
M4154,13
M4814,13
M4989,13
M60869,13
M61512,13
M6218,13
M67272,13
M67952,13
M71552,13
M71811,13
M80059S,13
M84452S,13
M84551D,13
M84552G,13
M8500,13
M9390,13
N069,13
N3011,13
N3945,13
N821,13
N903,13
O030,13
O0488,13
O0900,13
O2302,13
O2313,13
O24019,13
O30049,13
O329XX1,13
O3441,13
O351XX2,13
O365120,13
O365910,13
O368390,13
O6013X0,13
O6989X1,13
O88811,13
O98112,13
O9833,13
P0514,13
P618,13
P948,13
Q049,13
Q159,13
Q173,13
Q239,13
Q2731,13
Q351,13
Q383,13
Q393,13
Q459,13
Q5001,13
Q558,13
Q6651,13
Q7011,13
Q7031,13
Q7033,13
Q777,13
Q7963,13
Q802,13
R041,13
R402443,13
R939,13
S0122XA,13
S0510XD,13
S0542XA,13
S065X9D,13
S06891A,13
S098XXS,13
S0992XD,13
S100XXA,13
S1091XD,13
S12690D,13
S12690S,13
S14129D,13
S2232XK,13
S2509XD,13
S30810D,13
S31115A,13
S32011D,13
S32050G,13
S335XXD,13
S3421XS,13
S343XXD,13
S3609XD,13
S36115D,13
S36116S,13
S3722XD,13
S3983XD,13
S41131A,13
S42152A,13
S42291B,13
S42309D,13
S43409A,13
S4392XA,13
S45812A,13
S46112A,13
S52612D,13
S60861A,13
S61250D,13
S61251A,13
S61531A,13
S62102D,13
S62142D,13
S62397A,13
S62511B,13
S62662A,13
S63044A,13
S63094A,13
S63200A,13
S63619A,13
S63690A,13
S68112D,13
S68117A,13
S72111D,13
S72142S,13
S80811S,13
S81022D,13
S81809D,13
S82111D,13
S82114D,13
S82192A,13
S82242K,13
S82251B,13
S85092D,13
S90872A,13
S91032A,13
S91112D,13
S91202D,13
S92151A,13
S92352B,13
S92515A,13
S93524A,13
S9491XA,13
S99829A,13
T2047XA,13
T22321S,13
T22331S,13
T23161A,13
T25022A,13
T2601XS,13
T380X2A,13
T385X5D,13
T421X6A,13
T431X5A,13
T43621S,13
T446X6A,13
T466X5D,13
T471X5D,13
T495X2A,13
T4995XA,13
T582X2A,13
T8189XS,13
T82120D,13
T82534A,13
T839XXS,13
T85890A,13
V00321A,13
V281,13
V401,13
V679,13
V821,13
W0110XA,13
W06XXXS,13
W1812XS,13
X102XXA,13
Y9335,13
Z0130,13
Z0571,13
Z1273,13
Z2829,13
Z3402,13
Z6332,13
Z72811,13
Z762,13
Z790,13
Z828,13
Z8671,13
Z949,13
A0819,12
A082,12
A5401,12
A5611,12
B407,12
B9621,12
C111,12
C318,12
C44119,12
C44219,12
C461,12
C463,12
C4920,12
C50929,12
C701,12
C7492,12
C751,12
C8233,12
C9592,12
D067,12
D071,12
D22121,12
D3910,12
D5529,12
D6942,12
D762,12
D89834,12
E0836,12
E368,12
E705,12
E71522,12
E7253,12
E7412,12
E75240,12
F11120,12
F1324,12
F14120,12
G242,12
G40811,12
G4486,12
G508,12
G5723,12
H01025,12
H02879,12
H04121,12
H10503,12
H11159,12
H11421,12
H16293,12
H18429,12
H18609,12
H20052,12
H31012,12
H33322,12
H35062,12
H4932,12
H53123,12
H5315,12
H5442A3,12
H60391,12
H60543,12
H6520,12
H6591,12
I062,12
I69812,12
I69852,12
I70411,12
I82449,12
I83024,12
I87092,12
J8281,12
K030,12
K048,12
K0520,12
K090,12
L0109,12
L2083,12
L74510,12
L8944,12
L943,12
L981,12
M0808,12
M2410,12
M24275,12
M25741,12
M2769,12
M3391,12
M3589,12
M4303,12
M4318,12
M4634,12
M4698,12
M5380,12
M5388,12
M60272,12
M63852,12
M84462S,12
M84463A,12
M8458XG,12
M84750G,12
M87838,12
M928,12
M93912,12
N1371,12
N4882,12
N751,12
N758,12
O029,12
O1013,12
O26812,12
O365921,12
O3680X0,12
O368331,12
O3693X0,12
O4193X0,12
O6010X1,12
O9872,12
P036,12
P129,12
P299,12
P783,12
Q0702,12
Q174,12
Q188,12
Q254,12
Q391,12
Q914,12
R058,12
R701,12
S0081XS,12
S0086XA,12
S02849A,12
S062X9D,12
S1121XD,12
S14117D,12
S143XXD,12
S22009S,12
S24102D,12
S32058S,12
S32129D,12
S32432D,12
S34109D,12
S36031D,12
S37099A,12
S40022D,12
S40851A,12
S42122A,12
S46911D,12
S5292XS,12
S53409A,12
S59021D,12
S59801A,12
S60414A,12
S61032A,12
S61131A,12
S61225A,12
S61313D,12
S62362D,12
S62603D,12
S62611D,12
S6290XA,12
S65512A,12
S66292A,12
S68615A,12
S7402XD,12
S76311S,12
S76322D,12
S8011XS,12
S82309D,12
S82899S,12
S86099D,12
S86112D,12
S86912D,12
S88011D,12
S90522A,12
S92505A,12
S92512D,12
S92901D,12
S92912A,12
S98111S,12
S98129A,12
S98922D,12
T2102XA,12
T22011S,12
T22031A,12
T23302A,12
T23341A,12
T24601A,12
T3122,12
T33822D,12
T33832A,12
T368X5D,12
T383X5D,12
T407X2A,12
T451X4D,12
T50903A,12
T783XXD,12
T80212D,12
T84498S,12
T84621A,12
T85624A,12
T8639,12
T8643,12
T8691,12
V149XXS,12
V200,12
V212,12
V481XXA,12
V489,12
V503,12
V555,12
W1800XD,12
W240XXD,12
Y905,12
Z1279,12
Z1610,12
Z207,12
Z3040,12
Z3685,12
Z461,12
Z4651,12
Z7382,12
Z86006,12
Z939,12
A028,11
B0231,11
B559,11
B829,11
C131,11
C441122,11
C49A4,11
C7650,11
C7963,11
C7A012,11
C9430,11
D197,11
D2312,11
D4412,11
D640,11
D824,11
D8686,11
E2602,11
F1314,11
F15122,11
F19231,11
F4520,11
G40411,11
G4310,11
G4485,11
G5681,11
H02106,11
H0266,11
H029,11
H049,11
H10433,11
H11149,11
H11441,11
H18049,11
H18899,11
H2630,11
H35349,11
H401293,11
H4419,11
H5202,11
H5360,11
H5502,11
H61032,11
H65196,11
H8390,11
I372,11
I6011,11
I602,11
I607,11
I621,11
I63341,11
I69369,11
I69810,11
I69831,11
I69912,11
I69915,11
I70218,11
I70391,11
I718,11
I80203,11
I82469,11
I83025,11
I87339,11
J042,11
J4552,11
J84841,11
K033,11
K31A15,11
K51319,11
K9172,11
L0101,11
L02225,11
L440,11
L638,11
L74511,11
L89526,11
L8993,11
M02369,11
M05732,11
M0608,11
M11242,11
M11841,11
M1632,11
M1650,11
M19179,11
M1A0421,11
M2100,11
M24831,11
M24859,11
M25222,11
M25251,11
M25849,11
M4689,11
M4851XD,11
M62421,11
M62429,11
M66262,11
M67969,11
M71571,11
M728,11
M80022D,11
M80052S,11
M8080XA,11
M84659A,11
M87312,11
M88851,11
M910,11
M9985,11
N056,11
N431,11
N4341,11
N473,11
N4821,11
N5203,11
N6482,11
N899,11
N9061,11
N9912,11
N9985,11
O2321,11
O2602,11
O30122,11
O3123X2,11
O3133X0,11
O318X31,11
O3473,11
O3493,11
O364XX1,11
O3663X1,11
O411232,11
O43892,11
O468X3,11
O640XX2,11
O692XX2,11
O8622,11
O98013,11
O98711,11
O9984,11
P3619,11
P7421,11
Q018,11
Q2546,11
Q360,11
Q519,11
Q6652,11
Q784,11
Q793,11
Q7961,11
R2233,11
R3913,11
R457,11
R845,11
R85613,11
R875,11
S01551A,11
S02402D,11
S0292XB,11
S06310D,11
S12100S,11
S14136D,11
S14136S,11
S14154D,11
S21112D,11
S2222XS,11
S23100D,11
S23122D,11
S30821A,11
S32020G,11
S36409D,11
S36899D,11
S37099S,11
S3733XS,11
S3739XD,11
S40012D,11
S42009D,11
S42035D,11
S42201K,11
S42241G,11
S43004S,11
S46191A,11
S52602S,11
S61204A,11
S61235A,11
S61255A,11
S62335D,11
S62606D,11
S63025A,11
S65011A,11
S66314A,11
S66812A,11
S7001XS,11
S72122D,11
S76101D,11
S76302D,11
S76912A,11
S81021D,11
S82223K,11
S82402G,11
S82452D,11
S8256XD,11
S82841E,11
S82872D,11
S86302D,11
S8782XA,11
S88119A,11
S8992XD,11
S90412D,11
S90811D,11
S92401D,11
S96812A,11
S99921A,11
T183XXS,11
T22391A,11
T23061A,11
T24332S,11
T401X2D,11
T404X4A,11
T405X2A,11
T408X2A,11
T41291A,11
T420X1A,11
T4276XA,11
T428X6A,11
T452X6A,11
T464X5S,11
T494X5A,11
T500X6A,11
T50A95A,11
T782XXS,11
T791XXA,11
T8140XD,11
T8249XS,11
T84115A,11
T8463XA,11
T8484XD,11
T8489XS,11
T8585XA,11
T85868A,11
V122,11
V586,11
V604,11
V811,11
W101XXS,11
Y93H9,11
Z13850,11
Z2804,11
Z62813,11
Z77123,11
Z89221,11
Z9104,11
Z9352,11
A6001,10
B0081,10
C44799,10
C8409,10
C9312,10
C96A,10
D0007,10
D015,10
D038,10
D1430,10
D1720,10
D2211,10
E08622,10
E103519,10
E11331,10
E113549,10
E1344,10
E8940,10
F10159,10
F10930,10
F12259,10
F14921,10
F15982,10
F3174,10
F348,10
G118,10
G44301,10
G5711,10
H02054,10
H02413,10
H02821,10
H02833,10
H02846,10
H10402,10
H11001,10
H119,10
H168,10
H1811,10
H18413,10
H2181,10
H26229,10
H40001,10
H47393,10
H53022,10
H66012,10
H73823,10
I6000,10
I69152,10
I69814,10
I70562,10
I82549,10
I83001,10
I83222,10
I87003,10
K005,10
K0252,10
K05322,10
K0859,10
K280,10
K6131,10
L0391,10
L4054,10
L444,10
L550,10
L89000,10
L8942,10
L97215,10
L97404,10
L980,10
M06061,10
M06251,10
M06811,10
M13879,10
M1A0721,10
M1A4211,10
M20021,10
M21251,10
M21549,10
M21762,10
M24872,10
M2551,10
M25673,10
M25859,10
M356,10
M40203,10
M457,10
M4654,10
M4694,10
M60819,10
M65339,10
M71032,10
M71349,10
M8440XS,10
M84451G,10
M84841,10
M8508,10
M87029,10
M87122,10
M87188,10
M8730,10
M87871,10
M962,10
N050,10
N062,10
N310,10
N6099,10
N9411,10
O1400,10
O2213,10
O2233,10
O26713,10
O333XX0,10
O34533,10
O361130,10
O368322,10
O368332,10
O402XX0,10
O4393,10
O6000,10
O6012X1,10
O8621,10
O9123,10
O9862,10
P096,10
P769,10
P839,10
Q302,10
Q330,10
Q6531,10
Q7013,10
R85611,10
R87616,10
R9081,10
S0002XA,10
S0181XS,10
S0211HA,10
S0230XS,10
S066X9S,10
S14159S,10
S21102A,10
S22008D,10
S22011D,10
S32411D,10
S32591K,10
S34102D,10
S3681XD,10
S3730XD,10
S39012D,10
S3992XD,10
S41119A,10
S41151D,10
S42021G,10
S42115A,10
S43111D,10
S43429A,10
S4382XA,10
S46002A,10
S50819A,10
S52202D,10
S52202E,10
S52531D,10
S52561A,10
S52611G,10
S56599D,10
S59912A,10
S61021A,10
S61200D,10
S61220A,10
S61233A,10
S61551A,10
S6291XA,10
S63213A,10
S6412XD,10
S71001D,10
S72101D,10
S72412D,10
S73011D,10
S8002XS,10
S82091D,10
S82209S,10
S82499A,10
S82872H,10
S82873D,10
S83251D,10
S83252A,10
S86101A,10
S91155A,10
S92405D,10
S92511D,10
S93111D,10
S96212S,10
S98131D,10
S99919A,10
T184XXD,10
T2046XA,10
T2127XA,10
T2132XS,10
T22121A,10
T22122A,10
T23272A,10
T24012S,10
T24101A,10
T24201S,10
T24391D,10
T25332D,10
T34831A,10
T361X2A,10
T391X1A,10
T40605D,10
T41295D,10
T44992A,10
T48295A,10
T484X2A,10
T50992D,10
T8142XD,10
T8209XD,10
T82590D,10
T82897D,10
T829XXS,10
T83021A,10
T83021D,10
T8382XA,10
T84418D,10
T849XXD,10
T86840,10
V4362XS,10
V521,10
V716,10
V763,10
V776,10
V790,10
V801,10
W12XXXA,10
Z003,10
Z022,10
Z049,10
Z1632,10
Z2883,10
Z4432,10
Z7185,10
Z77122,10
Z87790,10
Z89439,10
Z938,10
A0832,9
A515,9
A5215,9
B811,9
C023,9
C44529,9
C542,9
C675,9
C6932,9
C6960,9
D0222,9
D0500,9
D22111,9
D2310,9
D2362,9
D609,9
D8189,9
E0540,9
E064,9
E0910,9
E1339,9
E233,9
E701,9
E7229,9
E800,9
F039,9
F1399,9
F1529,9
F1611,9
F6389,9
F951,9
G0489,9
H02103,9
H02223,9
H04559,9
H11003,9
H18419,9
H33051,9
H35051,9
H35352,9
H35361,9
H401232,9
H4911,9
H5334,9
H540X55,9
H59812,9
H60392,9
H6060,9
H68102,9
H9122,9
I69333,9
I8010,9
I80299,9
J702,9
K0401,9
K05219,9
K713,9
L02224,9
L245,9
L281,9
L302,9
L564,9
L663,9
L89124,9
L89514,9
L909,9
M00031,9
M02361,9
M1039,9
M12851,9
M1A0610,9
M1A3720,9
M20009,9
M21239,9
M23231,9
M2508,9
M2650,9
M26641,9
M4637,9
M5091,9
M6200,9
M6738,9
M79A29,9
M8080XS,9
M84752D,9
M86079,9
M86332,9
M86579,9
M8719,9
M8940,9
M898X4,9
M9933,9
M9951,9
N470,9
O0889,9
O2240,9
O3113X0,9
O355XX1,9
O3623X0,9
O365122,9
O368990,9
O871,9
O91112,9
O9122,9
P019,9
P034,9
P2981,9
Q180,9
Q319,9
Q321,9
Q348,9
Q392,9
Q5270,9
Q53212,9
Q604,9
Q6681,9
Q6690,9
Q692,9
Q7032,9
Q7111,9
Q819,9
Q839,9
R5601,9
R8291,9
R93811,9
S0180XD,9
S02831A,9
S0500XS,9
S0511XD,9
S06300S,9
S0993XS,9
S12331D,9
S139XXD,9
S1984XD,9
S20219S,9
S20469A,9
S21209D,9
S22018D,9
S2249XS,9
S30820A,9
S32431D,9
S32432S,9
S32509S,9
S34101S,9
S36032D,9
S37099D,9
S37818S,9
S41051A,9
S42009A,9
S448X2D,9
S46811D,9
S5002XS,9
S52551D,9
S56492A,9
S60512D,9
S61217A,9
S61412D,9
S61432A,9
S62308A,9
S62316D,9
S62509D,9
S66911A,9
S6702XD,9
S70211D,9
S70922D,9
S71131D,9
S72143D,9
S72301S,9
S72414A,9
S7290XS,9
S73192D,9
S7412XD,9
S76311D,9
S82291D,9
S8255XS,9
S82899D,9
S83001D,9
S85909S,9
S90112D,9
S9031XD,9
S90414A,9
S90859A,9
S92011D,9
S92132D,9
S92302D,9
S92325S,9
S92342D,9
S92342S,9
S92355G,9
S92491B,9
S92912D,9
S93411D,9
S96901A,9
S98132S,9
T2104XA,9
T2132XD,9
T2200XA,9
T22312D,9
T24032S,9
T25021D,9
T33831D,9
T39391A,9
T43224A,9
T43291A,9
T43595D,9
T45615D,9
T462X6A,9
T463X5D,9
T65892A,9
T790XXD,9
T79A21S,9
T819XXD,9
T83490A,9
T84090D,9
T84296A,9
T86841,9
T8859XS,9
V019,9
V662,9
W208XXA,9
X12XXXA,9
X749XXS,9
Y9323,9
Y9331,9
Z1213,9
Z552,9
Z89222,9
Z9681,9
A492,8
A699,8
A799,8
B261,8
B9682,8
C441292,8
C44621,8
D0370,8
D093,8
D210,8
D2330,8
E0844,8
E10359,8
E113392,8
E7410,8
F1229,8
F1329,8
F15121,8
F40218,8
F40231,8
G210,8
G40311,8
G40803,8
G40A01,8
G43821,8
G6189,8
H01022,8
H02135,8
H02729,8
H02829,8
H02889,8
H04322,8
H15103,8
H18412,8
H21233,8
H21551,8
H26052,8
H28,8
H31092,8
H35069,8
H40043,8
H4030X0,8
H4040X3,8
H4061X0,8
H5005,8
H50111,8
H57052,8
H60393,8
H81392,8
H90A31,8
H9392,8
I69021,8
J393,8
K098,8
K114,8
K9402,8
L569,8
L730,8
L89002,8
L89811,8
L97122,8
L97824,8
M05751,8
M10471,8
M11861,8
M12859,8
M1919,8
M19222,8
M1A0691,8
M1A3110,8
M21621,8
M2190,8
M25771,8
M25869,8
M2689,8
M3503,8
M368,8
M438X9,8
M47011,8
M6010,8
M6028,8
M6089,8
M62122,8
M67921,8
M67951,8
M7702,8
M80072K,8
M8080XD,8
M84369A,8
M84375D,8
M84421D,8
M84471D,8
M8538,8
M86041,8
M8669,8
M8889,8
M92529,8
M978XXD,8
M9954,8
N476,8
N6341,8
N901,8
O0929,8
O24812,8
O2633,8
O357XX0,8
O368920,8
O4441,8
O691XX2,8
O7100,8
O99313,8
P0481,8
P810,8
Q208,8
Q209,8
Q258,8
Q309,8
Q6473,8
Q670,8
Q794,8
Q963,8
R782,8
R87611,8
S0282XD,8
S14106S,8
S14112D,8
S14116S,8
S14129S,8
S20229S,8
S20359S,8
S2191XA,8
S2242XS,8
S27329S,8
S301XXS,8
S31839A,8
S32021S,8
S32030G,8
S32309D,8
S32461D,8
S332XXD,8
S358X8D,8
S40922D,8
S42301S,8
S43002D,8
S43304D,8
S43421S,8
S51832A,8
S52021E,8
S52032A,8
S52181D,8
S52502S,8
S53402A,8
S59002D,8
S60032A,8
S60412A,8
S60561A,8
S61218A,8
S61502D,8
S62314D,8
S62615B,8
S62617D,8
S63522A,8
S70311D,8
S72042S,8
S73102D,8
S76191D,8
S76211S,8
S76302S,8
S80929A,8
S82132D,8
S82391D,8
S8255XD,8
S8292XA,8
S83095D,8
S83204D,8
S86811A,8
S86812A,8
S88912S,8
S90425A,8
S91114A,8
S92012D,8
S92901G,8
S93104D,8
S93412D,8
S9782XS,8
S98132A,8
S98132D,8
T2022XA,8
T2105XA,8
T2124XD,8
T22221A,8
T23041A,8
T25022D,8
T365X5A,8
T38892A,8
T43595S,8
T43632A,8
T443X6A,8
T480X5A,8
T48295S,8
T50901A,8
T565X4D,8
T63304A,8
T7805XS,8
T79A29D,8
T81718D,8
T84197A,8
T8579XD,8
V00831A,8
V643,8
V722,8
W1800XA,8
W540XXS,8
Y793,8
Y93B1,8
Z0541,8
Z428,8
Z460,8
Z77128,8
Z8559,8
A35,7
A872,7
A950,7
B088,7
B180,7
B402,7
B465,7
B882,7
B9622,7
C44500,7
C4460,7
C50019,7
C50821,7
C6951,7
C7652,7
C7A026,7
C8392,7
C8474,7
D2920,7
D3613,7
E018,7
E070,7
E113419,7
E1300,7
E341,7
E45,7
E630,7
E729,7
F0633,7
F12951,7
F16122,7
F16983,7
F4011,7
F5111,7
G4481,7
H01024,7
H02225,7
H02835,7
H1130,7
H15003,7
H18233,7
H1850,7
H1852,7
H3023,7
H35041,7
H40002,7
H47232,7
H479,7
H5051,7
H50811,7
H61002,7
H61892,7
H6191,7
H65193,7
H66004,7
H70893,7
H7403,7
H938X9,7
I69115,7
I69153,7
I69853,7
I69914,7
I83219,7
J983,7
K0490,7
K08199,7
K50018,7
L049,7
L10,7
L413,7
L89112,7
L89200,7
M05622,7
M10019,7
M10031,7
M11251,7
M19029,7
M19172,7
M21231,7
M21232,7
M24873,7
M25759,7
M2604,7
M62539,7
M6528,7
M71521,7
M80071G,7
M84372D,7
M84445D,7
M84512D,7
N035,7
N4611,7
N5314,7
O10212,7
O10213,7
O2202,7
O24919,7
O2620,7
O8681,7
O98213,7
P048,7
P748,7
P834,7
Q165,7
Q310,7
Q378,7
Q5210,7
Q554,7
Q6600,7
R8581,7
R94131,7
S0001XD,7
S0121XD,7
S0123XA,7
S01452A,7
S023XXD,7
S0240CD,7
S0240FS,7
S02602D,7
S1191XD,7
S1201XS,7
S129XXS,7
S14151A,7
S14154S,7
S29019A,7
S3091XD,7
S3092XA,7
S31641D,7
S31809S,7
S32001A,7
S32434D,7
S32501S,7
S32502S,7
S36439D,7
S37001S,7
S41122A,7
S41152A,7
S42152G,7
S42221D,7
S42355S,7
S43109D,7
S52501B,7
S52509A,7
S52622D,7
S53441D,7
S61242A,7
S62182D,7
S62301D,7
S62315B,7
S62633D,7
S62634D,7
S66912D,7
S71012A,7
S72009G,7
S72121S,7
S72413D,7
S728X2S,7
S7292XA,7
S81032A,7
S81819A,7
S82402S,7
S82451S,7
S82844D,7
S82851E,7
S83004A,7
S88112D,7
S91101S,7
S91204A,7
S92101D,7
S92211D,7
S92309A,7
S92404S,7
S92414A,7
S92424D,7
S9301XD,7
S9305XD,7
S93112D,7
S98211A,7
S99811D,7
S99812A,7
S99819A,7
T1590XA,7
T2009XS,7
T20211A,7
T2023XA,7
T2037XD,7
T24001D,7
T25421D,7
T2601XA,7
T364X2A,7
T40422A,7
T426X2D,7
T43222D,7
T43591A,7
T43612A,7
T445X6A,7
T446X2A,7
T551X1A,7
T7029XS,7
T782XXD,7
T8119XD,7
T819XXS,7
T82118A,7
T83092D,7
T83510S,7
T84028D,7
T84053D,7
V021,7
V240,7
V241,7
V474,7
V582,7
V9081,7
W458XXS,7
Y907,7
Y9369,7
Z2801,7
Z3830,7
Z4782,7
B393,6
B880,6
C020,6
C139,6
C399,6
C4400,6
C6931,6
C6961,6
C7230,6
C7A025,6
C8248,6
C9102,6
D0422,6
D2361,6
D267,6
D3615,6
D8683,6
E0939,6
E103292,6
E791,6
F10980,6
F11159,6
F13280,6
F15980,6
F984,6
G2570,6
G4042,6
G40812,6
G44211,6
G521,6
G8251,6
H0100A,6
H02531,6
H04551,6
H05012,6
H0552,6
H11442,6
H20049,6
H20811,6
H30891,6
H33021,6
H35353,6
H4010X4,6
H401321,6
H44531,6
H47299,6
H47611,6
H5069,6
H5369,6
H6061,6
H61009,6
I25812,6
I63219,6
I83215,6
I87002,6
J634,6
J84843,6
K009,6
K031,6
K08403,6
K8047,6
L0102,6
L02219,6
L040,6
L491,6
L579,6
L8940,6
M05312,6
M0899,6
M10341,6
M11252,6
M12572,6
M162,6
M1A3610,6
M20092,6
M21079,6
M24612,6
M2518,6
M25239,6
M2601,6
M26642,6
M4323,6
M4605,6
M5185,6
M530,6
M65051,6
M67824,6
M71559,6
M8430XS,6
M84322S,6
M84453A,6
M84522D,6
M84552D,6
M86011,6
M8638,6
M87021,6
M87842,6
M92521,6
M93211,6
M9931,6
M9972,6
M9979,6
M9984,6
N6314,6
N732,6
N970,6
N99111,6
O98519,6
P2811,6
Q056,6
Q069,6
Q371,6
Q385,6
Q403,6
Q411,6
Q5122,6
Q525,6
Q550,6
Q601,6
Q6412,6
Q649,6
Q71819,6
Q751,6
Q823,6
Q935,6
R29732,6
R461,6
R828,6
S01331A,6
S0230XB,6
S12491S,6
S14104D,6
S20361A,6
S21002D,6
S22020S,6
S2222XD,6
S2341XS,6
S23429A,6
S3130XD,6
S32000G,6
S32030S,6
S32511S,6
S32512S,6
S36593D,6
S37019D,6
S37039A,6
S3720XS,6
S381XXA,6
S39012S,6
S40811D,6
S40869A,6
S42025D,6
S42202K,6
S42351D,6
S43431S,6
S4441XD,6
S50852A,6
S51801D,6
S51851D,6
S52292D,6
S53105D,6
S60821A,6
S61210D,6
S61217D,6
S62113A,6
S67194A,6
S72146A,6
S72301D,6
S72411D,6
S72413A,6
S73199D,6
S7411XD,6
S76319D,6
S8012XS,6
S82425S,6
S82842E,6
S83212A,6
S838X1A,6
S86112A,6
S86811D,6
S86911A,6
S86911D,6
S90475A,6
S91001S,6
S91104A,6
S92351P,6
S92402D,6
S9302XS,6
S99811A,6
T07,6
T162XXA,6
T2040XA,6
T22322A,6
T22611A,6
T24222A,6
T24291S,6
T24331D,6
T25212A,6
T25291A,6
T385X2A,6
T391X2S,6
T424X6D,6
T43026A,6
T450X2D,6
T462X5S,6
T508X5S,6
T50912D,6
T8039XA,6
T82855S,6
T8489XD,6
T86848,6
T8741,6
V069,6
V261,6
V284,6
V483,6
V665,6
V701,6
V705,6
V779,6
V793,6
W07XXXS,6
W133XXD,6
W240XXA,6
X088XXS,6
X110XXD,6
Z005,6
Z220,6
Z2803,6
Z3683,6
Z368A,6
Z413,6
Z529,6
Z550,6
Z62891,6
Z89209,6
A033,5
B479,5
B659,5
C380,5
C44112,5
C44300,5
C44719,5
C4A39,5
C637,5
C8216,5
C8308,5
C9260,5
D020,5
D164,5
D2110,5
D234,5
D334,5
D3A026,5
D443,5
D461,5
E1351,5
E200,5
E700,5
E71312,5
E7419,5
F17223,5
F5119,5
F652,5
H00013,5
H00021,5
H00024,5
H0015,5
H02209,5
H059,5
H11043,5
H16003,5
H21501,5
H26499,5
H3093,5
H35711,5
H40023,5
H44322,5
H44512,5
H47039,5
H47392,5
H60311,5
H61303,5
H8143,5
H8302,5
H838X9,5
I229,5
I69364,5
I69910,5
I82603,5
I83002,5
K51419,5
K51914,5
L504,5
L74513,5
L817,5
L8941,5
L97105,5
L97901,5
M05731,5
M06221,5
M07642,5
M07661,5
M08042,5
M08841,5
M11222,5
M1208,5
M12821,5
M19122,5
M19242,5
M1A0711,5
M2030,5
M2061,5
M24021,5
M25111,5
M25675,5
M2659,5
M4124,5
M47014,5
M4842XD,5
M4843XA,5
M5081,5
M5115,5
M5411,5
M60821,5
M66371,5
M66822,5
M71331,5
M76829,5
M80862G,5
M84312S,5
M84322A,5
M84375S,5
M84434S,5
M84674D,5
M8488,5
M86159,5
N35011,5
N4281,5
N6029,5
O30113,5
O359XX1,5
O359XX2,5
O4400,5
O4401,5
P040,5
P619,5
Q271,5
Q522,5
Q6439,5
Q6581,5
Q6610,5
Q6640,5
Q709,5
R2230,5
R4184,5
S025XXS,5
S02841D,5
S0300XS,5
S0512XD,5
S1083XD,5
S12500S,5
S14117A,5
S14126D,5
S20224A,5
S21032D,5
S239XXA,5
S24103A,5
S24113S,5
S32008B,5
S32018S,5
S40219A,5
S42231G,5
S42293A,5
S43429S,5
S46091D,5
S52131D,5
S52222D,5
S52551A,5
S62201D,5
S62521D,5
S62613A,5
S62632D,5
S62634A,5
S62644A,5
S6290XD,5
S6292XS,5
S63633A,5
S6701XA,5
S6992XD,5
S71009A,5
S72401D,5
S72452A,5
S72462D,5
S7402XS,5
S82202S,5
S82392D,5
S8264XD,5
S8422XA,5
S89001A,5
S90112A,5
S91352A,5
S92014D,5
S92151D,5
S92351D,5
S93335A,5
S93421A,5
S98322D,5
T1502XA,5
T2052XA,5
T2134XS,5
T2142XA,5
T22211S,5
T22222D,5
T22311D,5
T23152A,5
T23392A,5
T24001S,5
T25121A,5
T3150,5
T38895S,5
T40692A,5
T43501A,5
T43502A,5
T45515D,5
T503X5S,5
T65294A,5
T704XXA,5
T8149XS,5
T83011A,5
T83518D,5
T8351XD,5
T8383XD,5
T84043D,5
T86822,5
T8753,5
T889XXA,5
V00841A,5
V0410XS,5
V109,5
V491,5
V532,5
V660,5
W1849XA,5
W231XXA,5
W312XXA,5
X509XXA,5
Y9372,5
Y93E5,5
Z0372,5
Z0543,5
Z1282,5
Z2009,5
Z382,5
Z4549,5
Z562,5
Z7184,5
Z748,5
Z89441,5
Z89529,5
Z89622,5
Z96632,5
B451,4
C051,4
C430,4
C44510,4
C4482,4
C49A9,4
C673,4
C8337,4
D0439,4
D044,4
D0462,4
D2360,4
D294,4
D3141,4
D3161,4
D3705,4
D398,4
D81818,4
E71120,4
F40233,4
F5222,4
F632,4
G239,4
G44001,4
G44029,4
G4451,4
G4712,4
G5703,4
G8113,4
H00026,4
H01133,4
H02109,4
H02239,4
H04003,4
H10539,4
H15839,4
H16403,4
H18231,4
H18529,4
H18831,4
H2010,4
H21531,4
H30133,4
H31001,4
H31011,4
H338,4
H35061,4
H3521,4
H35431,4
H3551,4
H40022,4
H40061,4
H402210,4
H4040X0,4
H43829,4
H519,4
H52219,4
H5333,4
H90A32,4
I25701,4
I2602,4
I6312,4
I69365,4
I70622,4
I82B29,4
I83214,4
J10,4
J311,4
K0511,4
K275,4
L139,4
L689,4
L89011,4
M029,4
M1630,4
M1A0410,4
M1A30X0,4
M20031,4
M21861,4
M23221,4
M24271,4
M24675,4
M24852,4
M25476,4
M25841,4
M340,4
M438X7,4
M458,4
M4600,4
M4684,4
M5083,4
M60831,4
M62261,4
M65319,4
M65321,4
M65821,4
M6720,4
M67462,4
M67962,4
M7592,4
M84372S,4
M84649S,4
M85831,4
M8960,4
M93003,4
N35914,4
N913,4
N923,4
O152,4
O24011,4
O320XX1,4
O337XX0,4
O360110,4
O3680X1,4
P509,4
Q141,4
Q372,4
Q659,4
Q7131,4
Q71892,4
Q894,4
R4588,4
S062X1A,4
S2341XD,4
S31113D,4
S32120S,4
S32491A,4
S34104D,4
S35321D,4
S3600XS,4
S42151D,4
S42293D,4
S42295S,4
S46019A,4
S50321A,4
S52121D,4
S52125D,4
S52135D,4
S52509D,4
S60042A,4
S60052A,4
S61206D,4
S62002D,4
S62306D,4
S62631D,4
S63601D,4
S66110A,4
S66822D,4
S72361D,4
S72415D,4
S7292XG,4
S76811A,4
S82122D,4
S82822D,4
S82841S,4
S8332XA,4
S86891D,4
S8992XS,4
S90822D,4
S92355S,4
S93602D,4
T1510XD,4
T191XXA,4
T2009XA,4
T2101XD,4
T22612A,4
T23001D,4
T23162A,4
T23321D,4
T24291A,4
T24312S,4
T361X5D,4
T45511A,4
T461X2A,4
T481X2D,4
T7401XS,4
T794XXS,4
T8144XS,4
T8332XD,4
T86859,4
V00131A,4
V149,4
V159,4
V299,4
V412,4
V749,4
W57XXXD,4
X820XXS,4
Y32XXXA,4
Y9313,4
Y9316,4
Y9366,4
Y9384,4
Y93G3,4
Z0572,4
Z30019,4
Z48810,4
Z579,4
Z626,4
Z87821,4
Z89211,4
A1803,3
A5609,3
B003,3
B1911,3
B394,3
C4330,3
C44299,3
C4A62,3
C7A022,3
C8319,3
C9481,3
D0411,3
D1030,3
D2230,3
D447,3
D7218,3
D7219,3
E0851,3
E08628,3
E113292,3
E2689,3
E7141,3
E8841,3
F10951,3
F12180,3
F4002,3
F409,3
F524,3
G5753,3
H00025,3
H00029,3
H02015,3
H02053,3
H02411,3
H02843,3
H04553,3
H05119,3
H1711,3
H17821,3
H18713,3
H2011,3
H211X1,3
H25049,3
H26492,3
H27111,3
H27112,3
H33101,3
H33102,3
H348310,3
H348312,3
H35723,3
H4011X1,3
H401330,3
H4042X3,3
H4050X2,3
H4313,3
H43312,3
H50012,3
H5052,3
H52211,3
H52229,3
H526,3
H608X3,3
H6500,3
H66019,3
H832X9,3
H933X3,3
I6609,3
I69034,3
I715,3
I82523,3
I82529,3
I83003,3
I83212,3
I87099,3
K032,3
K08419,3
K110,3
K143,3
K744,3
K9410,3
L448,3
L505,3
L89144,3
L89503,3
L89509,3
L97101,3
M0239,3
M06872,3
M1189,3
M21271,3
M23205,3
M23212,3
M23261,3
M25369,3
M25822,3
M2631,3
M26622,3
M4324,3
M4715,3
M4848XS,3
M6148,3
M66852,3
M67479,3
M67854,3
M7050,3
M75110,3
M84463D,3
M84672D,3
M8510,3
M85611,3
M85631,3
M86451,3
M87150,3
M87878,3
M8920,3
M948X5,3
M9915,3
M9923,3
M9952,3
M9961,3
N35014,3
N442,3
N4829,3
N6313,3
N6332,3
N855,3
O2332,3
O24913,3
O34591,3
O350XX2,3
O402XX1,3
O4422,3
O4591,3
O91219,3
O99315,3
O99711,3
O99841,3
P159,3
Q2548,3
Q259,3
Q606,3
Q769,3
Q925,3
R453,3
R869,3
R94128,3
S0242XA,3
S0502XD,3
S0592XS,3
S062X0S,3
S12591A,3
S2096XA,3
S22070G,3
S31105A,3
S32000K,3
S32001S,3
S3210XS,3
S336XXD,3
S344XXS,3
S35511A,3
S42191A,3
S42331D,3
S46001D,3
S52101A,3
S52591D,3
S52609B,3
S53025D,3
S61307A,3
S61452D,3
S61522A,3
S61522D,3
S62351A,3
S63641A,3
S66113A,3
S66912A,3
S71032D,3
S728X2A,3
S73005S,3
S76312D,3
S82092D,3
S82302B,3
S82462B,3
S8252XS,3
S8262XE,3
S82843D,3
S83104D,3
S86011D,3
S86019A,3
S86812S,3
S88122D,3
S90222D,3
S90422A,3
S90829A,3
S90862A,3
S92021D,3
S92152D,3
S92252A,3
S92332S,3
S92356A,3
S92511A,3
S93409A,3
S93491D,3
S93499A,3
S96911D,3
S96991D,3
T1582XA,3
T17908D,3
T2000XD,3
T2120XS,3
T2127XS,3
T23331D,3
T25222S,3
T25712A,3
T43012D,3
T43202D,3
T43502D,3
T43605A,3
T43635A,3
T45515S,3
T56894A,3
T596X2D,3
T63443S,3
T79A21D,3
T8459XS,3
T888XXD,3
V182,3
V410,3
V417,3
V431,3
V559,3
V713,3
V814,3
W009XXA,3
W06XXXD,3
W1802XA,3
W21211A,3
W541XXA,3
W5501XD,3
W5531XA,3
Y9343,3
Y93A3,3
Z1332,3
Z1342,3
Z1384,3
Z3688,3
Z5901,3
Z717,3
Z8482,3
Z9101,3
A060,2
A288,2
A528,2
A663,2
C061,2
C4A30,2
C518,2
C6902,2
C6991,2
C753,2
C7880,2
C8478,2
D0310,2
D0352,2
D281,2
D3130,2
D3A091,2
D493,2
D72110,2
D808,2
E113592,2
E13329,2
E168,2
E3120,2
E342,2
E7629,2
E8849,2
F14180,2
F17291,2
F1819,2
F19159,2
F949,2
G07,2
G2569,2
G4714,2
H0102A,2
H02112,2
H02122,2
H02229,2
H02234,2
H0259,2
H02726,2
H02825,2
H04229,2
H10403,2
H11132,2
H11411,2
H11413,2
H16143,2
H16263,2
H18421,2
H18603,2
H18893,2
H25032,2
H2522,2
H278,2
H31322,2
H318,2
H33311,2
H3342,2
H3410,2
H348322,2
H35043,2
H353110,2
H353221,2
H35341,2
H35342,2
H35439,2
H35721,2
H4011X3,2
H401220,2
H4030X4,2
H4051X3,2
H4051X4,2
H4052X0,2
H4389,2
H5030,2
H5211,2
H53012,2
H53023,2
H57813,2
H68022,2
H70899,2
H7293,2
H7393,2
H833X3,2
H93A3,2
I029,2
I70321,2
I70623,2
I8012,2
I83005,2
L241,2
L572,2
L7212,2
L743,2
L7452,2
L748,2
L89026,2
L89500,2
L958,2
L97302,2
L98416,2
L98423,2
M0080,2
M10479,2
M12562,2
M1631,2
M1830,2
M1832,2
M1A0490,2
M1A0690,2
M1A4790,2
M2031,2
M2060,2
M21769,2
M21869,2
M228X2,2
M2419,2
M24211,2
M24475,2
M24641,2
M24832,2
M25376,2
M25731,2
M25832,2
M2624,2
M2639,2
M41113,2
M45A7,2
M4826,2
M4858XA,2
M50823,2
M60022,2
M62549,2
M62571,2
M65221,2
M66829,2
M6798,2
M71342,2
M71351,2
M7148,2
M75120,2
M7612,2
M7642,2
M7650,2
M79A12,2
M8000XG,2
M84371G,2
M8530,2
M85672,2
M85879,2
M868X2,2
M87112,2
M89652,2
M898X3,2
M9050,2
M9141,2
M92523,2
M9260,2
M9911,2
M9974,2
M999,2
N068,2
N13722,2
N218,2
N5312,2
N6453,2
N906,2
N940,2
O0091,2
O26611,2
O26841,2
O3431,2
O3440,2
O361910,2
O368310,2
O3690X0,2
O402XX2,2
O418X90,2
O4411,2
O4690,2
O99311,2
O9A419,2
P122,2
Q038,2
Q2545,2
Q5313,2
Q7023,2
Q76419,2
Q778,2
Q959,2
R051,2
R1930,2
R87623,2
S0091XS,2
S01102A,2
S01552A,2
S02102D,2
S0412XA,2
S0561XS,2
S0591XD,2
S062X9S,2
S06309S,2
S066X0D,2
S06890D,2
S06899D,2
S070XXA,2
S12112D,2
S128XXD,2
S13120D,2
S13131A,2
S22081G,2
S22089S,2
S2224XA,2
S233XXD,2
S24104A,2
S24109D,2
S279XXD,2
S32399S,2
S32509A,2
S32511K,2
S3289XS,2
S34139S,2
S35321A,2
S35532A,2
S36129S,2
S36898D,2
S3692XD,2
S37001A,2
S41031A,2
S41102A,2
S41112D,2
S42034D,2
S42192D,2
S43014D,2
S43121D,2
S46119S,2
S46919A,2
S50862A,2
S50911A,2
S51051A,2
S52124D,2
S52251D,2
S52322A,2
S52501K,2
S52511D,2
S52521D,2
S52532S,2
S52691D,2
S56511A,2
S56911A,2
S59202D,2
S60111A,2
S60511D,2
S60512S,2
S61011D,2
S61201A,2
S61216D,2
S62015D,2
S62132S,2
S62164A,2
S62326A,2
S62612D,2
S62630D,2
S62642A,2
S63631A,2
S638X2A,2
S66327A,2
S68625A,2
S6980XD,2
S6992XS,2
S7225XD,2
S72324A,2
S72392D,2
S7292XR,2
S76812A,2
S80921D,2
S81851D,2
S82401E,2
S82435D,2
S8252XD,2
S8262XC,2
S82842C,2
S82874D,2
S83012A,2
S83102D,2
S83201D,2
S83282D,2
S8392XD,2
S86902A,2
S8990XA,2
S90211D,2
S90562A,2
S90851A,2
S91103D,2
S91115D,2
S91311D,2
S91351A,2
S92024K,2
S92241A,2
S92322K,2
S92351G,2
S92902S,2
S93124D,2
S93529A,2
S96911A,2
S96912A,2
S98221S,2
T1500XA,2
T1592XA,2
T17908S,2
T2131XD,2
T2136XA,2
T2200XD,2
T22331A,2
T22711D,2
T23002D,2
T23009S,2
T23071A,2
T23072D,2
T23202S,2
T23232S,2
T23322A,2
T24091S,2
T304,2
T368X2A,2
T3695XD,2
T372X5A,2
T39015D,2
T39395S,2
T4145XD,2
T424X2S,2
T43216D,2
T43226D,2
T486X2D,2
T495X5D,2
T50Z15D,2
T50Z95S,2
T826XXS,2
T84010A,2
T84031D,2
T84038D,2
T84418A,2
T8450XD,2
T8451XD,2
T8459XD,2
T8482XA,2
T8543XA,2
T85613D,2
V729,2
V782,2
V791,2
W000XXS,2
W14XXXA,2
W1809XD,2
W2181XA,2
W231XXD,2
W310XXA,2
W401XXD,2
X503XXA,2
X838XXS,2
Y748,2
Y9374,2
Y992,2
Z024,2
Z025,2
Z0279,2
Z1883,2
Z3044,2
Z31438,2
Z574,2
Z7181,2
Z761,2
Z89111,2
Z89201,2
Z98810,2
A1811,1
A388,1
A545,1
A58,1
B1089,1
B190,1
B2709,1
B3323,1
B690,1
B820,1
C108,1
C148,1
C4401,1
C4402,1
C44201,1
C44501,1
C44702,1
C4480,1
C4489,1
C6952,1
C8296,1
C84A1,1
C9011,1
C9212,1
D0221,1
D0359,1
D1602,1
D213,1
D230,1
D3190,1
D446,1
D5919,1
D77,1
D8687,1
E083291,1
E0841,1
E08620,1
E0900,1
E11349,1
E133299,1
E261,1
E730,1
E7489,1
F13159,1
F14229,1
F1524,1
F659,1
G0491,1
G26,1
G40A19,1
G43519,1
G43611,1
G44021,1
G44311,1
G47429,1
G4769,1
G5750,1
G5771,1
G96819,1
H00022,1
H0012,1
H01015,1
H02051,1
H02533,1
H02536,1
H04569,1
H10023,1
H10423,1
H11069,1
H11133,1
H16122,1
H16219,1
H18422,1
H1849,1
H21542,1
H25099,1
H33002,1
H33003,1
H33312,1
H33321,1
H353191,1
H353232,1
H3540,1
H4010X3,1
H401134,1
H401192,1
H402220,1
H4041X0,1
H4322,1
H439,1
H44421,1
H47233,1
H47522,1
H5034,1
H52212,1
H52222,1
H53003,1
H53021,1
H53413,1
H53483,1
H540X33,1
H5450,1
H5451,1
H5452A2,1
H60312,1
H60332,1
H608X9,1
H65491,1
H66005,1
H7192,1
H7311,1
H7490,1
H7583,1
H93231,1
H938X1,1
H9391,1
I068,1
I25739,1
I677,1
I69921,1
I69969,1
I70735,1
I791,1
I82553,1
I82729,1
I83204,1
I83812,1
K111,1
K251,1
K51018,1
K522,1
K5753,1
K764,1
K835,1
K9400,1
L02229,1
L02422,1
L2081,1
L704,1
L7211,1
L731,1
L815,1
L89122,1
L8995,1
L923,1
L97904,1
L97913,1
L97915,1
M0559,1
M05611,1
M05842,1
M10362,1
M1049,1
M11031,1
M12239,1
M12272,1
M12831,1
M13161,1
M13831,1
M13832,1
M153,1
M1850,1
M19271,1
M1A2710,1
M20011,1
M21941,1
M223X2,1
M23003,1
M23062,1
M23203,1
M23251,1
M23300,1
M23306,1
M23321,1
M23641,1
M24132,1
M24274,1
M2429,1
M24311,1
M24374,1
M24451,1
M25429,1
M25839,1
M2749,1
M303,1
M3399,1
M4153,1
M4206,1
M4609,1
M47811,1
M4852XD,1
M4852XS,1
M4855XS,1
M50120,1
M5092,1
M5145,1
M5147,1
M5383,1
M60005,1
M60077,1
M60812,1
M62242,1
M65252,1
M6580,1
M65832,1
M6589,1
M66861,1
M669,1
M67449,1
M67851,1
M67861,1
M67863,1
M67864,1
M67959,1
M67961,1
M71071,1
M7139,1
M7590,1
M7641,1
M8430XA,1
M84321A,1
M84334S,1
M84373A,1
M84472D,1
M8468XS,1
M85552,1
M85869,1
M87875,1
M89312,1
M9980,1
M9989,1
N35819,1
N37,1
N4230,1
N5235,1
N893,1
O09629,1
O1202,1
O2212,1
O2301,1
O2403,1
O24119,1
O30039,1
O3132X1,1
O329XX2,1
O3430,1
O34531,1
O43102,1
O458X3,1
P03810,1
P0721,1
Q100,1
Q2529,1
Q308,1
Q5523,1
Q618,1
Q633,1
Q644,1
Q6502,1
Q66212,1
Q66229,1
Q6671,1
Q6691,1
Q7103,1
Q72819,1
Q763,1
Q76425,1
Q821,1
Q838,1
Q8711,1
R1113,1
R402131,1
R4585,1
R45850,1
R855,1
R94130,1
S0002XS,1
S0011XD,1
S00241D,1
S0080XS,1
S0086XD,1
S01411D,1
S0532XD,1
S0532XS,1
S058X2D,1
S06309D,1
S064X9S,1
S069X9S,1
S1202XD,1
S12091K,1
S12191D,1
S12330A,1
S128XXS,1
S13140D,1
S13141S,1
S15192D,1
S2002XD,1
S21011A,1
S23123A,1
S29019S,1
S31103D,1
S31105D,1
S31609A,1
S31814D,1
S31821A,1
S32009K,1
S32019S,1
S32028S,1
S322XXK,1
S32414A,1
S33140A,1
S343XXS,1
S3512XA,1
S3600XD,1
S36112D,1
S36893S,1
S37019A,1
S40812D,1
S40821A,1
S41119D,1
S42111S,1
S42292K,1
S43001A,1
S43006D,1
S43395A,1
S43422D,1
S4352XA,1
S46009S,1
S46801A,1
S5011XD,1
S50911S,1
S51812S,1
S51822S,1
S52136S,1
S52202S,1
S52322D,1
S52541D,1
S52571D,1
S53101D,1
S53401A,1
S5402XA,1
S60032D,1
S60423A,1
S60459D,1
S60812D,1
S60922A,1
S61203D,1
S61224D,1
S61511D,1
S62002S,1
S62309D,1
S62315A,1
S62323D,1
S62367S,1
S62603S,1
S62611A,1
S62624D,1
S62666D,1
S63255D,1
S6392XS,1
S65506A,1
S66911D,1
S6710XD,1
S67193D,1
S68110A,1
S68110D,1
S70312D,1
S71009S,1
S72019D,1
S72322D,1
S72344D,1
S76111A,1
S76111D,1
S76212A,1
S76302A,1
S76911A,1
S80912A,1
S81802S,1
S81812S,1
S81819D,1
S82044D,1
S82102B,1
S82401C,1
S8253XD,1
S8261XG,1
S82871S,1
S82892G,1
S82892S,1
S82899A,1
S8290XA,1
S8292XS,1
S83101A,1
S83203S,1
S83222A,1
S8331XA,1
S83422S,1
S83522A,1
S86311D,1
S86912A,1
S89101D,1
S90411D,1
S90421D,1
S90812D,1
S90821D,1
S90861A,1
S91009A,1
S91039A,1
S91119D,1
S92234A,1
S92245D,1
S92251D,1
S92403D,1
S93129D,1
S93321A,1
S93421S,1
S93492D,1
S93492S,1
S9420XD,1
S98112D,1
S98112S,1
S99812S,1
S99912D,1
S99919D,1
S99922D,1
S99929A,1
T17920A,1
T192XXA,1
T2020XD,1
T20219A,1
T2134XD,1
T22032D,1
T22232D,1
T22331D,1
T22332D,1
T22611S,1
T22612S,1
T23122A,1
T23221D,1
T23291A,1
T23301S,1
T23362S,1
T23692S,1
T24012D,1
T24202S,1
T25012D,1
T25231S,1
T25232A,1
T33832S,1
T34832A,1
T383X2D,1
T39011A,1
T407X4A,1
T421X6D,1
T423X1A,1
T424X6A,1
T434X6A,1
T4396XS,1
T451X1A,1
T467X2A,1
T732XXD,1
T7402XA,1
T7800XA,1
T79A12S,1
T8112XD,1
T8133XA,1
T82198D,1
T82223D,1
T82838D,1
T82868S,1
T84019D,1
T84039A,1
T84428A,1
T8460XD,1
T8501XD,1
T85192S,1
T8544XD,1
V196,1
V602,1
V623,1
V629,1
V698,1
V720,1
W0110XS,1
W1840XD,1
X32XXXA,1
X810XXD,1
Y33XXXA,1
Y9362,1
Y93G2,1
Z00111,1
Z2911,1
Z4541,1
Z462,1
Z52813,1
Z5289,1
Z570,1
Z603,1
Z605,1
Z753,1
Z77010,1
Z93,1
