Disease Description|Scenario|Note|Polished Note|Abbreviated Note|Role|dial|polished_dial
ABNORMAL FINDINGS ON DIAGNOSTIC IMAGING OF OTHER PARTS OF DIGESTIVE TRACT|"ROLE: Gastroenterologist

**1) Medical Outcome:**
- Diagnosis: Abnormal findings on diagnostic imaging of other parts of digestive tract (ICD-10 code: K94.89)
- Prescribed Treatment: Recommend lifestyle changes, including dietary modifications and increased exercise.
- Follow-up Recommendations: Schedule a follow-up appointment in 4 weeks.
- Referral to Specialists: Referral to a dietitian for dietary counseling.
- Referral to Further Tests or Imaging: Order for contrast-enhanced abdominal CT scan to further evaluate the abnormal findings.
- Medication: Prescribe Omeprazole 20 mg, oral, once daily for 8 weeks to reduce stomach acid.

**2) Medical History:**
- Previous Diagnoses: Non-alcoholic fatty liver disease (NAFLD), GERD.
- Family Medical History: Father with a history of colon cancer, mother with a history of hypertension.
- Medication History: Previously prescribed Lansoprazole for GERD.
- Allergies: Allergic to penicillin.
- Chronic Conditions: Type 2 Diabetes Mellitus.

**3) Symptom Description:**
- Severity: Moderate abdominal discomfort.
- Duration: Symptoms have been present for 3 months.
- Associated Symptoms: Occasional nausea and bloating.
- Frequency: Symptoms occur 3-4 times a week.
- Impact on Daily Activities: Symptoms interfere with the patient's ability to work efficiently.

**4) Patient’s Self-reported Habits and Lifestyle:**
- Sleep: Reports 6-7 hours of sleep per night, sometimes interrupted by discomfort.
- Diet: High-fat, low-fiber diet.
- Exercise: Rarely exercises.
- Tobacco Use: Smoker, 1 pack per day for 15 years.
- Alcohol Consumption: Drinks socially, approximately 3-4 times a week.
- Drug Use: Denies any recreational drug use.
- Recreational Activities: Enjoys watching TV and reading.

**5) Demographic Information:**
- Age: 54
- Gender: Male
- Ethnicity: Hispanic
- Socio-economic Status: Middle class
- Education Level: High school diploma
- Health Literacy: Moderate
- Job Status: Construction worker

**6) Patient's Behavior:**
- Level of Cooperation: Patient is mildly cooperative with medical advice, shows some resistance to lifestyle changes.

**7) Geographical Location:**
- Urban
- Pollution and Environmental Health Risks: Moderate air pollution.
- Neighborhood Type: Moderate-income, food desert with limited access to fresh produce.

**8) Clinical Setting:**
- Clinic

**9) Type of Encounter:**
- Follow-up

**10) Treatment Disparities:**
- Potential concern regarding patient's ability to adhere to dietary changes due to limited access to healthy foods.

**11) Native or Non-Native English Speaking Patient:**
- Native English Speaking

**12) Physical exams:**
- Abdominal Exam: Mild tenderness in the epigastric region, no palpable masses.

**13) Investigation/Test results:**
- Awaiting Results: Abdominal ultrasound showed mild liver steatosis. Awaiting contrast-enhanced abdominal CT scan."|"#####
**SUBJECTIVE**

**Chief Complaint (CC):**
Moderate abdominal discomfort.

**History of Present Illness (HPI):**
The patient is a 54-year-old Hispanic male construction worker presenting for a follow-up visit regarding moderate abdominal discomfort that has persisted for the past 3 months. He describes the discomfort as intermittent, occurring 3-4 times a week, and is often accompanied by occasional nausea and bloating. The symptoms have been interfering with his ability to work efficiently. He reports smoking 1 pack per day for 15 years and consuming alcohol socially, approximately 3-4 times a week. His diet is high in fat and low in fiber, and he rarely exercises. He has a history of non-alcoholic fatty liver disease (NAFLD) and gastroesophageal reflux disease (GERD), previously managed with Lansoprazole. He denies any recreational drug use.

**Review of Systems (ROS):**
- Gastrointestinal: Reports abdominal discomfort, nausea, bloating. No vomiting, diarrhea, or constipation.
- Endocrine: Known history of Type 2 Diabetes Mellitus, currently managed.
- Cardiovascular: No chest pain, palpitations, or shortness of breath.
- Respiratory: Occasional coughing, smoker with 15 pack-years history.
- General: Reports poor sleep quality due to discomfort, averaging 6-7 hours per night.

**OBJECTIVE**

**Vital Signs:**
- BP: 138/85 mmHg
- HR: 78 bpm
- RR: 16 breaths/min
- Temperature: 98.6°F
- BMI: 29.5 kg/m²

**Physical Examination:**
- General: Well-nourished, moderately cooperative male in no acute distress.
- Abdomen: Mild tenderness in the epigastric region, no palpable masses, bowel sounds normoactive.
- Cardiovascular: Regular rate and rhythm, no murmurs.
- Respiratory: Clear to auscultation bilaterally, no wheezes or crackles.
- Neurological: Grossly intact, no focal deficits.

**RESULTS**

- Abdominal ultrasound showed mild liver steatosis. Awaiting results from contrast-enhanced abdominal CT scan for further evaluation of abnormal imaging findings in the digestive tract.

**ASSESSMENT**

- Abnormal findings on diagnostic imaging of other parts of the digestive tract (ICD-10 code: K94.89).
- Non-alcoholic fatty liver disease (NAFLD).
- Gastroesophageal reflux disease (GERD).
- Type 2 Diabetes Mellitus.

**PLAN**

1. **Medication:**
   - Prescribe Omeprazole 20 mg, oral, once daily for 8 weeks to reduce stomach acid.

2. **Lifestyle Modifications:**
   - Recommend dietary modifications to include more fiber, fruits, and vegetables while reducing fat intake.
   - Encourage increased physical activity, aiming for at least 30 minutes of moderate exercise 5 days a week.
   - Advise cessation of smoking and reduction of alcohol intake.

3. **Referrals:**
   - Referral to a dietitian for comprehensive dietary counseling to help manage NAFLD and improve overall gastrointestinal health.

4. **Follow-Up:**
   - Schedule a follow-up appointment in 4 weeks to assess progress and review the results of the contrast-enhanced abdominal CT scan.

5. **Further Testing:**
   - Order contrast-enhanced abdominal CT scan to further evaluate the abnormal findings noted on initial diagnostic imaging.

The patient was educated on the importance of lifestyle changes and adherence to the prescribed medication. He was provided with resources for smoking cessation support and community programs for physical activity. The patient verbalizes understanding of the plan and agrees to follow the recommendations. All questions were addressed to the patient's satisfaction."|"#####
**1. Subjective:**

**Chief Complaint (CC):**
Moderate abdominal discomfort.

**History of Present Illness (HPI):**
The patient, Mr. Juan Martinez, is a 54-year-old Hispanic male construction worker presenting for a follow-up visit regarding moderate abdominal discomfort that has persisted for the past 3 months. He describes the discomfort as intermittent, occurring 3-4 times a week, and is often accompanied by occasional nausea and bloating. The symptoms have been interfering with his ability to work efficiently. He reports smoking 1 pack per day for 15 years and consuming alcohol socially, approximately 3-4 times a week. His diet is high in fat and low in fiber, and he rarely exercises. He has a history of non-alcoholic fatty liver disease (NAFLD) and gastroesophageal reflux disease (GERD), previously managed with Lansoprazole. He denies any recreational drug use.

**Review of Systems (ROS):**
- Gastrointestinal: Reports abdominal discomfort, nausea, bloating. No vomiting, diarrhea, or constipation.
- Endocrine: Known history of Type 2 Diabetes Mellitus, currently managed.
- Cardiovascular: No chest pain, palpitations, or shortness of breath.
- Respiratory: Occasional coughing, smoker with 15 pack-years history.
- General: Reports poor sleep quality due to discomfort, averaging 6-7 hours per night.

**2. Objective:**

**Vital Signs:**
- BP: 138/85 mmHg
- HR: 78 bpm
- RR: 16 breaths/min
- Temperature: 98.6°F
- BMI: 29.5 kg/m²

**Physical Examination:**
- General: Well-nourished, moderately cooperative male in no acute distress.
- Abdomen: Mild tenderness in the epigastric region, no palpable masses, bowel sounds normoactive.
- Cardiovascular: Regular rate and rhythm, no murmurs.
- Respiratory: Clear to auscultation bilaterally, no wheezes or crackles.
- Neurological: Grossly intact, no focal deficits.

**Results:**
- Abdominal ultrasound showed mild liver steatosis. Awaiting results from contrast-enhanced abdominal CT scan for further evaluation of abnormal imaging findings in the digestive tract.

**3. Assessment:**
- Abnormal findings on diagnostic imaging of other parts of the digestive tract (ICD-10 code: K94.89).
- Non-alcoholic fatty liver disease (NAFLD).
- Gastroesophageal reflux disease (GERD).
- Type 2 Diabetes Mellitus.

**4. Plan:**

1. **Medication:**
   - Prescribe Omeprazole 20 mg, oral, once daily for 8 weeks to reduce stomach acid.

2. **Lifestyle Modifications:**
   - Recommend dietary modifications to include more fiber, fruits, and vegetables while reducing fat intake.
   - Encourage increased physical activity, aiming for at least 30 minutes of moderate exercise 5 days a week.
   - Advise cessation of smoking and reduction of alcohol intake.

3. **Referrals:**
   - Referral to a dietitian for comprehensive dietary counseling to help manage NAFLD and improve overall gastrointestinal health. (Dietitian: Dr. Maria Gonzalez)

4. **Follow-Up:**
   - Schedule a follow-up appointment in 4 weeks to assess progress and review the results of the contrast-enhanced abdominal CT scan.

5. **Further Testing:**
   - Order contrast-enhanced abdominal CT scan to further evaluate the abnormal findings noted on initial diagnostic imaging.

The patient was educated on the importance of lifestyle changes and adherence to the prescribed medication. He was provided with resources for smoking cessation support and community programs for physical activity. The patient verbalizes understanding of the plan and agrees to follow the recommendations. All questions were addressed to the patient's satisfaction."|"#####
**1. Subjective:**

**CC:**
Moderate abd discomfort.

**HPI:**
The pt, Mr. Juan Martinez, is a 54 y/o Hispanic M construction worker presenting for a f/u visit regarding moderate abd discomfort that has persisted for the past 3 mos. He describes the discomfort as intermittent, occurring 3-4x/wk, and is often accompanied by occasional N/V and bloating. The sx have been interfering with his ability to work efficiently. He reports smoking 1 PPD for 15 yrs and consuming ETOH socially, approx 3-4x/wk. His diet is high in fat and low in fiber, and he rarely exercises. He has a hx of NAFLD and GERD, previously managed with Lansoprazole. He denies any recreational drug use.

**ROS:**
- GI: Reports abd discomfort, N/V, bloating. No vomiting, diarrhea, or constipation.
- Endo: Known hx of T2DM, currently managed.
- CV: No CP, palpitations, or SOB.
- Resp: Occasional coughing, smoker with 15 PY hx.
- Gen: Reports poor sleep quality due to discomfort, averaging 6-7 hrs/night.

**2. Objective:**

**VS:**
- BP: 138/85 mmHg
- HR: 78 bpm
- RR: 16 breaths/min
- Temp: 98.6°F
- BMI: 29.5 kg/m²

**PE:**
- Gen: Well-nourished, moderately cooperative M in no acute distress.
- Abd: Mild tenderness in the epigastric region, no palpable masses, BS normoactive.
- CV: RRR, no murmurs.
- Resp: CTA bilaterally, no wheezes or crackles.
- Neuro: Grossly intact, no focal deficits.

**Results:**
- Abd US showed mild liver steatosis. Awaiting results from contrast-enhanced abd CT for further eval of abnormal imaging findings in the digestive tract.

**3. Assessment:**
- Abnormal findings on diagnostic imaging of other parts of the digestive tract (ICD-10: K94.89).
- NAFLD.
- GERD.
- T2DM.

**4. Plan:**

1. **Rx:**
   - Omeprazole 20 mg PO QD x8 wks to reduce stomach acid.

2. **Lifestyle Modifications:**
   - Recommend dietary modifications to include more fiber, fruits, and vegetables while reducing fat intake.
   - Encourage increased physical activity, aiming for at least 30 mins of moderate exercise 5x/wk.
   - Advise cessation of smoking and reduction of ETOH intake.

3. **Referrals:**
   - Referral to RD for comprehensive dietary counseling to help manage NAFLD and improve overall GI health. (RD: Dr. Maria Gonzalez)

4. **F/U:**
   - Schedule a f/u appt in 4 wks to assess progress and review the results of the contrast-enhanced abd CT.

5. **Further Testing:**
   - Order contrast-enhanced abd CT to further eval the abnormal findings noted on initial diagnostic imaging.

The pt was educated on the importance of lifestyle changes and adherence to the prescribed medication. He was provided with resources for smoking cessation support and community programs for physical activity. The pt verbalizes understanding of the plan and agrees to follow the recommendations. All questions were addressed to the pt's satisfaction."|Gastroenterologist|"### Conversation

#### Initial Interaction

**Doctor:** Hello, how are you today?

**Patient:** I'm doing alright, thank you. Just dealing with this discomfort in my abdomen.

**Doctor:** I see. Can you tell me more about the abdominal discomfort you've been experiencing?

**Patient:** Sure, it's been going on for about 3 months now. The discomfort comes and goes, usually 3-4 times a week.

**Doctor:** Okay, and how would you describe the discomfort? Is it sharp, dull, or something else?

**Patient:** It's more like a moderate, dull pain. Sometimes it gets worse and is accompanied by nausea and bloating.

**Doctor:** I see. Has this discomfort been affecting your daily activities or work?

**Patient:** Yes, I'm a construction worker, and it's been hard to focus and work efficiently because of it.

**Doctor:** I understand. Do you have any other symptoms like vomiting, diarrhea, or constipation?

**Patient:** No, none of those. Just the abdominal discomfort, nausea, and bloating.

**Doctor:** Alright. How about any chest pain, palpitations, or shortness of breath?

**Patient:** No, I haven't experienced any of those.

**Doctor:** And how is your sleep? Are you getting enough rest?

**Patient:** Not really, the discomfort keeps me up at night sometimes. I probably get about 6-7 hours of sleep, but it's not quality sleep.

#### Medical History

**Doctor:** Can you give me your medical history record?

**Patient:** Here you are.

**Doctor:** Based on your medical history record, I see you have a history of non-alcoholic fatty liver disease and gastroesophageal reflux disease. You were previously managed with Lansoprazole. Is that correct?

**Patient:** Yes, that's right.

**Doctor:** And you also have Type 2 Diabetes Mellitus. How is that being managed currently?

**Patient:** It's managed with medication and diet, but I do struggle with maintaining my diet sometimes.

**Doctor:** I see. You mentioned you smoke. How much do you smoke?

**Patient:** I smoke about a pack a day and have been doing so for 15 years.

**Doctor:** And how about alcohol?

**Patient:** I drink socially, about 3-4 times a week.

**Doctor:** Do you use any recreational drugs?

**Patient:** No, I don't use any recreational drugs.

**Doctor:** How about your diet and exercise habits?

**Patient:** My diet is pretty high in fat and low in fiber. I rarely exercise.

#### Vital Signs and Physical Examination

**Doctor:** Alright, let's check your vital signs. Your blood pressure is 138/85 mmHg, heart rate is 78 bpm, respiratory rate is 16 breaths per minute, temperature is 98.6°F, and your BMI is 29.5 kg/m².

**Patient:** Okay.

**Doctor:** Now, I'll proceed with a physical examination. Please lie down. I’ll check your abdomen.

**Patient:** Sure.

**Doctor:** (Examining) There's mild tenderness in the epigastric region, but no palpable masses. Bowel sounds are normoactive. Your cardiovascular and respiratory exams are normal. Neurologically, you seem fine as well.

**Patient:** Alright.

#### Discussion of Results

**Doctor:** We did an abdominal ultrasound, which showed mild liver steatosis. We're still waiting on the results from the contrast-enhanced abdominal CT scan to further evaluate any abnormal imaging findings in the digestive tract.

**Patient:** Okay, what does that mean?

**Doctor:** It means that we found some fat accumulation in your liver, but we need more detailed imaging to understand any other issues in your digestive tract.

**Patient:** I see.

#### Diagnosis and Plan

**Doctor:** Based on everything we've discussed and your physical exam, here are the main points: you have non-alcoholic fatty liver disease, gastroesophageal reflux disease, and Type 2 Diabetes Mellitus. We're also investigating some abnormal findings in your digestive tract.

**Patient:** Alright. What do we do next?

**Doctor:** First, I’ll prescribe Omeprazole 20 mg, to be taken orally once daily for 8 weeks to help reduce stomach acid.

**Patient:** Got it.

**Doctor:** Next, I recommend some lifestyle modifications: increase fiber in your diet by including more fruits and vegetables while reducing fat intake, and aim for at least 30 minutes of moderate exercise 5 days a week.

**Patient:** That sounds doable.

**Doctor:** It's also important to work on quitting smoking and reducing alcohol intake. I'll refer you to a dietitian for comprehensive dietary counseling to help manage your fatty liver and improve overall gastrointestinal health.

**Patient:** I appreciate that.

**Doctor:** We need to follow up in 4 weeks to assess your progress and review the results of the contrast-enhanced abdominal CT scan.

**Patient:** Okay, I'll be here.

**Doctor:** Finally, we’ll be ordering the contrast-enhanced abdominal CT scan to further evaluate the abnormal findings noted on initial diagnostic imaging.

**Patient:** Understood.

**Doctor:** I'll provide you with resources for smoking cessation support and community programs for physical activity. It's crucial to make these lifestyle changes for your overall health.

**Patient:** I understand.

**Doctor:** Do you have any questions or concerns about the plan?

**Patient:** No, I think I got everything.

**Doctor:** Great. All questions were addressed to your satisfaction?

**Patient:** Yes, they were. Thank you.

**Doctor:** You're welcome. See you in 4 weeks. Take care.

**Patient:** Thank you, Doctor. See you then."|"#### Initial Interaction

[doctor]: Hello, how are you today?

[patient]: I'm doing alright, thank you. Just dealing with this discomfort in my abdomen.

[doctor]: Hmm, I see. Can you tell me more about the abdominal discomfort you've been experiencing?

[patient]: Sure, it's been going on for about 3 months now. The discomfort comes and goes, usually 3-4 times a week.

[doctor]: Okay, and how would you describe the discomfort? Is it sharp, dull, or something else?

[patient]: It's more like a moderate, dull pain. Sometimes it gets worse and is accompanied by nausea and bloating.

[doctor]: I see. Has this discomfort been affecting your daily activities or work?

[patient]: Yes, I'm a construction worker, and it's been hard to focus and work efficiently because of it.

[doctor]: I understand. Do you have any other symptoms like vomiting, diarrhea, or constipation?

[patient]: No, none of those. Just the abdominal discomfort, nausea, and bloating.

[doctor]: Alright. How about any chest pain, palpitations, or shortness of breath?

[patient]: No, I haven't experienced any of those.

[doctor]: And how is your sleep? Are you getting enough rest?

[patient]: Not really, the discomfort keeps me up at night sometimes. I probably get about 6-7 hours of sleep, but it's not quality sleep.

#### Medical History

[doctor]: Hmm, I see. Can you give me your medical history record?

[patient]: Here you are.

[doctor]: Based on your medical history record, I see you have a history of non-alcoholic fatty liver disease and gastroesophageal reflux disease. You were previously managed with Lansoprazole. Is that correct?

[patient]: Yes, that's right.

[doctor]: And you also have Type 2 Diabetes Mellitus. How is that being managed currently?

[patient]: It's managed with medication and diet, but I do struggle with maintaining my diet sometimes.

[doctor]: I see. You mentioned you smoke. How much do you smoke?

[patient]: I smoke about a pack a day and have been doing so for 15 years.

[doctor]: And how about alcohol?

[patient]: I drink socially, about 3-4 times a week.

[doctor]: Do you use any recreational drugs?

[patient]: No, I don't use any recreational drugs.

[doctor]: Hmm, okay. How about your diet and exercise habits?

[patient]: My diet is pretty high in fat and low in fiber. I rarely exercise.

#### Vital Signs and Physical Examination

[doctor]: Alright, let's check your vital signs. Your blood pressure is 138/85 mmHg, heart rate is 78 bpm, respiratory rate is 16 breaths per minute, temperature is 98.6°F, and your BMI is 29.5 kg/m².

[patient]: Okay.

[doctor]: Now, I'll proceed with a physical examination. Please lie down. I’ll check your abdomen.

[patient]: Sure.

[doctor]: (Examining) There's mild tenderness in the epigastric region, but no palpable masses. Bowel sounds are normoactive. Your cardiovascular and respiratory exams are normal. Neurologically, you seem fine as well.

[patient]: Alright.

#### Discussion of Results

[doctor]: We did an abdominal ultrasound, which showed mild liver steatosis. We're still waiting on the results from the contrast-enhanced abdominal CT scan to further evaluate any abnormal imaging findings in the digestive tract.

[patient]: Okay, what does that mean?

[doctor]: It means that we found some fat accumulation in your liver, but we need more detailed imaging to understand any other issues in your digestive tract.

[patient]: I see.

#### Diagnosis and Plan

[doctor]: Based on everything we've discussed and your physical exam, here are the main points: you have non-alcoholic fatty liver disease, gastroesophageal reflux disease, and Type 2 Diabetes Mellitus. We're also investigating some abnormal findings in your digestive tract.

[patient]: Alright. What do we do next?

[doctor]: First, I’ll prescribe Omeprazole 20 mg, to be taken orally once daily for 8 weeks to help reduce stomach acid.

[patient]: Got it.

[doctor]: Next, I recommend some lifestyle modifications: increase fiber in your diet by including more fruits and vegetables while reducing fat intake, and aim for at least 30 minutes of moderate exercise 5 days a week.

[patient]: That sounds doable.

[doctor]: It's also important to work on quitting smoking and reducing alcohol intake. I'll refer you to a dietitian for comprehensive dietary counseling to help manage your fatty liver and improve overall gastrointestinal health.

[patient]: I appreciate that.

[doctor]: We need to follow up in 4 weeks to assess your progress and review the results of the contrast-enhanced abdominal CT scan.

[patient]: Okay, I'll be here.

[doctor]: Finally, we’ll be ordering the contrast-enhanced abdominal CT scan to further evaluate the abnormal findings noted on initial diagnostic imaging.

[patient]: Understood.

[doctor]: I'll provide you with resources for smoking cessation support and community programs for physical activity. It's crucial to make these lifestyle changes for your overall health.

[patient]: I understand.

[doctor]: Do you have any questions or concerns about the plan?

[patient]: No, I think I got everything.

[doctor]: Great. All questions were addressed to your satisfaction?

[patient]: Yes, they were. Thank you.

[doctor]: You're welcome. See you in 4 weeks. Take care.

[patient]: Thank you, Doctor. See you then."
ABNORMAL FINDINGS ON DIAGNOSTIC IMAGING OF OTHER PARTS OF DIGESTIVE TRACT|"ROLE: Gastroenterologist

1) Medical Outcome:
   - Diagnosis: Abnormal findings on diagnostic imaging of other parts of the digestive tract.
   - Follow-up Recommendations: Follow-up in 2 weeks for results review.
   - Referral to Further Tests: Order a magnetic resonance imaging (MRI) scan of the abdomen.
   - Medication: Prescribe Metronidazole 500 mg, taken orally three times daily for 10 days, quantity: 30 tablets.

2) Medical History:
   - Previous Diagnoses: Diverticulitis.
   - Family Medical History: No relevant conditions.
   - Medication History: Past use of antibiotics for diverticulitis flare-ups.
   - Allergies: Penicillin.
   - Chronic Conditions: Hypertension.

3) Symptom Description:
   - Severity: Mild to moderate.
   - Duration: Present for 1 month.
   - Associated Symptoms: Intermittent abdominal pain and occasional nausea.
   - Frequency: Weekly episodes.
   - Impact on Daily Activities: Minimal impact, discomfort during meals.

4) Patient’s self-reported habits and lifestyle:
   - Sleep: Generally good, 7-8 hours per night.
   - Diet: Balanced diet with regular fiber intake.
   - Exercise: Active lifestyle, runs 4 times a week.
   - Tobacco Use: None.
   - Alcohol Consumption: Light, social drinking.
   - Drug Use: None.
   - Recreational Activities: Enjoys running marathons and outdoor activities.

5) Demographic Information:
   - Age: 28
   - Gender: Female
   - Ethnicity: African American
   - Socio-economic Status: Low income
   - Education Level: High school graduate
   - Health Literacy: Low
   - Job Status: Part-time retail worker

6) Patient's Behavior:
   - Motivated to follow treatment plans but expresses financial concerns regarding medications.

7) Geographical Location:
   - Big City
   - Urban
   - Neighborhood Type: Impoverished
   - Food Desert

8) Clinical Setting:
   - Community Health Services

9) Type of Encounter:
   - Initial Consultation

10) Treatment Disparities:
   - Possible delays in treatment due to financial constraints and access to healthcare.

11) Native or Non-Native English Speaking Patient:
   - Non-Native English Speaking Patient (Spanish)

12) Physical exams:
   - Abdomen: Mild tenderness in lower left quadrant, no guarding or rebound.
   - Vital Signs: Blood pressure slightly elevated at 140/90 mmHg.

13) Investigation/Test results:
   - Previous Imaging: Abdominal ultrasound showed areas of concern in the lower digestive tract.
   - Awaiting: MRI scan to assess the extent of findings further."|"#####
**Subjective:**

**Chief Complaint (CC):**
Intermittent abdominal pain and occasional nausea.

**History of Present Illness (HPI):**
Maria Rodriguez is a 28-year-old African American female with a past medical history significant for diverticulitis and hypertension. She presents today for an initial consultation due to ongoing symptoms of intermittent abdominal pain and occasional nausea lasting for the past month. The pain is described as mild to moderate in severity, occurring weekly, with minimal impact on her daily activities but causing discomfort during meals.

The patient reports a generally good sleep pattern, averaging 7-8 hours per night. She follows a balanced diet with regular fiber intake and maintains an active lifestyle, running four times a week. She denies tobacco use, drug use, and engages in light social drinking. She enjoys running marathons and participating in outdoor activities.

**Review of Systems (ROS):**
- Gastrointestinal: Reports intermittent abdominal pain and occasional nausea. Denies vomiting or changes in bowel habits.
- Cardiovascular: Denies chest pain or palpitations.
- Respiratory: Denies shortness of breath.
- Musculoskeletal: No joint pain or muscle weakness.
- Neurological: No headaches or dizziness.
- Psychiatric: No anxiety or depression reported.

**Objective:**

**Physical Examination:**
- Abdomen: Mild tenderness in the lower left quadrant, no guarding or rebound.
- Cardiovascular: Normal heart sounds, no murmurs noted.
- Respiratory: Lungs clear to auscultation bilaterally.
- Musculoskeletal: Full range of motion, no tenderness.
- Neurological: Alert and oriented, normal reflexes.

**Vital Signs:**
- Blood pressure: 140/90 mmHg
- Heart rate: 78 beats per minute
- Respiratory rate: 16 breaths per minute
- Temperature: 98.6°F

**Results:**
- Previous Imaging: Abdominal ultrasound showed areas of concern in the lower digestive tract.

**Assessment:**
Maria Rodriguez is a 28-year-old female with a history of diverticulitis and hypertension, presenting with intermittent abdominal pain and occasional nausea. The abdominal ultrasound revealed abnormalities that require further investigation.

**Plan:**
1. **Further Testing:**
   - Order a magnetic resonance imaging (MRI) scan of the abdomen to assess the extent of the findings from the previous abdominal ultrasound.

2. **Medical Treatment:**
   - Prescribe Metronidazole 500 mg, taken orally three times daily for 10 days, quantity: 30 tablets to cover potential infectious etiologies contributing to the symptoms.

3. **Follow-up:**
   - Schedule a follow-up appointment in 2 weeks to review the results of the MRI scan and monitor the response to the prescribed medication.

4. **Patient Education and Counseling:**
   - Discuss the importance of medication adherence despite financial concerns. Provide information on potential programs and resources that may assist with medication costs.
   - Encourage continued high fiber intake and address any dietary questions.
   - Advise the patient to monitor her symptoms and report any worsening or new symptoms immediately.

5. **Healthcare Management:**
   - Address potential delays in treatment due to financial constraints by coordinating with social services for support and discussing affordable healthcare options available through community health services.

**Patient Agreements:**
The patient understands and agrees with the recommended medical treatment plan. We will work together to address her financial concerns and ensure she receives the necessary follow-up care.
"|"#####
**Subjective:**

**Chief Complaint (CC):**
Intermittent abdominal pain and occasional nausea.

**History of Present Illness (HPI):**
Maria Rodriguez is a 28-year-old African American female with a past medical history significant for diverticulitis and hypertension. She presents today for an initial consultation due to ongoing symptoms of intermittent abdominal pain and occasional nausea lasting for the past month. The pain is described as mild to moderate in severity, occurring weekly, with minimal impact on her daily activities but causing discomfort during meals.

The patient reports a generally good sleep pattern, averaging 7-8 hours per night. She follows a balanced diet with regular fiber intake and maintains an active lifestyle, running four times a week. She denies tobacco use, drug use, and engages in light social drinking. She enjoys running marathons and participating in outdoor activities.

**Review of Systems (ROS):**
- Gastrointestinal: Reports intermittent abdominal pain and occasional nausea. Denies vomiting or changes in bowel habits.
- Cardiovascular: Denies chest pain or palpitations.
- Respiratory: Denies shortness of breath.
- Musculoskeletal: No joint pain or muscle weakness.
- Neurological: No headaches or dizziness.
- Psychiatric: No anxiety or depression reported.

**Objective:**

**Physical Examination:**
- Abdomen: Mild tenderness in the lower left quadrant, no guarding or rebound.
- Cardiovascular: Normal heart sounds, no murmurs noted.
- Respiratory: Lungs clear to auscultation bilaterally.
- Musculoskeletal: Full range of motion, no tenderness.
- Neurological: Alert and oriented, normal reflexes.

**Vital Signs:**
- Blood pressure: 140/90 mmHg
- Heart rate: 78 beats per minute
- Respiratory rate: 16 breaths per minute
- Temperature: 98.6°F

**Results:**
- Previous Imaging: Abdominal ultrasound showed areas of concern in the lower digestive tract.

**Assessment:**
Maria Rodriguez is a 28-year-old female with a history of diverticulitis and hypertension, presenting with intermittent abdominal pain and occasional nausea. The abdominal ultrasound revealed abnormalities that require further investigation.

**Plan:**
1. **Further Testing:**
   - Order a magnetic resonance imaging (MRI) scan of the abdomen to assess the extent of the findings from the previous abdominal ultrasound.

2. **Medical Treatment:**
   - Prescribe Metronidazole 500 mg, taken orally three times daily for 10 days, quantity: 30 tablets to cover potential infectious etiologies contributing to the symptoms.

3. **Follow-up:**
   - Schedule a follow-up appointment in 2 weeks to review the results of the MRI scan and monitor the response to the prescribed medication.

4. **Patient Education and Counseling:**
   - Discuss the importance of medication adherence despite financial concerns. Provide information on potential programs and resources that may assist with medication costs.
   - Encourage continued high fiber intake and address any dietary questions.
   - Advise the patient to monitor her symptoms and report any worsening or new symptoms immediately.

5. **Healthcare Management:**
   - Address potential delays in treatment due to financial constraints by coordinating with social services for support and discussing affordable healthcare options available through community health services.

**Patient Agreements:**
The patient understands and agrees with the recommended medical treatment plan. We will work together to address her financial concerns and ensure she receives the necessary follow-up care."|"#####
**Subjective:**

**CC:**
Intermittent abdominal pain and occasional nausea.

**HPI:**
Maria Rodriguez is a 28-year-old African American female with PMH significant for diverticulitis and HTN. She presents today for an initial consult due to ongoing sx of intermittent abdominal pain and occasional nausea lasting for the past month. The pain is described as mild to moderate in severity, occurring weekly, with minimal impact on her ADLs but causing discomfort during meals.

The patient reports a generally good sleep pattern, averaging 7-8 hours per night. She follows a balanced diet with regular fiber intake and maintains an active lifestyle, running four times a week. She denies tobacco use, drug use, and engages in light social ETOH. She enjoys running marathons and participating in outdoor activities.

**ROS:**
- GI: Reports intermittent abdominal pain and occasional nausea. Denies vomiting or changes in bowel habits.
- CV: Denies chest pain or palpitations.
- Resp: Denies SOB.
- MSK: No joint pain or muscle weakness.
- Neuro: No headaches or dizziness.
- Psych: No anxiety or depression reported.

**Objective:**

**PE:**
- Abd: Mild tenderness in the LLQ, no guarding or rebound.
- CV: Normal heart sounds, no murmurs noted.
- Resp: Lungs clear to auscultation bilaterally.
- MSK: Full ROM, no tenderness.
- Neuro: Alert and oriented, normal reflexes.

**VS:**
- BP: 140/90 mmHg
- HR: 78 bpm
- RR: 16 bpm
- Temp: 98.6°F

**Results:**
- Previous Imaging: Abdominal US showed areas of concern in the lower digestive tract.

**Assessment:**
Maria Rodriguez is a 28-year-old female with a hx of diverticulitis and HTN, presenting with intermittent abdominal pain and occasional nausea. The abdominal US revealed abnormalities that require further investigation.

**Plan:**
1. **Further Testing:**
   - Order an MRI of the abdomen to assess the extent of the findings from the previous abdominal US.

2. **Medical Treatment:**
   - Rx Metronidazole 500 mg PO TID x10 days, qty: 30 tabs to cover potential infectious etiologies contributing to the sx.

3. **Follow-up:**
   - Schedule a f/u appointment in 2 weeks to review the results of the MRI and monitor the response to the prescribed medication.

4. **Patient Education and Counseling:**
   - Discuss the importance of medication adherence despite financial concerns. Provide info on potential programs and resources that may assist with medication costs.
   - Encourage continued high fiber intake and address any dietary questions.
   - Advise the patient to monitor her sx and report any worsening or new sx immediately.

5. **Healthcare Management:**
   - Address potential delays in treatment due to financial constraints by coordinating with social services for support and discussing affordable healthcare options available through community health services.

**Patient Agreements:**
The patient understands and agrees with the recommended medical treatment plan. We will work together to address her financial concerns and ensure she receives the necessary f/u care."|Gastroenterologist|"```plaintext
[doctor] Good morning, Maria. How are you today? I understand you're here for some abdominal pain and occasional nausea.

[patient] Good morning, doctor. Yes, that's right. I've been having these symptoms for about a month now.

[doctor] Okay, can you describe the abdominal pain for me? Is it constant or does it come and go?

[patient] It's intermittent. It comes and goes, usually once a week. The pain is mild to moderate.

[doctor] Hmm, I see. And when you have this pain, does it affect your daily activities?

[patient] Not really. It's more uncomfortable, especially during meals, but I can still go about my day.

[doctor] Understood. How about the nausea? Is it related to the abdominal pain?

[patient] Yes, it usually happens around the same time as the pain but not always.

[doctor] Okay. Have you noticed any vomiting or changes in your bowel habits?

[patient] No, I haven't had any vomiting or changes in my bowel habits.

[doctor] That’s good to know. You mentioned you have a history of diverticulitis and hypertension. Is that correct?

[patient] Yes, that's correct.

[doctor] Alright. How has your sleep been? Are you getting enough rest?

[patient] Yes, I usually sleep 7-8 hours a night without any problems.

[doctor] Great. And how about your diet? Are you following any specific dietary guidelines?

[patient] I try to eat a balanced diet with regular fiber intake. I also run four times a week and stay active.

[doctor] That sounds excellent. Do you smoke or use any recreational drugs?

[patient] No, I don’t smoke or use any drugs. I do drink socially, but only lightly.

[doctor] Okay, thank you for sharing that. Let me go ahead and perform a physical examination now. Please lie down on the examination table.

[patient] Sure.

[doctor] I'm going to press lightly on your abdomen. Let me know if you feel any pain. (presses) Any discomfort here?

[patient] Just a little tenderness in the lower left quadrant.

[doctor] Okay, noted. No guarding or rebound. Let’s listen to your heart and lungs. Take a deep breath for me. (listens with stethoscope) Your heart sounds normal, no murmurs. Lungs are clear. 

[patient] Alright.

[doctor] Now I’m going to check your range of motion. Can you move your arms and legs for me? Any tenderness?

[patient] No, everything feels normal.

[doctor] Good. Now, let's check your reflexes. (performs reflex test) Everything seems normal there too.

[patient] Okay.

[doctor] Your vital signs are as follows: Blood pressure is 140/90 mmHg, heart rate is 78 beats per minute, respiratory rate is 16 breaths per minute, and your temperature is 98.6°F.

[patient] Alright.

[doctor] Based on your symptoms and the physical examination, I believe we need to do further testing. Your previous abdominal ultrasound showed some areas of concern in the lower digestive tract. 

[patient] What kind of tests do you think I need?

[doctor] I would like to order a magnetic resonance imaging (MRI) scan of your abdomen to get a clearer picture of what's going on. 

[patient] Okay, that sounds fine. 

[doctor] In the meantime, I’m going to prescribe Metronidazole 500 mg, to be taken orally three times daily for 10 days. This will help cover any potential infectious causes of your symptoms.

[patient] Okay, I can do that. 

[doctor] I'll prescribe 30 tablets to ensure you have enough for the full course. 

[patient] Thank you.

[doctor] Let’s also schedule a follow-up appointment in 2 weeks to review the results of the MRI scan and see how you’re responding to the medication.

[patient] Sounds good.

[doctor] I want to emphasize the importance of taking the medication as prescribed, even if you have financial concerns. There are programs and resources that can assist with medication costs.

[patient] Okay, I’ll make sure to follow through with that.

[doctor] Continue with your high fiber intake and let me know if you have any dietary questions.

[patient] Will do.

[doctor] Please monitor your symptoms closely and report any worsening or new symptoms immediately.

[patient] I will, doctor.

[doctor] To address potential delays in treatment due to financial constraints, I’ll coordinate with social services for support and discuss affordable healthcare options available through community health services.

[patient] That would be really helpful, thank you.

[doctor] Do you have any other questions or concerns?

[patient] No, I think that covers everything for now.

[doctor] Alright, Maria. We will work together to address your concerns and ensure you get the necessary follow-up care. Take care, and I’ll see you in two weeks.

[patient] Thank you, doctor. I appreciate it.

[doctor] You’re welcome. Have a great day.

[patient] You too.
```"|"[doctor]: Good morning, Maria. How are you today? I understand you're here for some abdominal pain and occasional nausea.

[patient]: Good morning, doctor. Yes, that's right. I've been having these symptoms for about a month now.

[doctor]: Okay, can you describe the abdominal pain for me? Is it constant or does it come and go?

[patient]: It's intermittent. It comes and goes, usually once a week. The pain is mild to moderate.

[doctor]: Hmm, I see. And when you have this pain, does it affect your daily activities?

[patient]: Not really. It's more uncomfortable, especially during meals, but I can still go about my day.

[doctor]: Understood. How about the nausea? Is it related to the abdominal pain?

[patient]: Yes, it usually happens around the same time as the pain but not always.

[doctor]: Okay. Have you noticed any vomiting or changes in your bowel habits?

[patient]: No, I haven't had any vomiting or changes in my bowel habits.

[doctor]: That’s good to know. You mentioned you have a history of diverticulitis and hypertension. Is that correct?

[patient]: Yes, that's correct.

[doctor]: Alright. How has your sleep been? Are you getting enough rest?

[patient]: Yes, I usually sleep 7-8 hours a night without any problems.

[doctor]: Great. And how about your diet? Are you following any specific dietary guidelines?

[patient]: I try to eat a balanced diet with regular fiber intake. I also run four times a week and stay active.

[doctor]: That sounds excellent. Do you smoke or use any recreational drugs?

[patient]: No, I don’t smoke or use any drugs. I do drink socially, but only lightly.

[doctor]: Okay, thank you for sharing that. Let me go ahead and perform a physical examination now. Please lie down on the examination table.

[patient]: Sure.

[doctor]: I'm going to press lightly on your abdomen. Let me know if you feel any pain. (presses) Any discomfort here?

[patient]: Just a little tenderness in the lower left quadrant.

[doctor]: Okay, noted. No guarding or rebound. Let’s listen to your heart and lungs. Take a deep breath for me. (listens with stethoscope) Your heart sounds normal, no murmurs. Lungs are clear. 

[patient]: Alright.

[doctor]: Now I’m going to check your range of motion. Can you move your arms and legs for me? Any tenderness?

[patient]: No, everything feels normal.

[doctor]: Good. Now, let's check your reflexes. (performs reflex test) Everything seems normal there too.

[patient]: Okay.

[doctor]: Your vital signs are as follows: Blood pressure is 140/90 mmHg, heart rate is 78 beats per minute, respiratory rate is 16 breaths per minute, and your temperature is 98.6°F.

[patient]: Alright.

[doctor]: Based on your symptoms and the physical examination, I believe we need to do further testing. Your previous abdominal ultrasound showed some areas of concern in the lower digestive tract. 

[patient]: What kind of tests do you think I need?

[doctor]: I would like to order a magnetic resonance imaging (MRI) scan of your abdomen to get a clearer picture of what's going on. 

[patient]: Okay, that sounds fine. 

[doctor]: In the meantime, I’m going to prescribe Metronidazole 500 mg, to be taken orally three times daily for 10 days. This will help cover any potential infectious causes of your symptoms.

[patient]: Okay, I can do that. 

[doctor]: I'll prescribe 30 tablets to ensure you have enough for the full course. 

[patient]: Thank you.

[doctor]: Let’s also schedule a follow-up appointment in 2 weeks to review the results of the MRI scan and see how you’re responding to the medication.

[patient]: Sounds good.

[doctor]: I want to emphasize the importance of taking the medication as prescribed, even if you have financial concerns. There are programs and resources that can assist with medication costs.

[patient]: Okay, I’ll make sure to follow through with that.

[doctor]: Continue with your high fiber intake and let me know if you have any dietary questions.

[patient]: Will do.

[doctor]: Please monitor your symptoms closely and report any worsening or new symptoms immediately.

[patient]: I will, doctor.

[doctor]: To address potential delays in treatment due to financial constraints, I’ll coordinate with social services for support and discuss affordable healthcare options available through community health services.

[patient]: That would be really helpful, thank you.

[doctor]: Do you have any other questions or concerns?

[patient]: No, I think that covers everything for now.

[doctor]: Alright, Maria. We will work together to address your concerns and ensure you get the necessary follow-up care. Take care, and I’ll see you in two weeks.

[patient]: Thank you, doctor. I appreciate it.

[doctor]: You’re welcome. Have a great day.

[patient]: You too."
ABNORMAL FINDINGS ON DIAGNOSTIC IMAGING OF OTHER PARTS OF DIGESTIVE TRACT|"ROLE: Gastroenterologist

1) Medical Outcome
    - Diagnosis: Abnormal findings on diagnostic imaging of other parts of the digestive tract (ICD-10 code: K92.89)
    - Prescribed Treatment: Prescribe Metronidazole 500 mg, oral, three times daily for 7 days, quantity 21 tablets
    - Follow-up Recommendations: Follow-up in 2 weeks to assess symptom improvement and review biopsy results
    - Further Tests/Imaging: Order a Capsule Endoscopy to investigate the abnormal findings seen in the small intestine on prior imaging

2) Medical History 
    - Previous Diagnoses: Diabetes Mellitus Type 2, Hypertension
    - Family Medical History: Father had gastric cancer, no other significant family medical history
    - Medication History: Currently on Metformin 500 mg twice daily for diabetes, Lisinopril 20 mg once daily for hypertension
    - Allergies: Sulfa drugs (rash)
    - Chronic Conditions: Diabetes Mellitus Type 2, Hypertension

3) Symptom Description
    - Severity: Severe
    - Duration: 1 month
    - Associated Symptoms: Severe abdominal pain, persistent vomiting, chronic diarrhea
    - Frequency: Constant throughout the day
    - Impact on Daily Activities: Unable to work or perform daily activities, confined to bed or bathroom most of the time

4) Patient’s self-reported habits and lifestyle
    - Sleep: Interrupted frequently due to symptoms
    - Diet: High-carbohydrate diet, difficulty eating due to nausea
    - Exercise: None due to severe symptoms
    - Tobacco Use: Smokes half a pack of cigarettes daily
    - Alcohol Consumption: Occasionally drinks beer, about once a month
    - Drug Use: No recreational drug use
    - Recreational Activities: Used to enjoy fishing, now unable due to symptoms

5) Demographic Information
    - Age: 62
    - Gender: Male
    - Ethnicity: Asian
    - Socio-economic Status: Low-income
    - Education Level: High school diploma
    - Health Literacy: Low
    - Job Status: Retired factory worker

6) Patient's Behavior 
    - Level of cooperation: Willing to follow medical advice but expresses frustration with ongoing symptoms

7) Geographical Location
    - Big City vs Small City: Big city
    - Rural vs Urban: Urban
    - Pollution and Environmental Health Risks: High pollution area
    - Neighborhood Type: Low-income, limited access to healthcare facilities
    - Food Desert: Yes

8) Clinical Setting
    - Telemedicine consultation due to patient's immobility and ongoing pandemic

9) Type of Encounter
    - Follow-up consultation

10) Treatment Disparities
    - Limited access to advanced healthcare facilities due to socio-economic status, affecting timely diagnosis and treatment

11) Native or Non-Native English Speaking Patient
    - Non-Native English-speaking patient (primary language: Cantonese)

12) Physical exams
    - NA (virtual consultation)

13) Investigation/Test results
    - Awaiting: Recent abdominal CT scan showing abnormal thickening and inflammation in the small intestine
    - Order: Capsule Endoscopy to investigate the abnormal findings seen in the small intestine on prior imaging"|"**1. Subjective**

**Chief Complaint (CC):**
Severe abdominal pain, persistent vomiting, and chronic diarrhea.

**History of Present Illness (HPI):**
Mr. Lee is a 62-year-old Asian male presenting for a follow-up consultation via telemedicine due to immobility and the ongoing pandemic. He has been experiencing severe abdominal pain, persistent vomiting, and chronic diarrhea for the past month. These symptoms are constant throughout the day and have significantly impacted his daily activities, confining him to bed or the bathroom most of the time.

The patient has a history of Diabetes Mellitus Type 2 and Hypertension, for which he is currently taking Metformin 500 mg twice daily and Lisinopril 20 mg once daily, respectively. He is allergic to sulfa drugs, which cause a rash.

**Review of Systems (ROS):**
- Gastrointestinal: Severe abdominal pain, persistent vomiting, chronic diarrhea.
- Endocrine: History of Type 2 Diabetes Mellitus.
- Cardiovascular: History of Hypertension.
- Dermatologic: Rash with sulfa drugs.
- Lifestyle: Interrupted sleep, high-carbohydrate diet, no exercise due to symptoms, smokes half a pack of cigarettes daily, occasional beer consumption, no recreational drug use. Used to enjoy fishing but unable due to current symptoms.

**2. Objective**

The physical examination could not be conducted due to the virtual nature of the consultation. However, recent abdominal CT scan results indicated abnormal thickening and inflammation in the small intestine.

**3. Assessment**

Primary Diagnosis:
- Abnormal findings on diagnostic imaging of other parts of the digestive tract (ICD-10 code: K92.89)

Differential Diagnoses:
- Inflammatory bowel disease (IBD)
- Gastrointestinal infection
- Small bowel neoplasm

**4. Plan**

**Treatment:**
- Prescribe Metronidazole 500 mg, oral, three times daily for 7 days, quantity 21 tablets.

**Further Testing:**
- Order a Capsule Endoscopy to investigate the abnormal findings seen in the small intestine on prior imaging.

**Follow-Up:**
- Follow-up in 2 weeks to assess symptom improvement and review biopsy results from the Capsule Endoscopy.

**Lifestyle and Diet Recommendations:**
- Advise a low-residue diet to help alleviate GI symptoms.
- Encourage smoking cessation and provide resources for smoking cessation programs.
- Recommend moderate hydration and small, frequent meals to manage nausea.

**Patient Education:**
- Discuss the importance of medication adherence.
- Provide information on the potential side effects of Metronidazole and instruct to report any severe reactions.

Given Mr. Lee's non-native English-speaking status, ensure instructions are provided in Cantonese to improve comprehension and adherence.

**Instructions:**
- Return to telemedicine consultation in 2 weeks.
"|"**1. Subjective:**

**Chief Complaint (CC):**
Severe abdominal pain, persistent vomiting, and chronic diarrhea.

**History of Present Illness (HPI):**
Mr. Lee is a 62-year-old Asian male presenting for a follow-up consultation via telemedicine due to immobility and the ongoing pandemic. He has been experiencing severe abdominal pain, persistent vomiting, and chronic diarrhea for the past month. These symptoms are constant throughout the day and have significantly impacted his daily activities, confining him to bed or the bathroom most of the time.

The patient has a history of Diabetes Mellitus Type 2 and Hypertension, for which he is currently taking Metformin 500 mg twice daily and Lisinopril 20 mg once daily, respectively. He is allergic to sulfa drugs, which cause a rash.

**Review of Systems (ROS):**
- Gastrointestinal: Severe abdominal pain, persistent vomiting, chronic diarrhea.
- Endocrine: History of Type 2 Diabetes Mellitus.
- Cardiovascular: History of Hypertension.
- Dermatologic: Rash with sulfa drugs.
- Lifestyle: Interrupted sleep, high-carbohydrate diet, no exercise due to symptoms, smokes half a pack of cigarettes daily, occasional beer consumption, no recreational drug use. Used to enjoy fishing but unable due to current symptoms.

**2. Objective:**

The physical examination could not be conducted due to the virtual nature of the consultation. However, recent abdominal CT scan results indicated abnormal thickening and inflammation in the small intestine.

**3. Assessment:**

Primary Diagnosis:
- Abnormal findings on diagnostic imaging of other parts of the digestive tract (ICD-10 code: K92.89)

Differential Diagnoses:
- Inflammatory bowel disease (IBD)
- Gastrointestinal infection
- Small bowel neoplasm

**4. Plan:**

**Treatment:**
- Prescribe Metronidazole 500 mg, oral, three times daily for 7 days, quantity 21 tablets.

**Further Testing:**
- Order a Capsule Endoscopy to investigate the abnormal findings seen in the small intestine on prior imaging.

**Follow-Up:**
- Follow-up in 2 weeks to assess symptom improvement and review biopsy results from the Capsule Endoscopy.

**Lifestyle and Diet Recommendations:**
- Advise a low-residue diet to help alleviate GI symptoms.
- Encourage smoking cessation and provide resources for smoking cessation programs.
- Recommend moderate hydration and small, frequent meals to manage nausea.

**Patient Education:**
- Discuss the importance of medication adherence.
- Provide information on the potential side effects of Metronidazole and instruct to report any severe reactions.

Given Mr. Lee's non-native English-speaking status, ensure instructions are provided in Cantonese to improve comprehension and adherence.

**Instructions:**
- Return to telemedicine consultation in 2 weeks."|"**1. Subjective:**

**CC:**
Severe abd pain, persistent vomiting, and chronic diarrhea.

**HPI:**
Mr. Lee is a 62 y/o Asian M presenting for f/u via telemedicine due to immobility and the ongoing pandemic. He has been experiencing severe abd pain, persistent vomiting, and chronic diarrhea for the past month. These sx are constant throughout the day and have significantly impacted his ADLs, confining him to bed or the bathroom most of the time.

The pt has a hx of DM Type 2 and HTN, for which he is currently taking Metformin 500 mg BID and Lisinopril 20 mg QD, respectively. He is allergic to sulfa drugs, which cause a rash.

**ROS:**
- GI: Severe abd pain, persistent vomiting, chronic diarrhea.
- Endo: Hx of Type 2 DM.
- CV: Hx of HTN.
- Derm: Rash with sulfa drugs.
- Lifestyle: Interrupted sleep, high-carb diet, no exercise due to sx, smokes 1/2 PPD, occasional EtOH, no illicit drug use. Used to enjoy fishing but unable due to current sx.

**2. Objective:**

The PE could not be conducted due to the virtual nature of the consultation. However, recent abd CT results indicated abnormal thickening and inflammation in the small intestine.

**3. Assessment:**

Primary Dx:
- Abnormal findings on diagnostic imaging of other parts of the digestive tract (ICD-10: K92.89)

Differential Dx:
- IBD
- GI infection
- Small bowel neoplasm

**4. Plan:**

**Rx:**
- Metronidazole 500 mg PO TID x7 days, qty 21 tabs.

**Further Testing:**
- Order Capsule Endoscopy to investigate the abnormal findings seen in the small intestine on prior imaging.

**F/U:**
- F/U in 2 weeks to assess sx improvement and review biopsy results from the Capsule Endoscopy.

**Lifestyle and Diet Recommendations:**
- Advise a low-residue diet to help alleviate GI sx.
- Encourage smoking cessation and provide resources for smoking cessation programs.
- Recommend moderate hydration and small, frequent meals to manage nausea.

**Pt Education:**
- Discuss the importance of med adherence.
- Provide info on the potential SEs of Metronidazole and instruct to report any severe reactions.

Given Mr. Lee's non-native English-speaking status, ensure instructions are provided in Cantonese to improve comprehension and adherence.

**Instructions:**
- Return to telemedicine consultation in 2 weeks."|Gastroenterologist|"**[Virtual Telemedicine Consultation]**

**Doctor:** Good morning, Mr. Lee. How are you feeling today?

**Patient:** Morning, Doctor. I'm feeling really bad. The pain in my stomach is unbearable, and I can't stop vomiting. The diarrhea hasn't stopped either.

**Doctor:** I'm sorry to hear that. Let's go over everything step by step. How long have you been experiencing these symptoms?

**Patient:** It's been about a month now. The pain and vomiting are constant, and the diarrhea is really bad. I can hardly leave my bed or the bathroom.

**Doctor:** That sounds very difficult. Have these symptoms affected your daily life significantly?

**Patient:** Yes, Doctor. I'm mostly confined to bed or the bathroom. I can't do anything.

**Doctor:** I understand. Let's talk about your medical history. Are you still taking Metformin 500 mg twice daily for your Diabetes Mellitus Type 2 and Lisinopril 20 mg once daily for your Hypertension?

**Patient:** Yes, I'm taking both medications as prescribed.

**Doctor:** Okay. Are you allergic to any medications?

**Patient:** Yes, I'm allergic to sulfa drugs. They give me a rash.

**Doctor:** Thank you for sharing that. Now, let's review any other symptoms you might have experienced. Aside from the abdominal pain, vomiting, and diarrhea, have you noticed any changes in your weight or appetite?

**Patient:** My appetite is gone because I'm always nauseous. I've lost some weight too.

**Doctor:** Have you experienced any fever, joint pain, or skin rashes recently?

**Patient:** No, none of those.

**Doctor:** All right. I see from your records that you had an abdominal CT scan recently. The results showed some abnormal thickening and inflammation in your small intestine.

**Patient:** Yes, I remember. What does that mean?

**Doctor:** It could be due to several reasons, including inflammatory bowel disease, a gastrointestinal infection, or even a small bowel neoplasm. We need more information to pinpoint the exact cause.

**Patient:** What should we do next?

**Doctor:** I will prescribe Metronidazole 500 mg, which you will take orally three times daily for 7 days. This medication should help if there's an infection causing your symptoms.

**Patient:** Okay, Doctor. How many tablets will that be?

**Doctor:** You'll need 21 tablets in total. 

**Patient:** Got it.

**Doctor:** Additionally, I want to order a Capsule Endoscopy. This will give us a clearer picture of what's happening inside your small intestine.

**Patient:** What is a Capsule Endoscopy?

**Doctor:** It's a procedure where you swallow a small capsule with a camera inside. It takes pictures of your digestive tract as it moves through. It's a simple and painless way to get detailed images.

**Patient:** That sounds manageable.

**Doctor:** Great. Also, let's talk about your lifestyle and diet. I see that you smoke half a pack of cigarettes daily and occasionally drink beer. Is that correct?

**Patient:** Yes, that's right.

**Doctor:** Smoking can worsen your symptoms and overall health. I strongly advise you to quit smoking. We have resources and programs that can help you with that.

**Patient:** I'll try, Doctor. It's been hard to quit.

**Doctor:** I understand. It's challenging, but it's important for your health. I also recommend a low-residue diet to help with your gastrointestinal symptoms. Try to have small, frequent meals and stay hydrated.

**Patient:** What is a low-residue diet?

**Doctor:** It includes foods that are easy to digest and low in fiber, like white rice, bananas, and lean meats. Avoid raw vegetables, nuts, seeds, and whole grains.

**Patient:** Okay, I can do that.

**Doctor:** Good. Also, make sure to drink moderate amounts of water throughout the day. It will help manage your nausea and keep you hydrated.

**Patient:** I'll remember that.

**Doctor:** Finally, it's important to take your medications exactly as prescribed. Metronidazole can have side effects like nausea and a metallic taste in your mouth. If you experience any severe reactions, contact us immediately.

**Patient:** Okay, Doctor. I'll be careful.

**Doctor:** Since English is not your first language, I'll provide all these instructions in Cantonese as well to ensure you fully understand everything.

**Patient:** Thank you, Doctor. That would be very helpful.

**Doctor:** You're welcome. We'll schedule a follow-up telemedicine consultation in 2 weeks to assess your progress and review the results from the Capsule Endoscopy.

**Patient:** Okay, I'll be ready.

**Doctor:** Take care, Mr. Lee. If you have any questions or your symptoms worsen, don't hesitate to reach out.

**Patient:** Thank you, Doctor. I'll follow your instructions.

**Doctor:** Have a good day, and I hope you feel better soon.

**Patient:** Thank you, Doctor. Goodbye.

**Doctor:** Goodbye."|"**[Virtual Telemedicine Consultation]**

**[doctor]:** Good morning, Mr. Lee. How are you feeling today?

**[patient]:** Morning, Doctor. I'm feeling really bad. The pain in my stomach is unbearable, and I can't stop vomiting. The diarrhea hasn't stopped either.

**[doctor]:** I'm sorry to hear that. Let's go over everything step by step. How long have you been experiencing these symptoms?

**[patient]:** It's been about a month now. The pain and vomiting are constant, and the diarrhea is really bad. I can hardly leave my bed or the bathroom.

**[doctor]:** That sounds very difficult. Have these symptoms affected your daily life significantly?

**[patient]:** Yes, Doctor. I'm mostly confined to bed or the bathroom. I can't do anything.

**[doctor]:** I understand. Let's talk about your medical history. Are you still taking Metformin 500 mg twice daily for your Diabetes Mellitus Type 2 and Lisinopril 20 mg once daily for your Hypertension?

**[patient]:** Yes, I'm taking both medications as prescribed.

**[doctor]:** Okay. Are you allergic to any medications?

**[patient]:** Yes, I'm allergic to sulfa drugs. They give me a rash.

**[doctor]:** Thank you for sharing that. Now, let's review any other symptoms you might have experienced. Aside from the abdominal pain, vomiting, and diarrhea, have you noticed any changes in your weight or appetite?

**[patient]:** My appetite is gone because I'm always nauseous. I've lost some weight too.

**[doctor]:** Have you experienced any fever, joint pain, or skin rashes recently?

**[patient]:** No, none of those.

**[doctor]:** All right. I see from your records that you had an abdominal CT scan recently. The results showed some abnormal thickening and inflammation in your small intestine.

**[patient]:** Yes, I remember. What does that mean?

**[doctor]:** It could be due to several reasons, including inflammatory bowel disease, a gastrointestinal infection, or even a small bowel neoplasm. We need more information to pinpoint the exact cause.

**[patient]:** What should we do next?

**[doctor]:** I will prescribe Metronidazole 500 mg, which you will take orally three times daily for 7 days. This medication should help if there's an infection causing your symptoms.

**[patient]:** Okay, Doctor. How many tablets will that be?

**[doctor]:** You'll need 21 tablets in total. 

**[patient]:** Got it.

**[doctor]:** Additionally, I want to order a Capsule Endoscopy. This will give us a clearer picture of what's happening inside your small intestine.

**[patient]:** What is a Capsule Endoscopy?

**[doctor]:** It's a procedure where you swallow a small capsule with a camera inside. It takes pictures of your digestive tract as it moves through. It's a simple and painless way to get detailed images.

**[patient]:** That sounds manageable.

**[doctor]:** Great. Also, let's talk about your lifestyle and diet. I see that you smoke half a pack of cigarettes daily and occasionally drink beer. Is that correct?

**[patient]:** Yes, that's right.

**[doctor]:** Smoking can worsen your symptoms and overall health. I strongly advise you to quit smoking. We have resources and programs that can help you with that.

**[patient]:** I'll try, Doctor. It's been hard to quit.

**[doctor]:** I understand. It's challenging, but it's important for your health. I also recommend a low-residue diet to help with your gastrointestinal symptoms. Try to have small, frequent meals and stay hydrated.

**[patient]:** What is a low-residue diet?

**[doctor]:** It includes foods that are easy to digest and low in fiber, like white rice, bananas, and lean meats. Avoid raw vegetables, nuts, seeds, and whole grains.

**[patient]:** Okay, I can do that.

**[doctor]:** Good. Also, make sure to drink moderate amounts of water throughout the day. It will help manage your nausea and keep you hydrated.

**[patient]:** I'll remember that.

**[doctor]:** Finally, it's important to take your medications exactly as prescribed. Metronidazole can have side effects like nausea and a metallic taste in your mouth. If you experience any severe reactions, contact us immediately.

**[patient]:** Okay, Doctor. I'll be careful.

**[doctor]:** Since English is not your first language, I'll provide all these instructions in Cantonese as well to ensure you fully understand everything.

**[patient]:** Thank you, Doctor. That would be very helpful.

**[doctor]:** You're welcome. We'll schedule a follow-up telemedicine consultation in 2 weeks to assess your progress and review the results from the Capsule Endoscopy.

**[patient]:** Okay, I'll be ready.

**[doctor]:** Take care, Mr. Lee. If you have any questions or your symptoms worsen, don't hesitate to reach out.

**[patient]:** Thank you, Doctor. I'll follow your instructions.

**[doctor]:** Have a good day, and I hope you feel better soon.

**[patient]:** Thank you, Doctor. Goodbye.

**[doctor]:** Goodbye."
ABNORMAL FINDINGS ON DIAGNOSTIC IMAGING OF OTHER PARTS OF DIGESTIVE TRACT|"ROLE: Gastroenterologist

PATIENT SCENARIO:

1) Medical Outcome:
   - Diagnosis: Abnormal findings on diagnostic imaging of other parts of digestive tract (ICD-10 K92.89)
   - Prescribed Treatment:
      a) Omeprazole 20 mg, oral, once daily, 2 months, 60 tablets
      b) Buscopan 10 mg, oral, four times daily, 2 weeks, 56 tablets
   - Follow-up Recommendations:
      a) Follow-up appointment in 8 weeks to evaluate treatment efficacy and lifestyle adjustments
   - Referral to Specialists:
      a) Referral to a colorectal surgeon, Dr. Emily Davis, to evaluate necessity for colonoscopy due to persistent symptoms
   - Order for Imaging:
      a) MRI pelvis to assess any abnormalities specifically in the lower digestive tract
   - Order for Blood Work:
      a) Biochemistry: Comprehensive metabolic panel (CMP)
      b) Hematology: Complete blood count (CBC)
      c) Vitamin D levels

2) Medical History:
   - Previous Diagnoses: Ulcerative colitis, appendectomy 5 years ago
   - Family Medical History: Brother with celiac disease, father with peptic ulcer disease
   - Medication History: Previous use of mesalamine
   - Allergies: Erythromycin
   - Chronic Conditions: Type 2 diabetes

3) Symptom Description:
   - Severity: Moderate abdominal bloating and discomfort
   - Duration: 1 month
   - Associated Symptoms: Occasional rectal bleeding, increased flatulence, fatigue
   - Frequency: Multiple episodes throughout the day
   - Impact on Daily Activities: Has had to take sick leave from work and reduce social interactions

4) Patient’s self-reported habits and lifestyle:
   - Sleep: Frequently interrupted sleep due to discomfort
   - Diet: Follow a low-FODMAP diet, vegetarian
   - Exercise: Regular yoga practice and walking 3 times a week
   - Tobacco Use: Quit smoking 2 years ago
   - Alcohol Consumption: None
   - Drug Use: None
   - Recreational Activities: Enjoys playing board games with family

5) Demographic Information:
   - Age: 38
   - Gender: Female
   - Ethnicity: Hispanic
   - Socio-economic Status: Middle class
   - Education Level: Bachelor's degree
   - Health Literacy: High
   - Job Status: Teacher, currently on short-term disability

6) Patient's Behavior:
   - The level of patient's cooperation with medical advice: Highly cooperative, actively seeks and follows medical advice

7) Geographical Location:
   - Urban
   - Affluent neighborhood with good access to healthcare facilities

8) Clinical Setting:
   - Private Practice

9) Type of Encounter:
   - Routine Check-up

10) Treatment Disparities:
   - None identified

11) Native or Non-Native English Speaking Patient:
   - Native English Speaking

12) Physical exams:
   - Abdominal Exam: Mild tenderness in the left lower quadrant, no rebound tenderness, normal bowel sounds

13) Investigation/Test results:
   - Awaiting results: MRI pelvis, CMP, CBC, Vitamin D levels"|"#####
**Subjective:**

**Chief Complaint (CC):**
Moderate abdominal bloating and discomfort.

**History of Present Illness (HPI):**
A 38-year-old Hispanic female teacher presents for a routine check-up with complaints of moderate abdominal bloating and discomfort persisting for the past month. She reports multiple episodes of discomfort throughout the day, which have significantly impacted her daily activities, leading her to take sick leave from work and reduce social interactions. Associated symptoms include occasional rectal bleeding, increased flatulence, and fatigue. She notes that her sleep is frequently interrupted due to discomfort.

**Review of Systems (ROS):**

- Gastrointestinal: Reports moderate abdominal bloating, discomfort, and occasional rectal bleeding. Increased flatulence noted.
- General: Reports fatigue. No fever or weight loss.
- Sleep: Frequently interrupted.
- Diet: Follows a low-FODMAP diet, vegetarian.
- Exercise: Regular yoga practice and walking 3 times a week.
- Tobacco Use: Quit smoking 2 years ago.
- Alcohol Consumption: None.
- Drug Use: None.
- Recreational Activities: Enjoys playing board games with family.

**Objective:**

**Vital Signs:**
- Blood Pressure: 124/78 mmHg
- Heart Rate: 78 bpm
- Respiratory Rate: 16 breaths/min
- Temperature: 98.4°F
- BMI: 24.1 kg/m²

**Physical Exam:**
- General: Well-nourished, alert, and cooperative.
- Abdominal Exam: Mild tenderness in the left lower quadrant, no rebound tenderness, normal bowel sounds.
- No hepatosplenomegaly or palpable masses.

**Assessment:**
The patient presents with moderate abdominal bloating and discomfort, occasional rectal bleeding, and increased flatulence. She has a history of ulcerative colitis and type 2 diabetes, with a significant family medical history of celiac disease and peptic ulcer disease. The physical exam demonstrates mild tenderness in the left lower quadrant without significant abnormalities. Pending MRI pelvis and laboratory tests will further elucidate the cause of her symptoms. The current diagnosis is abnormal findings on diagnostic imaging of other parts of the digestive tract (ICD-10 K92.89).

**Plan:**
  
1. **Medication:**
   - Omeprazole 20 mg, oral, once daily, for 2 months (60 tablets).
   - Buscopan 10 mg, oral, four times daily, for 2 weeks (56 tablets).

2. **Follow-up Recommendations:**
   - Schedule a follow-up appointment in 8 weeks to evaluate the efficacy of treatment and lifestyle adjustments.

3. **Referrals:**
   - Refer to colorectal surgeon Dr. Emily Davis to evaluate the necessity for colonoscopy due to persistent symptoms.

4. **Orders for Imaging:**
   - MRI pelvis to assess any abnormalities specifically in the lower digestive tract.

5. **Orders for Blood Work:**
   - Biochemistry: Comprehensive metabolic panel (CMP).
   - Hematology: Complete blood count (CBC).
   - Vitamin D levels.

The patient is advised to continue her low-FODMAP diet and maintain her current exercise regimen. She is highly cooperative and actively seeks and follows medical advice. Given her high health literacy, she understands and acknowledges the management plan.

**Instructions:**
The patient will follow up in 8 weeks to review the MRI and blood test results and reassess her condition. All questions were answered to her satisfaction.
#####"|"**Subjective:**

**Chief Complaint (CC):**
Moderate abdominal bloating and discomfort.

**History of Present Illness (HPI):**
A 38-year-old Hispanic female teacher, named Maria Gonzalez, presents for a routine check-up with complaints of moderate abdominal bloating and discomfort persisting for the past month. She reports multiple episodes of discomfort throughout the day, which have significantly impacted her daily activities, leading her to take sick leave from work and reduce social interactions. Associated symptoms include occasional rectal bleeding, increased flatulence, and fatigue. She notes that her sleep is frequently interrupted due to discomfort.

**Review of Systems (ROS):**

- Gastrointestinal: Reports moderate abdominal bloating, discomfort, and occasional rectal bleeding. Increased flatulence noted.
- General: Reports fatigue. No fever or weight loss.
- Sleep: Frequently interrupted.
- Diet: Follows a low-FODMAP diet, vegetarian.
- Exercise: Regular yoga practice and walking 3 times a week.
- Tobacco Use: Quit smoking 2 years ago.
- Alcohol Consumption: None.
- Drug Use: None.
- Recreational Activities: Enjoys playing board games with family.

**Objective:**

**Vital Signs:**
- Blood Pressure: 124/78 mmHg
- Heart Rate: 78 bpm
- Respiratory Rate: 16 breaths/min
- Temperature: 98.4°F
- BMI: 24.1 kg/m²

**Physical Exam:**
- General: Well-nourished, alert, and cooperative.
- Abdominal Exam: Mild tenderness in the left lower quadrant, no rebound tenderness, normal bowel sounds.
- No hepatosplenomegaly or palpable masses.

**Assessment:**
The patient presents with moderate abdominal bloating and discomfort, occasional rectal bleeding, and increased flatulence. She has a history of ulcerative colitis and type 2 diabetes, with a significant family medical history of celiac disease and peptic ulcer disease. The physical exam demonstrates mild tenderness in the left lower quadrant without significant abnormalities. Pending MRI pelvis and laboratory tests will further elucidate the cause of her symptoms. The current diagnosis is abnormal findings on diagnostic imaging of other parts of the digestive tract (ICD-10 K92.89).

**Plan:**
  
1. **Medication:**
   - Omeprazole 20 mg, oral, once daily, for 2 months (60 tablets).
   - Buscopan 10 mg, oral, four times daily, for 2 weeks (56 tablets).

2. **Follow-up Recommendations:**
   - Schedule a follow-up appointment in 8 weeks to evaluate the efficacy of treatment and lifestyle adjustments.

3. **Referrals:**
   - Refer to colorectal surgeon Dr. Emily Davis to evaluate the necessity for colonoscopy due to persistent symptoms.

4. **Orders for Imaging:**
   - MRI pelvis to assess any abnormalities specifically in the lower digestive tract.

5. **Orders for Blood Work:**
   - Biochemistry: Comprehensive metabolic panel (CMP).
   - Hematology: Complete blood count (CBC).
   - Vitamin D levels.

The patient is advised to continue her low-FODMAP diet and maintain her current exercise regimen. She is highly cooperative and actively seeks and follows medical advice. Given her high health literacy, she understands and acknowledges the management plan.

**Instructions:**
The patient will follow up in 8 weeks to review the MRI and blood test results and reassess her condition. All questions were answered to her satisfaction."|"**Subjective:**

**CC:**
Moderate abd bloating and discomfort.

**HPI:**
A 38 y/o Hispanic F, teacher, named Maria Gonzalez, presents for a routine check-up with c/o moderate abd bloating and discomfort persisting for the past month. She reports multiple episodes of discomfort throughout the day, significantly impacting her ADLs, leading her to take sick leave from work and reduce social interactions. Associated sx include occasional rectal bleeding, increased flatulence, and fatigue. She notes that her sleep is frequently interrupted due to discomfort.

**ROS:**

- GI: Reports moderate abd bloating, discomfort, and occasional rectal bleeding. Increased flatulence noted.
- General: Reports fatigue. No fever or weight loss.
- Sleep: Frequently interrupted.
- Diet: Follows a low-FODMAP diet, vegetarian.
- Exercise: Regular yoga practice and walking 3x/week.
- Tobacco Use: Quit smoking 2 yrs ago.
- Alcohol Consumption: None.
- Drug Use: None.
- Recreational Activities: Enjoys playing board games with family.

**Objective:**

**VS:**
- BP: 124/78 mmHg
- HR: 78 bpm
- RR: 16 breaths/min
- Temp: 98.4°F
- BMI: 24.1 kg/m²

**PE:**
- General: Well-nourished, alert, and cooperative.
- Abd Exam: Mild tenderness in the LLQ, no rebound tenderness, normal bowel sounds.
- No hepatosplenomegaly or palpable masses.

**Assessment:**
The pt presents with moderate abd bloating and discomfort, occasional rectal bleeding, and increased flatulence. She has a hx of UC and T2DM, with a significant family hx of celiac dz and PUD. The PE demonstrates mild tenderness in the LLQ without significant abnormalities. Pending MRI pelvis and lab tests will further elucidate the cause of her sx. The current dx is abnormal findings on diagnostic imaging of other parts of the digestive tract (ICD-10 K92.89).

**Plan:**
  
1. **Rx:**
   - Omeprazole 20 mg PO QD for 2 months (60 tabs).
   - Buscopan 10 mg PO QID for 2 weeks (56 tabs).

2. **Follow-up:**
   - Schedule f/u appt in 8 weeks to evaluate the efficacy of tx and lifestyle adjustments.

3. **Referrals:**
   - Refer to colorectal surgeon Dr. Emily Davis to evaluate the necessity for colonoscopy due to persistent sx.

4. **Orders for Imaging:**
   - MRI pelvis to assess any abnormalities specifically in the lower digestive tract.

5. **Orders for Blood Work:**
   - Biochemistry: CMP.
   - Hematology: CBC.
   - Vitamin D levels.

The pt is advised to continue her low-FODMAP diet and maintain her current exercise regimen. She is highly cooperative and actively seeks and follows medical advice. Given her high health literacy, she understands and acknowledges the mgmt plan.

**Instructions:**
The pt will f/u in 8 weeks to review the MRI and blood test results and reassess her condition. All questions were answered to her satisfaction."|Gastroenterologist|"[doctor] Hello, how are you doing today?

[patient] Hi, I'm okay, I guess. I'm here for my routine check-up, but I've been having some issues.

[doctor] Alright, let's talk about what's been going on. What brings you in today?

[patient] I've been having moderate abdominal bloating and discomfort for the past month. It's been quite bothersome.

[doctor] I see. Can you describe the discomfort for me? Is it constant, or does it come and go?

[patient] It's mostly throughout the day, and it has been happening multiple times. It's really affecting my daily activities.

[doctor] That sounds really uncomfortable. Have you noticed any associated symptoms?

[patient] Yes, I've had occasional rectal bleeding, increased flatulence, and a lot of fatigue. I also wake up at night because of the discomfort.

[doctor] I understand. That must be very frustrating. Have you been able to identify any triggers for these symptoms?

[patient] Not really. I follow a low-FODMAP diet and I'm vegetarian. I try to be careful with what I eat.

[doctor] That's good to know. Have you experienced any fever or weight loss?

[patient] No, I haven't had any fever or weight loss.

[doctor] How's your sleep been affected by this discomfort?

[patient] It's frequently interrupted. I wake up multiple times a night.

[doctor] I see. How about your exercise routine? Are you still able to stay active?

[patient] I do regular yoga and walk about three times a week, but it's been harder lately because of the discomfort.

[doctor] Understood. How about your tobacco and alcohol use?

[patient] I quit smoking two years ago and I don't drink alcohol at all.

[doctor] That's great to hear. Do you use any recreational drugs?

[patient] No, I don't use any drugs.

[doctor] What about your recreational activities? Do you still enjoy playing board games with your family?

[patient] Yes, I do, but I've had to cut back on social interactions because of the discomfort.

[doctor] I can see how that would be difficult. Alright, let’s move on to your physical exam. Your vital signs look good: Blood pressure is 124/78 mmHg, heart rate is 78 bpm, respiratory rate is 16 breaths per minute, and your temperature is 98.4°F. Your BMI is 24.1 kg/m².

[patient] That's good to know.

[doctor] During your abdominal exam, I noted mild tenderness in the left lower quadrant, but no rebound tenderness and normal bowel sounds. There were no signs of hepatosplenomegaly or palpable masses.

[patient] Okay.

[doctor] Based on your symptoms and physical exam, I suspect there might be some underlying issues that need further investigation. Given your history of ulcerative colitis and type 2 diabetes, and considering your family history of celiac disease and peptic ulcer disease, we need to look deeper.

[patient] What should we do next?

[doctor] I will recommend a few steps. First, we will start with some medications. I’ll prescribe Omeprazole 20 mg to take once daily for 2 months and Buscopan 10 mg to take four times daily for 2 weeks.

[patient] Alright, I can do that.

[doctor] Next, I will refer you to Dr. Emily Davis, a colorectal surgeon, to evaluate whether a colonoscopy is necessary given your persistent symptoms.

[patient] That sounds reasonable.

[doctor] We also need to do some imaging and blood work. I'll order an MRI of your pelvis to assess for any abnormalities in the lower digestive tract.

[patient] Okay, I’ve never had an MRI before. What should I expect?

[doctor] It’s a non-invasive imaging technique that gives us detailed pictures of your internal organs. It’s painless but can take some time, usually around 30 to 60 minutes.

[patient] Alright, I can handle that.

[doctor] For the blood work, we’ll do a comprehensive metabolic panel (CMP), a complete blood count (CBC), and check your Vitamin D levels.

[patient] Got it. When should I follow up with you?

[doctor] I’d like to see you back in 8 weeks to review the MRI and blood test results and reassess your condition.

[patient] That sounds good to me.

[doctor] In the meantime, continue with your low-FODMAP diet and maintain your current exercise regimen. If you have any questions or need further clarification, feel free to reach out.

[patient] Thank you, I will. I’m highly cooperative and I really appreciate you taking the time to explain everything to me.

[doctor] You're very welcome. Take care and we'll see you in 8 weeks. If your symptoms worsen or if you have any new concerns, don’t hesitate to contact us sooner.

[patient] Thank you, doctor. I’ll follow all your recommendations.

[doctor] Great. My nurse will come in shortly with your prescriptions and the referrals. Take care!

[patient] Thanks again, bye.

[doctor] Goodbye."|"[doctor] Hello, how are you doing today?

[patient] Hi, I'm okay, I guess. I'm here for my routine check-up, but I've been having some issues.

[doctor] Alright, let's talk about what's been going on. What brings you in today?

[patient] I've been having moderate abdominal bloating and discomfort for the past month. It's been quite bothersome.

[doctor] I see. Can you describe the discomfort for me? Is it constant, or does it come and go?

[patient] It's mostly throughout the day, and it has been happening multiple times. It's really affecting my daily activities.

[doctor] That sounds really uncomfortable. Have you noticed any associated symptoms?

[patient] Yes, I've had occasional rectal bleeding, increased flatulence, and a lot of fatigue. I also wake up at night because of the discomfort.

[doctor] I understand. That must be very frustrating. Have you been able to identify any triggers for these symptoms?

[patient] Not really. I follow a low-FODMAP diet and I'm vegetarian. I try to be careful with what I eat.

[doctor] That's good to know. Have you experienced any fever or weight loss?

[patient] No, I haven't had any fever or weight loss.

[doctor] How's your sleep been affected by this discomfort?

[patient] It's frequently interrupted. I wake up multiple times a night.

[doctor] I see. How about your exercise routine? Are you still able to stay active?

[patient] I do regular yoga and walk about three times a week, but it's been harder lately because of the discomfort.

[doctor] Understood. How about your tobacco and alcohol use?

[patient] I quit smoking two years ago and I don't drink alcohol at all.

[doctor] That's great to hear. Do you use any recreational drugs?

[patient] No, I don't use any drugs.

[doctor] What about your recreational activities? Do you still enjoy playing board games with your family?

[patient] Yes, I do, but I've had to cut back on social interactions because of the discomfort.

[doctor] I can see how that would be difficult. Alright, let’s move on to your physical exam. Your vital signs look good: Blood pressure is 124/78 mmHg, heart rate is 78 bpm, respiratory rate is 16 breaths per minute, and your temperature is 98.4°F. Your BMI is 24.1 kg/m².

[patient] That's good to know.

[doctor] During your abdominal exam, I noted mild tenderness in the left lower quadrant, but no rebound tenderness and normal bowel sounds. There were no signs of hepatosplenomegaly or palpable masses.

[patient] Okay.

[doctor] Based on your symptoms and physical exam, I suspect there might be some underlying issues that need further investigation. Given your history of ulcerative colitis and type 2 diabetes, and considering your family history of celiac disease and peptic ulcer disease, we need to look deeper.

[patient] What should we do next?

[doctor] I will recommend a few steps. First, we will start with some medications. I’ll prescribe Omeprazole 20 mg to take once daily for 2 months and Buscopan 10 mg to take four times daily for 2 weeks.

[patient] Alright, I can do that.

[doctor] Next, I will refer you to Dr. Emily Davis, a colorectal surgeon, to evaluate whether a colonoscopy is necessary given your persistent symptoms.

[patient] That sounds reasonable.

[doctor] We also need to do some imaging and blood work. I'll order an MRI of your pelvis to assess for any abnormalities in the lower digestive tract.

[patient] Okay, I’ve never had an MRI before. What should I expect?

[doctor] It’s a non-invasive imaging technique that gives us detailed pictures of your internal organs. It’s painless but can take some time, usually around 30 to 60 minutes.

[patient] Alright, I can handle that.

[doctor] For the blood work, we’ll do a comprehensive metabolic panel (CMP), a complete blood count (CBC), and check your Vitamin D levels.

[patient] Got it. When should I follow up with you?

[doctor] I’d like to see you back in 8 weeks to review the MRI and blood test results and reassess your condition.

[patient] That sounds good to me.

[doctor] In the meantime, continue with your low-FODMAP diet and maintain your current exercise regimen. If you have any questions or need further clarification, feel free to reach out.

[patient] Thank you, I will. I’m highly cooperative and I really appreciate you taking the time to explain everything to me.

[doctor] You're very welcome. Take care and we'll see you in 8 weeks. If your symptoms worsen or if you have any new concerns, don’t hesitate to contact us sooner.

[patient] Thank you, doctor. I’ll follow all your recommendations.

[doctor] Great. My nurse will come in shortly with your prescriptions and the referrals. Take care!

[patient] Thanks again, bye.

[doctor] Goodbye."
ABNORMAL FINDINGS ON DIAGNOSTIC IMAGING OF OTHER PARTS OF DIGESTIVE TRACT|"ROLE: Gastroenterologist

**Demographic Information:** 
- Age: 57
- Gender: Male
- Ethnicity: Caucasian
- Socio-economic Status: Middle-Class
- Education Level: College Graduate
- Health Literacy: High
- Job Status: Retired

**Clinical Setting:** Private Practice

**Type of Encounter:** Follow-up 

**Medical History:**
- Previous Diagnoses: Gastroesophageal Reflux Disease (GERD), Type 2 Diabetes Mellitus, Hypertension
- Family Medical History: Father had colon cancer at age 62, Mother has hypertension
- Medication History: Metformin 500 mg oral tablet twice daily, Lisinopril 20 mg oral tablet once daily, Omeprazole 20 mg oral tablet once daily
- Allergies: Penicillin

**Symptom Description:**
- Severity: Moderate
- Duration: 3 weeks
- Associated Symptoms: Mild abdominal discomfort, occasional nausea, intermittent diarrhea
- Frequency: Daily
- Impact on Daily Activities: Mild, mainly discomfort during meals

**Patient’s self-reported habits and lifestyle:**
- Sleep: 7-8 hours per night, occasional insomnia
- Diet: Balanced diet, avoids spicy and acidic foods due to GERD
- Exercise: Walks 30 minutes daily
- Tobacco Use: Former smoker, quit 10 years ago
- Alcohol Consumption: Occasionally, 1-2 glasses of wine per week
- Drug Use: Denies
- Recreational Activities: Gardening

**Patient's Behavior:**
- Cooperative with medical advice

**Geographical Location:**
- Urban, Well-Served by Transit, Moderate Pollution

**Medical Outcome:**
- Diagnosis: Abnormal findings on diagnostic imaging of other parts of digestive tract (K31.89)
- Prescribed Treatment: Increase Omeprazole to 40 mg oral tablet once daily for 8 weeks
- Follow-up Recommendations: Follow-up in 4 weeks to reassess symptoms and discuss potential for an endoscopic examination 
- Referral: Referred to Dr. Alan Smith, a colorectal surgeon, for further evaluation due to family history of colon cancer
- Referral for Further Tests or Imaging: Ordered a CT scan of the abdomen and pelvis with contrast to further investigate the abnormal findings; test to be conducted at City Imaging Center and results to be reviewed in the next visit

**Physical Exam:**
- Abdominal Exam: Mild tenderness in the left lower quadrant, no palpable masses

**Investigation/Test results:**
- Awaiting Results: CT scan of the abdomen and pelvis with contrast

"|"#####

**1. Subjective:**

**Chief Complaint (CC):**
Follow-up for moderate abdominal discomfort, occasional nausea, and intermittent diarrhea ongoing for 3 weeks.

**History of Present Illness (HPI):**
The patient is a 57-year-old Caucasian male with a history of GERD, Type 2 Diabetes Mellitus, and hypertension, presenting for a follow-up. He reports moderate abdominal discomfort, occasional nausea, and intermittent diarrhea, which have been present daily for the past 3 weeks. His symptoms mildly impact his daily activities, particularly during meals. He maintains a balanced diet avoiding spicy and acidic foods due to his GERD. He sleeps 7-8 hours per night with occasional insomnia, walks 30 minutes daily, and consumes alcohol occasionally (1-2 glasses of wine per week). He is a cooperative patient with high health literacy. 

**Review of Systems (ROS):**
- **Constitutional:** Denies fever and weight loss.
- **Gastrointestinal:** Reports mild abdominal discomfort, occasional nausea, and intermittent diarrhea. Denies vomiting and significant changes in bowel habits.
- **Cardiovascular:** Denies chest pain or palpitations.
- **Respiratory:** Denies shortness of breath.
- **Genitourinary:** Denies urinary frequency or dysuria.
- **Endocrine:** No new symptoms, diabetes is managed with Metformin.

**2. Objective:**

**Vital Signs:**
- Blood Pressure: 128/82 mmHg
- Heart Rate: 72 beats/min
- Respiratory Rate: 16 breaths/min
- Temperature: 98.6°F
- BMI: 26.4 kg/m²

**Physical Examination:**
- **General:** No acute distress, well-nourished and cooperative.
- **Abdomen:** Mild tenderness in the left lower quadrant, no palpable masses, no hepatosplenomegaly.
- **Respiratory:** Lungs clear to auscultation bilaterally.
- **Cardiovascular:** Regular rate and rhythm, no murmurs.
- **Extremities:** No edema.

**Investigation:**
- Awaiting results from the CT scan of the abdomen and pelvis with contrast.

**3. Assessment:**
- **Abnormal findings on diagnostic imaging of other parts of digestive tract (K31.89):** Based on the patient's symptoms and preliminary evaluation, there is a suspicion of underlying pathology that requires further investigation.
- **Gastroesophageal Reflux Disease (GERD):** Stable but requires adjustment in medication due to recent symptoms.
- **Type 2 Diabetes Mellitus:** Well-controlled with current medication.
- **Hypertension:** Stable under current antihypertensive therapy.

**4. Plan:**
- **Medical Treatment:** 
  - Increase Omeprazole to 40 mg oral tablet once daily for 8 weeks to manage GERD and associated gastrointestinal symptoms.
  - Continue Metformin 500 mg oral tablet twice daily.
  - Continue Lisinopril 20 mg oral tablet once daily.

- **Referral:**
  - Referred to Dr. Alan Smith, colorectal surgeon, for further evaluation due to the family history of colon cancer.

- **Further Tests:**
  - A CT scan of the abdomen and pelvis with contrast has been ordered to further investigate the abnormal findings. The test will be conducted at City Imaging Center and results reviewed at the next visit.

- **Follow-up Recommendations:**
  - Follow-up appointment in 4 weeks to reassess symptoms and discuss potential for an endoscopic examination if necessary based on the CT scan results.

Patient agrees with the proposed medical treatment plan. He will report any worsening symptoms immediately.

#####"|"**1. Subjective:**

**Chief Complaint (CC):**
Follow-up for moderate abdominal discomfort, occasional nausea, and intermittent diarrhea ongoing for 3 weeks.

**History of Present Illness (HPI):**
The patient, Mr. John Anderson, is a 57-year-old Caucasian male with a history of GERD, Type 2 Diabetes Mellitus, and hypertension, presenting for a follow-up. He reports moderate abdominal discomfort, occasional nausea, and intermittent diarrhea, which have been present daily for the past 3 weeks. His symptoms mildly impact his daily activities, particularly during meals. He maintains a balanced diet avoiding spicy and acidic foods due to his GERD. He sleeps 7-8 hours per night with occasional insomnia, walks 30 minutes daily, and consumes alcohol occasionally (1-2 glasses of wine per week). He is a cooperative patient with high health literacy. 

**Review of Systems (ROS):**
- **Constitutional:** Denies fever and weight loss.
- **Gastrointestinal:** Reports mild abdominal discomfort, occasional nausea, and intermittent diarrhea. Denies vomiting and significant changes in bowel habits.
- **Cardiovascular:** Denies chest pain or palpitations.
- **Respiratory:** Denies shortness of breath.
- **Genitourinary:** Denies urinary frequency or dysuria.
- **Endocrine:** No new symptoms, diabetes is managed with Metformin.

**2. Objective:**

**Vital Signs:**
- Blood Pressure: 128/82 mmHg
- Heart Rate: 72 beats/min
- Respiratory Rate: 16 breaths/min
- Temperature: 98.6°F
- BMI: 26.4 kg/m²

**Physical Examination:**
- **General:** No acute distress, well-nourished and cooperative.
- **Abdomen:** Mild tenderness in the left lower quadrant, no palpable masses, no hepatosplenomegaly.
- **Respiratory:** Lungs clear to auscultation bilaterally.
- **Cardiovascular:** Regular rate and rhythm, no murmurs.
- **Extremities:** No edema.

**3. Assessment:**
- **Abnormal findings on diagnostic imaging of other parts of digestive tract (K31.89):** Based on the patient's symptoms and preliminary evaluation, there is a suspicion of underlying pathology that requires further investigation.
- **Gastroesophageal Reflux Disease (GERD):** Stable but requires adjustment in medication due to recent symptoms.
- **Type 2 Diabetes Mellitus:** Well-controlled with current medication.
- **Hypertension:** Stable under current antihypertensive therapy.

**4. Plan:**
- **Medical Treatment:** 
  - Increase Omeprazole to 40 mg oral tablet once daily for 8 weeks to manage GERD and associated gastrointestinal symptoms.
  - Continue Metformin 500 mg oral tablet twice daily.
  - Continue Lisinopril 20 mg oral tablet once daily.

- **Referral:**
  - Referred to Dr. Alan Smith, colorectal surgeon, for further evaluation due to the family history of colon cancer.

- **Further Tests:**
  - A CT scan of the abdomen and pelvis with contrast has been ordered to further investigate the abnormal findings. The test will be conducted at City Imaging Center and results reviewed at the next visit.

- **Follow-up Recommendations:**
  - Follow-up appointment in 4 weeks to reassess symptoms and discuss potential for an endoscopic examination if necessary based on the CT scan results.

Patient agrees with the proposed medical treatment plan. He will report any worsening symptoms immediately."|"**1. Subjective:**

**CC:**
F/U for moderate abd discomfort, occasional N/V, and intermittent diarrhea ongoing for 3 weeks.

**HPI:**
Mr. John Anderson, a 57 y/o Caucasian male with hx of GERD, T2DM, and HTN, presents for F/U. Reports moderate abd discomfort, occasional N/V, and intermittent diarrhea, present daily for past 3 weeks. Symptoms mildly impact ADLs, particularly during meals. Maintains balanced diet avoiding spicy/acidic foods due to GERD. Sleeps 7-8 hrs/night with occasional insomnia, walks 30 mins daily, and consumes alcohol occasionally (1-2 glasses of wine/week). Cooperative patient with high health literacy.

**ROS:**
- **Constitutional:** Denies fever and wt loss.
- **GI:** Reports mild abd discomfort, occasional N/V, and intermittent diarrhea. Denies vomiting and significant changes in bowel habits.
- **CV:** Denies CP or palpitations.
- **Resp:** Denies SOB.
- **GU:** Denies urinary frequency or dysuria.
- **Endo:** No new symptoms, DM managed with Metformin.

**2. Objective:**

**VS:**
- BP: 128/82 mmHg
- HR: 72 bpm
- RR: 16 bpm
- Temp: 98.6°F
- BMI: 26.4 kg/m²

**PE:**
- **General:** No acute distress, well-nourished and cooperative.
- **Abd:** Mild tenderness in LLQ, no palpable masses, no HSM.
- **Resp:** Lungs clear to ausc bilaterally.
- **CV:** RRR, no murmurs.
- **Ext:** No edema.

**3. Assessment:**
- **Abnormal findings on diagnostic imaging of other parts of digestive tract (K31.89):** Based on pt's symptoms and preliminary eval, suspicion of underlying pathology requiring further investigation.
- **GERD:** Stable but requires adjustment in Rx due to recent symptoms.
- **T2DM:** Well-controlled with current Rx.
- **HTN:** Stable under current antihypertensive therapy.

**4. Plan:**
- **Medical Tx:** 
  - Increase Omeprazole to 40 mg PO QD for 8 weeks to manage GERD and associated GI symptoms.
  - Continue Metformin 500 mg PO BID.
  - Continue Lisinopril 20 mg PO QD.

- **Referral:**
  - Referred to Dr. Alan Smith, colorectal surgeon, for further eval due to FHx of colon CA.

- **Further Tests:**
  - CT A/P with contrast ordered to further investigate abnormal findings. Test to be conducted at City Imaging Center and results reviewed at next visit.

- **F/U Recommendations:**
  - F/U in 4 weeks to reassess symptoms and discuss potential for endoscopic exam if necessary based on CT results.

Pt agrees with proposed medical Tx plan. Will report any worsening symptoms immediately."|Gastroenterologist|"```plaintext
[doctor] Hi there, how have you been feeling since your last visit?

[patient] Hello, Doctor. I've been having some moderate abdominal discomfort, occasional nausea, and intermittent diarrhea for the past three weeks.

[doctor] I see. Can you describe the abdominal discomfort you're experiencing?

[patient] It's a kind of mild pain, mostly during meals. It hasn't been too severe, but it's definitely noticeable.

[doctor] Alright. And you mentioned occasional nausea and intermittent diarrhea as well?

[patient] Yes, that's right. It's not constant, but it comes and goes.

[doctor] Got it. Have these symptoms affected your daily activities in any way?

[patient] Yes, particularly during meals. It makes it a bit difficult to enjoy my food.

[doctor] Understood. Have you noticed any changes in your bowel habits apart from the diarrhea?

[patient] No, not really. It's just the diarrhea that comes and goes.

[doctor] How about vomiting? Have you experienced any?

[patient] No vomiting, thankfully.

[doctor] That's good to hear. Are there any other symptoms you're experiencing that we should know about?

[patient] No, I think that's it for now.

[doctor] Okay, let's go over a few other areas to make sure we're not missing anything. Have you had any chest pain or palpitations?

[patient] No chest pain or palpitations.

[doctor] How about shortness of breath?

[patient] No, no shortness of breath.

[doctor] Any issues with urinary frequency or discomfort?

[patient] No, everything's normal there.

[doctor] Good to know. How about your diabetes? Have you had any new symptoms?

[patient] No new symptoms; the Metformin seems to be working well.

[doctor] Excellent. And how's your hypertension? Any issues with your blood pressure medications?

[patient] No issues; the Lisinopril seems to be keeping things stable.

[doctor] That's good to hear. Let's talk about your diet. Are you still avoiding spicy and acidic foods due to your GERD?

[patient] Yes, I am. I try to maintain a balanced diet.

[doctor] That's great. How about your sleep? Are you getting enough rest?

[patient] I usually get 7-8 hours of sleep each night, though I do have occasional insomnia.

[doctor] Have you made any changes to your exercise routine?

[patient] I still walk for about 30 minutes each day.

[doctor] And your alcohol consumption? How much are you drinking?

[patient] Just 1-2 glasses of wine per week, nothing excessive.

[doctor] Alright, let's move on to the physical exam. I'll start by checking your vital signs.

[doctor] (Checks vitals) Your blood pressure is 128/82 mmHg, heart rate is 72 beats per minute, respiratory rate is 16 breaths per minute, and your temperature is 98.6°F. Your BMI is 26.4 kg/m².

[patient] Sounds good.

[doctor] Let me examine your abdomen now. (Examines abdomen) There's mild tenderness in the left lower quadrant, but no palpable masses and no hepatosplenomegaly.

[patient] Okay.

[doctor] Your lungs are clear to auscultation bilaterally, and your heart has a regular rate and rhythm with no murmurs. Your extremities show no signs of edema.

[patient] That's a relief.

[doctor] I've ordered a CT scan of your abdomen and pelvis with contrast to get a better look at what's going on. We're currently awaiting those results.

[patient] Alright.

[doctor] Given your symptoms and the preliminary findings, we suspect there might be an underlying pathology that needs further investigation. We'll also need to adjust your GERD medication. I'll increase your Omeprazole to 40 mg once daily for the next 8 weeks.

[patient] Okay, I can do that.

[doctor] Continue taking your Metformin 500 mg twice daily and Lisinopril 20 mg once daily as well.

[patient] Will do.

[doctor] I'm also referring you to Dr. Alan Smith, a colorectal surgeon, for further evaluation due to your family history of colon cancer.

[patient] Alright, I'll make an appointment with him.

[doctor] We'll conduct the CT scan at City Imaging Center, and I'll review the results at your next visit.

[patient] Sounds good.

[doctor] Let's schedule a follow-up appointment in 4 weeks to reassess your symptoms and discuss the potential for an endoscopic examination if necessary based on the CT scan results.

[patient] Okay, I'll be here in 4 weeks.

[doctor] If your symptoms worsen at any point, please contact us immediately.

[patient] I will. Thank you, Doctor.

[doctor] You're welcome. Take care and see you in 4 weeks.

[patient] Thanks. Bye.

[doctor] Bye.
```"|"```plaintext
[doctor] Hi there, how have you been feeling since your last visit?

[patient] Hello, Doctor. I've been having some moderate abdominal discomfort, occasional nausea, and intermittent diarrhea for the past three weeks.

[doctor] Hmm, I see. Can you describe the abdominal discomfort you're experiencing?

[patient] It's a kind of mild pain, mostly during meals. It hasn't been too severe, but it's definitely noticeable.

[doctor] Alright. And you mentioned occasional nausea and intermittent diarrhea as well?

[patient] Yes, that's right. It's not constant, but it comes and goes.

[doctor] Got it. Have these symptoms affected your daily activities in any way?

[patient] Yes, particularly during meals. It makes it a bit difficult to enjoy my food.

[doctor] Understood. Have you noticed any changes in your bowel habits apart from the diarrhea?

[patient] No, not really. It's just the diarrhea that comes and goes.

[doctor] How about vomiting? Have you experienced any?

[patient] No vomiting, thankfully.

[doctor] That's good to hear. Are there any other symptoms you're experiencing that we should know about?

[patient] No, I think that's it for now.

[doctor] Okay, let's go over a few other areas to make sure we're not missing anything. Have you had any chest pain or palpitations?

[patient] No chest pain or palpitations.

[doctor] How about shortness of breath?

[patient] No, no shortness of breath.

[doctor] Any issues with urinary frequency or discomfort?

[patient] No, everything's normal there.

[doctor] Good to know. How about your diabetes? Have you had any new symptoms?

[patient] No new symptoms; the Metformin seems to be working well.

[doctor] Excellent. And how's your hypertension? Any issues with your blood pressure medications?

[patient] No issues; the Lisinopril seems to be keeping things stable.

[doctor] That's good to hear. Let's talk about your diet. Are you still avoiding spicy and acidic foods due to your GERD?

[patient] Yes, I am. I try to maintain a balanced diet.

[doctor] That's great. How about your sleep? Are you getting enough rest?

[patient] I usually get 7-8 hours of sleep each night, though I do have occasional insomnia.

[doctor] Have you made any changes to your exercise routine?

[patient] I still walk for about 30 minutes each day.

[doctor] And your alcohol consumption? How much are you drinking?

[patient] Just 1-2 glasses of wine per week, nothing excessive.

[doctor] Alright, let's move on to the physical exam. I'll start by checking your vital signs.

[doctor] (Checks vitals) Your blood pressure is 128/82 mmHg, heart rate is 72 beats per minute, respiratory rate is 16 breaths per minute, and your temperature is 98.6°F. Your BMI is 26.4 kg/m².

[patient] Sounds good.

[doctor] Let me examine your abdomen now. (Examines abdomen) There's mild tenderness in the left lower quadrant, but no palpable masses and no hepatosplenomegaly.

[patient] Okay.

[doctor] Your lungs are clear to auscultation bilaterally, and your heart has a regular rate and rhythm with no murmurs. Your extremities show no signs of edema.

[patient] That's a relief.

[doctor] I've ordered a CT scan of your abdomen and pelvis with contrast to get a better look at what's going on. We're currently awaiting those results.

[patient] Alright.

[doctor] Given your symptoms and the preliminary findings, we suspect there might be an underlying pathology that needs further investigation. We'll also need to adjust your GERD medication. I'll increase your Omeprazole to 40 mg once daily for the next 8 weeks.

[patient] Okay, I can do that.

[doctor] Continue taking your Metformin 500 mg twice daily and Lisinopril 20 mg once daily as well.

[patient] Will do.

[doctor] I'm also referring you to Dr. Alan Smith, a colorectal surgeon, for further evaluation due to your family history of colon cancer.

[patient] Alright, I'll make an appointment with him.

[doctor] We'll conduct the CT scan at City Imaging Center, and I'll review the results at your next visit.

[patient] Sounds good.

[doctor] Let's schedule a follow-up appointment in 4 weeks to reassess your symptoms and discuss the potential for an endoscopic examination if necessary based on the CT scan results.

[patient] Okay, I'll be here in 4 weeks.

[doctor] If your symptoms worsen at any point, please contact us immediately.

[patient] I will. Thank you, Doctor.

[doctor] You're welcome. Take care and see you in 4 weeks.

[patient] Thanks. Bye.

[doctor] Bye.
```"
ABNORMAL FINDINGS ON DIAGNOSTIC IMAGING OF OTHER PARTS OF DIGESTIVE TRACT|"ROLE: Gastroenterologist

1) Medical Outcome:
   - Diagnosis: Abnormal findings on diagnostic imaging of other parts of the digestive tract.
   - Prescribed Treatment: Low-fat diet.
   - Follow-up Recommendations: Follow-up in 3 months for a re-evaluation.
   - Referral to Further Tests: Order an endoscopy.
   - Medication: Omeprazole 40 mg, taken orally once daily for 8 weeks, quantity: 56 capsules.

2) Medical History:
   - Previous Diagnoses: Irritable bowel syndrome (IBS).
   - Family Medical History: Father has a history of colorectal cancer.
   - Medication History: Past use of anti-spasmodics for IBS.
   - Allergies: No known drug allergies.
   - Chronic Conditions: IBS.

3) Symptom Description:
   - Severity: Moderate.
   - Duration: Present for 2 months.
   - Associated Symptoms: Bloating and occasional heartburn.
   - Frequency: Daily.
   - Impact on Daily Activities: Increased discomfort after meals, difficulty concentrating at work.

4) Patient’s self-reported habits and lifestyle:
   - Sleep: Poor, often wakes up due to discomfort.
   - Diet: High-fat diet, frequent fast food consumption.
   - Exercise: Sedentary lifestyle.
   - Tobacco Use: None.
   - Alcohol Consumption: Occasional social drinking.
   - Drug Use: None.
   - Recreational Activities: Enjoys watching TV and reading.

5) Demographic Information:
   - Age: 45
   - Gender: Male
   - Ethnicity: Hispanic
   - Socio-economic Status: Middle class
   - Education Level: College graduate
   - Health Literacy: Moderate
   - Job Status: Accountant

6) Patient's Behavior:
   - Generally cooperative with medical advice but struggles with dietary changes.

7) Geographical Location:
   - Big City
   - Urban
   - Neighborhood Type: Affluent
   - Well-served by Transit

8) Clinical Setting:
   - Specialty Clinics (Gastroenterology)

9) Type of Encounter:
   - Initial Consultation

10) Treatment Disparities:
   - N/A

11) Native or Non-Native English Speaking Patient:
   - Native English Speaking Patient

12) Physical exams:
   - Abdomen: Mild tenderness in upper quadrant, no guarding or rebound.
   - Rectal: Normal tone, no masses.

13) Investigation/Test results:
   - Previous Imaging: Abdominal ultrasound showed abnormal findings in the digestive tract.
   - Awaiting: Endoscopy to further investigate findings."|Rejected|Rejected|Rejected|Rejected||
ABNORMAL FINDINGS ON DIAGNOSTIC IMAGING OF OTHER PARTS OF DIGESTIVE TRACT|"ROLE: Gastroenterologist

1) Medical Outcome:
   - Diagnosis: Abnormal findings on diagnostic imaging of other parts of the digestive tract.
   - Prescribed Treatment: Gluten-free diet.
   - Follow-up Recommendations: Follow-up in 1 month for re-evaluation.
   - Referral to Further Tests: Order a colonoscopy.
   - Medication: Lansoprazole 30 mg, taken orally twice daily for 4 weeks, quantity: 56 capsules.

2) Medical History:
   - Previous Diagnoses: Celiac disease.
   - Family Medical History: Mother has a history of Crohn's disease.
   - Medication History: Past use of corticosteroids for celiac disease flare-ups.
   - Allergies: None.
   - Chronic Conditions: Celiac disease.

3) Symptom Description:
   - Severity: Severe.
   - Duration: Present for 3 weeks.
   - Associated Symptoms: Severe abdominal pain and chronic diarrhea.
   - Frequency: Multiple times daily.
   - Impact on Daily Activities: Significant impact on daily activities, frequent bathroom trips, difficulty focusing.

4) Patient’s self-reported habits and lifestyle:
   - Sleep: Poor, frequently wakes up due to symptoms.
   - Diet: Gluten-containing diet.
   - Exercise: Regular cycling, about 3 times a week.
   - Tobacco Use: None.
   - Alcohol Consumption: Regular alcohol consumption, particularly beer.
   - Drug Use: None.
   - Recreational Activities: Enjoys outdoor activities such as hiking and cycling.

5) Demographic Information:
   - Age: 32
   - Gender: Female
   - Ethnicity: White
   - Socio-economic Status: Upper middle class
   - Education Level: Master's degree
   - Health Literacy: High
   - Job Status: Marketing Manager

6) Patient's Behavior:
   - Appears highly motivated but reports difficulty adhering to a strict gluten-free diet.

7) Geographical Location:
   - Small City
   - Rural
   - Neighborhood Type: Affluent
   - Well-served by Transit

8) Clinical Setting:
   - Hospital

9) Type of Encounter:
   - Follow-up

10) Treatment Disparities:
   - N/A

11) Native or Non-Native English Speaking Patient:
   - Native English Speaking Patient

12) Physical exams:
   - Abdomen: Guarding in the lower quadrants and mild distension.
   - General: Pale appearance, indicating fatigue or possible anemia.

13) Investigation/Test results:
   - Previous Imaging: CT scan showed thickening of the bowel walls.
   - Awaiting: Scheduled for a colonoscopy to further investigate bowel inflammation and thickening."|Rejected|Rejected|Rejected|Rejected||
ABNORMAL FINDINGS ON DIAGNOSTIC IMAGING OF OTHER PARTS OF DIGESTIVE TRACT|"ROLE: Gastroenterologist

1) Medical Outcome
    - Diagnosis: Abnormal findings on diagnostic imaging of other parts of the digestive tract (ICD-10 code: K92.89)
    - Prescribed Treatment: Initiate a low-fiber diet, prescribe Pantoprazole 40 mg, oral, once daily for 8 weeks, quantity 56 tablets
    - Follow-up Recommendations: Return visit in 2 months for reassessment and follow-up endoscopy
    - Referral to Specialists: Referral to colorectal surgeon Dr. Jameson for surgical evaluation, reason: abnormal findings on imaging
    - Further Tests/Imaging: Order for a CT scan of the abdomen and pelvis with contrast to further evaluate the abnormal findings

2) Medical History 
    - Previous Diagnoses: Irritable Bowel Syndrome (IBS), Gastroesophageal Reflux Disease (GERD)
    - Family Medical History: Father had colon cancer, mother had peptic ulcer disease
    - Medication History: Currently on Linaclotide 290 mcg daily for IBS, previously on Omeprazole for GERD
    - Allergies: Penicillin allergy (rash)
    - Chronic Conditions: IBS, GERD

3) Symptom Description
    - Severity: Moderate
    - Duration: 3 weeks
    - Associated Symptoms: Bloating, intermittent abdominal pain, occasional rectal bleeding
    - Frequency: Daily
    - Impact on Daily Activities: Difficulty managing work and daily activities due to abdominal discomfort and frequent bathroom trips

4) Patient’s self-reported habits and lifestyle
    - Sleep: 6-7 hours per night, reports difficulty staying asleep due to abdominal discomfort
    - Diet: High-fiber diet currently, frequent fast-food intake
    - Exercise: Minimal physical activity due to pain
    - Tobacco Use: Non-smoker
    - Alcohol Consumption: Moderate alcohol intake, approximately 3-4 drinks per week
    - Drug Use: Denies any recreational drug use
    - Recreational Activities: Enjoys reading and watching TV

5) Demographic Information
    - Age: 58
    - Gender: Male
    - Ethnicity: Caucasian
    - Socio-economic Status: Middle-class
    - Education Level: College graduate
    - Health Literacy: High
    - Job Status: Accountant

6) Patient's Behavior 
    - Level of cooperation: Highly cooperative and motivated to follow medical advice

7) Geographical Location
    - Big City vs Small City: Small city
    - Rural vs Urban: Urban
    - Pollution and Environmental Health Risks: Moderate pollution
    - Neighborhood Type: Well-served by transit
    - Food Desert: No

8) Clinical Setting
    - Specialty Clinics: Gastroenterology Clinic

9) Type of Encounter
    - Initial Consultation

10) Treatment Disparities
    - None observed

11) Native or Non-Native English Speaking Patient
    - Native English-speaking patient

12) Physical exams
    - Abdominal exam shows mild tenderness in the left lower quadrant, no palpable masses

13) Investigation/Test results
    - Awaiting: Abdominal ultrasound showing abnormal thickening in the descending colon
    - Order: CT scan of the abdomen and pelvis with contrast for further evaluation"|Rejected|Rejected|Rejected|Rejected||
ABNORMAL FINDINGS ON DIAGNOSTIC IMAGING OF OTHER PARTS OF DIGESTIVE TRACT|"ROLE: Gastroenterologist

1) Medical Outcome
    - Diagnosis: Abnormal findings on diagnostic imaging of other parts of the digestive tract (ICD-10 code: K92.89)
    - Prescribed Treatment: Start Ranitidine 300 mg, oral, once daily for 4 weeks, quantity 28 tablets
    - Follow-up Recommendations: Follow-up in 6 weeks to assess symptom improvement and review imaging results
    - Further Tests/Imaging: Order for an MRI of the small intestine with contrast to further evaluate findings seen on prior imaging

2) Medical History 
    - Previous Diagnoses: Ulcerative Colitis
    - Family Medical History: Mother has Crohn's disease, no other significant family medical history
    - Medication History: Previously on Mesalamine for ulcerative colitis, no current medications
    - Allergies: No known drug allergies
    - Chronic Conditions: Ulcerative Colitis

3) Symptom Description
    - Severity: Severe
    - Duration: 2 months
    - Associated Symptoms: Unintentional weight loss, fatigue, frequent diarrhea with mucus
    - Frequency: Multiple times daily
    - Impact on Daily Activities: Significant difficulty performing job tasks as a construction worker due to frequent need for bathroom breaks and fatigue

4) Patient’s self-reported habits and lifestyle
    - Sleep: Disrupted sleep pattern due to frequent nighttime diarrhea
    - Diet: Currently limited diet due to symptoms, mostly bland foods and avoiding high-fiber foods
    - Exercise: Minimal due to fatigue and weakness
    - Tobacco Use: Previous smoker, quit 5 years ago
    - Alcohol Consumption: Rare, occasional beer on weekends
    - Drug Use: No recreational drug use
    - Recreational Activities: Used to participate in outdoor activities like hiking, now mostly limited to watching TV

5) Demographic Information
    - Age: 42
    - Gender: Female
    - Ethnicity: Hispanic
    - Socio-economic Status: Working-class
    - Education Level: High school graduate
    - Health Literacy: Moderate
    - Job Status: Construction worker

6) Patient's Behavior 
    - Level of cooperation: Highly motivated to follow medical advice, expresses frustration over current symptoms

7) Geographical Location
    - Big City vs Small City: Big city
    - Rural vs Urban: Urban
    - Pollution and Environmental Health Risks: High pollution area
    - Neighborhood Type: Impoverished, limited access to fresh foods
    - Food Desert: Yes

8) Clinical Setting
    - Community Health Services

9) Type of Encounter
    - Emergency Visit

10) Treatment Disparities
    - Potential disparities due to patient's low-income status and limited health insurance coverage

11) Native or Non-Native English Speaking Patient
    - Non-Native English-speaking patient (primary language: Spanish)

12) Physical exams
    - Abdominal exam reveals diffuse tenderness, particularly in the lower abdomen, no rebound tenderness, bowel sounds are hyperactive

13) Investigation/Test results
    - Awaiting: Recently completed colonoscopy showing abnormal thickening and inflammation in the small intestine; biopsy results pending
    - Order: MRI of the small intestine with contrast for further evaluation"|Rejected|Rejected|Rejected|Rejected||
ABNORMAL FINDINGS ON DIAGNOSTIC IMAGING OF OTHER PARTS OF DIGESTIVE TRACT|"ROLE: Gastroenterologist

1) Medical Outcome
    - Diagnosis: Abnormal findings on diagnostic imaging of other parts of the digestive tract (ICD-10 code: K92.89)
    - Prescribed Treatment: Prescribe Omeprazole 20 mg, oral, twice daily for 8 weeks, quantity 112 capsules
    - Follow-up Recommendations: Follow-up in 4 weeks to evaluate response to treatment and review imaging results
    - Further Tests/Imaging: Order for an Endoscopic Ultrasound (EUS) to further investigate the abnormal findings in the caecum seen on prior imaging

2) Medical History 
    - Previous Diagnoses: Hyperthyroidism, peptic ulcer
    - Family Medical History: Sister has colorectal cancer
    - Medication History: Currently on Methimazole 10 mg daily for hyperthyroidism
    - Allergies: Shellfish (anaphylaxis)
    - Chronic Conditions: Hyperthyroidism

3) Symptom Description
    - Severity: Moderate to severe
    - Duration: 3 weeks
    - Associated Symptoms: Nausea, vomiting, altered bowel movements (diarrhea and constipation alternating), occasional melena
    - Frequency: Episodes occurring 3-4 times per day
    - Impact on Daily Activities: Difficult to maintain daily activities and job performance as a nurse due to frequent bathroom needs and discomfort

4) Patient’s self-reported habits and lifestyle
    - Sleep: Poor sleep quality due to abdominal pain and frequent trips to the bathroom
    - Diet: High-protein, low-fiber diet, occasional fast food
    - Exercise: Regular light exercise, typically walking and yoga
    - Tobacco Use: Non-smoker
    - Alcohol Consumption: Drinks wine occasionally, about once a week
    - Drug Use: No recreational drug use
    - Recreational Activities: Enjoys gardening and knitting

5) Demographic Information
    - Age: 34
    - Gender: Female
    - Ethnicity: African American
    - Socio-economic Status: Middle-class
    - Education Level: Bachelor's degree in Nursing
    - Health Literacy: High
    - Job Status: Registered Nurse

6) Patient's Behavior 
    - Level of cooperation: Highly cooperative and keen to adhere to medical recommendations

7) Geographical Location
    - Big City vs Small City: Rural area
    - Rural vs Urban: Rural
    - Pollution and Environmental Health Risks: Low pollution
    - Neighborhood Type: Mixed-income neighborhood
    - Food Desert: No

8) Clinical Setting
    - Urgent Care Centers

9) Type of Encounter
    - Emergency Visit

10) Treatment Disparities
    - None observed

11) Native or Non-Native English Speaking Patient
    - Native English-speaking patient

12) Physical exams
    - Abdominal exam reveals moderate tenderness on palpation in the right lower quadrant, no rebound tenderness, positive bowel sounds

13) Investigation/Test results
    - Awaiting: Abdominal MRI showed thickening in the caecum; abnormal findings necessitating further investigation
    - Order: Endoscopic Ultrasound (EUS) to investigate the abnormal findings in the caecum seen on prior imaging"|Rejected|Rejected|Rejected|Rejected||
ABNORMAL FINDINGS ON DIAGNOSTIC IMAGING OF OTHER PARTS OF DIGESTIVE TRACT|"ROLE: Gastroenterologist

PATIENT SCENARIO:

1) Medical Outcome:
   - Diagnosis: Abnormal findings on diagnostic imaging of other parts of digestive tract (ICD-10 K94)
   - Prescribed Treatment: 
      a) Lansoprazole 30 mg, oral, once daily, 1 month, 30 capsules
      b) Metoclopramide 10 mg, oral, three times daily before meals, 2 weeks, 42 tablets
   - Follow-up Recommendations: 
      a) Follow-up appointment in 4 weeks to review symptoms and imaging results
   - Referral to Specialists: 
      a) Referral to a surgical gastroenterologist, Dr. John Smith, for potential endoscopic intervention if symptoms persist
   - Order for Imaging: 
      a) Abdominal ultrasound (to check liver, gallbladder, pancreas, and surrounding organs)
      b) CT abdomen and pelvis with contrast (evaluate detailed structure of digestive tract)
   - Order for Blood Work:
      a) Biochemistry: Comprehensive metabolic panel (CMP)
      b) Hematology: Complete blood count (CBC) 
      c) Immunology: C-reactive protein (CRP)

2) Medical History:
   - Previous Diagnoses: Irritable bowel syndrome (IBS), GERD
   - Family Medical History: Father with colon cancer, mother with Barrett's esophagus
   - Medication History: Omeprazole, Dicyclomine
   - Allergies: Penicillin
   - Chronic Conditions: Hypertension

3) Symptom Description:
   - Severity: Moderate to severe abdominal pain and discomfort
   - Duration: 3 months
   - Associated Symptoms: Bloating, nausea, occasional vomiting, unintended weight loss (5 lbs in 2 months)
   - Frequency: Daily, worse after meals
   - Impact on Daily Activities: Interfering with daily work and social activities
   
4) Patient’s self-reported habits and lifestyle:
   - Sleep: Disturbed due to abdominal discomfort
   - Diet: Generally balanced but avoids fatty and spicy foods
   - Exercise: Walks daily for 30 minutes
   - Tobacco Use: None
   - Alcohol Consumption: Occasional, 1-2 glasses of wine per week
   - Drug Use: None
   - Recreational Activities: Enjoys gardening

5) Demographic Information:
   - Age: 45
   - Gender: Female
   - Ethnicity: Caucasian
   - Socio-economic Status: Middle class
   - Education Level: College graduate
   - Health Literacy: High
   - Job Status: Office worker, full-time

6) Patient's Behavior:
   - The level of patient's cooperation with medical advice: Generally compliant but anxious about current symptoms

7) Geographical Location:
   - Urban
   - Well-served by Transit
   - Affluent Neighborhood

8) Clinical Setting:
   - Specialized Gastroenterology Clinic

9) Type of Encounter:
   - Initial Consultation

10) Treatment Disparities:
   - None identified

11) Native or Non-Native English Speaking Patient:
   - Native English Speaking

12) Physical exams:
   - Abdominal Exam: Mild tenderness in the epigastric region, no palpable masses, normal bowel sounds
   - Rectal Exam: NA

13) Investigation/Test results:
   - Awaiting results: Abdominal ultrasound, CT abdomen and pelvis with contrast, CMP, CBC, CRP"|Rejected|Rejected|Rejected|Rejected||
ABNORMAL FINDINGS ON DIAGNOSTIC IMAGING OF OTHER PARTS OF DIGESTIVE TRACT|"ROLE: Gastroenterologist

PATIENT SCENARIO:

1) Medical Outcome:
   - Diagnosis: Abnormal findings on diagnostic imaging of other parts of digestive tract (ICD-10 K94)
   - Prescribed Treatment:
      a) Pantoprazole 40 mg, oral, once daily, 1 month, 30 tablets
      b) Mebeverine 135 mg, oral, three times daily before meals, 1 month, 90 tablets
   - Follow-up Recommendations:
      a) Follow-up appointment in 6 weeks to review symptoms and blood work results
   - Referral to Specialists:
      a) Referral to a dietitian, Ms. Lisa Brown, for a tailored dietary plan due to weight loss and digestive issues
   - Order for Imaging:
      a) MRI abdomen to assess any structural abnormalities in the digestive tract
   - Order for Blood Work:
      a) Biochemistry: Liver function tests (LFTs)
      b) Hematology: Complete blood count (CBC)
      c) Viral Hepatitis: Hepatitis B and C serology

2) Medical History:
   - Previous Diagnoses: Diverticulosis, cholecystectomy 3 years ago
   - Family Medical History: Mother with Crohn’s disease, sister with IBS
   - Medication History: Previous use of ranitidine
   - Allergies: Ibuprofen
   - Chronic Conditions: Hypercholesterolemia

3) Symptom Description:
   - Severity: Severe cramping and pain in the lower abdomen
   - Duration: 2 months
   - Associated Symptoms: Diarrhea alternating with constipation, fatigue, passing mucus in stool
   - Frequency: Several times a day, especially after meals
   - Impact on Daily Activities: Unable to participate in work meetings and social outings

4) Patient’s self-reported habits and lifestyle:
   - Sleep: Poor quality, frequently disrupted by pain
   - Diet: High fiber diet, avoiding gluten and dairy
   - Exercise: Infrequent, occasional light jogging
   - Tobacco Use: Smokes 5 cigarettes per day
   - Alcohol Consumption: Regular, 3-4 beers per week
   - Drug Use: None
   - Recreational Activities: Enjoys fishing on weekends

5) Demographic Information:
   - Age: 50
   - Gender: Male
   - Ethnicity: African American
   - Socio-economic Status: Lower-middle class
   - Education Level: High school graduate
   - Health Literacy: Moderate
   - Job Status: Construction worker, part-time due to health issues

6) Patient's Behavior:
   - The level of patient's cooperation with medical advice: Generally cooperative but hesitant to take new medications

7) Geographical Location:
   - Rural
   - Limited access to healthcare facilities
   - Impoverished neighborhood

8) Clinical Setting:
   - Community Health Services

9) Type of Encounter:
   - Chronic Disease Management

10) Treatment Disparities:
   - Limited access to specialist care due to financial constraints

11) Native or Non-Native English Speaking Patient:
   - Native English Speaking

12) Physical exams:
   - Abdominal Exam: Marked tenderness in the left lower quadrant, no palpable masses, occasional hyperactive bowel sounds
   - Rectal Exam: Hemorrhoids, no blood or abnormal masses detected

13) Investigation/Test results:
   - Awaiting results: MRI abdomen, LFTs, CBC, Hepatitis B and C serology"|Rejected|Rejected|Rejected|Rejected||
ABNORMAL FINDINGS ON DIAGNOSTIC IMAGING OF OTHER PARTS OF DIGESTIVE TRACT|"ROLE: Gastroenterologist

PATIENT SCENARIO:

1) Medical Outcome:
   - Diagnosis: Abnormal findings on diagnostic imaging of other parts of digestive tract (ICD-10 K94)
   - Prescribed Treatment:
      a) Omeprazole 20 mg, oral, once daily, 2 months, 60 tablets
      b) Buscopan 10 mg, oral, four times daily, 2 weeks, 56 tablets
   - Follow-up Recommendations:
      a) Follow-up appointment in 8 weeks to evaluate treatment efficacy and lifestyle adjustments
   - Referral to Specialists:
      a) Referral to a colorectal surgeon, Dr. Emily Davis, to evaluate necessity for colonoscopy due to persistent symptoms
   - Order for Imaging:
      a) MRI pelvis to assess any abnormalities specifically in the lower digestive tract
   - Order for Blood Work:
      a) Biochemistry: Comprehensive metabolic panel (CMP)
      b) Hematology: Complete blood count (CBC)
      c) Vitamin D levels

2) Medical History:
   - Previous Diagnoses: Ulcerative colitis, appendectomy 5 years ago
   - Family Medical History: Brother with celiac disease, father with peptic ulcer disease
   - Medication History: Previous use of mesalamine
   - Allergies: Erythromycin
   - Chronic Conditions: Type 2 diabetes

3) Symptom Description:
   - Severity: Moderate abdominal bloating and discomfort
   - Duration: 1 month
   - Associated Symptoms: Occasional rectal bleeding, increased flatulence, fatigue
   - Frequency: Multiple episodes throughout the day
   - Impact on Daily Activities: Has had to take sick leave from work and reduce social interactions

4) Patient’s self-reported habits and lifestyle:
   - Sleep: Frequently interrupted sleep due to discomfort
   - Diet: Follow a low-FODMAP diet, vegetarian
   - Exercise: Regular yoga practice and walking 3 times a week
   - Tobacco Use: Quit smoking 2 years ago
   - Alcohol Consumption: None
   - Drug Use: None
   - Recreational Activities: Enjoys playing board games with family

5) Demographic Information:
   - Age: 38
   - Gender: Female
   - Ethnicity: Hispanic
   - Socio-economic Status: Middle class
   - Education Level: Bachelor's degree
   - Health Literacy: High
   - Job Status: Teacher, currently on short-term disability

6) Patient's Behavior:
   - The level of patient's cooperation with medical advice: Highly cooperative, actively seeks and follows medical advice

7) Geographical Location:
   - Urban
   - Affluent neighborhood with good access to healthcare facilities

8) Clinical Setting:
   - Private Practice

9) Type of Encounter:
   - Routine Check-up

10) Treatment Disparities:
   - None identified

11) Native or Non-Native English Speaking Patient:
   - Native English Speaking

12) Physical exams:
   - Abdominal Exam: Mild tenderness in the left lower quadrant, no rebound tenderness, normal bowel sounds

13) Investigation/Test results:
   - Awaiting results: MRI pelvis, CMP, CBC, Vitamin D levels"|Rejected|Rejected|Rejected|Rejected||
