Disease Description|Scenario|Note|Polished Note|Abbreviated Note|Role|dial|polished_dial
ALCOHOL DEPENDENCE WITH WITHDRAWAL DELIRIUM|"**ROLE:** Psychiatrist

**SCENARIO:**

1) **Medical Outcome:** 
   - Diagnosis: Alcohol Dependence with Withdrawal Delirium (ICD-10 F10.231)
   - Prescribed Treatment: 
      - Medication: Diazepam 10 mg, 4 times daily, oral, for 7 days, quantity: 28 tablets
      - Referral: Referral to Addiction Specialist, Dr. Susan Lee, for ongoing management of alcohol dependence
   - Lifestyle Change: Strongly advised quitting alcohol use, dietary improvements
   - Follow-up Recommendations: Follow-up in 1 week

2) **Medical History:** 
   - Previous Diagnoses: Hypertension, Depression
   - Family Medical History: Father had alcohol dependence, Mother had hypertension
   - Medication History: Enalapril 10 mg daily for hypertension, Sertraline 50 mg daily for depression
   - Allergies: No known drug allergies 
   - Chronic Conditions: Alcohol dependence, Hypertension, Depression

3) **Symptom Description:** 
   - Severity: Severe
   - Duration: 48 hours
   - Associated Symptoms: Tremors, confusion, hallucinations (visual and auditory), sweating
   - Frequency: Persistent
   - Impact on Daily Activities: Unable to perform daily activities, unable to work

4) **Patient’s Self-Reported Habits and Lifestyle:** 
   - Sleep: Disturbed, only 2-3 hours of sleep per night
   - Diet: Poor, primarily consuming snacks and fast food
   - Exercise: Minimal, occasional walks
   - Tobacco Use: Smokes 10 cigarettes per day
   - Alcohol Consumption: Heavy, drinks approximately a bottle of vodka daily, increased over the past year
   - Drug Use: Denied illicit drug use
   - Recreational Activities: Minimal, primarily watches TV

5) **Demographic Information:**
   - Age: 45
   - Gender: Male
   - Ethnicity: Caucasian
   - Socio-economic Status: Middle-class
   - Education Level: High school graduate
   - Health Literacy: Limited
   - Job Status: Unemployed

6) **Patient's Behavior:**
   - Level of Cooperation with Medical Advice: Cooperative but anxious about quitting alcohol

7) **Geographical Location:**
   - Big City
   - Urban
   - Neighborhood Type: Impoverished
   - Pollution and Environmental Health Risks: Moderate
   - Well-served by Transit: Yes
   - Food Desert: No

8) **Clinical Setting:**
   - Hospital 

9) **Type of Encounter:**
   - Emergency Visit

10) **Treatment Disparities:**
    - Patient has limited access to inpatient rehab services due to financial constraints

11) **Native or Non-Native English Speaking Patient:**
    - Native English speaker

12) **Physical Exams:**
    - General: Appears disheveled, tremors present, diaphoretic
    - Neurological: Confused, mild asterixis, orientation fluctuates

13) **Investigation/Test results:**
    - Blood Work: Ordered for biochemistry and hematology to monitor electrolyte levels, liver function tests, and complete blood count
    - Awaiting results"|"#####
**1. Subjective:**

**Chief Complaint (CC):**  
Severe tremors, confusion, and hallucinations.

**History of Present Illness (HPI):**  
Mr. John Doe is a 45-year-old Caucasian male who presented to the emergency department with severe tremors, confusion, and both visual and auditory hallucinations. These symptoms have been persistent for the past 48 hours. He reports heavy alcohol consumption, approximately one bottle of vodka daily, which has increased over the past year. He has a history of disturbed sleep, only achieving 2-3 hours of sleep per night, poor diet primarily consisting of snacks and fast food, and minimal exercise. He also smokes 10 cigarettes per day.

**Review of Systems (ROS):**
- **Constitutional:** Reports tremors, sweating
- **Neurological:** Reports confusion, hallucinations (visual and auditory)
- **Psychiatric:** History of depression, currently feels anxious about quitting alcohol
- **Gastrointestinal:** Poor dietary intake, primarily snacks and fast food
- **Respiratory:** No complaints

**2. Objective:**
- **Vital Signs:** Not provided in the scenario
- **General Examination:** Appears disheveled, diaphoretic, and has noticeable tremors
- **Neurological Examination:** Confused, fluctuating orientation, mild asterixis noted
- **Physical Examination:** Awaiting more specific results from blood work

**Investigation/Test Results:**  
Blood work has been ordered to monitor electrolyte levels, liver function tests, and complete blood count. Results are pending.

**3. Assessment:**
Mr. John Doe is a 45-year-old male with a significant history of alcohol dependence who presents with symptoms consistent with alcohol withdrawal delirium (ICD-10 F10.231). His current symptoms of tremors, confusion, and hallucinations suggest a severe withdrawal state necessitating immediate medical intervention. He has a background of hypertension and depression, both of which are being managed with Enalapril and Sertraline, respectively.

**4. Plan:**
- **Medication:** Diazepam 10 mg, 4 times daily, oral, for 7 days, quantity: 28 tablets to manage withdrawal symptoms.
- **Referral:** Referral to Addiction Specialist, Dr. Susan Lee, for ongoing management of alcohol dependence.
- **Lifestyle Changes:** Strongly advised to quit alcohol use, improve dietary habits, and increase physical activity.
- **Follow-up Recommendations:** Follow-up in one week to assess progress and adjust treatment if necessary.

**Patient Education and Counseling:**  
I discussed with Mr. Doe the importance of abstaining from alcohol and the potential health risks associated with continued heavy use. He was advised to improve his diet, targeting more balanced meals, and to incorporate regular physical activity. He was also informed about the necessity of monitoring his hypertension and depression closely, given his current state.

**Patient Agreements:**  
Mr. Doe understands and agrees with the recommended treatment plan and is cooperative but anxious about quitting alcohol. He expressed willingness to follow up with Dr. Susan Lee for ongoing addiction management.

**Financial and Access Considerations:**  
Noted that Mr. Doe has limited access to inpatient rehabilitation services due to financial constraints. Discussed possible community resources and outpatient programs that may offer support.

#####

This note covers all aspects required in the specified format and includes detailed information relevant to the patient's condition and management plan."|"#####
**1. Subjective:**

**Chief Complaint (CC):**  
Severe tremors, confusion, and hallucinations.

**History of Present Illness (HPI):**  
Mr. John Doe is a 45-year-old Caucasian male who presented to the emergency department with severe tremors, confusion, and both visual and auditory hallucinations. These symptoms have been persistent for the past 48 hours. He reports heavy alcohol consumption, approximately one bottle of vodka daily, which has increased over the past year. He has a history of disturbed sleep, only achieving 2-3 hours of sleep per night, poor diet primarily consisting of snacks and fast food, and minimal exercise. He also smokes 10 cigarettes per day.

**Review of Systems (ROS):**
- **Constitutional:** Reports tremors, sweating
- **Neurological:** Reports confusion, hallucinations (visual and auditory)
- **Psychiatric:** History of depression, currently feels anxious about quitting alcohol
- **Gastrointestinal:** Poor dietary intake, primarily snacks and fast food
- **Respiratory:** No complaints

**2. Objective:**
- **Vital Signs:** Not provided in the scenario
- **General Examination:** Appears disheveled, diaphoretic, and has noticeable tremors
- **Neurological Examination:** Confused, fluctuating orientation, mild asterixis noted
- **Physical Examination:** Awaiting more specific results from blood work

**Investigation/Test Results:**  
Blood work has been ordered to monitor electrolyte levels, liver function tests, and complete blood count. Results are pending.

**3. Assessment:**
Mr. John Doe is a 45-year-old male with a significant history of alcohol dependence who presents with symptoms consistent with alcohol withdrawal delirium (ICD-10 F10.231). His current symptoms of tremors, confusion, and hallucinations suggest a severe withdrawal state necessitating immediate medical intervention. He has a background of hypertension and depression, both of which are being managed with Enalapril and Sertraline, respectively.

**4. Plan:**
- **Medication:** Diazepam 10 mg, 4 times daily, oral, for 7 days, quantity: 28 tablets to manage withdrawal symptoms.
- **Referral:** Referral to Addiction Specialist, Dr. Susan Lee, for ongoing management of alcohol dependence.
- **Lifestyle Changes:** Strongly advised to quit alcohol use, improve dietary habits, and increase physical activity.
- **Follow-up Recommendations:** Follow-up in one week to assess progress and adjust treatment if necessary.

**Patient Education and Counseling:**  
I discussed with Mr. Doe the importance of abstaining from alcohol and the potential health risks associated with continued heavy use. He was advised to improve his diet, targeting more balanced meals, and to incorporate regular physical activity. He was also informed about the necessity of monitoring his hypertension and depression closely, given his current state.

**Patient Agreements:**  
Mr. Doe understands and agrees with the recommended treatment plan and is cooperative but anxious about quitting alcohol. He expressed willingness to follow up with Dr. Susan Lee for ongoing addiction management.

**Financial and Access Considerations:**  
Noted that Mr. Doe has limited access to inpatient rehabilitation services due to financial constraints. Discussed possible community resources and outpatient programs that may offer support.

#####"|"#####
**1. Subjective:**

**CC:**  
Severe tremors, confusion, and hallucinations.

**HPI:**  
Mr. John Doe is a 45-year-old Caucasian male who presented to the ED with severe tremors, confusion, and both visual and auditory hallucinations. These symptoms have been persistent for the past 48 hours. He reports heavy EtOH consumption, approximately one bottle of vodka daily, which has increased over the past year. He has a hx of disturbed sleep, only achieving 2-3 hours of sleep per night, poor diet primarily consisting of snacks and fast food, and minimal exercise. He also smokes 10 cigarettes per day.

**ROS:**
- **Constitutional:** Reports tremors, sweating
- **Neuro:** Reports confusion, hallucinations (visual and auditory)
- **Psych:** Hx of depression, currently feels anxious about quitting EtOH
- **GI:** Poor dietary intake, primarily snacks and fast food
- **Resp:** No complaints

**2. Objective:**
- **VS:** Not provided in the scenario
- **Gen Exam:** Appears disheveled, diaphoretic, and has noticeable tremors
- **Neuro Exam:** Confused, fluctuating orientation, mild asterixis noted
- **PE:** Awaiting more specific results from blood work

**Investigation/Test Results:**  
Blood work has been ordered to monitor electrolyte levels, LFTs, and CBC. Results are pending.

**3. Assessment:**
Mr. John Doe is a 45-year-old male with a significant hx of EtOH dependence who presents with symptoms consistent with EtOH withdrawal delirium (ICD-10 F10.231). His current symptoms of tremors, confusion, and hallucinations suggest a severe withdrawal state necessitating immediate medical intervention. He has a background of HTN and depression, both of which are being managed with Enalapril and Sertraline, respectively.

**4. Plan:**
- **Rx:** Diazepam 10 mg, QID, PO, for 7 days, quantity: 28 tablets to manage withdrawal symptoms.
- **Referral:** Referral to Addiction Specialist, Dr. Susan Lee, for ongoing mgmt of EtOH dependence.
- **Lifestyle Changes:** Strongly advised to quit EtOH use, improve dietary habits, and increase physical activity.
- **F/U Recommendations:** F/U in one week to assess progress and adjust treatment if necessary.

**Patient Education and Counseling:**  
I discussed with Mr. Doe the importance of abstaining from EtOH and the potential health risks associated with continued heavy use. He was advised to improve his diet, targeting more balanced meals, and to incorporate regular physical activity. He was also informed about the necessity of monitoring his HTN and depression closely, given his current state.

**Patient Agreements:**  
Mr. Doe understands and agrees with the recommended treatment plan and is cooperative but anxious about quitting EtOH. He expressed willingness to F/U with Dr. Susan Lee for ongoing addiction mgmt.

**Financial and Access Considerations:**  
Noted that Mr. Doe has limited access to inpatient rehab services due to financial constraints. Discussed possible community resources and outpatient programs that may offer support.

#####"|Role not found in the first 5 lines.|"**Doctor:** Hi Mr. Doe, I see you're here today because of some severe tremors, confusion, and hallucinations. Can you tell me more about what's been going on?

**Patient:** Yeah, it's been really bad. I've been shaking uncontrollably, seeing and hearing things that aren't there. This has been happening for the past two days.

**Doctor:** That sounds very distressing. Have you noticed anything else, like sweating or trouble sleeping?

**Patient:** Yes, I'm sweating a lot and I can only sleep for 2-3 hours a night.

**Doctor:** Okay, that's important to know. How about your alcohol consumption? Can you tell me about that?

**Patient:** I drink a lot. I've been drinking a bottle of vodka every day for the past year. It's been getting worse lately.

**Doctor:** I see. That's quite a bit. How about your diet and exercise? What are those like?

**Patient:** My diet is terrible, mostly just snacks and fast food. I don't really exercise at all.

**Doctor:** Alright, and do you smoke?

**Patient:** Yeah, about 10 cigarettes a day.

**Doctor:** Have you experienced any other symptoms, like depression or anxiety?

**Patient:** I've been feeling really anxious about quitting drinking, and I've had depression for a while.

**Doctor:** Okay. Do you have any other medical conditions?

**Patient:** I have hypertension and I'm on Enalapril for that. I also take Sertraline for my depression.

**Doctor:** Thank you for sharing that. Now, I'm going to do a quick physical examination. Please bear with me.

**Patient:** Okay.

**Doctor:** (Examining) You appear a bit disheveled and you're certainly diaphoretic. I can see the tremors as well. How are you feeling right now?

**Patient:** I'm really confused and scared.

**Doctor:** I understand. We need to get some blood work done to check your electrolyte levels, liver function, and complete blood count. This will help us understand more about your current condition. 

**Patient:** Alright.

**Doctor:** Because of your symptoms, it looks like you might be experiencing alcohol withdrawal delirium. This is a severe condition and needs immediate attention.

**Patient:** What does that mean?

**Doctor:** It means that due to your heavy and prolonged alcohol use, your body is reacting severely now that you're cutting back. The tremors, confusion, and hallucinations are signs of this.

**Patient:** Oh, wow. That's serious.

**Doctor:** Yes, but we can manage it. I'm going to prescribe you Diazepam, 10 mg, four times a day for the next seven days. This will help manage your withdrawal symptoms.

**Patient:** Diazepam? Will it help?

**Doctor:** Yes, it should help reduce the severity of your symptoms. We'll also refer you to an addiction specialist, Dr. Susan Lee, for ongoing management of your alcohol dependence.

**Patient:** Okay, but I'm really anxious about quitting alcohol.

**Doctor:** I understand. It's a big step, and it's normal to feel anxious. But it's crucial for your health. We'll provide support along the way. Improving your diet and incorporating some physical activity will also be beneficial.

**Patient:** What should I eat?

**Doctor:** Try to focus on balanced meals, including more fruits, vegetables, lean proteins, and whole grains. Avoiding fast food and snacks as much as possible will help.

**Patient:** I suppose I can try.

**Doctor:** Great. Also, we'll need to monitor your hypertension and depression closely during this time. 

**Patient:** Okay, I'll do my best.

**Doctor:** I know you have financial constraints and limited access to inpatient rehab services. We'll discuss community resources and outpatient programs that can offer support.

**Patient:** Thank you, I appreciate that.

**Doctor:** You're welcome. We'll schedule a follow-up appointment in one week to assess your progress and adjust your treatment if necessary.

**Patient:** Alright, I understand.

**Doctor:** Do you have any questions for me right now?

**Patient:** No, I think that's everything.

**Doctor:** Okay, remember, we're here to support you through this. If you experience any worsening symptoms, please come in immediately.

**Patient:** I will. Thank you, doctor.

**Doctor:** You're welcome. Take care and we'll see you in a week."|"[doctor]: Hi Mr. Doe, I see you're here today because of some severe tremors, confusion, and hallucinations. Can you tell me more about what's been going on?

[patient]: Yeah, it's been really bad. I've been shaking uncontrollably, seeing and hearing things that aren't there. This has been happening for the past two days.

[doctor]: Hmm, that sounds very distressing. Have you noticed anything else, like sweating or trouble sleeping?

[patient]: Yes, I'm sweating a lot and I can only sleep for 2-3 hours a night.

[doctor]: Okay, that's important to know. How about your alcohol consumption? Can you tell me about that?

[patient]: I drink a lot. I've been drinking a bottle of vodka every day for the past year. It's been getting worse lately.

[doctor]: I see. That's quite a bit. How about your diet and exercise? What are those like?

[patient]: My diet is terrible, mostly just snacks and fast food. I don't really exercise at all.

[doctor]: Alright, and do you smoke?

[patient]: Yeah, about 10 cigarettes a day.

[doctor]: Have you experienced any other symptoms, like depression or anxiety?

[patient]: I've been feeling really anxious about quitting drinking, and I've had depression for a while.

[doctor]: Okay. Do you have any other medical conditions?

[patient]: I have hypertension and I'm on Enalapril for that. I also take Sertraline for my depression.

[doctor]: Thank you for sharing that. Now, I'm going to do a quick physical examination. Please bear with me.

[patient]: Okay.

[doctor]: (Examining) You appear a bit disheveled and you're certainly diaphoretic. I can see the tremors as well. How are you feeling right now?

[patient]: I'm really confused and scared.

[doctor]: I understand. We need to get some blood work done to check your electrolyte levels, liver function, and complete blood count. This will help us understand more about your current condition. 

[patient]: Alright.

[doctor]: Because of your symptoms, it looks like you might be experiencing alcohol withdrawal delirium. This is a severe condition and needs immediate attention.

[patient]: What does that mean?

[doctor]: It means that due to your heavy and prolonged alcohol use, your body is reacting severely now that you're cutting back. The tremors, confusion, and hallucinations are signs of this.

[patient]: Oh, wow. That's serious.

[doctor]: Yes, but we can manage it. I'm going to prescribe you Diazepam, 10 mg, four times a day for the next seven days. This will help manage your withdrawal symptoms.

[patient]: Diazepam? Will it help?

[doctor]: Yes, it should help reduce the severity of your symptoms. We'll also refer you to an addiction specialist, Dr. Susan Lee, for ongoing management of your alcohol dependence.

[patient]: Okay, but I'm really anxious about quitting alcohol.

[doctor]: I understand. It's a big step, and it's normal to feel anxious. But it's crucial for your health. We'll provide support along the way. Improving your diet and incorporating some physical activity will also be beneficial.

[patient]: What should I eat?

[doctor]: Try to focus on balanced meals, including more fruits, vegetables, lean proteins, and whole grains. Avoiding fast food and snacks as much as possible will help.

[patient]: I suppose I can try.

[doctor]: Great. Also, we'll need to monitor your hypertension and depression closely during this time. 

[patient]: Okay, I'll do my best.

[doctor]: I know you have financial constraints and limited access to inpatient rehab services. We'll discuss community resources and outpatient programs that can offer support.

[patient]: Thank you, I appreciate that.

[doctor]: You're welcome. We'll schedule a follow-up appointment in one week to assess your progress and adjust your treatment if necessary.

[patient]: Alright, I understand.

[doctor]: Do you have any questions for me right now?

[patient]: No, I think that's everything.

[doctor]: Okay, remember, we're here to support you through this. If you experience any worsening symptoms, please come in immediately.

[patient]: I will. Thank you, doctor.

[doctor]: You're welcome. Take care and we'll see you in a week."
ALCOHOL DEPENDENCE WITH WITHDRAWAL DELIRIUM|"ROLE: General Physician

**Scenario:**

- **Medical Outcome:**
  - Diagnosis: Alcohol Dependence with Withdrawal Delirium (ICD-10: F10.231)
  - Prescribed Treatment:
    - Medication: Lorazepam 1 mg oral every 4 hours for 72 hours (18 tablets), tapering dose afterward
    - Vitamin B complex 1 tablet daily for 7 days
    - Referral: Referral to Nutritionist, Dr. Sarah Lee, for nutritional support during recovery
  - Follow-up Recommendations: Follow-up in 5 days to adjust medication and evaluate progress
  - Lifestyle change: Recommend daily walks outside, dietary improvements focusing on balanced meals, and enrolling in yoga classes for relaxation
- **Medical History:**
  - Previous Diagnoses: Hepatitis C, Gastroesophageal Reflux Disease (GERD)
  - Medication History: Omeprazole 20 mg daily for GERD, previously treated for Hepatitis C
  - Allergies: Aspirin
  - Chronic Conditions: GERD, stabilized Hepatitis C
- **Symptom Description:**
  - Severity: Mild to moderate
  - Duration: Symptoms began 5 days ago
  - Associated Symptoms: Seizures, mild confusion, insomnia, poor appetite
  - Frequency: Intermittent but increasing in frequency
  - Impact on Daily Activities: Able to complete some daily tasks but requires frequent rests
- **Patient’s self-reported habits and lifestyle:**
  - Sleep: Severe insomnia despite feeling exhausted
  - Diet: Skipped meals, prefers sugary snacks
  - Exercise: Light stretching occasionally
  - Tobacco Use: None
  - Alcohol Consumption: Approximately 4-6 drinks daily for past 3 years, ceased 5 days ago
  - Drug Use: Recreational marijuana use monthly
  - Recreational Activities: Watches TV, limited social interactions
- **Demographic Information:**
  - Age: 32
  - Gender: Female
  - Ethnicity: Asian
  - Socio-economic Status: Middle-class
  - Education Level: College graduate
  - Health Literacy: High understanding of health and medication
  - Job Status: Freelance writer
- **Patient's Behavior:**
  - Level of Cooperation: Highly cooperative, motivated to improve health
- **Geographical Location:**
  - Urban area within a medium-sized city
  - Neighborhood Type: Affluent, low crime rates, ample green space
  - Environmental Health Risks: Minimal pollution
- **Clinical Setting:**
  - Telemedicine visit
- **Type of Encounter:**
  - Follow-up visit for ongoing management of withdrawal symptoms
- **Treatment Disparities:**
  - None noted; patient has good insurance coverage and access to care
- **Native or Non-Native English Speaking Patient:**
  - Non-Native English-speaking patient, proficient in English
- **Physical exams:**
  - General Examination: Calm demeanor, slightly pale
  - Neurological Examination: Slight hand tremor, alert and oriented to person, place, and time
- **Investigation/Test results:**
  - Blood tests ordered: Comprehensive Metabolic Panel (CMP), Liver Function Tests (LFTs), Viral Hepatitis Panel to monitor Hepatitis C condition
  - Results Awaiting"|"#####
**1. Subjective:**

**Chief Complaint (CC):**
Alcohol Dependence with Withdrawal Delirium.

**History of Present Illness (HPI):**
The patient, a 32-year-old Asian female freelance writer, presents for follow-up of alcohol dependence and associated withdrawal delirium. She reports cessation of alcohol consumption 5 days ago after a 3-year history of consuming approximately 4-6 drinks daily. Since cessation, she has experienced mild to moderate withdrawal symptoms, including seizures, mild confusion, severe insomnia, and poor appetite. These symptoms are intermittent but have increased in frequency. She is motivated to improve her health and willing to adhere to the recommended plan.

**Review of Systems (ROS):**
- **Constitutional:** Reports feeling exhausted and requiring frequent rests to complete daily tasks. 
- **Neurological:** Experienced seizures, mild confusion, and slight hand tremor.
- **Psychiatric:** Severe insomnia despite feeling exhausted.
- **Gastrointestinal:** Reports poor appetite, preferring sugary snacks and skipping meals.

**2. Objective:**

**General Examination:**
- Calm demeanor, slightly pale.

**Neurological Examination:**
- Slight hand tremor, alert and oriented to person, place, and time.

**Investigations:**
- Blood tests ordered: Comprehensive Metabolic Panel (CMP), Liver Function Tests (LFTs), Viral Hepatitis Panel to monitor Hepatitis C condition. Results are pending.

**3. Assessment:**

The patient is a 32-year-old female presenting with alcohol dependence and withdrawal delirium. Her history of Hepatitis C and GERD are noted, but currently stable. The patient's withdrawal symptoms, including seizures, confusion, and insomnia, are being managed with lorazepam. Her poor dietary habits and lack of substantial exercise are also concerns that need to be addressed as part of her overall recovery plan.

**4. Plan:**

**Medications:**
- Lorazepam 1 mg orally every 4 hours for 72 hours (18 tablets), with a tapering dose afterward.
- Vitamin B complex 1 tablet daily for 7 days.
- Continue Omeprazole 20 mg daily for GERD.

**Referrals:**
- Referral to Nutritionist, Dr. Sarah Lee, for nutritional support during recovery.

**Lifestyle Recommendations:**
- Daily walks outside to improve physical health and mental well-being.
- Dietary improvements focusing on balanced meals, reducing sugary snacks.
- Enroll in yoga classes for relaxation and stress management.

**Follow-up:**
- Follow-up in 5 days to adjust medication and evaluate progress.

The patient is advised to monitor symptoms closely and seek immediate medical attention if seizures worsen or new symptoms arise. Additional support and resources for alcohol cessation and mental health support were discussed, and the patient expressed understanding and agreement with the plan."|"#####
**1. Subjective:**

**Chief Complaint (CC):**
Alcohol Dependence with Withdrawal Delirium.

**History of Present Illness (HPI):**
The patient, a 32-year-old Asian female freelance writer, presents for follow-up of alcohol dependence and associated withdrawal delirium. She reports cessation of alcohol consumption 5 days ago after a 3-year history of consuming approximately 4-6 drinks daily. Since cessation, she has experienced mild to moderate withdrawal symptoms, including seizures, mild confusion, severe insomnia, and poor appetite. These symptoms are intermittent but have increased in frequency. She is motivated to improve her health and willing to adhere to the recommended plan.

**Review of Systems (ROS):**
- **Constitutional:** Reports feeling exhausted and requiring frequent rests to complete daily tasks. 
- **Neurological:** Experienced seizures, mild confusion, and slight hand tremor.
- **Psychiatric:** Severe insomnia despite feeling exhausted.
- **Gastrointestinal:** Reports poor appetite, preferring sugary snacks and skipping meals.

**2. Objective:**

**General Examination:**
- Calm demeanor, slightly pale.

**Neurological Examination:**
- Slight hand tremor, alert and oriented to person, place, and time.

**Investigations:**
- Blood tests ordered: Comprehensive Metabolic Panel (CMP), Liver Function Tests (LFTs), Viral Hepatitis Panel to monitor Hepatitis C condition. Results are pending.

**3. Assessment:**

The patient is a 32-year-old female presenting with alcohol dependence and withdrawal delirium. Her history of Hepatitis C and GERD are noted, but currently stable. The patient's withdrawal symptoms, including seizures, confusion, and insomnia, are being managed with lorazepam. Her poor dietary habits and lack of substantial exercise are also concerns that need to be addressed as part of her overall recovery plan.

**4. Plan:**

**Medications:**
- Lorazepam 1 mg orally every 4 hours for 72 hours (18 tablets), with a tapering dose afterward.
- Vitamin B complex 1 tablet daily for 7 days.
- Continue Omeprazole 20 mg daily for GERD.

**Referrals:**
- Referral to Nutritionist, Dr. Sarah Lee, for nutritional support during recovery.

**Lifestyle Recommendations:**
- Daily walks outside to improve physical health and mental well-being.
- Dietary improvements focusing on balanced meals, reducing sugary snacks.
- Enroll in yoga classes for relaxation and stress management.

**Follow-up:**
- Follow-up in 5 days to adjust medication and evaluate progress.

The patient is advised to monitor symptoms closely and seek immediate medical attention if seizures worsen or new symptoms arise. Additional support and resources for alcohol cessation and mental health support were discussed, and the patient expressed understanding and agreement with the plan."|"#####
**1. Subjective:**

**CC:**
ETOH Dependence with Withdrawal Delirium.

**HPI:**
The pt, a 32 y/o Asian F freelance writer, presents for f/u of ETOH dependence and associated withdrawal delirium. She reports cessation of ETOH consumption 5 days ago after a 3-year hx of consuming approx 4-6 drinks daily. Since cessation, she has experienced mild to moderate withdrawal sx, including seizures, mild confusion, severe insomnia, and poor appetite. These sx are intermittent but have increased in frequency. She is motivated to improve her health and willing to adhere to the recommended plan.

**ROS:**
- **Constitutional:** Reports feeling exhausted and requiring frequent rests to complete daily tasks. 
- **Neuro:** Experienced seizures, mild confusion, and slight hand tremor.
- **Psych:** Severe insomnia despite feeling exhausted.
- **GI:** Reports poor appetite, preferring sugary snacks and skipping meals.

**2. Objective:**

**General Exam:**
- Calm demeanor, slightly pale.

**Neuro Exam:**
- Slight hand tremor, alert and oriented to person, place, and time.

**Investigations:**
- Blood tests ordered: CMP, LFTs, Viral Hepatitis Panel to monitor Hep C condition. Results pending.

**3. Assessment:**

The pt is a 32 y/o F presenting with ETOH dependence and withdrawal delirium. Her hx of Hep C and GERD are noted, but currently stable. The pt's withdrawal sx, including seizures, confusion, and insomnia, are being managed with lorazepam. Her poor dietary habits and lack of substantial exercise are also concerns that need to be addressed as part of her overall recovery plan.

**4. Plan:**

**Meds:**
- Lorazepam 1 mg PO q4h for 72 hrs (18 tabs), with a tapering dose afterward.
- Vitamin B complex 1 tab daily for 7 days.
- Continue Omeprazole 20 mg daily for GERD.

**Referrals:**
- Referral to Nutritionist, Dr. Sarah Lee, for nutritional support during recovery.

**Lifestyle Recommendations:**
- Daily walks outside to improve physical health and mental well-being.
- Dietary improvements focusing on balanced meals, reducing sugary snacks.
- Enroll in yoga classes for relaxation and stress mgmt.

**F/U:**
- F/U in 5 days to adjust meds and evaluate progress.

The pt is advised to monitor sx closely and seek immediate medical attention if seizures worsen or new sx arise. Additional support and resources for ETOH cessation and mental health support were discussed, and the pt expressed understanding and agreement with the plan."|General Physician|"**Conversation Between Doctor and Patient:**

**Doctor:** Hi there, it's good to see you today. How are you feeling?

**Patient:** Hi, Doctor. I'm feeling a bit exhausted, to be honest. It's been a rough few days.

**Doctor:** I can imagine. I see you're here for a follow-up on your alcohol dependence and withdrawal delirium. Can you tell me more about what’s been happening?

**Patient:** Sure. I stopped drinking alcohol 5 days ago. I've been drinking about 4-6 drinks daily for the past 3 years. Since I stopped, I've had some pretty rough withdrawal symptoms.

**Doctor:** I’m sorry to hear that. What kind of symptoms have you been experiencing?

**Patient:** Well, there have been seizures, some mild confusion, severe insomnia, and a really poor appetite. 

**Doctor:** That sounds very challenging. How often have these symptoms been occurring?

**Patient:** They’ve been intermittent but seem to be happening more frequently now.

**Doctor:** Have you been able to rest at all?

**Patient:** Not really. I feel exhausted all the time and need to rest frequently just to get through daily tasks.

**Doctor:** That sounds tough. Have you noticed any tremors or shaking in your hands?

**Patient:** Yes, there’s a slight tremor in my hands.

**Doctor:** Okay, let’s go through a quick review of your systems. Any other new symptoms or changes you've noticed?

**Patient:** Not really, just what I mentioned.

**Doctor:** Alright, let’s start with a general exam. You seem calm but slightly pale. How’s your appetite been?

**Patient:** It's been poor. I’ve been skipping meals and just eating sugary snacks when I do eat.

**Doctor:** That’s not uncommon during withdrawal. Have you had any issues with confusion?

**Patient:** Mild confusion, yes.

**Doctor:** And how has your sleep been?

**Patient:** Terrible. Severe insomnia, even though I’m exhausted.

**Doctor:** I understand. I see in your records that you have a history of Hepatitis C and GERD. How have those been?

**Patient:** They’ve been stable, no new issues there.

**Doctor:** Good to hear. I’ll go ahead and do a neurological exam now. You do have a slight hand tremor, but you’re alert and oriented to person, place, and time. That’s a good sign.

**Patient:** Okay.

**Doctor:** We’ve ordered some blood tests including a Comprehensive Metabolic Panel, Liver Function Tests, and a Viral Hepatitis Panel to check on your Hepatitis C. The results are still pending.

**Patient:** Understood.

**Doctor:** Based on what I’m seeing, we’ll continue to manage your withdrawal symptoms with lorazepam. You’ll take 1 mg orally every 4 hours for the next 72 hours, and then we’ll taper the dose.

**Patient:** Alright.

**Doctor:** Also, I’m prescribing a Vitamin B complex, 1 tablet daily for 7 days, and continue taking Omeprazole 20 mg daily for your GERD.

**Patient:** Got it.

**Doctor:** I’m referring you to a nutritionist, Dr. Sarah Lee, to help you with your diet. It’s important to improve your nutrition during recovery.

**Patient:** That sounds helpful.

**Doctor:** In terms of lifestyle, I want you to take daily walks outside to improve your physical health and mental well-being. 

**Patient:** I can do that.

**Doctor:** We also need to focus on balanced meals and reducing sugary snacks. Enrolling in yoga classes could help with relaxation and stress management.

**Patient:** I’ll try that.

**Doctor:** We’ll follow up in 5 days to adjust your medication and evaluate your progress. If your seizures worsen or you develop new symptoms, seek immediate medical attention.

**Patient:** I will.

**Doctor:** We discussed additional resources for alcohol cessation and mental health support. Do you feel you understand and agree with the plan?

**Patient:** Yes, I understand and agree. I’m motivated to improve my health.

**Doctor:** Excellent. You’re making a brave step here. We’ll be here to support you through it. Take care, and we’ll see you in 5 days.

**Patient:** Thank you, Doctor."|"[doctor]: Hi there, it's good to see you today. How are you feeling?

[patient]: Hi, Doctor. I'm feeling a bit exhausted, to be honest. It's been a rough few days.

[doctor]: I can imagine. I see you're here for a follow-up on your alcohol dependence and withdrawal delirium. Can you tell me more about what’s been happening?

[patient]: Sure. I stopped drinking alcohol 5 days ago. I've been drinking about 4-6 drinks daily for the past 3 years. Since I stopped, I've had some pretty rough withdrawal symptoms.

[doctor]: I’m sorry to hear that. What kind of symptoms have you been experiencing?

[patient]: Well, there have been seizures, some mild confusion, severe insomnia, and a really poor appetite.

[doctor]: That sounds very challenging. How often have these symptoms been occurring?

[patient]: They’ve been intermittent but seem to be happening more frequently now.

[doctor]: Have you been able to rest at all?

[patient]: Not really. I feel exhausted all the time and need to rest frequently just to get through daily tasks.

[doctor]: That sounds tough. Have you noticed any tremors or shaking in your hands?

[patient]: Yes, there’s a slight tremor in my hands.

[doctor]: Okay, let’s go through a quick review of your systems. Any other new symptoms or changes you've noticed?

[patient]: Not really, just what I mentioned.

[doctor]: Alright, let’s start with a general exam. You seem calm but slightly pale. How’s your appetite been?

[patient]: It's been poor. I’ve been skipping meals and just eating sugary snacks when I do eat.

[doctor]: That’s not uncommon during withdrawal. Have you had any issues with confusion?

[patient]: Mild confusion, yes.

[doctor]: And how has your sleep been?

[patient]: Terrible. Severe insomnia, even though I’m exhausted.

[doctor]: I understand. I see in your records that you have a history of Hepatitis C and GERD. How have those been?

[patient]: They’ve been stable, no new issues there.

[doctor]: Good to hear. I’ll go ahead and do a neurological exam now. You do have a slight hand tremor, but you’re alert and oriented to person, place, and time. That’s a good sign.

[patient]: Okay.

[doctor]: We’ve ordered some blood tests including a Comprehensive Metabolic Panel, Liver Function Tests, and a Viral Hepatitis Panel to check on your Hepatitis C. The results are still pending.

[patient]: Understood.

[doctor]: Based on what I’m seeing, we’ll continue to manage your withdrawal symptoms with lorazepam. You’ll take 1 mg orally every 4 hours for the next 72 hours, and then we’ll taper the dose.

[patient]: Alright.

[doctor]: Also, I’m prescribing a Vitamin B complex, 1 tablet daily for 7 days, and continue taking Omeprazole 20 mg daily for your GERD.

[patient]: Got it.

[doctor]: I’m referring you to a nutritionist, Dr. Sarah Lee, to help you with your diet. It’s important to improve your nutrition during recovery.

[patient]: That sounds helpful.

[doctor]: In terms of lifestyle, I want you to take daily walks outside to improve your physical health and mental well-being.

[patient]: I can do that.

[doctor]: We also need to focus on balanced meals and reducing sugary snacks. Enrolling in yoga classes could help with relaxation and stress management.

[patient]: I’ll try that.

[doctor]: We’ll follow up in 5 days to adjust your medication and evaluate your progress. If your seizures worsen or you develop new symptoms, seek immediate medical attention.

[patient]: I will.

[doctor]: We discussed additional resources for alcohol cessation and mental health support. Do you feel you understand and agree with the plan?

[patient]: Yes, I understand and agree. I’m motivated to improve my health.

[doctor]: Excellent. You’re making a brave step here. We’ll be here to support you through it. Take care, and we’ll see you in 5 days.

[patient]: Thank you, Doctor."
ALCOHOL DEPENDENCE WITH WITHDRAWAL DELIRIUM|"ROLE: Family Medicine Physician

1) Medical Outcome: 
   - Diagnosis: Alcohol Dependence with Withdrawal Delirium
   - Prescribed Treatment: Chlordiazepoxide 25 mg orally every 6 hours for 48 hours, then taper down over 5 days.
   - Follow-up Recommendations: Follow-up in 3 days to assess symptom management.
   - Referral to Specialists: Referral to a mental health specialist, Dr. Emily Lawson, for long-term addiction therapy.
   - Referral for further tests: Complete Blood Count (CBC), Comprehensive Metabolic Panel (CMP), Brain MRI

2) Medical History:
   - Previous Diagnoses: Chronic back pain, Hyperlipidemia
   - Family Medical History: Brother with history of bipolar disorder, mother with hypertension
   - Medication History: Prescribed Atorvastatin 20mg daily
   - Allergies: None
   - Chronic Conditions: Chronic alcohol use disorder, hyperlipidemia

3) Symptom Description:
   - Severity: Severe
   - Duration: Symptoms started 2 days ago
   - Associated Symptoms: Severe headache, dizziness, visual hallucinations, tremors, high fever
   - Frequency: Continuous since onset
   - Impact on Daily Activities: Unable to take care of personal hygiene, bed confinement

4) Patient’s self-reported habits and lifestyle:
   - Sleep: Very poor, reports almost no sleep for the past few days
   - Diet: Irregular eating habits, mostly unhealthy fast food
   - Exercise: None, sedentary lifestyle
   - Tobacco Use: Smokes half a pack of cigarettes per day
   - Alcohol Consumption: Drinks a bottle of wine every evening for the last 5 years
   - Drug Use: Denies any illicit drug use
   - Recreational Activities: None reported

5) Demographic Information:
   - Age: 47
   - Gender: Female
   - Ethnicity: Asian
   - Socio-economic Status: Middle-class, single, lives alone
   - Education Level: Bachelor’s degree
   - Health Literacy: High, well-educated about her conditions
   - Job Status: Works as an IT consultant

6) Patient's Behavior: 
   - Initially resistant, but later cooperative after understanding the seriousness of the condition

7) Geographical Location:
   - Big City vs Small City: Lives in a small, rural town
   - Rural vs Urban: Rural
   - Pollution and Environmental Health Risks: Low levels of pollution
   - Neighborhood Type: Agricultural community, limited access to specialty healthcare services

8) Clinical Setting:
   - Urgent Care Center visit due to inability to self-manage withdrawal symptoms

9) Type of Encounter:
   - Routine Check-up evolving into emergency management for severe withdrawal symptoms

10) Treatment Disparities:
   - Patient expresses concern about accessing specialist care due to geographical location and limited availability

11) Native or Non-Native English Speaking Patient:
   - Non-Native English Speaking Patient, fluent in Mandarin, good command of English but prefers Mandarin

12) Physical exams: 
   - Neurological: Severe tremors, light-headedness, visual hallucinations, slightly confused but oriented
   - Cardiac: BP 165/90, HR 100 bpm, regular rhythm
   - General Appearance: Flushed, profusely sweating, signs of dehydration

13) Investigation/Test results:
   - Awaiting results: Complete Blood Count (CBC), Comprehensive Metabolic Panel (CMP), Brain MRI"|"#####

**1. Subjective:**

**CHIEF COMPLAINT:**  
Severe headache, dizziness, visual hallucinations, tremors, high fever.

**HISTORY OF PRESENT ILLNESS:**  
The patient is a 47-year-old Asian female with a history of chronic alcohol use disorder and hyperlipidemia presenting with severe symptoms of alcohol withdrawal. The symptoms began 2 days ago and include a severe headache, dizziness, visual hallucinations, tremors, and a high fever. Due to the severity, she has been unable to take care of personal hygiene and has been bed-confined.

**REVIEW OF SYSTEMS:**  
- Ears, Nose, Mouth, and Throat: No nasal congestion, sore throat.
- Cardiovascular: Denies chest pain or palpitations.
- Respiratory: Denies shortness of breath, cough.
- Gastrointestinal: No reports of nausea, vomiting, or abdominal pain.
- Neurological: Reports severe headache, dizziness, visual hallucinations, tremors.
- Musculoskeletal: No joint pain or muscle weakness.
- Psychiatric: Reports hallucinations, appears slightly confused but oriented.

**2. Objective:**

**PHYSICAL EXAMINATION:**  
- General Appearance: Flushed, profusely sweating, showing signs of dehydration.
- Neurological: Severe tremors, light-headedness, visual hallucinations, slightly confused but oriented.
- Cardiac: Blood Pressure 165/90 mmHg, Heart Rate 100 bpm, regular rhythm.
- Respiratory: Lungs clear to auscultation bilaterally, no wheezes, rales, or rhonchi.
- Skin: No rashes or lesions noted.

**VITAL SIGNS:**  
- Blood Pressure: 165/90 mmHg.
- Heart Rate: 100 bpm.
- Temperature: Elevated, indicative of fever.
- Respiratory Rate: 20 breaths per minute.
- Oxygen Saturation: 98% on room air.

**RESULTS:**  
Awaiting results for Complete Blood Count (CBC), Comprehensive Metabolic Panel (CMP), and Brain MRI.

**3. Assessment:**
- **Alcohol Dependence with Withdrawal Delirium:** Severe withdrawal symptoms including headache, dizziness, visual hallucinations, tremors, and fever consistent with withdrawal delirium.
- **Chronic Alcohol Use Disorder:** Patient reports a history of drinking a bottle of wine every evening for the last five years.
- **Hyperlipidemia:** Patient has a known history and is on Atorvastatin 20 mg daily.
- **Chronic Back Pain:** Previous diagnosis, currently not the focus of today's visit.

**4. Plan:**
- **Medical Treatment:** 
  - Chlordiazepoxide 25 mg orally every 6 hours for 48 hours, then taper down over 5 days.
- **Follow-up Recommendations:** 
  - Follow-up in 3 days to assess symptom management.
- **Specialist Referral:** 
  - Referral to Dr. Emily Lawson, a mental health specialist, for long-term addiction therapy.
- **Further Tests:** 
  - Complete Blood Count (CBC), Comprehensive Metabolic Panel (CMP), Brain MRI.
- **Patient Education and Counseling:** 
  - Discussed the importance of abstinence from alcohol and adherence to the prescribed medication regimen.
  - Advised on dietary modifications to manage hyperlipidemia and the significance of maintaining hydration.
- **Support Services:** 
  - Addressed the patient's concern regarding access to specialist care due to geographical location by coordinating with the referral service to facilitate telehealth consultations if necessary.
  
**Patient Agreements:** The patient understands and agrees with the recommended medical treatment plan and the importance of follow-up.

#####

*Note: The patient was initially resistant but became cooperative after understanding the seriousness of her condition. Given her fluency in Mandarin, additional educational materials in Mandarin were provided to ensure comprehension.*"|"#####

**1. Subjective:**

**CHIEF COMPLAINT:**  
Severe headache, dizziness, visual hallucinations, tremors, high fever.

**HISTORY OF PRESENT ILLNESS:**  
The patient, Ms. Li Wei, is a 47-year-old Asian female with a history of chronic alcohol use disorder and hyperlipidemia presenting with severe symptoms of alcohol withdrawal. The symptoms began 2 days ago and include a severe headache, dizziness, visual hallucinations, tremors, and a high fever. Due to the severity, she has been unable to take care of personal hygiene and has been bed-confined.

**REVIEW OF SYSTEMS:**  
- Ears, Nose, Mouth, and Throat: No nasal congestion, sore throat.
- Cardiovascular: Denies chest pain or palpitations.
- Respiratory: Denies shortness of breath, cough.
- Gastrointestinal: No reports of nausea, vomiting, or abdominal pain.
- Neurological: Reports severe headache, dizziness, visual hallucinations, tremors.
- Musculoskeletal: No joint pain or muscle weakness.
- Psychiatric: Reports hallucinations, appears slightly confused but oriented.

**2. Objective:**

**PHYSICAL EXAMINATION:**  
- General Appearance: Flushed, profusely sweating, showing signs of dehydration.
- Neurological: Severe tremors, light-headedness, visual hallucinations, slightly confused but oriented.
- Cardiac: Blood Pressure 165/90 mmHg, Heart Rate 100 bpm, regular rhythm.
- Respiratory: Lungs clear to auscultation bilaterally, no wheezes, rales, or rhonchi.
- Skin: No rashes or lesions noted.

**VITAL SIGNS:**  
- Blood Pressure: 165/90 mmHg.
- Heart Rate: 100 bpm.
- Temperature: Elevated, indicative of fever.
- Respiratory Rate: 20 breaths per minute.
- Oxygen Saturation: 98% on room air.

**3. Assessment:**
- **Alcohol Dependence with Withdrawal Delirium:** Severe withdrawal symptoms including headache, dizziness, visual hallucinations, tremors, and fever consistent with withdrawal delirium.
- **Chronic Alcohol Use Disorder:** Patient reports a history of drinking a bottle of wine every evening for the last five years.
- **Hyperlipidemia:** Patient has a known history and is on Atorvastatin 20 mg daily.
- **Chronic Back Pain:** Previous diagnosis, currently not the focus of today's visit.

**4. Plan:**
- **Medical Treatment:** 
  - Chlordiazepoxide 25 mg orally every 6 hours for 48 hours, then taper down over 5 days.
- **Follow-up Recommendations:** 
  - Follow-up in 3 days to assess symptom management.
- **Specialist Referral:** 
  - Referral to Dr. Emily Lawson, a mental health specialist, for long-term addiction therapy.
- **Further Tests:** 
  - Complete Blood Count (CBC), Comprehensive Metabolic Panel (CMP), Brain MRI.
- **Patient Education and Counseling:** 
  - Discussed the importance of abstinence from alcohol and adherence to the prescribed medication regimen.
  - Advised on dietary modifications to manage hyperlipidemia and the significance of maintaining hydration.
- **Support Services:** 
  - Addressed the patient's concern regarding access to specialist care due to geographical location by coordinating with the referral service to facilitate telehealth consultations if necessary.
  
**Patient Agreements:** The patient understands and agrees with the recommended medical treatment plan and the importance of follow-up.

#####

"|"#####

**1. Subjective:**

**CC:**  
Severe HA, dizziness, visual hallucinations, tremors, high fever.

**HPI:**  
The patient, Ms. Li Wei, is a 47-year-old Asian F with a hx of chronic AUD and HLD presenting with severe sx of EtOH withdrawal. The sx began 2 days ago and include a severe HA, dizziness, visual hallucinations, tremors, and a high fever. Due to the severity, she has been unable to take care of personal hygiene and has been bed-confined.

**ROS:**  
- ENT: No nasal congestion, sore throat.
- CV: Denies CP or palpitations.
- Resp: Denies SOB, cough.
- GI: No reports of N/V or abdominal pain.
- Neuro: Reports severe HA, dizziness, visual hallucinations, tremors.
- MSK: No joint pain or muscle weakness.
- Psych: Reports hallucinations, appears slightly confused but oriented.

**2. Objective:**

**PE:**  
- General: Flushed, profusely sweating, showing signs of dehydration.
- Neuro: Severe tremors, light-headedness, visual hallucinations, slightly confused but oriented.
- Cardiac: BP 165/90 mmHg, HR 100 bpm, regular rhythm.
- Resp: Lungs clear to auscultation bilaterally, no wheezes, rales, or rhonchi.
- Skin: No rashes or lesions noted.

**VS:**  
- BP: 165/90 mmHg.
- HR: 100 bpm.
- Temp: Elevated, indicative of fever.
- RR: 20 breaths per minute.
- O2 Sat: 98% on RA.

**3. Assessment:**
- **EtOH Dependence with Withdrawal Delirium:** Severe withdrawal sx including HA, dizziness, visual hallucinations, tremors, and fever consistent with withdrawal delirium.
- **Chronic AUD:** Patient reports a hx of drinking a bottle of wine every evening for the last five years.
- **HLD:** Patient has a known hx and is on Atorvastatin 20 mg daily.
- **Chronic Back Pain:** Previous dx, currently not the focus of today's visit.

**4. Plan:**
- **Medical Tx:** 
  - Chlordiazepoxide 25 mg PO q6h for 48 hours, then taper down over 5 days.
- **F/U Recommendations:** 
  - F/U in 3 days to assess sx mgmt.
- **Specialist Referral:** 
  - Referral to Dr. Emily Lawson, a mental health specialist, for long-term addiction therapy.
- **Further Tests:** 
  - CBC, CMP, Brain MRI.
- **Patient Education and Counseling:** 
  - Discussed the importance of abstinence from EtOH and adherence to the prescribed med regimen.
  - Advised on dietary modifications to manage HLD and the significance of maintaining hydration.
- **Support Services:** 
  - Addressed the patient's concern regarding access to specialist care due to geographical location by coordinating with the referral service to facilitate telehealth consultations if necessary.
  
**Patient Agreements:** The patient understands and agrees with the recommended medical tx plan and the importance of F/U.

#####
"|Family Medicine Physician|"**Doctor:** Good afternoon. How are you feeling today?

**Patient:** I'm not feeling well at all. I've been having a severe headache and dizziness for the past two days. 

**Doctor:** I'm sorry to hear that. Can you tell me more about your symptoms?

**Patient:** Yes, besides the headache and dizziness, I've been seeing things that aren't there, and my hands won't stop shaking.

**Doctor:** I see. Have you had a fever or any other symptoms?

**Patient:** Yes, I've had a high fever too. I feel like I'm burning up.

**Doctor:** Alright. Have you been able to take care of yourself, like eating and bathing?

**Patient:** No, I haven't. I've been mostly stuck in bed because I feel so weak and dizzy.

**Doctor:** I understand. Do you mind if I ask about your alcohol consumption?

**Patient:** I drink a bottle of wine every evening, and I've been doing that for the last five years.

**Doctor:** Okay, thank you for that information. Let's go over some other areas. Have you had any nasal congestion or a sore throat recently?

**Patient:** No, I haven't.

**Doctor:** Any chest pain or palpitations?

**Patient:** No, none of that.

**Doctor:** How about shortness of breath or cough?

**Patient:** No, my breathing has been fine.

**Doctor:** Have you experienced any nausea, vomiting, or abdominal pain?

**Patient:** No, I haven't had any stomach issues.

**Doctor:** And regarding your neurological symptoms, you mentioned severe headache, dizziness, visual hallucinations, and tremors. Is that correct?

**Patient:** Yes, that's correct.

**Doctor:** Okay, how about joint pain or muscle weakness?

**Patient:** No, my muscles and joints feel okay.

**Doctor:** You mentioned hallucinations earlier. Are they visual, auditory, or both?

**Patient:** They are visual. I see things that aren't there, which is really frightening.

**Doctor:** Alright. I'm going to perform a physical exam now. Let me know if anything I do causes you discomfort.

**Patient:** Okay.

**Doctor:** Your general appearance shows you're flushed and sweating a lot. You seem dehydrated. Let's check your vital signs: Blood Pressure is 165/90 mmHg, Heart Rate is 100 bpm, Respiratory Rate is 20 breaths per minute, and your Oxygen Saturation is 98% on room air. Your Temperature is elevated, indicating a fever.

**Patient:** That sounds about right. I feel really hot.

**Doctor:** Let's listen to your lungs. (Doctor listens to the patient's lungs) Your lungs are clear to auscultation bilaterally, with no wheezes, rales, or rhonchi. Now, let me check your heart. (Doctor listens to the heart) Your heart rate is regular.

**Patient:** Okay.

**Doctor:** Let’s also check your skin. There are no rashes or lesions noted. And your neurological exam shows severe tremors, light-headedness, and visual hallucinations. You appear slightly confused but are oriented.

**Patient:** Yes, that all matches how I feel.

**Doctor:** We need to wait for the results of your Complete Blood Count (CBC), Comprehensive Metabolic Panel (CMP), and Brain MRI. But based on your symptoms, it seems like you're experiencing severe alcohol withdrawal, possibly leading to withdrawal delirium.

**Patient:** Oh no, that sounds serious.

**Doctor:** It is, but we're here to help. We need to address this immediately. I'm going to prescribe Chlordiazepoxide 25 mg orally every 6 hours for 48 hours, then taper it down over 5 days to help manage your withdrawal symptoms.

**Patient:** Alright, I understand.

**Doctor:** I also recommend a follow-up visit in 3 days to see how you're doing. I'll refer you to Dr. Emily Lawson, a mental health specialist, for long-term addiction therapy.

**Patient:** Okay, I will see her.

**Doctor:** We're also running further tests, including a Complete Blood Count, Comprehensive Metabolic Panel, and a Brain MRI, to rule out any other issues.

**Patient:** That makes sense.

**Doctor:** It's crucial to stay away from alcohol and stick to the medication regimen. We'll also discuss dietary changes to help manage your hyperlipidemia. You need to stay hydrated as well.

**Patient:** I'll try my best.

**Doctor:** Regarding your concern about specialist access due to your location, we'll coordinate telehealth consultations to make it easier for you.

**Patient:** Thank you, that helps a lot.

**Doctor:** Do you have any questions or concerns?

**Patient:** No, I think that's everything.

**Doctor:** Great. Before you go, I'll provide some educational materials in Mandarin to ensure you fully understand everything.

**Patient:** Thank you, that would be very helpful.

**Doctor:** You're welcome. I'll see you in 3 days. Take care and follow the plan we've discussed.

**Patient:** I will. Thank you, doctor.

**Doctor:** You're welcome. Take care."|"[doctor]: Good afternoon. How are you feeling today?

[patient]: I'm not feeling well at all. I've been having a severe headache and dizziness for the past two days.

[doctor]: Hmm, I'm sorry to hear that. Can you tell me more about your symptoms?

[patient]: Yeah, besides the headache and dizziness, I've been seeing things that aren't there, and my hands won't stop shaking.

[doctor]: I see. Have you had a fever or any other symptoms?

[patient]: Yes, I've had a high fever too. I feel like I'm burning up.

[doctor]: Alright. Have you been able to take care of yourself, like eating and bathing?

[patient]: No, I haven't. I've been mostly stuck in bed because I feel so weak and dizzy.

[doctor]: I understand. Do you mind if I ask about your alcohol consumption?

[patient]: I drink a bottle of wine every evening, and I've been doing that for the last five years.

[doctor]: Okay, thank you for that information. Let's go over some other areas. Have you had any nasal congestion or a sore throat recently?

[patient]: No, I haven't.

[doctor]: Any chest pain or palpitations?

[patient]: No, none of that.

[doctor]: How about shortness of breath or cough?

[patient]: No, my breathing has been fine.

[doctor]: Have you experienced any nausea, vomiting, or abdominal pain?

[patient]: No, I haven't had any stomach issues.

[doctor]: And regarding your neurological symptoms, you mentioned severe headache, dizziness, visual hallucinations, and tremors. Is that correct?

[patient]: Yes, that's correct.

[doctor]: Okay, how about joint pain or muscle weakness?

[patient]: No, my muscles and joints feel okay.

[doctor]: You mentioned hallucinations earlier. Are they visual, auditory, or both?

[patient]: They are visual. I see things that aren't there, which is really frightening.

[doctor]: Alright. I'm going to perform a physical exam now. Let me know if anything I do causes you discomfort.

[patient]: Okay.

[doctor]: Your general appearance shows you're flushed and sweating a lot. You seem dehydrated. Let's check your vital signs: Blood Pressure is 165/90 mmHg, Heart Rate is 100 bpm, Respiratory Rate is 20 breaths per minute, and your Oxygen Saturation is 98% on room air. Your Temperature is elevated, indicating a fever.

[patient]: That sounds about right. I feel really hot.

[doctor]: Let's listen to your lungs. (Doctor listens to the patient's lungs) Your lungs are clear to auscultation bilaterally, with no wheezes, rales, or rhonchi. Now, let me check your heart. (Doctor listens to the heart) Your heart rate is regular.

[patient]: Okay.

[doctor]: Let’s also check your skin. There are no rashes or lesions noted. And your neurological exam shows severe tremors, light-headedness, and visual hallucinations. You appear slightly confused but are oriented.

[patient]: Yes, that all matches how I feel.

[doctor]: We need to wait for the results of your Complete Blood Count (CBC), Comprehensive Metabolic Panel (CMP), and Brain MRI. But based on your symptoms, it seems like you're experiencing severe alcohol withdrawal, possibly leading to withdrawal delirium.

[patient]: Oh no, that sounds serious.

[doctor]: It is, but we're here to help. We need to address this immediately. I'm going to prescribe Chlordiazepoxide 25 mg orally every 6 hours for 48 hours, then taper it down over 5 days to help manage your withdrawal symptoms.

[patient]: Alright, I understand.

[doctor]: I also recommend a follow-up visit in 3 days to see how you're doing. I'll refer you to Dr. Emily Lawson, a mental health specialist, for long-term addiction therapy.

[patient]: Okay, I will see her.

[doctor]: We're also running further tests, including a Complete Blood Count, Comprehensive Metabolic Panel, and a Brain MRI, to rule out any other issues.

[patient]: That makes sense.

[doctor]: It's crucial to stay away from alcohol and stick to the medication regimen. We'll also discuss dietary changes to help manage your hyperlipidemia. You need to stay hydrated as well.

[patient]: I'll try my best.

[doctor]: Regarding your concern about specialist access due to your location, we'll coordinate telehealth consultations to make it easier for you.

[patient]: Thank you, that helps a lot.

[doctor]: Do you have any questions or concerns?

[patient]: No, I think that's everything.

[doctor]: Great. Before you go, I'll provide some educational materials in Mandarin to ensure you fully understand everything.

[patient]: Thank you, that would be very helpful.

[doctor]: You're welcome. I'll see you in 3 days. Take care and follow the plan we've discussed.

[patient]: I will. Thank you, doctor.

[doctor]: You're welcome. Take care."
ALCOHOL DEPENDENCE WITH WITHDRAWAL DELIRIUM|"ROLE: Gastroenterologist

**Variables:**
1. Medical Outcome:
   - Diagnosis: Nonalcoholic Steatohepatitis (NASH)
   - Prescribed Treatment: Pioglitazone 30 mg, oral, once daily
   - Follow-up Recommendations: Follow-up in 3 months for liver function tests, referral to dietitian Dr. Claire Dixon for dietary management.
   - Laboratory Tests: Liver function panel (biochemistry), lipid profile, fasting blood glucose
   - Lifestyle Change: Strong recommendation for a balanced diet and regular exercise, guidance on weight loss strategies, abstain from alcohol.

2. Medical History:
   - Previous Diagnoses: Type 2 diabetes, hypertension
   - Medication History: Metformin 1000 mg twice daily, Lisinopril 20 mg daily
   - Allergies: Penicillin
   - Chronic Conditions: Diabetes, hypertension

3. Symptom Description:
   - Severity: Moderate
   - Duration: Last 6 months
   - Associated Symptoms: Fatigue, right upper quadrant abdominal discomfort
   - Frequency: Persistent
   - Impact on Daily Activities: Difficulty performing physical activities, decreased energy levels

4. Patient’s self-reported habits and lifestyle:
   - Sleep: Poor, often interrupted by the need to urinate
   - Diet: High in processed foods and sugary beverages
   - Exercise: Minimal, mostly sedentary lifestyle
   - Tobacco Use: Denies tobacco use
   - Alcohol Consumption: Occasionally consumes alcohol, once or twice a month
   - Drug Use: Denies any illicit drug use
   - Recreational Activities: Enjoys watching TV and reading, minimal physical activity

5. Demographic Information:
   - Age: 52
   - Gender: Female
   - Ethnicity: Hispanic
   - Socio-economic Status: Middle class
   - Education Level: High school graduate
   - Health Literacy: Moderate
   - Job Status: Office worker

6. Patient's Behavior:
   - Level of Cooperation: Highly cooperative and motivated to improve health

7. Geographical Location:
   - Big City vs Small City: Big City
   - Rural vs Urban: Urban
   - Pollution and Environmental Health Risks: Low pollution
   - Neighborhood Type: Affluent, access to healthcare services

8. Clinical Setting:
   - Clinics: Specialty Clinic

9. Type of Encounter:
   - Initial Consultation

10. Treatment Disparities:
   - N/A

11. Native or Non-Native English Speaking Patient:
   - Native English Speaking

12. Physical Exams:
   - General appearance: Well-nourished, overweight
   - Abdominal: Mild tenderness in the right upper quadrant, no hepatosplenomegaly
   - Cardiovascular: Blood pressure 140/90 mmHg, no murmurs
   - Respiratory: Breath sounds clear bilaterally
   - Skin: No jaundice, no rashes or lesions 

13. Investigation/Test results:
   - Awaiting results from liver function panel, lipid profile, and fasting blood glucose testing"|"### Medical Note

#### 1. Subjective

**Chief Complaint (CC):**
The patient, a 52-year-old Hispanic female, presents with moderate fatigue and right upper quadrant abdominal discomfort persisting over the last 6 months.

**History of Present Illness (HPI):**
- Onset: Symptoms started approximately 6 months ago.
- Duration: Persistent.
- Severity: Moderate.
- Impact: Difficulty performing physical activities, decreased energy levels.
- Associated Symptoms: Fatigue, right upper quadrant abdominal discomfort.
  
The patient reports poor sleep often interrupted by the urge to urinate. Her diet is high in processed foods and sugary beverages, and she leads a mostly sedentary lifestyle. She drinks alcohol occasionally, once or twice a month, and denies tobacco and illicit drug use. She enjoys watching TV and reading, engaging in minimal physical activity. The patient is highly cooperative and motivated to improve her health.

**Review of Systems (ROS):**
- Constitutional: Fatigue, decreased energy levels.
- Gastrointestinal: Right upper quadrant discomfort, no nausea or vomiting.
- Cardiovascular: No palpitations or chest pain.
- Respiratory: No shortness of breath or cough.
- Genitourinary: Frequent urination at night.
- Musculoskeletal: No muscle pain or joint pain.
- Skin: No jaundice, no rashes.
- Neurological: No headaches or dizziness.

#### 2. Objective

**Vital Signs:**
- Blood pressure: 140/90 mmHg
- Heart rate: 78 beats per minute
- Respiratory rate: 16 breaths per minute
- Temperature: 98.6°F
- BMI: 32 kg/m²

**Physical Examination:**
- General appearance: Well-nourished, overweight.
- Abdominal: Mild tenderness in the right upper quadrant, no hepatosplenomegaly.
- Cardiovascular: No murmurs, regular rate and rhythm.
- Respiratory: Breath sounds clear bilaterally.
- Skin: No jaundice, no rashes or lesions.

**Laboratory Tests:**
Awaiting results from liver function panel, lipid profile, and fasting blood glucose testing.

#### 3. Assessment

**Diagnosis:**
Nonalcoholic Steatohepatitis (NASH)

- **Medical Reasoning:** The combination of the patient's symptoms, physical examination findings, and background history of type 2 diabetes and hypertension strongly suggests NASH. The patient's sedentary lifestyle and poor dietary habits further support this diagnosis.

#### 4. Plan

- **Medication:**
  - Pioglitazone 30 mg, oral, once daily

- **Lifestyle Change:**
  - Strong recommendation for a balanced diet and regular exercise.
  - Guidance on weight loss strategies.
  - Advise abstaining from alcohol.

- **Follow-up Recommendations:**
  - Follow-up appointment in 3 months for liver function tests.
  - Referral to dietitian Dr. Claire Dixon for dietary management.

- **Patient Education and Counseling:**
  - Discussed the nature of NASH and the importance of lifestyle modifications for management.
  - Provided guidance on dietary changes and emphasized the need for regular physical activity.
  - Patient was informed about the necessity to monitor blood glucose and blood pressure regularly.

- **Lab Tests Ordered:**
  - Liver function panel (biochemistry)
  - Lipid profile
  - Fasting blood glucose

**Patient Agreements:**
The patient understands and agrees with the recommended medical treatment plan and is motivated to make necessary lifestyle adjustments.
"|"### Medical Note

#### 1. Subjective

**Chief Complaint (CC):**
The patient, a 52-year-old Hispanic female, presents with moderate fatigue and right upper quadrant abdominal discomfort persisting over the last 6 months.

**History of Present Illness (HPI):**
- Onset: Symptoms started approximately 6 months ago.
- Duration: Persistent.
- Severity: Moderate.
- Impact: Difficulty performing physical activities, decreased energy levels.
- Associated Symptoms: Fatigue, right upper quadrant abdominal discomfort.
  
The patient reports poor sleep often interrupted by the urge to urinate. Her diet is high in processed foods and sugary beverages, and she leads a mostly sedentary lifestyle. She drinks alcohol occasionally, once or twice a month, and denies tobacco and illicit drug use. She enjoys watching TV and reading, engaging in minimal physical activity. The patient is highly cooperative and motivated to improve her health.

**Review of Systems (ROS):**
- Constitutional: Fatigue, decreased energy levels.
- Gastrointestinal: Right upper quadrant discomfort, no nausea or vomiting.
- Cardiovascular: No palpitations or chest pain.
- Respiratory: No shortness of breath or cough.
- Genitourinary: Frequent urination at night.
- Musculoskeletal: No muscle pain or joint pain.
- Skin: No jaundice, no rashes.
- Neurological: No headaches or dizziness.

#### 2. Objective

**Vital Signs:**
- Blood pressure: 140/90 mmHg
- Heart rate: 78 beats per minute
- Respiratory rate: 16 breaths per minute
- Temperature: 98.6°F
- BMI: 32 kg/m²

**Physical Examination:**
- General appearance: Well-nourished, overweight.
- Abdominal: Mild tenderness in the right upper quadrant, no hepatosplenomegaly.
- Cardiovascular: No murmurs, regular rate and rhythm.
- Respiratory: Breath sounds clear bilaterally.
- Skin: No jaundice, no rashes or lesions.

**Laboratory Tests:**
Awaiting results from liver function panel, lipid profile, and fasting blood glucose testing.

#### 3. Assessment

**Diagnosis:**
Nonalcoholic Steatohepatitis (NASH)

- **Medical Reasoning:** The combination of the patient's symptoms, physical examination findings, and background history of type 2 diabetes and hypertension strongly suggests NASH. The patient's sedentary lifestyle and poor dietary habits further support this diagnosis.

#### 4. Plan

- **Medication:**
  - Pioglitazone 30 mg, oral, once daily

- **Lifestyle Change:**
  - Strong recommendation for a balanced diet and regular exercise.
  - Guidance on weight loss strategies.
  - Advise abstaining from alcohol.

- **Follow-up Recommendations:**
  - Follow-up appointment in 3 months for liver function tests.
  - Referral to dietitian Dr. Claire Dixon for dietary management.

- **Patient Education and Counseling:**
  - Discussed the nature of NASH and the importance of lifestyle modifications for management.
  - Provided guidance on dietary changes and emphasized the need for regular physical activity.
  - Patient was informed about the necessity to monitor blood glucose and blood pressure regularly.

- **Lab Tests Ordered:**
  - Liver function panel (biochemistry)
  - Lipid profile
  - Fasting blood glucose

**Patient Agreements:**
The patient understands and agrees with the recommended medical treatment plan and is motivated to make necessary lifestyle adjustments."|"### Medical Note

#### 1. Subjective

**CC:**
The pt, a 52 y/o Hispanic F, presents with moderate fatigue and RUQ abdominal discomfort persisting over the last 6 mos.

**HPI:**
- Onset: Sx started approx 6 mos ago.
- Duration: Persistent.
- Severity: Moderate.
- Impact: Difficulty performing physical activities, decreased energy levels.
- Associated Sx: Fatigue, RUQ abdominal discomfort.
  
The pt reports poor sleep often interrupted by nocturia. Her diet is high in processed foods and sugary beverages, and she leads a mostly sedentary lifestyle. She drinks ETOH occasionally, once or twice a month, and denies tobacco and illicit drug use. She enjoys watching TV and reading, engaging in minimal physical activity. The pt is highly cooperative and motivated to improve her health.

**ROS:**
- Constitutional: Fatigue, decreased energy levels.
- GI: RUQ discomfort, no N/V.
- CV: No palpitations or CP.
- Resp: No SOB or cough.
- GU: Nocturia.
- MSK: No myalgia or arthralgia.
- Skin: No jaundice, no rashes.
- Neuro: No HA or dizziness.

#### 2. Objective

**VS:**
- BP: 140/90 mmHg
- HR: 78 bpm
- RR: 16 bpm
- Temp: 98.6°F
- BMI: 32 kg/m²

**PE:**
- General: Well-nourished, overweight.
- Abd: Mild tenderness in the RUQ, no HSM.
- CV: No murmurs, RRR.
- Resp: Breath sounds clear bilaterally.
- Skin: No jaundice, no rashes or lesions.

**Labs:**
Awaiting results from LFTs, lipid profile, and FBG testing.

#### 3. Assessment

**Dx:**
NASH

- **Medical Reasoning:** The combination of the pt's Sx, PE findings, and background Hx of T2DM and HTN strongly suggests NASH. The pt's sedentary lifestyle and poor dietary habits further support this Dx.

#### 4. Plan

- **Rx:**
  - Pioglitazone 30 mg PO QD

- **Lifestyle Change:**
  - Strong recommendation for a balanced diet and regular exercise.
  - Guidance on weight loss strategies.
  - Advise abstaining from ETOH.

- **F/U Recommendations:**
  - F/U appointment in 3 mos for LFTs.
  - Referral to RD Dr. Claire Dixon for dietary mgmt.

- **Pt Education and Counseling:**
  - Discussed the nature of NASH and the importance of lifestyle modifications for mgmt.
  - Provided guidance on dietary changes and emphasized the need for regular physical activity.
  - Pt was informed about the necessity to monitor BG and BP regularly.

- **Labs Ordered:**
  - LFTs
  - Lipid profile
  - FBG

**Pt Agreements:**
The pt understands and agrees with the recommended medical Tx plan and is motivated to make necessary lifestyle adjustments."|Gastroenterologist|"**Doctor:** Good morning! How are you feeling today?

**Patient:** Hi, Doctor. I've been feeling quite tired and having some discomfort in my right upper abdomen for a while now.

**Doctor:** I see. Can you tell me how long you've been experiencing these symptoms?

**Patient:** It's been about six months now. It’s persistent and quite bothersome.

**Doctor:** Hmm, that sounds uncomfortable. On a scale of 1 to 10, how would you rate the severity of your discomfort?

**Patient:** I'd say it's moderate, around a 5 or 6.

**Doctor:** Okay. Has it affected your daily activities in any way?

**Patient:** Yes, it has. I find it hard to do physical activities and my energy levels are really low.

**Doctor:** I understand. Do you have any other symptoms like nausea, vomiting, or changes in your bowel habits?

**Patient:** No, I haven’t had nausea or vomiting.

**Doctor:** How about any chest pain, palpitations, or shortness of breath?

**Patient:** No, none of those.

**Doctor:** Any headaches or dizziness?

**Patient:** No, I don't get those either.

**Doctor:** Okay, let’s talk about your sleep. How's that been?

**Patient:** Not great. I wake up often because I need to go to the bathroom.

**Doctor:** Frequent urination at night, alright. How’s your diet been lately?

**Patient:** Honestly, it's not very healthy. I eat a lot of processed foods and sugary drinks.

**Doctor:** And how about physical activity? Do you exercise regularly?

**Patient:** Not really. I spend most of my time watching TV or reading.

**Doctor:** What about alcohol and tobacco use?

**Patient:** I drink alcohol occasionally, maybe once or twice a month. I don’t smoke or use any drugs.

**Doctor:** Alright, thank you for sharing that. Now, let me take your vital signs. Your blood pressure is 140/90 mmHg, heart rate is 78 beats per minute, respiratory rate is 16 breaths per minute, and your temperature is 98.6°F. Your BMI is 32 kg/m², which indicates that you're overweight.

**Patient:** Okay.

**Doctor:** Let me perform a physical examination now. I’m going to check your abdomen.

**Patient:** Sure.

**Doctor:** There’s mild tenderness in the right upper quadrant, but no enlargement of the liver or spleen. Your cardiovascular exam shows no murmurs, with a regular rate and rhythm. Your lungs sound clear, and there are no skin rashes or jaundice. Everything else looks normal.

**Patient:** That’s good to hear.

**Doctor:** Based on your symptoms and physical exam, I suspect you might have Nonalcoholic Steatohepatitis, commonly known as NASH. It’s a condition often associated with metabolic syndrome, which includes type 2 diabetes and hypertension.

**Patient:** Oh, I see. Is it serious?

**Doctor:** It can be if left untreated, but it’s manageable with lifestyle changes and medication. I’m going to prescribe you Pioglitazone, 30 mg to take orally once daily.

**Patient:** Okay, I can do that.

**Doctor:** I strongly recommend you adopt a balanced diet and start regular exercise. Losing weight will be crucial.

**Patient:** I understand. I really want to improve my health.

**Doctor:** Great! I’ll also refer you to Dr. Claire Dixon, a dietitian, who will help you with dietary management.

**Patient:** That sounds helpful.

**Doctor:** We’ll need to follow up in three months to check your liver function tests. I’m also ordering some lab tests today: a liver function panel, lipid profile, and fasting blood glucose.

**Patient:** Okay, I’m fine with that.

**Doctor:** Wonderful. We’ve discussed the nature of NASH and the importance of lifestyle modifications for its management. Do you have any questions?

**Patient:** No, I think I understand everything.

**Doctor:** Excellent. Remember to monitor your blood glucose and blood pressure regularly. We’ll see you back in three months for follow-up.

**Patient:** Thank you, Doctor. I appreciate it.

**Doctor:** You’re welcome. Take care and see you soon.

**Patient:** Thanks, goodbye."|"[doctor]: Good morning! How are you feeling today?

[patient]: Hi, Doctor. I've been feeling quite tired and having some discomfort in my right upper abdomen for a while now.

[doctor]: Hmm, I see. Can you tell me how long you've been experiencing these symptoms?

[patient]: It's been about six months now. It’s persistent and quite bothersome.

[doctor]: Hmm, that sounds uncomfortable. On a scale of 1 to 10, how would you rate the severity of your discomfort?

[patient]: I'd say it's moderate, around a 5 or 6.

[doctor]: Okay. Has it affected your daily activities in any way?

[patient]: Yes, it has. I find it hard to do physical activities and my energy levels are really low.

[doctor]: I understand. Do you have any other symptoms like nausea, vomiting, or changes in your bowel habits?

[patient]: No, I haven’t had nausea or vomiting.

[doctor]: How about any chest pain, palpitations, or shortness of breath?

[patient]: No, none of those.

[doctor]: Any headaches or dizziness?

[patient]: No, I don't get those either.

[doctor]: Okay, let’s talk about your sleep. How's that been?

[patient]: Not great. I wake up often because I need to go to the bathroom.

[doctor]: Frequent urination at night, alright. How’s your diet been lately?

[patient]: Honestly, it's not very healthy. I eat a lot of processed foods and sugary drinks.

[doctor]: And how about physical activity? Do you exercise regularly?

[patient]: Not really. I spend most of my time watching TV or reading.

[doctor]: What about alcohol and tobacco use?

[patient]: I drink alcohol occasionally, maybe once or twice a month. I don’t smoke or use any drugs.

[doctor]: Alright, thank you for sharing that. Now, let me take your vital signs. Your blood pressure is 140/90 mmHg, heart rate is 78 beats per minute, respiratory rate is 16 breaths per minute, and your temperature is 98.6°F. Your BMI is 32 kg/m², which indicates that you're overweight.

[patient]: Okay.

[doctor]: Let me perform a physical examination now. I’m going to check your abdomen.

[patient]: Sure.

[doctor]: There’s mild tenderness in the right upper quadrant, but no enlargement of the liver or spleen. Your cardiovascular exam shows no murmurs, with a regular rate and rhythm. Your lungs sound clear, and there are no skin rashes or jaundice. Everything else looks normal.

[patient]: That’s good to hear.

[doctor]: Based on your symptoms and physical exam, I suspect you might have Nonalcoholic Steatohepatitis, commonly known as NASH. It’s a condition often associated with metabolic syndrome, which includes type 2 diabetes and hypertension.

[patient]: Oh, I see. Is it serious?

[doctor]: It can be if left untreated, but it’s manageable with lifestyle changes and medication. I’m going to prescribe you Pioglitazone, 30 mg to take orally once daily.

[patient]: Okay, I can do that.

[doctor]: I strongly recommend you adopt a balanced diet and start regular exercise. Losing weight will be crucial.

[patient]: I understand. I really want to improve my health.

[doctor]: Great! I’ll also refer you to Dr. Claire Dixon, a dietitian, who will help you with dietary management.

[patient]: That sounds helpful.

[doctor]: We’ll need to follow up in three months to check your liver function tests. I’m also ordering some lab tests today: a liver function panel, lipid profile, and fasting blood glucose.

[patient]: Okay, I’m fine with that.

[doctor]: Wonderful. We’ve discussed the nature of NASH and the importance of lifestyle modifications for its management. Do you have any questions?

[patient]: No, I think I understand everything.

[doctor]: Excellent. Remember to monitor your blood glucose and blood pressure regularly. We’ll see you back in three months for follow-up.

[patient]: Thank you, Doctor. I appreciate it.

[doctor]: You’re welcome. Take care and see you soon.

[patient]: Thanks, goodbye."
ALCOHOL DEPENDENCE WITH WITHDRAWAL DELIRIUM|"ROLE: Addiction Specialist

DEMOGRAPHIC INFORMATION:
- Age: 45
- Gender: Male
- Ethnicity: Caucasian
- Socio-economic Status: Lower-middle class
- Education Level: High school diploma
- Health Literacy: Moderate
- Job Status: Unemployed

CLINICAL SETTING:
- Type of Encounter: Emergency Visit
- Geographical Location: Urban, impoverished neighborhood, high pollution, food desert

SYMPTOM DESCRIPTION:
- Severity: Severe
- Duration: 3 days
- Associated Symptoms: Tremors, confusion, agitation, sweating, hallucinations
- Frequency: Constant
- Impact on Daily Activities: Unable to perform daily tasks, extremely agitated and restless

MEDICAL HISTORY:
- Previous Diagnoses: Alcohol dependence for 10 years
- Chronic Conditions: Hypertension
- Medication History: Non-adherent to hypertension medication (Lisinopril 20 mg, oral, once daily)
- Allergies: No known drug allergies

PATIENT'S SELF-REPORTED HABITS AND LIFESTYLE:
- Sleep: Poor, less than 4 hours per night, frequent interruptions due to alcohol use
- Diet: Irregular eating habits, primarily fast food and convenience store items
- Exercise: None
- Tobacco Use: Smokes 20 cigarettes/day
- Alcohol Consumption: Heavy, approximately 1 liter of vodka per day
- Drug Use: Occasional cannabis use, denies other illicit drug use
- Recreational Activities: None

PATIENT'S BEHAVIOR:
- Moderate cooperation, appears restless and agitated, fluctuating attention

PHYSICAL EXAMS:
- General Appearance: Thin, disheveled, appears older than stated age
- Vital Signs: BP 150/90 mm Hg, HR 120 bpm, Temp 37.5°C, RR 22/min
- Neurological: Alert but confused, disoriented to time and place, unable to maintain attention, tremors present, hyperreflexia
- Psychiatric: Agitated, hallucinations (auditory and visual), delusional thoughts

INVESTIGATION/TEST RESULTS:
- Blood Work: Ordered for biochemistry (Electrolytes, Glucose, Liver Function Tests), hematology (CBC), and toxicology screen. Test results are pending.
- Imaging: CT Brain without contrast to rule out other causes of delirium. Results pending.

MEDICAL OUTCOME:
- Diagnosis: Alcohol dependence with withdrawal delirium (ICD-10 F10.231)
- Medical Treatment:
  1. Lorazepam 2 mg IV every 6 hours for withdrawal symptoms
  2. Thiamine 100 mg IV daily for 5 days to prevent Wernicke-Korsakoff syndrome
  3. Multivitamin infusion daily
- Follow-up Recommendations:
  1. Referral to inpatient rehab facility, Dr. Lisa Thompson, Addiction Medicine Specialist, for long-term management and support
- Additional Testing: Continuous monitoring of vital signs, regular blood work to monitor liver function and electrolyte balance

TREATMENT DISPARITIES:
- May face difficulties accessing long-term rehab centers due to financial constraints and lack of insurance coverage.

NATIVE OR NON-NATIVE ENGLISH SPEAKING PATIENT:
- Native English-speaking patient"|"**1. Subjective:**

**Chief Complaint (CC):**  
Severe agitation, confusion, and tremors for 3 days.

**History of Present Illness (HPI):**  
The patient, a 45-year-old Caucasian male, presents with severe symptoms of alcohol withdrawal, including tremors, confusion, agitation, sweating, and hallucinations. Symptoms began 3 days ago and have been constant. He is unable to perform daily tasks and is extremely agitated and restless. He reports heavy alcohol consumption of approximately 1 liter of vodka per day and occasional cannabis use. The patient has a 10-year history of alcohol dependence and is currently non-adherent to his hypertension medication (Lisinopril 20 mg, oral, once daily).

**Review of Systems (ROS):**  
- **General:** Reports significant agitation, confusion, and inability to concentrate.  
- **Neurological:** Tremors, disorientation to time and place, hallucinations (both auditory and visual).
- **Psychiatric:** Delusional thoughts, extreme restlessness.

**2. Objective:**

**Vital Signs:**  
- BP: 150/90 mm Hg  
- HR: 120 bpm  
- Temp: 37.5°C  
- RR: 22/min  

**General Appearance:**  
Thin, disheveled, appears older than stated age.

**Neurological Exam:**  
- Alert but confused and disoriented to time and place.
- Unable to maintain attention.
- Tremors present.
- Hyperreflexia noted.

**Psychiatric Exam:**  
- Agitated with auditory and visual hallucinations.  
- Displays delusional thoughts.

**Investigations/Tests Conducted:**  
- Blood Work: Ordered for biochemistry (Electrolytes, Glucose, Liver Function Tests), hematology (CBC), and toxicology screen. Results pending.
- Imaging: CT Brain without contrast to rule out other causes of delirium. Results pending.

**3. Assessment:**

1. Alcohol dependence with withdrawal delirium (ICD-10 F10.231)  
- The patient exhibits significant withdrawal symptoms consistent with alcohol withdrawal delirium.
  
2. Hypertension  
- Elevated blood pressure, potentially exacerbated by alcohol withdrawal and non-adherence to medication.

**4. Plan:**

**Immediate Medical Treatment:**
1. Lorazepam 2 mg IV every 6 hours for withdrawal symptoms.
2. Thiamine 100 mg IV daily for 5 days to prevent Wernicke-Korsakoff syndrome.
3. Multivitamin infusion daily.

**Follow-up and Long-term Management:**
1. Referral to Dr. Lisa Thompson, Addiction Medicine Specialist, at an inpatient rehab facility for long-term management and support of alcohol dependence.
2. Continuous monitoring of vital signs and regular blood work to monitor liver function and electrolyte balance.

**Patient Education:**
- Discussed the critical importance of adherence to hypertension medication.
- Counseling on the severe health risks of ongoing alcohol abuse and the benefits of sustained abstinence.

**Treatment Disparities:**
- Acknowledged potential difficulties in accessing long-term rehab centers due to financial constraints and lack of insurance coverage. Social services to be consulted for possible assistance programs.

**Additional Recommendations:**
- Continuous monitoring of his hydration status and regular mental status exams to evaluate the progression of withdrawal symptoms.
- Ensure a safe environment in the emergency department to prevent possible self-harm due to agitation and hallucinations.

**Patient Agreements:**
- The patient understands and agrees to the immediate treatment plan. Willing to consider inpatient rehab for long-term management pending financial and social support."|"**1. Subjective:**

**Chief Complaint (CC):**  
Severe agitation, confusion, and tremors for 3 days.

**History of Present Illness (HPI):**  
The patient, a 45-year-old Caucasian male named John Smith, presents with severe symptoms of alcohol withdrawal, including tremors, confusion, agitation, sweating, and hallucinations. Symptoms began 3 days ago and have been constant. He is unable to perform daily tasks and is extremely agitated and restless. He reports heavy alcohol consumption of approximately 1 liter of vodka per day and occasional cannabis use. The patient has a 10-year history of alcohol dependence and is currently non-adherent to his hypertension medication (Lisinopril 20 mg, oral, once daily).

**Review of Systems (ROS):**  
- **General:** Reports significant agitation, confusion, and inability to concentrate.  
- **Neurological:** Tremors, disorientation to time and place, hallucinations (both auditory and visual).
- **Psychiatric:** Delusional thoughts, extreme restlessness.

**2. Objective:**

**Vital Signs:**  
- BP: 150/90 mm Hg  
- HR: 120 bpm  
- Temp: 37.5°C  
- RR: 22/min  

**General Appearance:**  
Thin, disheveled, appears older than stated age.

**Neurological Exam:**  
- Alert but confused and disoriented to time and place.
- Unable to maintain attention.
- Tremors present.
- Hyperreflexia noted.

**Psychiatric Exam:**  
- Agitated with auditory and visual hallucinations.  
- Displays delusional thoughts.

**3. Assessment:**

1. Alcohol dependence with withdrawal delirium (ICD-10 F10.231)  
- The patient exhibits significant withdrawal symptoms consistent with alcohol withdrawal delirium.
  
2. Hypertension  
- Elevated blood pressure, potentially exacerbated by alcohol withdrawal and non-adherence to medication.

**4. Plan:**

**Immediate Medical Treatment:**
1. Lorazepam 2 mg IV every 6 hours for withdrawal symptoms.
2. Thiamine 100 mg IV daily for 5 days to prevent Wernicke-Korsakoff syndrome.
3. Multivitamin infusion daily.

**Follow-up and Long-term Management:**
1. Referral to Dr. Lisa Thompson, Addiction Medicine Specialist, at an inpatient rehab facility for long-term management and support of alcohol dependence.
2. Continuous monitoring of vital signs and regular blood work to monitor liver function and electrolyte balance.

**Patient Education:**
- Discussed the critical importance of adherence to hypertension medication.
- Counseling on the severe health risks of ongoing alcohol abuse and the benefits of sustained abstinence.

**Treatment Disparities:**
- Acknowledged potential difficulties in accessing long-term rehab centers due to financial constraints and lack of insurance coverage. Social services to be consulted for possible assistance programs.

**Additional Recommendations:**
- Continuous monitoring of his hydration status and regular mental status exams to evaluate the progression of withdrawal symptoms.
- Ensure a safe environment in the emergency department to prevent possible self-harm due to agitation and hallucinations.

**Patient Agreements:**
- The patient understands and agrees to the immediate treatment plan. Willing to consider inpatient rehab for long-term management pending financial and social support."|"**1. Subjective:**

**CC:**  
Severe agitation, confusion, and tremors for 3 days.

**HPI:**  
The pt, a 45 y/o Caucasian male named John Smith, presents with severe sx of EtOH withdrawal, including tremors, confusion, agitation, sweating, and hallucinations. Sx began 3 days ago and have been constant. He is unable to perform ADLs and is extremely agitated and restless. He reports heavy EtOH consumption of approx 1 L of vodka/day and occasional cannabis use. The pt has a 10-year hx of EtOH dependence and is currently non-adherent to his HTN med (Lisinopril 20 mg PO QD).

**ROS:**  
- **General:** Reports significant agitation, confusion, and inability to concentrate.  
- **Neuro:** Tremors, disorientation to time and place, hallucinations (both auditory and visual).
- **Psych:** Delusional thoughts, extreme restlessness.

**2. Objective:**

**VS:**  
- BP: 150/90 mm Hg  
- HR: 120 bpm  
- Temp: 37.5°C  
- RR: 22/min  

**General Appearance:**  
Thin, disheveled, appears older than stated age.

**Neuro Exam:**  
- Alert but confused and disoriented to time and place.
- Unable to maintain attention.
- Tremors present.
- Hyperreflexia noted.

**Psych Exam:**  
- Agitated with auditory and visual hallucinations.  
- Displays delusional thoughts.

**3. Assessment:**

1. EtOH dependence with withdrawal delirium (ICD-10 F10.231)  
- The pt exhibits significant withdrawal sx consistent with EtOH withdrawal delirium.
  
2. HTN  
- Elevated BP, potentially exacerbated by EtOH withdrawal and non-adherence to med.

**4. Plan:**

**Immediate Medical Tx:**
1. Lorazepam 2 mg IV q6h for withdrawal sx.
2. Thiamine 100 mg IV daily for 5 days to prevent Wernicke-Korsakoff syndrome.
3. MVI infusion daily.

**Follow-up and Long-term Mgmt:**
1. Referral to Dr. Lisa Thompson, Addiction Med Specialist, at an inpatient rehab facility for long-term mgmt and support of EtOH dependence.
2. Continuous monitoring of VS and regular blood work to monitor LFTs and electrolyte balance.

**Pt Education:**
- Discussed the critical importance of adherence to HTN med.
- Counseling on the severe health risks of ongoing EtOH abuse and the benefits of sustained abstinence.

**Tx Disparities:**
- Acknowledged potential difficulties in accessing long-term rehab centers due to financial constraints and lack of insurance coverage. Social services to be consulted for possible assistance programs.

**Additional Recommendations:**
- Continuous monitoring of his hydration status and regular mental status exams to evaluate the progression of withdrawal sx.
- Ensure a safe environment in the ED to prevent possible self-harm due to agitation and hallucinations.

**Pt Agreements:**
- The pt understands and agrees to the immediate tx plan. Willing to consider inpatient rehab for long-term mgmt pending financial and social support."|Addiction Specialist|"[doctor] Hi, how are you feeling today?

[patient] Not good at all, Doc. I’m really agitated and can’t seem to think straight. It’s been like this for three days now.

[doctor] I’m sorry to hear that. Can you describe what you’ve been experiencing?

[patient] I’ve been having these really bad tremors, confusion, sweating, and even some hallucinations. It’s constant and I can’t do anything. 

[doctor] That sounds very distressing. When did these symptoms start?

[patient] Three days ago.

[doctor] Have you been drinking alcohol during this time?

[patient] No, I stopped three days ago. I used to drink about a liter of vodka every day.

[doctor] Okay, that’s quite a significant amount. Do you use any other substances?

[patient] Just some cannabis occasionally.

[doctor] Understood. Do you have any medical conditions we should be aware of?

[patient] I have high blood pressure, but I haven’t been taking my medication regularly.

[doctor] What medication are you prescribed for your hypertension?

[patient] Lisinopril 20 mg once a day, but I haven’t been taking it.

[doctor] Thank you for sharing that. Have you noticed any other symptoms like numbness, weakness, or changes in vision?

[patient] No, just the tremors, confusion, and hallucinations. I’ve also been really restless and can’t concentrate on anything.

[doctor] Alright, let's take a look at your vital signs. I see your blood pressure is 150/90 mm Hg, your heart rate is 120 bpm, your temperature is 37.5°C, and your respiratory rate is 22 breaths per minute. 

[patient] Okay.

[doctor] I’m going to perform a quick physical examination now. You appear thin and disheveled, and seem older than your age. Let’s check your neurological status. You’re alert but seem quite confused and disoriented. Can you tell me what day it is?

[patient] Uh, I’m not sure. Is it Monday?

[doctor] It’s actually Thursday. You’re also having trouble maintaining attention and I notice some tremors. Let’s move on to a few more checks.

[patient] Okay.

[doctor] You have hyperreflexia and I can see that you’re quite agitated. Are you hearing or seeing things that others don’t?

[patient] Yes, I’m hearing voices and seeing things that aren’t there.

[doctor] Thank you for telling me. I’m also going to order some blood work to check your electrolytes, glucose, liver function, and a toxicology screen. We’ll also get a CT scan of your brain to rule out other causes of your symptoms. 

[patient] Alright.

[doctor] Based on your symptoms, it appears you’re experiencing severe alcohol withdrawal, also known as withdrawal delirium. We need to address this immediately.

[patient] Okay, what do I need to do?

[doctor] We’ll start by giving you Lorazepam 2 mg intravenously every 6 hours to help with the withdrawal symptoms. We’ll also give you Thiamine 100 mg IV daily for 5 days to prevent any neurological complications, and a multivitamin infusion daily to support your overall health.

[patient] Okay, I’ll do whatever it takes.

[doctor] We’ll also need to continuously monitor your vital signs and do regular blood work to keep an eye on your liver function and electrolyte balance. It’s crucial that you stay hydrated and in a safe environment to prevent any self-harm due to your agitation and hallucinations.

[patient] Got it.

[doctor] For your long-term management, I’ll refer you to Dr. Lisa Thompson, an Addiction Medicine Specialist, at an inpatient rehab facility. This will help you manage your alcohol dependence and provide the support you need.

[patient] I’m willing to go to rehab, but I’m worried about the costs. I don’t have insurance.

[doctor] I understand your concern. We’ll consult with social services to explore possible assistance programs that can help with the financial aspect of your treatment.

[patient] Thank you, that would be really helpful.

[doctor] Also, it’s important to discuss the critical importance of adhering to your hypertension medication. Not taking it can worsen your condition, especially during alcohol withdrawal.

[patient] I know, I’ll try to be better about it.

[doctor] Good. We’ll also provide counseling on the severe health risks of ongoing alcohol abuse and the benefits of sustained abstinence. Do you have any questions or concerns about the plan so far?

[patient] No, I think you’ve covered everything. I just want to get better.

[doctor] That’s great to hear. We’ll start with the immediate treatment and monitor your progress closely. Remember, it’s going to be a challenging journey, but we’re here to support you every step of the way.

[patient] Thank you, Doctor. I appreciate it.

[doctor] You’re welcome. Let’s get started with the treatment and we’ll take it from there. If you have any questions or feel worse, please let us know immediately. 

[patient] Okay, I will.

[doctor] Alright, take care and we’ll be monitoring you closely.

[patient] Thank you."|"[doctor] Hi, how are you feeling today?

[patient] Not good at all, Doc. I’m really agitated and can’t seem to think straight. It’s been like this for three days now.

[doctor] I’m sorry to hear that. Can you describe what you’ve been experiencing?

[patient] I’ve been having these really bad tremors, confusion, sweating, and even some hallucinations. It’s constant and I can’t do anything.

[doctor] That sounds very distressing. When did these symptoms start?

[patient] Three days ago.

[doctor] Have you been drinking alcohol during this time?

[patient] No, I stopped three days ago. I used to drink about a liter of vodka every day.

[doctor] Okay, that’s quite a significant amount. Do you use any other substances?

[patient] Just some cannabis occasionally.

[doctor] Understood. Do you have any medical conditions we should be aware of?

[patient] I have high blood pressure, but I haven’t been taking my medication regularly.

[doctor] What medication are you prescribed for your hypertension?

[patient] Lisinopril 20 mg once a day, but I haven’t been taking it.

[doctor] Thank you for sharing that. Have you noticed any other symptoms like numbness, weakness, or changes in vision?

[patient] No, just the tremors, confusion, and hallucinations. I’ve also been really restless and can’t concentrate on anything.

[doctor] Alright, let's take a look at your vital signs. I see your blood pressure is 150/90 mm Hg, your heart rate is 120 bpm, your temperature is 37.5°C, and your respiratory rate is 22 breaths per minute.

[patient] Okay.

[doctor] I’m going to perform a quick physical examination now. You appear thin and disheveled, and seem older than your age. Let’s check your neurological status. You’re alert but seem quite confused and disoriented. Can you tell me what day it is?

[patient] Uh, I’m not sure. Is it Monday?

[doctor] It’s actually Thursday. You’re also having trouble maintaining attention and I notice some tremors. Let’s move on to a few more checks.

[patient] Okay.

[doctor] You have hyperreflexia and I can see that you’re quite agitated. Are you hearing or seeing things that others don’t?

[patient] Yes, I’m hearing voices and seeing things that aren’t there.

[doctor] Thank you for telling me. I’m also going to order some blood work to check your electrolytes, glucose, liver function, and a toxicology screen. We’ll also get a CT scan of your brain to rule out other causes of your symptoms.

[patient] Alright.

[doctor] Based on your symptoms, it appears you’re experiencing severe alcohol withdrawal, also known as withdrawal delirium. We need to address this immediately.

[patient] Okay, what do I need to do?

[doctor] We’ll start by giving you Lorazepam 2 mg intravenously every 6 hours to help with the withdrawal symptoms. We’ll also give you Thiamine 100 mg IV daily for 5 days to prevent any neurological complications, and a multivitamin infusion daily to support your overall health.

[patient] Okay, I’ll do whatever it takes.

[doctor] We’ll also need to continuously monitor your vital signs and do regular blood work to keep an eye on your liver function and electrolyte balance. It’s crucial that you stay hydrated and in a safe environment to prevent any self-harm due to your agitation and hallucinations.

[patient] Got it.

[doctor] For your long-term management, I’ll refer you to Dr. Lisa Thompson, an Addiction Medicine Specialist, at an inpatient rehab facility. This will help you manage your alcohol dependence and provide the support you need.

[patient] I’m willing to go to rehab, but I’m worried about the costs. I don’t have insurance.

[doctor] I understand your concern. We’ll consult with social services to explore possible assistance programs that can help with the financial aspect of your treatment.

[patient] Thank you, that would be really helpful.

[doctor] Also, it’s important to discuss the critical importance of adhering to your hypertension medication. Not taking it can worsen your condition, especially during alcohol withdrawal.

[patient] I know, I’ll try to be better about it.

[doctor] Good. We’ll also provide counseling on the severe health risks of ongoing alcohol abuse and the benefits of sustained abstinence. Do you have any questions or concerns about the plan so far?

[patient] No, I think you’ve covered everything. I just want to get better.

[doctor] That’s great to hear. We’ll start with the immediate treatment and monitor your progress closely. Remember, it’s going to be a challenging journey, but we’re here to support you every step of the way.

[patient] Thank you, Doctor. I appreciate it.

[doctor] You’re welcome. Let’s get started with the treatment and we’ll take it from there. If you have any questions or feel worse, please let us know immediately.

[patient] Okay, I will.

[doctor] Alright, take care and we’ll be monitoring you closely.

[patient] Thank you."
ALCOHOL DEPENDENCE WITH WITHDRAWAL DELIRIUM|"ROLE: Psychiatrist

**Scenario:**

- **Medical Outcome:**
  - Diagnosis: Alcohol Dependence with Withdrawal Delirium (ICD-10: F10.231)
  - Prescribed Treatment:
    - Medication: Lorazepam 2 mg oral every 6 hours for 5 days (30 tablets)
    - Thiamine 100 mg oral once daily for 7 days (7 tablets)
    - Referral: Referral to Addiction Medicine Specialist, Dr. John Smith, for ongoing management
  - Follow-up Recommendations: Follow-up in 1 week to assess withdrawal symptoms and overall progress
  - Lifestyle change: Counsel on the importance of abstaining from alcohol and the benefits of a support group, e.g., Alcoholics Anonymous
- **Medical History:**
  - Previous Diagnoses: Hypertension, Depression
  - Medication History: Currently on Lisinopril 10 mg daily for hypertension, Sertraline 50 mg daily for depression
  - Allergies: None known
  - Chronic Conditions: Hypertension, Depression
- **Symptom Description:**
  - Severity: Severe
  - Duration: Started 2 days ago
  - Associated Symptoms: Confusion, agitation, visual hallucinations, profuse sweating
  - Frequency: Constant over the last 48 hours
  - Impact on Daily Activities: Significant; unable to perform daily tasks or maintain personal hygiene
- **Patient’s self-reported habits and lifestyle:**
  - Sleep: Poor, restless, frequent awakening
  - Diet: Irregular meals, prefers fast food
  - Exercise: None
  - Tobacco Use: Smokes 10 cigarettes per day
  - Alcohol Consumption: Heavy, approximately 10-12 drinks per day for 5 years; stopped abruptly 3 days ago
  - Drug Use: Denies illicit drug use
  - Recreational Activities: Socializes often in bars
- **Demographic Information:**
  - Age: 45
  - Gender: Male
  - Ethnicity: White
  - Socio-economic Status: Middle-class
  - Education Level: High school diploma
  - Health Literacy: Moderate understanding of health conditions and medications
  - Job Status: Unemployed
- **Patient's Behavior:**
  - Level of Cooperation: Cooperates minimally; appears agitated and suspicious
- **Geographical Location:**
  - Urban, big city
  - Environmental Health Risks: Some exposure to pollution
  - Neighborhood Type: Affluent, well-served by transit but in a small pocket of a food desert
- **Clinical Setting:**
  - Initial Consultation at a Community Health Services clinic
- **Type of Encounter:**
  - Emergency Visit
- **Treatment Disparities:**
  - None noted; patient has insurance coverage facilitating access to required care
- **Native or Non-Native English Speaking Patient:**
  - Native English-speaking patient
- **Physical exams:**
  - General Examination: Diaphoretic, tremulous, visibly distressed
  - Neurological Examination: Agitated, not oriented to time or place, visual hallucinations, exaggerated deep tendon reflexes
- **Investigation/Test results:**
  - Blood tests ordered: Complete Blood Count (CBC), Comprehensive Metabolic Panel (CMP), Liver Function Tests (LFTs), thiamine level
  - Awaiting results of blood work 
"|Rejected|Rejected|Rejected|Rejected||
ALCOHOL DEPENDENCE WITH WITHDRAWAL DELIRIUM|"ROLE: Psychiatrist

**Scenario:**

- **Medical Outcome:**
  - Diagnosis: Alcohol Dependence with Withdrawal Delirium (ICD-10: F10.231)
  - Prescribed Treatment:
    - Medication: Clonazepam 1 mg oral twice daily for 5 days (10 tablets)
    - Multivitamin with thiamine 100 mg once daily for 14 days (14 tablets)
    - Referral: Referral to Psychiatric Rehabilitation Specialist, Dr. Emily Thompson, to address underlying mental health issues
  - Follow-up Recommendations: Follow-up in 3 days for re-evaluation
  - Lifestyle change: Strongly advised joining a rehab program and attending family therapy sessions
- **Medical History:**
  - Previous Diagnoses: Type 2 Diabetes, Generalized Anxiety Disorder
  - Medication History: Metformin 500 mg twice daily for diabetes, Alprazolam 0.5 mg as needed for anxiety
  - Allergies: Penicillin 
  - Chronic Conditions: Type 2 Diabetes, Generalized Anxiety Disorder
- **Symptom Description:**
  - Severity: Moderate to severe
  - Duration: Symptoms began 3 days ago
  - Associated Symptoms: Tremors, sweating, auditory hallucinations, severe anxiety
  - Frequency: Symptoms are ongoing since alcohol cessation
  - Impact on Daily Activities: Unable to care for young children or perform work tasks
- **Patient’s self-reported habits and lifestyle:**
  - Sleep: Poor sleep, frequent insomnia
  - Diet: Mostly carbohydrate-heavy due to diabetes management difficulty
  - Exercise: Infrequent due to anxiety and diabetes complications
  - Tobacco Use: Smokes 5 cigarettes per day
  - Alcohol Consumption: Approximately 8-10 drinks daily for last 7 years, ceased abruptly 3 days ago
  - Drug Use: Occasional use of marijuana
  - Recreational Activities: Limited, predominantly stays at home
- **Demographic Information:**
  - Age: 38
  - Gender: Female
  - Ethnicity: Hispanic
  - Socio-economic Status: Low-income
  - Education Level: Some college education 
  - Health Literacy: Low understanding of health and medication
  - Job Status: Part-time receptionist
- **Patient's Behavior:**
  - Level of Cooperation: Somewhat cooperative, highly anxious, and distracted
- **Geographical Location:**
  - Urban, small city
  - Neighborhood Type: Impoverished, limited access to healthcare services
  - Environmental Health Risks: Low pollution but high crime rates
- **Clinical Setting:**
  - Emergency Visit at Urgent Care Center
- **Type of Encounter:**
  - Crisis Management
- **Treatment Disparities:**
  - Limited due to socio-economic status and insurance issues, delaying access to specialized care
- **Native or Non-Native English Speaking Patient:**
  - Non-Native English-speaking patient, with limited proficiency in English
- **Physical exams:**
  - General Examination: Restless, diaphoretic, visibly anxious
  - Neurological Examination: Oriented to person but not to time or place, auditory hallucinations, decreased fine motor coordination
- **Investigation/Test results:**
  - Blood tests ordered: Complete Blood Count (CBC), Comprehensive Metabolic Panel (CMP), Hemoglobin A1c for diabetes management
  - Results Awaiting"|Rejected|Rejected|Rejected|Rejected||
ALCOHOL DEPENDENCE WITH WITHDRAWAL DELIRIUM|"ROLE: Psychiatrist

**Scenario:**

- **Medical Outcome:**
  - Diagnosis: Alcohol Dependence with Withdrawal Delirium (ICD-10: F10.231)
  - Prescribed Treatment:
    - Medication: Diazepam 10 mg oral every 6 hours for 3 days (12 tablets)
    - Thiamine 200 mg IV daily for 3 days
    - Referral: Referral to Inpatient Rehabilitation Center, Dr. Lisa Martinez, for intensive detoxification
  - Follow-up Recommendations: Follow-up in 2 weeks post-detox
  - Lifestyle change: Strongly recommended engaging with local support groups and beginning cognitive-behavioral therapy (CBT)
- **Medical History:**
  - Previous Diagnoses: Chronic Obstructive Pulmonary Disease (COPD), Major Depressive Disorder
  - Medication History: Albuterol inhaler as needed for COPD, Fluoxetine 20 mg daily for depression
  - Allergies: None known
  - Chronic Conditions: COPD, Major Depressive Disorder
- **Symptom Description:**
  - Severity: Severe
  - Duration: Symptoms started 4 days ago
  - Associated Symptoms: Nausea, vomiting, palpitations, severe agitation
  - Frequency: Almost constant symptoms since alcohol cessation
  - Impact on Daily Activities: Severe; unable to maintain personal hygiene or social interactions
- **Patient’s self-reported habits and lifestyle:**
  - Sleep: Very poor, severe insomnia
  - Diet: Sporadic eating, typically unhealthy snacks
  - Exercise: None due to COPD
  - Tobacco Use: Smokes 15 cigarettes per day
  - Alcohol Consumption: Approximately 12-15 drinks daily for the last decade, stopped suddenly 4 days ago
  - Drug Use: Denies illicit drug use
  - Recreational Activities: None, withdraws socially
- **Demographic Information:**
  - Age: 55
  - Gender: Male
  - Ethnicity: African American
  - Socio-economic Status: Low-income
  - Education Level: Completed middle school
  - Health Literacy: Low understanding, relies on others for help
  - Job Status: Unemployed, lives off disability benefits
- **Patient's Behavior:**
  - Level of Cooperation: Non-cooperative initially, very agitated and suspicious of medical staff
- **Geographical Location:**
  - Rural area with limited access to healthcare services
  - Neighborhood Type: Impoverished, high unemployment rates
  - Environmental Health Risks: Exposure to industrial pollutants
- **Clinical Setting:**
  - Primary Care Clinic visit
- **Type of Encounter:**
  - Initial Consultation due to escalating symptoms and concern for severe withdrawal
- **Treatment Disparities:**
  - Patient faces significant barriers due to lack of transportation and financial constraints affecting timely access to care
- **Native or Non-Native English Speaking Patient:**
  - Native English-speaking patient
- **Physical exams:**
  - General Examination: Sweating profusely, shaky hands, distressed appearance
  - Cardiovascular Examination: Tachycardic, irregular heart rate
  - Pulmonary Examination: Wheezing, decreased breath sounds consistent with COPD exacerbation
- **Investigation/Test results:**
  - Blood tests ordered: Liver Function Tests (LFTs), Complete Blood Count (CBC), Comprehensive Metabolic Panel (CMP)
  - Imaging: Chest X-ray to evaluate for potential COPD exacerbation
  - Results Awaiting"|Rejected|Rejected|Rejected|Rejected||
ALCOHOL DEPENDENCE WITH WITHDRAWAL DELIRIUM|"ROLE: Psychiatrist

1) Medical Outcome: 
   - Diagnosis: Alcohol Dependence with Withdrawal Delirium
   - Prescribed Treatment: Benzodiazepines - Diazepam 10 mg oral, every 6 hours for the first 24 hours, then taper down over 5 days.
   - Follow-up Recommendations: Follow-up in 1 week for re-evaluation.
   - Referral to Specialists: Referral to a substance abuse counselor, Dr. Mary Roberts, for ongoing addiction therapy.
   - Referral for further tests: Complete Metabolic Panel (CMP), CBC with Differential, Liver Function Tests (LFTs).

2) Medical History:
   - Previous Diagnoses: Hypertension, Depression
   - Family Medical History: Father with history of alcoholism, mother with diabetes
   - Medication History: Previously prescribed Sertraline 50mg daily for depression.
   - Allergies: None
   - Chronic Conditions: Chronic alcohol use disorder

3) Symptom Description:
   - Severity: Severe
   - Duration: Symptoms started 2 days ago
   - Associated Symptoms: Hallucinations, severe tremors, diaphoresis, confusion
   - Frequency: Constant for the past 48 hours
   - Impact on Daily Activities: Unable to perform daily activities, bedridden

4) Patient’s self-reported habits and lifestyle:
   - Sleep: Poor, interrupted sleep, especially in the past week
   - Diet: Poor nutritional intake, mostly consumes alcohol
   - Exercise: Sedentary lifestyle
   - Tobacco Use: Smokes 1 pack of cigarettes per day
   - Alcohol Consumption: Reports consuming a liter of vodka daily
   - Drug Use: Denies illicit drug use
   - Recreational Activities: Used to enjoy fishing but has not participated in the past 6 months

5) Demographic Information:
   - Age: 45
   - Gender: Male
   - Ethnicity: Caucasian
   - Socio-economic Status: Unemployed, lives alone in a rented apartment
   - Education Level: High school graduate
   - Health Literacy: Low, difficulty understanding medical terms
   - Job Status: Unemployed

6) Patient's Behavior: 
   - Cooperates with medical advice but expresses difficulty in complying due to severe withdrawal symptoms

7) Geographical Location:
   - Big City vs Small City: Lives in a small city
   - Rural vs Urban: Urban
   - Pollution and Environmental Health Risks: Moderate pollution
   - Neighborhood Type: Impoverished, limited access to healthy food options (food desert)

8) Clinical Setting:
   - Hospitals: Emergency Department visit for severe alcohol withdrawal

9) Type of Encounter:
   - Emergency Visit for management of severe alcohol withdrawal symptoms

10) Treatment Disparities:
   - Financial difficulties, impacting access to consistent follow-up care and medications

11) Native or Non-Native English Speaking Patient:
   - Native English Speaking Patient

12) Physical exams: 
   - Neurological: Disoriented, severe tremors, visual and auditory hallucinations
   - Cardiac: BP 150/95, HR 110 bpm, irregular rhythm
   - General Appearance: Diaphoretic, anxious, visibly tremulous

13) Investigation/Test results:
   - Awaiting results: Complete Metabolic Panel (CMP), CBC with Differential, Liver Function Tests (LFTs)

"|Rejected|Rejected|Rejected|Rejected||
ALCOHOL DEPENDENCE WITH WITHDRAWAL DELIRIUM|"ROLE: Psychiatrist

1) Medical Outcome: 
   - Diagnosis: Alcohol Dependence with Withdrawal Delirium
   - Prescribed Treatment: Lorazepam 2 mg IV every 4 hours for 48 hours, then 1 mg IV every 6 hours as needed for agitation.
   - Follow-up Recommendations: Follow-up in 2 weeks for re-evaluation.
   - Referral to Specialists: Referral to a neurologist, Dr. John Spencer, for assessment of potential alcohol-related neuropathy.
   - Referral for further tests: Comprehensive Metabolic Panel (CMP), CBC with Differential, Thyroid Function Tests (TFTs).

2) Medical History:
   - Previous Diagnoses: Cirrhosis, Chronic pancreatitis
   - Family Medical History: Mother with a history of alcohol use disorder, brother with depression
   - Medication History: Previously prescribed Pantoprazole 40mg daily, Thiamine 100 mg daily.
   - Allergies: Penicillin
   - Chronic Conditions: Alcohol use disorder, Cirrhosis

3) Symptom Description:
   - Severity: Severe
   - Duration: Symptoms started 3 days ago
   - Associated Symptoms: Severe confusion, agitation, visual hallucinations, insomnia, and palpitations
   - Frequency: Constant for the past 72 hours
   - Impact on Daily Activities: Completely incapacitated, requiring assistance with basic needs

4) Patient’s self-reported habits and lifestyle:
   - Sleep: Severely disturbed, almost no sleep in past week
   - Diet: Poor nutritional intake, mostly liquid calories from alcohol
   - Exercise: Virtually none, very sedentary
   - Tobacco Use: Smokes 2 packs of cigarettes per day
   - Alcohol Consumption: Reports drinking up to 2 liters of whiskey daily
   - Drug Use: Occasional marijuana use
   - Recreational Activities: None reported

5) Demographic Information:
   - Age: 60
   - Gender: Male
   - Ethnicity: African American
   - Socio-economic Status: Lives below the poverty line
   - Education Level: Some college
   - Health Literacy: Moderate
   - Job Status: Retired, on disability support

6) Patient's Behavior: 
   - Initially uncooperative, but agrees to hospitalization reluctantly

7) Geographical Location:
   - Big City vs Small City: Lives in a large metropolitan area
   - Rural vs Urban: Urban
   - Pollution and Environmental Health Risks: High pollution levels
   - Neighborhood Type: Low-income, high-crime area, limited access to healthcare

8) Clinical Setting:
   - Hospitals: Inpatient psychiatric ward for intensive monitoring

9) Type of Encounter:
   - Emergency Visit followed by Inpatient Admission for severe alcohol withdrawal and delirium

10) Treatment Disparities:
   - Access to care issues due to financial constraints and living in a medically underserved area

11) Native or Non-Native English Speaking Patient:
   - Native English Speaking Patient

12) Physical exams: 
   - Neurological: Severe agitation, disorientation, tremors, visual hallucinations, unable to follow commands 
   - Cardiac: BP 170/100, HR 120 bpm, irregularly irregular rhythm
   - General Appearance: Diaphoretic, anxious, pallor noted

13) Investigation/Test results:
   - Awaiting results: Comprehensive Metabolic Panel (CMP), CBC with Differential, Thyroid Function Tests (TFTs)"|Rejected|Rejected|Rejected|Rejected||
ALCOHOL DEPENDENCE WITH WITHDRAWAL DELIRIUM|"ROLE: Family Medicine Physician

1) Medical Outcome: 
   - Diagnosis: Alcohol Dependence with Withdrawal Delirium
   - Prescribed Treatment: Thiamine 100 mg oral once daily for 7 days, Multivitamin tablet once daily for 7 days
   - Follow-up Recommendations: Follow-up in 3 days for evaluation of withdrawal symptoms
   - Referral to Specialists: Referral to a gastroenterologist, Dr. Sarah Bennett, for liver assessment due to history of heavy drinking.
   - Referral for further tests: Liver Function Tests (LFTs), Vitamin D levels, Electrolyte Panel, Abdominal Ultrasound

2) Medical History:
   - Previous Diagnoses: Type 2 Diabetes Mellitus, Hypertension
   - Family Medical History: Mother with history of alcoholism, father with cardiovascular disease
   - Medication History: Metformin 1000mg twice daily, Lisinopril 10mg once daily
   - Allergies: None
   - Chronic Conditions: Hypertension, Type 2 Diabetes Mellitus

3) Symptom Description:
   - Severity: Moderate to severe
   - Duration: Symptoms started 1 day ago
   - Associated Symptoms: Anxiety, sweating, nausea, auditory hallucinations
   - Frequency: Intermittent tremors, nausea, and hallucinations 
   - Impact on Daily Activities: Struggling to maintain daily activities, difficulty in managing diabetes

4) Patient’s self-reported habits and lifestyle:
   - Sleep: Poor, reports insomnia and frequent night awakenings
   - Diet: High carbohydrate intake, poor dietary control over diabetes
   - Exercise: Minimal physical activity
   - Tobacco Use: Smokes occasionally, about 5 cigarettes per week
   - Alcohol Consumption: Reports consuming half a bottle of whisky daily for the last 3 years
   - Drug Use: None
   - Recreational Activities: Used to enjoy going to the park but has lost interest recently

5) Demographic Information:
   - Age: 58
   - Gender: Female
   - Ethnicity: Hispanic
   - Socio-economic Status: Middle-class, lives with family
   - Education Level: College graduate
   - Health Literacy: Moderate, understands most medical explanations but struggles with complex terms
   - Job Status: Part-time administrative assistant

6) Patient's Behavior: 
   - Highly cooperative and expresses strong desire to overcome alcohol dependence

7) Geographical Location:
   - Big City vs Small City: Resides in a small, close-knit community
   - Rural vs Urban: Rural
   - Pollution and Environmental Health Risks: Low levels of pollution
   - Neighborhood Type: Suburban, well-served by transit, has good access to fresh foods

8) Clinical Setting:
   - Clinics: Community Health Services

9) Type of Encounter:
   - Initial Consultation for managing new onset severe withdrawal symptoms

10) Treatment Disparities:
   - None, patient has good insurance coverage and access to healthcare services

11) Native or Non-Native English Speaking Patient:
   - Non-Native English Speaking Patient, fluent in Spanish and adequate in English.

12) Physical exams: 
   - Neurological: Mild tremors, anxious demeanor, alert but disoriented at times
   - General Appearance: Slightly diaphoretic, tachycardic with HR of 105 bpm, BP 140/85
   - Abdominal Exam: Mild tenderness in the right upper quadrant

13) Investigation/Test results:
   - Awaiting results: Liver Function Tests (LFTs), Vitamin D levels, Electrolyte Panel, Abdominal Ultrasound"|Rejected|Rejected|Rejected|Rejected||
ALCOHOL DEPENDENCE WITH WITHDRAWAL DELIRIUM|"ROLE: Psychiatrist 

**Variables:**
1. Medical Outcome:
   - Diagnosis: Alcohol dependence with withdrawal delirium
   - Prescribed Treatment: Lorazepam 2 mg, oral, every 6 hours for 7 days (28 tablets)
   - Follow-up Recommendations: Follow-up in 1 week to assess withdrawal symptoms, referral to addiction specialist Dr. Samson Taylor for long-term management.
   - Laboratory Tests: Comprehensive metabolic panel (biochemistry) to assess potential electrolyte imbalances.
   - Lifestyle Change: Strong recommendation to abstain from alcohol, guidance on healthy diet and exercise as tolerated, encouragement to attend local Alcoholics Anonymous meetings.

2. Medical History:
   - Previous Diagnoses: Hypertension, major depressive disorder
   - Medication History: Lisinopril 10 mg daily for hypertension, sertraline 50 mg daily for depression
   - Allergies: N/A
   - Chronic Conditions: Hypertension, depression

3. Symptom Description:
   - Severity: Severe
   - Duration: Last 48 hours
   - Associated Symptoms: Hallucinations, confusion, tremors, diaphoresis, agitation
   - Frequency: Continuous since stopping alcohol
   - Impact on Daily Activities: Unable to perform daily tasks independently

4. Patient’s self-reported habits and lifestyle:
   - Sleep: Poor, interrupted by vivid dreams and night sweats
   - Diet: Poor nutritional intake, mostly consuming alcohol prior to cessation
   - Exercise: Minimal due to general malaise and weakness
   - Tobacco Use: Smokes 1 pack per day
   - Alcohol Consumption: Drank heavily for 10 years, approximately 1 bottle of vodka daily, stopped 2 days ago
   - Drug Use: Denies any illicit drug use
   - Recreational Activities: N/A due to focus on drinking

5. Demographic Information:
   - Age: 45
   - Gender: Male
   - Ethnicity: Caucasian
   - Socio-economic Status: Lower-middle class
   - Education Level: Some college
   - Health Literacy: Limited understanding of medical terms
   - Job Status: Unemployed, history of job instability

6. Patient's Behavior:
   - Level of Cooperation: Cooperative but confused, willing to follow medical advice

7. Geographical Location:
   - Big City vs Small City: Small City
   - Rural vs Urban: Urban
   - Pollution and Environmental Health Risks: Moderate pollution
   - Neighborhood Type: Impoverished, limited access to healthcare services, food desert

8. Clinical Setting:
   - Hospitals, Clinics: Urgent Care Center

9. Type of Encounter:
   - Initial Consultation

10. Treatment Disparities:
   - Potential disparities due to limited financial resources, treatment options discussed with consideration of patient's ability to afford care

11. Native or Non-Native English Speaking Patient:
   - Native English Speaking

12. Physical Exams:
   - General appearance: Agitated, disheveled
   - Neurological: Disoriented to time, place, and situation. Positive for tremors and agitation.
   - Cardiovascular: Tachycardic, no murmurs
   - Respiratory: Breath sounds clear bilaterally
   - Skin: Diaphoretic, no rashes or lesions 

13. Investigation/Test results:
   - Awaiting results from comprehensive metabolic panel (biochemistry)"|Rejected|Rejected|Rejected|Rejected||
