Disease Description|Scenario|Note|Polished Note|Abbreviated Note|Role|dial|polished_dial
ST ELEVATION (STEMI) MYOCARDIAL INFARCTION INVOLVING OTHER CORONARY ARTERY OF ANTERIOR WALL|"ROLE: Cardiologist

- **Medical Outcome:**
  - Diagnosis: ST Elevation (STEMI) Myocardial Infarction involving other coronary artery of anterior wall.
  - Prescribed Treatment: Initiated dual antiplatelet therapy with aspirin 325 mg chewable, one-time dose, and clopidogrel 600 mg oral, one-time loading dose, followed by 75 mg daily. 
  - Follow-up Recommendations: Follow-up appointment in cardiology clinic in 1 week.
  - Referral to Specialists: Refer to Cardiovascular Surgery team for evaluation of potential percutaneous coronary intervention (PCI), Dr. John Smith.
  - Blood Work: Order biochemistry panel including troponin I, CK-MB, and complete blood count (CBC).
  - Imaging: Stat Echocardiogram to assess left ventricular function and regional wall motion abnormalities.
  - Medication Adjustment: Initiate atorvastatin 80 mg oral daily and metoprolol tartrate 25 mg oral twice daily.
  - Lifestyle change: Recommend smoking cessation, dietary modifications, and initiation of light physical activity post-recovery.
  
- **Medical History:**
  - Previous Diagnoses: Hypertension, Hyperlipidemia.
  - Chronic Conditions: Diabetes Mellitus Type 2.
  - Allergies: NKDA (No Known Drug Allergies).
  
- **Symptom Description:**
  - Severity: Severe chest pain rated 9/10.
  - Duration: Onset 2 hours ago.
  - Associated Symptoms: Diaphoresis, shortness of breath, nausea.
  - Frequency: First occurrence.
  - Impact on Daily Activities: Unable to perform any activities due to severe pain.
  
- **Patient’s self-reported habits and lifestyle:**
  - Sleep: Poor sleep for the last few months.
  - Diet: High in saturated fats and low in fruits/vegetables.
  - Exercise: Sedentary lifestyle.
  - Tobacco Use: 20 pack-year smoking history, currently smokes 1 pack/day.
  - Alcohol Consumption: Occasional, 1-2 drinks/week.
  - Drug Use: Denies any illicit drug use.
  - Recreational Activities: None reported.
  
- **Demographic Information:**
  - Age: 55
  - Gender: Male
  - Ethnicity: Caucasian
  - Socio-economic Status: Middle class
  - Education Level: High school graduate
  - Health Literacy: Moderate
  - Job Status: Construction Worker
  
- **Patient's Behavior:**
  - Cooperation: Patient is anxious but cooperative.
  
- **Geographical Location:**
  - Big City vs Small City: Urban
  - Pollution and Environmental Health Risks: Moderate pollution
  - Neighborhood Type: Moderate-income neighborhood, well-served by transit, not a food desert.
  
- **Clinical Setting:**
  - Hospitals: Emergency Room of a tertiary care hospital.
  
- **Type of Encounter:**
  - Emergency Visit
  
- **Treatment Disparities:**
  - Consider providing smoking cessation program due to the patient's socioeconomic status.
  
- **Native or Non-Native English Speaking Patient:**
  - Native English Speaker
  
- **Physical exams:**
  - Cardiovascular: Tachycardia, S4 heart sound, no murmurs heard.
  - Respiratory: Clear to auscultation, no wheezes or crackles.
  - General: Patient appears diaphoretic and in distress.
  - Extremities: No edema, peripheral pulses are palpable.

- **Investigation/Test results:**
  - Awaiting blood work: Troponin I, CK-MB, CBC.
  - EKG: ST elevation noted in leads V2-V4 indicating anterior wall myocardial infarction."|"#####
**1. Subjective:**

**Chief Complaint (CC):**
Severe chest pain.

**History of Present Illness (HPI):**
The patient, a 55-year-old male construction worker, presented to the Emergency Room with severe chest pain rated 9/10. The pain started 2 hours ago and is associated with diaphoresis, shortness of breath, and nausea. This is the first occurrence of such symptoms, and the pain has rendered the patient unable to perform any activities.

**Review of Systems (ROS):**
- Cardiovascular: Severe chest pain, diaphoresis.
- Respiratory: Shortness of breath.
- Gastrointestinal: Nausea.
- General: Poor sleep for the last few months.
- Lifestyle: Sedentary lifestyle, high-fat diet, 20 pack-year smoking history, occasional alcohol intake.

**Past Medical History (PMH):**
- Hypertension
- Hyperlipidemia
- Diabetes Mellitus Type 2
- No known drug allergies (NKDA)

**2. Objective:**

**Vital Signs:**
- Blood Pressure: 160/95 mmHg
- Heart Rate: 110 bpm (tachycardia)
- Respiratory Rate: 22 breaths/min
- Temperature: 98.6°F
- SpO2: 94% on room air

**Physical Examination:**

**General:**
- Patient appears diaphoretic and in distress.

**Cardiovascular:**
- Tachycardia
- S4 heart sound
- No murmurs heard

**Respiratory:**
- Clear to auscultation
- No wheezes or crackles

**Extremities:**
- No edema
- Peripheral pulses are palpable

**Investigations:**
- EKG: ST elevation noted in leads V2-V4 indicating anterior wall myocardial infarction.
- Blood work: Pending results for Troponin I, CK-MB, CBC
- Imaging: Awaiting stat echocardiogram to assess left ventricular function and regional wall motion abnormalities.

**3. Assessment:**

- **Primary Diagnosis:**
  - ST Elevation (STEMI) Myocardial Infarction involving the coronary artery of the anterior wall.

**4. Plan:**

**Medications:**
- Initiated dual antiplatelet therapy:
  - Aspirin 325 mg chewable, one-time dose.
  - Clopidogrel 600 mg oral, one-time loading dose, followed by 75 mg daily.
- Initiate atorvastatin 80 mg oral daily.
- Metoprolol tartrate 25 mg oral twice daily.

**Referrals:**
- Refer to Cardiovascular Surgery team for evaluation of potential percutaneous coronary intervention (PCI) with Dr. John Smith.

**Diagnostics:**
- Order biochemistry panel including troponin I, CK-MB, and complete blood count (CBC).
- Stat echocardiogram to assess left ventricular function and regional wall motion abnormalities.

**Lifestyle Modifications:**
- Smoking cessation program referral due to socioeconomic status.
- Dietary modifications: Recommend a diet low in saturated fats and high in fruits and vegetables.
- Initiation of light physical activity post-recovery.

**Follow-up:**
- Schedule a follow-up appointment in the cardiology clinic in 1 week.

#####
"|"#####
**1. Subjective:**

**Chief Complaint (CC):**
Severe chest pain.

**History of Present Illness (HPI):**
The patient, a 55-year-old male construction worker, presented to the Emergency Room with severe chest pain rated 9/10. The pain started 2 hours ago and is associated with diaphoresis, shortness of breath, and nausea. This is the first occurrence of such symptoms, and the pain has rendered the patient unable to perform any activities.

**Review of Systems (ROS):**
- Cardiovascular: Severe chest pain, diaphoresis.
- Respiratory: Shortness of breath.
- Gastrointestinal: Nausea.
- General: Poor sleep for the last few months.
- Lifestyle: Sedentary lifestyle, high-fat diet, 20 pack-year smoking history, occasional alcohol intake.

**Past Medical History (PMH):**
- Hypertension
- Hyperlipidemia
- Diabetes Mellitus Type 2
- No known drug allergies (NKDA)

**2. Objective:**

**Vital Signs:**
- Blood Pressure: 160/95 mmHg
- Heart Rate: 110 bpm (tachycardia)
- Respiratory Rate: 22 breaths/min
- Temperature: 98.6°F
- SpO2: 94% on room air

**Physical Examination:**

**General:**
- Patient appears diaphoretic and in distress.

**Cardiovascular:**
- Tachycardia
- S4 heart sound
- No murmurs heard

**Respiratory:**
- Clear to auscultation
- No wheezes or crackles

**Extremities:**
- No edema
- Peripheral pulses are palpable

**Investigations:**
- EKG: ST elevation noted in leads V2-V4 indicating anterior wall myocardial infarction.

**3. Assessment:**

- **Primary Diagnosis:**
  - ST Elevation (STEMI) Myocardial Infarction involving the coronary artery of the anterior wall.

**4. Plan:**

**Medications:**
- Initiated dual antiplatelet therapy:
  - Aspirin 325 mg chewable, one-time dose.
  - Clopidogrel 600 mg oral, one-time loading dose, followed by 75 mg daily.
- Initiate atorvastatin 80 mg oral daily.
- Metoprolol tartrate 25 mg oral twice daily.

**Referrals:**
- Refer to Cardiovascular Surgery team for evaluation of potential percutaneous coronary intervention (PCI) with Dr. John Smith.

**Diagnostics:**
- Order biochemistry panel including troponin I, CK-MB, and complete blood count (CBC).
- Stat echocardiogram to assess left ventricular function and regional wall motion abnormalities.

**Lifestyle Modifications:**
- Smoking cessation program referral due to socioeconomic status.
- Dietary modifications: Recommend a diet low in saturated fats and high in fruits and vegetables.
- Initiation of light physical activity post-recovery.

**Follow-up:**
- Schedule a follow-up appointment in the cardiology clinic in 1 week.

#####"|"#####
**1. Subjective:**

**CC:**
Severe CP.

**HPI:**
The pt, a 55 y/o M construction worker, presented to the ER with severe CP rated 9/10. The pain started 2 hrs ago and is associated with diaphoresis, SOB, and nausea. This is the first occurrence of such sx, and the pain has rendered the pt unable to perform any activities.

**ROS:**
- CV: Severe CP, diaphoresis.
- Resp: SOB.
- GI: Nausea.
- Gen: Poor sleep for the last few mos.
- Lifestyle: Sedentary lifestyle, high-fat diet, 20 pack-year smoking hx, occasional EtOH intake.

**PMH:**
- HTN
- HLD
- DM Type 2
- NKDA

**2. Objective:**

**VS:**
- BP: 160/95 mmHg
- HR: 110 bpm (tachy)
- RR: 22 breaths/min
- Temp: 98.6°F
- SpO2: 94% on RA

**PE:**

**Gen:**
- Pt appears diaphoretic and in distress.

**CV:**
- Tachy
- S4 heart sound
- No murmurs heard

**Resp:**
- CTA
- No wheezes or crackles

**Ext:**
- No edema
- Peripheral pulses are palpable

**Investigations:**
- EKG: ST elevation noted in leads V2-V4 indicating anterior wall MI.

**3. Assessment:**

- **Primary Dx:**
  - STEMI involving the coronary artery of the anterior wall.

**4. Plan:**

**Meds:**
- Initiated DAPT:
  - ASA 325 mg chewable, one-time dose.
  - Clopidogrel 600 mg PO, one-time loading dose, followed by 75 mg daily.
- Initiate atorvastatin 80 mg PO daily.
- Metoprolol tartrate 25 mg PO BID.

**Referrals:**
- Refer to CV Surgery team for eval of potential PCI with Dr. John Smith.

**Diagnostics:**
- Order biochem panel including troponin I, CK-MB, and CBC.
- Stat echo to assess LV function and regional wall motion abnormalities.

**Lifestyle Mods:**
- Smoking cessation program referral due to socioeconomic status.
- Dietary mods: Recommend a diet low in sat fats and high in fruits and veggies.
- Initiation of light physical activity post-recovery.

**F/U:**
- Schedule a F/U appt in the cardiology clinic in 1 wk.

#####"|Cardiologist|"#####
**Doctor:** Hello, I see you’ve come in today with some severe chest pain. Can you tell me more about what’s been going on?

**Patient:** Yeah, I’ve been having this really bad chest pain. It started about two hours ago. It’s really intense, like 9 out of 10 on the pain scale.

**Doctor:** I’m sorry to hear that. You mentioned it started two hours ago. Did anything specific trigger the pain?

**Patient:** No, it just came out of nowhere while I was sitting at home. I wasn’t doing anything physical.

**Doctor:** I see. Have you experienced any other symptoms along with the chest pain?

**Patient:** Yes, I’ve been sweating a lot, and it’s hard to breathe. I also feel nauseous.

**Doctor:** That sounds quite concerning. Have you ever had chest pain like this before?

**Patient:** No, this is the first time anything like this has happened to me.

**Doctor:** Okay. Let’s talk a bit about your lifestyle. What does your daily routine look like?

**Patient:** I work as a construction worker, but honestly, I’ve been pretty sedentary when I’m not at work. I don’t exercise much.

**Doctor:** How about your diet?

**Patient:** I eat a lot of fast food and high-fat meals. I know it’s not the healthiest, but it’s convenient.

**Doctor:** Understood. Do you smoke or drink alcohol?

**Patient:** Yes, I’ve been smoking for about 20 years, around a pack a day. I drink alcohol occasionally, mostly on weekends.

**Doctor:** Thank you for sharing that. Have you been able to sleep well recently?

**Patient:** Not really, I’ve had poor sleep for the last few months.

**Doctor:** Let’s review your medical history. Do you have any existing medical conditions?

**Patient:** Yes, I have hypertension, hyperlipidemia, and Type 2 diabetes.

**Doctor:** Any known drug allergies?

**Patient:** No, I don’t have any drug allergies.

**Doctor:** Alright, thank you. Let’s move on to a physical examination. I’ll be checking your vital signs and other parameters. Your blood pressure is 160/95 mmHg, which is quite high. Your heart rate is 110 beats per minute, and your respiratory rate is 22 breaths per minute. Your temperature is normal at 98.6°F, and your oxygen saturation is 94%.

**Patient:** Okay.

**Doctor:** I’m also noticing that you appear quite diaphoretic and in distress. I’ll listen to your heart now. You have tachycardia and an S4 heart sound, but no murmurs are heard. Your lungs are clear to auscultation without wheezes or crackles. There’s no edema in your extremities, and your peripheral pulses are palpable.

**Patient:** Alright.

**Doctor:** I’ll review your EKG. There is ST elevation noted in leads V2-V4, which is indicative of an anterior wall myocardial infarction, or a heart attack.

**Patient:** That sounds serious.

**Doctor:** It is serious, but we’re going to take immediate action. I’m awaiting the results for your Troponin I, CK-MB, and complete blood count. We’re also going to perform a stat echocardiogram to assess your left ventricular function and check for any regional wall motion abnormalities.

**Patient:** Okay, what’s the plan?

**Doctor:** We’re going to start with medications right away. You’ll receive a chewable aspirin of 325 mg as a one-time dose, and Clopidogrel 600 mg as a loading dose, followed by 75 mg daily. We’ll also start you on Atorvastatin 80 mg daily and Metoprolol tartrate 25 mg twice daily.

**Patient:** What are these medications for?

**Doctor:** The aspirin and Clopidogrel are antiplatelet medications that help prevent blood clots. Atorvastatin is a cholesterol-lowering medication, and Metoprolol is a beta-blocker that helps reduce the workload on your heart.

**Patient:** I see, what else is going to happen?

**Doctor:** I’m referring you to the Cardiovascular Surgery team for evaluation. You may need a percutaneous coronary intervention, commonly known as PCI, to open up any blocked arteries. Dr. John Smith will be the specialist handling your case.

**Patient:** Will I need surgery?

**Doctor:** It’s a possibility, but Dr. Smith will determine the best course of action after further evaluation.

**Patient:** Is there anything I can do to improve my condition?

**Doctor:** Yes, we’ll focus on lifestyle modifications after your immediate treatment. You should quit smoking and make dietary changes to lower your intake of saturated fats and increase fruits and vegetables. Light physical activity will also be recommended once you’ve recovered.

**Patient:** I’ve been meaning to quit smoking. I guess now is the time.

**Doctor:** Definitely. I’ll refer you to a smoking cessation program. It’s crucial for your recovery and overall health.

**Patient:** What about follow-up?

**Doctor:** We’ll schedule a follow-up appointment in the cardiology clinic in one week. By then, we should have a clearer picture of your condition and the next steps.

**Patient:** Alright, thank you, doctor.

**Doctor:** You’re welcome. We’ll take good care of you. Let’s get started on your treatment plan right away.
#####
"|"[doctor]: Hello, I see you’ve come in today with some severe chest pain. Can you tell me more about what’s been going on?

[patient]: Yeah, I’ve been having this really bad chest pain. It started about two hours ago. It’s really intense, like 9 out of 10 on the pain scale.

[doctor]: Hmm, I’m sorry to hear that. You mentioned it started two hours ago. Did anything specific trigger the pain?

[patient]: No, it just came out of nowhere while I was sitting at home. I wasn’t doing anything physical.

[doctor]: I see. Have you experienced any other symptoms along with the chest pain?

[patient]: Yes, I’ve been sweating a lot, and it’s hard to breathe. I also feel nauseous.

[doctor]: That sounds quite concerning. Have you ever had chest pain like this before?

[patient]: No, this is the first time anything like this has happened to me.

[doctor]: Okay. Let’s talk a bit about your lifestyle. What does your daily routine look like?

[patient]: I work as a construction worker, but honestly, I’ve been pretty sedentary when I’m not at work. I don’t exercise much.

[doctor]: How about your diet?

[patient]: I eat a lot of fast food and high-fat meals. I know it’s not the healthiest, but it’s convenient.

[doctor]: Understood. Do you smoke or drink alcohol?

[patient]: Yes, I’ve been smoking for about 20 years, around a pack a day. I drink alcohol occasionally, mostly on weekends.

[doctor]: Thank you for sharing that. Have you been able to sleep well recently?

[patient]: Not really, I’ve had poor sleep for the last few months.

[doctor]: Let’s review your medical history. Do you have any existing medical conditions?

[patient]: Yes, I have hypertension, hyperlipidemia, and Type 2 diabetes.

[doctor]: Any known drug allergies?

[patient]: No, I don’t have any drug allergies.

[doctor]: Alright, thank you. Let’s move on to a physical examination. I’ll be checking your vital signs and other parameters. Your blood pressure is 160/95 mmHg, which is quite high. Your heart rate is 110 beats per minute, and your respiratory rate is 22 breaths per minute. Your temperature is normal at 98.6°F, and your oxygen saturation is 94%.

[patient]: Okay.

[doctor]: I’m also noticing that you appear quite diaphoretic and in distress. I’ll listen to your heart now. You have tachycardia and an S4 heart sound, but no murmurs are heard. Your lungs are clear to auscultation without wheezes or crackles. There’s no edema in your extremities, and your peripheral pulses are palpable.

[patient]: Alright.

[doctor]: I’ll review your EKG. There is ST elevation noted in leads V2-V4, which is indicative of an anterior wall myocardial infarction, or a heart attack.

[patient]: That sounds serious.

[doctor]: It is serious, but we’re going to take immediate action. I’m awaiting the results for your Troponin I, CK-MB, and complete blood count. We’re also going to perform a stat echocardiogram to assess your left ventricular function and check for any regional wall motion abnormalities.

[patient]: Okay, what’s the plan?

[doctor]: We’re going to start with medications right away. You’ll receive a chewable aspirin of 325 mg as a one-time dose, and Clopidogrel 600 mg as a loading dose, followed by 75 mg daily. We’ll also start you on Atorvastatin 80 mg daily and Metoprolol tartrate 25 mg twice daily.

[patient]: What are these medications for?

[doctor]: The aspirin and Clopidogrel are antiplatelet medications that help prevent blood clots. Atorvastatin is a cholesterol-lowering medication, and Metoprolol is a beta-blocker that helps reduce the workload on your heart.

[patient]: I see, what else is going to happen?

[doctor]: I’m referring you to the Cardiovascular Surgery team for evaluation. You may need a percutaneous coronary intervention, commonly known as PCI, to open up any blocked arteries. Dr. John Smith will be the specialist handling your case.

[patient]: Will I need surgery?

[doctor]: It’s a possibility, but Dr. Smith will determine the best course of action after further evaluation.

[patient]: Is there anything I can do to improve my condition?

[doctor]: Yes, we’ll focus on lifestyle modifications after your immediate treatment. You should quit smoking and make dietary changes to lower your intake of saturated fats and increase fruits and vegetables. Light physical activity will also be recommended once you’ve recovered.

[patient]: I’ve been meaning to quit smoking. I guess now is the time.

[doctor]: Definitely. I’ll refer you to a smoking cessation program. It’s crucial for your recovery and overall health.

[patient]: What about follow-up?

[doctor]: We’ll schedule a follow-up appointment in the cardiology clinic in one week. By then, we should have a clearer picture of your condition and the next steps.

[patient]: Alright, thank you, doctor.

[doctor]: You’re welcome. We’ll take good care of you. Let’s get started on your treatment plan right away."
ST ELEVATION (STEMI) MYOCARDIAL INFARCTION INVOLVING OTHER CORONARY ARTERY OF ANTERIOR WALL|"ROLE: Cardiologist

1. Medical Outcome:
   - Diagnosis: ST Elevation (STEMI) Myocardial Infarction involving other coronary artery of anterior wall.
   - Prescribed Treatment:
     - Administer thrombolytic therapy (e.g., Alteplase) as 15 mg intravenous bolus followed by 0.75 mg/kg (up to 50 mg) over 30 minutes, and then 0.5 mg/kg (up to 35 mg) over 60 minutes.
     - Aspirin 325 mg tablet orally, once daily.
     - Clopidogrel 300 mg loading dose, followed by 75 mg tablet orally, once daily.
   - Follow-up: Cardiologist in 1 week, primary care physician in 2 weeks.
   - Referral: Cardiac Rehab, Dr. Emily Johnson for post-myocardial infarction rehabilitation.
   - Imaging: Echocardiogram to assess ejection fraction and heart function.
   - Blood Work: Cardiac enzymes (Troponin I, CK-MB), CBC, CMP, Lipid Panel.
   - Lifestyle Change: Smoking cessation, low-sodium diet, regular moderate exercise after clearance from cardiac rehab, and alcohol cessation.

2. Medical History:
   - Previous Diagnoses: Untreated Hyperlipidemia, frequent untreated migraines.
   - Family Medical History: Mother had hypertension and stroke at age 60, no history of heart diseases.
   - Medication History: OTC Painkillers for migraines.
   - Allergies: Allergic to penicillin.
   - Chronic Conditions: Hyperlipidemia, untreated headaches.

3. Symptom Description:
   - Severity: Severe
   - Duration: 1.5 hours since onset.
   - Associated Symptoms: Chest pain radiating to the back, nausea, vomiting, shortness of breath.
   - Frequency: First episode.
   - Impact on Daily Activities: Unable to perform any activities due to severe chest pain.

4. Patient’s self-reported habits and lifestyle:
   - Sleep: Generally sleeps 5-6 hours per night due to headaches.
   - Diet: High in fatty foods, excessive caffeine intake.
   - Exercise: Rarely exercises, mostly sedentary.
   - Tobacco Use: Current smoker, 1 pack/day.
   - Alcohol Consumption: Excessive, drinks heavily on weekends.
   - Drug Use: Denies illicit drug use.
   - Recreational Activities: Enjoys frequenting bars and pubs.

5. Demographic Information:
   - Age: 47
   - Gender: Female
   - Ethnicity: Hispanic
   - Socio-economic Status: Lower middle class
   - Education Level: High school graduate
   - Health Literacy: Low
   - Job Status: Works part-time as a cashier

6. Patient's Behavior:
   - Generally non-compliant with medical advice, frequently skips medication doses.

7. Geographical Location:
   - Big City vs Small City: Small city in a rural area.
   - Rural vs Urban: Rural
   - Pollution and Environmental Health Risks: Low pollution.
   - Neighborhood Type: Impoverished, limited access to healthcare facilities.
   - Well-served by Transit: No
   - Food Desert: Yes

8. Clinical Setting:
   - Clinical Setting: Local rural health clinic, referred to the nearest hospital emergency department.

9. Type of Encounter:
   - Type of Encounter: Emergency Visit due to acute chest pain.

10. Treatment Disparities:
   - Potential limitation in treatment options due to economic constraints and low health literacy, lack of immediate access to advanced healthcare facilities.

11. Native or Non-Native English Speaking Patient:
   - Native Spanish Speaking, requiring a translator.

12. Physical exams:
   - Cardiovascular: Elevated JVP, S3 heart sound, possible murmur, and signs of shock.
   - Respiratory: Bilateral basal crackles, tachypnea.
   - General: Diaphoretic, unresponsive to verbal commands due to pain and shock.

13. Investigation/Test results:
   - Electrocardiogram (ECG): Confirmatory of ST-elevation in leads V2-V4 indicating anterior myocardial infarction.
   - Blood Work results: Troponin I elevated, CK-MB elevated, CBC and CMP pending.
   - Awaiting: Results of Echocardiogram."|"**1. Subjective:**

**Chief Complaint (CC):**
Severe chest pain.

**History of Present Illness (HPI):**
47-year-old Hispanic female presents with severe chest pain radiating to the back, accompanied by nausea, vomiting, and shortness of breath. The symptoms began approximately 1.5 hours ago. This is her first episode of such symptoms, and she is currently unable to perform any activities due to the severity of the pain.

**Review of Systems (ROS):**
- Constitutional: Severe pain causing diaphoresis, unresponsive to verbal commands due to pain and shock.
- Cardiovascular: Severe chest pain radiating to the back, no previous history of similar symptoms.
- Respiratory: Shortness of breath, tachypnea.
- Gastrointestinal: Nausea and vomiting.
- Neurological: Frequent untreated migraines.
- Musculoskeletal: No significant findings.
- Genitourinary: No significant findings.
- Dermatological: Diaphoretic, no rash or lesions noted.

**2. Objective:**

**VITAL SIGNS:**
- Blood Pressure: Hypotensive, exact value pending.
- Heart Rate: Tachycardic, exact value pending.
- Respiratory Rate: Tachypneic, exact value pending.
- Oxygen Saturation: Pending.
- Temperature: Afebrile, exact value pending.

**PHYSICAL EXAM:**

**General Appearance:**
- Diaphoretic, appears in severe distress.

**Cardiovascular:**
- Elevation of Jugular Venous Pressure (JVP).
- S3 heart sound present.
- Possible murmur detected.
- Signs of shock.

**Respiratory:**
- Bilateral basal crackles.
- Tachypnea.

**Other Systems:**
- HEENT: Unremarkable.
- Abdomen: Soft, non-tender.
- Extremities: No edema.

**RESULTS:**
- Electrocardiogram (ECG): ST-elevation in leads V2-V4 confirming anterior myocardial infarction.
- Blood Work: Troponin I and CK-MB levels elevated; CBC and CMP pending.
- Echocardiogram: Pending.

**3. Assessment:**

**Diagnosis:**
ST Elevation (STEMI) Myocardial Infarction involving other coronary artery of the anterior wall.

**Differential Diagnosis:**
1. STEMI due to coronary artery occlusion.
2. Acute coronary syndrome.
3. Unstable angina.

**4. Plan:**

**Medical Treatment:**
1. Thrombolytic therapy: Administer Alteplase with a 15 mg IV bolus followed by 0.75 mg/kg (up to 50 mg) over 30 minutes, and then 0.5 mg/kg (up to 35 mg) over 60 minutes.
2. Aspirin: 325 mg tablet orally, once daily.
3. Clopidogrel: 300 mg loading dose, followed by 75 mg tablet orally, once daily.

**Lifestyle Modifications:**
1. Smoking cessation.
2. Low-sodium diet.
3. Regular moderate exercise post-clearance from cardiac rehab.
4. Alcohol cessation.

**Follow-Up:**
1. Cardiologist in 1 week.
2. Primary care physician in 2 weeks.

**Referral:**
1. Cardiac Rehab with Dr. Emily Johnson for post-myocardial infarction rehabilitation.

**Imaging:**
1. Echocardiogram to assess ejection fraction and heart function.

**Blood Work:**
1. Cardiac enzymes (Troponin I, CK-MB).
2. CBC.
3. CMP.
4. Lipid Panel.

**Patient Education and Counseling:**
1. Discussed the severity of her condition and the critical need for medication adherence.
2. Advised on the importance of lifestyle changes and smoking cessation.
3. Provided education regarding the signs and symptoms of potential complications.

**Patient Agreements:**
The patient understands and agrees with the recommended medical treatment plan and follow-up appointments.

**INSTRUCTIONS:**
1. Ensure immediate transfer to the nearest hospital for initiation of thrombolytic therapy and further management.
2. Continuous monitoring in the hospital for at least 24-48 hours post-thrombolysis.
3. Arrange follow-up with cardiologist and primary care physician as scheduled."|"**1. Subjective:**

**Chief Complaint (CC):**
Severe chest pain.

**History of Present Illness (HPI):**
47-year-old Hispanic female, Maria Gonzalez, presents with severe chest pain radiating to the back, accompanied by nausea, vomiting, and shortness of breath. The symptoms began approximately 1.5 hours ago. This is her first episode of such symptoms, and she is currently unable to perform any activities due to the severity of the pain.

**Review of Systems (ROS):**
- Constitutional: Severe pain causing diaphoresis, unresponsive to verbal commands due to pain and shock.
- Cardiovascular: Severe chest pain radiating to the back, no previous history of similar symptoms.
- Respiratory: Shortness of breath, tachypnea.
- Gastrointestinal: Nausea and vomiting.
- Neurological: Frequent untreated migraines.
- Musculoskeletal: No significant findings.
- Genitourinary: No significant findings.
- Dermatological: Diaphoretic, no rash or lesions noted.

**2. Objective:**

**VITAL SIGNS:**
- Blood Pressure: Hypotensive, exact value pending.
- Heart Rate: Tachycardic, exact value pending.
- Respiratory Rate: Tachypneic, exact value pending.
- Oxygen Saturation: Pending.
- Temperature: Afebrile, exact value pending.

**PHYSICAL EXAM:**

**General Appearance:**
- Diaphoretic, appears in severe distress.

**Cardiovascular:**
- Elevation of Jugular Venous Pressure (JVP).
- S3 heart sound present.
- Possible murmur detected.
- Signs of shock.

**Respiratory:**
- Bilateral basal crackles.
- Tachypnea.

**Other Systems:**
- HEENT: Unremarkable.
- Abdomen: Soft, non-tender.
- Extremities: No edema.

**RESULTS:**
- Electrocardiogram (ECG): ST-elevation in leads V2-V4 confirming anterior myocardial infarction.
- Blood Work: Troponin I and CK-MB levels elevated; CBC and CMP pending.

**3. Assessment:**

**Diagnosis:**
ST Elevation (STEMI) Myocardial Infarction involving other coronary artery of the anterior wall.

**Differential Diagnosis:**
1. STEMI due to coronary artery occlusion.
2. Acute coronary syndrome.
3. Unstable angina.

**4. Plan:**

**Medical Treatment:**
1. Thrombolytic therapy: Administer Alteplase with a 15 mg IV bolus followed by 0.75 mg/kg (up to 50 mg) over 30 minutes, and then 0.5 mg/kg (up to 35 mg) over 60 minutes.
2. Aspirin: 325 mg tablet orally, once daily.
3. Clopidogrel: 300 mg loading dose, followed by 75 mg tablet orally, once daily.

**Lifestyle Modifications:**
1. Smoking cessation.
2. Low-sodium diet.
3. Regular moderate exercise post-clearance from cardiac rehab.
4. Alcohol cessation.

**Follow-Up:**
1. Cardiologist in 1 week.
2. Primary care physician in 2 weeks.

**Referral:**
1. Cardiac Rehab with Dr. Emily Johnson for post-myocardial infarction rehabilitation.

**Imaging:**
1. Echocardiogram to assess ejection fraction and heart function.

**Blood Work:**
1. Cardiac enzymes (Troponin I, CK-MB).
2. CBC.
3. CMP.
4. Lipid Panel.

**Patient Education and Counseling:**
1. Discussed the severity of her condition and the critical need for medication adherence.
2. Advised on the importance of lifestyle changes and smoking cessation.
3. Provided education regarding the signs and symptoms of potential complications.

**Patient Agreements:**
The patient understands and agrees with the recommended medical treatment plan and follow-up appointments.

**INSTRUCTIONS:**
1. Ensure immediate transfer to the nearest hospital for initiation of thrombolytic therapy and further management.
2. Continuous monitoring in the hospital for at least 24-48 hours post-thrombolysis.
3. Arrange follow-up with cardiologist and primary care physician as scheduled."|"**1. Subjective:**

**CC:**
Severe CP.

**HPI:**
47 y/o Hispanic F, Maria Gonzalez, presents with severe CP radiating to the back, accompanied by N/V and SOB. Symptoms began ~1.5 hrs ago. This is her first episode of such symptoms, and she is currently unable to perform any activities due to the severity of the pain.

**ROS:**
- Constitutional: Severe pain causing diaphoresis, unresponsive to verbal commands due to pain and shock.
- CV: Severe CP radiating to the back, no previous hx of similar symptoms.
- Resp: SOB, tachypnea.
- GI: N/V.
- Neuro: Frequent untreated migraines.
- MSK: No significant findings.
- GU: No significant findings.
- Derm: Diaphoretic, no rash or lesions noted.

**2. Objective:**

**VITALS:**
- BP: Hypotensive, exact value pending.
- HR: Tachycardic, exact value pending.
- RR: Tachypneic, exact value pending.
- O2 Sat: Pending.
- Temp: Afebrile, exact value pending.

**PE:**

**General:**
- Diaphoretic, appears in severe distress.

**CV:**
- Elevation of JVP.
- S3 heart sound present.
- Possible murmur detected.
- Signs of shock.

**Resp:**
- Bilateral basal crackles.
- Tachypnea.

**Other Systems:**
- HEENT: Unremarkable.
- Abd: Soft, non-tender.
- Extremities: No edema.

**RESULTS:**
- ECG: ST-elevation in leads V2-V4 confirming anterior MI.
- Blood Work: Troponin I and CK-MB levels elevated; CBC and CMP pending.

**3. Assessment:**

**Dx:**
STEMI involving other coronary artery of the anterior wall.

**DDx:**
1. STEMI due to coronary artery occlusion.
2. ACS.
3. Unstable angina.

**4. Plan:**

**Medical Tx:**
1. Thrombolytic therapy: Administer Alteplase with a 15 mg IV bolus followed by 0.75 mg/kg (up to 50 mg) over 30 mins, and then 0.5 mg/kg (up to 35 mg) over 60 mins.
2. ASA: 325 mg PO, once daily.
3. Clopidogrel: 300 mg loading dose, followed by 75 mg PO, once daily.

**Lifestyle Mods:**
1. Smoking cessation.
2. Low-Na diet.
3. Regular moderate exercise post-clearance from cardiac rehab.
4. Alcohol cessation.

**F/U:**
1. Cardiologist in 1 wk.
2. PCP in 2 wks.

**Referral:**
1. Cardiac Rehab with Dr. Emily Johnson for post-MI rehab.

**Imaging:**
1. Echo to assess EF and heart function.

**Blood Work:**
1. Cardiac enzymes (Troponin I, CK-MB).
2. CBC.
3. CMP.
4. Lipid Panel.

**Pt Ed and Counseling:**
1. Discussed the severity of her condition and the critical need for med adherence.
2. Advised on the importance of lifestyle changes and smoking cessation.
3. Provided ed regarding the signs and symptoms of potential complications.

**Pt Agreements:**
The pt understands and agrees with the recommended med tx plan and F/U appointments.

**INSTRUCTIONS:**
1. Ensure immediate transfer to the nearest hospital for initiation of thrombolytic therapy and further mgmt.
2. Continuous monitoring in the hospital for at least 24-48 hrs post-thrombolysis.
3. Arrange F/U with cardiologist and PCP as scheduled."|Cardiologist|"**Doctor:** Hi, how are you feeling today?

**Patient:** Hello, doctor. I’m in a lot of pain.

**Doctor:** I see. Can you tell me more about the pain you're experiencing?

**Patient:** It’s a severe chest pain, and it’s radiating to my back. I also feel nauseous and short of breath.

**Doctor:** When did these symptoms start?

**Patient:** About 1.5 hours ago.

**Doctor:** Is this the first time you've had these symptoms?

**Patient:** Yes, I’ve never felt anything like this before.

**Doctor:** Are you able to perform any activities right now?

**Patient:** No, the pain is too severe. I can’t do anything.

**Doctor:** I understand. Let’s go through a review of your systems. Are you experiencing any other symptoms?

**Patient:** I’m sweating a lot and I feel like I’m in shock.

**Doctor:** Okay, I see. Do you have any history of cardiovascular issues?

**Patient:** No, I’ve never had any heart problems before.

**Doctor:** How about respiratory issues? Are you experiencing shortness of breath?

**Patient:** Yes, I’m short of breath and it’s hard to breathe.

**Doctor:** Any nausea or vomiting?

**Patient:** Yes, both.

**Doctor:** Do you have a history of migraines?

**Patient:** Yes, I get migraines frequently, but I haven’t treated them.

**Doctor:** Any issues with your muscles or bones?

**Patient:** No, nothing significant.

**Doctor:** And how about your urinary or skin health? Any issues there?

**Patient:** No, nothing unusual.

**Doctor:** Alright, let’s proceed with a physical examination. Your vital signs show that you’re hypotensive and tachycardic. We’ll need to get the exact values soon. Your respiratory rate is also high, and we’ll check your oxygen saturation and temperature.

**Doctor:** You appear to be in severe distress and are sweating heavily. Let’s check your cardiovascular system. I notice an elevation in your Jugular Venous Pressure (JVP), and there’s an S3 heart sound present. I also hear a possible murmur and signs of shock.

**Patient:** What does that mean?

**Doctor:** It suggests that your heart is under a lot of stress. Let’s continue with the respiratory exam. I hear bilateral basal crackles, and your breathing is rapid.

**Doctor:** Your HEENT exam is unremarkable, and your abdomen is soft and non-tender. There’s no edema in your extremities.

**Doctor:** We’ve done an Electrocardiogram (ECG), and it shows ST-elevation in leads V2-V4, which confirms an anterior myocardial infarction. Your blood work shows elevated Troponin I and CK-MB levels. We’re still waiting on results for your CBC and CMP. We’ll also need an echocardiogram soon.

**Patient:** What does that mean for me?

**Doctor:** You’re experiencing a serious heart attack, known as an ST-Elevation Myocardial Infarction, or STEMI. We need to act quickly.

**Doctor:** Our plan is to administer thrombolytic therapy with Alteplase to dissolve the clot in your coronary artery. You’ll also need aspirin and clopidogrel to prevent further clots.

**Patient:** How will these medications help?

**Doctor:** The thrombolytic therapy will help dissolve the clot causing the heart attack. Aspirin and clopidogrel will help prevent new clots from forming. It’s crucial to start these medications immediately.

**Doctor:** We’ll also need to make some lifestyle changes. Do you smoke?

**Patient:** Yes, I do.

**Doctor:** It’s very important that you stop smoking. We’ll also recommend a low-sodium diet, regular moderate exercise once you’re cleared by cardiac rehab, and to stop drinking alcohol.

**Patient:** Okay, I understand.

**Doctor:** We’ll refer you to cardiac rehab with Dr. Emily Johnson for post-myocardial infarction rehabilitation. You’ll also need to follow up with a cardiologist in one week and your primary care physician in two weeks.

**Doctor:** We’ll need an echocardiogram to assess your heart’s function, and further blood work for cardiac enzymes, CBC, CMP, and a lipid panel.

**Doctor:** I want to make sure you understand the severity of your condition and the critical need for medication adherence. It’s also important to recognize the signs and symptoms of potential complications.

**Patient:** I understand and I’ll follow the recommendations.

**Doctor:** Great. We’ll transfer you to the nearest hospital immediately for initiation of thrombolytic therapy and further management. You’ll need continuous monitoring in the hospital for at least 24-48 hours post-thrombolysis.

**Patient:** Thank you, doctor.

**Doctor:** You’re welcome. We’ll arrange your follow-up appointments and ensure you get the care you need. Take care."|"[doctor]: Hi, how are you feeling today?

[patient]: Hello, doctor. I’m in a lot of pain.

[doctor]: Hmm, I see. Can you tell me more about the pain you're experiencing?

[patient]: It’s a severe chest pain, and it’s radiating to my back. I also feel nauseous and short of breath.

[doctor]: When did these symptoms start?

[patient]: About 1.5 hours ago.

[doctor]: I understand. Is this the first time you've had these symptoms?

[patient]: Yes, I’ve never felt anything like this before.

[doctor]: Okay. Are you able to perform any activities right now?

[patient]: No, the pain is too severe. I can’t do anything.

[doctor]: Alright, let's go through a review of your systems. Are you experiencing any other symptoms?

[patient]: I’m sweating a lot and I feel like I’m in shock.

[doctor]: Hmm, okay. Do you have any history of cardiovascular issues?

[patient]: No, I’ve never had any heart problems before.

[doctor]: How about respiratory issues? Are you experiencing shortness of breath?

[patient]: Yes, I’m short of breath and it’s hard to breathe.

[doctor]: Any nausea or vomiting?

[patient]: Yes, both.

[doctor]: Do you have a history of migraines?

[patient]: Yes, I get migraines frequently, but I haven’t treated them.

[doctor]: Any issues with your muscles or bones?

[patient]: No, nothing significant.

[doctor]: And how about your urinary or skin health? Any issues there?

[patient]: No, nothing unusual.

[doctor]: Alright, let’s proceed with a physical examination. Your vital signs show that you’re hypotensive and tachycardic. We’ll need to get the exact values soon. Your respiratory rate is also high, and we’ll check your oxygen saturation and temperature as well.

[doctor]: You appear to be in severe distress and are sweating heavily. Let’s check your cardiovascular system. I notice an elevation in your Jugular Venous Pressure (JVP), and there’s an S3 heart sound present. I also hear a possible murmur and signs of shock.

[patient]: What does that mean?

[doctor]: It suggests that your heart is under a lot of stress. Let’s continue with the respiratory exam. I hear bilateral basal crackles, and your breathing is rapid.

[doctor]: Your HEENT exam is unremarkable, and your abdomen is soft and non-tender. There’s no edema in your extremities.

[doctor]: We’ve done an Electrocardiogram (ECG), and it shows ST-elevation in leads V2-V4, which confirms an anterior myocardial infarction. Your blood work shows elevated Troponin I and CK-MB levels. We’re still waiting on results for your CBC and CMP. We’ll also need an echocardiogram soon.

[patient]: What does that mean for me?

[doctor]: You’re experiencing a serious heart attack, known as an ST-Elevation Myocardial Infarction, or STEMI. We need to act quickly.

[doctor]: Our plan is to administer thrombolytic therapy with Alteplase to dissolve the clot in your coronary artery. You’ll also need aspirin and clopidogrel to prevent further clots.

[patient]: How will these medications help?

[doctor]: The thrombolytic therapy will help dissolve the clot causing the heart attack. Aspirin and clopidogrel will help prevent new clots from forming. It’s crucial to start these medications immediately.

[doctor]: We’ll also need to make some lifestyle changes. Do you smoke?

[patient]: Yes, I do.

[doctor]: It’s very important that you stop smoking. We’ll also recommend a low-sodium diet, regular moderate exercise once you’re cleared by cardiac rehab, and to stop drinking alcohol.

[patient]: Okay, I understand.

[doctor]: We’ll refer you to cardiac rehab with Dr. Emily Johnson for post-myocardial infarction rehabilitation. You’ll also need to follow up with a cardiologist in one week and your primary care physician in two weeks.

[doctor]: We’ll need an echocardiogram to assess your heart’s function, and further blood work for cardiac enzymes, CBC, CMP, and a lipid panel.

[doctor]: I want to make sure you understand the severity of your condition and the critical need for medication adherence. It’s also important to recognize the signs and symptoms of potential complications.

[patient]: I understand and I’ll follow the recommendations.

[doctor]: Great. We’ll transfer you to the nearest hospital immediately for initiation of thrombolytic therapy and further management. You’ll need continuous monitoring in the hospital for at least 24-48 hours post-thrombolysis.

[patient]: Thank you, doctor.

[doctor]: You’re welcome. We’ll arrange your follow-up appointments and ensure you get the care you need. Take care."
ST ELEVATION (STEMI) MYOCARDIAL INFARCTION INVOLVING OTHER CORONARY ARTERY OF ANTERIOR WALL|"ROLE: Cardiologist

- **Medical Outcome:**
  - Diagnosis: ST Elevation (STEMI) Myocardial Infarction involving other coronary artery of anterior wall
  - Prescribed Treatment: 
    - Medication:
        - Aspirin 325 mg, chewable, stat dose in ER followed by 81 mg daily, oral
        - Atorvastatin 80 mg, once daily, oral
        - Clopidogrel 75 mg, once daily, oral
        - Metoprolol 50 mg, twice daily, oral
        - Nitroglycerin 0.4 mg, sublingual, every 5 minutes as needed for chest pain (maximum 3 doses)
        - Heparin drip initiated in the ER
  - Referral to Specialists: Consultation with interventional cardiologist Dr. Sandra Lee for potential PCI
  - Referral to Imaging: 
    - Echocardiogram to assess cardiac function
  - Referral to further tests: 
    - Cardiac enzyme panel: Troponin I, CK-MB every 6 hours for 24 hours
    - Lipid profile
    - Basic metabolic panel including renal function (BUN, Cr), and electrolytes
  - Follow-up Recommendations: Scheduled follow-up with primary cardiologist in two weeks

- **Medical History:**
  - Previous Diagnoses: Asthma, Obesity
  - Family Medical History: Mother had congestive heart failure, father had stroke at age 70
  - Medication History: Salbutamol inhaler, Atorvastatin
  - Allergies: Penicillin
  - Chronic Conditions: Asthma, Obesity

- **Symptom Description:**
  - Severity: Severe
  - Duration: 2 hours
  - Associated Symptoms: Chest tightness, shortness of breath, dizziness, perspiration
  - Frequency: First episode
  - Impact on Daily Activities: Inability to perform daily tasks, presented directly to the ER

- **Patient’s self-reported habits and lifestyle:**
  - Sleep: Poor sleep quality due to obstructive sleep apnea (uses CPAP)
  - Diet: High-calorie, high-fat diet
  - Exercise: Minimal physical activity 
  - Tobacco Use: Never smoked
  - Alcohol Consumption: Moderate, drinks 2-3 glasses of wine weekly
  - Drug Use: Denies illicit drug use
  - Recreational Activities: Enjoys watching sports and gardening

- **Demographic Information:**
  - Age: 48
  - Gender: Male
  - Ethnicity: Asian
  - Socio-economic Status: Upper-middle class
  - Education Level: College graduate
  - Health Literacy: High, keen understanding of medical concepts
  - Job Status: IT professional, full-time

- **Patient's Behavior:**
  - Level of cooperation with medical advice: Very cooperative, motivated to follow medical advice

- **Geographical Location:**
  - Big City vs Small City: Big city
  - Rural vs Urban: Urban
  - Pollution and Environmental Health Risks: Moderate pollution, good air quality overall 
  - Neighborhood Type: Affluent, with accessible healthcare facilities

- **Clinical Setting:**
  - Tertiary Care Hospital: Presented to the emergency department

- **Type of Encounter:**
  - Emergency Visit

- **Treatment Disparities:**
  - No evident treatment disparities; patient received standard aggressive treatment protocol for STEMI

- **Native or Non-Native English Speaking Patient:**
  - Native English speaking

- **Physical exams:**
  - Cardiac Examination: 
    - Auscultation revealed a new S3 gallop
    - Elevated Jugular Venous Pressure
    - General Examination: Obese, no cyanosis, or clubbing

- **Investigation/Test results:**
  - ECG: ST-segment elevation in leads V2-V4 indicating anterior wall myocardial infarction
  - Cardiac enzyme panel: Elevated Troponin I (awaiting CK-MB)
  - Chest X-ray: Clear lung fields, no evidence of heart failure or pulmonary edema"|"#####
**1. Subjective:**

**Chief Complaint (CC):**
Patient presented to the emergency department with severe chest pain.

**History of Present Illness (HPI):**
- Patient is a 48-year-old Asian male with a history of obesity and asthma.
- He reports experiencing severe chest tightness, shortness of breath, dizziness, and perspiration for the past 2 hours.
- This is the first episode of such symptoms.
- The chest pain was severe enough to prevent him from performing daily tasks, prompting him to come directly to the ER.

**Review of Systems (ROS):**
- Cardiovascular: Severe chest pain, chest tightness.
- Respiratory: Shortness of breath, history of asthma, uses CPAP for obstructive sleep apnea.
- Neurological: Dizziness, no loss of consciousness.
- Gastrointestinal: No nausea or vomiting.
- Musculoskeletal: No muscle pain.
- General: Profuse perspiration, no fever.

**2. Objective:**

**Vital Signs:**
- Blood Pressure: 150/90 mmHg
- Heart Rate: 110 bpm
- Respiratory Rate: 22 breaths per minute
- Temperature: 98.6°F
- Oxygen Saturation: 95% on room air

**Physical Examination:**
- General: Patient is obese, alert, in acute distress.
- Cardiovascular:
  - S3 gallop heard on auscultation.
  - Elevated Jugular Venous Pressure.
- Respiratory: Clear lung fields, no wheezes or crackles.
- Gastrointestinal: Soft, non-tender abdomen.
- Extremities: No cyanosis, clubbing, or edema.
  
**Investigations:**
- ECG: ST-segment elevation in leads V2-V4.
- Cardiac Enzyme Panel: Elevated Troponin I.
- Chest X-ray: Clear lung fields, no evidence of heart failure or pulmonary edema.
- Echocardiogram pending.
- Additional blood tests pending: lipid profile, basic metabolic panel, CK-MB levels.

**3. Assessment:**

- **Primary Diagnosis:**
  - ST Elevation Myocardial Infarction (STEMI) involving the anterior wall secondary to coronary artery disease.
  
- **Secondary Diagnoses:**
  - Obesity, contributing to cardiovascular risk.
  - Asthma, stable.

**4. Plan:**

**Medical Treatment:**
- Aspirin 325 mg, chewable, stat dose in ER followed by 81 mg daily, oral.
- Atorvastatin 80 mg, once daily, oral.
- Clopidogrel 75 mg, once daily, oral.
- Metoprolol 50 mg, twice daily, oral.
- Nitroglycerin 0.4 mg, sublingual, every 5 minutes as needed for chest pain (maximum 3 doses).
- Heparin drip initiated in the ER.
  
**Referrals and Consultations:**
- Immediate consultation with interventional cardiologist Dr. Sandra Lee for potential PCI.
- Echocardiogram to assess cardiac function.
- Cardiac enzyme panel: Troponin I, CK-MB every 6 hours for 24 hours.
- Lipid profile.
- Basic metabolic panel including renal function (BUN, Cr), and electrolytes.

**Patient Education and Counseling:**
- Discussed the importance of medication adherence and recognizing symptoms of a heart attack.
- Advised on lifestyle modifications, including dietary changes and increasing physical activity gradually.
- Informed patient about the need for close follow-up care.

**Follow-up Recommendations:**
- Scheduled follow-up with primary cardiologist in two weeks.
- Advised to avoid strenuous activities and follow a heart-healthy diet.

The patient understands and agrees with the recommended medical treatment plan.

**Instructions:**
- Monitor symptoms closely and take sublingual nitroglycerin as needed for chest pain.
- Avoid high-stress activities and ensure adequate rest.
- Return to the ER if symptoms worsen or new symptoms such as severe shortness of breath or fainting occur.
#####
"|"#####
**1. Subjective:**

**Chief Complaint (CC):**
Patient presented to the emergency department with severe chest pain.

**History of Present Illness (HPI):**
- Patient is a 48-year-old Asian male with a history of obesity and asthma.
- He reports experiencing severe chest tightness, shortness of breath, dizziness, and perspiration for the past 2 hours.
- This is the first episode of such symptoms.
- The chest pain was severe enough to prevent him from performing daily tasks, prompting him to come directly to the ER.

**Review of Systems (ROS):**
- Cardiovascular: Severe chest pain, chest tightness.
- Respiratory: Shortness of breath, history of asthma, uses CPAP for obstructive sleep apnea.
- Neurological: Dizziness, no loss of consciousness.
- Gastrointestinal: No nausea or vomiting.
- Musculoskeletal: No muscle pain.
- General: Profuse perspiration, no fever.

**2. Objective:**

**Vital Signs:**
- Blood Pressure: 150/90 mmHg
- Heart Rate: 110 bpm
- Respiratory Rate: 22 breaths per minute
- Temperature: 98.6°F
- Oxygen Saturation: 95% on room air

**Physical Examination:**
- General: Patient is obese, alert, in acute distress.
- Cardiovascular:
  - S3 gallop heard on auscultation.
  - Elevated Jugular Venous Pressure.
- Respiratory: Clear lung fields, no wheezes or crackles.
- Gastrointestinal: Soft, non-tender abdomen.
- Extremities: No cyanosis, clubbing, or edema.
  
**Investigations:**
- ECG: ST-segment elevation in leads V2-V4.
- Cardiac Enzyme Panel: Elevated Troponin I.
- Chest X-ray: Clear lung fields, no evidence of heart failure or pulmonary edema.
- Echocardiogram pending.
- Additional blood tests pending: lipid profile, basic metabolic panel, CK-MB levels.

**3. Assessment:**

- **Primary Diagnosis:**
  - ST Elevation Myocardial Infarction (STEMI) involving the anterior wall secondary to coronary artery disease.
  
- **Secondary Diagnoses:**
  - Obesity, contributing to cardiovascular risk.
  - Asthma, stable.

**4. Plan:**

**Medical Treatment:**
- Aspirin 325 mg, chewable, stat dose in ER followed by 81 mg daily, oral.
- Atorvastatin 80 mg, once daily, oral.
- Clopidogrel 75 mg, once daily, oral.
- Metoprolol 50 mg, twice daily, oral.
- Nitroglycerin 0.4 mg, sublingual, every 5 minutes as needed for chest pain (maximum 3 doses).
- Heparin drip initiated in the ER.
  
**Referrals and Consultations:**
- Immediate consultation with interventional cardiologist Dr. Sandra Lee for potential PCI.
- Echocardiogram to assess cardiac function.
- Cardiac enzyme panel: Troponin I, CK-MB every 6 hours for 24 hours.
- Lipid profile.
- Basic metabolic panel including renal function (BUN, Cr), and electrolytes.

**Patient Education and Counseling:**
- Discussed the importance of medication adherence and recognizing symptoms of a heart attack.
- Advised on lifestyle modifications, including dietary changes and increasing physical activity gradually.
- Informed patient about the need for close follow-up care.

**Follow-up Recommendations:**
- Scheduled follow-up with primary cardiologist in two weeks.
- Advised to avoid strenuous activities and follow a heart-healthy diet.

The patient understands and agrees with the recommended medical treatment plan.

**Instructions:**
- Monitor symptoms closely and take sublingual nitroglycerin as needed for chest pain.
- Avoid high-stress activities and ensure adequate rest.
- Return to the ER if symptoms worsen or new symptoms such as severe shortness of breath or fainting occur.
#####"|"#####
**1. Subjective:**

**CC:**
Pt presented to the ED with severe CP.

**HPI:**
- Pt is a 48 y/o Asian male with a hx of obesity and asthma.
- Reports severe CP, SOB, dizziness, and diaphoresis for the past 2 hrs.
- This is the first episode of such sx.
- The CP was severe enough to prevent him from performing ADLs, prompting him to come directly to the ER.

**ROS:**
- CV: Severe CP, chest tightness.
- Resp: SOB, hx of asthma, uses CPAP for OSA.
- Neuro: Dizziness, no LOC.
- GI: No N/V.
- MSK: No myalgia.
- General: Profuse diaphoresis, no fever.

**2. Objective:**

**VS:**
- BP: 150/90 mmHg
- HR: 110 bpm
- RR: 22 bpm
- Temp: 98.6°F
- O2 Sat: 95% on RA

**PE:**
- General: Pt is obese, alert, in acute distress.
- CV:
  - S3 gallop heard on auscultation.
  - Elevated JVP.
- Resp: Clear lung fields, no wheezes or crackles.
- GI: Soft, non-tender abdomen.
- Extremities: No cyanosis, clubbing, or edema.
  
**Investigations:**
- ECG: ST-segment elevation in leads V2-V4.
- Cardiac Enzyme Panel: Elevated Troponin I.
- CXR: Clear lung fields, no evidence of HF or pulmonary edema.
- Echo pending.
- Additional labs pending: lipid profile, BMP, CK-MB levels.

**3. Assessment:**

- **Primary Dx:**
  - STEMI involving the anterior wall secondary to CAD.
  
- **Secondary Dx:**
  - Obesity, contributing to CV risk.
  - Asthma, stable.

**4. Plan:**

**Medical Tx:**
- ASA 325 mg, chewable, stat dose in ER followed by 81 mg daily, PO.
- Atorvastatin 80 mg, once daily, PO.
- Clopidogrel 75 mg, once daily, PO.
- Metoprolol 50 mg, BID, PO.
- NTG 0.4 mg, SL, q5min PRN CP (max 3 doses).
- Heparin drip initiated in the ER.
  
**Referrals and Consults:**
- Immediate consult with interventional cardiologist Dr. Sandra Lee for potential PCI.
- Echo to assess cardiac function.
- Cardiac enzyme panel: Troponin I, CK-MB q6h for 24 hrs.
- Lipid profile.
- BMP including renal function (BUN, Cr), and electrolytes.

**Pt Education and Counseling:**
- Discussed the importance of med adherence and recognizing sx of a heart attack.
- Advised on lifestyle modifications, including dietary changes and increasing physical activity gradually.
- Informed pt about the need for close follow-up care.

**Follow-up Recommendations:**
- Scheduled follow-up with primary cardiologist in 2 weeks.
- Advised to avoid strenuous activities and follow a heart-healthy diet.

The pt understands and agrees with the recommended medical tx plan.

**Instructions:**
- Monitor sx closely and take SL NTG PRN CP.
- Avoid high-stress activities and ensure adequate rest.
- Return to the ER if sx worsen or new sx such as severe SOB or fainting occur.
#####"|Cardiologist|"[doctor] Hello, how are you feeling today?

[patient] Doctor, I'm not feeling well. I've been having severe chest pain.

[doctor] I see. Can you tell me more about this chest pain? How long it has been going on?

[patient] It's been about 2 hours now. It's really tight and painful.

[doctor] Are you experiencing any other symptoms along with the chest pain?

[patient] Yes, I'm also having shortness of breath, dizziness, and I'm sweating a lot.

[doctor] Okay, I see. And is this the first time you've experienced something like this?

[patient] Yes, this is the first time. I've never had such pain before.

[doctor] Hmm, alright. Do you have any medical history that we should know about?

[patient] Yes, I'm obese and I have asthma.

[doctor] Do you use any devices to help with your asthma or any related conditions?

[patient] Yes, I use a CPAP machine for obstructive sleep apnea.

[doctor] Alright, and have you experienced any nausea or vomiting?

[patient] No, none of that.

[doctor] How about muscle pain or fever?

[patient] No, just the chest pain and sweating.

[doctor] Okay. Let's move on to your vitals. Your blood pressure is 150/90 mmHg, heart rate is 110 bpm, respiratory rate is 22 breaths per minute, temperature is 98.6°F, and oxygen saturation is 95% on room air.

[patient] That sounds high, doesn't it?

[doctor] Yes, your blood pressure and heart rate are elevated, which can be concerning. I also did a physical examination. You are obese, alert, and in acute distress. I heard an S3 gallop on auscultation and noted elevated Jugular Venous Pressure.

[patient] What does that mean?

[doctor] The S3 gallop and elevated Jugular Venous Pressure can be signs of heart issues. However, your lung fields are clear, and there are no wheezes or crackles, which is good. Your abdomen is also soft and non-tender, and there is no cyanosis, clubbing, or edema in your extremities.

[patient] What tests have you done so far?

[doctor] We've conducted several tests. Your ECG shows ST-segment elevation in leads V2-V4, which is indicative of a heart attack. Your Cardiac Enzyme Panel shows elevated Troponin I levels, another sign of a heart attack. Your Chest X-ray is clear, with no evidence of heart failure or pulmonary edema.

[patient] That sounds serious.

[doctor] Yes, it is. Based on the results, you are experiencing an ST Elevation Myocardial Infarction (STEMI) involving the anterior wall. This is a type of heart attack caused by coronary artery disease.

[patient] What's the plan for treatment?

[doctor] We have started you on several medications. You were given Aspirin 325 mg as a stat dose in the ER, and you will continue with 81 mg daily. You are also on Atorvastatin 80 mg once daily, Clopidogrel 75 mg once daily, and Metoprolol 50 mg twice daily. Additionally, you can take Nitroglycerin 0.4 mg sublingual every 5 minutes as needed for chest pain, but no more than 3 doses. We have also initiated a Heparin drip.

[patient] What else needs to be done?

[doctor] We need to consult with interventional cardiologist Dr. Sandra Lee for a potential PCI (Percutaneous Coronary Intervention). An Echocardiogram will be done to assess your cardiac function. We'll also repeat the Cardiac Enzyme Panel every 6 hours for 24 hours and do a lipid profile and basic metabolic panel.

[patient] What should I do in the meantime?

[doctor] It's important to take your medications as prescribed and monitor your symptoms closely. Avoid high-stress activities and ensure you get adequate rest. If you experience worsening symptoms or new symptoms like severe shortness of breath or fainting, return to the ER immediately.

[patient] Can you tell me more about lifestyle changes I should consider?

[doctor] Sure. We discussed the importance of medication adherence and recognizing symptoms of a heart attack. You should also make lifestyle modifications, including dietary changes and gradually increasing physical activity. Avoid strenuous activities for now and follow a heart-healthy diet.

[patient] What about follow-up care?

[doctor] You should follow up with your primary cardiologist in two weeks. We will also schedule an echocardiogram and keep monitoring your cardiac enzymes. 

[patient] Thank you, doctor. I understand the plan.

[doctor] You're welcome. Let's get you stabilized, and we'll take it from there. If you have any questions or concerns, don't hesitate to ask.

[patient] Alright, thank you.

[doctor] Take care, and we'll be monitoring you closely."|"[doctor] Hello, how are you feeling today?

[patient] Doctor, I'm not feeling well. I've been having severe chest pain.

[doctor] I see. Can you tell me more about this chest pain? How long has it been going on?

[patient] It's been about 2 hours now. It's really tight and painful.

[doctor] Hmm, I understand. Are you experiencing any other symptoms along with the chest pain?

[patient] Yes, I'm also having shortness of breath, dizziness, and I'm sweating a lot.

[doctor] Okay, I see. And is this the first time you've experienced something like this?

[patient] Yes, this is the first time. I've never had such pain before.

[doctor] Hmm, alright. Do you have any medical history that we should know about?

[patient] Yes, I'm obese and I have asthma.

[doctor] Do you use any devices to help with your asthma or any related conditions?

[patient] Yes, I use a CPAP machine for obstructive sleep apnea.

[doctor] Alright, and have you experienced any nausea or vomiting?

[patient] No, none of that.

[doctor] How about muscle pain or fever?

[patient] No, just the chest pain and sweating.

[doctor] Okay. Let's move on to your vitals. Your blood pressure is 150/90 mmHg, heart rate is 110 bpm, respiratory rate is 22 breaths per minute, temperature is 98.6°F, and oxygen saturation is 95% on room air.

[patient] That sounds high, doesn't it?

[doctor] Yes, your blood pressure and heart rate are elevated, which can be concerning. I also did a physical examination. You are obese, alert, and in acute distress. I heard an S3 gallop on auscultation and noted elevated Jugular Venous Pressure.

[patient] What does that mean?

[doctor] The S3 gallop and elevated Jugular Venous Pressure can be signs of heart issues. However, your lung fields are clear, and there are no wheezes or crackles, which is good. Your abdomen is also soft and non-tender, and there is no cyanosis, clubbing, or edema in your extremities.

[patient] What tests have you done so far?

[doctor] We've conducted several tests. Your ECG shows ST-segment elevation in leads V2-V4, which is indicative of a heart attack. Your Cardiac Enzyme Panel shows elevated Troponin I levels, another sign of a heart attack. Your Chest X-ray is clear, with no evidence of heart failure or pulmonary edema.

[patient] That sounds serious.

[doctor] Yes, it is. Based on the results, you are experiencing an ST Elevation Myocardial Infarction (STEMI) involving the anterior wall. This is a type of heart attack caused by coronary artery disease.

[patient] What's the plan for treatment?

[doctor] We have started you on several medications. You were given Aspirin 325 mg as a stat dose in the ER, and you will continue with 81 mg daily. You are also on Atorvastatin 80 mg once daily, Clopidogrel 75 mg once daily, and Metoprolol 50 mg twice daily. Additionally, you can take Nitroglycerin 0.4 mg sublingual every 5 minutes as needed for chest pain, but no more than 3 doses. We have also initiated a Heparin drip.

[patient] What else needs to be done?

[doctor] We need to consult with interventional cardiologist Dr. Sandra Lee for a potential PCI (Percutaneous Coronary Intervention). An Echocardiogram will be done to assess your cardiac function. We'll also repeat the Cardiac Enzyme Panel every 6 hours for 24 hours and do a lipid profile and basic metabolic panel.

[patient] What should I do in the meantime?

[doctor] It's important to take your medications as prescribed and monitor your symptoms closely. Avoid high-stress activities and ensure you get adequate rest. If you experience worsening symptoms or new symptoms like severe shortness of breath or fainting, return to the ER immediately.

[patient] Can you tell me more about lifestyle changes I should consider?

[doctor] Sure. We discussed the importance of medication adherence and recognizing symptoms of a heart attack. You should also make lifestyle modifications, including dietary changes and gradually increasing physical activity. Avoid strenuous activities for now and follow a heart-healthy diet.

[patient] What about follow-up care?

[doctor] You should follow up with your primary cardiologist in two weeks. We will also schedule an echocardiogram and keep monitoring your cardiac enzymes.

[patient] Thank you, doctor. I understand the plan.

[doctor] You're welcome. Let's get you stabilized, and we'll take it from there. If you have any questions or concerns, don't hesitate to ask.

[patient] Alright, thank you.

[doctor] Take care, and we'll be monitoring you closely."
ST ELEVATION (STEMI) MYOCARDIAL INFARCTION INVOLVING OTHER CORONARY ARTERY OF ANTERIOR WALL|"ROLE: Cardiologist

**1) Medical Outcome:**
   - Diagnosis: ST elevation (STEMI) myocardial infarction involving other coronary artery of anterior wall.
   - Prescribed Treatment: Administer aspirin 325 mg orally once daily, Atorvastatin 80 mg orally once daily, Metoprolol 50 mg orally twice daily, and Nitroglycerin 0.4 mg sublingually every 5 minutes as needed for chest pain (maximum of 3 doses).
   - Follow-up Recommendations: Cardiac rehabilitation, follow-up visit with cardiologist in 1 week.
   - Referral to Specialists: Referral to an interventional cardiologist for possible percutaneous coronary intervention (PCI); Dr. Emily Wong.
   - Referral to Further Tests or Imaging: Coronary angiography, Echocardiogram.
   - Lifestyle Change: Diet modification (low salt, low fat, high fiber), complete smoking cessation, gradual increase in physical activity post-recovery.

**2) Medical History:**
   - Previous Diagnoses: Hypertension, Chronic Obstructive Pulmonary Disease (COPD).
   - Family Medical History: Mother had a stroke at 68, father had heart failure.
   - Medication History: Previously on Lisinopril 10 mg once daily, Albuterol inhaler PRN.
   - Allergies: None.
   - Chronic Conditions: Hypertension, COPD.

**3) Symptom Description:**
   - Severity: Severe
   - Duration: 3 hours
   - Associated Symptoms: Diaphoresis, dizziness, shortness of breath, and severe chest pain radiating to the jaw.
   - Frequency: First episode.
   - Impact on Daily Activities: Confined to bed due to severe chest pain.

**4) Patient’s Self-Reported Habits and Lifestyle:**
   - Sleep: Reports sleeping 5 hours per night, often has trouble breathing at night.
   - Diet: High in processed meats and sugary drinks.
   - Exercise: Rarely exercises due to breathing difficulties.
   - Tobacco Use: Smoker, 2 packs per day for the last 30 years.
   - Alcohol Consumption: Reports occasional alcohol use, 1-2 drinks per week.
   - Drug Use: Denies.
   - Recreational Activities: Enjoys watching TV, minimal physical activity.

**5) Demographic Information:**
   - Age: 68
   - Gender: Female
   - Ethnicity: Hispanic
   - Socio-economic Status: Low-income
   - Education Level: High school graduate
   - Health Literacy: Low
   - Job Status: Retired cook

**6) Patient's Behavior:**
   - Cooperation: Struggles with compliance due to financial constraints and lack of understanding of the importance of medication adherence.

**7) Geographical Location:**
   - Big City vs Small City: Small City
   - Rural vs Urban: Rural
   - Pollution and Environmental Health Risks: Low pollution, limited health care facilities.
   - Neighborhood Type: Impoverished, limited access to healthcare and healthy food.

**8) Clinical Setting:**
   - Type of Clinic: Community Health Center

**9) Type of Encounter:**
   - Initial Consultation post-emergency admission.

**10) Treatment Disparities:**
   - Treatment options impacted by patient’s financial constraints and limited access to advanced healthcare.

**11) Native or Non-Native English-Speaking Patient:**
   - Non-Native English-Speaking (Primary language: Spanish).

**12) Physical Exams:**
   - Cardiovascular: Elevated heart rate, irregular rhythm, harsh systolic murmur.
   - Respiratory: Wheezing, decreased breath sounds bilaterally.
   - Abdominal: NA
   - Neurological: Alert, oriented to time, place, and person.

**13) Investigation/Test results:**
   - Coronary angiography: Significant blockage in the left main coronary artery.
   - Troponin I: Elevated at 3.0 ng/mL, confirming myocardial infarction."|"#####
**1. Subjective:**

**Chief Complaint (CC):**  
Severe chest pain radiating to the jaw, associated with diaphoresis, dizziness, and shortness of breath.

**History of Present Illness (HPI):**  
Maria Gutierrez, a 68-year-old Hispanic female, presents to the community health center following emergency admission for severe chest pain that started 3 hours ago. The pain is described as crushing and radiates to the jaw. The patient reports associated symptoms including diaphoresis, dizziness, and shortness of breath. This is her first episode of such chest pain.

**Review of Systems (ROS):**  
- Cardiovascular: Reports severe chest pain radiating to the jaw.  
- Respiratory: Reports shortness of breath and wheezing, often worse at night.  
- General: Reports diaphoresis and dizziness.  

**2. Objective:**

**Vital Signs:**  
- Blood pressure: 160/100 mmHg  
- Heart rate: 105 bpm  
- Respiratory rate: 22 breaths/min  
- Temperature: 98.6°F  
- Oxygen saturation: 92% on room air  

**Physical Examination:**  
- **Cardiovascular:** Elevated heart rate; irregular rhythm; harsh systolic murmur noted.  
- **Respiratory:** Wheezing and decreased breath sounds bilaterally.  
- **Neurological:** Alert, oriented to time, place, and person.

**Investigation/Test results:**  
- **Coronary angiography:** Significant blockage in the left main coronary artery.  
- **Troponin I:** Elevated at 3.0 ng/mL, confirming myocardial infarction.  

**3. Assessment:**

**Diagnosis:**  
ST elevation (STEMI) myocardial infarction involving other coronary artery of the anterior wall.

**4. Plan:**

**Prescribed Treatment:**  
- Administer aspirin 325 mg orally once daily.  
- Atorvastatin 80 mg orally once daily.  
- Metoprolol 50 mg orally twice daily.  
- Nitroglycerin 0.4 mg sublingually every 5 minutes as needed for chest pain (maximum of 3 doses).  

**Follow-up Recommendations:**  
- Cardiac rehabilitation.  
- Follow-up visit with cardiologist in 1 week.  

**Referral to Specialists:**  
- Referral to an interventional cardiologist, Dr. Emily Wong, for possible percutaneous coronary intervention (PCI).  

**Referral to Further Tests or Imaging:**  
- Coronary angiography.  
- Echocardiogram.  

**Lifestyle Changes:**  
- Diet modification: low salt, low fat, high fiber.  
- Complete smoking cessation.  
- Gradual increase in physical activity post-recovery.  

**Patient Education and Support:**  
- Detailed discussion about the importance of medication adherence and lifestyle changes.  
- Assistance with accessing financial support programs for medications and treatments.  
- Providing educational materials in Spanish to enhance understanding.  

---

This note provides a comprehensive overview of the patient's subjective complaints, objective findings, assessment of the condition, and a detailed plan for treatment and follow-up. It also accounts for the patient's socio-economic context and language barriers, ensuring holistic care."|"#####
**1. Subjective:**

**Chief Complaint (CC):**  
Severe chest pain radiating to the jaw, associated with diaphoresis, dizziness, and shortness of breath.

**History of Present Illness (HPI):**  
Maria Gutierrez, a 68-year-old Hispanic female, presents to the community health center following emergency admission for severe chest pain that started 3 hours ago. The pain is described as crushing and radiates to the jaw. The patient reports associated symptoms including diaphoresis, dizziness, and shortness of breath. This is her first episode of such chest pain.

**Review of Systems (ROS):**  
- Cardiovascular: Reports severe chest pain radiating to the jaw.  
- Respiratory: Reports shortness of breath and wheezing, often worse at night.  
- General: Reports diaphoresis and dizziness.  

**2. Objective:**

**Vital Signs:**  
- Blood pressure: 160/100 mmHg  
- Heart rate: 105 bpm  
- Respiratory rate: 22 breaths/min  
- Temperature: 98.6°F  
- Oxygen saturation: 92% on room air  

**Physical Examination:**  
- **Cardiovascular:** Elevated heart rate; irregular rhythm; harsh systolic murmur noted.  
- **Respiratory:** Wheezing and decreased breath sounds bilaterally.  
- **Neurological:** Alert, oriented to time, place, and person.

**Investigation/Test results:**  
- **Coronary angiography:** Significant blockage in the left main coronary artery.  
- **Troponin I:** Elevated at 3.0 ng/mL, confirming myocardial infarction.  

**3. Assessment:**

**Diagnosis:**  
ST elevation (STEMI) myocardial infarction involving other coronary artery of the anterior wall.

**4. Plan:**

**Prescribed Treatment:**  
- Administer aspirin 325 mg orally once daily.  
- Atorvastatin 80 mg orally once daily.  
- Metoprolol 50 mg orally twice daily.  
- Nitroglycerin 0.4 mg sublingually every 5 minutes as needed for chest pain (maximum of 3 doses).  

**Follow-up Recommendations:**  
- Cardiac rehabilitation.  
- Follow-up visit with cardiologist in 1 week.  

**Referral to Specialists:**  
- Referral to an interventional cardiologist, Dr. Emily Wong, for possible percutaneous coronary intervention (PCI).  

**Referral to Further Tests or Imaging:**  
- Echocardiogram.  

**Lifestyle Changes:**  
- Diet modification: low salt, low fat, high fiber.  
- Complete smoking cessation.  
- Gradual increase in physical activity post-recovery.  

**Patient Education and Support:**  
- Detailed discussion about the importance of medication adherence and lifestyle changes.  
- Assistance with accessing financial support programs for medications and treatments.  
- Providing educational materials in Spanish to enhance understanding."|"#####
**1. Subjective:**

**CC:**  
Severe CP radiating to the jaw, associated with diaphoresis, dizziness, and SOB.

**HPI:**  
Maria Gutierrez, a 68 y/o Hispanic F, presents to the community health center following ED admission for severe CP that started 3 hrs ago. The pain is described as crushing and radiates to the jaw. The pt reports associated sx including diaphoresis, dizziness, and SOB. This is her first episode of such CP.

**ROS:**  
- CV: Reports severe CP radiating to the jaw.  
- Resp: Reports SOB and wheezing, often worse at night.  
- Gen: Reports diaphoresis and dizziness.  

**2. Objective:**

**VS:**  
- BP: 160/100 mmHg  
- HR: 105 bpm  
- RR: 22 breaths/min  
- Temp: 98.6°F  
- O2 sat: 92% on RA  

**PE:**  
- **CV:** Elevated HR; irregular rhythm; harsh systolic murmur noted.  
- **Resp:** Wheezing and decreased breath sounds bilaterally.  
- **Neuro:** Alert, oriented to time, place, and person.

**Investigation/Test results:**  
- **Coronary angio:** Significant blockage in the left main coronary artery.  
- **Troponin I:** Elevated at 3.0 ng/mL, confirming MI.  

**3. Assessment:**

**Dx:**  
STEMI involving other coronary artery of the anterior wall.

**4. Plan:**

**Rx:**  
- ASA 325 mg PO QD.  
- Atorvastatin 80 mg PO QD.  
- Metoprolol 50 mg PO BID.  
- NTG 0.4 mg SL q5min PRN CP (max 3 doses).  

**Follow-up:**  
- Cardiac rehab.  
- F/U with cardiologist in 1 wk.  

**Referral:**  
- Referral to interventional cardiologist, Dr. Emily Wong, for possible PCI.  

**Further Tests/Imaging:**  
- Echo.  

**Lifestyle Changes:**  
- Diet: low Na, low fat, high fiber.  
- Complete smoking cessation.  
- Gradual increase in physical activity post-recovery.  

**Pt Education and Support:**  
- Detailed discussion about the importance of med adherence and lifestyle changes.  
- Assistance with accessing financial support programs for meds and treatments.  
- Providing educational materials in Spanish to enhance understanding."|Cardiologist|"#####
**Doctor:** Hi Maria, how are you doing today? What brought you in?

**Patient:** Hi, Doctor. I’ve been having really bad chest pain since about three hours ago. It’s really scary.

**Doctor:** I'm sorry to hear that. Can you describe the pain for me? Where exactly do you feel it?

**Patient:** It feels like a crushing pain right in the middle of my chest. It also goes up to my jaw.

**Doctor:** Okay, I see. Do you have any other symptoms along with the chest pain?

**Patient:** Yes, I’ve been sweating a lot, feeling dizzy, and it’s hard to breathe.

**Doctor:** I understand. This sounds quite serious. Have you ever experienced this kind of chest pain before?

**Patient:** No, this is the first time something like this has happened to me.

**Doctor:** Alright. Let's discuss your symptoms in a bit more detail. You mentioned shortness of breath. Is it constant or does it come and go?

**Patient:** It’s mostly constant, but it gets worse when I move around.

**Doctor:** And you said you feel dizzy. How often does that happen?

**Patient:** It’s been on and off since the chest pain started.

**Doctor:** Okay. Have you felt any wheezing, especially at night?

**Patient:** Yes, I do wheeze sometimes, and it's definitely worse at night.

**Doctor:** Thank you for sharing. Let's review some of your vital signs now. Your blood pressure is 160/100 mmHg, and your heart rate is 105 beats per minute. Your respiratory rate is 22 breaths per minute, and your oxygen saturation is 92% on room air. Does that all make sense?

**Patient:** Yes, it does.

**Doctor:** During the physical exam, I noted that your heart rate is elevated and irregular. There’s also a harsh systolic murmur. Have you ever been told you have a heart murmur before?

**Patient:** No, this is the first time I’m hearing about it.

**Doctor:** Understood. I also heard wheezing and decreased breath sounds in your lungs. You mentioned shortness of breath earlier, right?

**Patient:** Yes, that’s correct.

**Doctor:** You’re also alert and oriented, which is good. Have you experienced any confusion or disorientation?

**Patient:** No, I haven’t.

**Doctor:** Alright. Let’s talk about some of the test results. Your coronary angiography showed significant blockage in your left main coronary artery. Do you know what this means?

**Patient:** Not really.

**Doctor:** It means that there's a serious blockage in one of the main arteries supplying blood to your heart. Additionally, your Troponin I levels are elevated at 3.0 ng/mL, which confirms that you’ve had a myocardial infarction, also known as a heart attack.

**Patient:** Oh no, that sounds really bad.

**Doctor:** It’s serious, but we’re going to take good care of you. The diagnosis is an ST elevation myocardial infarction involving other coronary artery of the anterior wall. We need to start treatment right away.

**Patient:** Okay, what do I need to do?

**Doctor:** We’ll start with some medications. You’ll need to take aspirin 325 mg once daily, atorvastatin 80 mg once daily, metoprolol 50 mg twice daily, and nitroglycerin 0.4 mg sublingually every 5 minutes as needed for chest pain, but no more than 3 doses. Can you follow that?

**Patient:** Yes, I can do that.

**Doctor:** Great. We’ll also refer you to an interventional cardiologist, Dr. Emily Wong, for possible percutaneous coronary intervention, which is a procedure to open up the blocked artery. You’ll need to follow up with her and have a coronary angiography and an echocardiogram done.

**Patient:** Alright, I’ll do that.

**Doctor:** It’s also important to make some lifestyle changes. We’ll need to modify your diet to be low in salt, low in fat, and high in fiber. You should aim for complete smoking cessation if you smoke, and gradually increase physical activity once you’ve recovered.

**Patient:** I don’t smoke, but I can work on the diet and exercise part.

**Doctor:** Excellent. We’ll provide you with educational materials in Spanish to help you better understand your condition and the importance of medication adherence and lifestyle changes. We’ll also assist you with accessing financial support programs for your medications and treatments.

**Patient:** Thank you so much. I really appreciate that.

**Doctor:** You’re welcome. We’ll schedule a follow-up visit with a cardiologist in one week and start you on cardiac rehabilitation. It’s crucial to stay on top of this, Maria.

**Patient:** I will, Doctor. Thank you for everything.

**Doctor:** Of course. Take care and we’ll see you soon. If you have any questions or concerns, don’t hesitate to reach out.

**Patient:** I will. Thank you again."|"[doctor]: Hi Maria, how are you doing today? What brought you in?

[patient]: Hi, Doctor. I’ve been having really bad chest pain since about three hours ago. It’s really scary.

[doctor]: Hmm, I'm sorry to hear that. Can you describe the pain for me? Where exactly do you feel it?

[patient]: It feels like a crushing pain right in the middle of my chest. It also goes up to my jaw.

[doctor]: Okay, I see. Do you have any other symptoms along with the chest pain?

[patient]: Yes, I’ve been sweating a lot, feeling dizzy, and it’s hard to breathe.

[doctor]: Hmm, I understand. This sounds quite serious. Have you ever experienced this kind of chest pain before?

[patient]: No, this is the first time something like this has happened to me.

[doctor]: Alright. Let's discuss your symptoms in a bit more detail. You mentioned shortness of breath. Is it constant or does it come and go?

[patient]: It’s mostly constant, but it gets worse when I move around.

[doctor]: And you said you feel dizzy. How often does that happen?

[patient]: It’s been on and off since the chest pain started.

[doctor]: Okay. Have you felt any wheezing, especially at night?

[patient]: Yes, I do wheeze sometimes, and it's definitely worse at night.

[doctor]: Thank you for sharing. Let's review some of your vital signs now. Your blood pressure is 160/100 mmHg, and your heart rate is 105 beats per minute. Your respiratory rate is 22 breaths per minute, and your oxygen saturation is 92% on room air. Does that all make sense?

[patient]: Yes, it does.

[doctor]: During the physical exam, I noted that your heart rate is elevated and irregular. There’s also a harsh systolic murmur. Have you ever been told you have a heart murmur before?

[patient]: No, this is the first time I’m hearing about it.

[doctor]: Understood. I also heard wheezing and decreased breath sounds in your lungs. You mentioned shortness of breath earlier, right?

[patient]: Yes, that’s correct.

[doctor]: You’re also alert and oriented, which is good. Have you experienced any confusion or disorientation?

[patient]: No, I haven’t.

[doctor]: Alright. Let’s talk about some of the test results. Your coronary angiography showed significant blockage in your left main coronary artery. Do you know what this means?

[patient]: Not really.

[doctor]: It means that there's a serious blockage in one of the main arteries supplying blood to your heart. Additionally, your Troponin I levels are elevated at 3.0 ng/mL, which confirms that you’ve had a myocardial infarction, also known as a heart attack.

[patient]: Oh no, that sounds really bad.

[doctor]: It’s serious, but we’re going to take good care of you. The diagnosis is an ST elevation myocardial infarction involving other coronary artery of the anterior wall. We need to start treatment right away.

[patient]: Okay, what do I need to do?

[doctor]: We’ll start with some medications. You’ll need to take aspirin 325 mg once daily, atorvastatin 80 mg once daily, metoprolol 50 mg twice daily, and nitroglycerin 0.4 mg sublingually every 5 minutes as needed for chest pain, but no more than 3 doses. Can you follow that?

[patient]: Yes, I can do that.

[doctor]: Great. We’ll also refer you to an interventional cardiologist, Dr. Emily Wong, for possible percutaneous coronary intervention, which is a procedure to open up the blocked artery. You’ll need to follow up with her and have a coronary angiography and an echocardiogram done.

[patient]: Alright, I’ll do that.

[doctor]: It’s also important to make some lifestyle changes. We’ll need to modify your diet to be low in salt, low in fat, and high in fiber. You should aim for complete smoking cessation if you smoke, and gradually increase physical activity once you’ve recovered.

[patient]: I don’t smoke, but I can work on the diet and exercise part.

[doctor]: Excellent. We’ll provide you with educational materials in Spanish to help you better understand your condition and the importance of medication adherence and lifestyle changes. We’ll also assist you with accessing financial support programs for your medications and treatments.

[patient]: Thank you so much. I really appreciate that.

[doctor]: You’re welcome. We’ll schedule a follow-up visit with a cardiologist in one week and start you on cardiac rehabilitation. It’s crucial to stay on top of this, Maria.

[patient]: I will, Doctor. Thank you for everything.

[doctor]: Of course. Take care and we’ll see you soon. If you have any questions or concerns, don’t hesitate to reach out.

[patient]: I will. Thank you again."
ST ELEVATION (STEMI) MYOCARDIAL INFARCTION INVOLVING OTHER CORONARY ARTERY OF ANTERIOR WALL|"ROLE: Cardiologist

**Demographic Information:** 
    - Age: 58
    - Gender: Male
    - Ethnicity: Caucasian
    - Socio-economic Status: Middle class
    - Education Level: High school graduate
    - Health Literacy: Moderate
    - Job Status: Retired factory worker

**Geographical Location:**
    - Big City vs Small City: Small city
    - Rural vs Urban: Urban
    - Neighborhood Type: Well-served by Transit

**Clinical Setting:** 
    - Hospitals

**Type of Encounter:** 
    - Emergency Visit

**Symptom Description:** 
    - Severity: Severe
    - Duration: 1 hour
    - Associated Symptoms: Chest pain, shortness of breath, sweating, nausea
    - Frequency: First occurrence
    - Impact on Daily Activities: Immediate disruption, unable to perform any activities

**Medical History:** 
    - Previous Diagnoses: Hypertension, Hyperlipidemia
    - Family Medical History: Father died of heart attack at age 62
    - Medication History: 
        - Lisinopril 10 mg, once daily for hypertension
        - Atorvastatin 20 mg, once daily for hyperlipidemia
    - Allergies: No known drug allergies 
    - Chronic Conditions: Hypertension

**Patient’s Self-reported Habits and Lifestyle:**
    - Sleep: Poor quality sleep, often wakes up during the night
    - Diet: High in saturated fats and sodium
    - Exercise: Sedentary lifestyle, rarely exercises
    - Tobacco Use: Smoked 1 pack/day for 30 years, quit 5 years ago
    - Alcohol Consumption: Occasional, about 2-3 drinks per week
    - Drug Use: Denies any illicit drug use
    - Recreational Activities: Watches TV, reads books

**Patient's Behavior:**
    - Level of Cooperation: Very cooperative

**Physical Exam:**
    - Cardiovascular: Tachycardia, regular rhythm, ST-segment elevation on ECG
    - Respiratory: Mild crackles at lung bases
    - Gastrointestinal: NA
    - Neurological: Alert and oriented, no focal deficits

**Investigation/Test results:**
    - ECG: ST-segment elevation in anterior leads
    - Blood work: 
        - Troponin I elevated
        - CK-MB elevated
        - Complete Blood Count (CBC): Within normal limits
        - Basic Metabolic Panel (BMP): Normal electrolytes, renal function within normal limits

**Medical Outcome:** 
    - Diagnosis: ST elevation (STEMI) myocardial infarction involving other coronary artery of the anterior wall
    - Immediate Treatment:
        - Aspirin 325 mg, chewable, stat
        - Clopidogrel 600 mg, oral, stat
        - Heparin IV bolus followed by continuous infusion
        - Nitroglycerin 0.4 mg, sublingual, every 5 minutes as needed for chest pain (up to 3 doses)
        - Morphine 2 mg IV, as needed for pain relief
    - Referral to Specialists: 
        - Reason: Emergent Percutaneous Coronary Intervention (PCI)
        - Specialty: Interventional Cardiology
        - Doctor's Name: Dr. John Smith
    - Follow-up Recommendations:
        - Cardiac Rehabilitation
        - Lifestyle Modification: Dietary changes, increase physical activity, smoking cessation counseling (maintain non-smoking status)
        - Follow-up with Primary Care Physician in 1 week for medication adjustment

**Treatment Disparities:**
    - NA

**Native or Non-Native English Speaking Patient:**
    - Native English Speaking

INSTRUCTIONS: 
    - Arrange for immediate transport to the cardiac catheterization lab.
    - Notify Interventional Cardiologist on call for urgent PCI."|"#####
**1. Subjective:**

**Chief Complaint (CC):** 
- Severe chest pain lasting for 1 hour, associated with shortness of breath, sweating, and nausea.
  
**History of Present Illness (HPI):**
- A 58-year-old Caucasian male with a history of hypertension and hyperlipidemia presented to the emergency department with severe chest pain lasting for the past hour. The pain is described as crushing and is localized to the chest, radiating to the left arm and jaw. The patient reports shortness of breath, significant sweating, and nausea. This is the first occurrence of such symptoms.

**Review of Systems (ROS):**
- Cardiovascular: Severe chest pain, tachycardia.
- Respiratory: Shortness of breath, mild crackles at lung bases.
- Gastrointestinal: Nausea, no vomiting.
- Neurological: No focal deficits, alert, and oriented.

**2. Objective:**

**Vital Signs:**
- Blood Pressure (BP): 160/90 mmHg
- Heart Rate (HR): 110 bpm
- Respiratory Rate (RR): 24 breaths/min
- Temperature: 98.6°F
- Oxygen Saturation: 95% on room air

**Physical Examination:**

**Cardiovascular:**
- Tachycardia, regular rhythm.
- ST-segment elevation observed on ECG in the anterior leads.

**Respiratory:**
- Mild crackles at lung bases.

**Neurological:**
- Patient is alert and oriented x3, no focal neurological deficits.

**Investigations:**
- ECG: ST-segment elevation noted in the anterior leads.
- Blood work:
  - Troponin I: Elevated
  - CK-MB: Elevated
  - CBC: Within normal limits
  - BMP: Normal electrolytes, renal function within normal limits.

**3. Assessment:**
- Diagnosis: Acute ST-segment elevation myocardial infarction (STEMI) involving other coronary artery of the anterior wall.

**4. Plan:**

**Immediate Treatment:**
- Aspirin 325 mg, chewable, stat to inhibit platelet aggregation.
- Clopidogrel 600 mg, oral, stat as an antiplatelet agent.
- Heparin IV bolus followed by continuous infusion to prevent further clot formation.
- Nitroglycerin 0.4 mg, sublingual, every 5 minutes as needed for chest pain (maximum 3 doses) to relieve ischemic pain.
- Morphine 2 mg IV, as needed for pain relief to manage severe chest pain.

**Referral to Specialists:**
- Immediate referral to Interventional Cardiologist, Dr. John Smith, for emergent Percutaneous Coronary Intervention (PCI).

**Follow-up Recommendations:**
- Cardiac Rehabilitation: To aid recovery and prevent future cardiac events.
- Lifestyle Modification: Strongly advise dietary changes to reduce saturated fats and sodium, increase physical activity, and provide ongoing smoking cessation counseling to maintain non-smoking status.
- Follow-up with Primary Care Physician (PCP) in 1 week for medication adjustment and further management.

**Instructions:**
- Arrange for immediate transport to the cardiac catheterization lab.
- Notify the Interventional Cardiologist on call for urgent Percutaneous Coronary Intervention (PCI).

**Patient Agreements:**
- The patient understands the severity of the condition and agrees with the recommended immediate treatment plan."|"#####
**1. Subjective:**

**Chief Complaint (CC):** 
- Severe chest pain lasting for 1 hour, associated with shortness of breath, sweating, and nausea.
  
**History of Present Illness (HPI):**
- A 58-year-old Caucasian male with a history of hypertension and hyperlipidemia presented to the emergency department with severe chest pain lasting for the past hour. The pain is described as crushing and is localized to the chest, radiating to the left arm and jaw. The patient reports shortness of breath, significant sweating, and nausea. This is the first occurrence of such symptoms.

**Review of Systems (ROS):**
- Cardiovascular: Severe chest pain, tachycardia.
- Respiratory: Shortness of breath, mild crackles at lung bases.
- Gastrointestinal: Nausea, no vomiting.
- Neurological: No focal deficits, alert, and oriented.

**2. Objective:**

**Vital Signs:**
- Blood Pressure (BP): 160/90 mmHg
- Heart Rate (HR): 110 bpm
- Respiratory Rate (RR): 24 breaths/min
- Temperature: 98.6°F
- Oxygen Saturation: 95% on room air

**Physical Examination:**

**Cardiovascular:**
- Tachycardia, regular rhythm.
- ST-segment elevation observed on ECG in the anterior leads.

**Respiratory:**
- Mild crackles at lung bases.

**Neurological:**
- Patient is alert and oriented x3, no focal neurological deficits.

**Investigations:**
- ECG: ST-segment elevation noted in the anterior leads.
- Blood work:
  - Troponin I: Elevated
  - CK-MB: Elevated
  - CBC: Within normal limits
  - BMP: Normal electrolytes, renal function within normal limits.

**3. Assessment:**
- Diagnosis: Acute ST-segment elevation myocardial infarction (STEMI) involving other coronary artery of the anterior wall.

**4. Plan:**

**Immediate Treatment:**
- Aspirin 325 mg, chewable, stat to inhibit platelet aggregation.
- Clopidogrel 600 mg, oral, stat as an antiplatelet agent.
- Heparin IV bolus followed by continuous infusion to prevent further clot formation.
- Nitroglycerin 0.4 mg, sublingual, every 5 minutes as needed for chest pain (maximum 3 doses) to relieve ischemic pain.
- Morphine 2 mg IV, as needed for pain relief to manage severe chest pain.

**Referral to Specialists:**
- Immediate referral to Interventional Cardiologist, Dr. John Smith, for emergent Percutaneous Coronary Intervention (PCI).

**Follow-up Recommendations:**
- Cardiac Rehabilitation: To aid recovery and prevent future cardiac events.
- Lifestyle Modification: Strongly advise dietary changes to reduce saturated fats and sodium, increase physical activity, and provide ongoing smoking cessation counseling to maintain non-smoking status.
- Follow-up with Primary Care Physician (PCP) in 1 week for medication adjustment and further management.

**Instructions:**
- Arrange for immediate transport to the cardiac catheterization lab.
- Notify the Interventional Cardiologist on call for urgent Percutaneous Coronary Intervention (PCI).

**Patient Agreements:**
- The patient understands the severity of the condition and agrees with the recommended immediate treatment plan."|"#####
**1. Subjective:**

**CC:** 
- Severe CP lasting for 1 hour, associated with SOB, diaphoresis, and nausea.
  
**HPI:**
- A 58 y/o Caucasian male with a hx of HTN and HLD presented to the ED with severe CP lasting for the past hour. The pain is described as crushing and is localized to the chest, radiating to the left arm and jaw. The pt reports SOB, significant diaphoresis, and nausea. This is the first occurrence of such symptoms.

**ROS:**
- CV: Severe CP, tachycardia.
- Resp: SOB, mild crackles at lung bases.
- GI: Nausea, no vomiting.
- Neuro: No focal deficits, alert, and oriented.

**2. Objective:**

**VS:**
- BP: 160/90 mmHg
- HR: 110 bpm
- RR: 24 breaths/min
- Temp: 98.6°F
- O2 Sat: 95% on RA

**PE:**

**CV:**
- Tachycardia, regular rhythm.
- ST-segment elevation observed on ECG in the anterior leads.

**Resp:**
- Mild crackles at lung bases.

**Neuro:**
- Pt is alert and oriented x3, no focal neuro deficits.

**Investigations:**
- ECG: ST-segment elevation noted in the anterior leads.
- Blood work:
  - Trop I: Elevated
  - CK-MB: Elevated
  - CBC: WNL
  - BMP: Normal electrolytes, renal function WNL.

**3. Assessment:**
- Dx: Acute STEMI involving other coronary artery of the anterior wall.

**4. Plan:**

**Immediate Tx:**
- ASA 325 mg, chewable, stat to inhibit plt aggregation.
- Clopidogrel 600 mg, PO, stat as an antiplatelet agent.
- Heparin IV bolus followed by continuous infusion to prevent further clot formation.
- NTG 0.4 mg, SL, q5min PRN for CP (max 3 doses) to relieve ischemic pain.
- Morphine 2 mg IV, PRN for pain relief to manage severe CP.

**Referral to Specialists:**
- Immediate referral to Interventional Cardiologist, Dr. John Smith, for emergent PCI.

**Follow-up Recommendations:**
- Cardiac Rehab: To aid recovery and prevent future cardiac events.
- Lifestyle Mod: Strongly advise dietary changes to reduce saturated fats and sodium, increase physical activity, and provide ongoing smoking cessation counseling to maintain non-smoking status.
- F/U with PCP in 1 week for med adjustment and further mgmt.

**Instructions:**
- Arrange for immediate transport to the cath lab.
- Notify the Interventional Cardiologist on call for urgent PCI.

**Patient Agreements:**
- The pt understands the severity of the condition and agrees with the recommended immediate tx plan."|Cardiologist|"```
[doctor] Hello, how are you feeling today?

[patient] Not well, doctor. I've been having severe chest pain for the past hour.

[doctor] I see. Can you describe the pain for me?

[patient] It's crushing and localized to my chest. It radiates to my left arm and jaw.

[doctor] I understand. Have you experienced any shortness of breath, sweating, or nausea?

[patient] Yes, I have all three. It's quite intense.

[doctor] Alright. Is this the first time you've had these symptoms?

[patient] Yes, it's never happened before.

[doctor] Do you have any history of medical conditions?

[patient] Yes, I have hypertension and high cholesterol.

[doctor] Thank you for that information. I'll need to conduct a physical examination and run some tests. Let's start with checking your vital signs.

[patient] Okay.

[doctor] Your blood pressure is 160/90 mmHg, heart rate is 110 bpm, respiratory rate is 24 breaths per minute, temperature is 98.6°F, and oxygen saturation is 95% on room air.

[patient] Is that bad?

[doctor] Your blood pressure and heart rate are elevated. Let’s proceed with the physical examination. I'll listen to your heart and lungs now.

[patient] Alright.

[doctor] I hear tachycardia with a regular rhythm and mild crackles at the lung bases. Now, let’s get an ECG done.

[patient] Yes, please.

[doctor] The ECG shows ST-segment elevation in the anterior leads. We need to act quickly.

[patient] What does that mean?

[doctor] It suggests an acute ST-segment elevation myocardial infarction, or STEMI, which is a type of heart attack. We need to start treatment immediately.

[patient] Oh no, what does the treatment involve?

[doctor] We will give you aspirin to inhibit platelet aggregation, clopidogrel as an antiplatelet agent, and heparin to prevent further clot formation. We will also give you nitroglycerin and morphine for pain relief.

[patient] Okay, please do whatever is necessary.

[doctor] We will also refer you to an Interventional Cardiologist for an emergent Percutaneous Coronary Intervention, which is a procedure to open the blocked artery.

[patient] Understood.

[doctor] You will need to chew 325 mg of aspirin now.

[patient] Alright.

[doctor] Here is 600 mg of clopidogrel, please take this.

[patient] Okay.

[doctor] We will start an IV bolus of heparin and follow it with a continuous infusion.

[patient] Got it.

[doctor] I’m giving you 0.4 mg of nitroglycerin sublingually every 5 minutes as needed for chest pain, up to a maximum of 3 doses. Let me know if the pain persists after each dose.

[patient] Alright.

[doctor] If necessary, we will give you 2 mg of morphine through IV for pain relief.

[patient] Thank you, doctor.

[doctor] We’re also arranging for immediate transport to the cardiac catheterization lab. I’m notifying Dr. John Smith, the Interventional Cardiologist on call, for the urgent procedure.

[patient] Okay, I understand.

[doctor] After your procedure, you will need cardiac rehabilitation to aid in your recovery and prevent future events.

[patient] What does cardiac rehabilitation involve?

[doctor] It involves exercise training, education on heart-healthy living, and counseling to reduce stress and improve your overall health.

[patient] I see.

[doctor] You will also need to make lifestyle modifications, such as reducing saturated fats and sodium in your diet, increasing physical activity, and maintaining a non-smoking status.

[patient] I can do that.

[doctor] You will have a follow-up with your Primary Care Physician in 1 week to adjust medications and further manage your condition.

[patient] Okay.

[doctor] We will now arrange for your transport to the cardiac catheterization lab. Do you have any questions?

[patient] No, I just want to get better.

[doctor] We are doing everything we can. The procedure will help open the blocked artery. Stay strong.

[patient] Thank you, doctor.

[doctor] You’re welcome. Let’s get you the care you need quickly."|"[doctor] Hello, how are you feeling today?

[patient] Not well, doctor. I've been having severe chest pain for the past hour.

[doctor] Oh dear, that sounds distressing. Can you describe the pain for me?

[patient] Yeah, it's crushing and really hurts in my chest. It also goes to my left arm and jaw.

[doctor] Hmm, I see. Have you experienced any shortness of breath, sweating, or nausea?

[patient] Yes, I've got all three. It's pretty bad.

[doctor] Alright, thanks for letting me know. Is this the first time you've had these symptoms?

[patient] Yeah, it's never happened before.

[doctor] Okay, and do you have any history of medical conditions like hypertension or high cholesterol?

[patient] Yeah, I have both.

[doctor] Got it. Thanks for sharing that. I'll need to conduct a physical examination and run some tests. Let's start with checking your vital signs.

[patient] Okay.

[doctor] Your blood pressure is 160/90 mmHg, heart rate is 110 bpm, respiratory rate is 24 breaths per minute, temperature is 98.6°F, and oxygen saturation is 95% on room air.

[patient] Is that bad?

[doctor] Hmm, your blood pressure and heart rate are elevated. Let’s proceed with the physical examination. I'll listen to your heart and lungs now.

[patient] Alright.

[doctor] I hear tachycardia with a regular rhythm and mild crackles at the lung bases. Now, let’s get an ECG done.

[patient] Yes, please.

[doctor] The ECG shows ST-segment elevation in the anterior leads. We need to act quickly.

[patient] What does that mean?

[doctor] It suggests an acute ST-segment elevation myocardial infarction, or STEMI, which is a type of heart attack. We need to start treatment immediately.

[patient] Oh no, what does the treatment involve?

[doctor] We will give you aspirin to inhibit platelet aggregation, clopidogrel as an antiplatelet agent, and heparin to prevent further clot formation. We will also give you nitroglycerin and morphine for pain relief.

[patient] Okay, please do whatever is necessary.

[doctor] We will also refer you to an Interventional Cardiologist for an emergent Percutaneous Coronary Intervention, which is a procedure to open the blocked artery.

[patient] Understood.

[doctor] You will need to chew 325 mg of aspirin now.

[patient] Alright.

[doctor] Here is 600 mg of clopidogrel, please take this.

[patient] Okay.

[doctor] We will start an IV bolus of heparin and follow it with a continuous infusion.

[patient] Got it.

[doctor] I’m giving you 0.4 mg of nitroglycerin sublingually every 5 minutes as needed for chest pain, up to a maximum of 3 doses. Let me know if the pain persists after each dose.

[patient] Alright.

[doctor] If necessary, we will give you 2 mg of morphine through IV for pain relief.

[patient] Thank you, doctor.

[doctor] We’re also arranging for immediate transport to the cardiac catheterization lab. I’m notifying Dr. John Smith, the Interventional Cardiologist on call, for the urgent procedure.

[patient] Okay, I understand.

[doctor] After your procedure, you will need cardiac rehabilitation to aid in your recovery and prevent future events.

[patient] What does cardiac rehabilitation involve?

[doctor] It involves exercise training, education on heart-healthy living, and counseling to reduce stress and improve your overall health.

[patient] I see.

[doctor] You will also need to make lifestyle modifications, such as reducing saturated fats and sodium in your diet, increasing physical activity, and maintaining a non-smoking status.

[patient] I can do that.

[doctor] You will have a follow-up with your Primary Care Physician in 1 week to adjust medications and further manage your condition.

[patient] Okay.

[doctor] We will now arrange for your transport to the cardiac catheterization lab. Do you have any questions?

[patient] No, I just want to get better.

[doctor] We are doing everything we can. The procedure will help open the blocked artery. Stay strong.

[patient] Thank you, doctor.

[doctor] You’re welcome. Let’s get you the care you need quickly."
ST ELEVATION (STEMI) MYOCARDIAL INFARCTION INVOLVING OTHER CORONARY ARTERY OF ANTERIOR WALL|"ROLE: Cardiologist

1. Medical Outcome: 
   - Diagnosis: ST Elevation (STEMI) Myocardial Infarction involving other coronary artery of anterior wall.
   - Prescribed Treatment: 
     - Administer thrombolytic therapy (e.g., Alteplase) 15 mg intravenous bolus followed by 0.75 mg/kg (up to 50 mg) over 30 minutes, and then 0.5 mg/kg (up to 35 mg) over 60 minutes.
     - Aspirin 325 mg tablet orally, once daily.
     - Clopidogrel 300 mg loading dose, followed by 75 mg tablet orally, once daily.
   - Follow-up: Cardiologist in 1 week and primary care physician in 2 weeks.
   - Referral: Cardiac Rehab, Dr. Emily Johnson for post-myocardial infarction rehabilitation.
   - Imaging: Echocardiogram to assess the ejection fraction and heart function.
   - Blood Work: Cardiac enzymes (Troponin I, CK-MB), CBC, CMP, Lipid Panel.
   - Lifestyle Change: Smoking cessation, low-sodium diet, regular moderate exercise after clearance from cardiac rehab, moderate alcohol consumption (if applicable).

2. Medical History: 
   - Previous Diagnoses: Hypertension, Hyperlipidemia, Former smoker (ceased 2 years ago).
   - Family Medical History: Father had myocardial infarction at age 58, Mother has type 2 diabetes.
   - Medication History: Currently on Lisinopril 10 mg daily, Atorvastatin 20 mg daily.
   - Allergies: No known drug allergies.
   - Chronic Conditions: Hypertension, Hyperlipidemia.

3. Symptom Description: 
   - Severity: Severe
   - Duration: 2 hours since onset.
   - Associated Symptoms: Chest pain radiating to the jaw and left arm, shortness of breath, sweating.
   - Frequency: First episode.
   - Impact on Daily Activities: Unable to perform any activities due to severe chest pain.

4. Patient’s self-reported habits and lifestyle:
   - Sleep: Generally sleeps 6-7 hours per night.
   - Diet: High in saturated fats, moderate alcohol consumption.
   - Exercise: Sedentary lifestyle, no regular exercise routine.
   - Tobacco Use: Former smoker, quit 2 years ago.
   - Alcohol Consumption: Moderately on weekends.
   - Drug Use: Denies illicit drug use.
   - Recreational Activities: Enjoys reading and watching television.
   
5. Demographic Information:
   - Age: 54
   - Gender: Male
   - Ethnicity: Caucasian
   - Socio-economic Status: Middle class
   - Education Level: Bachelor’s degree
   - Health Literacy: Moderate
   - Job Status: Office Manager

6. Patient's Behavior:
   - Generally compliant with medical advice but admitted to lapses in dietary recommendations.

7. Geographical Location:
   - Big City vs Small City: Big city
   - Rural vs Urban: Urban
   - Pollution and Environmental Health Risks: Moderate air pollution
   - Neighborhood Type: Affluent
   - Well-served by Transit: Yes
   - Food Desert: No

8. Clinical Setting:
   - Hospitals: Emergency Department of a large urban hospital.

9. Type of Encounter:
   - Initial Consultation: Emergency Visit due to acute chest pain.

10. Treatment Disparities:
   - None identified in this scenario.

11. Native or Non-Native English Speaking Patient:
   - Native English Speaking

12. Physical exams:
   - Cardiovascular: Elevated JVP, S3 heart sound, possible new murmur.
   - Respiratory: Bilateral basal crackles indicating pulmonary congestion.
   - General: Diaphoretic, anxious appearance.

13. Investigation/Test results:
   - Electrocardiogram (ECG): Confirmatory of ST-elevation in leads V2-V4 indicating anteroseptal myocardial infarction.
   - Blood Work results: Troponin I elevated, CK-MB elevated, CBC and CMP pending.
   - Awaiting: Results of Echocardiogram.
"|Rejected|Rejected|Rejected|Rejected||
ST ELEVATION (STEMI) MYOCARDIAL INFARCTION INVOLVING OTHER CORONARY ARTERY OF ANTERIOR WALL|"ROLE: Cardiologist

- **Medical Outcome:**
  - Diagnosis: ST Elevation (STEMI) Myocardial Infarction involving other coronary artery of anterior wall
  - Prescribed Treatment: 
    - Medication:
        - Aspirin 325 mg, chewable, stat dose in ER followed by 81 mg daily, oral
        - Atorvastatin 80 mg, once daily, oral
        - Clopidogrel 75 mg, once daily, oral
        - Metoprolol 25 mg, twice daily, oral
        - Nitroglycerin 0.4 mg, sublingual, every 5 minutes as needed for chest pain (maximum 3 doses)
        - Enoxaparin 1 mg/kg, every 12 hours, subcutaneous
  - Referral to Specialists: Cardiology follow-up with Dr. John Bennett in one week
  - Referral to Imaging: 
    - Echocardiogram to assess cardiac function
  - Referral to further tests: Cardiac enzyme panel (Troponin I, CK-MB) every 6 hours for 24 hours, Lipid profile, HbA1c
  - Follow-up Recommendations: Scheduled follow-up appointment in one week

- **Medical History:**
  - Previous Diagnoses: Hypertension, Hyperlipidemia
  - Family Medical History: Father had myocardial infarction at age 65
  - Medication History: Lisinopril, Atorvastatin
  - Allergies: None
  - Chronic Conditions: Hypertension, Hyperlipidemia

- **Symptom Description:**
  - Severity: Severe
  - Duration: 2 hours
  - Associated Symptoms: Shortness of breath, diaphoresis, nausea
  - Frequency: First episode
  - Impact on Daily Activities: Unable to perform daily activities, presented directly to the ER

- **Patient’s self-reported habits and lifestyle:**
  - Sleep: Reports difficulty sleeping due to worsening chest pain 
  - Diet: Poor diet, high in saturated fats and low in fruits and vegetables
  - Exercise: Sedentary lifestyle, works long hours with little physical activity
  - Tobacco Use: Smoked 1 pack per day for 20 years, quit 5 years ago
  - Alcohol Consumption: Social drinking, 1-2 drinks per week
  - Drug Use: Denies illicit drug use
  - Recreational Activities: Rarely engages in recreational activities due to work commitments

- **Demographic Information:**
  - Age: 55
  - Gender: Male
  - Ethnicity: Caucasian
  - Socio-economic Status: Middle-class
  - Education Level: College graduate
  - Health Literacy: Moderate understanding of health information
  - Job Status: Full-time office manager

- **Patient's Behavior:**
  - Level of cooperation with medical advice: Cooperative and anxious about health, willing to follow medical advice

- **Geographical Location:**
  - Big City vs Small City: Big city
  - Rural vs Urban: Urban
  - Pollution and Environmental Health Risks: Moderate pollution
  - Neighborhood Type: Affluent, well-served by transit

- **Clinical Setting:**
  - Hospitals: Emergency Room

- **Type of Encounter:**
  - Emergency Visit

- **Treatment Disparities:**
  - Patient given aggressive treatment protocol due to presenting with severe symptoms, no evidence of disparities

- **Native or Non-Native English Speaking Patient:**
  - Native English speaking

- **Physical exams:**
  - Cardiac Examination: 
    - Auscultation reveals presence of murmur, rubbing sound
    - Palpation finds no abnormalities
    - Elevated Jugular Venous Pressure
    
- **Investigation/Test results:**
  - ECG: ST-segment elevation in leads V2-V4 indicating anterior wall myocardial infarction
  - Cardiac enzyme panel: Awaiting results
  - Chest X-ray: Performed, awaiting interpretation"|Rejected|Rejected|Rejected|Rejected||
ST ELEVATION (STEMI) MYOCARDIAL INFARCTION INVOLVING OTHER CORONARY ARTERY OF ANTERIOR WALL|"ROLE: Cardiologist

- **Medical Outcome:**
  - Diagnosis: ST Elevation (STEMI) Myocardial Infarction involving other coronary artery of anterior wall
  - Prescribed Treatment: 
    - Medication:
        - Aspirin 325 mg, chewable, stat dose in ER followed by 81 mg daily, oral
        - Atorvastatin 80 mg, once daily, oral
        - Clopidogrel 75 mg, once daily, oral
        - Metoprolol 25 mg, twice daily, oral
        - Nitroglycerin 0.4 mg, sublingual, every 5 minutes as needed for chest pain (maximum 3 doses)
        - Enoxaparin 1 mg/kg, every 12 hours, subcutaneous
  - Referral to Specialists: Cardiology follow-up with Dr. Sarah Liu in one week
  - Referral to Imaging: 
    - Echocardiogram to assess cardiac function
  - Referral to further tests: Cardiac enzyme panel (Troponin I, CK-MB) every 6 hours for 24 hours, Lipid profile, HbA1c
  - Follow-up Recommendations: Scheduled follow-up appointment in one week

- **Medical History:**
  - Previous Diagnoses: Type 2 Diabetes Mellitus, Hypertension
  - Family Medical History: Mother had hypertension and Type 2 Diabetes
  - Medication History: Metformin, Lisinopril, Atorvastatin
  - Allergies: Penicillin
  - Chronic Conditions: Type 2 Diabetes Mellitus, Hypertension

- **Symptom Description:**
  - Severity: Severe
  - Duration: 1 hour
  - Associated Symptoms: Chest tightness, shortness of breath, dizziness
  - Frequency: First episode
  - Impact on Daily Activities: Inability to perform daily tasks, taken to the ER by spouse

- **Patient’s self-reported habits and lifestyle:**
  - Sleep: Poor sleep quality due to stress and anxiety
  - Diet: Diet high in processed foods and sugars
  - Exercise: Minimal physical activity
  - Tobacco Use: Never smoked
  - Alcohol Consumption: Occasionally, 3-4 drinks per month
  - Drug Use: Denies illicit drug use
  - Recreational Activities: Enjoys gardening but limited due to fatigue

- **Demographic Information:**
  - Age: 62
  - Gender: Female
  - Ethnicity: Hispanic
  - Socio-economic Status: Lower-middle class
  - Education Level: High school graduate
  - Health Literacy: Low, requires simplified explanations of medical terms
  - Job Status: Retired

- **Patient's Behavior:**
  - Level of cooperation with medical advice: Generally cooperative but occasionally forgets to take medications

- **Geographical Location:**
  - Big City vs Small City: Small city
  - Rural vs Urban: Rural
  - Pollution and Environmental Health Risks: Low pollution, limited access to healthcare facilities
  - Neighborhood Type: Impoverished, limited access to fresh food

- **Clinical Setting:**
  - Community Health Services: Emergency room at a local community hospital

- **Type of Encounter:**
  - Emergency Visit

- **Treatment Disparities:**
  - No evident treatment disparities as aggressive protocol was followed

- **Native or Non-Native English Speaking Patient:**
  - Non-Native English speaking, primarily speaks Spanish

- **Physical exams:**
  - Cardiac Examination: 
    - Auscultation reveals S3 gallop
    - Elevated Jugular Venous Pressure

- **Investigation/Test results:**
  - ECG: ST-segment elevation in leads V1-V4 indicating anterior wall myocardial infarction
  - Cardiac enzyme panel: Awaiting results
  - Chest X-ray: Performed, no signs of pulmonary edema"|Rejected|Rejected|Rejected|Rejected||
ST ELEVATION (STEMI) MYOCARDIAL INFARCTION INVOLVING OTHER CORONARY ARTERY OF ANTERIOR WALL|"ROLE: Cardiologist

- **Medical Outcome:**
  - Diagnosis: ST Elevation (STEMI) Myocardial Infarction involving other coronary artery of anterior wall
  - Prescribed Treatment: 
    - Medication:
        - Aspirin 325 mg, chewable, stat dose in ER followed by 81 mg daily, oral
        - Atorvastatin 80 mg, once daily, oral
        - Clopidogrel 75 mg, once daily, oral
        - Metoprolol 25 mg, twice daily, oral
        - Nitroglycerin 0.4 mg, sublingual, every 5 minutes as needed for chest pain (maximum 3 doses)
        - Enoxaparin 1 mg/kg, every 12 hours, subcutaneous
  - Referral to Specialists: Cardiology follow-up with Dr. Michael Chan in one week
  - Referral to Imaging: 
    - Echocardiogram to assess cardiac function
  - Referral to further tests: Cardiac enzyme panel (Troponin I, CK-MB) every 6 hours for 24 hours, Lipid profile, HbA1c
  - Follow-up Recommendations: Scheduled follow-up appointment in one week

- **Medical History:**
  - Previous Diagnoses: Chronic Kidney Disease Stage 3, Hypertension
  - Family Medical History: Father had stroke at age 70
  - Medication History: Lisinopril, Simvastatin
  - Allergies: Latex
  - Chronic Conditions: Chronic Kidney Disease, Hypertension

- **Symptom Description:**
  - Severity: Severe
  - Duration: 3 hours
  - Associated Symptoms: Chest tightness, radiating pain to left arm, nausea, vomiting
  - Frequency: First episode
  - Impact on Daily Activities: Limited physical activity, unable to attend work or social activities

- **Patient’s self-reported habits and lifestyle:**
  - Sleep: Poor sleep due to nocturia
  - Diet: Low-sodium, renal diet
  - Exercise: Light walking 2-3 times per week
  - Tobacco Use: Smoked 1 pack per day for 22 years, quit 10 years ago
  - Alcohol Consumption: None
  - Drug Use: Denies illicit drug use
  - Recreational Activities: Enjoys reading and knitting

- **Demographic Information:**
  - Age: 74
  - Gender: Female
  - Ethnicity: African American
  - Socio-economic Status: Middle-class
  - Education Level: Some college
  - Health Literacy: Moderate, prefers detailed explanations
  - Job Status: Retired teacher

- **Patient's Behavior:**
  - Level of cooperation with medical advice: Highly cooperative, strictly follows medical recommendations

- **Geographical Location:**
  - Big City vs Small City: Big city
  - Rural vs Urban: Urban
  - Pollution and Environmental Health Risks: Moderate pollution, good access to healthcare
  - Neighborhood Type: Safe, affluent, well-served by public transportation

- **Clinical Setting:**
  - Private Practice: Referred to private cardiology clinic after ER visit

- **Type of Encounter:**
  - Follow-up

- **Treatment Disparities:**
  - No evident treatment disparities as aggressive protocol was followed

- **Native or Non-Native English Speaking Patient:**
  - Native English speaking

- **Physical exams:**
  - Cardiac Examination: 
    - Auscultation reveals S4 gallop
    - Elevated Jugular Venous Pressure
    - Bilateral ankle edema present

- **Investigation/Test results:**
  - ECG: ST-segment elevation in leads V1-V4 indicating anterior wall myocardial infarction
  - Cardiac enzyme panel: Elevated Troponin I (awaiting CK-MB)
  - Chest X-ray: Performed, normal heart size, no pulmonary congestion"|Rejected|Rejected|Rejected|Rejected||
ST ELEVATION (STEMI) MYOCARDIAL INFARCTION INVOLVING OTHER CORONARY ARTERY OF ANTERIOR WALL|"ROLE: Cardiologist

**1) Medical Outcome:**
   - Diagnosis: ST elevation (STEMI) myocardial infarction involving other coronary artery of anterior wall.
   - Prescribed Treatment: Administer aspirin 325 mg orally once daily, Atorvastatin 80 mg orally once daily, Metoprolol 50 mg orally twice daily, and Nitroglycerin 0.4 mg sublingually every 5 minutes as needed for chest pain (maximum of 3 doses).
   - Follow-up Recommendations: Cardiac rehabilitation, follow-up visit with cardiologist in 1 week.
   - Referral to Specialists: Referral to an interventional cardiologist for possible percutaneous coronary intervention (PCI); Dr. Jane Smith.
   - Referral to Further Tests or Imaging: 12-lead ECG immediately, Troponin T blood test STAT.
   - Lifestyle Change: Diet modification (low salt, low fat), smoking cessation, moderate exercise as tolerated.

**2) Medical History:**
   - Previous Diagnoses: Hypertension, Hyperlipidemia.
   - Family Medical History: Father had myocardial infarction at 55 years old, mother has type 2 diabetes.
   - Medication History: Previously on Lisinopril 10 mg once daily, Atorvastatin 20 mg once daily.
   - Allergies: None.
   - Chronic Conditions: Hypertension, Hyperlipidemia.

**3) Symptom Description:**
   - Severity: Severe
   - Duration: 2 hours
   - Associated Symptoms: Diaphoresis, nausea, shortness of breath.
   - Frequency: First episode.
   - Impact on Daily Activities: Unable to perform daily activities due to severe chest pain.

**4) Patient’s Self-Reported Habits and Lifestyle:**
   - Sleep: Reports sleeping 6 hours per night, often feels fatigued.
   - Diet: High in salt and fats.
   - Exercise: Sedentary lifestyle due to job constraints.
   - Tobacco Use: Smoker, 1 pack per day for 20 years.
   - Alcohol Consumption: Occasional, 1-2 drinks per week.
   - Drug Use: Denies.
   - Recreational Activities: Enjoys watching television, little physical activity.

**5) Demographic Information:**
   - Age: 57
   - Gender: Male
   - Ethnicity: Caucasian
   - Socio-economic Status: Middle class
   - Education Level: Bachelor's degree
   - Health Literacy: Moderate
   - Job Status: Manager at a manufacturing plant

**6) Patient's Behavior:**
   - Cooperation: Generally compliant with medical advice but struggles with lifestyle changes.

**7) Geographical Location:**
   - Big City vs Small City: Small City
   - Rural vs Urban: Urban
   - Pollution and Environmental Health Risks: Moderate pollution.
   - Neighborhood Type: Residential, well-served by transit, multiple fast food joints nearby.

**8) Clinical Setting:**
   - Type of Clinic: Hospital Emergency Department

**9) Type of Encounter:**
   - Initial Consultation

**10) Treatment Disparities:**
   - NA (Patient with good health insurance coverage)

**11) Native or Non-Native English-Speaking Patient:**
   - Native English-Speaking

**12) Physical Exams:**
   - Cardiovascular: Elevated heart rate, irregular rhythm, chest tenderness on palpation.
   - Respiratory: Mild wheezing, bilateral breath sounds.
   - Abdominal: NA
   - Neurological: Alert, oriented x3.

**13) Investigation/Test results:**
   - 12-lead ECG: Significant ST-elevation in leads V2-V4 
   - Troponin T: Results awaited

--"|Rejected|Rejected|Rejected|Rejected||
ST ELEVATION (STEMI) MYOCARDIAL INFARCTION INVOLVING OTHER CORONARY ARTERY OF ANTERIOR WALL|"ROLE: Cardiologist

**1) Medical Outcome:**
   - Diagnosis: ST elevation (STEMI) myocardial infarction involving other coronary artery of anterior wall.
   - Prescribed Treatment: Administer aspirin 325 mg orally once daily, Atorvastatin 80 mg orally once daily, Metoprolol 50 mg orally twice daily, and Nitroglycerin 0.4 mg sublingually every 5 minutes as needed for chest pain (maximum of 3 doses).
   - Follow-up Recommendations: Follow-up visit with cardiologist in 3 days, echocardiogram.
   - Referral to Specialists: Referral to an electrophysiologist for potential issues with arrhythmia management; Dr. John Doe.
   - Referral to Further Tests or Imaging: Coronary angiography.
   - Lifestyle Change: Complete smoking cessation, initiate a cardiac-healthy diet (low salt, low fat, high fiber), begin a gradual increase in physical activity post-recovery.

**2) Medical History:**
   - Previous Diagnoses: Hypertension, Type 2 Diabetes Mellitus.
   - Family Medical History: Brother had a myocardial infarction at 45 years old, mother had a stroke at 70.
   - Medication History: Previously on Metformin 500 mg twice daily, Lisinopril 20 mg once daily.
   - Allergies: None.
   - Chronic Conditions: Hypertension, Type 2 Diabetes Mellitus.

**3) Symptom Description:**
   - Severity: Severe
   - Duration: 1.5 hours
   - Associated Symptoms: Diaphoresis, nausea, dyspnea (shortness of breath), radiating pain to left arm.
   - Frequency: First episode.
   - Impact on Daily Activities: Unable to perform routine work due to severe chest pain.

**4) Patient’s Self-Reported Habits and Lifestyle:**
   - Sleep: Reports sleeping 4-5 hours per night, feels chronically tired.
   - Diet: Mostly processed foods, high in sugar and fats.
   - Exercise: Rarely exercises, spends most of the day sitting at work.
   - Tobacco Use: Non-smoker.
   - Alcohol Consumption: Daily consumption, 2-3 drinks per day.
   - Drug Use: Denies.
   - Recreational Activities: Enjoys reading and sedentary activities.

**5) Demographic Information:**
   - Age: 62
   - Gender: Female
   - Ethnicity: African American
   - Socio-economic Status: Low-income
   - Education Level: High school diploma
   - Health Literacy: Low
   - Job Status: Retired factory worker

**6) Patient's Behavior:**
   - Cooperation: Struggles with daily medication adherence due to complex schedule and cost concerns.

**7) Geographical Location:**
   - Big City vs Small City: Big City
   - Rural vs Urban: Urban
   - Pollution and Environmental Health Risks: High pollution.
   - Neighborhood Type: Impoverished, food desert, limited access to healthy food options.

**8) Clinical Setting:**
   - Type of Clinic: Primary Care Clinic

**9) Type of Encounter:**
   - Follow-up visit for chest pain post-emergency admission.

**10) Treatment Disparities:**
   - Consideration given for financial constraints impacting compliance to prescribed treatments.

**11) Native or Non-Native English-Speaking Patient:**
   - Native English-Speaking

**12) Physical Exams:**
   - Cardiovascular: Elevated heart rate, irregular rhythm, presence of S4 sound.
   - Respiratory: Clear breath sounds, no wheezing.
   - Abdominal: NA
   - Neurological: Alert, oriented to time, place, and person.

**13) Investigation/Test results:**
   - Coronary angiography: Blockage in the left anterior descending artery.
   - Troponin T: Elevated at 2.5 ng/mL, confirming myocardial infarction."|Rejected|Rejected|Rejected|Rejected||
