Disease Description|Scenario|Note|Polished Note|Abbreviated Note|Role|dial|polished_dial
ACUTE PYELONEPHRITIS|"ROLE: Family Medicine Physician

- **Medical Outcome**: 
  - Diagnosis: Acute Pyelonephritis
  - Prescribed Treatment:
    - Ciprofloxacin 500 mg, oral, twice daily, for 10 days, Quantity: 20 tablets.
  - Follow-up Recommendations: Follow up in 1 week if no improvement or if symptoms worsen.
  - Referral: Referral to nephrologist, Dr. Jane Smith, for potential kidney damage assessment if complications arise.
  - Order for Imaging: Renal ultrasound to assess for any structural abnormalities or obstructions.
  - Order for Blood Work: Comprehensive Metabolic Panel (CMP) and Complete Blood Count (CBC).

- **Medical History**:
  - Previous Diagnoses: Recurrent urinary tract infections.
  - Family Medical History: Mother with a history of kidney stones.
  - Medication History: Previously treated with antibiotics for UTIs.
  - Allergies: No known drug allergies.
  - Chronic Conditions: NA

- **Symptom Description**:
  - Severity: Severe
  - Duration: 3 days
  - Associated Symptoms: Fever, chills, flank pain, nausea, vomiting, and urinary frequency.
  - Frequency: Constant pain with intermittent spikes.
  - Impact on Daily Activities: Unable to work or perform daily tasks due to pain and fatigue.

- **Patient’s self-reported habits and lifestyle**:
  - Sleep: Poor sleep due to pain.
  - Diet: Generally healthy, adequate fluid intake.
  - Exercise: Regular, but currently limited due to pain.
  - Tobacco Use: Non-smoker.
  - Alcohol Consumption: Occasionally drinks socially.
  - Drug Use: Denies illicit drug use.
  - Recreational Activities: Enjoys walking and gardening but currently inactive due to symptoms.

- **Demographic Information**:
  - Age: 36
  - Gender: Female
  - Ethnicity: Caucasian
  - Socio-economic Status: Middle class
  - Education Level: College graduate
  - Health Literacy: Good understanding of medical conditions and treatments.
  - Job Status: Full-time employed as a teacher.

- **Patient's Behavior**:
  - Cooperative and adheres to medical advice.

- **Geographical Location**:
  - Urban setting
  - Moderate pollution
  - Lives in a safe, middle-class neighborhood, well-served by public transit.

- **Clinical Setting**:
  - Private Practice

- **Type of Encounter**:
  - Initial Consultation

- **Treatment Disparities**:
  - NA

- **Native or Non-Native English Speaking Patient**:
  - Native English Speaker

- **Physical exams**:
  - Vital signs: Fever of 101.5°F, elevated heart rate.
  - Abdominal exam: Tenderness to palpation in the costovertebral angle region on the right side.
  - Urinalysis: Significant leukocyte esterase, nitrites, and blood.

- **Investigation/Test results**:
  - Awaiting results for Renal ultrasound.
  - Awaiting results for Comprehensive Metabolic Panel (CMP) and Complete Blood Count (CBC)."|"#####
**1. Subjective:**

**Chief Complaint (CC):**
Severe flank pain, fever, and nausea for 3 days.

**History of Present Illness (HPI):**
Ms. Jane Smith is a 36-year-old female who presents with severe flank pain, fever, chills, and nausea for the past 3 days. The pain is constant with intermittent spikes, significantly impacting her ability to work and perform daily tasks. She also reports urinary frequency but denies any changes in bowel habits. She has a past medical history of recurrent urinary tract infections (UTIs), for which she was previously treated with antibiotics. 

**Review of Systems (ROS):**
- **Constitutional:** Reports fever, chills, and fatigue. Denies recent weight loss or night sweats.
- **Gastrointestinal:** Reports nausea and vomiting. Denies diarrhea or constipation.
- **Genitourinary:** Reports urinary frequency and flank pain. Denies hematuria. 
- **Musculoskeletal:** Denies muscle pain or stiffness.
- **Neurological:** Denies headaches or dizziness.
- **Cardiovascular:** Denies chest pain or palpitations.
- **Respiratory:** Denies shortness of breath or cough.

**2. Objective:**

**Vital Signs:**
- Temperature: 101.5°F
- Heart Rate: Elevated
- Blood Pressure: Normal
- Respiratory Rate: Normal

**Physical Examination:**
- **General:** Appears moderately ill and uncomfortable.
- **Abdominal:** Tenderness to palpation in the costovertebral angle region on the right side.
- **Cardiovascular:** Normal heart sounds, no murmurs.
- **Respiratory:** Lungs clear to auscultation bilaterally.
- **Genitourinary:** Mild suprapubic tenderness without localized masses.
- **Neurological:** No focal deficits.

**Urinalysis:**
- Significant leukocyte esterase
- Presence of nitrites
- Presence of blood

**3. Assessment:**

**Acute Pyelonephritis:**
- **Medical Reasoning:** Ms. Smith presents with a classic presentation of acute pyelonephritis, including fever, flank pain, and significant findings on urinalysis such as leukocyte esterase, nitrites, and blood. Given her history of recurrent UTIs, her symptoms are consistent with this diagnosis.
- Awaiting further results from renal ultrasound, CMP, and CBC to assess the severity and any potential complications.

**4. Plan:**

**Medications:**
- Prescribe Ciprofloxacin 500 mg, oral, twice daily, for 10 days.
- Quantity: 20 tablets.

**Further Testing:**
- Order for Renal Ultrasound to assess for any structural abnormalities or obstructions.
- Order for Comprehensive Metabolic Panel (CMP) and Complete Blood Count (CBC).

**Follow-up:**
- Follow up in 1 week if no improvement or if symptoms worsen.
- Referral to Nephrologist, Dr. Jane Smith, for potential kidney damage assessment if complications arise.

**Patient Education and Counseling:**
- Educated the patient about the importance of completing the full course of antibiotics.
- Advised to stay hydrated and monitor for worsening symptoms such as increased pain, fever, or changes in urine.
- Instructed to seek immediate medical attention if symptoms significantly worsen or new symptoms develop.

**Patient Agreements:**
The patient understands and agrees with the recommended medical treatment plan.
#####"|"#####
**1. Subjective:**

**Chief Complaint (CC):**
Severe flank pain, fever, and nausea for 3 days.

**History of Present Illness (HPI):**
Ms. Jane Smith is a 36-year-old female who presents with severe flank pain, fever, chills, and nausea for the past 3 days. The pain is constant with intermittent spikes, significantly impacting her ability to work and perform daily tasks. She also reports urinary frequency but denies any changes in bowel habits. She has a past medical history of recurrent urinary tract infections (UTIs), for which she was previously treated with antibiotics. 

**Review of Systems (ROS):**
- **Constitutional:** Reports fever, chills, and fatigue. Denies recent weight loss or night sweats.
- **Gastrointestinal:** Reports nausea and vomiting. Denies diarrhea or constipation.
- **Genitourinary:** Reports urinary frequency and flank pain. Denies hematuria. 
- **Musculoskeletal:** Denies muscle pain or stiffness.
- **Neurological:** Denies headaches or dizziness.
- **Cardiovascular:** Denies chest pain or palpitations.
- **Respiratory:** Denies shortness of breath or cough.

**2. Objective:**

**Vital Signs:**
- Temperature: 101.5°F
- Heart Rate: Elevated
- Blood Pressure: Normal
- Respiratory Rate: Normal

**Physical Examination:**
- **General:** Appears moderately ill and uncomfortable.
- **Abdominal:** Tenderness to palpation in the costovertebral angle region on the right side.
- **Cardiovascular:** Normal heart sounds, no murmurs.
- **Respiratory:** Lungs clear to auscultation bilaterally.
- **Genitourinary:** Mild suprapubic tenderness without localized masses.
- **Neurological:** No focal deficits.

**Urinalysis:**
- Significant leukocyte esterase
- Presence of nitrites
- Presence of blood

**3. Assessment:**

**Acute Pyelonephritis:**
- **Medical Reasoning:** Ms. Smith presents with a classic presentation of acute pyelonephritis, including fever, flank pain, and significant findings on urinalysis such as leukocyte esterase, nitrites, and blood. Given her history of recurrent UTIs, her symptoms are consistent with this diagnosis.
- Awaiting further results from renal ultrasound, CMP, and CBC to assess the severity and any potential complications.

**4. Plan:**

**Medications:**
- Prescribe Ciprofloxacin 500 mg, oral, twice daily, for 10 days.
- Quantity: 20 tablets.

**Further Testing:**
- Order for Renal Ultrasound to assess for any structural abnormalities or obstructions.
- Order for Comprehensive Metabolic Panel (CMP) and Complete Blood Count (CBC).

**Follow-up:**
- Follow up in 1 week if no improvement or if symptoms worsen.
- Referral to Nephrologist, Dr. John Doe, for potential kidney damage assessment if complications arise.

**Patient Education and Counseling:**
- Educated the patient about the importance of completing the full course of antibiotics.
- Advised to stay hydrated and monitor for worsening symptoms such as increased pain, fever, or changes in urine.
- Instructed to seek immediate medical attention if symptoms significantly worsen or new symptoms develop.

**Patient Agreements:**
The patient understands and agrees with the recommended medical treatment plan.
#####"|"#####
**1. Subjective:**

**CC:**
Severe flank pain, fever, and nausea for 3 days.

**HPI:**
Ms. Jane Smith is a 36 y/o F who presents with severe flank pain, fever, chills, and nausea for the past 3 days. The pain is constant with intermittent spikes, significantly impacting her ability to work and perform ADLs. She also reports urinary frequency but denies any changes in bowel habits. She has a PMH of recurrent UTIs, for which she was previously treated with abx.

**ROS:**
- **Constitutional:** Reports fever, chills, and fatigue. Denies recent weight loss or night sweats.
- **GI:** Reports nausea and vomiting. Denies diarrhea or constipation.
- **GU:** Reports urinary frequency and flank pain. Denies hematuria. 
- **MSK:** Denies muscle pain or stiffness.
- **Neuro:** Denies headaches or dizziness.
- **CV:** Denies chest pain or palpitations.
- **Resp:** Denies SOB or cough.

**2. Objective:**

**VS:**
- Temp: 101.5°F
- HR: Elevated
- BP: Normal
- RR: Normal

**PE:**
- **General:** Appears moderately ill and uncomfortable.
- **Abd:** Tenderness to palpation in the CVA region on the right side.
- **CV:** Normal heart sounds, no murmurs.
- **Resp:** Lungs clear to auscultation bilaterally.
- **GU:** Mild suprapubic tenderness without localized masses.
- **Neuro:** No focal deficits.

**UA:**
- Significant leukocyte esterase
- Presence of nitrites
- Presence of blood

**3. Assessment:**

**Acute Pyelonephritis:**
- **Medical Reasoning:** Ms. Smith presents with a classic presentation of acute pyelonephritis, including fever, flank pain, and significant findings on UA such as leukocyte esterase, nitrites, and blood. Given her history of recurrent UTIs, her symptoms are consistent with this dx.
- Awaiting further results from renal US, CMP, and CBC to assess the severity and any potential complications.

**4. Plan:**

**Medications:**
- Rx Ciprofloxacin 500 mg PO BID x10 days.
- Qty: 20 tabs.

**Further Testing:**
- Order for Renal US to assess for any structural abnormalities or obstructions.
- Order for CMP and CBC.

**Follow-up:**
- F/U in 1 week if no improvement or if symptoms worsen.
- Referral to Nephro, Dr. John Doe, for potential kidney damage assessment if complications arise.

**Patient Education and Counseling:**
- Educated the patient about the importance of completing the full course of abx.
- Advised to stay hydrated and monitor for worsening symptoms such as increased pain, fever, or changes in urine.
- Instructed to seek immediate medical attention if symptoms significantly worsen or new symptoms develop.

**Patient Agreements:**
The patient understands and agrees with the recommended medical treatment plan.
#####"|Family Medicine Physician|"[doctor] Hi Ms. Smith, how are you feeling today?

[patient] Not great, honestly. I've been having severe flank pain, fever, and nausea for the past three days.

[doctor] I'm sorry to hear that. Can you describe the pain for me? Is it constant or does it come and go?

[patient] It's mostly constant but there are times when it gets much worse.

[doctor] I see. Has this pain been affecting your daily activities and ability to work?

[patient] Yes, I haven't been able to work or do much of anything around the house.

[doctor] Hmm, that's tough. Have you noticed any changes in your bowel habits?

[patient] No, no changes there.

[doctor] Okay, how about your urine? Any changes in frequency or appearance?

[patient] I've been going to the bathroom a lot more frequently, but I haven't noticed any blood.

[doctor] Alright. Do you have any history of urinary tract infections?

[patient] Yes, I've had recurrent UTIs in the past. I've been treated with antibiotics several times.

[doctor] Understood. Let's go through a quick review of your symptoms. Do you have any chills or fatigue?

[patient] Yes, I've had chills and I feel extremely tired.

[doctor] Any recent weight loss or night sweats?

[patient] No, none of that.

[doctor] Have you experienced any nausea or vomiting?

[patient] Yes, I've been nauseous and have vomited a couple of times.

[doctor] Any diarrhea or constipation?

[patient] No.

[doctor] Any muscle pain or stiffness?

[patient] No, none.

[doctor] How about headaches or dizziness?

[patient] No headaches or dizziness either.

[doctor] Any chest pain or palpitations?

[patient] No, my chest feels fine.

[doctor] And any shortness of breath or cough?

[patient] No, I haven't had any issues breathing.

[doctor] Thank you for that. Let's check your vital signs. Your temperature is 101.5°F, your heart rate is elevated, but your blood pressure and respiratory rate are normal. Now, I need to examine you. Does it hurt when I press here on your right side?

[patient] Yes, that's very tender.

[doctor] Alright. On your abdominal exam, there's tenderness to palpation in the costovertebral angle region on the right side. Your heart sounds are normal, and your lungs are clear. You have some mild suprapubic tenderness but no localized masses. Neurologically, you seem fine with no focal deficits.

[doctor] Your urinalysis shows significant leukocyte esterase, nitrites, and blood. These findings are consistent with a urinary tract infection, possibly acute pyelonephritis. Given your symptoms and history, this fits the picture well.

[patient] Oh, that sounds serious.

[doctor] It can be, but we can manage it effectively. I'll prescribe Ciprofloxacin 500 mg, to be taken orally twice daily for 10 days.

[patient] Okay, how many tablets will I need?

[doctor] You'll need 20 tablets in total.

[patient] Got it. Is there anything else I need to do?

[doctor] Yes, I'll also order a renal ultrasound to check for any structural abnormalities or obstructions in your kidneys. We'll do a comprehensive metabolic panel and a complete blood count to assess the severity and any potential complications.

[patient] Alright, when should I follow up?

[doctor] Follow up in 1 week if you don't see any improvement or if your symptoms worsen. If complications arise, I’ll refer you to a nephrologist, Dr. Jane Smith, for a potential kidney damage assessment.

[patient] Understood.

[doctor] It's important to complete the full course of antibiotics, even if you start feeling better. Stay hydrated and monitor for any worsening symptoms like increased pain, fever, or changes in your urine.

[patient] Okay, I'll make sure to do that.

[doctor] And if your symptoms significantly worsen or you develop new symptoms, seek immediate medical attention. 

[patient] Will do. Thank you, doctor.

[doctor] You're welcome. Do you have any other questions or concerns?

[patient] No, I think that's everything.

[doctor] Alright, we'll see you again in a week. Take care and feel better soon.

[patient] Thank you, doctor."|"[doctor] Hi Ms. Smith, how are you feeling today?

[patient] Not great, honestly. I've been having severe flank pain, fever, and nausea for the past three days.

[doctor] Oh, I'm sorry to hear that. Can you describe the pain for me? Is it constant or does it come and go?

[patient] It's mostly constant, but there are times when it gets much worse.

[doctor] Hmm, I see. Has this pain been affecting your daily activities and ability to work?

[patient] Yes, I haven't been able to work or do much of anything around the house.

[doctor] That's tough. Have you noticed any changes in your bowel habits?

[patient] No, no changes there.

[doctor] Okay, how about your urine? Any changes in frequency or appearance?

[patient] I've been going to the bathroom a lot more frequently, but I haven't noticed any blood.

[doctor] Alright. Do you have any history of urinary tract infections?

[patient] Yes, I've had recurrent UTIs in the past. I've been treated with antibiotics several times.

[doctor] Understood. Let's go through a quick review of your symptoms. Do you have any chills or fatigue?

[patient] Yes, I've had chills and I feel extremely tired.

[doctor] Any recent weight loss or night sweats?

[patient] No, none of that.

[doctor] Have you experienced any nausea or vomiting?

[patient] Yes, I've been nauseous and have vomited a couple of times.

[doctor] Any diarrhea or constipation?

[patient] No.

[doctor] Any muscle pain or stiffness?

[patient] No, none.

[doctor] How about headaches or dizziness?

[patient] No headaches or dizziness either.

[doctor] Any chest pain or palpitations?

[patient] No, my chest feels fine.

[doctor] And any shortness of breath or cough?

[patient] No, I haven't had any issues breathing.

[doctor] Thank you for that. Let's check your vital signs. Your temperature is 101.5°F, your heart rate is elevated, but your blood pressure and respiratory rate are normal. Now, I need to examine you. Does it hurt when I press here on your right side?

[patient] Yes, that's very tender.

[doctor] Alright. On your abdominal exam, there's tenderness to palpation in the costovertebral angle region on the right side. Your heart sounds are normal, and your lungs are clear. You have some mild suprapubic tenderness but no localized masses. Neurologically, you seem fine with no focal deficits.

[doctor] Your urinalysis shows significant leukocyte esterase, nitrites, and blood. These findings are consistent with a urinary tract infection, possibly acute pyelonephritis. Given your symptoms and history, this fits the picture well.

[patient] Oh, that sounds serious.

[doctor] It can be, but we can manage it effectively. I'll prescribe Ciprofloxacin 500 mg, to be taken orally twice daily for 10 days.

[patient] Okay, how many tablets will I need?

[doctor] You'll need 20 tablets in total.

[patient] Got it. Is there anything else I need to do?

[doctor] Yes, I'll also order a renal ultrasound to check for any structural abnormalities or obstructions in your kidneys. We'll do a comprehensive metabolic panel and a complete blood count to assess the severity and any potential complications.

[patient] Alright, when should I follow up?

[doctor] Follow up in 1 week if you don't see any improvement or if your symptoms worsen. If complications arise, I’ll refer you to a nephrologist, Dr. Jane Smith, for a potential kidney damage assessment.

[patient] Understood.

[doctor] It's important to complete the full course of antibiotics, even if you start feeling better. Stay hydrated and monitor for any worsening symptoms like increased pain, fever, or changes in your urine.

[patient] Okay, I'll make sure to do that.

[doctor] And if your symptoms significantly worsen or you develop new symptoms, seek immediate medical attention. 

[patient] Will do. Thank you, doctor.

[doctor] You're welcome. Do you have any other questions or concerns?

[patient] No, I think that's everything.

[doctor] Alright, we'll see you again in a week. Take care and feel better soon.

[patient] Thank you, doctor."
ACUTE PYELONEPHRITIS|"ROLE: General Physician

DEMOGRAPHIC INFORMATION:
- Age: 65
- Gender: Male
- Ethnicity: Hispanic
- Socio-economic Status: Middle class
- Education Level: High school graduate
- Health Literacy: Low
- Job Status: Retired

MEDICAL HISTORY:
- Previous Diagnoses: Type 2 diabetes, Chronic obstructive pulmonary disease (COPD)
- Family Medical History: Sibling with history of chronic kidney disease; father had hypertension.
- Medication History: Metformin 1000 mg twice daily, Inhaled Albuterol as needed
- Allergies: No known drug allergies

SYMPTOM DESCRIPTION:
- Severity: 9/10
- Duration: 2 days
- Associated Symptoms: Severe unilateral flank pain, gross hematuria, high fever, chills, severe fatigue
- Frequency: Persistent
- Impact on Daily Activities: Severe; unable to leave bed, frequent trips to the bathroom

PATIENT’S SELF-REPORTED HABITS AND LIFESTYLE:
- Sleep: Poor quality due to pain
- Diet: High in carbohydrates and fatty foods
- Exercise: Minimal; history of sedentary lifestyle due to COPD
- Tobacco Use: Quit smoking 5 years ago
- Alcohol Consumption: None
- Drug Use: None
- Recreational Activities: Enjoys watching television and reading

PATIENT'S BEHAVIOR: Patient is compliant but expresses confusion about medical instructions due to low health literacy.

GEOGRAPHICAL LOCATION:
- Big City vs Small City: Big City
- Pollution and Environmental Health Risks: High pollution
- Neighborhood Type: Affluent, well-served by public transit, close to multiple healthcare facilities

CLINICAL SETTING: Urgent Care Centers

TYPE OF ENCOUNTER: Emergency Visit

PHYSICAL EXAMS:
- General: Appears acutely ill
- Vitals: T 102.2°F, BP 158/95 mmHg, HR 115 bpm, RR 24
- CV: Hypertensive, tachycardic
- RESPIRATORY: Mild wheezing due to COPD
- ABDOMEN: Left costovertebral angle tenderness, no guarding or rebound tenderness
- NEURO: Alert but appears fatigued
- GU: Deferred

INVESTIGATION/TEST RESULTS:
- Urinalysis: Awaiting results
- Blood Work: Ordered for biochemistry (including kidney function tests), hematology, and urine culture
- Imaging: Ordered CT urogram to assess for possible obstructive uropathy

MEDICAL OUTCOME:
- Diagnosis: Acute pyelonephritis
- Prescribed Treatment:
  - Piperacillin/Tazobactam 4.5 g IV every 6 hours for 7 days
  - Acetaminophen 650 mg, oral, every 6 hours as needed for fever and pain
- Follow-up Recommendations: Hospital admission for IV antibiotics and monitoring
- Referral: Nephrologist for assessment of renal function due to complicated presentation with possible obstruction; Dr. Maria Sanchez, Nephrology
- Lifestyle Change: Emphasize better diabetes management, discuss dietary changes for kidney health, and increase hydration

TREATMENT DISPARITIES: Consideration of hospital charity care program due to possible low ability to pay for extended hospital stay

NATIVE OR NON-NATIVE ENGLISH SPEAKING PATIENT: Non-Native English Speaker (Spanish)

Note: This scenario includes a different medical outcome (complicated acute pyelonephritis with possible obstruction), different symptoms (gross hematuria, severe unilateral flank pain), different physical exams findings (tachycardia, tachypnea, high blood pressure), and different investigation/test needs (CT urogram)."|"#####
**SUBJECTIVE:**

**Chief Complaint (CC):**
Severe unilateral flank pain and gross hematuria.

**History of Present Illness (HPI):**
Mr. Jose Martinez is a 65-year-old Hispanic male, retired, who presents to the urgent care center with a 2-day history of severe unilateral flank pain, rated 9/10 in severity. He also reports gross hematuria, high fever, chills, and severe fatigue. The symptoms are persistent and have significantly impacted his daily activities, leaving him bedridden and frequently needing to use the bathroom.

**Review of Systems (ROS):**
- **General:** Reports severe fatigue, fever, and chills.
- **Respiratory:** Mild wheezing, history of COPD.
- **Gastrointestinal:** No nausea or vomiting reported.
- **Genitourinary:** Severe left costovertebral angle (CVA) tenderness, gross hematuria.
- **Neurological:** Alert, but appears fatigued.

**OBJECTIVE:**

**General:**
Appears acutely ill.

**Vital Signs:**
- Temperature (T): 102.2°F
- Blood Pressure (BP): 158/95 mmHg
- Heart Rate (HR): 115 bpm
- Respiratory Rate (RR): 24

**Cardiovascular:**
- Hypertensive
- Tachycardic

**Respiratory:**
- Mild wheezing noted, consistent with COPD

**Abdomen:**
- Left costovertebral angle (CVA) tenderness
- No guarding or rebound tenderness

**Neurological:**
- Alert but appears fatigued

**Genitourinary:**
- Deferred

**Investigations:**
- **Urinalysis:** Awaiting results
- **Blood Work:** Ordered for biochemistry (including kidney function tests), hematology, and urine culture
- **Imaging:** CT urogram ordered to assess for possible obstructive uropathy

**ASSESSMENT:**

- Acute pyelonephritis with suspected obstructive uropathy
- Type 2 diabetes
- Chronic obstructive pulmonary disease (COPD)

**PLAN:**

1. **Treatment:**
   - Piperacillin/Tazobactam 4.5 g IV every 6 hours for 7 days
   - Acetaminophen 650 mg, orally, every 6 hours as needed for fever and pain

2. **Hospital Admission:**
   - Admit to hospital for IV antibiotics and close monitoring due to severe presentation and potential complications.

3. **Consultation/Referral:**
   - Refer to Dr. Maria Sanchez, Nephrologist, for assessment of renal function and further evaluation of possible obstruction.

4. **Lifestyle Modification:**
   - Discuss the importance of better diabetes management and adherence to prescribed medications.
   - Educate on dietary changes to support kidney health, emphasizing a low-carbohydrate and low-sodium diet.
   - Encourage increased hydration to prevent further kidney stress.

5. **Follow-Up:**
   - Arrange follow-up with primary care physician post-hospital discharge for ongoing management of diabetes and COPD.

6. **Financial Considerations:**
   - Explore hospital charity care program to assist with the potential costs of the extended hospital stay due to his low health literacy and possible financial constraints.

**INSTRUCTIONS:**

- Mr. Martinez to be transported to the hospital immediately for admission and treatment initiation.
- On discharge, ensure follow-up appointments with primary care and nephrology are scheduled.
- Provide instructions and educational material in Spanish to ensure understanding and compliance.

#####
"|"**1. Subjective:**

**Chief Complaint (CC):**
Severe unilateral flank pain and gross hematuria.

**History of Present Illness (HPI):**
Mr. Jose Martinez is a 65-year-old Hispanic male, retired, who presents to the urgent care center with a 2-day history of severe unilateral flank pain, rated 9/10 in severity. He also reports gross hematuria, high fever, chills, and severe fatigue. The symptoms are persistent and have significantly impacted his daily activities, leaving him bedridden and frequently needing to use the bathroom.

**Review of Systems (ROS):**
- **General:** Reports severe fatigue, fever, and chills.
- **Respiratory:** Mild wheezing, history of COPD.
- **Gastrointestinal:** No nausea or vomiting reported.
- **Genitourinary:** Severe left costovertebral angle (CVA) tenderness, gross hematuria.
- **Neurological:** Alert, but appears fatigued.

**2. Objective:**

**General:**
Appears acutely ill.

**Vital Signs:**
- Temperature (T): 102.2°F
- Blood Pressure (BP): 158/95 mmHg
- Heart Rate (HR): 115 bpm
- Respiratory Rate (RR): 24

**Cardiovascular:**
- Hypertensive
- Tachycardic

**Respiratory:**
- Mild wheezing noted, consistent with COPD

**Abdomen:**
- Left costovertebral angle (CVA) tenderness
- No guarding or rebound tenderness

**Neurological:**
- Alert but appears fatigued

**Genitourinary:**
- Deferred

**Investigations:**
- **Urinalysis:** Awaiting results

**3. Assessment:**

- Acute pyelonephritis with suspected obstructive uropathy
- Type 2 diabetes
- Chronic obstructive pulmonary disease (COPD)

**4. Plan:**

1. **Treatment:**
   - Piperacillin/Tazobactam 4.5 g IV every 6 hours for 7 days
   - Acetaminophen 650 mg, orally, every 6 hours as needed for fever and pain

2. **Hospital Admission:**
   - Admit to hospital for IV antibiotics and close monitoring due to severe presentation and potential complications.

3. **Consultation/Referral:**
   - Refer to Dr. Maria Sanchez, Nephrologist, for assessment of renal function and further evaluation of possible obstruction.

4. **Lifestyle Modification:**
   - Discuss the importance of better diabetes management and adherence to prescribed medications.
   - Educate on dietary changes to support kidney health, emphasizing a low-carbohydrate and low-sodium diet.
   - Encourage increased hydration to prevent further kidney stress.

5. **Follow-Up:**
   - Arrange follow-up with primary care physician post-hospital discharge for ongoing management of diabetes and COPD.

6. **Financial Considerations:**
   - Explore hospital charity care program to assist with the potential costs of the extended hospital stay due to his low health literacy and possible financial constraints.

**INSTRUCTIONS:**

- Mr. Martinez to be transported to the hospital immediately for admission and treatment initiation.
- On discharge, ensure follow-up appointments with primary care and nephrology are scheduled.
- Provide instructions and educational material in Spanish to ensure understanding and compliance."|"**1. Subjective:**

**CC:**
Severe unilateral flank pain and gross hematuria.

**HPI:**
Mr. Jose Martinez, a 65 y/o Hispanic male, retired, presents to UC with a 2-day hx of severe unilateral flank pain, rated 9/10. Reports gross hematuria, high fever, chills, and severe fatigue. Symptoms persistent, significantly impacting ADLs, leaving him bedridden and frequently needing to use the bathroom.

**ROS:**
- **General:** Reports severe fatigue, fever, and chills.
- **Resp:** Mild wheezing, hx of COPD.
- **GI:** No N/V.
- **GU:** Severe left CVA tenderness, gross hematuria.
- **Neuro:** Alert, but appears fatigued.

**2. Objective:**

**General:**
Appears acutely ill.

**VS:**
- T: 102.2°F
- BP: 158/95 mmHg
- HR: 115 bpm
- RR: 24

**CV:**
- Hypertensive
- Tachycardic

**Resp:**
- Mild wheezing noted, consistent with COPD

**Abd:**
- Left CVA tenderness
- No guarding or rebound tenderness

**Neuro:**
- Alert but appears fatigued

**GU:**
- Deferred

**Investigations:**
- **UA:** Awaiting results

**3. Assessment:**

- Acute pyelo with suspected obstructive uropathy
- T2DM
- COPD

**4. Plan:**

1. **Tx:**
   - Pip/Tazo 4.5 g IV q6h x7d
   - APAP 650 mg PO q6h PRN for fever and pain

2. **Hospital Admission:**
   - Admit for IV abx and close monitoring due to severe presentation and potential complications.

3. **Consult/Referral:**
   - Refer to Dr. Maria Sanchez, Nephro, for assessment of renal function and further eval of possible obstruction.

4. **Lifestyle Mod:**
   - Discuss importance of better DM mgmt and adherence to Rx'ed meds.
   - Educate on dietary changes to support renal health, emphasizing low-carb and low-Na diet.
   - Encourage increased hydration to prevent further renal stress.

5. **F/U:**
   - Arrange f/u with PCP post-hospital discharge for ongoing mgmt of DM and COPD.

6. **Financial Considerations:**
   - Explore hospital charity care program to assist with potential costs of extended hospital stay due to low health literacy and possible financial constraints.

**INSTRUCTIONS:**

- Mr. Martinez to be transported to hospital immediately for admission and tx initiation.
- On discharge, ensure f/u appts with PCP and nephro are scheduled.
- Provide instructions and educational material in Spanish to ensure understanding and compliance."|General Physician|"**Doctor:** Hi Mr. Martinez, I understand you're having some severe pain. Can you tell me more about it?

**Patient:** Yes, doctor. It started two days ago. It's on one side, and it's really, really bad. I would say it's a 9 out of 10.

**Doctor:** I see. And have you noticed anything else, like blood in your urine?

**Patient:** Yes, there's a lot of blood. It's very scary.

**Doctor:** That must be very alarming for you. Have you experienced any fever or chills?

**Patient:** Yes, I have a high fever and chills. I'm very tired too, almost bedridden.

**Doctor:** Okay, I understand. It sounds like you're feeling pretty unwell. Have you been able to do any of your daily activities?

**Patient:** No, not really. I'm mostly in bed, and I need to use the bathroom a lot.

**Doctor:** Alright, let's go through a few more questions. Do you have any issues with your breathing, like wheezing?

**Patient:** Yes, a little bit. I've had COPD for a while now.

**Doctor:** Got it. Have you experienced any nausea or vomiting?

**Patient:** No, none of that.

**Doctor:** How about any stomach pain or discomfort?

**Patient:** Just the pain on my side, nothing else.

**Doctor:** Okay. How about your neurological state? Do you feel alert, or are you more fatigued than usual?

**Patient:** I feel very tired, but I'm alert.

**Doctor:** Alright, let's take a look at your vital signs. Your temperature is 102.2°F, your blood pressure is 158/95 mmHg, your heart rate is 115 bpm, and your respiratory rate is 24 breaths per minute. You appear to be acutely ill.

**Patient:** Yes, I feel terrible.

**Doctor:** On examination, I can hear some mild wheezing in your lungs, consistent with your COPD history. You also have tenderness in the left costovertebral angle, but no guarding or rebound tenderness in your abdomen.

**Patient:** That sounds consistent with what I'm feeling.

**Doctor:** We need to run some tests to understand what's going on. We have ordered a urinalysis, blood work including kidney function tests, and a urine culture. We've also ordered a CT urogram to check for any possible blockage in your urinary tract.

**Patient:** Okay, I understand.

**Doctor:** Based on what we know so far, it looks like you might have acute pyelonephritis, which is a kidney infection, possibly with an obstruction. We also need to manage your type 2 diabetes and COPD.

**Patient:** That sounds serious. What do we do next?

**Doctor:** We'll start you on Piperacillin/Tazobactam 4.5 g IV every 6 hours for 7 days to tackle the infection. For your fever and pain, we'll give you Acetaminophen 650 mg orally every 6 hours as needed.

**Patient:** Thank you, doctor.

**Doctor:** Given the severity of your condition, we need to admit you to the hospital for close monitoring and IV antibiotics. We will refer you to Dr. Maria Sanchez, a nephrologist, for further evaluation of your kidney function and any possible obstruction.

**Patient:** Okay, I understand. I'll go to the hospital.

**Doctor:** It's important to manage your diabetes better and stick to your prescribed medications. We also need to discuss dietary changes to support your kidney health, focusing on a low-carbohydrate and low-sodium diet.

**Patient:** I'll try my best.

**Doctor:** Also, make sure to stay well-hydrated to prevent further stress on your kidneys.

**Patient:** I'll do that.

**Doctor:** After your hospital stay, we'll arrange follow-up appointments with your primary care physician for ongoing management of your diabetes and COPD.

**Patient:** Okay, I'll make sure to follow up.

**Doctor:** Considering your financial situation, we'll explore the hospital's charity care program to help with the costs of your extended hospital stay.

**Patient:** That would be very helpful, thank you.

**Doctor:** We'll provide instructions and educational material in Spanish to ensure you understand and comply with the treatment plan.

**Patient:** That's great. That will help a lot.

**Doctor:** Alright, Mr. Martinez. We'll transport you to the hospital immediately for admission and treatment. Make sure to follow the instructions and attend all follow-up appointments.

**Patient:** Thank you, doctor. I'll follow everything you said.

**Doctor:** You're welcome. Take care, and we'll see you soon for your follow-up.

**Patient:** Thank you, doctor. Goodbye.

**Doctor:** Goodbye, Mr. Martinez. Get well soon."|"**Doctor:** Hi Mr. Martinez, I understand you're having some severe pain. Can you tell me more about it?

**Patient:** Yes, doctor. It started two days ago. It's on one side, and it's really, really bad. I would say it's a 9 out of 10.

**Doctor:** Hmm, I see. And have you noticed anything else, like blood in your urine?

**Patient:** Yes, there's a lot of blood. It's very scary.

**Doctor:** That must be very alarming for you. Have you experienced any fever or chills?

**Patient:** Yes, I have a high fever and chills. I'm very tired too, almost bedridden.

**Doctor:** Okay, I understand. It sounds like you're feeling pretty unwell. Have you been able to do any of your daily activities?

**Patient:** No, not really. I'm mostly in bed, and I need to use the bathroom a lot.

**Doctor:** Alright, let's go through a few more questions. Do you have any issues with your breathing, like wheezing?

**Patient:** Yes, a little bit. I've had COPD for a while now.

**Doctor:** Got it. Have you experienced any nausea or vomiting?

**Patient:** No, none of that.

**Doctor:** How about any stomach pain or discomfort?

**Patient:** Just the pain on my side, nothing else.

**Doctor:** Okay. How about your neurological state? Do you feel alert, or are you more fatigued than usual?

**Patient:** I feel very tired, but I'm alert.

**Doctor:** Alright, let's take a look at your vital signs. Your temperature is 102.2°F, your blood pressure is 158/95 mmHg, your heart rate is 115 bpm, and your respiratory rate is 24 breaths per minute. You appear to be acutely ill.

**Patient:** Yes, I feel terrible.

**Doctor:** On examination, I can hear some mild wheezing in your lungs, consistent with your COPD history. You also have tenderness in the left costovertebral angle, but no guarding or rebound tenderness in your abdomen.

**Patient:** That sounds consistent with what I'm feeling.

**Doctor:** We need to run some tests to understand what's going on. We have ordered a urinalysis, blood work including kidney function tests, and a urine culture. We've also ordered a CT urogram to check for any possible blockage in your urinary tract.

**Patient:** Okay, I understand.

**Doctor:** Based on what we know so far, it looks like you might have acute pyelonephritis, which is a kidney infection, possibly with an obstruction. We also need to manage your type 2 diabetes and COPD.

**Patient:** That sounds serious. What do we do next?

**Doctor:** We'll start you on Piperacillin/Tazobactam 4.5 g IV every 6 hours for 7 days to tackle the infection. For your fever and pain, we'll give you Acetaminophen 650 mg orally every 6 hours as needed.

**Patient:** Thank you, doctor.

**Doctor:** Given the severity of your condition, we need to admit you to the hospital for close monitoring and IV antibiotics. We will refer you to Dr. Maria Sanchez, a nephrologist, for further evaluation of your kidney function and any possible obstruction.

**Patient:** Okay, I understand. I'll go to the hospital.

**Doctor:** It's important to manage your diabetes better and stick to your prescribed medications. We also need to discuss dietary changes to support your kidney health, focusing on a low-carbohydrate and low-sodium diet.

**Patient:** I'll try my best.

**Doctor:** Also, make sure to stay well-hydrated to prevent further stress on your kidneys.

**Patient:** I'll do that.

**Doctor:** After your hospital stay, we'll arrange follow-up appointments with your primary care physician for ongoing management of your diabetes and COPD.

**Patient:** Okay, I'll make sure to follow up.

**Doctor:** Considering your financial situation, we'll explore the hospital's charity care program to help with the costs of your extended hospital stay.

**Patient:** That would be very helpful, thank you.

**Doctor:** We'll provide instructions and educational material in Spanish to ensure you understand and comply with the treatment plan.

**Patient:** That's great. That will help a lot.

**Doctor:** Alright, Mr. Martinez. We'll transport you to the hospital immediately for admission and treatment. Make sure to follow the instructions and attend all follow-up appointments.

**Patient:** Thank you, doctor. I'll follow everything you said.

**Doctor:** You're welcome. Take care, and we'll see you soon for your follow-up.

**Patient:** Thank you, doctor. Goodbye.

**Doctor:** Goodbye, Mr. Martinez. Get well soon."
ACUTE PYELONEPHRITIS|"ROLE: Family Medicine Physician

Demographic Information:
- Age: 45 years
- Gender: Male
- Ethnicity: Caucasian
- Socio-economic Status: Low income
- Education Level: GED
- Health Literacy: Low
- Job Status: Construction worker

Symptom Description:
- Severity: Severe
- Duration: 5 days
- Associated Symptoms: High fever, chills, severe flank pain on right side, nausea, vomiting, dysuria, frequent and urgent urination
- Frequency: Constant
- Impact on Daily Activities: Unable to work, bedridden

Patient’s self-reported habits and lifestyle:
- Sleep: Poor due to pain
- Diet: High in fast food and sugary drinks
- Exercise: None
- Tobacco Use: Smokes 1 pack per day
- Alcohol Consumption: Moderate, 3-4 beers per day
- Drug Use: None
- Recreational Activities: Watches TV, no physical hobbies

Medical History:
- Previous Diagnoses: Hypertension, recurrent urinary tract infections
- Family Medical History: Father had heart disease, mother had type 2 diabetes
- Medication History: Takes Lisinopril for hypertension, 20 mg once daily
- Allergies: None
- Chronic Conditions: Hypertension

Patient's Behavior:
- Level of Cooperation: Moderate, some resistance to lifestyle changes

Geographical Location:
- Rural, limited access to healthcare facilities
- Neighborhood Type: Impoverished
- Environmental Health Risks: High due to poor living conditions and farm chemicals

Clinical Setting:
- Community Health Clinic

Type of Encounter:
- Emergency Visit

Physical exams:
- Abdominal Examination: Tenderness in the right lower abdomen and right flank area
- Vital Signs: High fever of 103°F, Blood Pressure 160/95 mmHg, Heart Rate 105 bpm, Respiratory Rate 24 breaths/min

Investigation/Test results:
- Urinalysis: Awaiting results
- Urine Culture: Awaiting results
- Blood Work: Ordered for biochemistry including BUN, creatinine, and complete blood count (CBC)

Medical Outcome:
- Diagnosis: Acute Pyelonephritis
- Prescribed Treatment: Ceftriaxone 1 gram, injectable, once daily for 7 days; patient to receive first dose at clinic
- Follow-up recommendations: Follow-up visit in 3 days to review test results and assess response to treatment; if no improvement, consider hospital admission
- Referral: If no improvement, referral to nephrologist Dr. Thompson for further evaluation
- Lifestyle Change: Strongly advised to quit smoking, reduce alcohol intake, and improve diet with more vegetables and fruits"|"**1. Subjective:**

**Chief Complaint (CC):**
Severe right-sided flank pain, high fever, nausea, vomiting, and urinary symptoms.

**History of Present Illness (HPI):**
The patient, a 45-year-old Caucasian male, presents with severe right-sided flank pain that has persisted for the past 5 days. He reports a high fever, chills, nausea, vomiting, dysuria, and frequent, urgent urination. The pain is constant and severe, preventing him from performing daily activities or working.

**Review of Systems (ROS):**
- **General:** High fever, chills, severe fatigue, bedridden
- **Gastrointestinal:** Nausea, vomiting, no changes in bowel movements
- **Genitourinary:** Dysuria, frequent and urgent urination
- **Musculoskeletal:** No joint pain or muscle aches
- **Sleep:** Poor due to pain

**2. Objective:**

**Vital Signs:**
- Temperature: 103°F
- Blood Pressure: 160/95 mmHg
- Heart Rate: 105 bpm
- Respiratory Rate: 24 breaths/min

**Physical Examination:**
- **Abdominal Examination:** Tenderness in the right lower abdomen and right flank area, no guarding or rebound tenderness
- **General Appearance:** Patient appears unwell, visibly distressed

**Pending Test Results:**
- **Urinalysis:** Awaiting results
- **Urine Culture:** Awaiting results
- **Blood Work:** Ordered for biochemistry including BUN, creatinine, and CBC

**3. Assessment:**

- **Acute Pyelonephritis:**
  - **Medical Reasoning:** The patient's symptoms, including high fever, chills, severe right-sided flank pain, dysuria, and nausea, are highly suggestive of acute pyelonephritis, likely secondary to a urinary tract infection.
  - **Differential Diagnoses:** Renal colic, appendicitis, cholecystitis, and diverticulitis, though less likely given the presenting symptoms.

**4. Plan:**

1. **Medical Treatment:**
   - Administer Ceftriaxone 1 gram, injectable, once daily for 7 days. The patient will receive the first dose at the clinic.
   - Hydration: Encourage increased fluid intake.

2. **Patient Education and Counseling:**
   - Educate the patient about the importance of completing the full course of antibiotics.
   - Discuss the need to monitor symptoms and seek immediate medical attention if symptoms worsen or do not improve.
   - Strongly advise quitting smoking and reducing alcohol intake to promote overall health and recovery.
   - Advise dietary changes to include more vegetables and fruits, and reduce fast food and sugary drinks.

3. **Follow-Up:**
   - Schedule a follow-up visit in 3 days to review test results and assess the response to treatment.
   - If no improvement by follow-up, consider hospital admission for intravenous antibiotics and further evaluation.

4. **Referral:**
   - Refer to nephrologist Dr. Thompson if there is no improvement by the follow-up visit for further evaluation and management.

**Patient Agreements:**
The patient understands and agrees with the recommended medical treatment plan and follow-up instructions."|"**1. Subjective:**

**Chief Complaint (CC):**
Severe right-sided flank pain, high fever, nausea, vomiting, and urinary symptoms.

**History of Present Illness (HPI):**
The patient, a 45-year-old Caucasian male named John Smith, presents with severe right-sided flank pain that has persisted for the past 5 days. He reports a high fever, chills, nausea, vomiting, dysuria, and frequent, urgent urination. The pain is constant and severe, preventing him from performing daily activities or working.

**Review of Systems (ROS):**
- **General:** High fever, chills, severe fatigue, bedridden
- **Gastrointestinal:** Nausea, vomiting, no changes in bowel movements
- **Genitourinary:** Dysuria, frequent and urgent urination
- **Musculoskeletal:** No joint pain or muscle aches
- **Sleep:** Poor due to pain

**2. Objective:**

**Vital Signs:**
- Temperature: 103°F
- Blood Pressure: 160/95 mmHg
- Heart Rate: 105 bpm
- Respiratory Rate: 24 breaths/min

**Physical Examination:**
- **Abdominal Examination:** Tenderness in the right lower abdomen and right flank area, no guarding or rebound tenderness
- **General Appearance:** Patient appears unwell, visibly distressed

**Pending Test Results:**
- **Urinalysis:** Awaiting results
- **Urine Culture:** Awaiting results
- **Blood Work:** Ordered for biochemistry including BUN, creatinine, and CBC

**3. Assessment:**

- **Acute Pyelonephritis:**
  - **Medical Reasoning:** The patient's symptoms, including high fever, chills, severe right-sided flank pain, dysuria, and nausea, are highly suggestive of acute pyelonephritis, likely secondary to a urinary tract infection.
  - **Differential Diagnoses:** Renal colic, appendicitis, cholecystitis, and diverticulitis, though less likely given the presenting symptoms.

**4. Plan:**

1. **Medical Treatment:**
   - Administer Ceftriaxone 1 gram, injectable, once daily for 7 days. The patient will receive the first dose at the clinic.
   - Hydration: Encourage increased fluid intake.

2. **Patient Education and Counseling:**
   - Educate the patient about the importance of completing the full course of antibiotics.
   - Discuss the need to monitor symptoms and seek immediate medical attention if symptoms worsen or do not improve.
   - Strongly advise quitting smoking and reducing alcohol intake to promote overall health and recovery.
   - Advise dietary changes to include more vegetables and fruits, and reduce fast food and sugary drinks.

3. **Follow-Up:**
   - Schedule a follow-up visit in 3 days to review test results and assess the response to treatment.
   - If no improvement by follow-up, consider hospital admission for intravenous antibiotics and further evaluation.

4. **Referral:**
   - Refer to nephrologist Dr. Thompson if there is no improvement by the follow-up visit for further evaluation and management. Reason for referral: Further evaluation and management of suspected acute pyelonephritis."|"**1. Subjective:**

**CC:**
Severe R-sided flank pain, high fever, N/V, and urinary sx.

**HPI:**
The pt, a 45 y/o Caucasian male named John Smith, presents with severe R-sided flank pain that has persisted for the past 5 days. He reports a high fever, chills, N/V, dysuria, and frequent, urgent urination. The pain is constant and severe, preventing him from performing ADLs or working.

**ROS:**
- **General:** High fever, chills, severe fatigue, bedridden
- **GI:** N/V, no changes in BM
- **GU:** Dysuria, frequent and urgent urination
- **MSK:** No joint pain or muscle aches
- **Sleep:** Poor due to pain

**2. Objective:**

**VS:**
- Temp: 103°F
- BP: 160/95 mmHg
- HR: 105 bpm
- RR: 24 breaths/min

**PE:**
- **Abd Exam:** Tenderness in the R lower abdomen and R flank area, no guarding or rebound tenderness
- **General Appearance:** Pt appears unwell, visibly distressed

**Pending Labs:**
- **UA:** Awaiting results
- **UCx:** Awaiting results
- **Blood Work:** Ordered for biochem including BUN, Cr, and CBC

**3. Assessment:**

- **Acute Pyelonephritis:**
  - **Medical Reasoning:** The pt's sx, including high fever, chills, severe R-sided flank pain, dysuria, and N/V, are highly suggestive of acute pyelonephritis, likely 2° to a UTI.
  - **DDx:** Renal colic, appendicitis, cholecystitis, and diverticulitis, though less likely given the presenting sx.

**4. Plan:**

1. **Medical Tx:**
   - Administer Ceftriaxone 1g IM/IV QD x 7 days. The pt will receive the first dose at the clinic.
   - Hydration: Encourage ↑ fluid intake.

2. **Pt Ed and Counseling:**
   - Educate the pt about the importance of completing the full course of abx.
   - Discuss the need to monitor sx and seek immediate medical attention if sx worsen or do not improve.
   - Strongly advise quitting smoking and reducing EtOH intake to promote overall health and recovery.
   - Advise dietary changes to include more veggies and fruits, and reduce fast food and sugary drinks.

3. **F/U:**
   - Schedule a F/U visit in 3 days to review test results and assess the response to tx.
   - If no improvement by F/U, consider hospital admission for IV abx and further eval.

4. **Referral:**
   - Refer to nephro Dr. Thompson if there is no improvement by the F/U visit for further eval and mgmt. Reason for referral: Further eval and mgmt of suspected acute pyelonephritis."|Family Medicine Physician|"[doctor] Hi there, how are you feeling today?

[patient] Not great, to be honest. I'm in a lot of pain.

[doctor] I'm sorry to hear that. What seems to be the main issue?

[patient] I've had this severe pain on my right side for the past 5 days. It's really bad.

[doctor] Can you describe the pain for me? Is it constant or does it come and go?

[patient] It's constant and very severe. It’s preventing me from doing anything.

[doctor] I see. Any other symptoms besides the pain?

[patient] Yes, I have a high fever, chills, nausea, vomiting, and I’m having trouble when I pee.

[doctor] When you say trouble, do you mean pain when urinating?

[patient] Yes, it burns when I pee, and I feel like I need to go all the time.

[doctor] How high has your fever been?

[patient] It's been around 103°F.

[doctor] Have you noticed any changes in your bowel movements?

[patient] No, my bowel movements are the same.

[doctor] Alright. And how has your sleep been?

[patient] Poor. The pain keeps me up.

[doctor] Any joint pain or muscle aches?

[patient] No, none of that.

[doctor] Okay, let’s take a look at your vitals. Your temperature is 103°F, your blood pressure is 160/95 mmHg, your heart rate is 105 bpm, and your respiratory rate is 24 breaths/min.

[patient] That sounds about right.

[doctor] Let me examine your abdomen. Does it hurt when I press here?

[patient] Yes, it’s tender on the right side.

[doctor] Alright. I can see you’re visibly distressed. How’s your overall energy level?

[patient] I feel extremely fatigued and have been mostly bedridden.

[doctor] I’ve ordered some tests, including a urinalysis, urine culture, and blood work to check your biochemistry, BUN, creatinine, and CBC. We’re awaiting those results.

[patient] Okay.

[doctor] Based on your symptoms, it seems like you might have acute pyelonephritis, which is a kidney infection.

[patient] Oh, that sounds serious. What’s next?

[doctor] We’ll start you on Ceftriaxone, 1 gram once daily for 7 days. You’ll receive the first dose here at the clinic.

[patient] Alright.

[doctor] I also want you to increase your fluid intake. Staying hydrated is important.

[patient] I can do that.

[doctor] It’s crucial that you complete the full course of antibiotics, even if you start to feel better.

[patient] Got it.

[doctor] Monitor your symptoms closely. If they worsen or don’t improve, seek medical attention immediately.

[patient] Will do.

[doctor] I strongly advise quitting smoking and reducing alcohol intake. It will help with your overall health and recovery.

[patient] I’ll try my best.

[doctor] Also, try to incorporate more vegetables and fruits into your diet and cut down on fast food and sugary drinks.

[patient] I’ll work on that.

[doctor] We’ll schedule a follow-up visit in 3 days to review your test results and see how the treatment is working.

[patient] Okay, sounds good.

[doctor] If there’s no improvement by the follow-up, we may need to admit you to the hospital for intravenous antibiotics and further evaluation.

[patient] I hope it doesn’t come to that.

[doctor] If necessary, we’ll refer you to a nephrologist, Dr. Thompson, for further evaluation and management.

[patient] Alright, I understand.

[doctor] Do you have any questions or concerns?

[patient] No, I think that covers everything.

[doctor] Great. I’ll send the nurse in with your first dose of antibiotics. Take care and see you in 3 days.

[patient] Thank you, doctor."|"[doctor] Hi there, how are you feeling today?

[patient] Not great, to be honest. I'm in a lot of pain.

[doctor] I'm sorry to hear that. What seems to be the main issue?

[patient] I've had this severe pain on my right side for the past 5 days. It's really bad.

[doctor] Hmm, I see. Can you describe the pain for me? Is it constant or does it come and go?

[patient] It's constant and very severe. It’s preventing me from doing anything.

[doctor] I understand. Any other symptoms besides the pain?

[patient] Yes, I have a high fever, chills, nausea, vomiting, and I’m having trouble when I pee.

[doctor] When you say trouble, do you mean pain when urinating?

[patient] Yes, it burns when I pee, and I feel like I need to go all the time.

[doctor] How high has your fever been?

[patient] It's been around 103°F.

[doctor] Have you noticed any changes in your bowel movements?

[patient] No, my bowel movements are the same.

[doctor] Alright. And how has your sleep been?

[patient] Poor. The pain keeps me up.

[doctor] Any joint pain or muscle aches?

[patient] No, none of that.

[doctor] Okay, let’s take a look at your vitals. Your temperature is 103°F, your blood pressure is 160/95 mmHg, your heart rate is 105 bpm, and your respiratory rate is 24 breaths/min.

[patient] That sounds about right.

[doctor] Let me examine your abdomen. Does it hurt when I press here?

[patient] Yes, it’s tender on the right side.

[doctor] Alright. I can see you’re visibly distressed. How’s your overall energy level?

[patient] I feel extremely fatigued and have been mostly bedridden.

[doctor] I’ve ordered some tests, including a urinalysis, urine culture, and blood work to check your biochemistry, BUN, creatinine, and CBC. We’re awaiting those results.

[patient] Okay.

[doctor] Based on your symptoms, it seems like you might have acute pyelonephritis, which is a kidney infection.

[patient] Oh, that sounds serious. What’s next?

[doctor] We’ll start you on Ceftriaxone, 1 gram once daily for 7 days. You’ll receive the first dose here at the clinic.

[patient] Alright.

[doctor] I also want you to increase your fluid intake. Staying hydrated is important.

[patient] I can do that.

[doctor] It’s crucial that you complete the full course of antibiotics, even if you start to feel better.

[patient] Got it.

[doctor] Monitor your symptoms closely. If they worsen or don’t improve, seek medical attention immediately.

[patient] Will do.

[doctor] I strongly advise quitting smoking and reducing alcohol intake. It will help with your overall health and recovery.

[patient] I’ll try my best.

[doctor] Also, try to incorporate more vegetables and fruits into your diet and cut down on fast food and sugary drinks.

[patient] I’ll work on that.

[doctor] We’ll schedule a follow-up visit in 3 days to review your test results and see how the treatment is working.

[patient] Okay, sounds good.

[doctor] If there’s no improvement by the follow-up, we may need to admit you to the hospital for intravenous antibiotics and further evaluation.

[patient] I hope it doesn’t come to that.

[doctor] If necessary, we’ll refer you to a nephrologist, Dr. Thompson, for further evaluation and management.

[patient] Alright, I understand.

[doctor] Do you have any questions or concerns?

[patient] No, I think that covers everything.

[doctor] Great. I’ll send the nurse in with your first dose of antibiotics. Take care and see you in 3 days.

[patient] Thank you, doctor."
ACUTE PYELONEPHRITIS|"ROLE: Family Medicine Physician

**Medical Outcome:**
- Diagnosis: Acute pyelonephritis
- Prescribed Treatment: Ceftriaxone 1g intravenous once daily for 7 days
- Follow-up Recommendations: Follow-up appointment in 1 week to assess response to treatment
- Referral to further tests: Complete blood count (CBC) and urine culture
- Referral to specialists: Referral to a nephrologist for further evaluation if no improvement in symptoms or recurrent episodes; Dr. Sarah Delgado

**Medical History:**
- Previous Diagnoses: Recurrent urinary tract infections (UTIs)
- Family Medical History: Mother with history of hypertension
- Medication History: Previous use of antibiotics for UTIs
- Allergies: Penicillin (rash)
- Chronic Conditions: None

**Symptom Description:**
- Severity: Severe
- Duration: 3 days
- Associated Symptoms: Fever, chills, flank pain, nausea, vomiting, dysuria
- Frequency: Persistent since onset
- Impact on Daily Activities: Unable to perform usual activities due to pain and discomfort

**Patient’s self-reported habits and lifestyle:**
- Sleep: Poor sleep due to pain
- Diet: Balanced diet, currently has poor appetite
- Exercise: Regular exercise, currently unable to exercise due to symptoms
- Tobacco Use: Non-smoker
- Alcohol Consumption: Occasional social drinker
- Drug Use: Denies recreational drug use
- Recreational Activities: Enjoys hiking and reading

**Demographic Information:**
- Age: 32 years
- Gender: Female
- Ethnicity: Hispanic
- Socio-economic Status: Middle class
- Education Level: Bachelor's degree
- Health Literacy: Good
- Job Status: Office manager

**Patient's Behavior:**
- Cooperative and follows medical advice consistently

**Geographical Location:**
- Urban area, well-served by transit, moderate pollution

**Clinical Setting:**
- Private Practice

**Type of Encounter:**
- Initial Consultation

**Summary of Physical Exams:**
- Abdominal exam: Tenderness over the right flank
- Vital signs: Fever (102°F), Blood pressure: 120/80 mmHg, Heart rate: 100 bpm
- NA: No further physical exams relevant to the scenario

**Investigation/Test results:**
- Urinalysis: Presence of white blood cells, bacteria, and nitrites
- Awaiting: Urine culture for specific bacterial growth and sensitivity
- Awaiting: Complete blood count (CBC) to check for signs of infection

**Native or Non-Native English Speaking Patient:**
- Native English speaker"|"### Medical Note

#### 1. Subjective

**Chief Complaint (CC):**
Severe flank pain, fever, and dysuria persisting for 3 days.

**History of Present Illness (HPI):**
Patient is a 32-year-old Hispanic female who presents with severe right flank pain, fever, chills, nausea, vomiting, and dysuria for the past 3 days. The pain is constant and has significantly impacted her daily activities, including sleep and exercise. She has a history of recurrent urinary tract infections (UTIs), and her symptoms this time are more severe than usual episodes.

**Review of Systems (ROS):**
- **Constitutional:** Reports fever, chills, and general malaise. Poor appetite and sleep.
- **Genitourinary:** Reports dysuria, increased frequency, and urgency of urination.
- **Gastrointestinal:** Reports nausea and vomiting. No diarrhea or constipation.
- **Respiratory:** No cough or shortness of breath.
- **Musculoskeletal:** No joint pain or muscle aches.
- **Neurological:** No headaches or dizziness.

#### 2. Objective

**Vital Signs:**
- Temperature: 102°F
- Blood Pressure: 120/80 mmHg
- Heart Rate: 100 bpm

**Physical Exam:**
- **Abdominal Exam:** Tenderness over the right flank.
- **General:** Patient appears uncomfortable and in moderate distress.

**Investigation/Test Results:**
- **Urinalysis:** Presence of white blood cells, bacteria, and nitrites.
- **Awaiting:** Urine culture for specific bacterial growth and sensitivity.
- **Awaiting:** Complete blood count (CBC) to check for signs of infection.

#### 3. Assessment

**Primary Diagnosis:**
- Acute Pyelonephritis

**Differential Diagnoses:**
- Ureteral Stone
- Lower UTI (Cystitis)

#### 4. Plan

**Treatment:**
- Ceftriaxone 1g intravenous once daily for 7 days.

**Further Tests:**
- Repeat Complete Blood Count (CBC)
- Urine culture to determine specific bacterial etiology and antibiotic sensitivity.

**Referrals:**
- Referral to Dr. Sarah Delgado, Nephrologist, for further evaluation if no improvement in symptoms or recurrent episodes.

**Follow-up:**
- Schedule a follow-up appointment in 1 week to assess response to treatment.

**Patient Education and Counseling:**
- Educated the patient on the importance of completing the full course of antibiotics.
- Advised on the signs of worsening symptoms that would require immediate medical attention, such as increased fever, increased pain, or decreased urine output.
- Discussed lifestyle modifications to prevent future UTIs, including increased fluid intake and proper urinary hygiene.
- Patient understands and agrees with the treatment plan.

**Instructions:**
- Rest and stay hydrated.
- Avoid alcohol until completion of antibiotics.
- Monitor temperature and report any spikes in fever.

The patient is cooperative and has a good understanding of her medical condition and the proposed treatment plan. Further communication will be conducted during the follow-up appointment.

---

**Note:** This medical note is generated for the purpose of the research project on generating synthetic medical notes from doctor-patient conversations."|"### Medical Note

#### 1. Subjective

**Chief Complaint (CC):**
Severe flank pain, fever, and dysuria persisting for 3 days.

**History of Present Illness (HPI):**
Patient is a 32-year-old Hispanic female who presents with severe right flank pain, fever, chills, nausea, vomiting, and dysuria for the past 3 days. The pain is constant and has significantly impacted her daily activities, including sleep and exercise. She has a history of recurrent urinary tract infections (UTIs), and her symptoms this time are more severe than usual episodes.

**Review of Systems (ROS):**
- **Constitutional:** Reports fever, chills, and general malaise. Poor appetite and sleep.
- **Genitourinary:** Reports dysuria, increased frequency, and urgency of urination.
- **Gastrointestinal:** Reports nausea and vomiting. No diarrhea or constipation.
- **Respiratory:** No cough or shortness of breath.
- **Musculoskeletal:** No joint pain or muscle aches.
- **Neurological:** No headaches or dizziness.

#### 2. Objective

**Vital Signs:**
- Temperature: 102°F
- Blood Pressure: 120/80 mmHg
- Heart Rate: 100 bpm

**Physical Exam:**
- **Abdominal Exam:** Tenderness over the right flank.
- **General:** Patient appears uncomfortable and in moderate distress.

**Investigation/Test Results:**
- **Urinalysis:** Presence of white blood cells, bacteria, and nitrites.

#### 3. Assessment

**Primary Diagnosis:**
- Acute Pyelonephritis

**Differential Diagnoses:**
- Ureteral Stone
- Lower UTI (Cystitis)

#### 4. Plan

**Treatment:**
- Ceftriaxone 1g intravenous once daily for 7 days.

**Further Tests:**
- Repeat Complete Blood Count (CBC)
- Urine culture to determine specific bacterial etiology and antibiotic sensitivity.

**Referrals:**
- Referral to Dr. Sarah Delgado, Nephrologist, for further evaluation if no improvement in symptoms or recurrent episodes.

**Follow-up:**
- Schedule a follow-up appointment in 1 week to assess response to treatment.

**Patient Education and Counseling:**
- Educated the patient on the importance of completing the full course of antibiotics.
- Advised on the signs of worsening symptoms that would require immediate medical attention, such as increased fever, increased pain, or decreased urine output.
- Discussed lifestyle modifications to prevent future UTIs, including increased fluid intake and proper urinary hygiene.
- Patient understands and agrees with the treatment plan.

**Instructions:**
- Rest and stay hydrated.
- Avoid alcohol until completion of antibiotics.
- Monitor temperature and report any spikes in fever.

The patient is cooperative and has a good understanding of her medical condition and the proposed treatment plan. Further communication will be conducted during the follow-up appointment."|"### Medical Note

#### 1. Subjective

**CC:**
Severe flank pain, fever, and dysuria persisting for 3 days.

**HPI:**
Pt is a 32 y/o Hispanic F who presents with severe R flank pain, fever, chills, N/V, and dysuria for the past 3 days. The pain is constant and has significantly impacted her ADLs, including sleep and exercise. She has a hx of recurrent UTIs, and her sx this time are more severe than usual episodes.

**ROS:**
- **Constitutional:** Reports fever, chills, and general malaise. Poor appetite and sleep.
- **GU:** Reports dysuria, increased frequency, and urgency of urination.
- **GI:** Reports N/V. No diarrhea or constipation.
- **Resp:** No cough or SOB.
- **MSK:** No joint pain or muscle aches.
- **Neuro:** No HA or dizziness.

#### 2. Objective

**VS:**
- Temp: 102°F
- BP: 120/80 mmHg
- HR: 100 bpm

**PE:**
- **Abd Exam:** Tenderness over the R flank.
- **General:** Pt appears uncomfortable and in moderate distress.

**Investigation/Test Results:**
- **UA:** Presence of WBCs, bacteria, and nitrites.

#### 3. Assessment

**Primary Dx:**
- Acute Pyelonephritis

**DDx:**
- Ureteral Stone
- Lower UTI (Cystitis)

#### 4. Plan

**Tx:**
- Ceftriaxone 1g IV QD for 7 days.

**Further Tests:**
- Repeat CBC
- Urine Cx to determine specific bacterial etiology and Abx sensitivity.

**Referrals:**
- Referral to Dr. Sarah Delgado, Nephrologist, for further eval if no improvement in sx or recurrent episodes.

**Follow-up:**
- Schedule a f/u appt in 1 week to assess response to tx.

**Pt Education and Counseling:**
- Educated the pt on the importance of completing the full course of Abx.
- Advised on the signs of worsening sx that would require immediate medical attention, such as increased fever, increased pain, or decreased urine output.
- Discussed lifestyle modifications to prevent future UTIs, including increased fluid intake and proper urinary hygiene.
- Pt understands and agrees with the tx plan.

**Instructions:**
- Rest and stay hydrated.
- Avoid alcohol until completion of Abx.
- Monitor temp and report any spikes in fever.

The pt is cooperative and has a good understanding of her medical condition and the proposed tx plan. Further communication will be conducted during the f/u appt."|Family Medicine Physician|"### Conversation

#### Doctor: 
Hi, how are you doing today? What brings you in?

#### Patient: 
Hi, I'm not doing so well. I've been having severe pain in my right side, a high fever, and pain when I pee for the last three days.

#### Doctor: 
I'm sorry to hear that. Can you describe the pain in your right side a bit more? Is it constant or does it come and go?

#### Patient: 
It's constant. It started three days ago and hasn't let up at all. It's really bad.

#### Doctor: 
Have you noticed any other symptoms along with the pain?

#### Patient: 
Yes, I've had chills, nausea, and vomiting. I also feel really tired and I can't eat or sleep well.

#### Doctor: 
Okay, that sounds quite uncomfortable. Have you had issues like this before?

#### Patient: 
Yes, I've had urinary tract infections before, but this feels much worse than those times.

#### Doctor: 
Alright. How about your urinary symptoms? Any burning sensation when you urinate?

#### Patient: 
Yes, it burns a lot when I pee. I also need to go more often, and sometimes it's urgent.

#### Doctor: 
How about your gastrointestinal symptoms? Any diarrhea or constipation?

#### Patient: 
No, I don't have either of those.

#### Doctor: 
How about your respiratory system? Any cough or shortness of breath?

#### Patient: 
No, I haven't had any problems with my breathing.

#### Doctor: 
And your musculoskeletal system? Any joint pain or muscle aches?

#### Patient: 
No, nothing like that.

#### Doctor: 
Any headaches or dizziness?

#### Patient: 
No, I haven't had any headaches or felt dizzy.

#### Doctor: 
Alright, let's check your vital signs. Your temperature is 102°F, your blood pressure is 120/80 mmHg, and your heart rate is 100 bpm. Now, let me perform a physical exam. I'll start with your abdominal area. Does it hurt here?

#### Patient: 
Yes, it hurts a lot when you press there.

#### Doctor: 
Okay, you have tenderness over your right flank. Based on your symptoms and the physical exam, it looks like you might have acute pyelonephritis, which is a kidney infection. But we need to confirm it with some tests. 

#### Patient: 
What kind of tests?

#### Doctor: 
We'll start with a urinalysis, which has already shown the presence of white blood cells, bacteria, and nitrites. We're also waiting for the results of a urine culture to identify the specific bacteria causing the infection and a complete blood count to check for signs of infection.

#### Patient: 
Alright.

#### Doctor: 
For treatment, I'm going to prescribe Ceftriaxone 1g intravenously once a day for 7 days. We'll also need to repeat the CBC and follow up on the urine culture results.

#### Patient: 
Okay, I understand.

#### Doctor: 
I'm also referring you to Dr. Sarah Delgado, a nephrologist, for further evaluation if your symptoms don't improve or if you have recurrent episodes. 

#### Patient: 
Got it.

#### Doctor: 
We'll schedule a follow-up appointment in one week to see how you're responding to the treatment. In the meantime, it's essential that you complete the full course of antibiotics even if you start feeling better.

#### Patient: 
I will.

#### Doctor: 
Also, keep an eye out for any signs of worsening symptoms like increased fever, more pain, or less urine output. If any of these happen, you should seek immediate medical attention.

#### Patient: 
Okay, I'll watch out for that.

#### Doctor: 
To prevent future UTIs, drink plenty of fluids and maintain proper urinary hygiene. 

#### Patient: 
Alright, I'll do that.

#### Doctor: 
Avoid alcohol until you finish your antibiotics and make sure to rest and stay hydrated. Monitor your temperature and report any spikes in fever.

#### Patient: 
I will. Thank you.

#### Doctor: 
You're welcome. Do you have any other questions or concerns?

#### Patient: 
No, I think that's everything.

#### Doctor: 
Alright, take care and I'll see you in a week for your follow-up.

#### Patient: 
Thank you. Bye.

#### Doctor: 
Goodbye."|"#### [doctor]: 
Hi, how are you doing today? What brings you in?

#### [patient]: 
Hi, I'm not doing so well. I've been having severe pain in my right side, a high fever, and pain when I pee for the last three days.

#### [doctor]: 
I'm sorry to hear that. Can you describe the pain in your right side a bit more? Is it constant or does it come and go?

#### [patient]: 
It's constant. It started three days ago and hasn't let up at all. It's really bad.

#### [doctor]: 
Have you noticed any other symptoms along with the pain?

#### [patient]: 
Yes, I've had chills, nausea, and vomiting. I also feel really tired and I can't eat or sleep well.

#### [doctor]: 
Okay, that sounds quite uncomfortable. Have you had issues like this before?

#### [patient]: 
Yes, I've had urinary tract infections before, but this feels much worse than those times.

#### [doctor]: 
Alright. How about your urinary symptoms? Any burning sensation when you urinate?

#### [patient]: 
Yes, it burns a lot when I pee. I also need to go more often, and sometimes it's urgent.

#### [doctor]: 
How about your gastrointestinal symptoms? Any diarrhea or constipation?

#### [patient]: 
No, I don't have either of those.

#### [doctor]: 
How about your respiratory system? Any cough or shortness of breath?

#### [patient]: 
No, I haven't had any problems with my breathing.

#### [doctor]: 
And your musculoskeletal system? Any joint pain or muscle aches?

#### [patient]: 
No, nothing like that.

#### [doctor]: 
Any headaches or dizziness?

#### [patient]: 
No, I haven't had any headaches or felt dizzy.

#### [doctor]: 
Alright, let's check your vital signs. Your temperature is 102°F, your blood pressure is 120/80 mmHg, and your heart rate is 100 bpm. Now, let me perform a physical exam. I'll start with your abdominal area. Does it hurt here?

#### [patient]: 
Yes, it hurts a lot when you press there.

#### [doctor]: 
Okay, you have tenderness over your right flank. Based on your symptoms and the physical exam, it looks like you might have acute pyelonephritis, which is a kidney infection. But we need to confirm it with some tests. 

#### [patient]: 
What kind of tests?

#### [doctor]: 
We'll start with a urinalysis, which has already shown the presence of white blood cells, bacteria, and nitrites. We're also waiting for the results of a urine culture to identify the specific bacteria causing the infection and a complete blood count to check for signs of infection.

#### [patient]: 
Alright.

#### [doctor]: 
For treatment, I'm going to prescribe Ceftriaxone 1g intravenously once a day for 7 days. We'll also need to repeat the CBC and follow up on the urine culture results.

#### [patient]: 
Okay, I understand.

#### [doctor]: 
I'm also referring you to Dr. Sarah Delgado, a nephrologist, for further evaluation if your symptoms don't improve or if you have recurrent episodes. 

#### [patient]: 
Got it.

#### [doctor]: 
We'll schedule a follow-up appointment in one week to see how you're responding to the treatment. In the meantime, it's essential that you complete the full course of antibiotics even if you start feeling better.

#### [patient]: 
I will.

#### [doctor]: 
Also, keep an eye out for any signs of worsening symptoms like increased fever, more pain, or less urine output. If any of these happen, you should seek immediate medical attention.

#### [patient]: 
Okay, I'll watch out for that.

#### [doctor]: 
To prevent future UTIs, drink plenty of fluids and maintain proper urinary hygiene. 

#### [patient]: 
Alright, I'll do that.

#### [doctor]: 
Avoid alcohol until you finish your antibiotics and make sure to rest and stay hydrated. Monitor your temperature and report any spikes in fever.

#### [patient]: 
I will. Thank you.

#### [doctor]: 
You're welcome. Do you have any other questions or concerns?

#### [patient]: 
No, I think that's everything.

#### [doctor]: 
Alright, take care and I'll see you in a week for your follow-up.

#### [patient]: 
Thank you. Bye.

#### [doctor]: 
Goodbye."
ACUTE PYELONEPHRITIS|"**ROLE:** Family Medicine Physician

- **Medical Outcome:**
  - **Diagnosis:** Acute Pyelonephritis
  - **Prescribed Treatment:**
    - Ciprofloxacin 500 mg, oral, twice daily for 7 days, 14 tablets total.
  - **Follow-up Recommendations:**
    - Follow-up appointment in 1 week to reassess symptoms.
  - **Referral to Specialists:**
    - Referral to Urologist Dr. Angela Smith for further evaluation.
  - **Orders for Imaging:**
    - Ultrasound, Abdominal and Pelvic, to rule out any obstruction or abscess.
  - **Blood Work:**
    - Urinalysis and Urine Culture to confirm infection and antibiotic sensitivity.
    - CBC (Complete Blood Count) and Basic Metabolic Panel (BMP) for general health assessment and kidney function.

- **Medical History:**
  - Previous Diagnoses: Recurrent UTIs
  - Chronic Conditions: Type 2 Diabetes, Hypertension
  - Allergies: Penicillin

- **Symptom Description:**
  - Severity: Severe
  - Duration: 3 days
  - Associated Symptoms: Fever, chills, flank pain, nausea
  - Frequency: Constant
  - Impact on Daily Activities: Difficulty performing routine tasks due to severe pain and frequent urination.

- **Patient’s Self-reported Habits and Lifestyle:**
  - Sleep: Poor, disrupted due to pain.
  - Diet: Generally balanced, avoids sugary foods due to diabetes.
  - Exercise: Limited due to current condition.
  - Tobacco Use: None
  - Alcohol Consumption: Occasional
  - Recreational Activities: None currently due to illness.

- **Demographic Information:**
  - Age: 45
  - Gender: Female
  - Ethnicity: Hispanic
  - Socio-economic Status: Middle class
  - Education Level: College graduate
  - Health Literacy: Moderate
  - Job Status: Office worker

- **Patient's Behavior:**
  - Generally compliant with medical advice but expressed concern about medication side effects.

- **Geographical Location:**
  - Urban, Big City
  - Neighborhood: Well-served by public transit and healthcare facilities.

- **Clinical Setting:**
  - Private Practice

- **Type of Encounter:**
  - Initial Consultation

- **Native or Non-Native English Speaking Patient:**
  - Non-Native English Speaking (Primary language: Spanish)

- **Physical Exams:**
  - Abdominal Exam: Tenderness in the costovertebral angle (CVA) bilaterally
  - Temperature: 101°F (38.3°C)
  - Blood Pressure: 140/85 mmHg
  - Heart Rate: 100 bpm

- **Investigation/Test results:**
  - Pending: Urinalysis and Urine Culture
  - Awaiting results: CBC and BMP"|"#####
**1. Subjective:**

**Chief Complaint (CC):**
Severe flank pain, fever, chills, and nausea for the past 3 days.

**History of Present Illness (HPI):**
The patient, a 45-year-old Hispanic female, presents with a 3-day history of severe bilateral flank pain, fever, chills, and nausea. She reports constant pain that significantly impacts her ability to perform routine tasks. She also notes increased frequency in urination. The patient has a known history of recurrent urinary tract infections (UTIs) and is concerned about the current severe symptoms.

**Review of Systems (ROS):**
- **Constitutional:** Reports fever and chills. Denies weight loss.
- **Cardiovascular:** Denies chest pain or palpitations.
- **Respiratory:** Denies shortness of breath or cough.
- **Gastrointestinal:** Reports nausea. Denies vomiting or diarrhea.
- **Genitourinary:** Reports increased frequency of urination and flank pain.
- **Musculoskeletal:** Denies joint pain or muscle weakness.
- **Neurological:** Denies headache or dizziness.

**2. Objective:**

**Vital Signs:**
- Temperature: 101°F (38.3°C)
- Blood Pressure: 140/85 mmHg
- Heart Rate: 100 bpm

**Physical Examination:**
- **General:** Appears in distress due to pain.
- **Abdomen:**
  - General Examination: Tenderness in the costovertebral angle (CVA) bilaterally.
- **Cardiovascular:**
  - Auscultation: Regular rate and rhythm, no murmurs.
- **Respiratory:**
  - Auscultation: Clear to auscultation bilaterally.
- **Neurological:** Alert and oriented to person, place, and time.

**Pending Investigation/Test results:**
- Urinalysis and Urine Culture
- Complete Blood Count (CBC)
- Basic Metabolic Panel (BMP)

**3. Assessment:**

- **Diagnosis:** Acute Pyelonephritis
  - **Medical Reasoning:** The patient's symptoms of severe flank pain, fever, chills, and history of recurrent UTIs are indicative of acute pyelonephritis.

**4. Plan:**

- **Medical Treatment:**
  - Prescribed Ciprofloxacin 500 mg, oral, twice daily for 7 days. Total of 14 tablets.
  
- **Orders:**
  - Ultrasound, Abdominal and Pelvic, to rule out any obstruction or abscess.
  - Urinalysis and Urine Culture to confirm infection and antibiotic sensitivity.
  - Complete Blood Count (CBC) and Basic Metabolic Panel (BMP) for general health assessment and kidney function.

- **Referral:**
  - Referral to Urologist Dr. Angela Smith for further evaluation.

- **Follow-up Recommendations:**
  - Follow-up appointment in 1 week to reassess symptoms.

- **Patient Education and Counseling:**
  - Discussed the importance of completing the antibiotic course and monitoring for any side effects.
  - Advised to stay hydrated and rest.
  - Instructed to seek immediate care if symptoms worsen or if new symptoms develop, such as severe abdominal pain or high fever.

**Patient Agreements:**
The patient understands and agrees with the recommended medical treatment plan.

**Instructions:**
We will follow up with her in 1 week to reassess her symptoms and adjust the treatment plan as needed."|"#####
**1. Subjective:**

**Chief Complaint (CC):**
Severe flank pain, fever, chills, and nausea for the past 3 days.

**History of Present Illness (HPI):**
The patient, a 45-year-old Hispanic female, presents with a 3-day history of severe bilateral flank pain, fever, chills, and nausea. She reports constant pain that significantly impacts her ability to perform routine tasks. She also notes increased frequency in urination. The patient has a known history of recurrent urinary tract infections (UTIs) and is concerned about the current severe symptoms.

**Review of Systems (ROS):**
- **Constitutional:** Reports fever and chills. Denies weight loss.
- **Cardiovascular:** Denies chest pain or palpitations.
- **Respiratory:** Denies shortness of breath or cough.
- **Gastrointestinal:** Reports nausea. Denies vomiting or diarrhea.
- **Genitourinary:** Reports increased frequency of urination and flank pain.
- **Musculoskeletal:** Denies joint pain or muscle weakness.
- **Neurological:** Denies headache or dizziness.

**2. Objective:**

**Vital Signs:**
- Temperature: 101°F (38.3°C)
- Blood Pressure: 140/85 mmHg
- Heart Rate: 100 bpm

**Physical Examination:**
- **General:** Appears in distress due to pain.
- **Abdomen:**
  - General Examination: Tenderness in the costovertebral angle (CVA) bilaterally.
- **Cardiovascular:**
  - Auscultation: Regular rate and rhythm, no murmurs.
- **Respiratory:**
  - Auscultation: Clear to auscultation bilaterally.
- **Neurological:** Alert and oriented to person, place, and time.

**3. Assessment:**

- **Diagnosis:** Acute Pyelonephritis
  - **Medical Reasoning:** The patient's symptoms of severe flank pain, fever, chills, and history of recurrent UTIs are indicative of acute pyelonephritis.

**4. Plan:**

- **Medical Treatment:**
  - Prescribed Ciprofloxacin 500 mg, oral, twice daily for 7 days. Total of 14 tablets.
  
- **Orders:**
  - Ultrasound, Abdominal and Pelvic, to rule out any obstruction or abscess.
  - Urinalysis and Urine Culture to confirm infection and antibiotic sensitivity.
  - Complete Blood Count (CBC) and Basic Metabolic Panel (BMP) for general health assessment and kidney function.

- **Referral:**
  - Referral to Urologist Dr. Angela Smith for further evaluation of recurrent UTIs and current severe symptoms.

- **Follow-up Recommendations:**
  - Follow-up appointment in 1 week to reassess symptoms.

- **Patient Education and Counseling:**
  - Discussed the importance of completing the antibiotic course and monitoring for any side effects.
  - Advised to stay hydrated and rest.
  - Instructed to seek immediate care if symptoms worsen or if new symptoms develop, such as severe abdominal pain or high fever.

**Patient Agreements:**
The patient understands and agrees with the recommended medical treatment plan.

**Instructions:**
We will follow up with her in 1 week to reassess her symptoms and adjust the treatment plan as needed."|"#####
**1. Subjective:**

**CC:**
Severe flank pain, fever, chills, and nausea for the past 3 days.

**HPI:**
The pt, a 45 y/o Hispanic F, presents with a 3-day hx of severe bilateral flank pain, fever, chills, and nausea. She reports constant pain that significantly impacts her ability to perform ADLs. She also notes increased frequency in urination. The pt has a known hx of recurrent UTIs and is concerned about the current severe symptoms.

**ROS:**
- **Constitutional:** Reports fever and chills. Denies weight loss.
- **CV:** Denies CP or palpitations.
- **Resp:** Denies SOB or cough.
- **GI:** Reports nausea. Denies vomiting or diarrhea.
- **GU:** Reports increased frequency of urination and flank pain.
- **MSK:** Denies joint pain or muscle weakness.
- **Neuro:** Denies HA or dizziness.

**2. Objective:**

**VS:**
- Temp: 101°F (38.3°C)
- BP: 140/85 mmHg
- HR: 100 bpm

**PE:**
- **General:** Appears in distress due to pain.
- **Abd:**
  - General Exam: Tenderness in the CVA bilaterally.
- **CV:**
  - Auscultation: RRR, no murmurs.
- **Resp:**
  - Auscultation: CTA bilaterally.
- **Neuro:** A&O x3.

**3. Assessment:**

- **Dx:** Acute Pyelonephritis
  - **Medical Reasoning:** The pt's symptoms of severe flank pain, fever, chills, and hx of recurrent UTIs are indicative of acute pyelonephritis.

**4. Plan:**

- **Medical Tx:**
  - Rx'ed Ciprofloxacin 500 mg PO BID x7 days. Total of 14 tabs.
  
- **Orders:**
  - US, Abd and Pelvic, to r/o any obstruction or abscess.
  - UA and Urine Cx to confirm infection and abx sensitivity.
  - CBC and BMP for general health assessment and kidney function.

- **Referral:**
  - Referral to Urology, Dr. Angela Smith, for further eval of recurrent UTIs and current severe symptoms.

- **F/U Recommendations:**
  - F/U appointment in 1 week to reassess symptoms.

- **Pt Education and Counseling:**
  - Discussed the importance of completing the abx course and monitoring for any SEs.
  - Advised to stay hydrated and rest.
  - Instructed to seek immediate care if symptoms worsen or if new symptoms develop, such as severe abd pain or high fever.

**Pt Agreements:**
The pt understands and agrees with the recommended medical tx plan.

**Instructions:**
We will F/U with her in 1 week to reassess her symptoms and adjust the tx plan as needed."|Role not found in the first 5 lines.|"[doctor] Good afternoon. How are you feeling today?

[patient] Not great, doctor. I've been having severe flank pain, fever, chills, and nausea for the past 3 days.

[doctor] I'm sorry to hear that. Can you describe the pain for me? Is it constant or does it come and go?

[patient] It's constant and it's really bad. It’s affecting my ability to do anything.

[doctor] I understand. Have you noticed any changes in your urination, like increased frequency?

[patient] Yes, I've been going to the bathroom much more often than usual.

[doctor] Okay. Have you had any vomiting or diarrhea?

[patient] No, just nausea. No vomiting or diarrhea.

[doctor] Alright. Do you have any history of urinary tract infections?

[patient] Yes, I've had recurrent urinary tract infections in the past. That’s why I’m really worried about these severe symptoms.

[doctor] I see. Let's review a few other things. Have you experienced any chest pain or palpitations?

[patient] No, no chest pain or palpitations.

[doctor] Any shortness of breath or cough?

[patient] No, none of that.

[doctor] How about joint pain or muscle weakness?

[patient] No joint pain or muscle weakness either.

[doctor] Any headaches or dizziness?

[patient] No, none of those.

[doctor] Okay, thank you for sharing all of that. Let me take a look at your vital signs. Your temperature is 101°F, your blood pressure is 140/85 mmHg, and your heart rate is 100 bpm. 

[patient] That sounds high. Is that bad?

[doctor] The elevated temperature, along with your symptoms, suggests you may have an infection. Your blood pressure and heart rate are slightly elevated, likely due to the pain and fever. Let's proceed with a physical examination. 

[patient] Okay.

[doctor] I will start by examining your abdomen. Please let me know if you feel any pain while I press in certain areas.

[patient] Alright.

[doctor] [Examining] There is tenderness in the costovertebral angle bilaterally. I can see you are in distress due to pain. I'm sorry about that.

[patient] Yes, it really hurts there.

[doctor] Your heart sounds are regular and I don't hear any murmurs. Your lungs are clear to auscultation bilaterally, which is good.

[patient] That's good to hear.

[doctor] Neurologically, you are alert and oriented to person, place, and time, which is also good. Based on your symptoms and history, I suspect you might have acute pyelonephritis.

[patient] What’s that?

[doctor] Acute pyelonephritis is a type of kidney infection. Given your history of recurrent UTIs and current severe symptoms, this diagnosis fits well. 

[patient] Oh, that sounds serious. What do we do next?

[doctor] First, we need to confirm the diagnosis and assess your overall health. I’m going to order a urinalysis and urine culture to identify the bacteria causing the infection and to determine which antibiotics will be effective.

[patient] Okay.

[doctor] We will also do a complete blood count (CBC) and a basic metabolic panel (BMP) to check your general health and kidney function.

[patient] Alright.

[doctor] In terms of treatment, I will prescribe Ciprofloxacin 500 mg, to be taken orally twice daily for 7 days. You will need a total of 14 tablets.

[patient] Got it. Will that help?

[doctor] Yes, it should help clear the infection. It’s important to complete the entire course of antibiotics, even if you start feeling better before finishing them.

[patient] Alright, I will.

[doctor] Additionally, I will order an abdominal and pelvic ultrasound to rule out any obstructions or abscesses.

[patient] Is that necessary?

[doctor] Yes, it’s important to ensure there are no complications that might need a different treatment approach.

[patient] Okay, I understand.

[doctor] I will also refer you to a urologist, Dr. Angela Smith, for further evaluation. She specializes in conditions like yours and will provide additional insights and treatment options.

[patient] Alright, sounds good.

[doctor] Finally, it's crucial that you stay hydrated and get plenty of rest. If your symptoms worsen or if you develop new symptoms like severe abdominal pain or a high fever, seek immediate care.

[patient] Okay, I will.

[doctor] Do you have any questions for me?

[patient] No, I think you covered everything pretty well.

[doctor] Great. We’ll schedule a follow-up appointment in 1 week to reassess your symptoms and adjust the treatment plan as needed.

[patient] Thank you, doctor.

[doctor] You're welcome. Take care and feel better soon.

[patient] Thanks, I appreciate it.

[doctor] Goodbye.

[patient] Goodbye."|"[doctor] Good afternoon. How are you feeling today?

[patient] Not great, doctor. I've been having severe flank pain, fever, chills, and nausea for the past 3 days.

[doctor] I'm sorry to hear that. Hmm, can you describe the pain for me? Is it constant or does it come and go?

[patient] It's constant and it's really bad. It’s affecting my ability to do anything.

[doctor] I understand. Have you noticed any changes in your urination, like increased frequency?

[patient] Yes, I've been going to the bathroom much more often than usual.

[doctor] Okay. Have you had any vomiting or diarrhea?

[patient] No, just nausea. No vomiting or diarrhea.

[doctor] Alright. Do you have any history of urinary tract infections?

[patient] Yes, I've had recurrent urinary tract infections in the past. That’s why I’m really worried about these severe symptoms.

[doctor] I see. Let's review a few other things. Have you experienced any chest pain or palpitations?

[patient] No, no chest pain or palpitations.

[doctor] Any shortness of breath or cough?

[patient] No, none of that.

[doctor] How about joint pain or muscle weakness?

[patient] No joint pain or muscle weakness either.

[doctor] Any headaches or dizziness?

[patient] No, none of those.

[doctor] Okay, thank you for sharing all of that. Let me take a look at your vital signs. Your temperature is 101°F, your blood pressure is 140/85 mmHg, and your heart rate is 100 bpm. 

[patient] That sounds high. Is that bad?

[doctor] The elevated temperature, along with your symptoms, suggests you may have an infection. Your blood pressure and heart rate are slightly elevated, likely due to the pain and fever. Let's proceed with a physical examination. 

[patient] Okay.

[doctor] I will start by examining your abdomen. Please let me know if you feel any pain while I press in certain areas.

[patient] Alright.

[doctor] [Examining] There is tenderness in the costovertebral angle bilaterally. I can see you are in distress due to pain. I'm sorry about that.

[patient] Yes, it really hurts there.

[doctor] Your heart sounds are regular and I don't hear any murmurs. Your lungs are clear to auscultation bilaterally, which is good.

[patient] That's good to hear.

[doctor] Neurologically, you are alert and oriented to person, place, and time, which is also good. Based on your symptoms and history, I suspect you might have acute pyelonephritis.

[patient] What’s that?

[doctor] Acute pyelonephritis is a type of kidney infection. Given your history of recurrent UTIs and current severe symptoms, this diagnosis fits well. 

[patient] Oh, that sounds serious. What do we do next?

[doctor] First, we need to confirm the diagnosis and assess your overall health. I’m going to order a urinalysis and urine culture to identify the bacteria causing the infection and to determine which antibiotics will be effective.

[patient] Okay.

[doctor] We will also do a complete blood count (CBC) and a basic metabolic panel (BMP) to check your general health and kidney function.

[patient] Alright.

[doctor] In terms of treatment, I will prescribe Ciprofloxacin 500 mg, to be taken orally twice daily for 7 days. You will need a total of 14 tablets.

[patient] Got it. Will that help?

[doctor] Yes, it should help clear the infection. It’s important to complete the entire course of antibiotics, even if you start feeling better before finishing them.

[patient] Alright, I will.

[doctor] Additionally, I will order an abdominal and pelvic ultrasound to rule out any obstructions or abscesses.

[patient] Is that necessary?

[doctor] Yes, it’s important to ensure there are no complications that might need a different treatment approach.

[patient] Okay, I understand.

[doctor] I will also refer you to a urologist, Dr. Angela Smith, for further evaluation. She specializes in conditions like yours and will provide additional insights and treatment options.

[patient] Alright, sounds good.

[doctor] Finally, it's crucial that you stay hydrated and get plenty of rest. If your symptoms worsen or if you develop new symptoms like severe abdominal pain or a high fever, seek immediate care.

[patient] Okay, I will.

[doctor] Do you have any questions for me?

[patient] No, I think you covered everything pretty well.

[doctor] Great. We’ll schedule a follow-up appointment in 1 week to reassess your symptoms and adjust the treatment plan as needed.

[patient] Thank you, doctor.

[doctor] You're welcome. Take care and feel better soon.

[patient] Thanks, I appreciate it.

[doctor] Goodbye.

[patient] Goodbye."
ACUTE PYELONEPHRITIS|"ROLE: General Physician

DEMOGRAPHIC INFORMATION: 
- Age: 32 
- Gender: Female 
- Ethnicity: Caucasian 
- Socio-economic Status: Middle class 
- Education Level: College graduate 
- Health Literacy: High 
- Job Status: Office manager

MEDICAL HISTORY: 
- Previous Diagnoses: Recurrent urinary tract infections (UTIs), Allergic rhinitis 
- Family Medical History: Mother with history of diabetes mellitus type 2; no history of kidney disease. 
- Medication History: Metformin 500 mg, once daily for prediabetes; Cetirizine 10 mg as needed for allergies 
- Allergies: Penicillin

SYMPTOM DESCRIPTION: 
- Severity: 8/10 
- Duration: 4 days
- Associated Symptoms: Fever, chills, vomiting, nausea, and lower back pain on the right side 
- Frequency: Constant 
- Impact on Daily Activities: Significant; unable to perform daily tasks and missed 2 days of work 

PATIENT’S SELF-REPORTED HABITS AND LIFESTYLE:
- Sleep: Difficulty sleeping due to pain 
- Diet: Balanced diet; drinks 1-2 cups of coffee daily 
- Exercise: Does light exercise three times a week 
- Tobacco Use: None 
- Alcohol Consumption: Occasionally, 1-2 glasses of wine on weekends 
- Drug Use: None 
- Recreational Activities: Enjoys gardening and reading 

PATIENT'S BEHAVIOR: Patient is cooperative and adherent to medical advice.

GEOGRAPHICAL LOCATION:
- Big City vs Small City: Urban 
- Pollution and Environmental Health Risks: Moderate pollution 
- Neighborhood Type: Affluent, well-served by transit, with access to healthcare facilities 

CLINICAL SETTING: Private Practice

TYPE OF ENCOUNTER: Initial Consultation

PHYSICAL EXAMS:
- General: Appears acutely ill
- Vitals: T 101.8°F, BP 130/85 mmHg, HR 105 bpm, RR 20
- CV: Normal heart sounds
- RESPIRATORY: Lungs are clear
- ABDOMEN: Right costovertebral angle tenderness 
- NEURO: Alert and oriented, no focal deficits 
- GU: Pelvic exam deferred

INVESTIGATION/TEST RESULTS:
- Urinalysis: Awaiting results
- Blood Work: Ordered for biochemistry, hematology, and immunology 
- Imaging: Ordered CT scan of the abdomen and pelvis without contrast to assess for complications such as abscess or kidney stones

MEDICAL OUTCOME:
- Diagnosis: Acute pyelonephritis 
- Prescribed Treatment: 
  - Ciprofloxacin 500 mg, oral, twice daily for 7 days (primary antibiotic due to penicillin allergy)
  - Acetaminophen 500 mg, oral, every 6 hours as needed for fever and pain
- Follow-up Recommendations: Revisit in 3 days or sooner if symptoms worsen 
- Referral: None 
- Lifestyle Change: Increase fluid intake, rest, and avoid strenuous activities until symptoms improve 

TREATMENT DISPARITIES: None

NATIVE OR NON-NATIVE ENGLISH SPEAKING PATIENT: Native English Speaker"|Rejected|Rejected|Rejected|Rejected||
ACUTE PYELONEPHRITIS|"ROLE: General Physician

DEMOGRAPHIC INFORMATION:
- Age: 45
- Gender: Male
- Ethnicity: African American
- Socio-economic Status: Low-income
- Education Level: High school graduate
- Health Literacy: Moderate
- Job Status: Factory worker

MEDICAL HISTORY:
- Previous Diagnoses: Hypertension, Gout
- Family Medical History: Father with history of cardiovascular disease; no history of kidney disease.
- Medication History: Lisinopril 20 mg once daily for hypertension
- Allergies: Sulfa drugs

SYMPTOM DESCRIPTION:
- Severity: 7/10
- Duration: 3 days
- Associated Symptoms: Difficulty urinating, frequent urination at night, lower abdominal pain, hematuria, and fatigue
- Frequency: Intermittent
- Impact on Daily Activities: Moderate; difficult to maintain work schedule and physical tasks

PATIENT’S SELF-REPORTED HABITS AND LIFESTYLE:
- Sleep: Poor quality due to frequent urination and pain
- Diet: High in processed foods and sugary drinks
- Exercise: Minimal, occasionally walks to and from work
- Tobacco Use: Smokes half a pack of cigarettes per day
- Alcohol Consumption: Regular, drinks 3-4 beers every night
- Drug Use: None
- Recreational Activities: Enjoys watching television and playing video games

PATIENT'S BEHAVIOR: Patient is cooperative but has a history of poor compliance with medical advice.

GEOGRAPHICAL LOCATION:
- Big City vs Small City: Small City
- Pollution and Environmental Health Risks: Low pollution
- Neighborhood Type: Impoverished, limited access to healthcare facilities, food desert

CLINICAL SETTING: Community Health Services

TYPE OF ENCOUNTER: Emergency Visit

PHYSICAL EXAMS:
- General: Appears distressed
- Vitals: T 100.5°F, BP 145/92 mmHg, HR 100 bpm, RR 18
- CV: Hypertensive, no murmurs
- RESPIRATORY: Clear to auscultation
- ABDOMEN: Lower abdominal tenderness, suprapubic region
- NEURO: Alert and oriented
- GU: No obvious external abnormalities; DRE deferred

INVESTIGATION/TEST RESULTS:
- Urinalysis: Awaiting results
- Blood Work: Ordered for biochemistry (including kidney function tests) and hematology
- Imaging: Ordered ultrasound of the kidneys and bladder to evaluate for structural abnormalities or obstruction

MEDICAL OUTCOME:
- Diagnosis: Acute pyelonephritis
- Prescribed Treatment:
  - Levofloxacin 500 mg, oral, once daily for 10 days (non-sulfa and suitable for penicillin allergy)
  - Ibuprofen 400 mg, oral, every 6 hours as needed for pain and inflammation
- Follow-up Recommendations: Follow-up in 7 days or sooner if symptoms worsen; discuss compliance with current medications and lifestyle modifications
- Referral: Urologist for further evaluation due to recurrent UTIs and hematuria; Dr. Richard Lee, Urology
- Lifestyle Change: Emphasize cessation of tobacco use, reduction in alcohol consumption, improvement in diet, and increased physical activity

TREATMENT DISPARITIES: Consideration of low-cost medication options due to the patient's socioeconomic status

NATIVE OR NON-NATIVE ENGLISH SPEAKING PATIENT: Native English Speaker"|Rejected|Rejected|Rejected|Rejected||
ACUTE PYELONEPHRITIS|"ROLE: Family Medicine Physician

Demographic Information: 
- Age: 35 years 
- Gender: Female 
- Ethnicity: Hispanic
- Socio-economic Status: Middle class
- Education Level: College graduate
- Health Literacy: Moderate
- Job Status: Office worker

Symptom Description: 
- Severity: Severe
- Duration: 3 days
- Associated Symptoms: Fever, chills, flank pain, nausea, vomiting, dysuria, and increased urinary frequency
- Frequency: Constant
- Impact on Daily Activities: Unable to perform routine activities, bedridden

Patient’s self-reported habits and lifestyle: 
- Sleep: Poor due to pain
- Diet: Balanced diet
- Exercise: Does not exercise regularly
- Tobacco Use: None
- Alcohol Consumption: Occasionally (social drinking)
- Drug Use: None
- Recreational Activities: Enjoys reading and gardening

Medical History: 
- Previous Diagnoses: Frequent urinary tract infections (UTIs)
- Family Medical History: Mother has a history of diabetes, Father has hypertension
- Medication History: No current medication
- Allergies: None
- Chronic Conditions: None

Patient's Behavior: 
- Level of Cooperation: Highly cooperative with medical advice

Geographical Location: 
- Urban, well-served by transit
- Neighborhood Type: Moderately affluent

Clinical Setting: 
- Urgent Care Center

Type of Encounter: 
- Emergency Visit

Physical exams: 
- Abdominal Examination: Tenderness in the right flank area
- Vital Signs: Fever of 102°F, Blood Pressure 110/70 mmHg, Heart Rate 100 bpm, Respiratory Rate 22 breaths/min

Investigation/Test results: 
- Urinalysis: Awaited
- Urine Culture: Awaited
- Blood Work: Ordered for biochemistry including BUN, creatinine, and complete blood count (CBC)

Medical Outcome: 
- Diagnosis: Acute Pyelonephritis
- Prescribed Treatment: Antibiotic therapy with Ciprofloxacin 500 mg, 1 tablet, orally, twice daily for 14 days
- Follow-up recommendations: Follow-up visit in 48 hours to review test results and assess response to treatment
- Referral: N/A
- Lifestyle Change: Increase fluid intake, rest, take over-the-counter pain relievers like acetaminophen if needed"|Rejected|Rejected|Rejected|Rejected||
ACUTE PYELONEPHRITIS|"ROLE: Family Medicine Physician

Demographic Information:
- Age: 50 years
- Gender: Male
- Ethnicity: African American
- Socio-economic Status: Low income
- Education Level: High school graduate
- Health Literacy: Low
- Job Status: Unemployed

Symptom Description:
- Severity: Severe
- Duration: 7 days
- Associated Symptoms: Fever, chills, severe lower back pain, frequent and painful urination, hematuria
- Frequency: Constant
- Impact on Daily Activities: Unable to perform routine activities, significant discomfort 

Patient’s self-reported habits and lifestyle:
- Sleep: Poor due to pain
- Diet: Unhealthy, primarily fast food
- Exercise: None
- Tobacco Use: Heavy smoker (1 pack a day)
- Alcohol Consumption: Heavy drinker (5-6 drinks per day)
- Drug Use: Occasional marijuana use
- Recreational Activities: Watches TV, no physical hobbies

Medical History:
- Previous Diagnoses: Hypertension, recurrent urinary tract infections
- Family Medical History: Father had chronic kidney disease, mother had hypertension
- Medication History: Takes Lisinopril for hypertension, 10 mg once daily
- Allergies: None
- Chronic Conditions: Hypertension

Patient's Behavior:
- Level of Cooperation: Moderate, some resistance to lifestyle changes

Geographical Location:
- Rural, limited access to healthcare facilities
- Neighborhood Type: Impoverished
- Environmental Health Risks: High due to poor living conditions and industrial pollution

Clinical Setting:
- Rural Clinic

Type of Encounter:
- Follow-up visit

Physical exams:
- Abdominal Examination: Tenderness in the lower back and flank area
- Vital Signs: Fever of 101.5°F, Blood Pressure 150/90 mmHg, Heart Rate 95 bpm, Respiratory Rate 20 breaths/min

Investigation/Test results:
- Urinalysis: Awaiting results
- Urine Culture: Awaiting results
- Blood Work: Ordered for biochemistry including BUN, creatinine, and complete blood count (CBC)

Medical Outcome:
- Diagnosis: Acute Pyelonephritis
- Prescribed Treatment: Antibiotic therapy with Levofloxacin 750 mg, 1 tablet, orally, once daily for 10 days
- Follow-up recommendations: Follow-up visit in 48 hours to review test results and assess response to treatment
- Referral: Referred to a nephrologist, Dr. Smith, for further evaluation due to family history of chronic kidney disease
- Lifestyle Change: Strongly advised to reduce alcohol intake, quit smoking, and improve diet with more vegetables and fruits"|Rejected|Rejected|Rejected|Rejected||
ACUTE PYELONEPHRITIS|"ROLE: Family Medicine Physician

Demographic Information:
- Age: 29 years
- Gender: Female
- Ethnicity: Asian
- Socio-economic Status: Middle class 
- Education Level: College graduate 
- Health Literacy: High 
- Job Status: Software Engineer

Symptom Description:
- Severity: Moderate to severe
- Duration: 2 days
- Associated Symptoms: Fever, chills, lower abdominal pain, frequent urination, hematuria, malaise
- Frequency: Intermittent
- Impact on Daily Activities: Mild limitation, able to work from home

Patient’s self-reported habits and lifestyle:
- Sleep: Disrupted due to pain
- Diet: Balanced diet with occasional fast food
- Exercise: Regular yoga and jogging (3 times a week)
- Tobacco Use: None
- Alcohol Consumption: Social drinking (1-2 glasses of wine per week)
- Drug Use: None
- Recreational Activities: Hiking and reading

Medical History:
- Previous Diagnoses: Former UTI, allergic rhinitis
- Family Medical History: Father has type 2 diabetes, mother has hyperthyroidism
- Medication History: Occasionally takes antihistamines for allergies
- Allergies: Penicillin
- Chronic Conditions: None

Patient's Behavior:
- Level of Cooperation: High, follows medical advice diligently

Geographical Location:
- Urban, well-served by transit
- Neighborhood Type: Affluent
- Environmental Health Risks: Low

Clinical Setting:
- Telemedicine

Type of Encounter:
- Initial Consultation

Physical exams:
- NA (due to telemedicine setting)

Investigation/Test results:
- Urinalysis: Awaiting results
- Urine Culture: Awaiting results
- Blood Work: Ordered for biochemistry including BUN, creatinine, and complete blood count (CBC)

Medical Outcome:
- Diagnosis: Acute Pyelonephritis
- Prescribed Treatment: Trimethoprim/sulfamethoxazole 160/800 mg, 1 tablet, orally, twice daily for 14 days
- Follow-up recommendations: Virtual follow-up visit in 48 hours to review test results and assess response to treatment
- Referral: If no improvement, referral to urologist Dr. Chang for further evaluation
- Lifestyle Change: Increase fluid intake, rest, and avoid over-the-counter NSAIDs unless advised"|Rejected|Rejected|Rejected|Rejected||
