Disease Description|Scenario|Note|Polished Note|Abbreviated Note|Role|dial|polished_dial
ENCOUNTER FOR EXAMINATION OF EYES AND VISION WITH ABNORMAL FINDINGS|"ROLE: Ophthalmologist

**1) Medical Outcome:**
   - Diagnosis: Encounter for examination of eyes and vision with abnormal findings (ICD-10 description)
   - Prescribed Treatment: Eyeglasses prescription - OD: -1.75 SPH, OS: -2.25 SPH
   - Follow-up Recommendations: Follow-up in 6 months for re-evaluation
   - Referral to Specialist: Referral to a retina specialist for evaluation of diabetic retinopathy, Dr. Sarah Nguyen

**2) Medical History:**
   - Previous Diagnoses: Type 2 Diabetes, Hypertension
   - Family Medical History: Family history of glaucoma

**3) Symptom Description:**
   - Severity: Mild to moderate
   - Duration: 3 months
   - Associated Symptoms: Blurred vision, occasional eye strain
   - Frequency: Daily, more noticeable in low light conditions
   - Impact on Daily Activities: Difficulty reading and driving at night

**4) Patient’s self-reported habits and lifestyle:**
   - Sleep: 6-7 hours per night
   - Diet: Balanced, but occasionally high sugar intake
   - Exercise: Walks 3 times a week for 30 minutes
   - Tobacco Use: None
   - Alcohol Consumption: Social drinker, 1-2 drinks per week
   - Recreational Activities: Enjoys reading and watching television

**5) Demographic Information:**
   - Age: 52 
   - Gender: Male
   - Ethnicity: Hispanic
   - Socio-economic Status: Middle-class
   - Education Level: College degree
   - Health Literacy: Moderate
   - Job Status: Office worker

**6) Patient's Behavior:**
   - Cooperation: Highly cooperative, follows medical advice

**7) Geographical Location:**
   - Urban, Big City
   - Neighborhood Type: Well-served by transit, accessible healthcare facilities

**8) Clinical Setting:**
   - Specialty Clinics, Ophthalmologist's Office

**9) Type of Encounter:**
   - Preventive Health Screening

**10) Treatment Disparities:**
   - None observed

**11) Native or Non-Native English Speaking Patient:**
   - Native English-speaking patient

**12) Physical Exams:**
   - Visual Acuity Test: OD: 20/40, OS: 20/60
   - Intraocular Pressure: 16 mmHg both eyes
   - Dilated Fundus Examination: Presence of microaneurysms and cotton wool spots in both eyes

**13) Investigation/Test results:**
   - Awaiting: Optical Coherence Tomography (OCT) of the macula for further assessment"|"#####
**1. Subjective:**

**Chief Complaint (CC):**
Blurred vision and occasional eye strain.

**History of Present Illness (HPI):**
Mr. Eduardo Garcia is a 52-year-old Hispanic male with a known history of Type 2 Diabetes and Hypertension, presenting with complaints of blurred vision and occasional eye strain over the past 3 months. He reports that the symptoms are mild to moderate in severity, more noticeable in low light conditions, and affect his ability to read and drive at night. The symptoms occur daily, and he has difficulty with visual tasks, especially during nighttime.

**Review of Systems (ROS):**
- **Eyes:** Blurred vision, occasional eye strain. No pain, redness, or discharge.
- **General:** No recent weight changes, fever, or fatigue.
- **Cardiovascular:** No chest pain or palpitations.
- **Endocrine:** Type 2 diabetes, no new symptoms.
- **Neurological:** No headaches, dizziness, or vision loss.

**2. Objective:**

**Physical Examination:**
- **Visual Acuity Test:** OD: 20/40, OS: 20/60
- **Intraocular Pressure:** 16 mmHg in both eyes
- **Dilated Fundus Examination:** Presence of microaneurysms and cotton wool spots in both eyes, indicative of diabetic retinopathy.

**Vital Signs:**
- Blood Pressure: Within normal limits for this visit.

**Awaiting Tests:**
- **Optical Coherence Tomography (OCT):** Assessing the macula for further evaluation of diabetic retinopathy.

**3. Assessment:**
- Encounter for examination of eyes and vision with abnormal findings (ICD-10 description).
- Mr. Garcia presents with vision changes consistent with refractive error and signs of diabetic retinopathy.

**4. Plan:**
- **Eyeglasses Prescription:** OD: -1.75 SPH, OS: -2.25 SPH.
- **Referral to Specialist:** Referral to Dr. Sarah Nguyen, a retina specialist, for evaluation of diabetic retinopathy.
- **Follow-up Recommendations:** Follow-up in 6 months for re-evaluation.
- **Patient Education:** Advised Mr. Garcia on the importance of strict blood sugar control to prevent progression of diabetic retinopathy. Recommended regular eye examinations every 6 months due to his diabetes and family history of glaucoma.
- **Lifestyle Recommendations:** Encouraged continued balanced diet and regular exercise, with close monitoring of blood sugar levels. Educated on the potential impact of high sugar intake on diabetic control and eye health.

Mr. Garcia understands and agrees with the recommended medical treatment plan.

#####"|"#####
**1. Subjective:**

**Chief Complaint (CC):**
Blurred vision and occasional eye strain.

**History of Present Illness (HPI):**
Mr. Eduardo Garcia is a 52-year-old Hispanic male with a known history of Type 2 Diabetes and Hypertension, presenting with complaints of blurred vision and occasional eye strain over the past 3 months. He reports that the symptoms are mild to moderate in severity, more noticeable in low light conditions, and affect his ability to read and drive at night. The symptoms occur daily, and he has difficulty with visual tasks, especially during nighttime.

**Review of Systems (ROS):**
- **Eyes:** Blurred vision, occasional eye strain. No pain, redness, or discharge.
- **General:** No recent weight changes, fever, or fatigue.
- **Cardiovascular:** No chest pain or palpitations.
- **Endocrine:** Type 2 diabetes, no new symptoms.
- **Neurological:** No headaches, dizziness, or vision loss.

**2. Objective:**

**Physical Examination:**
- **Visual Acuity Test:** OD: 20/40, OS: 20/60
- **Intraocular Pressure:** 16 mmHg in both eyes
- **Dilated Fundus Examination:** Presence of microaneurysms and cotton wool spots in both eyes, indicative of diabetic retinopathy.

**Vital Signs:**
- Blood Pressure: Within normal limits for this visit.

**3. Assessment:**
- Encounter for examination of eyes and vision with abnormal findings (ICD-10 description).
- Mr. Garcia presents with vision changes consistent with refractive error and signs of diabetic retinopathy.

**4. Plan:**
- **Eyeglasses Prescription:** OD: -1.75 SPH, OS: -2.25 SPH.
- **Referral to Specialist:** Referral to Dr. Sarah Nguyen, a retina specialist, for evaluation of diabetic retinopathy.
- **Follow-up Recommendations:** Follow-up in 6 months for re-evaluation.
- **Patient Education:** Advised Mr. Garcia on the importance of strict blood sugar control to prevent progression of diabetic retinopathy. Recommended regular eye examinations every 6 months due to his diabetes and family history of glaucoma.
- **Lifestyle Recommendations:** Encouraged continued balanced diet and regular exercise, with close monitoring of blood sugar levels. Educated on the potential impact of high sugar intake on diabetic control and eye health.
- **Awaiting Tests:** Optical Coherence Tomography (OCT) to assess the macula for further evaluation of diabetic retinopathy.

Mr. Garcia understands and agrees with the recommended medical treatment plan."|"#####
**1. Subjective:**

**CC:**
Blurred vision and occasional eye strain.

**HPI:**
Mr. Eduardo Garcia is a 52-year-old Hispanic male with a known Hx of T2DM and HTN, presenting with c/o blurred vision and occasional eye strain over the past 3 months. He reports that the Sx are mild to moderate in severity, more noticeable in low light conditions, and affect his ability to read and drive at night. The Sx occur daily, and he has difficulty with visual tasks, especially during nighttime.

**ROS:**
- **Eyes:** Blurred vision, occasional eye strain. No pain, redness, or discharge.
- **General:** No recent weight changes, fever, or fatigue.
- **CV:** No CP or palpitations.
- **Endo:** T2DM, no new Sx.
- **Neuro:** No HA, dizziness, or vision loss.

**2. Objective:**

**PE:**
- **Visual Acuity Test:** OD: 20/40, OS: 20/60
- **IOP:** 16 mmHg in both eyes
- **Dilated Fundus Exam:** Presence of microaneurysms and cotton wool spots in both eyes, indicative of diabetic retinopathy.

**VS:**
- BP: WNL for this visit.

**3. Assessment:**
- Encounter for examination of eyes and vision with abnormal findings (ICD-10 description).
- Mr. Garcia presents with vision changes consistent with refractive error and signs of diabetic retinopathy.

**4. Plan:**
- **Eyeglasses Rx:** OD: -1.75 SPH, OS: -2.25 SPH.
- **Referral to Specialist:** Referral to Dr. Sarah Nguyen, a retina specialist, for eval of diabetic retinopathy.
- **F/U Recommendations:** F/U in 6 months for re-eval.
- **Patient Education:** Advised Mr. Garcia on the importance of strict blood sugar control to prevent progression of diabetic retinopathy. Recommended regular eye exams q6months due to his diabetes and FHx of glaucoma.
- **Lifestyle Recommendations:** Encouraged continued balanced diet and regular exercise, with close monitoring of blood sugar levels. Educated on the potential impact of high sugar intake on diabetic control and eye health.
- **Awaiting Tests:** OCT to assess the macula for further eval of diabetic retinopathy.

Mr. Garcia understands and agrees with the recommended medical Tx plan."|Ophthalmologist|"[doctor] Hi Mr. Garcia, how are you doing today?

[patient] Hi doctor, I'm doing alright, but I've been having some issues with my vision.

[doctor] I see. Can you tell me more about what's been going on with your vision?

[patient] Sure, for the past three months, I've been having blurred vision and occasional eye strain. It's been really bothering me, especially when I'm trying to read or drive at night.

[doctor] Hmm, I understand. How severe would you say these symptoms are?

[patient] I'd say they're mild to moderate. It's more noticeable in low light conditions, and it's making it hard to do things like reading and driving at night.

[doctor] I see. Do these symptoms occur every day?

[patient] Yes, they do. It's been a daily issue for me.

[doctor] Alright, let's go through a quick review of systems. Aside from the blurred vision and eye strain, have you noticed any pain, redness, or discharge from your eyes?

[patient] No, there's no pain, redness, or discharge.

[doctor] Okay. Any recent weight changes, fever, or fatigue?

[patient] No, none of those.

[doctor] How about chest pain or palpitations?

[patient] No, my heart's been fine.

[doctor] And regarding your diabetes, have you had any new symptoms?

[patient] No new symptoms, just the usual.

[doctor] Any headaches, dizziness, or vision loss?

[patient] No, nothing like that.

[doctor] Alright, thanks for that information. Let me take a look at your medical history. You have Type 2 Diabetes and Hypertension, correct?

[patient] Yes, that's right.

[doctor] Okay. Let's move on to the physical examination. We'll start with a visual acuity test. Please read the letters on the chart for me.

[patient] (Reads letters) OD: 20/40, OS: 20/60.

[doctor] Thank you. Your visual acuity is 20/40 in your right eye and 20/60 in your left eye. Next, I'll check your intraocular pressure. This might feel a little uncomfortable but it won't take long.

[patient] Okay.

[doctor] (Performs test) Your intraocular pressure is 16 mmHg in both eyes, which is within the normal range.

[patient] That's good to hear.

[doctor] Now, I'll perform a dilated fundus examination to get a better look at the back of your eyes.

[patient] Alright.

[doctor] (Examines eyes) I see the presence of microaneurysms and cotton wool spots in both eyes. These findings are indicative of diabetic retinopathy.

[patient] Oh no, that's not good, is it?

[doctor] It's certainly something we need to address, but it's manageable. I'll explain more in a moment. Let's go over your vital signs quickly. Your blood pressure is within normal limits for this visit, which is good.

[patient] That's a relief.

[doctor] Now, regarding your diabetic retinopathy, I want to perform an Optical Coherence Tomography (OCT) to assess the macula for further evaluation. We'll schedule that test soon.

[patient] Okay, sounds good.

[doctor] Based on what we've seen so far, your vision changes are consistent with a refractive error and signs of diabetic retinopathy. I'll write you a prescription for eyeglasses: -1.75 SPH for your right eye and -2.25 SPH for your left eye.

[patient] Alright, thank you.

[doctor] I also want to refer you to Dr. Sarah Nguyen, a retina specialist, for a more detailed evaluation of your diabetic retinopathy.

[patient] Okay, I'll make sure to follow up with her.

[doctor] Great. I recommend a follow-up appointment with me in 6 months so we can re-evaluate your condition.

[patient] Sure, I can do that.

[doctor] It's very important that you maintain strict blood sugar control to prevent the progression of diabetic retinopathy. Regular eye examinations every 6 months are essential due to your diabetes and family history of glaucoma.

[patient] I'll make sure to keep up with that.

[doctor] Excellent. I also encourage you to continue with a balanced diet and regular exercise, and closely monitor your blood sugar levels. High sugar intake can impact your diabetic control and eye health significantly.

[patient] I understand. I'll keep an eye on my diet and exercise regularly.

[doctor] Do you have any questions for me?

[patient] No, I think you've covered everything. Thank you, doctor.

[doctor] You're welcome, Mr. Garcia. Take care and see you in 6 months.

[patient] Thank you, doctor. I'll see you then."|"[doctor] Hi Mr. Garcia, how are you doing today?

[patient] Hi doctor, I'm doing alright, but I've been having some issues with my vision.

[doctor] I see. Can you tell me more about what's been going on with your vision?

[patient] Sure, for the past three months, I've been having blurred vision and occasional eye strain. It's been really bothering me, especially when I'm trying to read or drive at night.

[doctor] Hmm, I understand. How severe would you say these symptoms are?

[patient] I'd say they're mild to moderate. It's more noticeable in low light conditions, and it's making it hard to do things like reading and driving at night.

[doctor] I see. Do these symptoms occur every day?

[patient] Yes, they do. It's been a daily issue for me.

[doctor] Alright, let's go through a quick review of systems. Aside from the blurred vision and eye strain, have you noticed any pain, redness, or discharge from your eyes?

[patient] No, there's no pain, redness, or discharge.

[doctor] Okay. Any recent weight changes, fever, or fatigue?

[patient] No, none of those.

[doctor] How about chest pain or palpitations?

[patient] No, my heart's been fine.

[doctor] And regarding your diabetes, have you had any new symptoms?

[patient] No new symptoms, just the usual.

[doctor] Any headaches, dizziness, or vision loss?

[patient] No, nothing like that.

[doctor] Alright, thanks for that information. Let me take a look at your medical history. You have Type 2 Diabetes and Hypertension, correct?

[patient] Yes, that's right.

[doctor] Okay. Let's move on to the physical examination. We'll start with a visual acuity test. Please read the letters on the chart for me.

[patient] (Reads letters) OD: 20/40, OS: 20/60.

[doctor] Thank you. Your visual acuity is 20/40 in your right eye and 20/60 in your left eye. Next, I'll check your intraocular pressure. This might feel a little uncomfortable but it won't take long.

[patient] Okay.

[doctor] (Performs test) Your intraocular pressure is 16 mmHg in both eyes, which is within the normal range.

[patient] That's good to hear.

[doctor] Now, I'll perform a dilated fundus examination to get a better look at the back of your eyes.

[patient] Alright.

[doctor] (Examines eyes) I see the presence of microaneurysms and cotton wool spots in both eyes. These findings are indicative of diabetic retinopathy.

[patient] Oh no, that's not good, is it?

[doctor] It's certainly something we need to address, but it's manageable. I'll explain more in a moment. Let's go over your vital signs quickly. Your blood pressure is within normal limits for this visit, which is good.

[patient] That's a relief.

[doctor] Now, regarding your diabetic retinopathy, I want to perform an Optical Coherence Tomography (OCT) to assess the macula for further evaluation. We'll schedule that test soon.

[patient] Okay, sounds good.

[doctor] Based on what we've seen so far, your vision changes are consistent with a refractive error and signs of diabetic retinopathy. I'll write you a prescription for eyeglasses: -1.75 SPH for your right eye and -2.25 SPH for your left eye.

[patient] Alright, thank you.

[doctor] I also want to refer you to Dr. Sarah Nguyen, a retina specialist, for a more detailed evaluation of your diabetic retinopathy.

[patient] Okay, I'll make sure to follow up with her.

[doctor] Great. I recommend a follow-up appointment with me in 6 months so we can re-evaluate your condition.

[patient] Sure, I can do that.

[doctor] It's very important that you maintain strict blood sugar control to prevent the progression of diabetic retinopathy. Regular eye examinations every 6 months are essential due to your diabetes and family history of glaucoma.

[patient] I'll make sure to keep up with that.

[doctor] Excellent. I also encourage you to continue with a balanced diet and regular exercise, and closely monitor your blood sugar levels. High sugar intake can impact your diabetic control and eye health significantly.

[patient] I understand. I'll keep an eye on my diet and exercise regularly.

[doctor] Do you have any questions for me?

[patient] No, I think you've covered everything. Thank you, doctor.

[doctor] You're welcome, Mr. Garcia. Take care and see you in 6 months.

[patient] Thank you, doctor. I'll see you then."
ENCOUNTER FOR EXAMINATION OF EYES AND VISION WITH ABNORMAL FINDINGS|"ROLE: Ophthalmologist

**Medical Outcome:**
- Diagnosis: Encounter for examination of eyes and vision with abnormal findings
- Prescribed treatment: Prescription for progressive lenses (bifocals)
- Follow-up recommendations: Follow-up in 6 months for re-evaluation
- Referral to specialists: Referral to neurologist, Dr. Sarah Thompson, for further evaluation due to suspected optic neuritis
- Blood work: NA
- Imaging: Order for MRI of the brain and orbits with contrast to evaluate for optic neuritis

**Medical History:**
- Previous Diagnoses: Hyperlipidemia; Family history of multiple sclerosis (father)
- Medication History: Statin for hyperlipidemia
- Allergies: Sulfa drugs
- Chronic Conditions: Type 2 Diabetes

**Symptom Description:**
- Severity: Severe, sudden vision loss in the right eye
- Duration: Onset 2 weeks ago
- Associated Symptoms: Eye pain, especially with movement
- Frequency: Persistent since onset
- Impact on Daily Activities: Difficulty driving and using a computer

**Patient’s self-reported habits and lifestyle:**
- Sleep: 6-7 hours per night
- Diet: Attempts a low-carb diet
- Exercise: Jogging twice a week
- Tobacco Use: None
- Alcohol Consumption: Occasional beer, 1-2 times a month
- Drug Use: None
- Recreational Activities: Enjoys playing tennis and painting

**Demographic Information:**
- Age: 45
- Gender: Male
- Ethnicity: African American
- Socio-economic Status: Middle-class
- Education Level: Master's degree
- Health Literacy: Moderate
- Job Status: IT professional

**Patient's Behavior:**
- Anxious but cooperative with medical advice

**Geographical Location:**
- Big City vs Small City: Lives in a small city
- Rural vs Urban: Suburban
- Pollution and Environmental Health Risks: Moderate air pollution from nearby industrial area
- Neighborhood Type: Middle-class, ample green spaces but limited public transport

**Clinical Setting:**
- Clinic

**Type of Encounter:**
- Emergency Visit

**Treatment Disparities:**
- NA

**Native or Non-Native English Speaking Patient:**
- Native English Speaking Patient

**Physical exams:**
- Comprehensive eye examination including visual acuity test, ocular motility exam, fundus examination

**Investigation/Test results:**
- Awaiting MRI results"|"**1. Subjective:**

**Chief Complaint (CC):**
Severe, sudden vision loss in the right eye.

**History of Present Illness (HPI):**
45-year-old African American male presents with a complaint of severe, sudden vision loss in the right eye, which began 2 weeks ago. Patient reports significant eye pain, especially with movement. The vision loss has been persistent since onset and has significantly impacted his daily activities, including driving and using a computer.

**Review of Systems (ROS):**
- Vision: Severe, sudden vision loss in the right eye, eye pain, especially with movement.
- Cardiovascular: Denies chest pain, palpitations, or dyspnea.
- Neurological: No history of headaches or seizures. Reports normal sensation and motor function.
- Endocrine: Known history of Type 2 Diabetes, currently managed.
- General: Reports feeling anxious but denies weight loss or fever.

**2. Objective:**

**Vital Signs:**
- BP: 132/85 mmHg
- HR: 78 bpm
- RR: 16 breaths/min
- SpO2: 97%

**Physical Exam:**

**Ophthalmologic Examination:**
- Visual Acuity: Right eye: 20/400, Left eye: 20/20
- Ocular Motility: Pain with movement in the right eye, otherwise normal.
- Fundus Examination: Right eye shows evidence of optic disc swelling, Left eye normal.
- Pupillary Reflex: Relative afferent pupillary defect (RAPD) in the right eye.
- Slit Lamp Examination: Normal anterior segment bilaterally.
- Intraocular Pressure: Right eye: 15 mmHg, Left eye: 14 mmHg

**3. Assessment:**
Patient presents with severe, sudden vision loss in the right eye associated with eye pain, particularly with movement. Fundus examination reveals optic disc swelling in the right eye, and there is a relative afferent pupillary defect.

**Differential Diagnosis:**
- Optic Neuritis
- Ischemic Optic Neuropathy
- Retinal detachment
- Multiple Sclerosis-associated optic neuropathy (considering family history)

**4. Plan:**

**Medical Treatment:**
- Prescribed progressive lenses (bifocals) to assist with vision correction needs for the left eye.

**Referrals:**
- Referral to Dr. Sarah Thompson, neurologist, for further evaluation due to suspected optic neuritis and to rule out multiple sclerosis, given the family history.

**Imaging:**
- Order for MRI of the brain and orbits with contrast to evaluate for optic neuritis and rule out any central nervous system involvement.

**Patient Education and Counseling:**
- Discussed the nature of the current findings and the urgency of the situation.
- Advised the patient to avoid activities that could jeopardize his safety given the current visual impairment (e.g., driving).
- Discussed the potential implication of optic neuritis and the importance of follow-up with neurology and obtaining an MRI.

**Follow-up:**
- Scheduled follow-up appointment in 6 months for re-evaluation of the eye condition and response to prescribed lenses.

**Patient Agreements:**
Patient understands and agrees with the recommended medical treatment plan and referrals.

**Instructions:**
- Patient to return immediately if there is any further deterioration in vision or new symptoms develop.
- Follow-up with neurology as soon as possible post-receipt of MRI results."|"**1. Subjective:**

**Chief Complaint (CC):**
Severe, sudden vision loss in the right eye.

**History of Present Illness (HPI):**
45-year-old African American male presents with a complaint of severe, sudden vision loss in the right eye, which began 2 weeks ago. Patient reports significant eye pain, especially with movement. The vision loss has been persistent since onset and has significantly impacted his daily activities, including driving and using a computer.

**Review of Systems (ROS):**
- Vision: Severe, sudden vision loss in the right eye, eye pain, especially with movement.
- Cardiovascular: Denies chest pain, palpitations, or dyspnea.
- Neurological: No history of headaches or seizures. Reports normal sensation and motor function.
- Endocrine: Known history of Type 2 Diabetes, currently managed.
- General: Reports feeling anxious but denies weight loss or fever.

**2. Objective:**

**Vital Signs:**
- BP: 132/85 mmHg
- HR: 78 bpm
- RR: 16 breaths/min
- SpO2: 97%

**Physical Exam:**

**Ophthalmologic Examination:**
- Visual Acuity: Right eye: 20/400, Left eye: 20/20
- Ocular Motility: Pain with movement in the right eye, otherwise normal.
- Fundus Examination: Right eye shows evidence of optic disc swelling, Left eye normal.
- Pupillary Reflex: Relative afferent pupillary defect (RAPD) in the right eye.
- Slit Lamp Examination: Normal anterior segment bilaterally.
- Intraocular Pressure: Right eye: 15 mmHg, Left eye: 14 mmHg

**3. Assessment:**
Patient presents with severe, sudden vision loss in the right eye associated with eye pain, particularly with movement. Fundus examination reveals optic disc swelling in the right eye, and there is a relative afferent pupillary defect.

**Differential Diagnosis:**
- Optic Neuritis
- Ischemic Optic Neuropathy
- Retinal detachment
- Multiple Sclerosis-associated optic neuropathy (considering family history)

**4. Plan:**

**Medical Treatment:**
- Prescribed progressive lenses (bifocals) to assist with vision correction needs for the left eye.

**Referrals:**
- Referral to Dr. Sarah Thompson, neurologist, for further evaluation due to suspected optic neuritis and to rule out multiple sclerosis, given the family history.

**Imaging:**
- Order for MRI of the brain and orbits with contrast to evaluate for optic neuritis and rule out any central nervous system involvement.

**Patient Education and Counseling:**
- Discussed the nature of the current findings and the urgency of the situation.
- Advised the patient to avoid activities that could jeopardize his safety given the current visual impairment (e.g., driving).
- Discussed the potential implication of optic neuritis and the importance of follow-up with neurology and obtaining an MRI.

**Follow-up:**
- Scheduled follow-up appointment in 6 months for re-evaluation of the eye condition and response to prescribed lenses.

**Patient Agreements:**
Patient understands and agrees with the recommended medical treatment plan and referrals.

**Instructions:**
- Patient to return immediately if there is any further deterioration in vision or new symptoms develop.
- Follow-up with neurology as soon as possible post-receipt of MRI results."|"**1. Subjective:**

**CC:**
Severe, sudden vision loss in the right eye.

**HPI:**
45 y/o African American male presents with c/o severe, sudden vision loss in the right eye, which began 2 weeks ago. Pt reports significant eye pain, especially with movement. The vision loss has been persistent since onset and has significantly impacted his ADLs, including driving and using a computer.

**ROS:**
- Vision: Severe, sudden vision loss in the right eye, eye pain, especially with movement.
- CV: Denies CP, palpitations, or dyspnea.
- Neuro: No hx of HA or seizures. Reports normal sensation and motor function.
- Endo: Known hx of T2DM, currently managed.
- General: Reports feeling anxious but denies weight loss or fever.

**2. Objective:**

**VS:**
- BP: 132/85 mmHg
- HR: 78 bpm
- RR: 16 breaths/min
- SpO2: 97%

**PE:**

**Ophthalmologic Exam:**
- Visual Acuity: OD: 20/400, OS: 20/20
- Ocular Motility: Pain with movement in OD, otherwise normal.
- Fundus Exam: OD shows evidence of optic disc swelling, OS normal.
- Pupillary Reflex: RAPD in OD.
- Slit Lamp Exam: Normal anterior segment bilaterally.
- IOP: OD: 15 mmHg, OS: 14 mmHg

**3. Assessment:**
Pt presents with severe, sudden vision loss in OD associated with eye pain, particularly with movement. Fundus exam reveals optic disc swelling in OD, and there is a RAPD.

**Differential Dx:**
- Optic Neuritis
- Ischemic Optic Neuropathy
- Retinal detachment
- MS-associated optic neuropathy (considering FHx)

**4. Plan:**

**Medical Tx:**
- Rx progressive lenses (bifocals) to assist with vision correction needs for OS.

**Referrals:**
- Referral to Dr. Sarah Thompson, neuro, for further eval due to suspected optic neuritis and to r/o MS, given the FHx.

**Imaging:**
- Order MRI brain and orbits w/ contrast to eval for optic neuritis and r/o any CNS involvement.

**Pt Education and Counseling:**
- Discussed the nature of the current findings and the urgency of the situation.
- Advised pt to avoid activities that could jeopardize his safety given the current visual impairment (e.g., driving).
- Discussed the potential implication of optic neuritis and the importance of f/u with neuro and obtaining an MRI.

**F/U:**
- Scheduled f/u appt in 6 months for re-eval of the eye condition and response to prescribed lenses.

**Pt Agreements:**
Pt understands and agrees with the recommended medical tx plan and referrals.

**Instructions:**
- Pt to return immediately if there is any further deterioration in vision or new symptoms develop.
- F/u with neuro ASAP post-receipt of MRI results."|Ophthalmologist|"[doctor] Good morning, how are you doing today?
[patient] Not so great, doc. I've been having some serious vision problems.
[doctor] I'm sorry to hear that. I see here that you're experiencing severe, sudden vision loss in your right eye. Can you tell me more about when this started and what exactly happened?
[patient] It started about two weeks ago. I just suddenly lost vision in my right eye. It was really scary.
[doctor] That does sound alarming. And you've had no improvement in your vision since it started?
[patient] No improvement at all. It's been the same since it started.
[doctor] Okay, and have you felt any pain in the eye, especially when moving it?
[patient] Yes, there's definitely pain, especially when I move my eye around.
[doctor] Hmm, I see. How has this vision loss impacted your daily activities?
[patient] It's been really hard. I can't drive, and even using the computer is a struggle.
[doctor] I can imagine that must be very challenging. Have you noticed any other symptoms, like headaches or any changes in sensation or motor function?
[patient] No, no headaches or anything like that. My sensation and motor function seem normal.
[doctor] Alright. How about your cardiovascular system? Any chest pain, palpitations, or trouble breathing?
[patient] No, none of that.
[doctor] And your general health—any recent weight loss, fever, or anything unusual?
[patient] No weight loss or fever, but I have been feeling quite anxious about this whole situation.
[doctor] Understandable. Now, I see you have a known history of Type 2 Diabetes. How is that being managed currently?
[patient] It's managed with medication. It seems under control.
[doctor] Okay, good to know. Let's go over your vital signs quickly. Your blood pressure is 132/85 mmHg, heart rate is 78 beats per minute, respiratory rate is 16 breaths per minute, and your oxygen saturation is 97%. All these are within normal ranges.
[patient] That sounds alright.
[doctor] Now, let me perform an ophthalmologic examination. We'll start with checking your visual acuity. For your right eye, it's 20/400, and for your left eye, it's 20/20.
[patient] That's a big difference.
[doctor] Yes, it is. Let's move on to ocular motility. You mentioned pain with movement in the right eye, correct?
[patient] Yes, that's right.
[doctor] I see. I'll now check your fundus. Your right eye shows evidence of optic disc swelling, but your left eye looks normal.
[patient] What does that mean?
[doctor] It indicates inflammation or swelling of the optic nerve head. We'll need to investigate further. Now, let's check your pupillary reflex. There's a relative afferent pupillary defect in your right eye.
[patient] What does that mean, doc?
[doctor] It suggests that there's an issue with the optic nerve in your right eye. Let's continue with a slit lamp examination. The anterior segment of both eyes appears normal. Finally, I'll measure the intraocular pressure. It's 15 mmHg in your right eye and 14 mmHg in your left eye, which is normal.
[patient] Okay, so what's going on with my eye?
[doctor] Based on your symptoms and the examination findings, it appears you might have optic neuritis. However, we need to rule out other possibilities like ischemic optic neuropathy, retinal detachment, or even multiple sclerosis-associated optic neuropathy, especially considering your family history.
[patient] Multiple sclerosis? That's concerning.
[doctor] Yes, it can be, but let's not jump to conclusions just yet. I’m going to refer you to Dr. Sarah Thompson, a neurologist, for further evaluation. She will be able to provide more insight and help rule out multiple sclerosis.
[patient] Alright. What else do I need to do?
[doctor] I’m also going to order an MRI of your brain and orbits with contrast. This will help us evaluate for optic neuritis and check for any central nervous system involvement.
[patient] How soon can I get that done?
[doctor] We'll aim to get it done as soon as possible. It's important to get a clear picture of what's happening.
[patient] Understood. Anything else I need to know?
[doctor] Yes, I want to discuss the nature of your current findings and the urgency of the situation. Please avoid activities that could jeopardize your safety, such as driving, until we have more information.
[patient] Okay, I can do that.
[doctor] We will also prescribe progressive lenses, or bifocals, to help with your vision correction needs for your left eye.
[patient] That sounds helpful.
[doctor] Lastly, it’s crucial to follow up with the neurology appointment and get the MRI results reviewed. We’ll schedule a follow-up appointment in six months to re-evaluate your eye condition and response to the prescribed lenses.
[patient] Six months? That seems like a long time.
[doctor] It’s mainly for the lens evaluation, but you should return immediately if there’s any further deterioration in vision or if new symptoms develop.
[patient] Got it. Anything else?
[doctor] No, that covers everything for now. Do you have any questions or concerns?
[patient] Not at the moment. I just hope we can figure this out soon.
[doctor] We will do our best. Remember, follow up with Dr. Thompson as soon as possible after obtaining your MRI results.
[patient] Alright, thank you, doc.
[doctor] You're welcome. Take care and see you in six months unless something comes up sooner.
[patient] Thanks again. Goodbye.
[doctor] Goodbye."|"[doctor] Good morning, how are you doing today?
[patient] Not so great, doc. I've been having some serious vision problems.
[doctor] I'm sorry to hear that. I see here that you're experiencing severe, sudden vision loss in your right eye. Can you tell me more about when this started and what exactly happened?
[patient] It started about two weeks ago. I just suddenly lost vision in my right eye. It was really scary.
[doctor] That does sound alarming. And you've had no improvement in your vision since it started?
[patient] No improvement at all. It's been the same since it started.
[doctor] Okay, and have you felt any pain in the eye, especially when moving it?
[patient] Yes, there's definitely pain, especially when I move my eye around.
[doctor] Hmm, I see. How has this vision loss impacted your daily activities?
[patient] It's been really hard. I can't drive, and even using the computer is a struggle.
[doctor] I can imagine that must be very challenging. Have you noticed any other symptoms, like headaches or any changes in sensation or motor function?
[patient] No, no headaches or anything like that. My sensation and motor function seem normal.
[doctor] Alright. How about your cardiovascular system? Any chest pain, palpitations, or trouble breathing?
[patient] No, none of that.
[doctor] And your general health—any recent weight loss, fever, or anything unusual?
[patient] No weight loss or fever, but I have been feeling quite anxious about this whole situation.
[doctor] Understandable. Now, I see you have a known history of Type 2 Diabetes. How is that being managed currently?
[patient] It's managed with medication. It seems under control.
[doctor] Okay, good to know. Let's go over your vital signs quickly. Your blood pressure is 132/85 mmHg, heart rate is 78 beats per minute, respiratory rate is 16 breaths per minute, and your oxygen saturation is 97%. All these are within normal ranges.
[patient] That sounds alright.
[doctor] Now, let me perform an ophthalmologic examination. We'll start with checking your visual acuity. For your right eye, it's 20/400, and for your left eye, it's 20/20.
[patient] That's a big difference.
[doctor] Yes, it is. Let's move on to ocular motility. You mentioned pain with movement in the right eye, correct?
[patient] Yes, that's right.
[doctor] I see. I'll now check your fundus. Your right eye shows evidence of optic disc swelling, but your left eye looks normal.
[patient] What does that mean?
[doctor] It indicates inflammation or swelling of the optic nerve head. We'll need to investigate further. Now, let's check your pupillary reflex. There's a relative afferent pupillary defect in your right eye.
[patient] What does that mean, doc?
[doctor] It suggests that there's an issue with the optic nerve in your right eye. Let's continue with a slit lamp examination. The anterior segment of both eyes appears normal. Finally, I'll measure the intraocular pressure. It's 15 mmHg in your right eye and 14 mmHg in your left eye, which is normal.
[patient] Okay, so what's going on with my eye?
[doctor] Based on your symptoms and the examination findings, it appears you might have optic neuritis. However, we need to rule out other possibilities like ischemic optic neuropathy, retinal detachment, or even multiple sclerosis-associated optic neuropathy, especially considering your family history.
[patient] Multiple sclerosis? That's concerning.
[doctor] Yes, it can be, but let's not jump to conclusions just yet. I’m going to refer you to Dr. Sarah Thompson, a neurologist, for further evaluation. She will be able to provide more insight and help rule out multiple sclerosis.
[patient] Alright. What else do I need to do?
[doctor] I’m also going to order an MRI of your brain and orbits with contrast. This will help us evaluate for optic neuritis and check for any central nervous system involvement.
[patient] How soon can I get that done?
[doctor] We'll aim to get it done as soon as possible. It's important to get a clear picture of what's happening.
[patient] Understood. Anything else I need to know?
[doctor] Yes, I want to discuss the nature of your current findings and the urgency of the situation. Please avoid activities that could jeopardize your safety, such as driving, until we have more information.
[patient] Okay, I can do that.
[doctor] We will also prescribe progressive lenses, or bifocals, to help with your vision correction needs for your left eye.
[patient] That sounds helpful.
[doctor] Lastly, it’s crucial to follow up with the neurology appointment and get the MRI results reviewed. We’ll schedule a follow-up appointment in six months to re-evaluate your eye condition and response to the prescribed lenses.
[patient] Six months? That seems like a long time.
[doctor] It’s mainly for the lens evaluation, but you should return immediately if there’s any further deterioration in vision or if new symptoms develop.
[patient] Got it. Anything else?
[doctor] No, that covers everything for now. Do you have any questions or concerns?
[patient] Not at the moment. I just hope we can figure this out soon.
[doctor] We will do our best. Remember, follow up with Dr. Thompson as soon as possible after obtaining your MRI results.
[patient] Alright, thank you, doc.
[doctor] You're welcome. Take care and see you in six months unless something comes up sooner.
[patient] Thanks again. Goodbye.
[doctor] Goodbye."
ENCOUNTER FOR EXAMINATION OF EYES AND VISION WITH ABNORMAL FINDINGS|"ROLE: Ophthalmologist

1) Medical Outcome:
    - Diagnosis: Encounter for examination of eyes and vision with abnormal findings.
    - Prescribed treatment: Artificial tears for dry eyes.
    - Follow-up recommendations: Follow-up in 2 months for re-assessment.
    - Referral: Referral to a rheumatologist for suspected Sjogren's Syndrome, Dr. Lisa Chang.
    - Blood work: ANA (Antinuclear Antibody) test and Rheumatoid Factor.

2) Medical History:
    - Previous Diagnoses: Hypothyroidism.
    - Family Medical History: Mother has rheumatoid arthritis, maternal grandmother had lupus.
    - Medication History: Levothyroxine 50 mcg daily for hypothyroidism.
    - Allergies: No known drug allergies.
    - Chronic Conditions: History of dry eyes and dry mouth.

3) Symptom Description:
    - Severity: Mild to moderate.
    - Duration: 6 months.
    - Associated Symptoms: Persistent dry eyes, dry mouth, fatigue.
    - Frequency: Daily.
    - Impact on Daily Activities: Difficulty reading and concentrating; discomfort with contact lens use.

4) Patient’s self-reported habits and lifestyle:
    - Sleep: 6-7 hours per night.
    - Diet: Normal diet.
    - Exercise: Yoga twice a week.
    - Tobacco Use: Non-smoker.
    - Alcohol Consumption: Occasional, 1 drink per week.
    - Drug Use: Denies.
    - Recreational Activities: Enjoys painting and swimming.

5) Demographic Information:
    - Age: 53.
    - Gender: Female.
    - Ethnicity: Hispanic.
    - Socio-economic Status: Upper-middle class.
    - Education Level: Bachelor's degree.
    - Health Literacy: High.
    - Job Status: Part-time artist.

6) Patient's Behavior: Very cooperative and motivated to find a solution.

7) Geographical Location:
    - Big City vs Small City: Big City.
    - Rural vs Urban: Urban.
    - Pollution and Environmental Health Risks: Moderate pollution.
    - Neighborhood Type: Affluent neighborhood with good access to healthcare.

8) Clinical Setting: Private Ophthalmology Practice.

9) Type of Encounter: Routine check-up.

10) Treatment Disparities: NA.

11) Native or Non-Native English Speaking Patient: Native English speaking.

12) Physical exams:
    - Schirmer's test showing decreased tear production.
    - Slit-lamp examination showing signs of dry eye syndrome.

13) Investigation/Test results: Awaiting ANA and Rheumatoid Factor blood work results."|"#####
**1. Subjective:**

**Chief Complaint (CC):**
Persistent dry eyes and dry mouth lasting for 6 months.

**History of Present Illness (HPI):**
The patient is a 53-year-old Hispanic female who reports mild to moderate persistent dry eyes and dry mouth for the past 6 months. She indicates that these symptoms are present daily and have begun to interfere with her ability to read and concentrate, as well as causing discomfort with contact lens use. The patient also reports associated symptoms of fatigue. 

**Review of Systems (ROS):**
- **Eyes:** Reports persistent dry eyes, difficulty with contact lenses.
- **Mouth/Throat:** Reports dry mouth.
- **General:** Reports fatigue.
- **Social:** Non-smoker, occasional alcohol consumption (1 drink per week), denies drug use, enjoys painting and swimming, practices yoga twice a week, sleeps 6-7 hours per night.

**2. Objective:**

**Vital Signs:**
- Blood Pressure: 120/80 mmHg
- Heart Rate: 72 bpm
- Respiratory Rate: 16 breaths per minute
- Temperature: 98.6°F

**Physical Exam:**
- **Eyes:**
  - **Schirmer's Test:** Decreased tear production observed.
  - **Slit-lamp Examination:** Signs consistent with dry eye syndrome.

**3. Assessment:**

The patient presents with symptoms consistent with dry eye syndrome. Given her history of hypothyroidism, family history of autoimmune diseases (mother with rheumatoid arthritis and maternal grandmother with lupus), and current symptoms, there is a suspicion of Sjogren's Syndrome. 

**Diagnosis:**
- Encounter for examination of eyes and vision with abnormal findings.
- Suspected Sjogren's Syndrome.

**4. Plan:**

**Treatment:**
- Prescribed artificial tears to be used as needed for dry eyes.

**Referrals:**
- Referred to Dr. Lisa Chang, rheumatologist, for further evaluation of suspected Sjogren's Syndrome.

**Laboratory Tests:**
- Ordered ANA (Antinuclear Antibody) test.
- Ordered Rheumatoid Factor test.

**Follow-Up:**
- Patient is advised to follow up in 2 months for re-assessment of symptoms and review of blood work results.

**Patient Education:**
- Discussed the importance of maintaining lubrication for her eyes and managing symptoms with artificial tears.
- Advised to monitor symptoms and maintain a symptom diary to track any changes or new symptoms.
- Provided information on potential symptoms of Sjogren’s Syndrome and discussed the importance of the upcoming rheumatology evaluation.

**Instructions:**
- Continue current medication for hypothyroidism (Levothyroxine 50 mcg daily).
- Schedule an appointment with Dr. Lisa Chang for further evaluation.
- Return to the ophthalmology clinic in 2 months for follow-up assessment."|"#####
**1. Subjective:**

**Chief Complaint (CC):**
Persistent dry eyes and dry mouth lasting for 6 months.

**History of Present Illness (HPI):**
The patient is a 53-year-old Hispanic female who reports mild to moderate persistent dry eyes and dry mouth for the past 6 months. She indicates that these symptoms are present daily and have begun to interfere with her ability to read and concentrate, as well as causing discomfort with contact lens use. The patient also reports associated symptoms of fatigue. 

**Review of Systems (ROS):**
- **Eyes:** Reports persistent dry eyes, difficulty with contact lenses.
- **Mouth/Throat:** Reports dry mouth.
- **General:** Reports fatigue.
- **Social:** Non-smoker, occasional alcohol consumption (1 drink per week), denies drug use, enjoys painting and swimming, practices yoga twice a week, sleeps 6-7 hours per night.

**2. Objective:**

**Vital Signs:**
- Blood Pressure: 120/80 mmHg
- Heart Rate: 72 bpm
- Respiratory Rate: 16 breaths per minute
- Temperature: 98.6°F

**Physical Exam:**
- **Eyes:**
  - **Schirmer's Test:** Decreased tear production observed.
  - **Slit-lamp Examination:** Signs consistent with dry eye syndrome.

**3. Assessment:**

The patient presents with symptoms consistent with dry eye syndrome. Given her history of hypothyroidism, family history of autoimmune diseases (mother with rheumatoid arthritis and maternal grandmother with lupus), and current symptoms, there is a suspicion of Sjogren's Syndrome. 

**Diagnosis:**
- Encounter for examination of eyes and vision with abnormal findings.
- Suspected Sjogren's Syndrome.

**4. Plan:**

**Treatment:**
- Prescribed artificial tears to be used as needed for dry eyes.

**Referrals:**
- Referred to Dr. Lisa Chang, rheumatologist, for further evaluation of suspected Sjogren's Syndrome.

**Laboratory Tests:**
- Ordered ANA (Antinuclear Antibody) test.
- Ordered Rheumatoid Factor test.

**Follow-Up:**
- Patient is advised to follow up in 2 months for re-assessment of symptoms and review of blood work results.

**Patient Education:**
- Discussed the importance of maintaining lubrication for her eyes and managing symptoms with artificial tears.
- Advised to monitor symptoms and maintain a symptom diary to track any changes or new symptoms.
- Provided information on potential symptoms of Sjogren’s Syndrome and discussed the importance of the upcoming rheumatology evaluation.

**Instructions:**
- Continue current medication for hypothyroidism (Levothyroxine 50 mcg daily).
- Schedule an appointment with Dr. Lisa Chang for further evaluation.
- Return to the ophthalmology clinic in 2 months for follow-up assessment."|"#####
**1. Subjective:**

**CC:**
Persistent dry eyes and dry mouth x6 months.

**HPI:**
53 y/o Hispanic F c/o mild to moderate persistent dry eyes and dry mouth x6 months. Symptoms are daily, interfering with reading, concentration, and causing discomfort with contact lens use. Pt also reports fatigue.

**ROS:**
- **Eyes:** Persistent dry eyes, difficulty with contact lenses.
- **Mouth/Throat:** Dry mouth.
- **General:** Fatigue.
- **Social:** Non-smoker, occasional EtOH (1 drink/week), denies drug use, enjoys painting and swimming, practices yoga BID/week, sleeps 6-7 hrs/night.

**2. Objective:**

**VS:**
- BP: 120/80 mmHg
- HR: 72 bpm
- RR: 16
- Temp: 98.6°F

**PE:**
- **Eyes:**
  - **Schirmer's Test:** ↓ tear production.
  - **Slit-lamp Exam:** Consistent with dry eye syndrome.

**3. Assessment:**

Pt presents with sx consistent with dry eye syndrome. Given hx of hypothyroidism, FHx of autoimmune dz (mother with RA, maternal grandmother with lupus), and current sx, suspect Sjogren's Syndrome.

**Dx:**
- Encounter for eye exam with abnormal findings.
- ?Sjogren's Syndrome.

**4. Plan:**

**Tx:**
- Rx artificial tears PRN for dry eyes.

**Referrals:**
- Referred to Dr. Lisa Chang, rheum, for further eval of ?Sjogren's Syndrome.

**Labs:**
- Ordered ANA.
- Ordered RF.

**F/U:**
- Pt to f/u in 2 months for re-assessment of sx and review of labs.

**Pt Education:**
- Discussed importance of maintaining eye lubrication and managing sx with artificial tears.
- Advised to monitor sx and keep a symptom diary.
- Provided info on potential sx of Sjogren’s Syndrome and importance of upcoming rheum eval.

**Instructions:**
- Continue current Rx for hypothyroidism (Levothyroxine 50 mcg daily).
- Schedule appt with Dr. Lisa Chang for further eval.
- Return to ophtho clinic in 2 months for f/u assessment."|Ophthalmologist|"[Doctor] Hi there, how are you doing today?

[Patient] Hi, Doctor. I've been having some issues with my eyes and mouth.

[Doctor] Oh, I'm sorry to hear that. Can you tell me more about what’s been going on?

[Patient] Well, for the past 6 months, I’ve had really dry eyes and a dry mouth. It’s mild to moderate, but it’s there every day.

[Doctor] Hmm, that sounds uncomfortable. Is it affecting your daily activities?

[Patient] Yes, it’s starting to interfere with my ability to read and concentrate. It’s also really uncomfortable when I wear my contact lenses.

[Doctor] I see. Have you noticed any other symptoms?

[Patient] Yes, I’ve been feeling more fatigued than usual.

[Doctor] Okay, let’s go through a few more questions. Have you noticed any changes in your vision?

[Patient] No change in vision, just the dryness.

[Doctor] How about your mouth? Is it just dry, or do you have any other symptoms like difficulty swallowing?

[Patient] It’s mainly just dry. Swallowing is okay.

[Doctor] Alright. Do you smoke or use any recreational drugs?

[Patient] No, I don’t smoke or use drugs.

[Doctor] Do you drink alcohol?

[Patient] Occasionally, maybe one drink a week.

[Doctor] Got it. Can you tell me about your lifestyle? Any activities or hobbies?

[Patient] I enjoy painting and swimming. I also practice yoga twice a week.

[Doctor] That sounds nice. How’s your sleep?

[Patient] I usually sleep 6-7 hours per night.

[Doctor] Okay, let’s move on to your medical history. Do you have any chronic conditions or take any medications?

[Patient] I have hypothyroidism and I take Levothyroxine 50 mcg daily.

[Doctor] Any family history of medical conditions?

[Patient] Yes, my mother has rheumatoid arthritis and my maternal grandmother had lupus.

[Doctor] Thank you for sharing that. It’s helpful to know. Let’s do a quick physical exam now. Your vital signs look good: blood pressure is 120/80 mmHg, heart rate is 72 bpm, respiratory rate is 16 breaths per minute, and your temperature is 98.6°F.

[Patient] Okay.

[Doctor] Let me check your eyes. I’m going to do a Schirmer's test to measure tear production. 

[Patient] Sure.

[Doctor] Alright, this test shows decreased tear production. I’ll also do a slit-lamp examination.

[Patient] Okay.

[Doctor] The slit-lamp exam shows signs consistent with dry eye syndrome. Given your symptoms and family history, I suspect you might have Sjogren's Syndrome. 

[Patient] Sjogren's Syndrome? What is that?

[Doctor] It’s an autoimmune disorder that affects the glands that produce tears and saliva, leading to dry eyes and mouth.

[Patient] Oh, I see.

[Doctor] I’m going to prescribe artificial tears for your dry eyes. Use them as needed to keep your eyes lubricated.

[Patient] Alright.

[Doctor] I’ll also refer you to Dr. Lisa Chang, a rheumatologist, for further evaluation.

[Patient] Okay, thank you.

[Doctor] I’m going to order some blood tests, including an ANA (Antinuclear Antibody) test and a Rheumatoid Factor test to help diagnose Sjogren's Syndrome.

[Patient] That sounds good.

[Doctor] I’d like you to follow up in 2 months so we can reassess your symptoms and review the blood work results.

[Patient] Alright, I’ll do that.

[Doctor] In the meantime, please maintain lubrication for your eyes with the artificial tears and monitor your symptoms. Keep a symptom diary to track any changes or new symptoms.

[Patient] I will.

[Doctor] Continue taking your Levothyroxine 50 mcg daily and make sure to schedule an appointment with Dr. Lisa Chang.

[Patient] Okay, I’ll do that.

[Doctor] Do you have any questions or concerns?

[Patient] No, I think that covers everything.

[Doctor] Great. We’ll see you back here in 2 months for a follow-up. Take care!

[Patient] Thank you, Doctor."|"[Doctor] Hi there, how are you doing today?

[Patient] Hi, Doctor. I've been having some issues with my eyes and mouth.

[Doctor] Oh, I'm sorry to hear that. Can you tell me more about what’s been going on?

[Patient] Well, for the past 6 months, I’ve had really dry eyes and a dry mouth. It’s mild to moderate, but it’s there every day.

[Doctor] Hmm, that sounds uncomfortable. Is it affecting your daily activities?

[Patient] Yes, it’s starting to interfere with my ability to read and concentrate. It’s also really uncomfortable when I wear my contact lenses.

[Doctor] I see. Have you noticed any other symptoms?

[Patient] Yes, I’ve been feeling more fatigued than usual.

[Doctor] Okay, let’s go through a few more questions. Have you noticed any changes in your vision?

[Patient] No change in vision, just the dryness.

[Doctor] How about your mouth? Is it just dry, or do you have any other symptoms like difficulty swallowing?

[Patient] It’s mainly just dry. Swallowing is okay.

[Doctor] Alright. Do you smoke or use any recreational drugs?

[Patient] No, I don’t smoke or use drugs.

[Doctor] Do you drink alcohol?

[Patient] Occasionally, maybe one drink a week.

[Doctor] Got it. Can you tell me about your lifestyle? Any activities or hobbies?

[Patient] I enjoy painting and swimming. I also practice yoga twice a week.

[Doctor] That sounds nice. How’s your sleep?

[Patient] I usually sleep 6-7 hours per night.

[Doctor] Okay, let’s move on to your medical history. Do you have any chronic conditions or take any medications?

[Patient] I have hypothyroidism and I take Levothyroxine 50 mcg daily.

[Doctor] Any family history of medical conditions?

[Patient] Yes, my mother has rheumatoid arthritis and my maternal grandmother had lupus.

[Doctor] Thank you for sharing that. It’s helpful to know. Let’s do a quick physical exam now. Your vital signs look good: blood pressure is 120/80 mmHg, heart rate is 72 bpm, respiratory rate is 16 breaths per minute, and your temperature is 98.6°F.

[Patient] Okay.

[Doctor] Let me check your eyes. I’m going to do a Schirmer's test to measure tear production. 

[Patient] Sure.

[Doctor] Alright, this test shows decreased tear production. I’ll also do a slit-lamp examination.

[Patient] Okay.

[Doctor] The slit-lamp exam shows signs consistent with dry eye syndrome. Given your symptoms and family history, I suspect you might have Sjogren's Syndrome. 

[Patient] Sjogren's Syndrome? What is that?

[Doctor] It’s an autoimmune disorder that affects the glands that produce tears and saliva, leading to dry eyes and mouth.

[Patient] Oh, I see.

[Doctor] I’m going to prescribe artificial tears for your dry eyes. Use them as needed to keep your eyes lubricated.

[Patient] Alright.

[Doctor] I’ll also refer you to Dr. Lisa Chang, a rheumatologist, for further evaluation.

[Patient] Okay, thank you.

[Doctor] I’m going to order some blood tests, including an ANA (Antinuclear Antibody) test and a Rheumatoid Factor test to help diagnose Sjogren's Syndrome.

[Patient] That sounds good.

[Doctor] I’d like you to follow up in 2 months so we can reassess your symptoms and review the blood work results.

[Patient] Alright, I’ll do that.

[Doctor] In the meantime, please maintain lubrication for your eyes with the artificial tears and monitor your symptoms. Keep a symptom diary to track any changes or new symptoms.

[Patient] I will.

[Doctor] Continue taking your Levothyroxine 50 mcg daily and make sure to schedule an appointment with Dr. Lisa Chang.

[Patient] Okay, I’ll do that.

[Doctor] Do you have any questions or concerns?

[Patient] No, I think that covers everything.

[Doctor] Great. We’ll see you back here in 2 months for a follow-up. Take care!

[Patient] Thank you, Doctor."
ENCOUNTER FOR EXAMINATION OF EYES AND VISION WITH ABNORMAL FINDINGS|"ROLE: Ophthalmologist

Demographic Information: 
- Age: 24
- Gender: Male
- Ethnicity: Asian
- Socio-economic Status: Lower class
- Education Level: Some college
- Health Literacy: Low
- Job Status: Part-time Barista

Medical History:
- Chronic Conditions: None reported
- Previous Diagnoses: Seasonal Allergies
- Family Medical History: Mother has hyperopia
- Medication History: Over-the-counter antihistamines for allergies
- Allergies: Pollen, pet dander

Symptom Description:
- Severity: Severe
- Duration: 1 week
- Associated Symptoms: Double vision, severe eye pain especially in the evenings, halos around lights
- Frequency: Multiple times per day
- Impact on Daily Activities: Significant impact; difficulty working, driving at night, and reading

Patient’s self-reported habits and lifestyle:
- Sleep: 4-5 hours per night
- Diet: High in caffeine, irregular meals due to work schedule
- Exercise: None reported
- Tobacco Use: Smokes occasionally, about 5 cigarettes per week
- Alcohol Consumption: Frequent, 3-4 drinks per night on weekends
- Drug Use: None reported
- Recreational Activities: Plays video games late into the night

Patient's Behavior:
- Cooperation Level: Somewhat cooperative, but frequently misses follow-up appointments

Geographical Location:
- Rural
- Neighborhood Type: Moderately impoverished, limited access to healthcare facilities

Clinical Setting:
- Community Health Service

Type of Encounter:
- Emergency Visit

Medical Outcome:
- Diagnosis: Encounter for examination of eyes and vision with abnormal findings
- Prescribed Treatment: Eye drops (Timolol maleate 0.5%), one drop in each eye twice daily for intraocular pressure control
- Referral to Specialists: Urgent referral to Glaucoma Specialist, Dr. Kevin Lee, due to suspected acute angle-closure glaucoma
- Blood Work Order: NA
- Imaging Order: Anterior Segment Optical Coherence Tomography to assess angle closure mechanism
- Follow-up Recommendations: Follow up in 3 days for reassessment
- Lifestyle Change: Advise avoiding caffeine and alcohol; recommend improvements in sleep hygiene

Investigation/Test results:
- Awaiting: Anterior Segment Optical Coherence Tomography (OCT)

Physical exams:
- Visual Acuity Test: 20/30 vision bilaterally
- Intraocular Pressure: Right eye: 28 mmHg, Left eye: 30 mmHg
- Slit Lamp Examination: Narrow anterior chamber angles, corneal edema, hyperemia

Treatment Disparities:
- Possibly due to living in a rural area with limited access to specialized care

Native or Non-Native English Speaking Patient:
- Native English speaking"|"#####
**1. Subjective:**

**Chief Complaint (CC):**  
Severe eye pain, double vision, and halos around lights.

**History of Present Illness (HPI):**  
The patient is a 24-year-old Asian male with no chronic conditions, presenting with severe eye pain, double vision, and halos around lights for the past week. Symptoms are severe and occur multiple times per day, especially in the evenings. These symptoms have significantly impacted his ability to work, drive at night, and read. 

**Review of Systems (ROS):**  
- **Eyes:** Reports severe eye pain, double vision, and halos around lights. Denies recent trauma or foreign body sensation.
- **General:** Denies fever or chills.
- **Respiratory:** Denies shortness of breath. Reports seasonal allergies managed with over-the-counter antihistamines.
- **Neurological:** Reports difficulty concentrating, likely due to symptoms and poor sleep. Denies headache, dizziness, or other neurological deficits.

**2. Objective:**

**Vitals:**  
- Blood pressure: 122/76 mmHg
- Heart rate: 72 bpm
- Respirations: 16 breaths/min

**Physical Exam:**  
- **Visual Acuity Test:** 20/30 vision bilaterally
- **Intraocular Pressure:** Right eye: 28 mmHg, Left eye: 30 mmHg
- **Slit Lamp Examination:** Narrow anterior chamber angles, corneal edema, hyperemia. 

**Investigations/Test results:**  
- **Pending:** Anterior Segment Optical Coherence Tomography (OCT) to assess angle closure mechanism.

**3. Assessment:**

- **Primary Diagnosis:** Suspected acute angle-closure glaucoma.
  - **Medical Reasoning:** Patient's clinical presentation of severe eye pain, double vision, halos around lights, and high intraocular pressure bilaterally, coupled with slit lamp findings of narrow anterior chamber angles and corneal edema, strongly suggest acute angle-closure glaucoma.

**4. Plan:**

- **Medical Treatment:** Prescribed Timolol maleate 0.5% eye drops, one drop in each eye twice daily to control intraocular pressure.
- **Referral:** Urgent referral to Glaucoma Specialist, Dr. Kevin Lee, for further evaluation and management due to acute angle-closure glaucoma suspicion.
- **Follow-up:** Advised patient to follow up in 3 days for reassessment.
- **Imaging:** Ordered Anterior Segment Optical Coherence Tomography (OCT) to assess angle closure mechanism.
- **Lifestyle Recommendations:** Advised to avoid caffeine and alcohol. Recommended improving sleep hygiene and reducing screen time, especially late at night.

**Patient Agreements:** 
The patient understands and agrees with the recommended medical treatment plan and the urgency of follow-up with the specialist.

#####"|"**1. Subjective:**

**Chief Complaint (CC):**  
Severe eye pain, double vision, and halos around lights.

**History of Present Illness (HPI):**  
The patient is a 24-year-old Asian male with no chronic conditions, presenting with severe eye pain, double vision, and halos around lights for the past week. Symptoms are severe and occur multiple times per day, especially in the evenings. These symptoms have significantly impacted his ability to work, drive at night, and read. 

**Review of Systems (ROS):**  
- **Eyes:** Reports severe eye pain, double vision, and halos around lights. Denies recent trauma or foreign body sensation.
- **General:** Denies fever or chills.
- **Respiratory:** Denies shortness of breath. Reports seasonal allergies managed with over-the-counter antihistamines.
- **Neurological:** Reports difficulty concentrating, likely due to symptoms and poor sleep. Denies headache, dizziness, or other neurological deficits.

**2. Objective:**

**Vitals:**  
- Blood pressure: 122/76 mmHg
- Heart rate: 72 bpm
- Respirations: 16 breaths/min

**Physical Exam:**  
- **Visual Acuity Test:** 20/30 vision bilaterally
- **Intraocular Pressure:** Right eye: 28 mmHg, Left eye: 30 mmHg
- **Slit Lamp Examination:** Narrow anterior chamber angles, corneal edema, hyperemia. 

**Investigations/Test results:**  
- **Pending:** Anterior Segment Optical Coherence Tomography (OCT) to assess angle closure mechanism.

**3. Assessment:**

- **Primary Diagnosis:** Suspected acute angle-closure glaucoma.
  - **Medical Reasoning:** Patient's clinical presentation of severe eye pain, double vision, halos around lights, and high intraocular pressure bilaterally, coupled with slit lamp findings of narrow anterior chamber angles and corneal edema, strongly suggest acute angle-closure glaucoma.

**4. Plan:**

- **Medical Treatment:** Prescribed Timolol maleate 0.5% eye drops, one drop in each eye twice daily to control intraocular pressure.
- **Referral:** Urgent referral to Glaucoma Specialist, Dr. Kevin Lee, for further evaluation and management due to acute angle-closure glaucoma suspicion.
- **Follow-up:** Advised patient to follow up in 3 days for reassessment.
- **Imaging:** Anterior Segment Optical Coherence Tomography (OCT) to assess angle closure mechanism.
- **Lifestyle Recommendations:** Advised to avoid caffeine and alcohol. Recommended improving sleep hygiene and reducing screen time, especially late at night.

**Patient Agreements:** 
The patient understands and agrees with the recommended medical treatment plan and the urgency of follow-up with the specialist."|"**1. Subjective:**

**CC:**  
Severe eye pain, diplopia, and halos around lights.

**HPI:**  
The pt is a 24 y/o Asian male with no chronic conditions, presenting with severe eye pain, diplopia, and halos around lights for the past week. Symptoms are severe and occur multiple times per day, especially in the evenings. These symptoms have significantly impacted his ability to work, drive at night, and read. 

**ROS:**  
- **Eyes:** Reports severe eye pain, diplopia, and halos around lights. Denies recent trauma or FB sensation.
- **General:** Denies fever or chills.
- **Respiratory:** Denies SOB. Reports seasonal allergies managed with OTC antihistamines.
- **Neuro:** Reports difficulty concentrating, likely due to symptoms and poor sleep. Denies HA, dizziness, or other neuro deficits.

**2. Objective:**

**Vitals:**  
- BP: 122/76 mmHg
- HR: 72 bpm
- RR: 16 breaths/min

**Physical Exam:**  
- **VA Test:** 20/30 vision bilaterally
- **IOP:** OD: 28 mmHg, OS: 30 mmHg
- **Slit Lamp Exam:** Narrow AC angles, corneal edema, hyperemia. 

**Investigations/Test results:**  
- **Pending:** Anterior Segment OCT to assess angle closure mechanism.

**3. Assessment:**

- **Primary Dx:** Suspected acute ACG.
  - **Medical Reasoning:** Pt's clinical presentation of severe eye pain, diplopia, halos around lights, and high IOP bilaterally, coupled with slit lamp findings of narrow AC angles and corneal edema, strongly suggest acute ACG.

**4. Plan:**

- **Medical Tx:** Rx Timolol maleate 0.5% gtts, one gtt in each eye BID to control IOP.
- **Referral:** Urgent referral to Glaucoma Specialist, Dr. Kevin Lee, for further eval and mgmt due to acute ACG suspicion.
- **F/U:** Advised pt to f/u in 3 days for reassessment.
- **Imaging:** Anterior Segment OCT to assess angle closure mechanism.
- **Lifestyle Recs:** Advised to avoid caffeine and EtOH. Recommended improving sleep hygiene and reducing screen time, especially late at night.

**Pt Agreements:** 
The pt understands and agrees with the recommended medical tx plan and the urgency of f/u with the specialist."|Ophthalmologist|"**Doctor:** Good morning. How are you feeling today?

**Patient:** Not too great, honestly. I've been having severe eye pain, double vision, and seeing halos around lights for the past week.

**Doctor:** I'm sorry to hear that. Can you tell me more about these symptoms? When did they start, and how often do they occur?

**Patient:** They started about a week ago. The pain is really bad, and it happens multiple times a day, especially in the evenings. It's making it hard for me to work, drive at night, and even read.

**Doctor:** That sounds quite severe. Have you experienced any recent trauma to your eyes or felt like there’s something foreign in them?

**Patient:** No, no trauma or anything like that.

**Doctor:** Alright. Do you have any fever or chills?

**Patient:** No, I haven't had any fever or chills.

**Doctor:** How about shortness of breath? Any issues there?

**Patient:** No, I don’t have any problems with breathing. I do have seasonal allergies, but I manage them with over-the-counter antihistamines.

**Doctor:** Understood. Are you having any difficulty concentrating or sleeping because of these symptoms?

**Patient:** Yes, it's been really hard to concentrate, and my sleep has been poor because of the pain.

**Doctor:** I see. Any headaches, dizziness, or other neurological issues?

**Patient:** No, nothing like that.

**Doctor:** Thank you for sharing all of that. Let's go ahead and take your vital signs. Your blood pressure is 122/76 mmHg, heart rate is 72 bpm, and respirations are 16 breaths per minute. That’s all within normal ranges.

**Patient:** Okay, that sounds good.

**Doctor:** Next, I’m going to check your visual acuity. Please read the letters on the chart for me, starting with your right eye.

**Patient:** (Reads the chart) I can see up to the third line, but it’s a bit blurry.

**Doctor:** Your visual acuity is 20/30 in both eyes. Now, I’m going to measure the pressure in your eyes. This might feel a bit uncomfortable. Just relax and look straight ahead.

**Patient:** Alright.

**Doctor:** The intraocular pressure in your right eye is 28 mmHg, and in your left eye, it’s 30 mmHg. Both are higher than normal. I’ll do a slit lamp examination next to get a better look at your eyes.

**Patient:** Okay, go ahead.

**Doctor:** (Examines eyes) Your anterior chamber angles are narrow, there’s some corneal edema, and I see hyperemia. These findings are concerning.

**Patient:** What does that mean?

**Doctor:** Based on your symptoms and the examination, I suspect you might have acute angle-closure glaucoma. This condition can cause severe eye pain, double vision, and seeing halos around lights, which matches your symptoms.

**Patient:** Oh no, that sounds serious.

**Doctor:** It can be, but we can manage it. I’m going to prescribe Timolol maleate 0.5% eye drops. Use one drop in each eye twice daily to help control the intraocular pressure.

**Patient:** Okay, I'll do that.

**Doctor:** I’m also making an urgent referral to a Glaucoma Specialist, Dr. Kevin Lee, for further evaluation and management. It's important that you see him as soon as possible.

**Patient:** How soon should I see him?

**Doctor:** As soon as you can, ideally within the next couple of days. I’ll also schedule a follow-up with me in 3 days to reassess your condition.

**Patient:** Alright, I’ll make sure to do that.

**Doctor:** I’m going to order an Anterior Segment Optical Coherence Tomography (OCT) to better understand the angle closure mechanism in your eyes. This imaging will help us confirm the diagnosis.

**Patient:** Got it. Anything else?

**Doctor:** Yes, I recommend avoiding caffeine and alcohol as they can increase intraocular pressure. Try to improve your sleep hygiene and reduce screen time, especially late at night. This should help with your overall symptoms.

**Patient:** I’ll make those changes. Thank you.

**Doctor:** You’re welcome. Do you have any questions or concerns about the treatment plan?

**Patient:** No, I understand everything. Thank you for explaining.

**Doctor:** Great. Remember, it’s important to follow up with Dr. Lee urgently and keep your appointment with me in 3 days. If your symptoms worsen or you experience any new symptoms, don’t hesitate to come back immediately.

**Patient:** I will. Thanks again, doctor.

**Doctor:** You’re welcome. Take care, and I’ll see you in a few days."|"[doctor]: Good morning. How are you feeling today?

[patient]: Not too great, honestly. I've been having severe eye pain, double vision, and seeing halos around lights for the past week.

[doctor]: I'm sorry to hear that. Can you tell me more about these symptoms? When did they start, and how often do they occur?

[patient]: They started about a week ago. The pain is really bad, and it happens multiple times a day, especially in the evenings. It's making it hard for me to work, drive at night, and even read.

[doctor]: That sounds quite severe. Have you experienced any recent trauma to your eyes or felt like there’s something foreign in them?

[patient]: No, no trauma or anything like that.

[doctor]: Alright. Do you have any fever or chills?

[patient]: No, I haven't had any fever or chills.

[doctor]: How about shortness of breath? Any issues there?

[patient]: No, I don’t have any problems with breathing. I do have seasonal allergies, but I manage them with over-the-counter antihistamines.

[doctor]: Understood. Are you having any difficulty concentrating or sleeping because of these symptoms?

[patient]: Yes, it's been really hard to concentrate, and my sleep has been poor because of the pain.

[doctor]: I see. Any headaches, dizziness, or other neurological issues?

[patient]: No, nothing like that.

[doctor]: Thank you for sharing all of that. Let's go ahead and take your vital signs. Your blood pressure is 122/76 mmHg, heart rate is 72 bpm, and respirations are 16 breaths per minute. That’s all within normal ranges.

[patient]: Okay, that sounds good.

[doctor]: Next, I’m going to check your visual acuity. Please read the letters on the chart for me, starting with your right eye.

[patient]: (Reads the chart) I can see up to the third line, but it’s a bit blurry.

[doctor]: Your visual acuity is 20/30 in both eyes. Now, I’m going to measure the pressure in your eyes. This might feel a bit uncomfortable. Just relax and look straight ahead.

[patient]: Alright.

[doctor]: The intraocular pressure in your right eye is 28 mmHg, and in your left eye, it’s 30 mmHg. Both are higher than normal. I’ll do a slit lamp examination next to get a better look at your eyes.

[patient]: Okay, go ahead.

[doctor]: (Examines eyes) Your anterior chamber angles are narrow, there’s some corneal edema, and I see hyperemia. These findings are concerning.

[patient]: What does that mean?

[doctor]: Based on your symptoms and the examination, I suspect you might have acute angle-closure glaucoma. This condition can cause severe eye pain, double vision, and seeing halos around lights, which matches your symptoms.

[patient]: Oh no, that sounds serious.

[doctor]: It can be, but we can manage it. I’m going to prescribe Timolol maleate 0.5% eye drops. Use one drop in each eye twice daily to help control the intraocular pressure.

[patient]: Okay, I'll do that.

[doctor]: I’m also making an urgent referral to a Glaucoma Specialist, Dr. Kevin Lee, for further evaluation and management. It's important that you see him as soon as possible.

[patient]: How soon should I see him?

[doctor]: As soon as you can, ideally within the next couple of days. I’ll also schedule a follow-up with me in 3 days to reassess your condition.

[patient]: Alright, I’ll make sure to do that.

[doctor]: I’m going to order an Anterior Segment Optical Coherence Tomography (OCT) to better understand the angle closure mechanism in your eyes. This imaging will help us confirm the diagnosis.

[patient]: Got it. Anything else?

[doctor]: Yes, I recommend avoiding caffeine and alcohol as they can increase intraocular pressure. Try to improve your sleep hygiene and reduce screen time, especially late at night. This should help with your overall symptoms.

[patient]: I’ll make those changes. Thank you.

[doctor]: You’re welcome. Do you have any questions or concerns about the treatment plan?

[patient]: No, I understand everything. Thank you for explaining.

[doctor]: Great. Remember, it’s important to follow up with Dr. Lee urgently and keep your appointment with me in 3 days. If your symptoms worsen or you experience any new symptoms, don’t hesitate to come back immediately.

[patient]: I will. Thanks again, doctor.

[doctor]: You’re welcome. Take care, and I’ll see you in a few days."
ENCOUNTER FOR EXAMINATION OF EYES AND VISION WITH ABNORMAL FINDINGS|"ROLE: Optometrist

** 1) Medical Outcome: **
- Diagnosis: Encounter for examination of eyes and vision with abnormal findings (ICD-10: Z01.00)
- Prescribed Treatment: Glasses with corrective lenses
- Follow-Up Recommendations: Follow-up in 6 months for re-evaluation
- Referral to Specialists: Referral to ophthalmologist Dr. Lisa Carter for further evaluation and management

** 2) Medical History: **
- Previous Diagnoses: Mild myopia diagnosed 5 years ago
- Family Medical History: Mother with glaucoma, father with cataracts
- Medication History: No regular medications
- Allergies: No known drug allergies
- Chronic Conditions: N/A

** 3) Symptom Description: **
- Severity: Mild difficulty in seeing distant objects
- Duration: Last 3 months
- Associated Symptoms: Occasional headaches, eyestrain
- Frequency: Daily
- Impact on Daily Activities: Difficulty in reading road signs and classroom blackboard

** 4) Patient’s Self-Reported Habits and Lifestyle: **
- Sleep: 8 hours per night, generally restful
- Diet: Balanced diet, eats vegetables and fruits regularly
- Exercise: Regular walks for 30 minutes daily
- Tobacco Use: Non-smoker
- Alcohol Consumption: Social drinker, 1-2 times per month
- Drug Use: None
- Recreational Activities: Enjoys reading books and watching movies

** 5) Demographic Information: **
- Age: 25
- Gender: Male
- Ethnicity: Hispanic
- Socio-economic Status: Middle class
- Education Level: College graduate
- Health Literacy: Moderate understanding of health-related information
- Job Status: Office clerk

** 6) Patient's Behavior: **
- Level of Cooperation: Highly cooperative and follows medical advice

** 7) Geographical Location: **
- Big City: Resides in urban area
- Pollution and Environmental Health Risks: Moderate pollution level
- Neighborhood Type: Well-served by transit and amenities

** 8) Clinical Setting: **
- Private Practice

** 9) Type of Encounter: **
- Initial Consultation

** 10) Treatment Disparities: **
- None observed; patient has access to necessary treatments

** 11) Native or Non-Native English Speaking Patient: **
- Non-Native English Speaking (speaks fluent English)

** 12) Physical exams: **
- Visual Acuity Test: 20/40 in right eye, 20/50 in left eye
- Retinal Examination: Normal
- Refraction Test: Confirmed myopia

** 13) Investigation/Test results: **
- Awaiting: Comprehensive visual field test results to rule out any peripheral vision loss or other abnormalities"|"**Subjective:**

**Chief Complaint (CC):**
Mild difficulty in seeing distant objects.

**History of Present Illness (HPI):**
The patient is a 25-year-old Hispanic male who presents with complaints of mild difficulty in seeing distant objects, which has been ongoing for the past 3 months. He reports occasional headaches and eyestrain associated with his visual difficulties. The symptoms occur daily and have notably impacted his daily activities, including reading road signs and the classroom blackboard.

**Review of Systems (ROS):**
- EYES: Reports occasional eyestrain and mild difficulty seeing distant objects. No double vision or flashes of light.
- HEAD: Occasional headaches, no history of head trauma.
- GENERAL: No fever, chills, or weight changes.

**Objective:**

**Vital Signs:**
- Visual Acuity: 20/40 in right eye, 20/50 in left eye.

**Physical Exam:**
- CONSTITUTIONAL: Patient appears well-nourished and in no acute distress.
- EYES: 
  - Visual Acuity Test: 20/40 in right eye, 20/50 in left eye.
  - Retinal Examination: Normal, no signs of retinal detachment or other abnormalities.
  - Refraction Test: Confirmed myopia.

**Test Results:**
- Awaiting comprehensive visual field test results to rule out any peripheral vision loss or other abnormalities.

**Assessment:**
Encounter for examination of eyes and vision with abnormal findings (ICD-10: Z01.00).

**Plan:**
1. **Treatment:**
   - Prescribed glasses with corrective lenses to improve the patient's distance vision.
   
2. **Follow-Up:**
   - Follow-up appointment scheduled in 6 months for re-evaluation of visual acuity and general eye health.

3. **Referral:**
   - Referred to ophthalmologist Dr. Lisa Carter for further evaluation and management of any potential underlying ocular conditions.

**Patient Education:**
- Discussed the importance of wearing the prescribed corrective lenses regularly.
- Advised on ways to reduce eyestrain, such as taking breaks while reading or using digital screens.
- Informed about the possible need for further tests based on the results of the comprehensive visual field test.

**Next Steps:**
- Await results of the comprehensive visual field test.
- Ensure the patient understands the follow-up plan and the importance of the referral to the ophthalmologist.

The patient was cooperative and demonstrated a good understanding of the discussion and instructions provided."|"**Subjective:**

**Chief Complaint (CC):**
Mild difficulty in seeing distant objects.

**History of Present Illness (HPI):**
The patient is a 25-year-old Hispanic male who presents with complaints of mild difficulty in seeing distant objects, which has been ongoing for the past 3 months. He reports occasional headaches and eyestrain associated with his visual difficulties. The symptoms occur daily and have notably impacted his daily activities, including reading road signs and the classroom blackboard.

**Review of Systems (ROS):**
- EYES: Reports occasional eyestrain and mild difficulty seeing distant objects. No double vision or flashes of light.
- HEAD: Occasional headaches, no history of head trauma.
- GENERAL: No fever, chills, or weight changes.

**Objective:**

**Vital Signs:**
- Visual Acuity: 20/40 in right eye, 20/50 in left eye.

**Physical Exam:**
- CONSTITUTIONAL: Patient appears well-nourished and in no acute distress.
- EYES: 
  - Visual Acuity Test: 20/40 in right eye, 20/50 in left eye.
  - Retinal Examination: Normal, no signs of retinal detachment or other abnormalities.
  - Refraction Test: Confirmed myopia.

**Assessment:**
Encounter for examination of eyes and vision with abnormal findings (ICD-10: Z01.00).

**Plan:**
1. **Treatment:**
   - Prescribed glasses with corrective lenses to improve the patient's distance vision.
   
2. **Follow-Up:**
   - Follow-up appointment scheduled in 6 months for re-evaluation of visual acuity and general eye health.

3. **Referral:**
   - Referred to ophthalmologist Dr. Lisa Carter for further evaluation and management of any potential underlying ocular conditions.

4. **Tests:**
   - Awaiting comprehensive visual field test results to rule out any peripheral vision loss or other abnormalities.

**Patient Education:**
- Discussed the importance of wearing the prescribed corrective lenses regularly.
- Advised on ways to reduce eyestrain, such as taking breaks while reading or using digital screens.
- Informed about the possible need for further tests based on the results of the comprehensive visual field test.

**Next Steps:**
- Await results of the comprehensive visual field test.
- Ensure the patient understands the follow-up plan and the importance of the referral to the ophthalmologist.

The patient was cooperative and demonstrated a good understanding of the discussion and instructions provided."|"**Subjective:**

**CC:**
Mild difficulty in seeing distant objects.

**HPI:**
The pt is a 25 y/o Hispanic male who presents with c/o mild difficulty in seeing distant objects, ongoing for the past 3 mos. He reports occasional HA and eyestrain associated with his visual difficulties. The sx occur daily and have notably impacted his daily activities, including reading road signs and the classroom blackboard.

**ROS:**
- EYES: Reports occasional eyestrain and mild difficulty seeing distant objects. No diplopia or photopsia.
- HEAD: Occasional HA, no hx of head trauma.
- GENERAL: No fever, chills, or wt changes.

**Objective:**

**VS:**
- VA: 20/40 OD, 20/50 OS.

**PE:**
- CONSTITUTIONAL: Pt appears well-nourished and in NAD.
- EYES: 
  - VA Test: 20/40 OD, 20/50 OS.
  - Retinal Exam: Normal, no signs of RD or other abnormalities.
  - Refraction Test: Confirmed myopia.

**Assessment:**
Encounter for eye and vision exam with abnormal findings (ICD-10: Z01.00).

**Plan:**
1. **Rx:**
   - Prescribed glasses with corrective lenses to improve the pt's distance vision.
   
2. **F/U:**
   - F/U appt scheduled in 6 mos for re-eval of VA and general eye health.

3. **Referral:**
   - Referred to ophtho Dr. Lisa Carter for further eval and mgmt of any potential underlying ocular conditions.

4. **Tests:**
   - Awaiting comprehensive VF test results to r/o any peripheral vision loss or other abnormalities.

**Pt Education:**
- Discussed the importance of wearing the prescribed corrective lenses regularly.
- Advised on ways to reduce eyestrain, such as taking breaks while reading or using digital screens.
- Informed about the possible need for further tests based on the results of the comprehensive VF test.

**Next Steps:**
- Await results of the comprehensive VF test.
- Ensure the pt understands the F/U plan and the importance of the referral to the ophtho.

The pt was cooperative and demonstrated a good understanding of the discussion and instructions provided."|Optometrist|"```plaintext
[doctor] Good morning. How are you doing today?
[patient] Good morning, doctor. I'm doing alright, thanks.
[doctor] Great to hear. So, what brings you in today?
[patient] Well, I've been having some mild difficulty seeing distant objects.
[doctor] Hmm, I see. How long has this been going on?
[patient] It's been about three months now.
[doctor] Okay. Have you noticed anything else, like headaches or eyestrain?
[patient] Yes, I do get occasional headaches and my eyes feel strained sometimes.
[doctor] Are these symptoms happening every day?
[patient] Yes, they are. It’s been affecting my daily activities, like reading road signs and seeing the classroom blackboard.
[doctor] That must be frustrating. Have you noticed any double vision or flashes of light?
[patient] No, I haven't had any double vision or flashes of light.
[doctor] That's good to know. How about any history of head trauma or injuries?
[patient] No, I haven't had any head injuries.
[doctor] And no fever, chills, or weight changes recently?
[patient] No, nothing like that.
[doctor] Alright, let's take a look at your vital signs and do a quick eye exam. Your visual acuity is 20/40 in your right eye and 20/50 in your left eye.
[patient] What does that mean, doctor?
[doctor] It means that your vision is slightly below average for seeing distant objects. Let's move on to a retinal examination. Everything looks normal here, no signs of retinal detachment or other abnormalities.
[patient] That's a relief.
[doctor] We'll also do a refraction test to confirm if you have myopia, which is nearsightedness.
[patient] Okay.
[doctor] The refraction test confirms that you have myopia. This means that your difficulty in seeing distant objects is due to nearsightedness.
[patient] What can be done about it?
[doctor] I’m going to prescribe glasses with corrective lenses to improve your distance vision.
[patient] Will the glasses help with the headaches and eyestrain too?
[doctor] Yes, wearing the corrective lenses should help reduce your headaches and eyestrain. It's important to wear them regularly.
[patient] Got it. I’ll make sure to wear them.
[doctor] Great. We’ll also schedule a follow-up appointment in 6 months to re-evaluate your visual acuity and general eye health.
[patient] Sounds good.
[doctor] I’m also referring you to an ophthalmologist, Dr. Lisa Carter, for a more detailed evaluation and management of any potential underlying ocular conditions.
[patient] Okay. Do I need to do anything special for that appointment?
[doctor] Just make sure to bring your new glasses and any questions you might have. We also have a comprehensive visual field test pending to rule out any peripheral vision loss or other abnormalities.
[patient] When will I get the results of that test?
[doctor] We should have the results soon. I’ll let you know as soon as they come in.
[patient] Alright. I’ll wait for your call.
[doctor] In the meantime, try to reduce eyestrain by taking breaks while reading or using digital screens. 
[patient] Okay. How often should I take breaks?
[doctor] Ideally, take a break every 20 minutes to look at something 20 feet away for at least 20 seconds. It’s called the 20-20-20 rule.
[patient] That sounds simple enough. I’ll try that.
[doctor] Excellent. Do you have any other questions for me today?
[patient] No, I think that’s all for now.
[doctor] Alright then. You were very cooperative today, and I appreciate that. Make sure to follow the plan we discussed.
[patient] Thank you, doctor. I will.
[doctor] Take care and have a great day.
[patient] You too, doctor. Goodbye.
```"|"[doctor] Good morning. How are you doing today?

[patient] Good morning, doctor. I'm doing alright, thanks.

[doctor] Great to hear. So, what brings you in today?

[patient] Well, I've been having some mild difficulty seeing distant objects.

[doctor] Hmm, I see. How long has this been going on?

[patient] It's been about three months now.

[doctor] Okay. Have you noticed anything else, like headaches or eyestrain?

[patient] Yes, I do get occasional headaches and my eyes feel strained sometimes.

[doctor] Are these symptoms happening every day?

[patient] Yes, they are. It’s been affecting my daily activities, like reading road signs and seeing the classroom blackboard.

[doctor] That must be frustrating. Have you noticed any double vision or flashes of light?

[patient] No, I haven't had any double vision or flashes of light.

[doctor] That's good to know. How about any history of head trauma or injuries?

[patient] No, I haven't had any head injuries.

[doctor] And no fever, chills, or weight changes recently?

[patient] No, nothing like that.

[doctor] Alright, let's take a look at your vital signs and do a quick eye exam. Your visual acuity is 20/40 in your right eye and 20/50 in your left eye.

[patient] What does that mean, doctor?

[doctor] It means that your vision is slightly below average for seeing distant objects. Let's move on to a retinal examination. Everything looks normal here, no signs of retinal detachment or other abnormalities.

[patient] That's a relief.

[doctor] We'll also do a refraction test to confirm if you have myopia, which is nearsightedness.

[patient] Okay.

[doctor] The refraction test confirms that you have myopia. This means that your difficulty in seeing distant objects is due to nearsightedness.

[patient] What can be done about it?

[doctor] I’m going to prescribe glasses with corrective lenses to improve your distance vision.

[patient] Will the glasses help with the headaches and eyestrain too?

[doctor] Yes, wearing the corrective lenses should help reduce your headaches and eyestrain. It's important to wear them regularly.

[patient] Got it. I’ll make sure to wear them.

[doctor] Great. We’ll also schedule a follow-up appointment in 6 months to re-evaluate your visual acuity and general eye health.

[patient] Sounds good.

[doctor] I’m also referring you to an ophthalmologist, Dr. Lisa Carter, for a more detailed evaluation and management of any potential underlying ocular conditions.

[patient] Okay. Do I need to do anything special for that appointment?

[doctor] Just make sure to bring your new glasses and any questions you might have. We also have a comprehensive visual field test pending to rule out any peripheral vision loss or other abnormalities.

[patient] When will I get the results of that test?

[doctor] We should have the results soon. I’ll let you know as soon as they come in.

[patient] Alright. I’ll wait for your call.

[doctor] In the meantime, try to reduce eyestrain by taking breaks while reading or using digital screens.

[patient] Okay. How often should I take breaks?

[doctor] Ideally, take a break every 20 minutes to look at something 20 feet away for at least 20 seconds. It’s called the 20-20-20 rule.

[patient] That sounds simple enough. I’ll try that.

[doctor] Excellent. Do you have any other questions for me today?

[patient] No, I think that’s all for now.

[doctor] Alright then. You were very cooperative today, and I appreciate that. Make sure to follow the plan we discussed.

[patient] Thank you, doctor. I will.

[doctor] Take care and have a great day.

[patient] You too, doctor. Goodbye."
ENCOUNTER FOR EXAMINATION OF EYES AND VISION WITH ABNORMAL FINDINGS|"ROLE: Ophthalmologist

**Medical Outcome:**
- Diagnosis: Encounter for examination of eyes and vision with abnormal findings
- Prescribed treatment: Glasses prescription adjusted
- Follow-up recommendations: Follow-up in 6 months for re-evaluation
- Referral to specialists: Referral to retinal specialist, Dr. Jonathan Meyer, for further evaluation due to suspected macular degeneration
- Blood work: NA
- Imaging: Order for Optical Coherence Tomography (OCT) to evaluate the macula and retina

**Medical History:**
- Previous Diagnoses: Mild myopia; Family history of macular degeneration (mother)
- Medication History: Occasional use of over-the-counter artificial tears
- Allergies: Penicillin
- Chronic Conditions: Hypertension

**Symptom Description:**
- Severity: Moderate blurry vision in the central field of both eyes
- Duration: Noticed over the past 3 months
- Associated Symptoms: Mild eye strain, occasional headaches
- Frequency: Daily
- Impact on Daily Activities: Difficulty reading and recognizing faces

**Patient’s self-reported habits and lifestyle:**
- Sleep: 7-8 hours per night
- Diet: Consumes a balanced diet
- Exercise: Regular walking, 3 times a week
- Tobacco Use: None
- Alcohol Consumption: Occasional wine, 1-2 glasses per month
- Drug Use: None
- Recreational Activities: Enjoys reading and gardening

**Demographic Information:**
- Age: 63
- Gender: Female
- Ethnicity: Caucasian
- Socio-economic Status: Middle-class
- Education Level: College graduate
- Health Literacy: High
- Job Status: Retired teacher

**Patient's Behavior:**
- Cooperative with medical advice

**Geographical Location:**
- Big City vs Small City: Lives in a suburban area of a big city
- Rural vs Urban: Urban
- Pollution and Environmental Health Risks: NA
- Neighborhood Type: Affluent, well-served by transit

**Clinical Setting:**
- Specialty Clinic

**Type of Encounter:**
- Initial Consultation

**Treatment Disparities:**
- NA

**Native or Non-Native English Speaking Patient:**
- Native English Speaking Patient

**Physical exams:**
- Comprehensive eye examination including visual acuity test, intraocular pressure measurement, slit-lamp examination

**Investigation/Test results:**
- Awaiting Optical Coherence Tomography (OCT) results"|Rejected|Rejected|Rejected|Rejected||
ENCOUNTER FOR EXAMINATION OF EYES AND VISION WITH ABNORMAL FINDINGS|"ROLE: Ophthalmologist

1) Medical Outcome: 
    - Diagnosis: Encounter for examination of eyes and vision with abnormal findings.
    - Prescribed treatment: Prescription for glasses/contact lenses.
    - Follow-up recommendations: Follow-up in 6 months for routine eye exam and earlier if symptoms worsen.
    - Referral: Referral to a retina specialist for further evaluation of macular degeneration, Dr. Smith.
    - Imaging: Order Optical Coherence Tomography (OCT) for macular evaluation.

2) Medical History:
    - Previous Diagnoses: Mild hypertension, hyperlipidemia.
    - Family Medical History: Father has a history of glaucoma, mother has age-related macular degeneration.
    - Medication History: Amlodipine 5 mg daily for hypertension, Atorvastatin 20 mg daily for hyperlipidemia.
    - Allergies: No known drug allergies.
    - Chronic Conditions: NA.

3) Symptom Description: 
    - Severity: Moderate.
    - Duration: 3 months.
    - Associated Symptoms: Blurred vision, difficulty reading, occasional eye pain.
    - Frequency: Daily.
    - Impact on Daily Activities: Difficulty reading small print, challenges with night driving.

4) Patient’s self-reported habits and lifestyle:
    - Sleep: 7-8 hours per night.
    - Diet: Balanced diet, low sodium.
    - Exercise: Walking 3 times a week for 30 minutes.
    - Tobacco Use: Former smoker, quit 10 years ago.
    - Alcohol Consumption: Rare, once a month.
    - Drug Use: Denies.
    - Recreational Activities: Enjoys reading and gardening.

5) Demographic Information:
    - Age: 67.
    - Gender: Female.
    - Ethnicity: Caucasian.
    - Socio-economic Status: Middle class.
    - Education Level: College graduate.
    - Health Literacy: High.
    - Job Status: Retired.

6) Patient's Behavior: Highly cooperative with medical advice.

7) Geographical Location:
    - Big City vs Small City: Big City.
    - Rural vs Urban: Urban.
    - Pollution and Environmental Health Risks: Moderate pollution.
    - Neighborhood Type: Safe, well-served by transit.

8) Clinical Setting: Private Ophthalmology Practice.

9) Type of Encounter: Initial Consultation.

10) Treatment Disparities: NA.

11) Native or Non-Native English Speaking Patient: Native English speaking.

12) Physical exams: 
    - Visual acuity test.
    - Fundoscopic examination showing macular changes.

13) Investigation/Test results: Awaiting Optical Coherence Tomography (OCT) results for detailed macular evaluation."|Rejected|Rejected|Rejected|Rejected||
ENCOUNTER FOR EXAMINATION OF EYES AND VISION WITH ABNORMAL FINDINGS|"ROLE: Ophthalmologist

1) Medical Outcome: 
    - Diagnosis: Encounter for examination of eyes and vision with abnormal findings.
    - Prescribed treatment: Prescribed reading glasses.
    - Follow-up recommendations: Follow-up in 3 months for re-evaluation of vision.
    - Referral: Referral to neurologist due to suspected optic neuritis, Dr. Jane Adams.
    - Imaging: MRI of the brain and orbits with contrast.

2) Medical History:
    - Previous Diagnoses: Migraines, type 2 diabetes.
    - Family Medical History: Mother has a history of multiple sclerosis, father has cataracts.
    - Medication History: Metformin 500 mg twice daily for diabetes, propranolol 10 mg as needed for migraines.
    - Allergies: Allergic to penicillin.
    - Chronic Conditions: N/A.

3) Symptom Description: 
    - Severity: Severe.
    - Duration: 1 week.
    - Associated Symptoms: Double vision, headache, eye pain, photophobia.
    - Frequency: Daily.
    - Impact on Daily Activities: Difficulty performing daily tasks, especially those involving clear vision.

4) Patient’s self-reported habits and lifestyle:
    - Sleep: 5-6 hours due to discomfort.
    - Diet: Predominantly vegetarian but with high sugar intake.
    - Exercise: Rare, occasional walking.
    - Tobacco Use: Non-smoker.
    - Alcohol Consumption: Moderate, 2-3 drinks per week.
    - Drug Use: Denies.
    - Recreational Activities: Enjoys knitting and hiking.

5) Demographic Information:
    - Age: 45.
    - Gender: Female.
    - Ethnicity: African American.
    - Socio-economic Status: Lower-middle class.
    - Education Level: High school graduate.
    - Health Literacy: Moderate.
    - Job Status: Unemployed.

6) Patient's Behavior: Cooperative but anxious about symptoms.

7) Geographical Location:
    - Big City vs Small City: Small city.
    - Rural vs Urban: Rural.
    - Pollution and Environmental Health Risks: Low pollution.
    - Neighborhood Type: Impoverished, limited access to healthcare.

8) Clinical Setting: Community Health Center.

9) Type of Encounter: Emergency Visit.

10) Treatment Disparities: Patient expressed concern about the cost of imaging and follow-up care.

11) Native or Non-Native English Speaking Patient: Native English speaking.

12) Physical exams: 
    - Visual acuity test showing reduced vision in the left eye.
    - Fundoscopic examination showing optic disc swelling.

13) Investigation/Test results: Awaiting MRI of the brain and orbits with contrast to evaluate for optic neuritis."|Rejected|Rejected|Rejected|Rejected||
ENCOUNTER FOR EXAMINATION OF EYES AND VISION WITH ABNORMAL FINDINGS|"ROLE: Ophthalmologist

Demographic Information: 
- Age: 52
- Gender: Female
- Ethnicity: Hispanic
- Socio-economic Status: Middle class
- Education Level: College graduate
- Health Literacy: High
- Job Status: Teaching Assistant

Medical History:
- Chronic Conditions: Hypertension, Type 2 Diabetes Mellitus
- Previous Diagnoses: Diabetic Retinopathy
- Family Medical History: Mother had glaucoma
- Medication History: Metformin 500 mg, orally, twice daily; Lisinopril 10 mg, orally, once daily
- Allergies: No known drug allergies

Symptom Description:
- Severity: Moderate
- Duration: 2 months
- Associated Symptoms: Blurred vision, occasional eye pain
- Frequency: Daily
- Impact on Daily Activities: Difficulty reading and driving at night

Patient’s self-reported habits and lifestyle:
- Sleep: 6-7 hours per night
- Diet: Balanced diet, good intake of fruits and vegetables
- Exercise: Infrequent, walks 2-3 times per week
- Tobacco Use: Non-smoker
- Alcohol Consumption: Light, occasional wine
- Drug Use: None
- Recreational Activities: Enjoys reading and gardening

Patient's Behavior:
- Cooperation Level: Highly cooperative

Geographical Location:
- Urban
- Neighborhood Type: Well-served by transit, close to healthcare facilities

Clinical Setting:
- Specialty Clinic

Type of Encounter:
- Initial Consultation

Medical Outcome:
- Diagnosis: Encounter for examination of eyes and vision with abnormal findings
- Prescribed Treatment: Eyeglasses for refractive error correction
- Referral to Specialists: Referral to Retinal Specialist, Dr. Laura Martinez for management of diabetic retinopathy
- Blood Work Order: Hematology - Glycated Hemoglobin (HbA1c) to assess diabetes control
- Imaging Order: Optical Coherence Tomography (OCT) - macular region to assess retinal thickness and condition
- Follow-up Recommendations: Follow up in 1 month for reassessment
- Lifestyle Change: Increase physical activity, manage blood sugar levels

Investigation/Test results:
- Awaiting: Optical Coherence Tomography (OCT) - macular region

Physical exams:
- Visual Acuity Test shows 20/50 vision
- Intraocular Pressure: Right eye: 15 mmHg, Left eye: 16 mmHg
- Fundoscopy reveals signs of non-proliferative diabetic retinopathy with macular edema

Treatment Disparities:
- NA

Native or Non-Native English Speaking Patient:
- Native English speaking"|Rejected|Rejected|Rejected|Rejected||
ENCOUNTER FOR EXAMINATION OF EYES AND VISION WITH ABNORMAL FINDINGS|"ROLE: Ophthalmologist

Demographic Information: 
- Age: 36
- Gender: Male
- Ethnicity: African American
- Socio-economic Status: Lower-middle class
- Education Level: High school graduate
- Health Literacy: Moderate
- Job Status: Construction Worker

Medical History:
- Chronic Conditions: Asthma
- Previous Diagnoses: Allergic Conjunctivitis
- Family Medical History: Uncle had cataracts
- Medication History: Albuterol Inhaler as needed
- Allergies: Pollen, Dust mites

Symptom Description:
- Severity: Severe
- Duration: 4 weeks
- Associated Symptoms: Redness, tearing, sensitivity to light
- Frequency: Multiple times per day
- Impact on Daily Activities: Difficulty working outdoors, reduced ability to drive at night

Patient’s self-reported habits and lifestyle:
- Sleep: 5-6 hours per night, reports poor sleep quality
- Diet: High-fat, low-fiber diet, frequent fast food
- Exercise: Rarely exercises, occasionally walks the dog
- Tobacco Use: 1 pack of cigarettes per week
- Alcohol Consumption: Regular, 4-5 beers over weekends
- Drug Use: None
- Recreational Activities: Enjoys watching sports and playing video games

Patient's Behavior:
- Cooperation Level: Somewhat cooperative but occasionally misses appointments

Geographical Location:
- Big City
- Neighborhood Type: Moderately impoverished, food desert, high pollution

Clinical Setting:
- Urgent Care Center

Type of Encounter:
- Emergency Visit

Medical Outcome:
- Diagnosis: Encounter for examination of eyes and vision with abnormal findings
- Prescribed Treatment: Eyedrops (Prednisolone acetate 1%), one drop in each eye every 4 hours for 7 days
- Referral to Specialists: Referral to an allergist, Dr. Nicholas Johnson for potential allergic reactions affecting ocular health
- Blood Work Order: NA
- Imaging Order: NA
- Follow-up Recommendations: Follow up in 2 weeks for reassessment, sooner if symptoms worsen
- Lifestyle Change: Minimize exposure to allergens; consider improving diet

Investigation/Test results:
- NA

Physical exams:
- Visual Acuity Test shows 20/70 vision
- Slit Lamp Examination: Shows significant conjunctival injection, corneal staining with fluorescein is notable

Treatment Disparities:
- NA

Native or Non-Native English Speaking Patient:
- Native English speaking"|Rejected|Rejected|Rejected|Rejected||
ENCOUNTER FOR EXAMINATION OF EYES AND VISION WITH ABNORMAL FINDINGS|"ROLE: Ophthalmologist

Demographic Information: 
- Age: 67
- Gender: Female
- Ethnicity: Caucasian
- Socio-economic Status: Upper-middle class
- Education Level: Master's degree
- Health Literacy: High
- Job Status: Retired

Medical History:
- Chronic Conditions: Osteoarthritis, Hypothyroidism
- Previous Diagnoses: Cataracts (surgically removed)
- Family Medical History: Father had macular degeneration
- Medication History: Levothyroxine 75 mcg, orally, once daily; Ibuprofen 200 mg, orally, as needed for pain
- Allergies: None

Symptom Description:
- Severity: Mild to moderate
- Duration: 3 months
- Associated Symptoms: Frequent headaches, occasional dizziness
- Frequency: Several times a week
- Impact on Daily Activities: Difficulty reading and using a computer for extended periods

Patient’s self-reported habits and lifestyle:
- Sleep: 7-8 hours per night
- Diet: Balanced diet, gluten-free due to personal preference
- Exercise: Regular, walks 30 minutes daily, yoga twice a week
- Tobacco Use: None
- Alcohol Consumption: Occasional, 1-2 glasses of wine per week
- Drug Use: None
- Recreational Activities: Enjoys knitting and bird watching

Patient's Behavior:
- Cooperation Level: Highly motivated and cooperative 

Geographical Location:
- Small City
- Neighborhood Type: Affluent, well-served by transit

Clinical Setting:
- Private Ophthalmology Practice

Type of Encounter:
- Routine Check-up

Medical Outcome:
- Diagnosis: Encounter for examination of eyes and vision with abnormal findings
- Prescribed Treatment: Prescribed a new pair of progressive lenses for better near and intermediate vision
- Referral to Specialists: NA
- Blood Work Order: NA
- Imaging Order: Optical Coherence Tomography (OCT) - macular region to rule out macular degeneration
- Follow-up Recommendations: Follow-up in 6 months or sooner if symptoms worsen
- Lifestyle Change: NA

Investigation/Test results:
- Awaiting: Optical Coherence Tomography (OCT)

Physical exams:
- Visual Acuity Test: 20/40 corrected vision
- Intraocular Pressure: Right eye: 18 mmHg, Left eye: 19 mmHg
- Slit Lamp Examination: Cornea clear, lens shows mild posterior capsule opacity, fundus examination normal with no signs of diabetic or hypertensive retinopathy

Treatment Disparities:
- NA

Native or Non-Native English Speaking Patient:
- Native English speaking"|Rejected|Rejected|Rejected|Rejected||
