Disease Description|Scenario|Note|Polished Note|Abbreviated Note|Role|dial|polished_dial
MALE ERECTILE DYSFUNCTION, UNSPECIFIED|"ROLE: Urologist

- Medical Outcome:
  - Diagnosis: Male Erectile Dysfunction, Unspecified (ICD-10: N52.9)
  - Prescribed Treatment: Prescription for Sildenafil 50 mg, oral, to be taken as needed 1 hour before sexual activity, not more than once a day, dispense 6 tablets.
  - Follow-up Recommendations: Follow-up appointment in 4 weeks to monitor effectiveness and side effects.
  - Lifestyle Change: Counseling on lifestyle modifications including reduced alcohol consumption, smoking cessation, regular exercise, and a healthy diet.
  - Referral to Specialists: None.
  - Referral to Further Tests or Imaging: Blood work for biochemistry (including testosterone levels), lipid profile, and blood glucose levels.

- Medical History:
  - Previous Diagnoses: Hypertension, Type 2 Diabetes Mellitus
  - Family Medical History: Father had coronary artery disease; Mother had Type 2 Diabetes Mellitus.
  - Medication History: Lisinopril 20 mg daily, Metformin 500 mg twice daily
  - Allergies: None
  - Chronic Conditions: Hypertension, Type 2 Diabetes Mellitus

- Symptom Description:
  - Severity: Moderate
  - Duration: 6 months
  - Associated Symptoms: Occasional headaches after taking current medication (Lisinopril).
  - Frequency: Every time attempting intercourse.
  - Impact on Daily Activities: Causing stress and anxiety, affecting the relationship with his partner.

- Patient’s self-reported habits and lifestyle:
  - Sleep: 5-6 hours per night, reported as insufficient.
  - Diet: High intake of processed foods and sugary beverages.
  - Exercise: Sedentary lifestyle with minimal physical activity.
  - Tobacco Use: Smokes approximately 10 cigarettes per day for the past 15 years.
  - Alcohol Consumption: Drinks alcohol socially, approximately 2-3 times per week.
  - Drug Use: None
  - Recreational Activities: Limited due to work-related stress.

- Demographic Information:
  - Age: 52
  - Gender: Male
  - Ethnicity: Caucasian
  - Socio-economic Status: Middle class 
  - Education Level: Bachelor’s Degree in Business Administration
  - Health Literacy: Moderate understanding of medical terms and instructions.
  - Job Status: Employed as a marketing manager

- Patient's Behavior:
  - Moderate level of cooperation, shows willingness to follow medical advice but admits struggles with lifestyle changes.

- Geographical Location:
  - Big City, Urban
  - Neighborhood Type: Mixed-income area 
  - Pollution and Environmental Health Risks: Low

- Clinical Setting:
  - Private Practice

- Type of Encounter:
  - Initial Consultation

- Treatment Disparities:
  - None identified

- Native or Non-Native English Speaking Patient:
  - Native English-speaking patient

- Physical Exams:
  - Cardiovascular examination: Normal heart sounds, no murmurs, blood pressure: 140/90 mmHg.
  - Genitourinary examination: Normal external genitalia, no evidence of Peyronie's disease.

- Investigation/Test results:
  - Awaiting blood work results for biochemistry (including testosterone levels), lipid profile, and blood glucose levels."|"#####
CHIEF COMPLAINT

Erectile dysfunction for the past 6 months.

HISTORY OF PRESENT ILLNESS

Mr. John Smith is a 52-year-old Caucasian male who presents with a 6-month history of erectile dysfunction. The patient reports moderate severity and experiences erectile dysfunction every time he attempts intercourse, which has led to stress and anxiety, affecting his relationship with his partner. He reports occasional headaches after taking his current antihypertensive medication, Lisinopril. He denies any history of Peyronie's disease or other genitourinary abnormalities.

PAST MEDICAL HISTORY

- Hypertension
- Type 2 Diabetes Mellitus

FAMILY MEDICAL HISTORY

- Father had coronary artery disease
- Mother had Type 2 Diabetes Mellitus

MEDICATION HISTORY

- Lisinopril 20 mg daily
- Metformin 500 mg twice daily

ALLERGIES

- None

SOCIAL HISTORY

- Smokes approximately 10 cigarettes per day for the past 15 years
- Drinks alcohol socially, approximately 2-3 times per week
- Sedentary lifestyle with minimal physical activity
- High intake of processed foods and sugary beverages
- Employed as a marketing manager

REVIEW OF SYSTEMS

- Cardiovascular: Occasional headaches after taking Lisinopril, blood pressure: 140/90 mmHg.
- Genitourinary: Erectile dysfunction for 6 months, normal external genitalia.
- Endocrine: Type 2 Diabetes Mellitus adequately managed with Metformin.

PHYSICAL EXAM

Constitutional
- Middle-aged Caucasian male, moderately cooperative, appears anxious.

Cardiovascular
- Normal heart sounds, no murmurs detected, blood pressure: 140/90 mmHg.

Genitourinary
- Normal external genitalia, no evidence of Peyronie's disease.

Neurological
- No focal deficits noted.

OBJECTIVE

- Blood pressure: 140/90 mmHg
- Cardiovascular examination: Normal heart sounds, no murmurs 
- Genitourinary examination: Normal external genitalia, no evidence of Peyronie's disease

ASSESSMENT

- Male Erectile Dysfunction, Unspecified (ICD-10: N52.9)
- Hypertension, well-managed with Lisinopril, despite occasional headaches
- Type 2 Diabetes Mellitus, well-managed with Metformin

PLAN

1. **Medication:** Prescribed Sildenafil 50 mg, oral, to be taken as needed 1 hour before sexual activity, not more than once a day. Dispense 6 tablets.
2. **Laboratory Tests:** Ordered blood work for biochemistry (including testosterone levels), lipid profile, and blood glucose levels.
3. **Lifestyle Modifications:** Provided counseling on lifestyle changes including:
   - Reduced alcohol consumption
   - Smoking cessation
   - Regular exercise
   - Healthy diet, emphasizing reduction of processed foods and sugary beverages
4. **Follow-Up:** Scheduled follow-up appointment in 4 weeks to monitor the effectiveness of Sildenafil and any potential side effects.
5. **Patient Education:** Discussed the importance of lifestyle changes in managing erectile dysfunction and overall health. Provided resources for smoking cessation and dietary modifications.
6. **Reassurance:** Reassured the patient that erectile dysfunction is a common and manageable condition, and that lifestyle changes can significantly improve his symptoms and overall health.

Mr. Smith demonstrated a moderate level of cooperation and willingness to follow medical advice but admitted to struggling with lifestyle changes. All questions were answered, and the patient verbalized understanding of the treatment plan.

#####
"|"**1. Subjective:**
Mr. John Smith is a 52-year-old Caucasian male who presents with a 6-month history of erectile dysfunction. The patient reports moderate severity and experiences erectile dysfunction every time he attempts intercourse, which has led to stress and anxiety, affecting his relationship with his partner. He reports occasional headaches after taking his current antihypertensive medication, Lisinopril. He denies any history of Peyronie's disease or other genitourinary abnormalities.

**2. Objective:**
- Blood pressure: 140/90 mmHg
- Cardiovascular examination: Normal heart sounds, no murmurs 
- Genitourinary examination: Normal external genitalia, no evidence of Peyronie's disease

**3. Assessment:**
- Male Erectile Dysfunction, Unspecified (ICD-10: N52.9)
- Hypertension, well-managed with Lisinopril, despite occasional headaches
- Type 2 Diabetes Mellitus, well-managed with Metformin

**4. Plan:**
1. **Medication:** Prescribed Sildenafil 50 mg, oral, to be taken as needed 1 hour before sexual activity, not more than once a day. Dispense 6 tablets.
2. **Laboratory Tests:** Ordered blood work for biochemistry (including testosterone levels), lipid profile, and blood glucose levels.
3. **Lifestyle Modifications:** Provided counseling on lifestyle changes including:
   - Reduced alcohol consumption
   - Smoking cessation
   - Regular exercise
   - Healthy diet, emphasizing reduction of processed foods and sugary beverages
4. **Follow-Up:** Scheduled follow-up appointment in 4 weeks to monitor the effectiveness of Sildenafil and any potential side effects.
5. **Patient Education:** Discussed the importance of lifestyle changes in managing erectile dysfunction and overall health. Provided resources for smoking cessation and dietary modifications.
6. **Reassurance:** Reassured the patient that erectile dysfunction is a common and manageable condition, and that lifestyle changes can significantly improve his symptoms and overall health.

Mr. Smith demonstrated a moderate level of cooperation and willingness to follow medical advice but admitted to struggling with lifestyle changes. All questions were answered, and the patient verbalized understanding of the treatment plan."|"**1. Subjective:**
Mr. John Smith is a 52-year-old Caucasian male who presents with a 6-month hx of ED. The pt reports moderate severity and experiences ED every time he attempts intercourse, which has led to stress and anxiety, affecting his relationship with his partner. He reports occasional HA after taking his current antihypertensive med, Lisinopril. He denies any hx of Peyronie's dz or other GU abnormalities.

**2. Objective:**
- BP: 140/90 mmHg
- CV exam: Normal heart sounds, no murmurs 
- GU exam: Normal external genitalia, no evidence of Peyronie's dz

**3. Assessment:**
- Male ED, Unspecified (ICD-10: N52.9)
- HTN, well-managed with Lisinopril, despite occasional HA
- T2DM, well-managed with Metformin

**4. Plan:**
1. **Rx:** Sildenafil 50 mg PO PRN 1 hr before sexual activity, max once daily. Dispense 6 tabs.
2. **Labs:** Ordered blood work for biochem (incl testosterone levels), lipid profile, and blood glucose levels.
3. **Lifestyle Mods:** Provided counseling on lifestyle changes including:
   - Reduced EtOH consumption
   - Smoking cessation
   - Regular exercise
   - Healthy diet, emphasizing reduction of processed foods and sugary beverages
4. **F/U:** Scheduled f/u appt in 4 wks to monitor the effectiveness of Sildenafil and any potential SE.
5. **Pt Ed:** Discussed the importance of lifestyle changes in managing ED and overall health. Provided resources for smoking cessation and dietary mods.
6. **Reassurance:** Reassured the pt that ED is a common and manageable condition, and that lifestyle changes can significantly improve his sx and overall health.

Mr. Smith demonstrated a moderate level of cooperation and willingness to follow medical advice but admitted to struggling with lifestyle changes. All questions were answered, and the pt verbalized understanding of the tx plan."|Urologist|"[doctor] Hi Mr. Smith, how are you doing today?

[patient] Hi, Doctor. I've been better, to be honest.

[doctor] I'm sorry to hear that. Can you tell me a bit about what's been bothering you?

[patient] Well, it's been a rough six months. I've been having trouble with erectile dysfunction, and it's really starting to affect my relationship and my self-esteem.

[doctor] I see, that must be very challenging. Can you describe the severity of your symptoms?

[patient] It's moderate, but it's every time I try to have intercourse. It's really frustrating.

[doctor] That must be difficult. Have you noticed any other symptoms or issues related to this?

[patient] Not really, but I do get occasional headaches after taking my blood pressure medicine.

[doctor] Okay, I see you're taking Lisinopril for your hypertension. How's your blood pressure been?

[patient] It's been around 140/90 mmHg most of the time.

[doctor] Alright, and you also have Type 2 Diabetes, correct?

[patient] Yes, I take Metformin for that. 

[doctor] How has your blood sugar been?

[patient] It's been managed pretty well with Metformin.

[doctor] That's good to hear. Do you have any history of genitourinary issues or Peyronie's disease?

[patient] No, nothing like that.

[doctor] Okay, let's talk about your family medical history. Any significant conditions there?

[patient] Yes, my father had coronary artery disease and my mother had Type 2 Diabetes Mellitus.

[doctor] Thank you for sharing that. Do you have any allergies?

[patient] Nope, none that I know of.

[doctor] Alright, let's discuss your social habits. Do you smoke or drink?

[patient] Yes, I smoke about 10 cigarettes a day and drink socially, about 2-3 times a week.

[doctor] Hmm, I see. What about your exercise and diet?

[patient] I lead a pretty sedentary lifestyle and eat a lot of processed foods and sugary drinks.

[doctor] Okay, thanks for that information. Let me go over a few things with you. Your blood pressure today is 140/90 mmHg. How are you feeling overall?

[patient] I feel pretty anxious, honestly. This issue has been weighing on me.

[doctor] Understandable. I examined your cardiovascular system, and everything seems normal. There were no murmurs detected. Your genitourinary exam was also normal, with no evidence of Peyronie's disease.

[patient] That's a relief, at least.

[doctor] Based on everything we've discussed, I believe your erectile dysfunction might be linked to a combination of factors, including your hypertension, diabetes, and lifestyle habits.

[patient] That makes sense. What can we do about it?

[doctor] I'll be prescribing you Sildenafil 50 mg. You should take it as needed, about one hour before sexual activity, but not more than once a day. I'll give you a prescription for 6 tablets to start.

[patient] Okay, that sounds good.

[doctor] I also want to order some blood work to check your biochemistry, including testosterone levels, lipid profile, and blood glucose levels.

[patient] Alright, I can do that.

[doctor] Additionally, I recommend some lifestyle changes. Reducing alcohol consumption, quitting smoking, getting regular exercise, and improving your diet by cutting down on processed foods and sugary beverages can significantly help.

[patient] I know I need to make those changes. It's just hard to get started.

[doctor] I understand. We have resources that can help you with smoking cessation and dietary modifications. Would you be interested in those?

[patient] Yes, that would be helpful.

[doctor] Great. I'll also schedule a follow-up appointment in 4 weeks to see how you're doing with the Sildenafil and to check on your progress with the lifestyle changes.

[patient] Okay, I can do that.

[doctor] Remember, erectile dysfunction is a common and manageable condition. Your willingness to make these changes can lead to significant improvements in your symptoms and overall health.

[patient] That's reassuring to hear. I'll do my best to follow the plan.

[doctor] Good to hear. Do you have any other questions or concerns?

[patient] No, I think you've covered everything. Thank you.

[doctor] You're welcome. I'll have the nurse come in to give you the prescription and the details for the blood tests. Take care, Mr. Smith. I'll see you in four weeks.

[patient] Thank you, Doctor. Goodbye.

[doctor] Goodbye."|"[doctor] Hi Mr. Smith, how are you doing today?

[patient] Hi, Doctor. I've been better, to be honest.

[doctor] I'm sorry to hear that. Can you tell me a bit about what's been bothering you?

[patient] Well, it's been a rough six months. I've been having trouble with erectile dysfunction, and it's really starting to affect my relationship and my self-esteem.

[doctor] I see, that must be very challenging. Can you describe the severity of your symptoms?

[patient] It's moderate, but it's every time I try to have intercourse. It's really frustrating.

[doctor] That must be difficult. Have you noticed any other symptoms or issues related to this?

[patient] Not really, but I do get occasional headaches after taking my blood pressure medicine.

[doctor] Okay, I see you're taking Lisinopril for your hypertension. How's your blood pressure been?

[patient] It's been around 140/90 mmHg most of the time.

[doctor] Alright, and you also have Type 2 Diabetes, correct?

[patient] Yes, I take Metformin for that. 

[doctor] How has your blood sugar been?

[patient] It's been managed pretty well with Metformin.

[doctor] That's good to hear. Do you have any history of genitourinary issues or Peyronie's disease?

[patient] No, nothing like that.

[doctor] Okay, let's talk about your family medical history. Any significant conditions there?

[patient] Yes, my father had coronary artery disease and my mother had Type 2 Diabetes Mellitus.

[doctor] Thank you for sharing that. Do you have any allergies?

[patient] Nope, none that I know of.

[doctor] Alright, let's discuss your social habits. Do you smoke or drink?

[patient] Yes, I smoke about 10 cigarettes a day and drink socially, about 2-3 times a week.

[doctor] Hmm, I see. What about your exercise and diet?

[patient] I lead a pretty sedentary lifestyle and eat a lot of processed foods and sugary drinks.

[doctor] Okay, thanks for that information. Let me go over a few things with you. Your blood pressure today is 140/90 mmHg. How are you feeling overall?

[patient] I feel pretty anxious, honestly. This issue has been weighing on me.

[doctor] Understandable. I examined your cardiovascular system, and everything seems normal. There were no murmurs detected. Your genitourinary exam was also normal, with no evidence of Peyronie's disease.

[patient] That's a relief, at least.

[doctor] Based on everything we've discussed, I believe your erectile dysfunction might be linked to a combination of factors, including your hypertension, diabetes, and lifestyle habits.

[patient] That makes sense. What can we do about it?

[doctor] I'll be prescribing you Sildenafil 50 mg. You should take it as needed, about one hour before sexual activity, but not more than once a day. I'll give you a prescription for 6 tablets to start.

[patient] Okay, that sounds good.

[doctor] I also want to order some blood work to check your biochemistry, including testosterone levels, lipid profile, and blood glucose levels.

[patient] Alright, I can do that.

[doctor] Additionally, I recommend some lifestyle changes. Reducing alcohol consumption, quitting smoking, getting regular exercise, and improving your diet by cutting down on processed foods and sugary beverages can significantly help.

[patient] I know I need to make those changes. It's just hard to get started.

[doctor] I understand. We have resources that can help you with smoking cessation and dietary modifications. Would you be interested in those?

[patient] Yes, that would be helpful.

[doctor] Great. I'll also schedule a follow-up appointment in 4 weeks to see how you're doing with the Sildenafil and to check on your progress with the lifestyle changes.

[patient] Okay, I can do that.

[doctor] Remember, erectile dysfunction is a common and manageable condition. Your willingness to make these changes can lead to significant improvements in your symptoms and overall health.

[patient] That's reassuring to hear. I'll do my best to follow the plan.

[doctor] Good to hear. Do you have any other questions or concerns?

[patient] No, I think you've covered everything. Thank you.

[doctor] You're welcome. I'll have the nurse come in to give you the prescription and the details for the blood tests. Take care, Mr. Smith. I'll see you in four weeks.

[patient] Thank you, Doctor. Goodbye.

[doctor] Goodbye."
MALE ERECTILE DYSFUNCTION, UNSPECIFIED|"ROLE: Urologist

1. **Medical Outcome:**
   - Diagnosis: Male Erectile Dysfunction, Unspecified
   - Prescribed Treatment: Tadalafil 10 mg, oral, as needed, maximum once daily, 30 tablets with 1 refill.
   - Follow-up Recommendations: Follow-up appointment in 6 weeks to assess efficacy and side effects.
   - Lifestyle Change: Recommendations for smoking cessation and reducing alcohol intake.
   - Referral: Referral to a cardiologist, Dr. John Davis, for cardiovascular risk assessment due to the patient’s history of hypertension.

2. **Medical History:**
   - Previous Diagnoses: Obesity, Hyperlipidemia.
   - Medication History: Atorvastatin 20 mg once daily, Metoprolol 50 mg twice daily.
   - Allergies: Penicillin.
   - Chronic Conditions: Obesity, Hypertension, Hyperlipidemia.

3. **Symptom Description:**
   - Severity: Severe difficulty in achieving and maintaining an erection.
   - Duration: Symptoms present for the past 1 year.
   - Associated Symptoms: Fatigue, decreased libido.
   - Frequency: Occurs consistently with every sexual attempt.
   - Impact on Daily Activities: Significant impact on emotional well-being and relationship with partner.

4. **Patient’s Self-reported Habits and Lifestyle:**
   - Sleep: Reports sleeping 5-6 hours per night.
   - Diet: High in saturated fats and processed foods; consumes fast food frequently.
   - Exercise: Minimal physical activity, no regular exercise routine.
   - Tobacco Use: Smokes 20 cigarettes per day.
   - Alcohol Consumption: Drinks heavily, about 10-12 drinks per week.
   - Drug Use: Occasional marijuana use.
   - Recreational Activities: Enjoys watching TV and playing video games.

5. **Demographic Information:**
   - Age: 60 years old.
   - Gender: Male.
   - Ethnicity: African American.
   - Socio-economic Status: Lower-middle-class.
   - Education Level: High school diploma.
   - Health Literacy: Limited understanding of medical terms.
   - Job Status: Retired factory worker.

6. **Patient's Behavior:**
   - Generally compliant with medical advice but occasionally skips medications due to forgetfulness.

7. **Geographical Location:**
   - Small City.
   - Environmental Health Risks: High pollution level.
   - Neighborhood Type: Lower-income area.
   - Well-served by Transit: Yes.
   - Food Desert: Yes.

8. **Clinical Setting:**
   - Community Health Services.

9. **Type of Encounter:**
   - Follow-up.

10. **Treatment Disparities:**
    - Limited access to specialized care due to socioeconomic status and insurance limitations.

11. **Native or Non-Native English Speaking Patient:**
    - Non-Native English speaker (Spanish).

12. **Physical Exams:**
    - Genitourinary Examination: No penile or testicular abnormalities detected. 

13. **Investigation/Test Results:**
    - Blood work:
      - Biochemistry panel including fasting blood glucose, liver function tests, and serum testosterone levels. Currently awaiting results.
    - Imaging:
      - NA

This scenario provides a different demographic profile, setting, and medical background than the previous one, ensuring a more comprehensive and distinct case for a patient presenting with male erectile dysfunction."|"#####
**SUBJECTIVE**

**Chief Complaint (CC):**
Patient reports severe difficulty in achieving and maintaining an erection for the past year.

**History of Present Illness (HPI):**
The patient is a 60-year-old African American male with a history of hypertension, obesity, and hyperlipidemia, presenting for follow-up regarding erectile dysfunction. He reports that the symptoms have been persistent for the past year and occur consistently with each sexual attempt. The condition significantly impacts his emotional well-being and his relationship with his partner. Associated symptoms include fatigue and decreased libido.

**Review of Systems (ROS):**
- **General:** Reports fatigue and suboptimal sleep (5-6 hours per night).
- **Genitourinary:** Severe erectile dysfunction, decreased libido.
- **Lifestyle:** Smokes 20 cigarettes per day, heavy alcohol consumption (10-12 drinks per week), minimal physical activity.
- **Diet:** High intake of saturated fats and processed foods.
- **Recreational Activities:** Prefers sedentary activities such as watching TV and playing video games.
- **Drug Use:** Occasional marijuana use.

**OBJECTIVE**

**Vital Signs:**
- Blood Pressure: 140/90 mmHg
- Heart Rate: 78 bpm
- BMI: 32 kg/m²

**Physical Examination:**
- **Cardiovascular:** Regular rhythm, no murmurs.
- **Respiratory:** Clear to auscultation, no wheezes or crackles.
- **Abdomen:** Soft, non-tender, no organomegaly.
- **Genitourinary:** No penile or testicular abnormalities detected.
- **Neurological:** Alert, oriented, no focal deficits.

**Laboratory Results:**
- **Pending:** Biochemistry panel including fasting blood glucose, liver function tests, serum testosterone levels.

**ASSESSMENT**

1. **Male Erectile Dysfunction, Unspecified**
2. **Hypertension**
3. **Obesity**
4. **Hyperlipidemia**

**PLAN**

1. **Medication:**
   - Prescribed Tadalafil 10 mg, oral, as needed, maximum once daily, 30 tablets with 1 refill.
   
2. **Lifestyle Modifications:**
   - Recommendations for smoking cessation and reducing alcohol intake.
   - Advice on adopting a healthier diet and incorporating regular exercise.
   
3. **Follow-up:**
   - Schedule a follow-up appointment in 6 weeks to assess the efficacy of the treatment and monitor for any side effects.
   
4. **Referral:**
   - Referral to a cardiologist, Dr. John Davis, for cardiovascular risk assessment due to the patient’s history of hypertension.
   
5. **Patient Education:**
   - Counseling on the importance of adherence to medications despite forgetting doses occasionally.
   - Discussed potential lifestyle changes and their benefits on overall health and erectile function.
   
#####

This medical note incorporates patient history, subjective concerns, physical findings, and an evidence-based plan to address the current health issues. The structured format ensures thorough documentation and facilitates continuity of care."|"#####
**1. Subjective:**

**Chief Complaint (CC):**
Patient reports severe difficulty in achieving and maintaining an erection for the past year.

**History of Present Illness (HPI):**
The patient is a 60-year-old African American male with a history of hypertension, obesity, and hyperlipidemia, presenting for follow-up regarding erectile dysfunction. He reports that the symptoms have been persistent for the past year and occur consistently with each sexual attempt. The condition significantly impacts his emotional well-being and his relationship with his partner. Associated symptoms include fatigue and decreased libido.

**Review of Systems (ROS):**
- **General:** Reports fatigue and suboptimal sleep (5-6 hours per night).
- **Genitourinary:** Severe erectile dysfunction, decreased libido.
- **Lifestyle:** Smokes 20 cigarettes per day, heavy alcohol consumption (10-12 drinks per week), minimal physical activity.
- **Diet:** High intake of saturated fats and processed foods.
- **Recreational Activities:** Prefers sedentary activities such as watching TV and playing video games.
- **Drug Use:** Occasional marijuana use.

**2. Objective:**

**Vital Signs:**
- Blood Pressure: 140/90 mmHg
- Heart Rate: 78 bpm
- BMI: 32 kg/m²

**Physical Examination:**
- **Cardiovascular:** Regular rhythm, no murmurs.
- **Respiratory:** Clear to auscultation, no wheezes or crackles.
- **Abdomen:** Soft, non-tender, no organomegaly.
- **Genitourinary:** No penile or testicular abnormalities detected.
- **Neurological:** Alert, oriented, no focal deficits.

**Laboratory Results:**
- **Pending:** Biochemistry panel including fasting blood glucose, liver function tests, serum testosterone levels.

**3. Assessment:**

1. **Male Erectile Dysfunction, Unspecified**
2. **Hypertension**
3. **Obesity**
4. **Hyperlipidemia**

**4. Plan:**

1. **Medication:**
   - Prescribed Tadalafil 10 mg, oral, as needed, maximum once daily, 30 tablets with 1 refill.
   
2. **Lifestyle Modifications:**
   - Recommendations for smoking cessation and reducing alcohol intake.
   - Advice on adopting a healthier diet and incorporating regular exercise.
   
3. **Follow-up:**
   - Schedule a follow-up appointment in 6 weeks to assess the efficacy of the treatment and monitor for any side effects.
   
4. **Referral:**
   - Referral to a cardiologist, Dr. John Davis, for cardiovascular risk assessment due to the patient’s history of hypertension.
   
5. **Patient Education:**
   - Counseling on the importance of adherence to medications despite forgetting doses occasionally.
   - Discussed potential lifestyle changes and their benefits on overall health and erectile function.
   
#####"|"#####
**1. Subjective:**

**CC:**
Pt reports severe difficulty in achieving and maintaining an erection for the past year.

**HPI:**
The pt is a 60 y/o African American male with a hx of HTN, obesity, and HLD, presenting for f/u regarding ED. He reports that the symptoms have been persistent for the past year and occur consistently with each sexual attempt. The condition significantly impacts his emotional well-being and his relationship with his partner. Associated symptoms include fatigue and decreased libido.

**ROS:**
- **General:** Reports fatigue and suboptimal sleep (5-6 hrs per night).
- **GU:** Severe ED, decreased libido.
- **Lifestyle:** Smokes 20 cigs/day, heavy EtOH consumption (10-12 drinks/week), minimal physical activity.
- **Diet:** High intake of saturated fats and processed foods.
- **Recreational Activities:** Prefers sedentary activities such as watching TV and playing video games.
- **Drug Use:** Occasional marijuana use.

**2. Objective:**

**VS:**
- BP: 140/90 mmHg
- HR: 78 bpm
- BMI: 32 kg/m²

**PE:**
- **CV:** Regular rhythm, no murmurs.
- **Resp:** Clear to auscultation, no wheezes or crackles.
- **Abd:** Soft, non-tender, no organomegaly.
- **GU:** No penile or testicular abnormalities detected.
- **Neuro:** Alert, oriented, no focal deficits.

**Labs:**
- **Pending:** Biochem panel including FBG, LFTs, serum testosterone levels.

**3. Assessment:**

1. **Male ED, Unspecified**
2. **HTN**
3. **Obesity**
4. **HLD**

**4. Plan:**

1. **Rx:**
   - Prescribed Tadalafil 10 mg PO PRN, max once daily, 30 tabs with 1 refill.
   
2. **Lifestyle Mods:**
   - Recommendations for smoking cessation and reducing EtOH intake.
   - Advice on adopting a healthier diet and incorporating regular exercise.
   
3. **F/U:**
   - Schedule a f/u appt in 6 weeks to assess the efficacy of the treatment and monitor for any SEs.
   
4. **Referral:**
   - Referral to a cardiologist, Dr. John Davis, for CV risk assessment due to the pt’s hx of HTN.
   
5. **Pt Education:**
   - Counseling on the importance of adherence to meds despite forgetting doses occasionally.
   - Discussed potential lifestyle changes and their benefits on overall health and erectile function.
   
#####"|Urologist|"[doctor] Hi there, how are you doing today?

[patient] Not too great, to be honest. I've been having some issues.

[doctor] I see. Can you tell me a bit more about what's been going on?

[patient] Well, I've been having a lot of trouble with erections for the past year. It's been really hard to achieve and maintain one.

[doctor] I understand. That sounds very frustrating. How often does this happen?

[patient] It's pretty much every time I try to have sex. It’s been really tough on my relationship and my self-esteem.

[doctor] I'm sorry to hear that. Any other symptoms you've noticed along with the erectile dysfunction?

[patient] Yeah, I’ve been feeling really tired and my libido has decreased a lot.

[doctor] Okay. We’ll definitely look into that. How has your sleep been lately?

[patient] Not great. I usually only get about 5-6 hours of sleep a night.

[doctor] Hmm, suboptimal sleep can definitely have an impact. How about your lifestyle? Do you smoke or drink alcohol?

[patient] Yes, I smoke about 20 cigarettes a day and I drink quite a bit, around 10-12 drinks a week.

[doctor] That’s quite a bit. How about physical activity? Do you exercise regularly?

[patient] Not really. I prefer watching TV or playing video games.

[doctor] Got it. How about your diet? What does a typical day look like for you food-wise?

[patient] I eat a lot of fast food and processed stuff. Not the healthiest, I know.

[doctor] Thank you for being honest. Do you use any recreational drugs?

[patient] Occasionally, I use marijuana.

[doctor] Alright. Thank you for sharing all that. Let me take a look at your medical history. I see you have hypertension, obesity, and hyperlipidemia. Is that correct?

[patient] Yes, that's right.

[doctor] Okay. Your issues might be related to these conditions. Let's start with a physical examination. Your blood pressure today is 140/90 mmHg, and your heart rate is 78 bpm. Your BMI is 32 kg/m². 

[patient] Sounds about right.

[doctor] Let’s listen to your heart and lungs. [Doctor performs auscultation] Your heart rhythm is regular, and your lungs are clear. Your abdomen is soft and non-tender, and I don't feel any organ enlargement. 

[patient] Okay.

[doctor] Now, let's move on to your genitourinary system. I don’t see any penile or testicular abnormalities. And neurologically, everything seems to be in order—you’re alert and oriented with no focal deficits.

[patient] Good to know.

[doctor] I’m also going to order some lab tests, including a biochemistry panel, fasting blood glucose, liver function tests, and serum testosterone levels.

[patient] Sure, that makes sense.

[doctor] Based on what we've discussed, here’s what I’m thinking: I’m going to prescribe Tadalafil 10 mg. You'll take it as needed, but no more than once a day. I’ll give you 30 tablets with 1 refill.

[patient] Okay, I’ve heard of that. Hopefully, it helps.

[doctor] We also need to address your lifestyle. Smoking and heavy drinking can significantly affect erectile function. I strongly recommend reducing your alcohol intake and quitting smoking.

[patient] I know, but it’s so hard to quit.

[doctor] It is, but there are many resources to help you. I’ll provide you with some options. Additionally, adopting a healthier diet and incorporating regular exercise can make a big difference.

[patient] Yeah, I need to work on that.

[doctor] We’ll also schedule a follow-up appointment in 6 weeks to see how the medication is working and check for any side effects.

[patient] Sounds good.

[doctor] Given your history of hypertension, I’m going to refer you to a cardiologist, Dr. John Davis, for a cardiovascular risk assessment.

[patient] Okay, I’ll make an appointment with him.

[doctor] Great. Lastly, it’s important to adhere to your medications even if you occasionally forget a dose. Consistency is key.

[patient] I’ll try to remember.

[doctor] We’ll also discuss potential lifestyle changes and their benefits on your overall health and erectile function.

[patient] I appreciate that.

[doctor] Do you have any questions or concerns?

[patient] No, I think you've covered everything. Thanks for your help.

[doctor] You're welcome. Take care, and I’ll see you in 6 weeks.

[patient] Thank you, doctor. See you then."|"[doctor] Hi there, how are you doing today?

[patient] Not too great, to be honest. I've been having some issues.

[doctor] I see. Can you tell me a bit more about what's been going on?

[patient] Well, I've been having a lot of trouble with erections for the past year. It's been really hard to achieve and maintain one.

[doctor] I understand. That sounds very frustrating. How often does this happen?

[patient] It's pretty much every time I try to have sex. It’s been really tough on my relationship and my self-esteem.

[doctor] I'm sorry to hear that. Any other symptoms you've noticed along with the erectile dysfunction?

[patient] Yeah, I’ve been feeling really tired and my libido has decreased a lot.

[doctor] Okay. We’ll definitely look into that. How has your sleep been lately?

[patient] Not great. I usually only get about 5-6 hours of sleep a night.

[doctor] Hmm, suboptimal sleep can definitely have an impact. How about your lifestyle? Do you smoke or drink alcohol?

[patient] Yes, I smoke about 20 cigarettes a day and I drink quite a bit, around 10-12 drinks a week.

[doctor] That’s quite a bit. How about physical activity? Do you exercise regularly?

[patient] Not really. I prefer watching TV or playing video games.

[doctor] Got it. How about your diet? What does a typical day look like for you food-wise?

[patient] I eat a lot of fast food and processed stuff. Not the healthiest, I know.

[doctor] Thank you for being honest. Do you use any recreational drugs?

[patient] Occasionally, I use marijuana.

[doctor] Alright. Thank you for sharing all that. Let me take a look at your medical history. I see you have hypertension, obesity, and hyperlipidemia. Is that correct?

[patient] Yes, that's right.

[doctor] Okay. Your issues might be related to these conditions. Let's start with a physical examination. Your blood pressure today is 140/90 mmHg, and your heart rate is 78 bpm. Your BMI is 32 kg/m². 

[patient] Sounds about right.

[doctor] Let’s listen to your heart and lungs. [Doctor performs auscultation] Your heart rhythm is regular, and your lungs are clear. Your abdomen is soft and non-tender, and I don't feel any organ enlargement. 

[patient] Okay.

[doctor] Now, let's move on to your genitourinary system. I don’t see any penile or testicular abnormalities. And neurologically, everything seems to be in order—you’re alert and oriented with no focal deficits.

[patient] Good to know.

[doctor] I’m also going to order some lab tests, including a biochemistry panel, fasting blood glucose, liver function tests, and serum testosterone levels.

[patient] Sure, that makes sense.

[doctor] Based on what we've discussed, here’s what I’m thinking: I’m going to prescribe Tadalafil 10 mg. You'll take it as needed, but no more than once a day. I’ll give you 30 tablets with 1 refill.

[patient] Okay, I’ve heard of that. Hopefully, it helps.

[doctor] We also need to address your lifestyle. Smoking and heavy drinking can significantly affect erectile function. I strongly recommend reducing your alcohol intake and quitting smoking.

[patient] I know, but it’s so hard to quit.

[doctor] It is, but there are many resources to help you. I’ll provide you with some options. Additionally, adopting a healthier diet and incorporating regular exercise can make a big difference.

[patient] Yeah, I need to work on that.

[doctor] We’ll also schedule a follow-up appointment in 6 weeks to see how the medication is working and check for any side effects.

[patient] Sounds good.

[doctor] Given your history of hypertension, I’m going to refer you to a cardiologist, Dr. John Davis, for a cardiovascular risk assessment.

[patient] Okay, I’ll make an appointment with him.

[doctor] Great. Lastly, it’s important to adhere to your medications even if you occasionally forget a dose. Consistency is key.

[patient] I’ll try to remember.

[doctor] We’ll also discuss potential lifestyle changes and their benefits on your overall health and erectile function.

[patient] I appreciate that.

[doctor] Do you have any questions or concerns?

[patient] No, I think you've covered everything. Thanks for your help.

[doctor] You're welcome. Take care, and I’ll see you in 6 weeks.

[patient] Thank you, doctor. See you then."
MALE ERECTILE DYSFUNCTION, UNSPECIFIED|"ROLE: Urologist

**Scenario:**

1) **Medical Outcome:**
   - Diagnosis: Male Erectile Dysfunction, unspecified (ICD-10: N52.9)
   - Treatment:
      - Vacuum erection device (VED) prescribed for daily use, to be reviewed in 12 weeks
   - Follow-up recommendations: Return visit in 12 weeks for reassessment
   - Referral: Referral to psychologist Dr. Laura Green for cognitive-behavioral therapy for associated anxiety
   - Blood work: Ordered for biochemistry including kidney function tests and hormonal panel (total testosterone, free testosterone, LH, and FSH)
   - Lifestyle change: Recommendations to increase fiber intake and reduce stress through mindfulness meditation

2) **Medical History:**
   - Previous Diagnoses: Benign Prostatic Hyperplasia (BPH), Type 2 Diabetes Mellitus
   - Medication History: Currently taking Tamsulosin 0.4mg daily for BPH, Metformin 1000mg twice daily for diabetes
   - Allergies: No known drug allergies
   - Chronic Conditions: Type 2 Diabetes Mellitus

3) **Symptom Description:**
   - Severity: Moderate; difficulty achieving and maintaining an erection
   - Duration: 9 months
   - Associated Symptoms: Increased urinary frequency, nocturia
   - Frequency: Most sexual encounters
   - Impact on Daily Activities: Moderate, feeling discouraged and impacting intimate relations

4) **Patient’s self-reported habits and lifestyle:**
   - Sleep: 5 hours per night, frequently interrupted by nocturia
   - Diet: Predominantly processed foods, low in vegetables
   - Exercise: Infrequent, light walking twice a week
   - Tobacco Use: Non-smoker
   - Alcohol Consumption: Moderate, drinks wine with dinner 3-4 times a week
   - Drug Use: Denies any recreational drug use
   - Recreational Activities: Enjoys gardening and playing chess

5) **Demographic Information:**
   - Age: 62
   - Gender: Male
   - Ethnicity: Asian
   - Socio-economic Status: Lower-middle class
   - Education Level: High School Diploma
   - Health Literacy: Low, requires clear explanations and visual aids
   - Job Status: Retired factory worker

6) **Patient's Behavior:**
   - Generally adheres to medical advice; struggles with diet recommendations

7) **Geographical Location:**
   - Rural area, small town
   - Environmental Health Risks: Limited access to healthcare facilities, significant travel required for specialist visits
   - Neighborhood Type: Economically disadvantaged, limited access to fresh produce

8) **Clinical Setting:**
   - Community Health Center

9) **Type of Encounter:**
   - Initial Consultation

10) **Treatment Disparities:**
   - Limited treatment options due to financial constraints, relies on Medicare

11) **Native or Non-Native English Speaking Patient:**
   - Non-Native English Speaker, primary language is Mandarin

12) **Physical exams:**
   - General physical examination including a digital rectal exam (DRE) due to BPH history

13) **Investigation/Test results:**
   - Awaiting blood work results for biochemistry and hormonal panel"|"#####
**1. Subjective:**

**Chief Complaint (CC):**
Male erectile dysfunction.

**History of Present Illness (HPI):**
The patient is a 62-year-old Asian male presenting with a 9-month history of difficulty in achieving and maintaining an erection. He describes the severity as moderate, noting the issue occurs during most sexual encounters. The condition has moderately impacted his intimate relationships and daily activities, contributing to feelings of discouragement. He also reports increased urinary frequency and nocturia.

**Review of Systems (ROS):**
- **General:** No significant weight loss or gain, fatigue reported.
- **Cardiovascular:** Denies chest pain, palpitations.
- **Respiratory:** No cough, shortness of breath.
- **Gastrointestinal:** No abdominal pain, constipation reported.
- **Genitourinary:** Increased urinary frequency, nocturia.
- **Neurological:** No headaches, dizziness, or visual changes.
- **Psychological:** Anxiety related to erectile dysfunction.

**2. Objective:**

**Vitals:**
- BP: 138/82 mmHg
- HR: 70 bpm
- Temp: 98.4°F
- Height: 170 cm
- Weight: 78 kg
- BMI: 26.9 kg/m^2

**Physical Exam:**
- **General:** Patient appears well-nourished, in no acute distress.
- **CV:** Regular rate and rhythm, no murmurs.
- **Respiratory:** Lungs clear to auscultation bilaterally, no wheezes or crackles.
- **GI:** Abdomen soft, non-tender, no hepatosplenomegaly.
- **GU:** Digital rectal exam reveals moderately enlarged prostate without nodules.
- **Neurological:** Non-focal, intact sensation, and reflexes.
- **Psychiatric:** Patient is alert and oriented, with a normal mood and affect.

**Labs/Results:**
- Blood work for biochemistry and hormonal panel ordered, awaiting results.

**3. Assessment:**

Diagnosis: Male Erectile Dysfunction, unspecified (ICD-10: N52.9).

Differential Diagnosis:
- Psychogenic erectile dysfunction
- Vascular insufficiency
- Hormonal imbalance (awaiting test results)

**4. Plan:**

**Treatment:**
- Prescribed a Vacuum Erection Device (VED) for daily use.
- Recommending cognitive-behavioral therapy with Dr. Laura Green to address associated anxiety.

**Follow-Up:**
- Return visit scheduled in 12 weeks for reassessment.

**Referrals:**
- Referral to psychologist Dr. Laura Green.

**Investigations:**
- Blood work ordered for biochemistry including kidney function tests and hormonal panel (total testosterone, free testosterone, LH, and FSH).

**Lifestyle Recommendations:**
- Increase dietary fiber intake.
- Stress reduction techniques such as mindfulness meditation.

**Patient Education:**
- Provided visual aids to explain the use of VED.
- Discussed the importance of regular follow-ups and adherence to prescribed therapies.

**Instructions:**
- Patient encouraged to maintain a log of erectile function and use of VED.
- Advised on maintaining a healthy diet, incorporating more vegetables and reducing processed foods.
- Emphasis on the importance of reducing alcohol intake and increasing exercise frequency.

The patient was advised to contact the clinic with any questions or concerns before the next follow-up.

#####"|"**1. Subjective:**

**Chief Complaint (CC):**
Male erectile dysfunction.

**History of Present Illness (HPI):**
The patient is a 62-year-old Asian male presenting with a 9-month history of difficulty in achieving and maintaining an erection. He describes the severity as moderate, noting the issue occurs during most sexual encounters. The condition has moderately impacted his intimate relationships and daily activities, contributing to feelings of discouragement. He also reports increased urinary frequency and nocturia.

**Review of Systems (ROS):**
- **General:** No significant weight loss or gain, fatigue reported.
- **Cardiovascular:** Denies chest pain, palpitations.
- **Respiratory:** No cough, shortness of breath.
- **Gastrointestinal:** No abdominal pain, constipation reported.
- **Genitourinary:** Increased urinary frequency, nocturia.
- **Neurological:** No headaches, dizziness, or visual changes.
- **Psychological:** Anxiety related to erectile dysfunction.

**2. Objective:**

**Vitals:**
- BP: 138/82 mmHg
- HR: 70 bpm
- Temp: 98.4°F
- Height: 170 cm
- Weight: 78 kg
- BMI: 26.9 kg/m^2

**Physical Exam:**
- **General:** Patient appears well-nourished, in no acute distress.
- **CV:** Regular rate and rhythm, no murmurs.
- **Respiratory:** Lungs clear to auscultation bilaterally, no wheezes or crackles.
- **GI:** Abdomen soft, non-tender, no hepatosplenomegaly.
- **GU:** Digital rectal exam reveals moderately enlarged prostate without nodules.
- **Neurological:** Non-focal, intact sensation, and reflexes.
- **Psychiatric:** Patient is alert and oriented, with a normal mood and affect.

**3. Assessment:**

Diagnosis: Male Erectile Dysfunction, unspecified (ICD-10: N52.9).

Differential Diagnosis:
- Psychogenic erectile dysfunction
- Vascular insufficiency
- Hormonal imbalance (awaiting test results)

**4. Plan:**

**Treatment:**
- Prescribed a Vacuum Erection Device (VED) for daily use.
- Recommending cognitive-behavioral therapy with Dr. Laura Green to address associated anxiety.

**Follow-Up:**
- Return visit scheduled in 12 weeks for reassessment.

**Referrals:**
- Referral to psychologist Dr. Laura Green for cognitive-behavioral therapy to address associated anxiety.

**Investigations:**
- Blood work ordered for biochemistry including kidney function tests and hormonal panel (total testosterone, free testosterone, LH, and FSH).

**Lifestyle Recommendations:**
- Increase dietary fiber intake.
- Stress reduction techniques such as mindfulness meditation.

**Patient Education:**
- Provided visual aids to explain the use of VED.
- Discussed the importance of regular follow-ups and adherence to prescribed therapies.

**Instructions:**
- Patient encouraged to maintain a log of erectile function and use of VED.
- Advised on maintaining a healthy diet, incorporating more vegetables and reducing processed foods.
- Emphasis on the importance of reducing alcohol intake and increasing exercise frequency.

The patient was advised to contact the clinic with any questions or concerns before the next follow-up."|"**1. Subjective:**

**CC:**
Male ED.

**HPI:**
The pt is a 62 y/o Asian male presenting with a 9-month hx of difficulty in achieving and maintaining an erection. He describes the severity as moderate, noting the issue occurs during most sexual encounters. The condition has moderately impacted his intimate relationships and daily activities, contributing to feelings of discouragement. He also reports increased urinary frequency and nocturia.

**ROS:**
- **General:** No significant weight loss or gain, fatigue reported.
- **CV:** Denies CP, palpitations.
- **Resp:** No cough, SOB.
- **GI:** No abdominal pain, constipation reported.
- **GU:** Increased urinary frequency, nocturia.
- **Neuro:** No headaches, dizziness, or visual changes.
- **Psych:** Anxiety related to ED.

**2. Objective:**

**Vitals:**
- BP: 138/82 mmHg
- HR: 70 bpm
- Temp: 98.4°F
- Height: 170 cm
- Weight: 78 kg
- BMI: 26.9 kg/m^2

**Physical Exam:**
- **General:** Pt appears well-nourished, in no acute distress.
- **CV:** RRR, no murmurs.
- **Resp:** Lungs clear to ausc bilaterally, no wheezes or crackles.
- **GI:** Abd soft, non-tender, no HSM.
- **GU:** DRE reveals moderately enlarged prostate without nodules.
- **Neuro:** Non-focal, intact sensation, and reflexes.
- **Psych:** Pt is alert and oriented, with a normal mood and affect.

**3. Assessment:**

Dx: Male ED, unspecified (ICD-10: N52.9).

Differential Dx:
- Psychogenic ED
- Vascular insufficiency
- Hormonal imbalance (awaiting test results)

**4. Plan:**

**Tx:**
- Rx'ed VED for daily use.
- Recommending CBT with Dr. Laura Green to address associated anxiety.

**Follow-Up:**
- Return visit scheduled in 12 weeks for reassessment.

**Referrals:**
- Referral to psychologist Dr. Laura Green for CBT to address associated anxiety.

**Investigations:**
- Blood work ordered for biochemistry including kidney function tests and hormonal panel (total testosterone, free testosterone, LH, and FSH).

**Lifestyle Recommendations:**
- Increase dietary fiber intake.
- Stress reduction techniques such as mindfulness meditation.

**Patient Education:**
- Provided visual aids to explain the use of VED.
- Discussed the importance of regular follow-ups and adherence to prescribed therapies.

**Instructions:**
- Pt encouraged to maintain a log of erectile function and use of VED.
- Advised on maintaining a healthy diet, incorporating more vegetables and reducing processed foods.
- Emphasis on the importance of reducing EtOH intake and increasing exercise frequency.

The pt was advised to contact the clinic with any questions or concerns before the next follow-up."|Urologist|"[doctor] Hi there, how are you doing today?

[patient] Hello, doctor. I'm doing okay, I guess.

[doctor] What brings you in today?

[patient] Well, I've been having some trouble, you know, with achieving and maintaining an erection for the past nine months. It's really starting to affect my relationship and daily life.

[doctor] I'm sorry to hear that. Can you describe how severe the issue is?

[patient] I’d say it’s moderate. It happens during most sexual encounters.

[doctor] I see. Has this condition impacted your intimate relationships and daily activities?

[patient] Yes, it has. It’s been pretty discouraging.

[doctor] Have you noticed any other symptoms, like increased urinary frequency or having to get up at night to urinate?

[patient] Yes, I have both. I have to go more often during the day and I wake up at night to use the bathroom.

[doctor] Hmm, okay. Let's go through a review of systems. Have you experienced any significant weight loss or gain, or fatigue?

[patient] No significant weight loss or gain, but I do feel fatigued.

[doctor] Any chest pain or palpitations?

[patient] No, none of that.

[doctor] How about any cough or shortness of breath?

[patient] No, no respiratory issues.

[doctor] Any abdominal pain or constipation?

[patient] No abdominal pain, but I do have constipation.

[doctor] Alright. Any headaches, dizziness, or visual changes?

[patient] No, none of those.

[doctor] And how are you feeling psychologically? Any anxiety related to this issue?

[patient] Yes, I’ve been feeling quite anxious because of the erectile dysfunction.

[doctor] Okay, thank you for sharing all that. Let's move on to a physical exam. Your vitals are as follows: blood pressure is 138/82 mmHg, heart rate is 70 bpm, temperature is 98.4°F, height is 170 cm, weight is 78 kg, and BMI is 26.9 kg/m^2.

[patient] Alright.

[doctor] On general examination, you appear well-nourished and in no acute distress. Your cardiovascular exam shows a regular rate and rhythm with no murmurs. Your lungs are clear to auscultation bilaterally with no wheezes or crackles. Your abdomen is soft and non-tender with no hepatosplenomegaly.

[patient] Okay, that sounds good so far.

[doctor] During the genitourinary exam, the digital rectal exam revealed that your prostate is moderately enlarged but without any nodules. Neurologically, your sensation and reflexes are intact. Psychiatric evaluation shows that you are alert and oriented with a normal mood and affect.

[patient] Hmm, alright.

[doctor] I've ordered blood work for biochemistry and a hormonal panel, and we are currently awaiting the results.

[patient] Okay, what do we do in the meantime?

[doctor] Based on your symptoms and physical exam, the primary diagnosis is male erectile dysfunction, unspecified. There could be several underlying reasons such as psychogenic factors, vascular insufficiency, or a hormonal imbalance, which we will know more about once the lab results come back.

[patient] I see. So, what’s the plan?

[doctor] For treatment, I am prescribing a Vacuum Erection Device (VED) for daily use. It can help achieve and maintain an erection. I’m also recommending cognitive-behavioral therapy with Dr. Laura Green to address the associated anxiety.

[patient] A VED? How do I use that?

[doctor] I’ll provide you with visual aids and instructions on how to use the VED. It’s important to follow the instructions carefully for it to be effective.

[patient] Alright, I’ll give it a try.

[doctor] We also need to make some lifestyle changes. Increasing your dietary fiber intake can help with constipation. Stress reduction techniques like mindfulness meditation can be beneficial too.

[patient] I’ll try to incorporate those changes.

[doctor] Additionally, I’m referring you to Dr. Laura Green for psychological support. It’s important to address the anxiety component of your condition.

[patient] Okay, I’ll see her.

[doctor] I’ll need you to maintain a log of your erectile function and the use of the VED. This will help us assess your progress during the follow-up visit.

[patient] Sure, I’ll keep a log.

[doctor] Please maintain a healthy diet, incorporating more vegetables and reducing processed foods. Also, try to reduce your alcohol intake and increase your exercise frequency.

[patient] Got it. I’ll work on that.

[doctor] We’ll schedule a return visit in 12 weeks to reassess your condition. If you have any questions or concerns before then, do not hesitate to contact the clinic.

[patient] Thank you, doctor. I appreciate it.

[doctor] You're welcome. Take care and I’ll see you at the follow-up.

[patient] Thanks, will do. Goodbye.

[doctor] Goodbye."|"[doctor] Hi there, how are you doing today?

[patient] Hello, doctor. I'm doing okay, I guess.

[doctor] What brings you in today?

[patient] Well, I've been having some trouble, you know, with achieving and maintaining an erection for the past nine months. It's really starting to affect my relationship and daily life.

[doctor] I'm sorry to hear that. Can you describe how severe the issue is?

[patient] I’d say it’s moderate. It happens during most sexual encounters.

[doctor] I see. Has this condition impacted your intimate relationships and daily activities?

[patient] Yes, it has. It’s been pretty discouraging.

[doctor] Have you noticed any other symptoms, like increased urinary frequency or having to get up at night to urinate?

[patient] Yes, I have both. I have to go more often during the day and I wake up at night to use the bathroom.

[doctor] Hmm, okay. Let's go through a review of systems. Have you experienced any significant weight loss or gain, or fatigue?

[patient] No significant weight loss or gain, but I do feel fatigued.

[doctor] Any chest pain or palpitations?

[patient] No, none of that.

[doctor] How about any cough or shortness of breath?

[patient] No, no respiratory issues.

[doctor] Any abdominal pain or constipation?

[patient] No abdominal pain, but I do have constipation.

[doctor] Alright. Any headaches, dizziness, or visual changes?

[patient] No, none of those.

[doctor] And how are you feeling psychologically? Any anxiety related to this issue?

[patient] Yes, I’ve been feeling quite anxious because of the erectile dysfunction.

[doctor] Okay, thank you for sharing all that. Let's move on to a physical exam. Your vitals are as follows: blood pressure is 138/82 mmHg, heart rate is 70 bpm, temperature is 98.4°F, height is 170 cm, weight is 78 kg, and BMI is 26.9 kg/m^2.

[patient] Alright.

[doctor] On general examination, you appear well-nourished and in no acute distress. Your cardiovascular exam shows a regular rate and rhythm with no murmurs. Your lungs are clear to auscultation bilaterally with no wheezes or crackles. Your abdomen is soft and non-tender with no hepatosplenomegaly.

[patient] Okay, that sounds good so far.

[doctor] During the genitourinary exam, the digital rectal exam revealed that your prostate is moderately enlarged but without any nodules. Neurologically, your sensation and reflexes are intact. Psychiatric evaluation shows that you are alert and oriented with a normal mood and affect.

[patient] Hmm, alright.

[doctor] I've ordered blood work for biochemistry and a hormonal panel, and we are currently awaiting the results.

[patient] Okay, what do we do in the meantime?

[doctor] Based on your symptoms and physical exam, the primary diagnosis is male erectile dysfunction, unspecified. There could be several underlying reasons such as psychogenic factors, vascular insufficiency, or a hormonal imbalance, which we will know more about once the lab results come back.

[patient] I see. So, what’s the plan?

[doctor] For treatment, I am prescribing a Vacuum Erection Device (VED) for daily use. It can help achieve and maintain an erection. I’m also recommending cognitive-behavioral therapy with Dr. Laura Green to address the associated anxiety.

[patient] A VED? How do I use that?

[doctor] I’ll provide you with visual aids and instructions on how to use the VED. It’s important to follow the instructions carefully for it to be effective.

[patient] Alright, I’ll give it a try.

[doctor] We also need to make some lifestyle changes. Increasing your dietary fiber intake can help with constipation. Stress reduction techniques like mindfulness meditation can be beneficial too.

[patient] I’ll try to incorporate those changes.

[doctor] Additionally, I’m referring you to Dr. Laura Green for psychological support. It’s important to address the anxiety component of your condition.

[patient] Okay, I’ll see her.

[doctor] I’ll need you to maintain a log of your erectile function and the use of the VED. This will help us assess your progress during the follow-up visit.

[patient] Sure, I’ll keep a log.

[doctor] Please maintain a healthy diet, incorporating more vegetables and reducing processed foods. Also, try to reduce your alcohol intake and increase your exercise frequency.

[patient] Got it. I’ll work on that.

[doctor] We’ll schedule a return visit in 12 weeks to reassess your condition. If you have any questions or concerns before then, do not hesitate to contact the clinic.

[patient] Thank you, doctor. I appreciate it.

[doctor] You're welcome. Take care and I’ll see you at the follow-up.

[patient] Thanks, will do. Goodbye.

[doctor] Goodbye."
MALE ERECTILE DYSFUNCTION, UNSPECIFIED|"ROLE: Urologist

- **Medical Outcome**:
    - Diagnosis: Male Erectile Dysfunction, Unspecified
    - Prescribed Treatment: Vardenafil 10 mg, take one tablet 60 minutes before sexual activity, maximum once daily, 10 tablets, oral route
    - Follow-up Recommendations: Follow-up in 6 weeks to assess medication efficacy and side effects
    - Lifestyle Change Recommendations: Initiate regular exercise program, dietary counseling, weight loss, smoking cessation
    - Referral to Specialist: Referral to an endocrinologist, Dr. Emily Ross, to assess and manage hormonal imbalance (if any)
    - Order for Blood Work: Hormonal panel including testosterone levels, lipid profile, fasting glucose, and HbA1c to assess metabolic control

- **Medical History**:
    - Previous Diagnoses: Hypertension, Obesity
    - Medication History: Lisinopril 10 mg daily for hypertension
    - Allergies: Sulfa drugs
    - Chronic Conditions: Hypertension, Obesity

- **Symptom Description**:
    - Severity: Severe
    - Duration: 9 months
    - Associated Symptoms: Low libido, decreased energy levels
    - Frequency: Almost every time during sexual activity attempts
    - Impact on Daily Activities: High emotional distress and negative effect on personal relationships

- **Patient’s self-reported habits and lifestyle**:
    - Sleep: Poor quality, averages 5-6 hours per night
    - Diet: Highly processed, fast food diet
    - Exercise: Infrequent; predominantly sedentary lifestyle
    - Tobacco Use: None
    - Alcohol Consumption: Moderate, 2-3 drinks per week
    - Drug Use: Rarely uses recreational cannabis
    - Recreational Activities: Enjoys fishing, minimal physical activity

- **Demographic Information**:
    - Age: 48
    - Gender: Male
    - Ethnicity: African American
    - Socio-economic Status: Middle-class
    - Education Level: College degree
    - Health Literacy: Moderate understanding of medical conditions
    - Job Status: Manager at a retail store, involves sitting and standing

- **Patient's Behavior**:
    - Cooperative and motivated to implement lifestyle changes for better health outcomes

- **Geographical Location**:
    - Urban
    - Neighborhood Type: Affluent, good access to healthcare and recreational facilities

- **Clinical Setting**:
    - Private Practice

- **Type of Encounter**:
    - Initial Consultation

- **Treatment Disparities**:
    - None identified; patient has good insurance coverage

- **Native or Non-Native English Speaking Patient**:
    - Native English Speaking Patient

- **Physical exams**:
    - Cardiovascular: Normal heart sounds, no murmurs, regular rate and rhythm
    - Genitourinary: Normal external genital examination, testes present bilaterally
    - Abdominal: Soft, slightly obese, non-tender
    - Blood Pressure: 135/85 mmHg

- **Investigation/Test results**:
    - Awaiting results of blood work: Hormonal panel including testosterone levels, lipid profile, fasting glucose, and HbA1c"|"### Medical Note

#### 1. Subjective

**Chief Complaint (CC):**
Male Erectile Dysfunction, severe, ongoing for 9 months.

**History of Present Illness (HPI):**
John Smith is a 48-year-old African American male with a history of hypertension and obesity, presenting with a 9-month history of severe erectile dysfunction. The patient reports almost complete inability to achieve or maintain an erection during sexual activity, leading to significant emotional distress and negatively impacting his relationship with his partner. He also notes associated symptoms of low libido and decreased energy levels. He is highly motivated to find a solution.

**Review of Systems (ROS):**
- **General:** Reports feeling fatigued.
- **Cardiovascular:** Denies chest pain or palpitations.
- **Respiratory:** No shortness of breath or cough.
- **Gastrointestinal:** No abdominal pain, nausea, or vomiting.
- **Genitourinary:** Severe erectile dysfunction, low libido.
- **Musculoskeletal:** No joint pain or swelling.
- **Neurological:** No headaches, dizziness, or changes in vision.
- **Psychiatric:** Significant stress and distress related to erectile dysfunction.

#### 2. Objective

**Vital Signs:**
- Blood Pressure: 135/85 mmHg

**Physical Examination:**
- **Cardiovascular:** Normal heart sounds, no murmurs, regular rate and rhythm.
- **Genitourinary:** Normal external genital examination, testes present bilaterally.
- **Abdominal:** Soft, slightly obese, non-tender.

**Laboratory Results:**
- Awaiting results of hormonal panel (including testosterone levels), lipid profile, fasting glucose, and HbA1c.

#### 3. Assessment

John Smith is a 48-year-old male with hypertension and obesity presenting with severe erectile dysfunction and associated low libido and decreased energy levels.

**Diagnosis:**
- Male Erectile Dysfunction, unspecified.

#### 4. Plan

**Medical Treatment:**
- Prescribed Vardenafil 10 mg, to be taken 60 minutes before sexual activity, maximum once daily. Dispensed 10 tablets.

**Lifestyle Recommendations:**
- Initiate a regular exercise program.
- Dietary counseling for healthier eating habits.
- Weight loss program.
- Smoking cessation support, if applicable (none reported).

**Follow-up:**
- Follow-up appointment in 6 weeks to assess medication efficacy and side effects.

**Referrals:**
- Referral to endocrinologist, Dr. Emily Ross, to assess and manage potential hormonal imbalances.

**Additional Testing:**
- Ordered blood work for a hormonal panel, including testosterone levels, lipid profile, fasting glucose, and HbA1c to assess metabolic control.

**Patient Education and Counseling:**
- Discussed the importance of lifestyle changes, including exercise and diet, in managing erectile dysfunction.
- Advised on potential side effects of Vardenafil and the importance of adhering to dosage instructions. 

The patient is cooperative and motivated to implement the recommended lifestyle changes for better health outcomes.

**Patient Agreements:**
- The patient understands and agrees with the recommended treatment plan."|"### Medical Note

#### 1. Subjective

**Chief Complaint (CC):**
Male Erectile Dysfunction, severe, ongoing for 9 months.

**History of Present Illness (HPI):**
John Smith is a 48-year-old African American male with a history of hypertension and obesity, presenting with a 9-month history of severe erectile dysfunction. The patient reports almost complete inability to achieve or maintain an erection during sexual activity, leading to significant emotional distress and negatively impacting his relationship with his partner. He also notes associated symptoms of low libido and decreased energy levels. He is highly motivated to find a solution.

**Review of Systems (ROS):**
- **General:** Reports feeling fatigued.
- **Cardiovascular:** Denies chest pain or palpitations.
- **Respiratory:** No shortness of breath or cough.
- **Gastrointestinal:** No abdominal pain, nausea, or vomiting.
- **Genitourinary:** Severe erectile dysfunction, low libido.
- **Musculoskeletal:** No joint pain or swelling.
- **Neurological:** No headaches, dizziness, or changes in vision.
- **Psychiatric:** Significant stress and distress related to erectile dysfunction.

#### 2. Objective

**Vital Signs:**
- Blood Pressure: 135/85 mmHg

**Physical Examination:**
- **Cardiovascular:** Normal heart sounds, no murmurs, regular rate and rhythm.
- **Genitourinary:** Normal external genital examination, testes present bilaterally.
- **Abdominal:** Soft, slightly obese, non-tender.

**Laboratory Results:**
- Awaiting results of hormonal panel (including testosterone levels), lipid profile, fasting glucose, and HbA1c.

#### 3. Assessment

John Smith is a 48-year-old male with hypertension and obesity presenting with severe erectile dysfunction and associated low libido and decreased energy levels.

**Diagnosis:**
- Male Erectile Dysfunction, unspecified.

#### 4. Plan

**Medical Treatment:**
- Prescribed Vardenafil 10 mg, to be taken 60 minutes before sexual activity, maximum once daily. Dispensed 10 tablets.

**Lifestyle Recommendations:**
- Initiate a regular exercise program.
- Dietary counseling for healthier eating habits.
- Weight loss program.
- Smoking cessation support, if applicable (none reported).

**Follow-up:**
- Follow-up appointment in 6 weeks to assess medication efficacy and side effects.

**Referrals:**
- Referral to endocrinologist, Dr. Emily Ross, to assess and manage potential hormonal imbalances.

**Additional Testing:**
- Ordered blood work for a hormonal panel, including testosterone levels, lipid profile, fasting glucose, and HbA1c to assess metabolic control.

**Patient Education and Counseling:**
- Discussed the importance of lifestyle changes, including exercise and diet, in managing erectile dysfunction.
- Advised on potential side effects of Vardenafil and the importance of adhering to dosage instructions. 

The patient is cooperative and motivated to implement the recommended lifestyle changes for better health outcomes.

**Patient Agreements:**
- The patient understands and agrees with the recommended treatment plan."|"### Medical Note

#### 1. Subjective

**CC:**
Male ED, severe, ongoing for 9 months.

**HPI:**
John Smith is a 48 y/o African American male with a hx of HTN and obesity, presenting with a 9-month hx of severe ED. Pt reports almost complete inability to achieve or maintain an erection during sexual activity, leading to significant emotional distress and negatively impacting his relationship with his partner. He also notes associated sx of low libido and decreased energy levels. He is highly motivated to find a solution.

**ROS:**
- **General:** Reports feeling fatigued.
- **CV:** Denies CP or palpitations.
- **Resp:** No SOB or cough.
- **GI:** No abd pain, N/V.
- **GU:** Severe ED, low libido.
- **MSK:** No joint pain or swelling.
- **Neuro:** No HA, dizziness, or changes in vision.
- **Psych:** Significant stress and distress related to ED.

#### 2. Objective

**VS:**
- BP: 135/85 mmHg

**PE:**
- **CV:** Normal heart sounds, no murmurs, RRR.
- **GU:** Normal external genital exam, testes present bilaterally.
- **Abd:** Soft, slightly obese, non-tender.

**Labs:**
- Awaiting results of hormonal panel (incl testosterone levels), lipid profile, fasting glucose, and HbA1c.

#### 3. Assessment

John Smith is a 48 y/o male with HTN and obesity presenting with severe ED and associated low libido and decreased energy levels.

**Dx:**
- Male ED, unspecified.

#### 4. Plan

**Rx:**
- Vardenafil 10 mg, to be taken 60 mins before sexual activity, max once daily. Dispensed 10 tabs.

**Lifestyle Recommendations:**
- Initiate regular exercise program.
- Dietary counseling for healthier eating habits.
- Weight loss program.
- Smoking cessation support, if applicable (none reported).

**F/U:**
- F/U in 6 weeks to assess med efficacy and SEs.

**Referrals:**
- Referral to endo, Dr. Emily Ross, to assess and manage potential hormonal imbalances.

**Additional Testing:**
- Ordered blood work for hormonal panel, incl testosterone levels, lipid profile, fasting glucose, and HbA1c to assess metabolic control.

**Pt Education and Counseling:**
- Discussed the importance of lifestyle changes, incl exercise and diet, in managing ED.
- Advised on potential SEs of Vardenafil and the importance of adhering to dosage instructions.

The pt is cooperative and motivated to implement the recommended lifestyle changes for better health outcomes.

**Pt Agreements:**
- The pt understands and agrees with the recommended tx plan."|Urologist|"[doctor] Hi John, how are you doing today?

[patient] Hi, Doctor. I'm doing okay, but I really need help with something that's been bothering me for a while.

[doctor] Of course, John. Please tell me more about what's been going on.

[patient] Well, I've been having severe erectile dysfunction for the past nine months. It's almost impossible for me to achieve or maintain an erection during sexual activity. It's really affecting my relationship and causing a lot of stress.

[doctor] I'm sorry to hear that, John. That sounds very challenging. Have you noticed any other symptoms along with the erectile dysfunction?

[patient] Yes, actually. I've also been experiencing low libido and decreased energy levels. I just feel really fatigued all the time.

[doctor] I understand. Let's go over a few more details. Have you had any chest pain or palpitations recently?

[patient] No, I haven't had any chest pain or palpitations.

[doctor] How about any shortness of breath or cough?

[patient] No, my breathing has been fine. No shortness of breath or cough.

[doctor] Any issues with your gastrointestinal system, like abdominal pain, nausea, or vomiting?

[patient] No, none of that. My stomach feels fine.

[doctor] Okay. You mentioned severe erectile dysfunction and low libido. Have you had any joint pain or swelling?

[patient] No, I haven't had any joint issues.

[doctor] Any headaches, dizziness, or changes in vision?

[patient] No, none of those symptoms.

[doctor] Alright. Have you been feeling stressed or distressed because of your erectile dysfunction?

[patient] Yes, it's been really stressful and distressing. It's affecting my mood and my relationship.

[doctor] I understand. Thank you for sharing all of that with me, John. Let's take a look at your vital signs and do a quick physical examination. Your blood pressure is 135 over 85 mmHg, which is a bit on the higher side but still within a manageable range.

[patient] Okay.

[doctor] During the physical examination, I found that your heart sounds are normal, with no murmurs. Your heart rate and rhythm are regular. Your external genital examination is normal, and both testes are present bilaterally. Your abdomen is soft, slightly obese, and non-tender. 

[patient] Alright.

[doctor] We are still waiting for the results of your hormonal panel, including testosterone levels, as well as your lipid profile, fasting glucose, and HbA1c.

[patient] Okay, so what does all this mean?

[doctor] John, based on your symptoms and our examination, it seems like you have severe erectile dysfunction. This could be related to your hypertension and obesity. 

[patient] What can we do about it?

[doctor] I recommend starting with a medication called Vardenafil. You'll take 10 mg about 60 minutes before sexual activity, but no more than once daily. I'll prescribe 10 tablets for now. 

[patient] Alright, I'll give that a try.

[doctor] Additionally, lifestyle changes can significantly improve erectile dysfunction. I suggest starting a regular exercise program and following a healthier diet. Weight loss can also help improve your symptoms. 

[patient] That makes sense. I'll do my best.

[doctor] If you smoke, quitting can also be beneficial. Do you smoke, John?

[patient] No, I don't smoke.

[doctor] That's good to hear. I'll also refer you to an endocrinologist, Dr. Emily Ross, to assess and manage any potential hormonal imbalances. 

[patient] Okay, I'll make sure to see her.

[doctor] Lastly, I'll order some blood work to check your hormonal panel, lipid profile, fasting glucose, and HbA1c. This will help us understand your metabolic control and guide your treatment plan.

[patient] Sounds good. When should I come back for a follow-up?

[doctor] Let's schedule a follow-up appointment in six weeks to assess how the medication is working and to check for any side effects. 

[patient] Okay, I'll mark that in my calendar.

[doctor] Excellent. Before we wrap up, I want to discuss the potential side effects of Vardenafil. It's important to adhere to the dosage instructions and be aware of any adverse reactions. If you experience any severe side effects, contact me immediately.

[patient] Got it. I'll be careful.

[doctor] Great. Do you have any questions or concerns, John?

[patient] No, I think you covered everything. Thank you so much for your help.

[doctor] You're welcome, John. I'm here to support you through this. Remember, lifestyle changes are crucial for better health outcomes, so stay committed to them.

[patient] I will. Thanks again, Doctor.

[doctor] Take care, John. I'll see you in six weeks for your follow-up.

[patient] See you then. Goodbye.

[doctor] Goodbye, John."|"[doctor] Hi John, how are you doing today?

[patient] Hi, Doctor. I'm doing okay, but I really need help with something that's been bothering me for a while.

[doctor] Of course, John. Please tell me more about what's been going on.

[patient] Well, I've been having severe erectile dysfunction for the past nine months. It's almost impossible for me to achieve or maintain an erection during sexual activity. It's really affecting my relationship and causing a lot of stress.

[doctor] I'm sorry to hear that, John. That sounds very challenging. Have you noticed any other symptoms along with the erectile dysfunction?

[patient] Yes, actually. I've also been experiencing low libido and decreased energy levels. I just feel really fatigued all the time.

[doctor] I understand. Let's go over a few more details. Have you had any chest pain or palpitations recently?

[patient] No, I haven't had any chest pain or palpitations.

[doctor] How about any shortness of breath or cough?

[patient] No, my breathing has been fine. No shortness of breath or cough.

[doctor] Any issues with your gastrointestinal system, like abdominal pain, nausea, or vomiting?

[patient] No, none of that. My stomach feels fine.

[doctor] Okay. You mentioned severe erectile dysfunction and low libido. Have you had any joint pain or swelling?

[patient] No, I haven't had any joint issues.

[doctor] Any headaches, dizziness, or changes in vision?

[patient] No, none of those symptoms.

[doctor] Alright. Have you been feeling stressed or distressed because of your erectile dysfunction?

[patient] Yes, it's been really stressful and distressing. It's affecting my mood and my relationship.

[doctor] I understand. Thank you for sharing all of that with me, John. Let's take a look at your vital signs and do a quick physical examination. Your blood pressure is 135 over 85 mmHg, which is a bit on the higher side but still within a manageable range.

[patient] Okay.

[doctor] During the physical examination, I found that your heart sounds are normal, with no murmurs. Your heart rate and rhythm are regular. Your external genital examination is normal, and both testes are present bilaterally. Your abdomen is soft, slightly obese, and non-tender. 

[patient] Alright.

[doctor] We are still waiting for the results of your hormonal panel, including testosterone levels, as well as your lipid profile, fasting glucose, and HbA1c.

[patient] Okay, so what does all this mean?

[doctor] John, based on your symptoms and our examination, it seems like you have severe erectile dysfunction. This could be related to your hypertension and obesity. 

[patient] What can we do about it?

[doctor] I recommend starting with a medication called Vardenafil. You'll take 10 mg about 60 minutes before sexual activity, but no more than once daily. I'll prescribe 10 tablets for now. 

[patient] Alright, I'll give that a try.

[doctor] Additionally, lifestyle changes can significantly improve erectile dysfunction. I suggest starting a regular exercise program and following a healthier diet. Weight loss can also help improve your symptoms. 

[patient] That makes sense. I'll do my best.

[doctor] If you smoke, quitting can also be beneficial. Do you smoke, John?

[patient] No, I don't smoke.

[doctor] That's good to hear. I'll also refer you to an endocrinologist, Dr. Emily Ross, to assess and manage any potential hormonal imbalances. 

[patient] Okay, I'll make sure to see her.

[doctor] Lastly, I'll order some blood work to check your hormonal panel, lipid profile, fasting glucose, and HbA1c. This will help us understand your metabolic control and guide your treatment plan.

[patient] Sounds good. When should I come back for a follow-up?

[doctor] Let's schedule a follow-up appointment in six weeks to assess how the medication is working and to check for any side effects. 

[patient] Okay, I'll mark that in my calendar.

[doctor] Excellent. Before we wrap up, I want to discuss the potential side effects of Vardenafil. It's important to adhere to the dosage instructions and be aware of any adverse reactions. If you experience any severe side effects, contact me immediately.

[patient] Got it. I'll be careful.

[doctor] Great. Do you have any questions or concerns, John?

[patient] No, I think you covered everything. Thank you so much for your help.

[doctor] You're welcome, John. I'm here to support you through this. Remember, lifestyle changes are crucial for better health outcomes, so stay committed to them.

[patient] I will. Thanks again, Doctor.

[doctor] Take care, John. I'll see you in six weeks for your follow-up.

[patient] See you then. Goodbye.

[doctor] Goodbye, John."
MALE ERECTILE DYSFUNCTION, UNSPECIFIED|"ROLE: Urologist

1) Medical Outcome:
- Diagnosis: Male erectile dysfunction, unspecified.
- Prescribed Treatment: Sildenafil 50 mg, oral, as needed, maximum once daily, quantity 10 tablets.
- Follow-up Recommendations: Follow-up appointment in 4 weeks to assess effectiveness and side effects.
- Lifestyle Change: Cessation of tobacco use, reduction of alcohol consumption, and increased physical activity.
- Referral to Specialists: None.
- Order for Blood Work: Testosterone levels, lipid profile, fasting blood glucose, and HbA1c.
- Order for Imaging: NA.

2) Medical History:
- Previous Diagnoses: Hypertension, Type 2 Diabetes Mellitus.
- Family Medical History: Father had coronary artery disease.
- Medication History: Currently taking Metformin 500 mg twice daily for diabetes, Lisinopril 10 mg once daily for hypertension.
- Allergies: None.
- Chronic Conditions: Hypertension, Type 2 Diabetes Mellitus.

3) Symptom Description:
- Severity: Moderate.
- Duration: 6 months.
- Associated Symptoms: Reduced libido, occasional anxiety about performance.
- Frequency: Occurs in about 80% of sexual encounters.
- Impact on Daily Activities: Causing stress and affecting the patient's relationship.

4) Patient’s self-reported habits and lifestyle:
- Sleep: Reports 6 hours per night, with occasional insomnia.
- Diet: High in carbohydrates and saturated fats.
- Exercise: Sedentary lifestyle, minimal physical activity.
- Tobacco Use: Smokes 10 cigarettes per day.
- Alcohol Consumption: Drinks 2-3 beers per night.
- Drug Use: Denies.
- Recreational Activities: None mentioned.

5) Demographic Information:
- Age: 45
- Gender: Male
- Ethnicity: Caucasian
- Socio-economic Status: Middle class
- Education Level: College graduate
- Health Literacy: Moderate
- Job Status: Employed as a software engineer.

6) Patient's Behavior:
- Level of Cooperation: Highly cooperative and motivated to follow medical advice.

7) Geographical Location:
- Big City vs Small City: Big City
- Rural vs Urban: Urban
- Pollution and Environmental Health Risks: Low pollution.
- Neighborhood Type: Residential, well-served by transit, access to healthcare facilities.

8) Clinical Setting:
- Specialty Clinics: Urology clinic.

9) Type of Encounter:
- Initial Consultation.

10) Treatment Disparities:
- None noted.

11) Native or Non-Native English Speaking Patient:
- Native English Speaking.

12) Physical Exams:
- General Examination: Overweight, no acute distress.
- Genitourinary Exam: NA due to initial presentation and patient discomfort.

13) Investigation/Test results:
- Awaiting blood work: Testosterone levels, lipid profile, fasting blood glucose, and HbA1c."|"#####
**1. Subjective:**

**Chief Complaint (CC):**
Male erectile dysfunction.

**History of Present Illness (HPI):**
John Smith, a 45-year-old Caucasian male, presents for an initial consultation regarding erectile dysfunction (ED). He reports that the issue has persisted for approximately 6 months, with symptoms occurring in about 80% of sexual encounters. He describes the severity of his ED as moderate and notes a reduction in libido and occasional anxiety about performance. The condition is causing significant stress and is affecting his relationship with his partner.

**Review of Systems (ROS):**
- General: Reports feeling stressed, some insomnia.
- Cardiovascular: No chest pain, no palpitations, no shortness of breath.
- Endocrine: Diagnosed with Type 2 Diabetes Mellitus, currently managed with medication. No recent changes in blood sugar levels.
- Genitourinary: Reports erectile dysfunction, no other genitourinary symptoms.
- Mental Health: Occasional anxiety related to ED.

**Patient’s self-reported habits and lifestyle:**
- Sleep: 6 hours per night, with occasional episodes of insomnia.
- Diet: High in carbohydrates and saturated fats.
- Exercise: Sedentary lifestyle, minimal physical activity.
- Tobacco Use: Smokes 10 cigarettes per day.
- Alcohol Consumption: Drinks 2-3 beers per night.
- Drug Use: Denies.
- Recreational Activities: None mentioned.

**2. Objective:**

**Physical Examination:**
- General: Overweight, no acute distress visible.
- Genitourinary: Not assessed due to initial presentation and patient discomfort.
- Vital Signs: Blood pressure within hypertensive range, no acute abnormalities noted.

**Investigations:**
- Awaiting results for blood work including Testosterone levels, lipid profile, fasting blood glucose, and HbA1c.

**3. Assessment:**

**Primary Diagnosis:**
- Male erectile dysfunction, unspecified.

**Other Diagnoses:**
- Hypertension.
- Type 2 Diabetes Mellitus.

**4. Plan:**

**Medications:**
- Prescribed Sildenafil 50 mg, oral, as needed, maximum once daily, quantity 10 tablets.

**Lifestyle Recommendations:**
- Cease tobacco use.
- Reduce alcohol consumption.
- Increase physical activity.

**Follow-up:**
- Schedule a follow-up appointment in 4 weeks to assess the effectiveness of the medication and note any side effects.

**Referrals:**
- None at this time.

**Orders:**
- Blood Work: Testosterone levels, lipid profile, fasting blood glucose, and HbA1c.

**Instructions to the Patient:**
- Begin taking Sildenafil as directed.
- Make significant lifestyle changes as advised, focusing on diet and physical activity.
- Track any side effects or issues with the medication and report them during the follow-up.
- Call the clinic with any questions or new symptoms.

The patient understands and agrees with the recommended medical treatment plan.

#####"|"**1. Subjective:**

**Chief Complaint (CC):**
Male erectile dysfunction.

**History of Present Illness (HPI):**
John Smith, a 45-year-old Caucasian male, presents for an initial consultation regarding erectile dysfunction (ED). He reports that the issue has persisted for approximately 6 months, with symptoms occurring in about 80% of sexual encounters. He describes the severity of his ED as moderate and notes a reduction in libido and occasional anxiety about performance. The condition is causing significant stress and is affecting his relationship with his partner.

**Review of Systems (ROS):**
- General: Reports feeling stressed, some insomnia.
- Cardiovascular: No chest pain, no palpitations, no shortness of breath.
- Endocrine: Diagnosed with Type 2 Diabetes Mellitus, currently managed with medication. No recent changes in blood sugar levels.
- Genitourinary: Reports erectile dysfunction, no other genitourinary symptoms.
- Mental Health: Occasional anxiety related to ED.

**Patient’s self-reported habits and lifestyle:**
- Sleep: 6 hours per night, with occasional episodes of insomnia.
- Diet: High in carbohydrates and saturated fats.
- Exercise: Sedentary lifestyle, minimal physical activity.
- Tobacco Use: Smokes 10 cigarettes per day.
- Alcohol Consumption: Drinks 2-3 beers per night.
- Drug Use: Denies.
- Recreational Activities: None mentioned.

**2. Objective:**

**Physical Examination:**
- General: Overweight, no acute distress visible.
- Genitourinary: Not assessed due to initial presentation and patient discomfort.
- Vital Signs: Blood pressure within hypertensive range, no acute abnormalities noted.

**Investigations:**
- Awaiting results for blood work including Testosterone levels, lipid profile, fasting blood glucose, and HbA1c.

**3. Assessment:**

**Primary Diagnosis:**
- Male erectile dysfunction, unspecified.

**Other Diagnoses:**
- Hypertension.
- Type 2 Diabetes Mellitus.

**4. Plan:**

**Medications:**
- Prescribed Sildenafil 50 mg, oral, as needed, maximum once daily, quantity 10 tablets.

**Lifestyle Recommendations:**
- Cease tobacco use.
- Reduce alcohol consumption.
- Increase physical activity.

**Follow-up:**
- Schedule a follow-up appointment in 4 weeks to assess the effectiveness of the medication and note any side effects.

**Referrals:**
- None at this time.

**Orders:**
- Blood Work: Testosterone levels, lipid profile, fasting blood glucose, and HbA1c.

**Instructions to the Patient:**
- Begin taking Sildenafil as directed.
- Make significant lifestyle changes as advised, focusing on diet and physical activity.
- Track any side effects or issues with the medication and report them during the follow-up.
- Call the clinic with any questions or new symptoms.

The patient understands and agrees with the recommended medical treatment plan."|"**1. Subjective:**

**CC:**
Male ED.

**HPI:**
John Smith, a 45 y/o Caucasian male, presents for an initial consult regarding ED. He reports the issue has persisted for ~6 months, with symptoms occurring in ~80% of sexual encounters. He describes the severity of his ED as moderate and notes a reduction in libido and occasional performance anxiety. The condition is causing significant stress and affecting his relationship with his partner.

**ROS:**
- General: Reports feeling stressed, some insomnia.
- CV: No CP, no palpitations, no SOB.
- Endo: Dx with T2DM, currently managed with meds. No recent changes in blood sugar levels.
- GU: Reports ED, no other GU symptoms.
- MH: Occasional anxiety related to ED.

**Patient’s self-reported habits and lifestyle:**
- Sleep: 6 hrs/night, with occasional episodes of insomnia.
- Diet: High in carbs and saturated fats.
- Exercise: Sedentary lifestyle, minimal physical activity.
- Tobacco Use: Smokes 10 cigs/day.
- ETOH: Drinks 2-3 beers/night.
- Drug Use: Denies.
- Recreational Activities: None mentioned.

**2. Objective:**

**PE:**
- General: Overweight, no acute distress visible.
- GU: Not assessed due to initial presentation and patient discomfort.
- Vitals: BP within hypertensive range, no acute abnormalities noted.

**Investigations:**
- Awaiting results for blood work including Testosterone levels, lipid profile, fasting blood glucose, and HbA1c.

**3. Assessment:**

**Primary Dx:**
- Male ED, unspecified.

**Other Dx:**
- HTN.
- T2DM.

**4. Plan:**

**Meds:**
- Rx Sildenafil 50 mg PO PRN, max once daily, qty 10 tabs.

**Lifestyle Recommendations:**
- Cease tobacco use.
- Reduce ETOH consumption.
- Increase physical activity.

**Follow-up:**
- Schedule F/U in 4 weeks to assess the effectiveness of the med and note any SEs.

**Referrals:**
- None at this time.

**Orders:**
- Blood Work: Testosterone levels, lipid profile, fasting blood glucose, and HbA1c.

**Instructions to the Patient:**
- Begin taking Sildenafil as directed.
- Make significant lifestyle changes as advised, focusing on diet and physical activity.
- Track any SEs or issues with the med and report them during the F/U.
- Call the clinic with any questions or new symptoms.

The patient understands and agrees with the recommended medical treatment plan."|Urologist|"[doctor] Hi John, good to see you today. I see from my notes that you're here to discuss erectile dysfunction. Can you tell me a bit more about what’s been going on?

[patient] Hi, Doctor. Yes, it’s been about six months now. I’ve been having trouble, you know, during about 80% of my sexual encounters. It’s really starting to stress me out and affect my relationship.

[doctor] I’m sorry to hear that, John. Is the issue with achieving an erection, maintaining it, or both?

[patient] It’s more about maintaining it. Sometimes I can get one, but it doesn’t last long enough.

[doctor] I understand. How would you describe the severity of this issue?

[patient] I’d say it’s moderate. It’s not like it never works, but it’s enough to cause problems.

[doctor] Have you noticed any changes in your libido or sexual desire?

[patient] Yes, my libido has definitely gone down. Sometimes I feel anxious about whether it’s going to happen or not.

[doctor] That’s definitely understandable. Let’s talk a bit about your overall health. Do you feel stressed or have any trouble sleeping?

[patient] Yes, I’ve been feeling pretty stressed and I do have some insomnia. I usually get about six hours of sleep a night, but sometimes it's less.

[doctor] Okay. How about your heart? Any chest pain, palpitations, or shortness of breath?

[patient] No, nothing like that.

[doctor] Good to hear. You mentioned in your history that you have Type 2 Diabetes. How have your blood sugar levels been?

[patient] They’ve been stable. No recent changes.

[doctor] That’s good. Any other issues with urination or other genitourinary symptoms?

[patient] No, just the erectile dysfunction.

[doctor] Alright. How about your mental health? You mentioned feeling anxious about the ED. Any other mental health concerns?

[patient] No, just the anxiety related to the ED.

[doctor] Okay, let’s talk a bit about your lifestyle. How is your diet?

[patient] It’s not great, I have to admit. It’s pretty high in carbs and saturated fats.

[doctor] And what about exercise? How much physical activity do you get?

[patient] Honestly, not much. I’m pretty sedentary.

[doctor] Do you smoke or drink?

[patient] Yes, I smoke about 10 cigarettes a day and drink 2-3 beers every night.

[doctor] Alright, thanks for sharing all that, John. Let’s move on to the physical exam. I see you’re a bit overweight and your blood pressure is within the hypertensive range. I know this is a sensitive topic, but I will need to do a quick genitourinary exam.

[patient] I understand, but I’m really uncomfortable with that right now.

[doctor] That’s okay, we can skip that for today. I’ll just make a note of it. We’ll get some blood work done to check your testosterone levels, lipid profile, fasting blood glucose, and HbA1c. 

[patient] Alright, that sounds good.

[doctor] Based on what we’ve discussed, I’m going to prescribe you Sildenafil 50 mg. Take it as needed, but no more than once daily. I’ll give you a quantity of 10 tablets to start.

[patient] Okay, how does that work?

[doctor] You take it about 30 minutes to an hour before sexual activity. It helps increase blood flow to the penis to help you get and maintain an erection.

[patient] Got it.

[doctor] I also have some lifestyle recommendations for you. Quitting smoking would be really beneficial, as would reducing your alcohol intake. Increasing physical activity can also help a lot.

[patient] I know I need to make some changes. It’s just hard.

[doctor] I understand. Start with small changes and build from there. We’ll schedule a follow-up appointment in four weeks to see how you’re doing with the medication and any lifestyle changes.

[patient] Okay, I’ll do my best.

[doctor] Great. If you experience any side effects or have any issues with the medication, please let us know right away. And if you have any questions or new symptoms, don’t hesitate to call the clinic.

[patient] Will do, Doctor. Thanks for your help.

[doctor] You’re welcome, John. Take care and we’ll see you in four weeks.

[patient] Thanks, Doctor. See you then."|"[doctor] Hi John, good to see you today. I see from my notes that you're here to discuss erectile dysfunction. Can you tell me a bit more about what’s been going on?

[patient] Hi, Doctor. Yes, it’s been about six months now. I’ve been having trouble, you know, during about 80% of my sexual encounters. It’s really starting to stress me out and affect my relationship.

[doctor] I’m sorry to hear that, John. Is the issue with achieving an erection, maintaining it, or both?

[patient] It’s more about maintaining it. Sometimes I can get one, but it doesn’t last long enough.

[doctor] I understand. How would you describe the severity of this issue?

[patient] I’d say it’s moderate. It’s not like it never works, but it’s enough to cause problems.

[doctor] Have you noticed any changes in your libido or sexual desire?

[patient] Yes, my libido has definitely gone down. Sometimes I feel anxious about whether it’s going to happen or not.

[doctor] That’s definitely understandable. Let’s talk a bit about your overall health. Do you feel stressed or have any trouble sleeping?

[patient] Yes, I’ve been feeling pretty stressed and I do have some insomnia. I usually get about six hours of sleep a night, but sometimes it's less.

[doctor] Okay. How about your heart? Any chest pain, palpitations, or shortness of breath?

[patient] No, nothing like that.

[doctor] Good to hear. You mentioned in your history that you have Type 2 Diabetes. How have your blood sugar levels been?

[patient] They’ve been stable. No recent changes.

[doctor] That’s good. Any other issues with urination or other genitourinary symptoms?

[patient] No, just the erectile dysfunction.

[doctor] Alright. How about your mental health? You mentioned feeling anxious about the ED. Any other mental health concerns?

[patient] No, just the anxiety related to the ED.

[doctor] Okay, let’s talk a bit about your lifestyle. How is your diet?

[patient] It’s not great, I have to admit. It’s pretty high in carbs and saturated fats.

[doctor] And what about exercise? How much physical activity do you get?

[patient] Honestly, not much. I’m pretty sedentary.

[doctor] Do you smoke or drink?

[patient] Yes, I smoke about 10 cigarettes a day and drink 2-3 beers every night.

[doctor] Alright, thanks for sharing all that, John. Let’s move on to the physical exam. I see you’re a bit overweight and your blood pressure is within the hypertensive range. I know this is a sensitive topic, but I will need to do a quick genitourinary exam.

[patient] I understand, but I’m really uncomfortable with that right now.

[doctor] That’s okay, we can skip that for today. I’ll just make a note of it. We’ll get some blood work done to check your testosterone levels, lipid profile, fasting blood glucose, and HbA1c. 

[patient] Alright, that sounds good.

[doctor] Based on what we’ve discussed, I’m going to prescribe you Sildenafil 50 mg. Take it as needed, but no more than once daily. I’ll give you a quantity of 10 tablets to start.

[patient] Okay, how does that work?

[doctor] You take it about 30 minutes to an hour before sexual activity. It helps increase blood flow to the penis to help you get and maintain an erection.

[patient] Got it.

[doctor] I also have some lifestyle recommendations for you. Quitting smoking would be really beneficial, as would reducing your alcohol intake. Increasing physical activity can also help a lot.

[patient] I know I need to make some changes. It’s just hard.

[doctor] I understand. Start with small changes and build from there. We’ll schedule a follow-up appointment in four weeks to see how you’re doing with the medication and any lifestyle changes.

[patient] Okay, I’ll do my best.

[doctor] Great. If you experience any side effects or have any issues with the medication, please let us know right away. And if you have any questions or new symptoms, don’t hesitate to call the clinic.

[patient] Will do, Doctor. Thanks for your help.

[doctor] You’re welcome, John. Take care and we’ll see you in four weeks.

[patient] Thanks, Doctor. See you then."
MALE ERECTILE DYSFUNCTION, UNSPECIFIED|"ROLE: Urologist

1. **Medical Outcome:**
   - Diagnosis: Male Erectile Dysfunction, Unspecified
   - Prescribed Treatment: Sildenafil 50 mg, oral, as needed, not more than once per day, 30 tablets with 2 refills.
   - Follow-up Recommendations: Follow-up appointment in 3 months to assess efficacy and tolerance of medication.
   - Lifestyle Change: Recommendations for weight loss and exercise.
   - Referral: Referral to a psychologist, Dr. Jane Smith, for evaluation of possible contributing psychological factors.

2. **Medical History:**
   - Previous Diagnoses: Hypertension, Type 2 Diabetes Mellitus.
   - Medication History: Metformin 500 mg twice daily, Lisinopril 20 mg once daily.
   - Allergies: No known drug allergies.
   - Chronic Conditions: Hypertension, Type 2 Diabetes Mellitus.

3. **Symptom Description:**
   - Severity: Moderate difficulty in achieving and maintaining an erection.
   - Duration: Symptoms present for the past 6 months.
   - Associated Symptoms: Increased stress and anxiety.
   - Frequency: Occurs over 50% of sexual attempts.
   - Impact on Daily Activities: Reduced quality of life and strain on marital relationship.

4. **Patient’s Self-reported Habits and Lifestyle:**
   - Sleep: Reports sleeping 6-7 hours per night.
   - Diet: Consumes a diet high in carbohydrates and processed foods.
   - Exercise: Limited physical activity, mostly sedentary.
   - Tobacco Use: Smokes approximately 10 cigarettes per day.
   - Alcohol Consumption: Drinks socially, about 3-4 drinks per week.
   - Drug Use: Denies any illicit drug use.
   - Recreational Activities: Enjoys watching sports and fishing, but overall limited physical activity.

5. **Demographic Information:**
   - Age: 52 years old.
   - Gender: Male.
   - Ethnicity: Caucasian.
   - Socio-economic Status: Middle-class.
   - Education Level: Bachelor’s degree.
   - Health Literacy: Moderate understanding of medical terms.
   - Job Status: Accountant.

6. **Patient's Behavior:**
   - Generally cooperative with medical advice but expresses frustration over current health issues.

7. **Geographical Location:**
   - Urban.
   - Environmental Health Risks: N/A.
   - Neighborhood Type: Middle-income residential area.
   - Well-served by Transit: Yes.
   - Food Desert: No.

8. **Clinical Setting:**
   - Private Practice.

9. **Type of Encounter:**
   - Initial Consultation.

10. **Treatment Disparities:**
    - N/A.

11. **Native or Non-Native English Speaking Patient:**
    - Native English speaker.

12. **Physical Exams:**
    - NA.

13. **Investigation/Test Results:**
    - Blood work: 
      - Biochemistry panel including fasting blood sugar, lipid profile, and serum testosterone levels. Awaiting results.
    - Imaging: 
      - Abdominal ultrasound to rule out any underlying vascular issues.

This scenario provides a comprehensive look at a patient presenting with male erectile dysfunction, including initial treatment, lifestyle recommendations, and necessary referrals and follow-ups."|Rejected|Rejected|Rejected|Rejected||
MALE ERECTILE DYSFUNCTION, UNSPECIFIED|"ROLE: Urologist

**Scenario:**

1) **Medical Outcome:**
   - Diagnosis: Male Erectile Dysfunction, unspecified (ICD-10: N52.9)
   - Treatment:
     - Sildenafil 50 mg, oral, one hour before sexual activity, maximum once daily, 6 tablets
   - Follow-up recommendations: Return visit in 4 weeks for reassessment
   - Referral: Referral to endocrinologist Dr. John Smith for hormonal evaluation
   - Blood work: Ordered for biochemistry including fasting blood glucose, lipid profile, and hormonal panel (total testosterone, free testosterone, and prolactin)
   - Lifestyle change: Recommendations to reduce alcohol consumption and to quit smoking

2) **Medical History:**
   - Previous Diagnoses: Hypertension, Hyperlipidemia
   - Medication History: Currently taking Lisinopril 10mg daily for hypertension, Atorvastatin 20mg daily for hyperlipidemia
   - Allergies: No known drug allergies
   - Chronic Conditions: Hypertension, Hyperlipidemia

3) **Symptom Description:**
   - Severity: Moderate; Difficulty achieving and maintaining an erection
   - Duration: 6 months
   - Associated Symptoms: Reduced libido, occasional morning erections
   - Frequency: Occurs most times during sexual activity
   - Impact on Daily Activities: Causing significant stress and anxiety, impacting intimate relationships

4) **Patient’s self-reported habits and lifestyle:**
   - Sleep: 6 hours per night, often feels tired
   - Diet: High in processed foods, low in fruits and vegetables
   - Exercise: Minimal, sedentary job, occasional weekend walks
   - Tobacco Use: Smokes 10 cigarettes per day
   - Alcohol Consumption: Drinks 2-3 beers daily
   - Drug Use: Denies any recreational drug use
   - Recreational Activities: Enjoys watching TV and playing video games

5) **Demographic Information:**
   - Age: 52
   - Gender: Male
   - Ethnicity: Caucasian
   - Socio-economic Status: Middle class
   - Education Level: College graduate
   - Health Literacy: Moderate, understands basic medical terms and concepts
   - Job Status: Office manager, sedentary work

6) **Patient's Behavior:**
   - Generally cooperative with medical advice but occasional lapses with diet and exercise recommendations

7) **Geographical Location:**
   - Urban, large city
   - Environmental Health Risks: Some air pollution, well-served by transit
   - Neighborhood Type: Middle-income residential area

8) **Clinical Setting:**
   - Private Practice

9) **Type of Encounter:**
   - Initial Consultation

10) **Treatment Disparities:**
   - None applicable as patient has adequate health insurance and ability to pay

11) **Native or Non-Native English Speaking Patient:**
   - Native English Speaker

12) **Physical exams:**
   - General physical examination including cardiovascular, abdominal, and genital examination
  
13) **Investigation/Test results:**
   - Awaiting blood work results for biochemistry and hormonal panel"|Rejected|Rejected|Rejected|Rejected||
MALE ERECTILE DYSFUNCTION, UNSPECIFIED|"ROLE: Urologist

**Scenario:**

1) **Medical Outcome:**
   - Diagnosis: Male Erectile Dysfunction, unspecified (ICD-10: N52.9)
   - Treatment:
      - Tadalafil 5 mg, oral, once daily for 30 days, 30 tablets
   - Follow-up recommendations: Return visit in 6 weeks for reassessment
   - Referral: NA
   - Blood work: Ordered for hematology including complete blood count (CBC) and hormonal panel (total testosterone, free testosterone, luteinizing hormone, and thyroid panel)
   - Lifestyle change: Recommendations to increase physical activity and adopt a heart-healthy diet

2) **Medical History:**
   - Previous Diagnoses: Type 2 Diabetes Mellitus, Obesity
   - Medication History: Metformin 1000mg twice daily for diabetes, Simvastatin 20mg daily for hyperlipidemia
   - Allergies: Sulfa drugs
   - Chronic Conditions: Type 2 Diabetes Mellitus

3) **Symptom Description:**
   - Severity: Severe; Almost complete inability to achieve or maintain an erection
   - Duration: 1 year
   - Associated Symptoms: Fatigue, decreased muscle strength
   - Frequency: Every attempt at sexual activity
   - Impact on Daily Activities: Severe, causing depression and avoidance of intimate encounters

4) **Patient’s self-reported habits and lifestyle:**
   - Sleep: 5 hours per night, poor sleep quality
   - Diet: High in carbohydrates and sugars, low intake of vegetables
   - Exercise: None; completely sedentary
   - Tobacco Use: Smokes 20 cigarettes per day
   - Alcohol Consumption: Drinks heavily on weekends, 5-6 glasses of alcohol each session
   - Drug Use: Denies any recreational drug use
   - Recreational Activities: None reported

5) **Demographic Information:**
   - Age: 58
   - Gender: Male
   - Ethnicity: African American
   - Socio-economic Status: Lower-middle class
   - Education Level: High school graduate
   - Health Literacy: Low, needs detailed explanations and simpler terms
   - Job Status: Unemployed, recently lost job due to poor health

6) **Patient's Behavior:**
   - Generally non-compliant with medical advice, poor follow-through on lifestyle recommendations

7) **Geographical Location:**
   - Rural area, small town
   - Environmental Health Risks: Limited access to healthcare facilities and fresh produce
   - Neighborhood Type: Economically disadvantaged, food desert

8) **Clinical Setting:**
   - Community Health Services

9) **Type of Encounter:**
   - Initial Consultation

10) **Treatment Disparities:**
   - Limited treatment options due to financial constraints and low health literacy

11) **Native or Non-Native English Speaking Patient:**
   - Native English Speaker

12) **Physical exams:**
   - General physical examination including cardiovascular, abdominal, and genital examination
  
13) **Investigation/Test results:**
   - Awaiting blood work results for hematology and hormonal panel"|Rejected|Rejected|Rejected|Rejected||
MALE ERECTILE DYSFUNCTION, UNSPECIFIED|"ROLE: Urologist

**Scenario:**

1) **Medical Outcome:**
   - Diagnosis: Male Erectile Dysfunction, unspecified (ICD-10: N52.9)
   - Treatment:
     - Alprostadil (MUSE) 125 mcg, urethral suppository, used 5-10 minutes before intercourse, 6 doses
   - Follow-up recommendations: Return visit in 8 weeks for reassessment
   - Referral: NA
   - Blood work: Ordered for biochemistry including renal function tests, and hormonal panel (total testosterone, free testosterone, SHBG, and DHEA-S)
   - Lifestyle change: Recommendations to limit caffeine intake and improve sleep hygiene

2) **Medical History:**
   - Previous Diagnoses: Chronic Kidney Disease Stage 2, Anxiety Disorder
   - Medication History: Currently taking Sertraline 100mg daily, No known drug allergies
   - Chronic Conditions: Chronic Kidney Disease Stage 2

3) **Symptom Description:**
   - Severity: Mild to moderate; difficulty maintaining an erection more than achieving one
   - Duration: 2 years
   - Associated Symptoms: Occasional night sweats, palpitations
   - Frequency: 2-3 times a week
   - Impact on Daily Activities: Moderate, contributing to anxiety and reduced quality of life

4) **Patient’s self-reported habits and lifestyle:**
   - Sleep: 7-8 hours per night but often interrupted
   - Diet: Balanced diet, moderate intake of fruits and vegetables
   - Exercise: Regular exercise, jogs three times per week
   - Tobacco Use: Quit smoking 5 years ago
   - Alcohol Consumption: Occasional, drinks socially 1-2 times a month
   - Drug Use: Denies any recreational drug use
   - Recreational Activities: Likes camping, hiking, and reading

5) **Demographic Information:**
   - Age: 45
   - Gender: Male
   - Ethnicity: Hispanic
   - Socio-economic Status: Upper-middle class
   - Education Level: Master's Degree
   - Health Literacy: High, knowledgeable about health and medical care
   - Job Status: Software engineer, works remotely

6) **Patient's Behavior:**
   - Highly cooperative with medical advice and proactive about health

7) **Geographical Location:**
   - Urban, affluent neighborhood
   - Environmental Health Risks: Low pollution, access to parks and recreational areas
   - Neighborhood Type: Affluent, well-served by transit

8) **Clinical Setting:**
   - Private Practice

9) **Type of Encounter:**
   - Follow-up Consultation

10) **Treatment Disparities:**
   - None; patient has comprehensive health insurance and access to advanced medical care

11) **Native or Non-Native English Speaking Patient:**
   - Native English Speaker

12) **Physical exams:**
   - General physical examination including genital examination and focused neurological exam

13) **Investigation/Test results:**
   - Awaiting blood work results for biochemistry and hormonal panel
"|Rejected|Rejected|Rejected|Rejected||
MALE ERECTILE DYSFUNCTION, UNSPECIFIED|"ROLE: Urologist  

- **Medical Outcome**:
    - Diagnosis: Male Erectile Dysfunction, Unspecified
    - Prescribed Treatment: Tadalafil 5 mg, once daily, 30 tablets, oral route
    - Follow-up Recommendations: Follow-up in 4 weeks to assess effectiveness of medication
    - Lifestyle Change Recommendations: Weight loss, smoking cessation, reduce alcohol intake
    - Referral to Specialist: Referral to a psychologist, Dr. Sarah Miles, for addressing any possible psychological factors contributing to ED

- **Medical History**:
    - Previous Diagnoses: Hypertension, Dyslipidemia
    - Medication History: Currently on Amlodipine 5 mg daily, Atorvastatin 20 mg daily
    - Allergies: None
    - Chronic Conditions: Hypertension, Dyslipidemia

- **Symptom Description**:
    - Severity: Moderate
    - Duration: 6 months
    - Associated Symptoms: Occasional fatigue, stress
    - Frequency: Consistent issue in the last 3 months
    - Impact on Daily Activities: Significant distress; affecting relationship with partner

- **Patient’s self-reported habits and lifestyle**:
    - Sleep: Currently 6-7 hours per night
    - Diet: Predominantly fast food, high in fat
    - Exercise: Infrequent; sedentary lifestyle
    - Tobacco Use: 10 cigarettes/day
    - Alcohol Consumption: 3-4 drinks per week
    - Drug Use: Denies any recreational drug use
    - Recreational Activities: Watches TV, some reading

- **Demographic Information**:
    - Age: 50
    - Gender: Male
    - Ethnicity: Caucasian
    - Socio-economic Status: Middle-class
    - Education Level: Bachelor’s Degree
    - Health Literacy: Moderate understanding of medical conditions
    - Job Status: Office worker, sedentary

- **Patient's Behavior**:
    - Generally cooperative but expresses frustration over ongoing issues

- **Geographical Location**:
    - Urban
    - Neighborhood Type: Middle-class, well-served by transit

- **Clinical Setting**:
    - Private Practice

- **Type of Encounter**:
    - Initial Consultation

- **Treatment Disparities**:
    - None identified

- **Native or Non-Native English Speaking Patient**:
    - Native English Speaking Patient

- **Physical exams**:
    - Cardiovascular: Regular rate and rhythm, no murmurs
    - Genitourinary: Normal external genitalia, no penile plaques or deformities, testes descended bilaterally
    - Abdominal: Soft, non-tender
    - Blood Pressure: 130/85 mmHg

- **Investigation/Test results**:
    - NA

"|Rejected|Rejected|Rejected|Rejected||
MALE ERECTILE DYSFUNCTION, UNSPECIFIED|"ROLE: Urologist

- **Medical Outcome**:
    - Diagnosis: Male Erectile Dysfunction, Unspecified
    - Prescribed Medication: Sildenafil 50 mg, take 1 tablet as needed one hour before sexual activity, maximum once daily, 10 tablets, oral route
    - Follow-up Recommendations: Follow-up in 6 weeks to reassess patient's condition and response to treatment
    - Lifestyle Change Recommendations: Encourage regular physical activity, dietary modification to reduce obesity, and sleep hygiene improvement
    - Referral to Specialist: Referral to a mental health counselor, Dr. John Lee, for possible psychological factors contributing to ED
    - Order for Blood Work: Biochemistry panel to assess glucose, lipid profile, kidney, and liver function

- **Medical History**:
    - Previous Diagnoses: Obesity, Pre-diabetes
    - Medication History: Metformin 500 mg daily for pre-diabetes
    - Allergies: None
    - Chronic Conditions: Obesity, Pre-diabetes

- **Symptom Description**:
    - Severity: Moderate to severe
    - Duration: 8 months
    - Associated Symptoms: Anxiety, low self-esteem
    - Frequency: Almost every occurrence of attempted sexual activity
    - Impact on Daily Activities: Significant emotional distress and impact on relationship with partner

- **Patient’s self-reported habits and lifestyle**:
    - Sleep: Reports poor quality of sleep, averaging 5-6 hours per night
    - Diet: High in carbohydrates and processed foods
    - Exercise: Minimal; works a desk job with little physical activity
    - Tobacco Use: None
    - Alcohol Consumption: Occasional, 1-2 drinks per week
    - Drug Use: None
    - Recreational Activities: Enjoys video games, movies

- **Demographic Information**:
    - Age: 42
    - Gender: Male
    - Ethnicity: African American
    - Socio-economic Status: Lower-middle class
    - Education Level: High school diploma
    - Health Literacy: Low to moderate understanding of health conditions and treatments
    - Job Status: Office clerk

- **Patient's Behavior**:
    - Cooperative and willing to make lifestyle changes but expresses frustration and anxiety over the condition

- **Geographical Location**:
    - Urban
    - Neighborhood Type: Low-income, limited access to recreational facilities and healthy food options (food desert)

- **Clinical Setting**:
    - Urgent Care Center

- **Type of Encounter**:
    - Initial Consultation

- **Treatment Disparities**:
    - Potential financial constraints in accessing prescribed medication and specialist referral

- **Native or Non-Native English Speaking Patient**:
    - Native English Speaking Patient

- **Physical exams**:
    - Cardiovascular: Normal heart sounds, no murmurs, regular rate and rhythm
    - Genitourinary: Normal external exam, testes descended bilaterally, no penile abnormalities
    - Abdominal: Soft, slightly obese, non-tender
    - Blood Pressure: 140/90 mmHg

- **Investigation/Test results**:
    - Awaiting results of blood work: Biochemistry panel to include glucose, lipid profile, kidney, and liver function"|Rejected|Rejected|Rejected|Rejected||
MALE ERECTILE DYSFUNCTION, UNSPECIFIED|"ROLE: Urologist

- **Medical Outcome**:
    - Diagnosis: Male Erectile Dysfunction, Unspecified
    - Prescribed Treatment: Tadalafil 5 mg, once daily, 30 tablets, oral route
    - Follow-up Recommendations: Follow-up in 4 weeks to reassess efficacy and side effects of medication
    - Lifestyle Change Recommendations: Increase physical activity, initiate weight loss program, reduce alcohol intake, smoking cessation
    - Referral to Specialist: Referral to a cardiologist, Dr. Linda Thompson, for evaluation of cardiovascular health due to associated risk factors

- **Medical History**:
    - Previous Diagnoses: Coronary artery disease, Type 2 Diabetes Mellitus
    - Medication History: Metformin 850 mg twice daily for diabetes, Atorvastatin 40 mg daily for hyperlipidemia, Aspirin 81 mg daily for heart disease
    - Allergies: Penicillin
    - Chronic Conditions: Coronary artery disease, Type 2 Diabetes Mellitus, Hyperlipidemia

- **Symptom Description**:
    - Severity: Severe
    - Duration: 12 months
    - Associated Symptoms: Fatigue, reduced libido
    - Frequency: Consistent with every attempted sexual activity
    - Impact on Daily Activities: Significant stress and avoidance of intimate relationships

- **Patient’s self-reported habits and lifestyle**:
    - Sleep: Poor, averaging 5 hours per night due to work stress
    - Diet: High in saturated fats and sugars
    - Exercise: None; sedentary job and lifestyle
    - Tobacco Use: Smokes 20 cigarettes per day
    - Alcohol Consumption: Consumes 6-8 beers per week
    - Drug Use: None
    - Recreational Activities: None; reports increased sedentary hobbies like watching TV

- **Demographic Information**:
    - Age: 55
    - Gender: Male
    - Ethnicity: Hispanic
    - Socio-economic Status: Low-income
    - Education Level: Some high school education
    - Health Literacy: Low understanding of medical conditions and treatments
    - Job Status: Manual laborer, part-time work due to health issues

- **Patient's Behavior**:
    - Somewhat cooperative but expresses hopelessness due to multiple health issues

- **Geographical Location**:
    - Rural
    - Neighborhood Type: Impoverished, limited access to healthcare and recreational facilities

- **Clinical Setting**:
    - Community Health Center

- **Type of Encounter**:
    - Follow-up appointment

- **Treatment Disparities**:
    - Financial constraints limit access to comprehensive care and some medications

- **Native or Non-Native English Speaking Patient**:
    - Non-Native English Speaking Patient (Spanish-speaking; uses interpreter services)

- **Physical exams**:
    - Cardiovascular: Irregular rate, S4 gallop heard, moderate edema in lower extremities
    - Genitourinary: Normal external genital examination, testes present bilaterally
    - Abdominal: Soft, non-tender, no organomegaly
    - Blood Pressure: 145/90 mmHg

- **Investigation/Test results**:
    - Awaiting results from recent blood work: CBC, lipid panel, HbA1c는 test, and renal function test

"|Rejected|Rejected|Rejected|Rejected||
