Disease Description|Scenario|Note|Polished Note|Abbreviated Note|Role|dial|polished_dial
OTHER SPECIFIED DISORDERS OF NOSE AND NASAL SINUSES|"ROLE: Otolaryngologist (ENT Specialist)

- **Medical Outcome:** 
    - Diagnosis: Other Specified Disorders of Nose and Nasal Sinuses
    - Prescribed Treatment: Intranasal corticosteroids (Fluticasone propionate 50 mcg, 2 sprays in each nostril daily for 2 weeks)
    - Follow-up Recommendations: Follow-up in 2 weeks to assess treatment effectiveness
    - Referral: Referral to allergist Dr. Jane Smith for allergy testing
    - Imaging: CT scan of the sinuses to evaluate the extent of sinus involvement

- **Medical History:** 
    - Previous Diagnoses: Chronic Sinusitis
    - Family Medical History: History of asthma and allergies
    - Allergies: Allergic to penicillin
    - Chronic Conditions: Seasonal allergic rhinitis

- **Symptom Description:** 
    - Severity: Moderate nasal obstruction and facial pain
    - Duration: Symptoms have been persistent for the last 6 months
    - Associated Symptoms: Postnasal drip, reduced sense of smell, occasional headaches
    - Frequency: Daily
    - Impact on Daily Activities: Difficulty breathing through the nose, affecting sleep and concentration at work

- **Patient’s self-reported habits and lifestyle:** 
    - Sleep: Reports poor sleep due to nasal congestion
    - Diet: Balanced diet, no specific restrictions
    - Exercise: Regular exercise, but symptoms worsen during activity
    - Tobacco Use: Non-smoker
    - Alcohol Consumption: Occasional social drinking
    - Recreational Activities: Enjoys outdoor activities but limited due to nasal symptoms

- **Demographic Information:** 
    - Age: 35
    - Gender: Male
    - Ethnicity: Caucasian
    - Socio-economic Status: Middle class
    - Education Level: College graduate
    - Health Literacy: Good understanding of medical conditions
    - Job Status: Employed as a software developer

- **Patient's Behavior:** 
    - Generally cooperative with medical advice, expresses eagerness to resolve symptoms

- **Geographical Location:** 
    - Big City: New York City
    - Urban
    - Environmental Health Risks: High pollution levels
    - Neighborhood Type: Affluent, well-served by transit

- **Clinical Setting:** 
    - Specialty Clinic

- **Type of Encounter:** 
    - Initial Consultation

- **Treatment Disparities:** 
    - NA

- **Native or Non-Native English Speaking Patient:** 
    - Native English Speaking Patient

- **Physical exams:** 
    - Nasal endoscopy: Revealed mucosal edema and thickened discharge in the nasal passages

- **Investigation/Test results:** 
    - Blood Work: Ordered Complete Blood Count (CBC) with differential to rule out infections
    
"|"#####
**1. Subjective:**

**Chief Complaint (CC):**
Moderate nasal obstruction and facial pain.

**History of Present Illness (HPI):**
- Patient is a 35-year-old Caucasian male presenting with moderate nasal obstruction and facial pain.
- Duration: Symptoms have persisted for the last 6 months.
- Associated Symptoms: Reports postnasal drip, reduced sense of smell, and occasional headaches.
- Frequency: Symptoms are present daily.
- Impact on Daily Activities: Difficulty breathing through the nose, affecting sleep and concentration at work.

**Review of Systems (ROS):**
- Allergic/Immunologic: History of seasonal allergic rhinitis.
- ENT: Reports moderate nasal obstruction, facial pain, postnasal drip, reduced sense of smell, and occasional headaches.
- General: Denies fever or weight loss.
- Respiratory: No shortness of breath, but history of asthma in the family.
- Sleep: Reports poor sleep due to nasal congestion.

**2. Objective:**

**Vitals:**
- BP: 122/78
- HR: 76
- RR: 16
- Temperature: 98.2°F

**Physical Exam:**
- General: Well-nourished, well-developed male in no acute distress.
- Head and Neck: Non-tender, no lymphadenopathy.
- Nasal Endoscopy: Revealed mucosal edema and thickened discharge in the nasal passages.
- ENT: No external deformities, tympanic membranes intact and normal in appearance.

**Investigation/Test Results:**
- Blood Work: Ordered Complete Blood Count (CBC) with differential to rule out infections. Awaiting results.

**3. Assessment:**
- Diagnosis: Other Specified Disorders of Nose and Nasal Sinuses

**4. Plan:**
- **Medical Treatment:**
  - Prescribed intranasal corticosteroids: Fluticasone propionate 50 mcg, 2 sprays in each nostril daily for 2 weeks.
  
- **Patient Education and Counseling:**
  - Discussed the nature of the diagnosis and treatment options.
  - Advised on proper technique for using nasal sprays.
  - Emphasized the importance of adherence to the prescribed treatment to reduce inflammation and improve symptoms.
  
- **Follow-up:**
  - Recommend follow-up in 2 weeks to assess the effectiveness of the treatment.
  
- **Referral:**
  - Referred the patient to allergist Dr. Jane Smith for allergy testing to identify potential allergens and tailor long-term management.
  
- **Imaging:**
  - Ordered a CT scan of the sinuses to evaluate the extent of sinus involvement.

Patient Agreements: The patient understands and agrees with the recommended medical treatment plan.

**Instructions:**
- Patient was instructed to avoid known environmental triggers and maintain saline nasal irrigation to help with nasal congestion.
- Advised to follow-up in 2 weeks or sooner if symptoms worsen.
#####"|"#####
**1. Subjective:**

**Chief Complaint (CC):**
Moderate nasal obstruction and facial pain.

**History of Present Illness (HPI):**
- Patient is a 35-year-old Caucasian male presenting with moderate nasal obstruction and facial pain.
- Duration: Symptoms have persisted for the last 6 months.
- Associated Symptoms: Reports postnasal drip, reduced sense of smell, and occasional headaches.
- Frequency: Symptoms are present daily.
- Impact on Daily Activities: Difficulty breathing through the nose, affecting sleep and concentration at work.

**Review of Systems (ROS):**
- Allergic/Immunologic: History of seasonal allergic rhinitis.
- ENT: Reports moderate nasal obstruction, facial pain, postnasal drip, reduced sense of smell, and occasional headaches.
- General: Denies fever or weight loss.
- Respiratory: No shortness of breath, but history of asthma in the family.
- Sleep: Reports poor sleep due to nasal congestion.

**2. Objective:**

**Vitals:**
- BP: 122/78
- HR: 76
- RR: 16
- Temperature: 98.2°F

**Physical Exam:**
- General: Well-nourished, well-developed male in no acute distress.
- Head and Neck: Non-tender, no lymphadenopathy.
- Nasal Endoscopy: Revealed mucosal edema and thickened discharge in the nasal passages.
- ENT: No external deformities, tympanic membranes intact and normal in appearance.

**3. Assessment:**
- Diagnosis: Other Specified Disorders of Nose and Nasal Sinuses

**4. Plan:**
- **Medical Treatment:**
  - Prescribed intranasal corticosteroids: Fluticasone propionate 50 mcg, 2 sprays in each nostril daily for 2 weeks.
  
- **Patient Education and Counseling:**
  - Discussed the nature of the diagnosis and treatment options.
  - Advised on proper technique for using nasal sprays.
  - Emphasized the importance of adherence to the prescribed treatment to reduce inflammation and improve symptoms.
  
- **Follow-up:**
  - Recommend follow-up in 2 weeks to assess the effectiveness of the treatment.
  
- **Referral:**
  - Referred the patient to allergist Dr. Jane Smith for allergy testing to identify potential allergens and tailor long-term management.
  
- **Imaging:**
  - Ordered a CT scan of the sinuses to evaluate the extent of sinus involvement.
  
- **Investigation/Test Results:**
  - Ordered Complete Blood Count (CBC) with differential to rule out infections. Awaiting results.

Patient Agreements: The patient understands and agrees with the recommended medical treatment plan.

**Instructions:**
- Patient was instructed to avoid known environmental triggers and maintain saline nasal irrigation to help with nasal congestion.
- Advised to follow-up in 2 weeks or sooner if symptoms worsen.
#####"|"#####
**1. Subjective:**

**CC:**
Moderate nasal obstruction and facial pain.

**HPI:**
- Pt is a 35 y/o Caucasian ♂ presenting with moderate nasal obstruction and facial pain.
- Duration: Sx have persisted for the last 6 mos.
- Associated Sx: Reports PND, reduced sense of smell, and occasional HAs.
- Frequency: Sx are present daily.
- Impact on ADLs: Difficulty breathing through the nose, affecting sleep and concentration at work.

**ROS:**
- Allergic/Immunologic: Hx of seasonal allergic rhinitis.
- ENT: Reports moderate nasal obstruction, facial pain, PND, reduced sense of smell, and occasional HAs.
- General: Denies fever or weight loss.
- Respiratory: No SOB, but Hx of asthma in the family.
- Sleep: Reports poor sleep due to nasal congestion.

**2. Objective:**

**Vitals:**
- BP: 122/78
- HR: 76
- RR: 16
- Temp: 98.2°F

**Physical Exam:**
- General: Well-nourished, well-developed ♂ in NAD.
- Head and Neck: Non-tender, no LAD.
- Nasal Endoscopy: Revealed mucosal edema and thickened discharge in the nasal passages.
- ENT: No external deformities, TMs intact and normal in appearance.

**3. Assessment:**
- Dx: Other Specified Disorders of Nose and Nasal Sinuses

**4. Plan:**
- **Medical Tx:**
  - Rx intranasal corticosteroids: Fluticasone propionate 50 mcg, 2 sprays in each nostril daily for 2 wks.
  
- **Pt Education and Counseling:**
  - Discussed the nature of the Dx and Tx options.
  - Advised on proper technique for using nasal sprays.
  - Emphasized the importance of adherence to the prescribed Tx to reduce inflammation and improve Sx.
  
- **Follow-up:**
  - Recommend F/U in 2 wks to assess the effectiveness of the Tx.
  
- **Referral:**
  - Referred the pt to allergist Dr. Jane Smith for allergy testing to identify potential allergens and tailor long-term mgmt.
  
- **Imaging:**
  - Ordered a CT scan of the sinuses to evaluate the extent of sinus involvement.
  
- **Investigation/Test Results:**
  - Ordered CBC with diff to r/o infections. Awaiting results.

Pt Agreements: The pt understands and agrees with the recommended medical Tx plan.

**Instructions:**
- Pt was instructed to avoid known environmental triggers and maintain saline nasal irrigation to help with nasal congestion.
- Advised to F/U in 2 wks or sooner if Sx worsen.
#####"|Otolaryngologist (ENT Specialist)|"```plaintext
[doctor] Hello, good to see you today. What brings you in?

[patient] Hi, doctor. I've been having trouble with nasal obstruction and facial pain.

[doctor] I see. Can you describe how long you've been experiencing these symptoms?

[patient] It's been going on for about 6 months now.

[doctor] Hmm, that's quite a while. Do you notice these symptoms every day?

[patient] Yes, it's pretty much a daily thing.

[doctor] Okay, and besides the nasal obstruction and facial pain, are you experiencing any other symptoms?

[patient] Yes, I also have postnasal drip, a reduced sense of smell, and occasional headaches.

[doctor] Hmm, I see. How is this affecting your daily activities?

[patient] It's making it hard to breathe through my nose, and it's affecting my sleep and concentration at work.

[doctor] That sounds difficult. Have you noticed any fever or weight loss during this time?

[patient] No, no fever or weight loss.

[doctor] Okay, and do you have any history of allergies or respiratory issues?

[patient] I have a history of seasonal allergic rhinitis.

[doctor] Got it, and do you have asthma or any other respiratory conditions?

[patient] No, but asthma does run in my family.

[doctor] Understood. How has your sleep been overall, especially with the nasal congestion?

[patient] It's been pretty poor because I can't breathe well at night.

[doctor] Alright, let's take a look at your vitals. Your blood pressure is 122/78, heart rate is 76, respiratory rate is 16, and your temperature is 98.2°F. Everything looks normal there.

[patient] Okay.

[doctor] Let's move on to the physical exam. I'll start with your head and neck. Any tenderness when I press here?

[patient] No, not really.

[doctor] Good, no lymphadenopathy. Now, I'll perform a nasal endoscopy to get a closer look inside your nasal passages.

[patient] Alright.

[doctor] The nasal endoscopy reveals mucosal edema and thickened discharge in your nasal passages. Your tympanic membranes look normal as well. No external deformities.

[patient] Okay.

[doctor] I’m going to order some blood work to rule out any infections. Specifically, a Complete Blood Count with differential. We'll wait for those results.

[patient] Sure.

[doctor] Based on your symptoms and the examination, it looks like you might have a condition affecting your nose and nasal sinuses. 

[patient] What does that mean?

[doctor] It means there could be inflammation or other issues in your nasal passages and sinuses causing your symptoms. I'll prescribe you some medication to help with this.

[patient] Alright, what kind of medication?

[doctor] I'm prescribing intranasal corticosteroids, specifically Fluticasone propionate 50 mcg. You'll need to use 2 sprays in each nostril daily for 2 weeks.

[patient] Okay, got it.

[doctor] It's important to use the nasal spray correctly for it to be effective. Make sure to aim it slightly away from the center of your nose.

[patient] I'll do that.

[doctor] Additionally, I’m referring you to an allergist, Dr. Jane Smith, for allergy testing. This will help identify any allergens that might be contributing to your symptoms.

[patient] That sounds good.

[doctor] I'll also order a CT scan of your sinuses to get a better look at the extent of any sinus involvement.

[patient] Okay, when should I do that?

[doctor] You can schedule the CT scan as soon as possible. We'll follow up in 2 weeks to see how you're responding to the treatment and review the scan results.

[patient] Alright.

[doctor] In the meantime, try to avoid any known environmental triggers and maintain saline nasal irrigation to help with the congestion.

[patient] Will do.

[doctor] Do you have any questions for me?

[patient] No, I think I understand everything.

[doctor] Great. If your symptoms worsen, please come back sooner. Otherwise, I'll see you in 2 weeks.

[patient] Thank you, doctor.

[doctor] You're welcome. Take care.
```
"|"[doctor]: Hello, good to see you today. What brings you in?

[patient]: Hi, doctor. I've been having trouble with nasal obstruction and facial pain.

[doctor]: Hmm, I see. Can you describe how long you've been experiencing these symptoms?

[patient]: It's been going on for about 6 months now.

[doctor]: Oh, that's quite a while. Do you notice these symptoms every day?

[patient]: Yes, it's pretty much a daily thing.

[doctor]: Okay, and besides the nasal obstruction and facial pain, are you experiencing any other symptoms?

[patient]: Yep, I also have postnasal drip, a reduced sense of smell, and occasional headaches.

[doctor]: Hmm, I see. How is this affecting your daily activities?

[patient]: It's making it hard to breathe through my nose, and it's affecting my sleep and concentration at work.

[doctor]: That sounds difficult. Have you noticed any fever or weight loss during this time?

[patient]: No, no fever or weight loss.

[doctor]: Okay, and do you have any history of allergies or respiratory issues?

[patient]: I have a history of seasonal allergic rhinitis.

[doctor]: Got it, and do you have asthma or any other respiratory conditions?

[patient]: No, but asthma does run in my family.

[doctor]: Understood. How has your sleep been overall, especially with the nasal congestion?

[patient]: It's been pretty poor because I can't breathe well at night.

[doctor]: Alright, let's take a look at your vitals. Your blood pressure is 122/78, heart rate is 76, respiratory rate is 16, and your temperature is 98.2°F. Everything looks normal there.

[patient]: Okay.

[doctor]: Let's move on to the physical exam. I'll start with your head and neck. Any tenderness when I press here?

[patient]: No, not really.

[doctor]: Good, no lymphadenopathy. Now, I'll perform a nasal endoscopy to get a closer look inside your nasal passages.

[patient]: Alright.

[doctor]: The nasal endoscopy reveals mucosal edema and thickened discharge in your nasal passages. Your tympanic membranes look normal as well. No external deformities.

[patient]: Okay.

[doctor]: I’m going to order some blood work to rule out any infections. Specifically, a Complete Blood Count with differential. We'll wait for those results.

[patient]: Sure.

[doctor]: Based on your symptoms and the examination, it looks like you might have a condition affecting your nose and nasal sinuses. 

[patient]: What does that mean?

[doctor]: It means there could be inflammation or other issues in your nasal passages and sinuses causing your symptoms. I'll prescribe you some medication to help with this.

[patient]: Alright, what kind of medication?

[doctor]: I'm prescribing intranasal corticosteroids, specifically Fluticasone propionate 50 mcg. You'll need to use 2 sprays in each nostril daily for 2 weeks.

[patient]: Okay, got it.

[doctor]: It's important to use the nasal spray correctly for it to be effective. Make sure to aim it slightly away from the center of your nose.

[patient]: I'll do that.

[doctor]: Additionally, I’m referring you to an allergist, Dr. Jane Smith, for allergy testing. This will help identify any allergens that might be contributing to your symptoms.

[patient]: That sounds good.

[doctor]: I'll also order a CT scan of your sinuses to get a better look at the extent of any sinus involvement.

[patient]: Okay, when should I do that?

[doctor]: You can schedule the CT scan as soon as possible. We'll follow up in 2 weeks to see how you're responding to the treatment and review the scan results.

[patient]: Alright.

[doctor]: In the meantime, try to avoid any known environmental triggers and maintain saline nasal irrigation to help with the congestion.

[patient]: Will do.

[doctor]: Do you have any questions for me?

[patient]: No, I think I understand everything.

[doctor]: Great. If your symptoms worsen, please come back sooner. Otherwise, I'll see you in 2 weeks.

[patient]: Thank you, doctor.

[doctor]: You're welcome. Take care."
OTHER SPECIFIED DISORDERS OF NOSE AND NASAL SINUSES|"ROLE: Otolaryngologist

** 1) Medical Outcome:**
- Diagnosis: Other specified disorders of nose and nasal sinuses.
- Prescribed Treatment:
  - Clindamycin 300 mg, oral, three times a day, for 7 days, quantity: 21 capsules.
  - Fluticasone nasal spray, 50 mcg per spray, 2 sprays in each nostril, once daily.
  - Antihistamine (Loratadine 10 mg), oral, once daily, as needed for symptoms.
- Follow-up Recommendations: Re-assessment in 1 month.
- Referral to Specialists: Referral to an ENT surgeon, Dr. Andrew Reynolds, for possible surgical intervention due to recurrent symptoms.
- Blood Work: Ordered Immunoglobulin E (IgE) test for assessing allergic response.

** 2) Medical History:**
- Previous Diagnoses: GERD (Gastroesophageal Reflux Disease)
- Family Medical History: Father with coronary artery disease, mother with thyroid disorder.
- Medication History: Long-term use of proton pump inhibitors for GERD.
- Allergies: Allergic to sulfa drugs.
- Chronic Conditions: Diabetes, managed with Metformin.

** 3) Symptom Description:**
- Severity: Severe
- Duration: Persistent for the last 2 years, with intermittent exacerbations.
- Associated Symptoms: Chronic nasal obstruction, greenish nasal discharge, anosmia (loss of smell), and fatigue.
- Frequency: Daily.
- Impact on Daily Activities: Significant impact on sleep, decreased productivity at work, and social withdrawal.

** 4) Patient’s self-reported habits and lifestyle:**
- Sleep: Interrupted frequently due to nasal congestion and snoring.
- Diet: High carbohydrate intake, frequent fast food consumption.
- Exercise: Minimal physical activity, sedentary lifestyle.
- Tobacco Use: Smokes one pack per day.
- Alcohol Consumption: High, around 5-6 drinks per week.
- Drug Use: None.
- Recreational Activities: Very limited, mostly watching TV.

** 5) Demographic Information:**
- Age: 47
- Gender: Female
- Ethnicity: African American
- Socio-economic Status: Lower middle class
- Education Level: High school diploma
- Health Literacy: Low
- Job Status: Unemployed

** 6) Patient's Behavior:**
- Frequently non-compliant with both dietary and medical recommendations, shows reluctance to follow treatment plans.

** 7) Geographical Location:**
- Suburban
- Food desert
- High pollution area

** 8) Clinical Setting:**
- Urgent Care Center

** 9) Type of Encounter:**
- Emergency Visit

** 12) Physical exams:**
- Nasal Examination: Bilateral nasal polyps, thick purulent discharge, significant turbinate hypertrophy, and nasal septum deviation.
- Oral Examination: Mild post-nasal drip and erythema.
- Respiratory Examination: Wheezing in the lower lung fields.

** 13) Investigation/Test results:**
- Blood Work: Awaiting Immunoglobulin E (IgE) test results."|"#####
**Subjective:**

**Chief Complaint (CC):**
- Chronic nasal obstruction and greenish nasal discharge.

**History of Present Illness (HPI):**
- The patient is a 47-year-old African American female who presents with severe, persistent nasal congestion lasting for the last 2 years. She reports intermittent exacerbations characterized by greenish nasal discharge, anosmia (loss of smell), and fatigue. She experiences these symptoms daily, which significantly impact her sleep, productivity at work, and social interactions. 

**Review of Systems (ROS):**
- **Constitutional:** Reports fatigue. Denies fever or weight loss.
- **ENT:** Chronic nasal obstruction, greenish nasal discharge, anosmia.
- **Respiratory:** Occasional wheezing, especially at night.
- **Gastrointestinal:** History of GERD. No current abdominal pain, nausea, or vomiting.
- **Cardiovascular:** Denies chest pain or palpitations.
- **Musculoskeletal:** Denies joint pain or muscle weakness.
- **Allergy/Immunologic:** Reports allergies to sulfa drugs.

**Objective:**

**Vitals:**
- Blood Pressure: 135/85 mmHg
- Heart Rate: 82 bpm
- Respiratory Rate: 18 breaths per minute
- Temperature: 98.6°F

**Physical Examination:**

**Nasal Examination:**
- Bilateral nasal polyps
- Thick purulent discharge
- Significant turbinate hypertrophy
- Nasal septum deviation

**Oral Examination:**
- Mild post-nasal drip
- Erythema of the oropharynx

**Respiratory Examination:**
- Wheezing in the lower lung fields

**Assessment:**

- **Diagnosis:** Other specified disorders of nose and nasal sinuses, likely chronic rhinosinusitis with nasal polyps.
- **Differential Diagnosis:** Allergic rhinitis, chronic sinusitis, nasal septal deviation contributing to symptoms.

**Plan:**

**Medical Treatment:**
- Clindamycin 300 mg, oral, three times a day, for 7 days, quantity: 21 capsules.
- Fluticasone nasal spray, 50 mcg per spray, 2 sprays in each nostril, once daily.
- Antihistamine (Loratadine 10 mg), oral, once daily, as needed for symptoms.

**Patient Education and Counseling:**
- Discussed the importance of medication adherence and lifestyle modifications, including the reduction of tobacco and alcohol intake and incorporating more physical activity.
- Advised on proper use of nasal spray and the need to monitor symptoms closely.

**Follow-up Recommendations:**
- Re-assessment in 1 month.
- Referral to ENT surgeon Dr. Andrew Reynolds for possible surgical intervention due to recurrent symptoms.

**Laboratory Tests:**
- Ordered Immunoglobulin E (IgE) test for assessing allergic response.

**Patient Agreements:**
- The patient understands and agrees with the recommended medical treatment plan, although she exhibits some reluctance to follow dietary and lifestyle recommendations.

#####
"|"#####
**Subjective:**

**Chief Complaint (CC):**
- Chronic nasal obstruction and greenish nasal discharge.

**History of Present Illness (HPI):**
- The patient is a 47-year-old African American female who presents with severe, persistent nasal congestion lasting for the last 2 years. She reports intermittent exacerbations characterized by greenish nasal discharge, anosmia (loss of smell), and fatigue. She experiences these symptoms daily, which significantly impact her sleep, productivity at work, and social interactions. 

**Review of Systems (ROS):**
- **Constitutional:** Reports fatigue. Denies fever or weight loss.
- **ENT:** Chronic nasal obstruction, greenish nasal discharge, anosmia.
- **Respiratory:** Occasional wheezing, especially at night.
- **Gastrointestinal:** History of GERD. No current abdominal pain, nausea, or vomiting.
- **Cardiovascular:** Denies chest pain or palpitations.
- **Musculoskeletal:** Denies joint pain or muscle weakness.
- **Allergy/Immunologic:** Reports allergies to sulfa drugs.

**Objective:**

**Vitals:**
- Blood Pressure: 135/85 mmHg
- Heart Rate: 82 bpm
- Respiratory Rate: 18 breaths per minute
- Temperature: 98.6°F

**Physical Examination:**

**Nasal Examination:**
- Bilateral nasal polyps
- Thick purulent discharge
- Significant turbinate hypertrophy
- Nasal septum deviation

**Oral Examination:**
- Mild post-nasal drip
- Erythema of the oropharynx

**Respiratory Examination:**
- Wheezing in the lower lung fields

**Assessment:**

- **Diagnosis:** Other specified disorders of nose and nasal sinuses, likely chronic rhinosinusitis with nasal polyps.
- **Differential Diagnosis:** Allergic rhinitis, chronic sinusitis, nasal septal deviation contributing to symptoms.

**Plan:**

**Medical Treatment:**
- Clindamycin 300 mg, oral, three times a day, for 7 days, quantity: 21 capsules.
- Fluticasone nasal spray, 50 mcg per spray, 2 sprays in each nostril, once daily.
- Antihistamine (Loratadine 10 mg), oral, once daily, as needed for symptoms.

**Patient Education and Counseling:**
- Discussed the importance of medication adherence and lifestyle modifications, including the reduction of tobacco and alcohol intake and incorporating more physical activity.
- Advised on proper use of nasal spray and the need to monitor symptoms closely.

**Follow-up Recommendations:**
- Re-assessment in 1 month.
- Referral to ENT surgeon Dr. Andrew Reynolds for possible surgical intervention due to recurrent symptoms.

**Laboratory Tests:**
- Ordered Immunoglobulin E (IgE) test for assessing allergic response.

**Patient Agreements:**
- The patient understands and agrees with the recommended medical treatment plan, although she exhibits some reluctance to follow dietary and lifestyle recommendations.

#####"|"#####
**Subjective:**

**CC:**
- Chronic nasal obstruction and greenish nasal discharge.

**HPI:**
- The pt is a 47 y/o African American F who presents with severe, persistent nasal congestion lasting for the last 2 yrs. She reports intermittent exacerbations characterized by greenish nasal discharge, anosmia, and fatigue. She experiences these sx daily, which significantly impact her sleep, productivity at work, and social interactions.

**ROS:**
- **Constitutional:** Reports fatigue. Denies fever or weight loss.
- **ENT:** Chronic nasal obstruction, greenish nasal discharge, anosmia.
- **Respiratory:** Occasional wheezing, especially at night.
- **GI:** Hx of GERD. No current abdominal pain, nausea, or vomiting.
- **CV:** Denies CP or palpitations.
- **MSK:** Denies joint pain or muscle weakness.
- **Allergy/Immunologic:** Reports allergies to sulfa drugs.

**Objective:**

**Vitals:**
- BP: 135/85 mmHg
- HR: 82 bpm
- RR: 18 bpm
- Temp: 98.6°F

**Physical Exam:**

**Nasal Exam:**
- Bilateral nasal polyps
- Thick purulent discharge
- Significant turbinate hypertrophy
- Nasal septum deviation

**Oral Exam:**
- Mild post-nasal drip
- Erythema of the oropharynx

**Respiratory Exam:**
- Wheezing in the lower lung fields

**Assessment:**

- **Dx:** Other specified disorders of nose and nasal sinuses, likely chronic rhinosinusitis with nasal polyps.
- **DDx:** Allergic rhinitis, chronic sinusitis, nasal septal deviation contributing to sx.

**Plan:**

**Medical Tx:**
- Clindamycin 300 mg PO TID x7 days, qty: 21 caps.
- Fluticasone nasal spray, 50 mcg per spray, 2 sprays in each nostril, QD.
- Antihistamine (Loratadine 10 mg) PO QD PRN for sx.

**Pt Education and Counseling:**
- Discussed the importance of med adherence and lifestyle modifications, including the reduction of tobacco and alcohol intake and incorporating more physical activity.
- Advised on proper use of nasal spray and the need to monitor sx closely.

**F/U Recommendations:**
- Re-assessment in 1 mo.
- Referral to ENT surgeon Dr. Andrew Reynolds for possible surgical intervention due to recurrent sx.

**Lab Tests:**
- Ordered IgE test for assessing allergic response.

**Pt Agreements:**
- The pt understands and agrees with the recommended medical tx plan, although she exhibits some reluctance to follow dietary and lifestyle recommendations.

#####"|Otolaryngologist|"**Doctor:** Hi there, how can I help you today?

**Patient:** Hi, Doctor. I've been having this chronic nasal obstruction and greenish nasal discharge for a while now.

**Doctor:** Okay, I see. How long has this been going on?

**Patient:** It's been about 2 years now, but it gets really bad sometimes.

**Doctor:** That's a long time to deal with these symptoms. Can you tell me more about these exacerbations?

**Patient:** Sure, during the bad times, I have this greenish nasal discharge, I lose my sense of smell, and I feel really tired.

**Doctor:** I see. Do these symptoms occur daily, or are they more intermittent?

**Patient:** They happen pretty much every day. It's really affecting my sleep, work, and even my social life.

**Doctor:** That sounds quite severe. Have you noticed any other symptoms like fever or weight loss?

**Patient:** No, I haven't had any fever or weight loss.

**Doctor:** What about wheezing or any respiratory issues, particularly at night?

**Patient:** I do get occasional wheezing, especially at night.

**Doctor:** And how about your gastrointestinal system? Any abdominal pain, nausea, or vomiting?

**Patient:** I have a history of GERD, but no current abdominal pain, nausea, or vomiting.

**Doctor:** Any chest pain or palpitations?

**Patient:** No, no chest pain or palpitations.

**Doctor:** How about joint pain or muscle weakness?

**Patient:** No joint pain or muscle weakness.

**Doctor:** Any allergies I should know about?

**Patient:** I'm allergic to sulfa drugs.

**Doctor:** Okay, that's good to know. Let's check your vitals. Your blood pressure is 135/85 mmHg, heart rate is 82 bpm, respiratory rate is 18 breaths per minute, and temperature is 98.6°F. Now, let's do a physical exam.

**Patient:** Alright.

**Doctor:** On your nasal examination, I see bilateral nasal polyps, thick purulent discharge, significant turbinate hypertrophy, and a nasal septum deviation. For your oral examination, there's mild post-nasal drip and erythema of the oropharynx. And I can hear wheezing in your lower lung fields.

**Patient:** What does all this mean, Doctor?

**Doctor:** Based on your symptoms and the physical exam, it looks like you have a condition called chronic rhinosinusitis with nasal polyps. We also need to consider allergic rhinitis and nasal septal deviation as contributing factors.

**Patient:** What can we do about it?

**Doctor:** I’m going to start you on Clindamycin 300 mg, three times a day for 7 days, to tackle any bacterial infection. We'll also use Fluticasone nasal spray, 2 sprays in each nostril once daily, to reduce inflammation. For your allergies, you can take an antihistamine like Loratadine 10 mg, once daily, as needed.

**Patient:** Alright, I can do that.

**Doctor:** Great. It's crucial to adhere to the medication regimen and consider some lifestyle modifications, like reducing tobacco and alcohol intake and incorporating more physical activity.

**Patient:** I'll try my best, but it's hard to change habits.

**Doctor:** I understand. We'll also need to follow up in a month to reassess your condition. I'm referring you to Dr. Andrew Reynolds, an ENT surgeon, for a possible surgical intervention due to your recurrent symptoms.

**Patient:** Do you think surgery is necessary?

**Doctor:** Given the severity and persistence of your symptoms, it might be. Dr. Reynolds will be able to provide more insight. We'll also do an Immunoglobulin E (IgE) test to assess your allergic response.

**Patient:** Okay, I understand.

**Doctor:** Do you have any questions or concerns about the treatment plan?

**Patient:** No, I think I got it. Thank you, Doctor.

**Doctor:** You're welcome. Take care and follow the instructions closely. We'll see how you’re doing in a month.

**Patient:** Will do. Thanks again.

**Doctor:** Bye now."|"[doctor]: Hi there, how can I help you today?

[patient]: Hi, Doctor. I've been having this chronic nasal obstruction and greenish nasal discharge for a while now.

[doctor]: Okay, I see. How long has this been going on?

[patient]: It's been about 2 years now, but it gets really bad sometimes.

[doctor]: That's a long time to deal with these symptoms. Can you tell me more about these exacerbations?

[patient]: Sure, during the bad times, I have this greenish nasal discharge, I lose my sense of smell, and I feel really tired.

[doctor]: I see. Do these symptoms occur daily, or are they more intermittent?

[patient]: They happen pretty much every day. It's really affecting my sleep, work, and even my social life.

[doctor]: That sounds quite severe. Have you noticed any other symptoms like fever or weight loss?

[patient]: No, I haven't had any fever or weight loss.

[doctor]: What about wheezing or any respiratory issues, particularly at night?

[patient]: I do get occasional wheezing, especially at night.

[doctor]: And how about your gastrointestinal system? Any abdominal pain, nausea, or vomiting?

[patient]: I have a history of GERD, but no current abdominal pain, nausea, or vomiting.

[doctor]: Any chest pain or palpitations?

[patient]: No, no chest pain or palpitations.

[doctor]: How about joint pain or muscle weakness?

[patient]: No joint pain or muscle weakness.

[doctor]: Any allergies I should know about?

[patient]: I'm allergic to sulfa drugs.

[doctor]: Okay, that's good to know. Let's check your vitals. Your blood pressure is 135/85 mmHg, heart rate is 82 bpm, respiratory rate is 18 breaths per minute, and temperature is 98.6°F. Now, let's do a physical exam.

[patient]: Alright.

[doctor]: On your nasal examination, I see bilateral nasal polyps, thick purulent discharge, significant turbinate hypertrophy, and a nasal septum deviation. For your oral examination, there's mild post-nasal drip and erythema of the oropharynx. And I can hear wheezing in your lower lung fields.

[patient]: What does all this mean, Doctor?

[doctor]: Based on your symptoms and the physical exam, it looks like you have a condition called chronic rhinosinusitis with nasal polyps. We also need to consider allergic rhinitis and nasal septal deviation as contributing factors.

[patient]: What can we do about it?

[doctor]: I’m going to start you on Clindamycin 300 mg, three times a day for 7 days, to tackle any bacterial infection. We'll also use Fluticasone nasal spray, 2 sprays in each nostril once daily, to reduce inflammation. For your allergies, you can take an antihistamine like Loratadine 10 mg, once daily, as needed.

[patient]: Alright, I can do that.

[doctor]: Great. It's crucial to adhere to the medication regimen and consider some lifestyle modifications, like reducing tobacco and alcohol intake and incorporating more physical activity.

[patient]: I'll try my best, but it's hard to change habits.

[doctor]: I understand. We'll also need to follow up in a month to reassess your condition. I'm referring you to Dr. Andrew Reynolds, an ENT surgeon, for a possible surgical intervention due to your recurrent symptoms.

[patient]: Do you think surgery is necessary?

[doctor]: Given the severity and persistence of your symptoms, it might be. Dr. Reynolds will be able to provide more insight. We'll also do an Immunoglobulin E (IgE) test to assess your allergic response.

[patient]: Okay, I understand.

[doctor]: Do you have any questions or concerns about the treatment plan?

[patient]: No, I think I got it. Thank you, Doctor.

[doctor]: You're welcome. Take care and follow the instructions closely. We'll see how you’re doing in a month.

[patient]: Will do. Thanks again.

[doctor]: Bye now."
OTHER SPECIFIED DISORDERS OF NOSE AND NASAL SINUSES|"ROLE: Otolaryngologist (ENT Specialist)

SCENARIO

Demographic Information:
- Age: 45
- Gender: Female
- Ethnicity: Caucasian
- Socio-economic Status: Middle-class
- Education Level: College Graduate
- Health Literacy: Moderate
- Job Status: Accountant

Medical History:
- Previous Diagnoses: Allergic Rhinitis, Chronic Sinusitis
- Family Medical History: Mother with a history of nasal polyps
- Medication History: Over-the-counter antihistamines
- Allergies: Pollen, Dust Mites
- Chronic Conditions: Asthma

Symptom Description:
- Severity: Moderate to Severe
- Duration: 3 months
- Associated Symptoms: Facial pain, Nasal congestion, Postnasal drip, Reduced sense of smell, Headaches
- Frequency: Daily
- Impact on Daily Activities: Difficulty concentrating at work, Interrupted sleep

Patient’s Self-reported Habits and Lifestyle:
- Sleep: 6 hours per night, frequently interrupted
- Diet: Balanced diet but often skips breakfast
- Exercise: Occasional walking
- Tobacco Use: Non-smoker
- Alcohol Consumption: Rarely drinks
- Drug Use: None
- Recreational Activities: Enjoys gardening, which exacerbates symptoms

Patient's Behavior:
- The level of patient's cooperation with medical advice: Highly cooperative

Geographical Location:
- Big City vs Small City: Big City
- Rural vs Urban: Urban
- Pollution and Environmental Health Risks: High pollution levels
- Neighborhood Type: Well-served by Transit, but in an area with high pollen counts

Clinical Setting:
- Specialty Clinics

Type of Encounter:
- Initial Consultation

Physical Exams:
- ENT examination revealing nasal polyps, swollen nasal passages, tenderness over maxillary sinuses

Investigation/Test results:
- Awaiting results: CT scan of Paranasal Sinuses to evaluate the extent of sinus disease
- Blood Work: Ordered Complete Blood Count (CBC) and Serum IgE levels to assess for underlying allergens

Medical Outcome:
- Diagnosis: Other specified disorders of nose and nasal sinuses
- Prescribed Treatment: Nasal corticosteroids (Fluticasone 50 mcg, 2 sprays in each nostril, once daily, 1 month supply)
- Follow-up Recommendations: Follow-up in 4 weeks to assess treatment efficacy and review CT scan results
- Referral to Specialists: NA
- Ordered Tests: CT scan of Paranasal Sinuses, Complete Blood Count (CBC), Serum IgE levels
- Lifestyle Change: Minimize gardening during high pollen seasons, use of air purifiers at home

Investigation/Test results:
- Awaiting results: CT scan of Paranasal Sinuses to evaluate the extent of sinus disease
- Blood Work: Ordered Complete Blood Count (CBC) and Serum IgE levels to assess for underlying allergens"|"#####
**1. Subjective:**
   - **Chief Complaint (CC):** Nasal congestion, facial pain, and reduced sense of smell.
   - **History of Present Illness (HPI):**
     The patient is a 45-year-old Caucasian female, presenting with moderate to severe nasal congestion, facial pain, postnasal drip, reduced sense of smell, and headaches for the past 3 months. Symptoms have been experienced daily and significantly impact her ability to concentrate at work as an accountant, along with interruptions in sleep.
     - **Associated Symptoms:** Facial pain and tenderness primarily over the maxillary sinuses, nasal congestion, postnasal drip, reduced sense of smell, and frequent headaches.
     - **Aggravating Factors:** Gardening, due to high pollen counts, worsens symptoms.
     - **Relieving Factors:** Over-the-counter antihistamines provide minimal relief.
   - **Review of Systems (ROS):**
     - **General:** No fever, nights sweats, or weight loss.
     - **ENT:** Nasal congestion, facial pain and tenderness, postnasal drip, reduced sense of smell, headaches.
     - **Respiratory:** No shortness of breath or wheezing.
     - **Cardiovascular:** No chest pain or palpitations.
     - **Gastrointestinal:** No nausea, vomiting, or diarrhea.
     - **Neurological:** Headaches but no dizziness or loss of consciousness.

**2. Objective:**
   - **Vital Signs:**
     - Blood Pressure (BP): 120/80 mmHg
     - Heart Rate (HR): 75 bpm
     - Respiratory Rate (RR): 16 breaths/min
     - Temperature: 98.6°F (37°C)
   - **Physical Examination:**
     - **ENT:**
       - Nasal passages are swollen with visible nasal polyps.
       - Tenderness upon palpation over the maxillary sinuses bilaterally.
       - No pharyngeal erythema or exudates.
     - **Respiratory:** Clear to auscultation bilaterally.
     - **Cardiovascular:** Regular rate and rhythm without murmurs.
     - **Neurological:** No focal neurological deficits noted.

**3. Assessment:**
   - **Diagnosis:** Other specified disorders of nose and nasal sinuses, likely exacerbated by allergic rhinitis and chronic sinusitis.
   - **Differential Diagnoses:**
     - Allergic rhinitis
     - Chronic sinusitis
     - Nasal polyposis

**4. Plan:**
   - **Medical Treatment:**
     - Prescribed nasal corticosteroids (Fluticasone 50 mcg, 2 sprays in each nostril, once daily, 1 month supply).
   - **Patient Education and Counseling:**
     - Advised to minimize gardening activities during high pollen seasons.
     - Suggested the use of air purifiers at home to reduce allergen exposure.
     - Discussed the importance of adhering to prescribed nasal corticosteroids for controlling symptoms.
   - **Follow-Up Recommendations:**
     - Follow-up in 4 weeks to assess the efficacy of treatment and review CT scan results.
   - **Lifestyle Changes:**
     - Minimize gardening during high pollen seasons.
     - Use of air purifiers at home.
   - **Ordered Tests:**
     - CT scan of Paranasal Sinuses to evaluate the extent of sinus disease.
     - Complete Blood Count (CBC) to check for any underlying infection or other causes.
     - Serum IgE levels to assess for allergic sensitization.

#####
"|"**1. Subjective:**
   - **Chief Complaint (CC):** Nasal congestion, facial pain, and reduced sense of smell.
   - **History of Present Illness (HPI):**
     The patient is a 45-year-old Caucasian female, presenting with moderate to severe nasal congestion, facial pain, postnasal drip, reduced sense of smell, and headaches for the past 3 months. Symptoms have been experienced daily and significantly impact her ability to concentrate at work as an accountant, along with interruptions in sleep.
     - **Associated Symptoms:** Facial pain and tenderness primarily over the maxillary sinuses, nasal congestion, postnasal drip, reduced sense of smell, and frequent headaches.
     - **Aggravating Factors:** Gardening, due to high pollen counts, worsens symptoms.
     - **Relieving Factors:** Over-the-counter antihistamines provide minimal relief.
   - **Review of Systems (ROS):**
     - **General:** No fever, nights sweats, or weight loss.
     - **ENT:** Nasal congestion, facial pain and tenderness, postnasal drip, reduced sense of smell, headaches.
     - **Respiratory:** No shortness of breath or wheezing.
     - **Cardiovascular:** No chest pain or palpitations.
     - **Gastrointestinal:** No nausea, vomiting, or diarrhea.
     - **Neurological:** Headaches but no dizziness or loss of consciousness.

**2. Objective:**
   - **Vital Signs:**
     - Blood Pressure (BP): 120/80 mmHg
     - Heart Rate (HR): 75 bpm
     - Respiratory Rate (RR): 16 breaths/min
     - Temperature: 98.6°F (37°C)
   - **Physical Examination:**
     - **ENT:**
       - Nasal passages are swollen with visible nasal polyps.
       - Tenderness upon palpation over the maxillary sinuses bilaterally.
       - No pharyngeal erythema or exudates.
     - **Respiratory:** Clear to auscultation bilaterally.
     - **Cardiovascular:** Regular rate and rhythm without murmurs.
     - **Neurological:** No focal neurological deficits noted.

**3. Assessment:**
   - **Diagnosis:** Other specified disorders of nose and nasal sinuses, likely exacerbated by allergic rhinitis and chronic sinusitis.
   - **Differential Diagnoses:**
     - Allergic rhinitis
     - Chronic sinusitis
     - Nasal polyposis

**4. Plan:**
   - **Medical Treatment:**
     - Prescribed nasal corticosteroids (Fluticasone 50 mcg, 2 sprays in each nostril, once daily, 1 month supply).
   - **Patient Education and Counseling:**
     - Advised to minimize gardening activities during high pollen seasons.
     - Suggested the use of air purifiers at home to reduce allergen exposure.
     - Discussed the importance of adhering to prescribed nasal corticosteroids for controlling symptoms.
   - **Follow-Up Recommendations:**
     - Follow-up in 4 weeks to assess the efficacy of treatment and review CT scan results.
   - **Lifestyle Changes:**
     - Minimize gardening during high pollen seasons.
     - Use of air purifiers at home.
   - **Ordered Tests:**
     - CT scan of Paranasal Sinuses to evaluate the extent of sinus disease.
     - Complete Blood Count (CBC) to check for any underlying infection or other causes.
     - Serum IgE levels to assess for allergic sensitization."|"**1. Subjective:**
   - **CC:** Nasal congestion, facial pain, and anosmia.
   - **HPI:**
     The pt is a 45 y/o Caucasian F, presenting with mod-severe nasal congestion, facial pain, PND, anosmia, and HA for the past 3 mos. Sx have been experienced daily and significantly impact her ability to concentrate at work as an accountant, along with interruptions in sleep.
     - **Assoc Sx:** Facial pain and tenderness primarily over the maxillary sinuses, nasal congestion, PND, anosmia, and frequent HA.
     - **Aggravating Factors:** Gardening, due to high pollen counts, worsens sx.
     - **Relieving Factors:** OTC antihistamines provide minimal relief.
   - **ROS:**
     - **General:** No fever, night sweats, or wt loss.
     - **ENT:** Nasal congestion, facial pain and tenderness, PND, anosmia, HA.
     - **Resp:** No SOB or wheezing.
     - **CV:** No CP or palpitations.
     - **GI:** No N/V/D.
     - **Neuro:** HA but no dizziness or LOC.

**2. Objective:**
   - **VS:**
     - BP: 120/80 mmHg
     - HR: 75 bpm
     - RR: 16 breaths/min
     - Temp: 98.6°F (37°C)
   - **PE:**
     - **ENT:**
       - Nasal passages are swollen with visible nasal polyps.
       - Tenderness upon palpation over the maxillary sinuses bilaterally.
       - No pharyngeal erythema or exudates.
     - **Resp:** Clear to auscultation bilaterally.
     - **CV:** Regular rate and rhythm without murmurs.
     - **Neuro:** No focal neuro deficits noted.

**3. Assessment:**
   - **Dx:** Other specified disorders of nose and nasal sinuses, likely exacerbated by allergic rhinitis and chronic sinusitis.
   - **DDx:**
     - Allergic rhinitis
     - Chronic sinusitis
     - Nasal polyposis

**4. Plan:**
   - **Rx:**
     - Nasal corticosteroids (Fluticasone 50 mcg, 2 sprays in each nostril, QD, 1 mo supply).
   - **Pt Ed and Counseling:**
     - Advised to minimize gardening activities during high pollen seasons.
     - Suggested the use of air purifiers at home to reduce allergen exposure.
     - Discussed the importance of adhering to prescribed nasal corticosteroids for controlling sx.
   - **F/U Recommendations:**
     - F/U in 4 wks to assess the efficacy of tx and review CT scan results.
   - **Lifestyle Changes:**
     - Minimize gardening during high pollen seasons.
     - Use of air purifiers at home.
   - **Ordered Tests:**
     - CT scan of PNS to evaluate the extent of sinus disease.
     - CBC to check for any underlying infection or other causes.
     - Serum IgE levels to assess for allergic sensitization."|Otolaryngologist (ENT Specialist)|"**Doctor:** Hi there, I'm Dr. Smith. How are you doing today?

**Patient:** Hi, Dr. Smith. I'm not doing too well. I've been having some issues.

**Doctor:** I'm sorry to hear that. What seems to be the problem?

**Patient:** I've been having really bad nasal congestion, facial pain, and I can't smell anything properly.

**Doctor:** That sounds quite uncomfortable. How long have these symptoms been going on?

**Patient:** It's been about three months now. It's been pretty constant.

**Doctor:** I see. Can you describe the severity of these symptoms? Are they mild, moderate, or severe?

**Patient:** I'd say moderate to severe. It's really affecting my ability to concentrate at work. I'm an accountant, and it's hard to focus with all this going on.

**Doctor:** I understand. Besides the nasal congestion and facial pain, are you experiencing any other symptoms?

**Patient:** Yes, I have a lot of postnasal drip, reduced sense of smell, and frequent headaches.

**Doctor:** Are there any activities that seem to make your symptoms worse?

**Patient:** Yes, gardening definitely makes it worse, especially during high pollen counts.

**Doctor:** Have you tried anything to relieve your symptoms?

**Patient:** I've tried over-the-counter antihistamines, but they only provide minimal relief.

**Doctor:** Alright. Let's review your systems to get a better understanding. Do you have any fever, night sweats, or weight loss?

**Patient:** No, none of those.

**Doctor:** How about any shortness of breath or wheezing?

**Patient:** No, I haven't had any shortness of breath or wheezing.

**Doctor:** Any chest pain or palpitations?

**Patient:** No, none of that either.

**Doctor:** Any gastrointestinal symptoms like nausea, vomiting, or diarrhea?

**Patient:** No, my stomach has been fine.

**Doctor:** Any dizziness or loss of consciousness?

**Patient:** No, just the headaches.

**Doctor:** Thank you for that information. Now, let me take a look at your vital signs. Your blood pressure is 120/80 mmHg, heart rate is 75 bpm, respiratory rate is 16 breaths per minute, and your temperature is 98.6°F.

**Patient:** Okay.

**Doctor:** I'm going to examine you now. Let's start with your ENT. Your nasal passages are swollen, and I can see visible nasal polyps. You have tenderness upon palpation over the maxillary sinuses bilaterally. There's no pharyngeal erythema or exudates.

**Patient:** Ouch, yes, it hurts when you press there.

**Doctor:** Your respiratory exam is clear to auscultation bilaterally, and your cardiovascular exam shows a regular rate and rhythm without any murmurs. Lastly, your neurological exam shows no focal neurological deficits.

**Patient:** Alright.

**Doctor:** Based on our findings, it looks like you have a disorder of the nose and nasal sinuses, likely exacerbated by allergic rhinitis and chronic sinusitis. We'll need to confirm with some tests, but this is our working diagnosis.

**Patient:** Okay, what does that mean?

**Doctor:** It means that your symptoms are likely due to a combination of allergies and chronic inflammation in your sinuses. We need to address both of these issues to help you feel better.

**Patient:** Alright, what do we need to do?

**Doctor:** I'm going to prescribe nasal corticosteroids for you. Specifically, Fluticasone 50 mcg, 2 sprays in each nostril, once daily. This should help reduce the inflammation and congestion.

**Patient:** Okay, I'll try that.

**Doctor:** Additionally, I recommend minimizing gardening activities during high pollen seasons, as this seems to aggravate your symptoms. Using air purifiers at home can also help reduce allergen exposure.

**Patient:** That makes sense. I'll try to cut back on gardening.

**Doctor:** It's also important to adhere to the nasal corticosteroids as prescribed. Consistency is key to controlling your symptoms.

**Patient:** Got it.

**Doctor:** We need to do a few tests as well. I'll order a CT scan of your paranasal sinuses to evaluate the extent of the sinus disease. We'll also do a Complete Blood Count (CBC) to check for any underlying infection or other causes, and we'll assess your serum IgE levels to look for allergic sensitization.

**Patient:** Okay, will that hurt?

**Doctor:** The tests are straightforward and shouldn't cause any significant discomfort. The CT scan is just an imaging test, and the blood tests involve a simple blood draw.

**Patient:** Alright, I can handle that.

**Doctor:** Great. We'll follow up in 4 weeks to assess the efficacy of the treatment and review the CT scan results. Does that work for you?

**Patient:** Yes, that sounds good.

**Doctor:** Do you have any questions or concerns before we wrap up?

**Patient:** No, I think you've covered everything.

**Doctor:** Excellent. If anything changes or you have any concerns before our follow-up, please don't hesitate to contact the office.

**Patient:** Thank you, Dr. Smith.

**Doctor:** You're welcome. Take care, and I'll see you in 4 weeks.

**Patient:** Thanks, see you then."|"[doctor]: Hi there, I'm Dr. Smith. How are you doing today?

[patient]: Hi, Dr. Smith. I'm not doing too well. I've been having some issues.

[doctor]: I'm sorry to hear that. What seems to be the problem?

[patient]: I've been having really bad nasal congestion, facial pain, and I can't smell anything properly.

[doctor]: That sounds quite uncomfortable. How long have these symptoms been going on?

[patient]: It's been about three months now. It's been pretty constant.

[doctor]: I see. Can you describe the severity of these symptoms? Are they mild, moderate, or severe?

[patient]: I'd say moderate to severe. It's really affecting my ability to concentrate at work. I'm an accountant, and it's hard to focus with all this going on.

[doctor]: I understand. Besides the nasal congestion and facial pain, are you experiencing any other symptoms?

[patient]: Yes, I have a lot of postnasal drip, reduced sense of smell, and frequent headaches.

[doctor]: Are there any activities that seem to make your symptoms worse?

[patient]: Yes, gardening definitely makes it worse, especially during high pollen counts.

[doctor]: Have you tried anything to relieve your symptoms?

[patient]: I've tried over-the-counter antihistamines, but they only provide minimal relief.

[doctor]: Alright. Let's review your systems to get a better understanding. Do you have any fever, night sweats, or weight loss?

[patient]: No, none of those.

[doctor]: How about any shortness of breath or wheezing?

[patient]: No, I haven't had any shortness of breath or wheezing.

[doctor]: Any chest pain or palpitations?

[patient]: No, none of that either.

[doctor]: Any gastrointestinal symptoms like nausea, vomiting, or diarrhea?

[patient]: No, my stomach has been fine.

[doctor]: Any dizziness or loss of consciousness?

[patient]: No, just the headaches.

[doctor]: Thank you for that information. Now, let me take a look at your vital signs. Your blood pressure is 120/80 mmHg, heart rate is 75 bpm, respiratory rate is 16 breaths per minute, and your temperature is 98.6°F.

[patient]: Okay.

[doctor]: I'm going to examine you now. Let's start with your ENT. Your nasal passages are swollen, and I can see visible nasal polyps. You have tenderness upon palpation over the maxillary sinuses bilaterally. There's no pharyngeal erythema or exudates.

[patient]: Ouch, yes, it hurts when you press there.

[doctor]: Your respiratory exam is clear to auscultation bilaterally, and your cardiovascular exam shows a regular rate and rhythm without any murmurs. Lastly, your neurological exam shows no focal neurological deficits.

[patient]: Alright.

[doctor]: Based on our findings, it looks like you have a disorder of the nose and nasal sinuses, likely exacerbated by allergic rhinitis and chronic sinusitis. We'll need to confirm with some tests, but this is our working diagnosis.

[patient]: Okay, what does that mean?

[doctor]: It means that your symptoms are likely due to a combination of allergies and chronic inflammation in your sinuses. We need to address both of these issues to help you feel better.

[patient]: Alright, what do we need to do?

[doctor]: I'm going to prescribe nasal corticosteroids for you. Specifically, Fluticasone 50 mcg, 2 sprays in each nostril, once daily. This should help reduce the inflammation and congestion.

[patient]: Okay, I'll try that.

[doctor]: Additionally, I recommend minimizing gardening activities during high pollen seasons, as this seems to aggravate your symptoms. Using air purifiers at home can also help reduce allergen exposure.

[patient]: That makes sense. I'll try to cut back on gardening.

[doctor]: It's also important to adhere to the nasal corticosteroids as prescribed. Consistency is key to controlling your symptoms.

[patient]: Got it.

[doctor]: We need to do a few tests as well. I'll order a CT scan of your paranasal sinuses to evaluate the extent of the sinus disease. We'll also do a Complete Blood Count (CBC) to check for any underlying infection or other causes, and we'll assess your serum IgE levels to look for allergic sensitization.

[patient]: Okay, will that hurt?

[doctor]: The tests are straightforward and shouldn't cause any significant discomfort. The CT scan is just an imaging test, and the blood tests involve a simple blood draw.

[patient]: Alright, I can handle that.

[doctor]: Great. We'll follow up in 4 weeks to assess the efficacy of the treatment and review the CT scan results. Does that work for you?

[patient]: Yes, that sounds good.

[doctor]: Do you have any questions or concerns before we wrap up?

[patient]: No, I think you've covered everything.

[doctor]: Excellent. If anything changes or you have any concerns before our follow-up, please don't hesitate to contact the office.

[patient]: Thank you, Dr. Smith.

[doctor]: You're welcome. Take care, and I'll see you in 4 weeks.

[patient]: Thanks, see you then."
OTHER SPECIFIED DISORDERS OF NOSE AND NASAL SINUSES|"ROLE: Otolaryngologist

** Demographic Information: **
- Age: 45
- Gender: Male
- Ethnicity: Caucasian
- Socio-economic Status: Middle class
- Education Level: College graduate
- Health Literacy: Moderate
- Job Status: Accountant

** Clinical Setting: **
- Otolaryngology Clinic

** Type of Encounter: **
- Initial Consultation

** Symptom Description: **
- Severity: Moderate
- Duration: 3 months
- Associated Symptoms: Frequent nasal congestion, occasional headaches, post-nasal drip, reduced sense of smell, mild facial pain
- Frequency: Daily
- Impact on Daily Activities: Difficulty breathing through the nose, affecting sleep and concentration at work

** Medical History: **
- Previous Diagnoses: Seasonal Allergies
- Family Medical History: Father has a history of chronic sinusitis
- Medication History: Uses over-the-counter antihistamines and nasal decongestants with partial relief
- Allergies: None
- Chronic Conditions: None

** Patient’s self-reported habits and lifestyle: **
- Sleep: Poor quality, wakes up frequently due to nasal congestion
- Diet: Balanced
- Exercise: Regular moderate exercise (jogging 3 times a week)
- Tobacco Use: None
- Alcohol Consumption: Socially, 1-2 times a week
- Drug Use: None
- Recreational Activities: Enjoys hiking and reading

** Patient's Behavior: **
- Generally compliant with medical advice, motivated to resolve symptoms

** Geographical Location: **
- Big City (urban)
- Neighborhood Type: Affluent, well-served by transit, not a food desert

** Investigation/Test results: **
- Awaiting results: CT scan of the sinuses to evaluate for any anatomical abnormalities or sinus pathology
- Ordered blood work for: Complete Blood Count (CBC) to check for any possible underlying infection or allergic reaction

** Physical exams: **
- Nasal Endoscopy: Revealed nasal polyps and moderate inflammation of the nasal mucosa

** Medical Outcome: **
- Diagnosis: ICD-10 Code J34.89 - Other Specified Disorders of Nose and Nasal Sinuses
- Prescribed Treatment:
  - Medication: Intranasal corticosteroid spray 
    - Dose: Fluticasone propionate 50 mcg
    - Units: One spray in each nostril
    - Frequency: Twice daily
    - Duration: 4 weeks
    - Quantity: 2 bottles
    - Route: Intranasal
  - Oral corticosteroids as a short-term treatment
    - Dose: Prednisone 20 mg
    - Frequency: Once daily
    - Duration: 7 days
    - Quantity: 7 tablets
    - Route: Oral
- Follow-up Recommendations: Follow up in 4 weeks for reassessment
- Referral to Specialists: Considering referral to an allergist if symptoms persist despite treatment, for possible allergy testing and management  
- Lifestyle Change: Suggested steam inhalation daily and using a humidifier at home to alleviate nasal congestion"|"#####
** 1. Subjective: **

** Chief Complaint (CC): **
Frequent nasal congestion, occasional headaches, post-nasal drip, reduced sense of smell, mild facial pain.

** History of Present Illness (HPI): **
The patient is a 45-year-old Caucasian male accountant who presents with a 3-month history of moderate nasal congestion, occasional headaches, post-nasal drip, reduced sense of smell, and mild facial pain. Symptoms are present daily and significantly impact breathing, sleep, and concentration at work. The patient has been using over-the-counter antihistamines and nasal decongestants with partial relief. He has a known history of seasonal allergies and his father has a history of chronic sinusitis.

** Review of Systems (ROS): **
- **Constitutional:** No fevers, chills, or weight loss.
- **ENT:** Frequent nasal congestion, occasional headaches, post-nasal drip, reduced sense of smell, mild facial pain.
- **Respiratory:** No shortness of breath, wheezing, or cough.
- **Cardiovascular:** No chest pain, palpitations, or edema.
- **Gastrointestinal:** No nausea, vomiting, or abdominal pain.
- **Neurological:** No dizziness, blurred vision, or weakness.

** 2. Objective: **

** Physical Examination: **
- **General:** No acute distress, alert and oriented.
- **ENT:**
  - Nasal Endoscopy: Revealed nasal polyps and moderate inflammation of the nasal mucosa.
- **Respiratory:** Lungs clear to auscultation bilaterally. No wheezes or rales.
- **Cardiovascular:** Regular rate and rhythm. No murmurs, gallops, or rubs.
- **Neurological:** Cranial nerves II-XII intact. No focal neurological deficits.

** Results: **
Awaiting results for:
- **CT scan of the sinuses:** To evaluate for any anatomical abnormalities or sinus pathology.
- **Blood Work:** Complete Blood Count (CBC) to check for any possible underlying infection or allergic reaction.

** 3. Assessment: **
The patient is a 45-year-old male with a 3-month history of moderate nasal congestion, post-nasal drip, reduced sense of smell, and mild facial pain. The nasal endoscopy revealed nasal polyps and moderate inflammation of the nasal mucosa. Given the patient's history and current presentation, the diagnosis is ICD-10 Code J34.89 - Other Specified Disorders of Nose and Nasal Sinuses. Differential diagnoses include chronic rhinosinusitis and allergic rhinitis.

** 4. Plan: **

- **Medication:**
  - **Intranasal corticosteroid spray:**
    - **Medication:** Fluticasone propionate 50 mcg
    - **Dose:** One spray in each nostril
    - **Frequency:** Twice daily
    - **Duration:** 4 weeks
    - **Quantity:** 2 bottles
    - **Route:** Intranasal
  - **Oral corticosteroids:**
    - **Medication:** Prednisone 20 mg
    - **Frequency:** Once daily
    - **Duration:** 7 days
    - **Quantity:** 7 tablets
    - **Route:** Oral

- **Follow-up Recommendations:**
  - Follow up in 4 weeks for reassessment.
  
- **Referral to Specialists:**
  - Considering referral to an allergist if symptoms persist despite treatment, for possible allergy testing and management.

- **Lifestyle Change:**
  - Suggested steam inhalation daily and using a humidifier at home to alleviate nasal congestion.

Patient Agreements: The patient understands and agrees with the recommended medical treatment plan.
#####"|"** 1. Subjective: **

** Chief Complaint (CC): **
Frequent nasal congestion, occasional headaches, post-nasal drip, reduced sense of smell, mild facial pain.

** History of Present Illness (HPI): **
The patient is a 45-year-old Caucasian male accountant named John Smith who presents with a 3-month history of moderate nasal congestion, occasional headaches, post-nasal drip, reduced sense of smell, and mild facial pain. Symptoms are present daily and significantly impact breathing, sleep, and concentration at work. The patient has been using over-the-counter antihistamines and nasal decongestants with partial relief. He has a known history of seasonal allergies and his father has a history of chronic sinusitis.

** Review of Systems (ROS): **
- **Constitutional:** No fevers, chills, or weight loss.
- **ENT:** Frequent nasal congestion, occasional headaches, post-nasal drip, reduced sense of smell, mild facial pain.
- **Respiratory:** No shortness of breath, wheezing, or cough.
- **Cardiovascular:** No chest pain, palpitations, or edema.
- **Gastrointestinal:** No nausea, vomiting, or abdominal pain.
- **Neurological:** No dizziness, blurred vision, or weakness.

** 2. Objective: **

** Physical Examination: **
- **General:** No acute distress, alert and oriented.
- **ENT:**
  - Nasal Endoscopy: Revealed nasal polyps and moderate inflammation of the nasal mucosa.
- **Respiratory:** Lungs clear to auscultation bilaterally. No wheezes or rales.
- **Cardiovascular:** Regular rate and rhythm. No murmurs, gallops, or rubs.
- **Neurological:** Cranial nerves II-XII intact. No focal neurological deficits.

** Results: **
- Awaiting results for:
  - **CT scan of the sinuses:** To evaluate for any anatomical abnormalities or sinus pathology.
  - **Blood Work:** Complete Blood Count (CBC) to check for any possible underlying infection or allergic reaction.

** 3. Assessment: **
The patient is a 45-year-old male with a 3-month history of moderate nasal congestion, post-nasal drip, reduced sense of smell, and mild facial pain. The nasal endoscopy revealed nasal polyps and moderate inflammation of the nasal mucosa. Given the patient's history and current presentation, the diagnosis is ICD-10 Code J34.89 - Other Specified Disorders of Nose and Nasal Sinuses. Differential diagnoses include chronic rhinosinusitis and allergic rhinitis.

** 4. Plan: **

- **Medication:**
  - **Intranasal corticosteroid spray:**
    - **Medication:** Fluticasone propionate 50 mcg
    - **Dose:** One spray in each nostril
    - **Frequency:** Twice daily
    - **Duration:** 4 weeks
    - **Quantity:** 2 bottles
    - **Route:** Intranasal
  - **Oral corticosteroids:**
    - **Medication:** Prednisone 20 mg
    - **Frequency:** Once daily
    - **Duration:** 7 days
    - **Quantity:** 7 tablets
    - **Route:** Oral

- **Follow-up Recommendations:**
  - Follow up in 4 weeks for reassessment.
  
- **Referral to Specialists:**
  - Considering referral to an allergist, Dr. Emily Johnson, if symptoms persist despite treatment, for possible allergy testing and management.

- **Lifestyle Change:**
  - Suggested steam inhalation daily and using a humidifier at home to alleviate nasal congestion.

Patient Agreements: The patient understands and agrees with the recommended medical treatment plan."|"** 1. Subjective: **

** CC: **
Frequent nasal congestion, occasional HA, PND, reduced sense of smell, mild facial pain.

** HPI: **
The pt is a 45 y/o Caucasian male accountant named John Smith who presents with a 3-month hx of moderate nasal congestion, occasional HA, PND, reduced sense of smell, and mild facial pain. Sx are present daily and significantly impact breathing, sleep, and concentration at work. The pt has been using OTC antihistamines and nasal decongestants with partial relief. He has a known hx of seasonal allergies and his father has a hx of chronic sinusitis.

** ROS: **
- **Constitutional:** No fevers, chills, or weight loss.
- **ENT:** Frequent nasal congestion, occasional HA, PND, reduced sense of smell, mild facial pain.
- **Respiratory:** No SOB, wheezing, or cough.
- **Cardiovascular:** No CP, palpitations, or edema.
- **Gastrointestinal:** No N/V, or abdominal pain.
- **Neurological:** No dizziness, blurred vision, or weakness.

** 2. Objective: **

** PE: **
- **General:** No acute distress, alert and oriented.
- **ENT:**
  - Nasal Endoscopy: Revealed nasal polyps and moderate inflammation of the nasal mucosa.
- **Respiratory:** Lungs clear to auscultation bilaterally. No wheezes or rales.
- **Cardiovascular:** RRR. No murmurs, gallops, or rubs.
- **Neurological:** CN II-XII intact. No focal neurological deficits.

** Results: **
- Awaiting results for:
  - **CT sinuses:** To evaluate for any anatomical abnormalities or sinus pathology.
  - **Blood Work:** CBC to check for any possible underlying infection or allergic reaction.

** 3. Assessment: **
The pt is a 45 y/o male with a 3-month hx of moderate nasal congestion, PND, reduced sense of smell, and mild facial pain. The nasal endoscopy revealed nasal polyps and moderate inflammation of the nasal mucosa. Given the pt's hx and current presentation, the dx is ICD-10 Code J34.89 - Other Specified Disorders of Nose and Nasal Sinuses. Differential dx includes chronic rhinosinusitis and allergic rhinitis.

** 4. Plan: **

- **Rx:**
  - **Intranasal corticosteroid spray:**
    - **Med:** Fluticasone propionate 50 mcg
    - **Dose:** One spray in each nostril
    - **Freq:** BID
    - **Duration:** 4 weeks
    - **Qty:** 2 bottles
    - **Route:** Intranasal
  - **Oral corticosteroids:**
    - **Med:** Prednisone 20 mg
    - **Freq:** QD
    - **Duration:** 7 days
    - **Qty:** 7 tabs
    - **Route:** PO

- **F/U Recommendations:**
  - F/U in 4 weeks for reassessment.
  
- **Referral to Specialists:**
  - Considering referral to an allergist, Dr. Emily Johnson, if sx persist despite tx, for possible allergy testing and mgmt.

- **Lifestyle Change:**
  - Suggested steam inhalation daily and using a humidifier at home to alleviate nasal congestion.

Pt Agreements: The pt understands and agrees with the recommended medical tx plan."|Otolaryngologist|"```markdown
[doctor] Hi there, how are you doing today?

[patient] Hi, I'm alright. Just been dealing with some annoying symptoms lately.

[doctor] Okay, can you tell me more about what's been bothering you?

[patient] Sure, I've had this nasal congestion for about three months now. It's pretty moderate, but it's there every day. I also get occasional headaches and there's this post-nasal drip that's really irritating. My sense of smell isn't what it used to be either, and I've been having some mild facial pain.

[doctor] I see. That sounds quite uncomfortable. How have these symptoms been affecting your daily life?

[patient] It's been tough, honestly. Breathing is harder, my sleep is disrupted, and it's affecting my concentration at work. I'm an accountant, so I need to be focused.

[doctor] That must be frustrating. Have you tried anything to relieve these symptoms?

[patient] Yes, I've been using over-the-counter antihistamines and nasal decongestants. They help a little, but not enough.

[doctor] Okay, and do you have any known medical conditions or family history that might be relevant?

[patient] I have seasonal allergies, and my father had chronic sinusitis.

[doctor] Thanks for sharing that. Let's go through a quick review of your systems. Have you had any fevers, chills, or weight loss?

[patient] No, none of those.

[doctor] Any shortness of breath, wheezing, or cough?

[patient] No, my breathing is fine except for the nasal congestion.

[doctor] Any chest pain, palpitations, or swelling in your legs?

[patient] No, nothing like that.

[doctor] How about nausea, vomiting, or abdominal pain?

[patient] No issues there either.

[doctor] Any dizziness, blurred vision, or weakness?

[patient] No, I haven't noticed anything like that.

[doctor] Alright, let's move on to the physical examination. I'll start by checking your general condition. You seem to be in no acute distress and are alert and oriented.

[patient] Yes, I feel okay apart from the symptoms I mentioned.

[doctor] Now, I'll perform a nasal endoscopy to get a closer look at your nasal passages. This might feel a bit uncomfortable but it will be quick.

[patient] Okay, I'm ready.

[doctor] Alright, I'm seeing some nasal polyps and moderate inflammation of the nasal mucosa.

[patient] What does that mean?

[doctor] Nasal polyps are noncancerous growths in the lining of your nasal passages or sinuses. The inflammation suggests an ongoing issue, possibly related to your allergies or another underlying condition.

[patient] I see. Is it serious?

[doctor] It's something we need to address, but it's manageable. Let's also check your lungs. Take a deep breath in and out for me.

[patient] (Breathes deeply)

[doctor] Your lungs are clear to auscultation bilaterally. No wheezes or rales. Now, for your heart, I’m listening for any irregularities.

[patient] Okay.

[doctor] Your cardiovascular exam is normal as well. Regular rate and rhythm, no murmurs, gallops, or rubs. Lastly, I'll check your neurological function quickly. Can you follow my finger with your eyes?

[patient] Sure.

[doctor] Great, your cranial nerves II-XII are intact, and there are no focal neurological deficits.

[patient] That's good to hear.

[doctor] Now, we’re awaiting the results for a CT scan of your sinuses and some blood work. The CT scan will help us evaluate for any anatomical abnormalities or sinus pathology, and the blood work, a Complete Blood Count (CBC), will check for any possible underlying infection or allergic reaction.

[patient] Okay, that makes sense.

[doctor] Based on your symptoms and the nasal endoscopy findings, it seems you may have a condition classified under ICD-10 Code J34.89 - Other Specified Disorders of Nose and Nasal Sinuses. This includes possibilities like chronic rhinosinusitis and allergic rhinitis.

[patient] What can we do to treat it?

[doctor] I'm going to prescribe you some medications. First, an intranasal corticosteroid spray called Fluticasone propionate 50 mcg. You'll use one spray in each nostril twice daily for 4 weeks. Here's a prescription for 2 bottles.

[patient] Got it.

[doctor] I'll also prescribe you oral corticosteroids, Prednisone 20 mg. Take one tablet once daily for 7 days. You'll need 7 tablets in total.

[patient] Okay, I can do that.

[doctor] Additionally, I recommend steam inhalation daily and using a humidifier at home to help alleviate the nasal congestion.

[patient] I'll try that. Anything else?

[doctor] We'll schedule a follow-up in 4 weeks to reassess your condition. If your symptoms persist despite the treatment, I might refer you to an allergist for possible allergy testing and further management.

[patient] Sounds like a plan.

[doctor] Do you have any questions or concerns about this plan?

[patient] No, it all sounds good to me. Thank you.

[doctor] You're welcome. If anything changes or you have any concerns before your follow-up, don't hesitate to contact us.

[patient] Will do. Thanks again, doctor.

[doctor] Take care and see you in 4 weeks.
```"|"```markdown
[doctor] Hi there, how are you doing today?

[patient] Hi, I'm alright. Just been dealing with some annoying symptoms lately.

[doctor] Okay, can you tell me more about what's been bothering you?

[patient] Sure, I've had this nasal congestion for about three months now. It's pretty moderate, but it's there every day. I also get occasional headaches and there's this post-nasal drip that's really irritating. My sense of smell isn't what it used to be either, and I've been having some mild facial pain.

[doctor] I see. That sounds quite uncomfortable. How have these symptoms been affecting your daily life?

[patient] It's been tough, honestly. Breathing is harder, my sleep is disrupted, and it's affecting my concentration at work. I'm an accountant, so I need to be focused.

[doctor] That must be frustrating. Have you tried anything to relieve these symptoms?

[patient] Yes, I've been using over-the-counter antihistamines and nasal decongestants. They help a little, but not enough.

[doctor] Okay, and do you have any known medical conditions or family history that might be relevant?

[patient] I have seasonal allergies, and my father had chronic sinusitis.

[doctor] Thanks for sharing that. Let's go through a quick review of your systems. Have you had any fevers, chills, or weight loss?

[patient] No, none of those.

[doctor] Any shortness of breath, wheezing, or cough?

[patient] No, my breathing is fine except for the nasal congestion.

[doctor] Any chest pain, palpitations, or swelling in your legs?

[patient] No, nothing like that.

[doctor] How about nausea, vomiting, or abdominal pain?

[patient] No issues there either.

[doctor] Any dizziness, blurred vision, or weakness?

[patient] No, I haven't noticed anything like that.

[doctor] Alright, let's move on to the physical examination. I'll start by checking your general condition. You seem to be in no acute distress and are alert and oriented.

[patient] Yes, I feel okay apart from the symptoms I mentioned.

[doctor] Now, I'll perform a nasal endoscopy to get a closer look at your nasal passages. This might feel a bit uncomfortable but it will be quick.

[patient] Okay, I'm ready.

[doctor] Alright, I'm seeing some nasal polyps and moderate inflammation of the nasal mucosa.

[patient] What does that mean?

[doctor] Nasal polyps are noncancerous growths in the lining of your nasal passages or sinuses. The inflammation suggests an ongoing issue, possibly related to your allergies or another underlying condition.

[patient] I see. Is it serious?

[doctor] It's something we need to address, but it's manageable. Let's also check your lungs. Take a deep breath in and out for me.

[patient] (Breathes deeply)

[doctor] Your lungs are clear to auscultation bilaterally. No wheezes or rales. Now, for your heart, I’m listening for any irregularities.

[patient] Okay.

[doctor] Your cardiovascular exam is normal as well. Regular rate and rhythm, no murmurs, gallops, or rubs. Lastly, I'll check your neurological function quickly. Can you follow my finger with your eyes?

[patient] Sure.

[doctor] Great, your cranial nerves II-XII are intact, and there are no focal neurological deficits.

[patient] That's good to hear.

[doctor] Now, we’re awaiting the results for a CT scan of your sinuses and some blood work. The CT scan will help us evaluate for any anatomical abnormalities or sinus pathology, and the blood work, a Complete Blood Count (CBC), will check for any possible underlying infection or allergic reaction.

[patient] Okay, that makes sense.

[doctor] Based on your symptoms and the nasal endoscopy findings, it seems you may have a condition classified under Other Specified Disorders of Nose and Nasal Sinuses. This includes possibilities like chronic rhinosinusitis and allergic rhinitis.

[patient] What can we do to treat it?

[doctor] I'm going to prescribe you some medications. First, an intranasal corticosteroid spray called Fluticasone propionate 50 mcg. You'll use one spray in each nostril twice daily for 4 weeks. Here's a prescription for 2 bottles.

[patient] Got it.

[doctor] I'll also prescribe you oral corticosteroids, Prednisone 20 mg. Take one tablet once daily for 7 days. You'll need 7 tablets in total.

[patient] Okay, I can do that.

[doctor] Additionally, I recommend steam inhalation daily and using a humidifier at home to help alleviate the nasal congestion.

[patient] I'll try that. Anything else?

[doctor] We'll schedule a follow-up in 4 weeks to reassess your condition. If your symptoms persist despite the treatment, I might refer you to an allergist for possible allergy testing and further management.

[patient] Sounds like a plan.

[doctor] Do you have any questions or concerns about this plan?

[patient] No, it all sounds good to me. Thank you.

[doctor] You're welcome. If anything changes or you have any concerns before your follow-up, don't hesitate to contact us.

[patient] Will do. Thanks again, doctor.

[doctor] Take care and see you in 4 weeks.
```"
OTHER SPECIFIED DISORDERS OF NOSE AND NASAL SINUSES|"**ROLE:** Otolaryngologist (ENT Specialist)

**SCENARIO**

- **Medical Outcome:** 
  - Diagnosis: Other Specified Disorders of Nose and Nasal Sinuses (ICD-10 code J34.89)
  - Prescribed Treatment: 
    - Medication: Fluticasone nasal spray, 50 mcg, 2 sprays in each nostril once daily for 4 weeks
    - Lifestyle Change: Advise on allergen avoidance and use of humidifiers in dry environments
  - Follow-up Recommendations: Follow-up appointment in 4 weeks to assess symptom improvement and review medication adherence
  - Referral: Referral to an allergist for further evaluation due to suspected allergy component, Dr. Sarah Johnson

- **Medical History:**
  - Previous Diagnoses: Recurrent sinusitis, Allergic rhinitis
  - Family Medical History: Mother has asthma and allergic rhinitis
  - Medication History: Intermittent use of over-the-counter nasal decongestants
  - Allergies: No known drug allergies
  - Chronic Conditions: None

- **Symptom Description:**
  - Severity: Moderate
  - Duration: 6 months
  - Associated Symptoms: Intermittent nasal congestion, postnasal drip, occasional headaches
  - Frequency: Daily, worse in the morning and evening
  - Impact on Daily Activities: Disruptions in sleep, difficulty concentrating at work

- **Patient’s self-reported habits and lifestyle:**
  - Sleep: Reports 6 hours of disrupted sleep due to nasal congestion
  - Diet: Balanced diet with occasional fast food
  - Exercise: Runs 3 times a week
  - Tobacco Use: None
  - Alcohol Consumption: Social drinker, ~2 drinks per week
  - Drug Use: None
  - Recreational Activities: Enjoys hiking and spending time outdoors

- **Demographic Information:**
  - Age: 34
  - Gender: Female
  - Ethnicity: Caucasian
  - Socio-economic Status: Middle class
  - Education Level: Bachelor's degree
  - Health Literacy: High
  - Job Status: Office manager

- **Patient's Behavior:**
  - High level of cooperation with medical advice

- **Geographical Location:**
  - Big City
  - Urban
  - Moderate pollution and environmental health risks
  - Affluent neighborhood
  - Well-served by transit

- **Clinical Setting:**
  - Clinic

- **Type of Encounter:**
  - Initial Consultation

- **Treatment Disparities:**
  - None identified

- **Native or Non-Native English Speaking Patient:**
  - Native English speaker

- **Physical exams:**
  - HEENT: Moderate nasal mucosal edema, clear postnasal drip, mild tenderness over the maxillary sinuses

- **Investigation/Test results:**
  - Awaiting results from recent sinus CT scan: Ordered to assess for structural abnormalities or chronic sinusitis. 

This scenario provides all the necessary details and allows for a comprehensive understanding of the patient's condition and the appropriate medical note to be generated."|"**1. Subjective:**

**Chief Complaint (CC):** 
Intermittent nasal congestion, postnasal drip, and occasional headaches.

**History of Present Illness (HPI):** 
34-year-old female presents with a 6-month history of moderate intermittent nasal congestion, postnasal drip, and occasional headaches. Symptoms are worse in the morning and evening and occur daily, causing disruptions in sleep and difficulty concentrating at work. She has a history of recurrent sinusitis and allergic rhinitis. Her mother has asthma and allergic rhinitis. She has been using over-the-counter nasal decongestants intermittently with minimal relief.

**Review of Systems (ROS):**
- **Constitutional:** Negative for fever, chills, or unintentional weight loss.
- **HEENT:** Positive for nasal congestion, postnasal drip, and occasional headaches. Negative for ear pain, sore throat, or visual changes.
- **Respiratory:** No shortness of breath or wheezing.
- **Gastrointestinal:** No nausea, vomiting, or abdominal pain.
- **Neurological:** No dizziness, weakness, or numbness.

**2. Objective:**

**Vital Signs:**
- Blood Pressure: 120/78 mmHg
- Heart Rate: 72 bpm
- Respiratory Rate: 16 breaths per minute
- Temperature: 98.6°F

**Physical Exam:**
- **HEENT:** Moderate nasal mucosal edema, clear postnasal drip, mild tenderness over the maxillary sinuses. No oropharyngeal erythema or exudate. Tympanic membranes are clear.
- **Respiratory:** Lungs clear to auscultation bilaterally.
- **Cardiovascular:** Heart sounds normal, no murmurs.
- **Neurological:** Alert and oriented, cranial nerves II-XII intact.

**Investigations:**
- Awaiting results from recent sinus CT scan ordered to assess for structural abnormalities or chronic sinusitis.

**3. Assessment:**

**Diagnosis:** 
- Other Specified Disorders of Nose and Nasal Sinuses (ICD-10 code J34.89)
- Suspected underlying allergic component.

**4. Plan:**

**Medications:**
- Prescribe Fluticasone nasal spray, 50 mcg, 2 sprays in each nostril once daily for 4 weeks.

**Lifestyle and Home Management:**
- Advise the patient on allergen avoidance and recommend the use of humidifiers in dry environments.

**Follow-up Recommendations:**
- Schedule a follow-up appointment in 4 weeks to assess symptom improvement and review medication adherence.

**Referral:**
- Refer to Dr. Sarah Johnson, an allergist, for further evaluation of the suspected allergy component.

**Patient Education:**
- Discuss the importance of consistent use of nasal spray.
- Provide information on potential side effects and what to do if they occur.
- Emphasize the role of allergen avoidance and maintaining a humid environment in managing symptoms.

**Instructions:**
- Follow up in 4 weeks, sooner if symptoms worsen.
- Contact the office if there are any acute changes or concerns.

**Note:**
- Awaiting sinus CT scan results, which will be reviewed upon receipt and discussed with the patient during the follow-up visit."|"**1. Subjective:**

**Chief Complaint (CC):** 
Intermittent nasal congestion, postnasal drip, and occasional headaches.

**History of Present Illness (HPI):** 
34-year-old female presents with a 6-month history of moderate intermittent nasal congestion, postnasal drip, and occasional headaches. Symptoms are worse in the morning and evening and occur daily, causing disruptions in sleep and difficulty concentrating at work. She has a history of recurrent sinusitis and allergic rhinitis. Her mother has asthma and allergic rhinitis. She has been using over-the-counter nasal decongestants intermittently with minimal relief.

**Review of Systems (ROS):**
- **Constitutional:** Negative for fever, chills, or unintentional weight loss.
- **HEENT:** Positive for nasal congestion, postnasal drip, and occasional headaches. Negative for ear pain, sore throat, or visual changes.
- **Respiratory:** No shortness of breath or wheezing.
- **Gastrointestinal:** No nausea, vomiting, or abdominal pain.
- **Neurological:** No dizziness, weakness, or numbness.

**2. Objective:**

**Vital Signs:**
- Blood Pressure: 120/78 mmHg
- Heart Rate: 72 bpm
- Respiratory Rate: 16 breaths per minute
- Temperature: 98.6°F

**Physical Exam:**
- **HEENT:** Moderate nasal mucosal edema, clear postnasal drip, mild tenderness over the maxillary sinuses. No oropharyngeal erythema or exudate. Tympanic membranes are clear.
- **Respiratory:** Lungs clear to auscultation bilaterally.
- **Cardiovascular:** Heart sounds normal, no murmurs.
- **Neurological:** Alert and oriented, cranial nerves II-XII intact.

**Investigations:**
- Awaiting results from recent sinus CT scan ordered to assess for structural abnormalities or chronic sinusitis.

**3. Assessment:**

**Diagnosis:** 
- Other Specified Disorders of Nose and Nasal Sinuses (ICD-10 code J34.89)
- Suspected underlying allergic component.

**4. Plan:**

**Medications:**
- Prescribe Fluticasone nasal spray, 50 mcg, 2 sprays in each nostril once daily for 4 weeks.

**Lifestyle and Home Management:**
- Advise the patient on allergen avoidance and recommend the use of humidifiers in dry environments.

**Follow-up Recommendations:**
- Schedule a follow-up appointment in 4 weeks to assess symptom improvement and review medication adherence.

**Referral:**
- Refer to Dr. Sarah Johnson, an allergist, for further evaluation of the suspected allergy component.

**Patient Education:**
- Discuss the importance of consistent use of nasal spray.
- Provide information on potential side effects and what to do if they occur.
- Emphasize the role of allergen avoidance and maintaining a humid environment in managing symptoms.

**Instructions:**
- Follow up in 4 weeks, sooner if symptoms worsen.
- Contact the office if there are any acute changes or concerns.

**Note:**
- Awaiting sinus CT scan results, which will be reviewed upon receipt and discussed with the patient during the follow-up visit."|"**1. Subjective:**

**CC:** 
Intermittent nasal congestion, PND, and occasional HAs.

**HPI:** 
34 y/o F presents with a 6-month hx of moderate intermittent nasal congestion, PND, and occasional HAs. Symptoms are worse in the AM and PM and occur daily, causing disruptions in sleep and difficulty concentrating at work. She has a hx of recurrent sinusitis and allergic rhinitis. Her mother has asthma and allergic rhinitis. She has been using OTC nasal decongestants intermittently with minimal relief.

**ROS:**
- **Constitutional:** Negative for fever, chills, or unintentional weight loss.
- **HEENT:** Positive for nasal congestion, PND, and occasional HAs. Negative for ear pain, sore throat, or visual changes.
- **Respiratory:** No SOB or wheezing.
- **GI:** No N/V or abdominal pain.
- **Neuro:** No dizziness, weakness, or numbness.

**2. Objective:**

**VS:**
- BP: 120/78 mmHg
- HR: 72 bpm
- RR: 16 bpm
- Temp: 98.6°F

**PE:**
- **HEENT:** Moderate nasal mucosal edema, clear PND, mild tenderness over the maxillary sinuses. No oropharyngeal erythema or exudate. TMs are clear.
- **Resp:** Lungs CTA bilaterally.
- **CV:** Heart sounds normal, no murmurs.
- **Neuro:** A&O, CN II-XII intact.

**Investigations:**
- Awaiting results from recent sinus CT scan ordered to assess for structural abnormalities or chronic sinusitis.

**3. Assessment:**

**Dx:** 
- Other Specified Disorders of Nose and Nasal Sinuses (ICD-10 code J34.89)
- Suspected underlying allergic component.

**4. Plan:**

**Meds:**
- Rx Fluticasone nasal spray, 50 mcg, 2 sprays in each nostril QD for 4 weeks.

**Lifestyle and Home Mgmt:**
- Advise the patient on allergen avoidance and recommend the use of humidifiers in dry environments.

**F/U Recommendations:**
- Schedule a F/U appointment in 4 weeks to assess symptom improvement and review med adherence.

**Referral:**
- Refer to Dr. Sarah Johnson, an allergist, for further evaluation of the suspected allergy component.

**Pt Education:**
- Discuss the importance of consistent use of nasal spray.
- Provide info on potential SEs and what to do if they occur.
- Emphasize the role of allergen avoidance and maintaining a humid environment in managing symptoms.

**Instructions:**
- F/U in 4 weeks, sooner if symptoms worsen.
- Contact the office if there are any acute changes or concerns.

**Note:**
- Awaiting sinus CT scan results, which will be reviewed upon receipt and discussed with the patient during the F/U visit."|Role not found in the first 5 lines.|"**Doctor:** Hi there, how are you doing today?

**Patient:** Hi, I'm okay, but I've been having some issues with my nose and head.

**Doctor:** I see. So, what brings you in today?

**Patient:** I've been having nasal congestion, postnasal drip, and occasional headaches for the past six months.

**Doctor:** Oh, that sounds quite uncomfortable. How often do these symptoms occur?

**Patient:** It's pretty much every day. It's worse in the morning and evening, and it's really starting to disrupt my sleep and making it hard to concentrate at work.

**Doctor:** That must be really frustrating. Have you tried anything to relieve your symptoms?

**Patient:** Yes, I've been using over-the-counter nasal decongestants, but they only provide minimal relief.

**Doctor:** Okay, I understand. Do you have a history of any other related conditions, like sinusitis or allergies?

**Patient:** Yes, I have a history of recurrent sinusitis and allergic rhinitis.

**Doctor:** Alright. And does anyone in your family have similar issues?

**Patient:** My mother has asthma and allergic rhinitis.

**Doctor:** Got it. Thank you for that information. Let me go over a few more details to get a complete picture. Have you experienced any fever, chills, or unintentional weight loss?

**Patient:** No, none of those.

**Doctor:** How about ear pain, sore throat, or any changes in your vision?

**Patient:** No, nothing like that.

**Doctor:** Any shortness of breath or wheezing?

**Patient:** No, I haven't had any breathing problems.

**Doctor:** Good to know. Any nausea, vomiting, or abdominal pain?

**Patient:** No, my stomach has been fine.

**Doctor:** How about any dizziness, weakness, or numbness?

**Patient:** No, none of those symptoms either.

**Doctor:** Thank you. Let's check your vital signs now. Your blood pressure is 120/78 mmHg, heart rate is 72 bpm, respiratory rate is 16 breaths per minute, and your temperature is 98.6°F. Everything looks normal there.

**Patient:** That's good to hear.

**Doctor:** Now, let's move on to the physical examination. I see moderate nasal mucosal edema and clear postnasal drip. There's mild tenderness over your maxillary sinuses. However, there's no oropharyngeal erythema or exudate, and your tympanic membranes are clear. Your lungs are clear to auscultation bilaterally, and your heart sounds are normal with no murmurs. Additionally, you're alert and oriented, and your cranial nerves II-XII are intact.

**Patient:** Alright.

**Doctor:** We are waiting for the results from your recent sinus CT scan to assess for any structural abnormalities or chronic sinusitis. 

**Patient:** Okay, I hope it shows something that can help.

**Doctor:** Based on what we have so far, my diagnosis is Other Specified Disorders of Nose and Nasal Sinuses, and I suspect there's an underlying allergic component as well.

**Patient:** That makes sense.

**Doctor:** For now, I’m going to prescribe you Fluticasone nasal spray. You'll need to use 2 sprays in each nostril once daily for 4 weeks. This should help reduce the inflammation and congestion.

**Patient:** Okay, I can do that.

**Doctor:** Additionally, I recommend you try to avoid allergens as much as possible and use humidifiers in dry environments. This can help manage your symptoms better.

**Patient:** I’ll definitely try those out.

**Doctor:** We should schedule a follow-up appointment in 4 weeks to assess your symptom improvement and review your medication adherence.

**Patient:** Sounds good.

**Doctor:** I'm also going to refer you to Dr. Sarah Johnson, an allergist, for further evaluation of the suspected allergy component.

**Patient:** Alright, I can see an allergist.

**Doctor:** It’s important that you use the nasal spray consistently. Also, be aware of potential side effects like nosebleeds or nasal irritation, and let us know if they occur.

**Patient:** I understand. I'll keep an eye out for any side effects.

**Doctor:** Great. Remember, it's crucial to avoid allergens and keep your environment humid. This will significantly help in managing your symptoms.

**Patient:** Thank you for the advice. I’ll work on that.

**Doctor:** If your symptoms worsen or you have any acute changes or concerns, contact our office immediately. We’ll review your sinus CT scan results once they’re available and discuss them during your follow-up visit.

**Patient:** Okay, I’ll do that. Thank you so much for your help.

**Doctor:** You’re welcome. Take care and see you in 4 weeks.

**Patient:** Thanks, doctor. See you then."|"[doctor]: Hi there, how are you doing today?

[patient]: Hi, I'm okay, but I've been having some issues with my nose and head.

[doctor]: I see. So, what brings you in today?

[patient]: I've been having nasal congestion, postnasal drip, and occasional headaches for the past six months.

[doctor]: Oh, that sounds quite uncomfortable. How often do these symptoms occur?

[patient]: It's pretty much every day. It's worse in the morning and evening, and it's really starting to disrupt my sleep and making it hard to concentrate at work.

[doctor]: That must be really frustrating. Have you tried anything to relieve your symptoms?

[patient]: Yes, I've been using over-the-counter nasal decongestants, but they only provide minimal relief.

[doctor]: Okay, I understand. Do you have a history of any other related conditions, like sinusitis or allergies?

[patient]: Yes, I have a history of recurrent sinusitis and allergic rhinitis.

[doctor]: Alright. And does anyone in your family have similar issues?

[patient]: My mother has asthma and allergic rhinitis.

[doctor]: Got it. Thank you for that information. Let me go over a few more details to get a complete picture. Have you experienced any fever, chills, or unintentional weight loss?

[patient]: No, none of those.

[doctor]: How about ear pain, sore throat, or any changes in your vision?

[patient]: No, nothing like that.

[doctor]: Any shortness of breath or wheezing?

[patient]: No, I haven't had any breathing problems.

[doctor]: Good to know. Any nausea, vomiting, or abdominal pain?

[patient]: No, my stomach has been fine.

[doctor]: How about any dizziness, weakness, or numbness?

[patient]: No, none of those symptoms either.

[doctor]: Thank you. Let's check your vital signs now. Your blood pressure is 120/78 mmHg, heart rate is 72 bpm, respiratory rate is 16 breaths per minute, and your temperature is 98.6°F. Everything looks normal there.

[patient]: That's good to hear.

[doctor]: Now, let's move on to the physical examination. I see moderate nasal mucosal edema and clear postnasal drip. There's mild tenderness over your maxillary sinuses. However, there's no oropharyngeal erythema or exudate, and your tympanic membranes are clear. Your lungs are clear to auscultation bilaterally, and your heart sounds are normal with no murmurs. Additionally, you're alert and oriented, and your cranial nerves II-XII are intact.

[patient]: Alright.

[doctor]: We are waiting for the results from your recent sinus CT scan to assess for any structural abnormalities or chronic sinusitis.

[patient]: Okay, I hope it shows something that can help.

[doctor]: Based on what we have so far, my diagnosis is Other Specified Disorders of Nose and Nasal Sinuses, and I suspect there's an underlying allergic component as well.

[patient]: That makes sense.

[doctor]: For now, I’m going to prescribe you Fluticasone nasal spray. You'll need to use 2 sprays in each nostril once daily for 4 weeks. This should help reduce the inflammation and congestion.

[patient]: Okay, I can do that.

[doctor]: Additionally, I recommend you try to avoid allergens as much as possible and use humidifiers in dry environments. This can help manage your symptoms better.

[patient]: I’ll definitely try those out.

[doctor]: We should schedule a follow-up appointment in 4 weeks to assess your symptom improvement and review your medication adherence.

[patient]: Sounds good.

[doctor]: I'm also going to refer you to Dr. Sarah Johnson, an allergist, for further evaluation of the suspected allergy component.

[patient]: Alright, I can see an allergist.

[doctor]: It’s important that you use the nasal spray consistently. Also, be aware of potential side effects like nosebleeds or nasal irritation, and let us know if they occur.

[patient]: I understand. I'll keep an eye out for any side effects.

[doctor]: Great. Remember, it's crucial to avoid allergens and keep your environment humid. This will significantly help in managing your symptoms.

[patient]: Thank you for the advice. I’ll work on that.

[doctor]: If your symptoms worsen or you have any acute changes or concerns, contact our office immediately. We’ll review your sinus CT scan results once they’re available and discuss them during your follow-up visit.

[patient]: Okay, I’ll do that. Thank you so much for your help.

[doctor]: You’re welcome. Take care and see you in 4 weeks.

[patient]: Thanks, doctor. See you then."
OTHER SPECIFIED DISORDERS OF NOSE AND NASAL SINUSES|"ROLE: Otolaryngologist

** 1) Medical Outcome:**
- Diagnosis: Other specified disorders of nose and nasal sinuses.
- Prescribed Treatment: 
  - Amoxicillin-Clavulanate 875 mg-125 mg, oral, twice a day, for 10 days, quantity: 20 tablets.
  - Saline nasal irrigation, 2 times a day.
  - Fluticasone nasal spray, 50 mcg per spray, 2 sprays in each nostril, once daily.
- Follow-up Recommendations: Re-evaluation in 3 weeks.
- Referral to Specialists: Referral to allergist, Dr. Sarah Lee, due to suspected undiagnosed allergies.
- Imaging: Ordered CT scan of the sinuses to evaluate for any anatomical abnormalities or chronic infection.

** 2) Medical History:**
- Previous Diagnoses: Chronic sinusitis.
- Family Medical History: Mother with asthma and allergies.
- Medication History: Previously treated with antibiotics for sinus infections.
- Allergies: Allergic to penicillin, substitute given above.
- Chronic Conditions: Asthma.

** 3) Symptom Description:**
- Severity: Moderate
- Duration: Persistent for the last 6 months.
- Associated Symptoms: Nasal congestion, facial pain, occasional bloody nose, reduced sense of smell, and frequent headaches.
- Frequency: Daily.
- Impact on Daily Activities: Difficulty breathing through the nose, affecting sleep and concentration at work.

** 4) Patient’s self-reported habits and lifestyle:**
- Sleep: Poor quality due to nasal congestion.
- Diet: Balanced diet with no specific restrictions.
- Exercise: Limited due to difficulty breathing through the nose.
- Tobacco Use: None.
- Alcohol Consumption: Occasional, 1-2 drinks per week.
- Drug Use: None.
- Recreational Activities: Enjoys gardening and woodworking.

** 5) Demographic Information:**
- Age: 45
- Gender: Female
- Ethnicity: Caucasian
- Socio-economic Status: Middle-class
- Education Level: Bachelor’s degree
- Health Literacy: High
- Job Status: Office worker

** 6) Patient's Behavior:**
- Cooperative with medical advice and willing to follow the recommended treatment plan.

** 7) Geographical Location:**
- Urban
- Affluent neighborhood
- Moderate air pollution levels

** 8) Clinical Setting:**
- Private Practice

** 9) Type of Encounter:**
- Initial Consultation

** 12) Physical exams:**
- Nasal Examination: Nasal mucosa is swollen and erythematous. Presence of thick, yellowish discharge. No polyps observed.
- Oral Examination: Throat appears mildly erythematous without exudate.
- Respiratory Examination: Breath sounds clear bilaterally.

** 13) Investigation/Test results:**
- Awaiting CT scan results of the sinuses."|Rejected|Rejected|Rejected|Rejected||
OTHER SPECIFIED DISORDERS OF NOSE AND NASAL SINUSES|"ROLE: Otolaryngologist

** 1) Medical Outcome:**
- Diagnosis: Other specified disorders of nose and nasal sinuses.
- Prescribed Treatment: 
  - Levofloxacin 500 mg, oral, once daily, for 10 days, quantity: 10 tablets.
  - Budesonide nasal spray, 64 mcg per spray, 2 sprays in each nostril, once daily.
  - Nasal saline rinses, 2 times a day.
- Follow-up Recommendations: Re-assessment in 4 weeks.
- Referral to Specialists: Referral to immunologist, Dr. John Smith, for further evaluation due to recurrent infections.
- Imaging: Ordered MRI of the sinuses due to persistent and unexplained symptoms.

** 2) Medical History:**
- Previous Diagnoses: Allergic rhinitis
- Family Medical History: Father with diabetes, mother with hypertension.
- Medication History: Previous frequent use of antihistamines.
- Allergies: None known.
- Chronic Conditions: Hypothyroidism, managed with Levothyroxine.

** 3) Symptom Description:**
- Severity: Severe
- Duration: Symptoms present intermittently for the past year, worsened over the last month.
- Associated Symptoms: Intense nasal congestion, frequent nosebleeds, loss of smell, chronic coughing, and post-nasal drip.
- Frequency: Symptoms occur almost daily.
- Impact on Daily Activities: Severe impact on sleep quality, increased absenteeism from work.

** 4) Patient’s self-reported habits and lifestyle:**
- Sleep: Reports waking multiple times at night due to nasal blockage.
- Diet: Prefers vegetarian diet, rich in fruits and vegetables.
- Exercise: Regular light exercise, limited due to symptoms.
- Tobacco Use: Smoked previously, quit 5 years ago.
- Alcohol Consumption: Rare, only special occasions.
- Drug Use: None.
- Recreational Activities: Enjoys reading and light gardening when symptoms allow.

** 5) Demographic Information:**
- Age: 37
- Gender: Male
- Ethnicity: Asian
- Socio-economic Status: Higher middle class
- Education Level: Graduate degree
- Health Literacy: High
- Job Status: Software engineer

** 6) Patient's Behavior:**
- Highly compliant with medical advice, eager to find a resolution to ongoing symptoms.

** 7) Geographical Location:**
- Urban
- Well-served transit
- Low pollution levels

** 8) Clinical Setting:**
- Hospital outpatient clinic

** 9) Type of Encounter:**
- Follow-up Visit

** 12) Physical exams:**
- Nasal Examination: Nasal passages show significant inflammation, presence of thick mucus, crusting noted on the turbinates.
- Oral Examination: Posterior pharynx with cobblestone appearance, no tonsillar hypertrophy.
- Respiratory Examination: Occasional wheeze noted.

** 13) Investigation/Test results:**
- Awaiting MRI results of the sinuses."|Rejected|Rejected|Rejected|Rejected||
OTHER SPECIFIED DISORDERS OF NOSE AND NASAL SINUSES|"ROLE: Otolaryngologist

** 1) Medical Outcome:**
- Diagnosis: Other specified disorders of nose and nasal sinuses.
- Prescribed Treatment: 
  - Amoxicillin 500 mg, oral, three times a day, for 10 days, quantity: 30 capsules.
  - Mometasone nasal spray, 50 mcg per spray, 2 sprays in each nostril, once daily.
  - Nasal saline irrigations, 2 times a day.
- Follow-up Recommendations: Re-assessment in 2 weeks.
- Referral to Specialists: Referral to an allergist, Dr. Emily Thompson, for suspected underlying allergies.
- Blood Work: Ordered CBC (Complete Blood Count) to check for any underlying infection or markers of inflammation.

** 2) Medical History:**
- Previous Diagnoses: Seasonal allergies
- Family Medical History: Sister with rheumatoid arthritis.
- Medication History: Previous short-term use of decongestants.
- Allergies: None known.
- Chronic Conditions: Hypertension, managed with Lisinopril.

** 3) Symptom Description:**
- Severity: Moderate
- Duration: Persistent for the last 4 months.
- Associated Symptoms: Nasal discharge, facial pressure, intermittent headaches, mild fever.
- Frequency: Almost daily.
- Impact on Daily Activities: Difficulties concentrating at work, disrupted sleep.

** 4) Patient’s self-reported habits and lifestyle:**
- Sleep: Reports waking up due to nasal congestion.
- Diet: Balanced diet with occasional fast food.
- Exercise: Regular gym-goer, 3-4 times a week.
- Tobacco Use: Social smoker, occasionally on weekends.
- Alcohol Consumption: Drinks socially, 2-3 drinks per week.
- Drug Use: None.
- Recreational Activities: Enjoys hiking and running.

** 5) Demographic Information:**
- Age: 50
- Gender: Male
- Ethnicity: Hispanic
- Socio-economic Status: Middle class
- Education Level: Associate's degree
- Health Literacy: Moderate
- Job Status: Construction worker

** 6) Patient's Behavior:**
- Generally compliant with medical advice, though sometimes inconsistent with follow-ups.

** 7) Geographical Location:**
- Rural
- Limited access to specialty care
- Moderate pollution levels from nearby industries

** 8) Clinical Setting:**
- Community Health Clinic

** 9) Type of Encounter:**
- Follow-up Visit

** 12) Physical exams:**
- Nasal Examination: Significant nasal mucosal edema, presence of purulent discharge, no visible polyps.
- Oral Examination: Mild erythema of the oropharynx, no exudate.
- Respiratory Examination: Clear breath sounds bilaterally.

** 13) Investigation/Test results:**
- Blood Work: Awaiting CBC results."|Rejected|Rejected|Rejected|Rejected||
