Disease Description|Scenario|Note|Polished Note|Abbreviated Note|Role|dial|polished_dial
SCIATICA, RIGHT SIDE|"ROLE: Family Medicine Physician

1) Medical Outcome:
   - Diagnosis: Sciatica, right side
   - Prescribed Treatment: Physical therapy for 6 weeks
   - Follow-up Recommendations: Follow-up in 4 weeks to assess progress 
   - Medication: Gabapentin 300 mg, oral, three times daily, for 4 weeks, 84 capsules
   - Lifestyle Change: Encourage daily stretching exercises and ergonomic adjustments at work 
   - Referral: Referral to Physical Therapy (Name: John Smith, PT) for targeted exercises to alleviate sciatica
  
2) Medical History:
   - Previous Diagnoses: Mild lumbar disc degeneration
   - Family Medical History: Father with a history of chronic lower back pain 
   - Medication History: Previously on NSAIDs for lower back pain, no current medications
   - Allergies: No known drug allergies
   - Chronic Conditions: Mild lumbar disc degeneration

3) Symptom Description:
   - Severity: Severe
   - Duration: 3 weeks
   - Associated Symptoms: Right leg numbness and tingling
   - Frequency: Continuous with intermittent flare-ups, worsens with prolonged sitting
   - Impact on Daily Activities: Difficulty with standing, walking, and work-related tasks

4) Patient’s Self-reported Habits and Lifestyle:
   - Sleep: Poor sleep due to pain
   - Diet: Balanced diet, no recent changes
   - Exercise: Irregular, avoids exercise due to pain
   - Tobacco Use: None
   - Alcohol Consumption: Occasional, 1-2 drinks per week
   - Drug Use: None
   - Recreational Activities: Enjoys hiking but has not been able to recently due to pain

5) Demographic Information:
    - Age: 45
    - Gender: Male
    - Ethnicity: Caucasian
    - Socio-economic Status: Middle-class
    - Education Level: Bachelor’s degree
    - Health Literacy: High
    - Job Status: Desk job

6) Patient's Behavior:
   - Cooperation Level: Highly cooperative, adherent to previous treatments and advice

7) Geographical Location:
   - Location: Urban 
   - Pollution and Environmental Health Risks: Low
   - Neighborhood Type: Affluent, well-served by transit, not a food desert

8) Clinical Setting:
   - Setting: Private Practice
   
9) Type of Encounter:
   - Type: Initial Consultation
   
10) Treatment Disparities:
   - None observed; patient has good insurance coverage

11) Native or Non-Native English Speaking Patient:
   - Native English Speaker

12) Physical exams:
    - Straight leg raise test: Positive on right side
    - Patellar reflex: Diminished on right side
    - Sensation: Decreased in the right outer calf

13) Investigation/Test results:
    - MRI of the lumbar spine: Pending results to rule out significant disc herniation or other pathologies"|"#####
**SUBJECTIVE:**

**Chief Complaint (CC):**
Severe right-side sciatica.

**History of Present Illness (HPI):**
The patient, a 45-year-old Caucasian male with a history of mild lumbar disc degeneration, presents with right-side sciatica that has been severe for the past 3 weeks. He describes continuous pain with intermittent flare-ups that worsen with prolonged sitting. The pain is associated with numbness and tingling in the right leg, significantly impacting his ability to stand, walk, and perform work-related tasks. He reports poor sleep due to the pain but maintains a balanced diet and occasional alcohol consumption. His exercise regimen has been irregular, primarily due to the discomfort.

**Review of Systems (ROS):**
- **Musculoskeletal:** Reports severe right-side sciatica, numbness, and tingling in the right leg.
- **Neurological:** Denies headaches or changes in vision, but notes reduced sensation in the right outer calf.
- **Constitutional:** Denies fever or weight loss.
- **Respiratory:** Denies shortness of breath.
- **Cardiovascular:** Denies chest pain or palpitations.
- **Gastrointestinal:** Denies nausea or abdominal pain.

**OBJECTIVE:**
- **Vital Signs:** BP 130/85 mmHg, HR 72 bpm, RR 16 breaths/min, Temp 98.6°F, O2 Sat 99% on room air.
- **Physical Examination:**
  - **Musculoskeletal:** Positive straight leg raise test on the right side.
  - **Neurological:** Diminished patellar reflex on the right side, decreased sensation in the right outer calf.
  - **Gait:** Antalgic gait due to pain.
  - **Back:** Mild lumbar tenderness upon palpation.

**ASSESSMENT:**
1. **Sciatica, right side.**
   - Medical Reasoning: The patient presents with characteristic symptoms of sciatica, including radiating leg pain, numbness, and tingling, which are exacerbated by prolonged sitting. The physical exam findings of a positive straight leg raise test and diminished reflexes support this diagnosis.
   - Differential Diagnosis: Lumbar disc herniation (pending MRI results), spinal stenosis, piriformis syndrome.

**PLAN:**
1. **Medication:**
   - Gabapentin 300 mg, oral, three times daily, for 4 weeks (84 capsules).
   
2. **Treatment:**
   - Referral to Physical Therapy (John Smith, PT) for targeted exercises to alleviate sciatica.
   - Encourage daily stretching exercises and ergonomic adjustments at work.

3. **Follow-Up:**
   - Follow-up in 4 weeks to assess progress and discuss MRI results.

4. **Lifestyle Recommendations:**
   - Encourage daily stretching and ergonomic adjustments at work to reduce strain on the lumbar spine.
   - Continue with a balanced diet and maintain hydration.

The patient understands and agrees with the treatment plan. He is highly cooperative and adherent to previous treatments and advice.

MRI of the lumbar spine results are pending to rule out significant disc herniation or other pathologies."|"#####
**SUBJECTIVE:**

**Chief Complaint (CC):**
Severe right-side sciatica.

**History of Present Illness (HPI):**
The patient, a 45-year-old Caucasian male with a history of mild lumbar disc degeneration, presents with right-side sciatica that has been severe for the past 3 weeks. He describes continuous pain with intermittent flare-ups that worsen with prolonged sitting. The pain is associated with numbness and tingling in the right leg, significantly impacting his ability to stand, walk, and perform work-related tasks. He reports poor sleep due to the pain but maintains a balanced diet and occasional alcohol consumption. His exercise regimen has been irregular, primarily due to the discomfort.

**Review of Systems (ROS):**
- **Musculoskeletal:** Reports severe right-side sciatica, numbness, and tingling in the right leg.
- **Neurological:** Denies headaches or changes in vision, but notes reduced sensation in the right outer calf.
- **Constitutional:** Denies fever or weight loss.
- **Respiratory:** Denies shortness of breath.
- **Cardiovascular:** Denies chest pain or palpitations.
- **Gastrointestinal:** Denies nausea or abdominal pain.

**OBJECTIVE:**
- **Vital Signs:** BP 130/85 mmHg, HR 72 bpm, RR 16 breaths/min, Temp 98.6°F, O2 Sat 99% on room air.
- **Physical Examination:**
  - **Musculoskeletal:** Positive straight leg raise test on the right side.
  - **Neurological:** Diminished patellar reflex on the right side, decreased sensation in the right outer calf.
  - **Gait:** Antalgic gait due to pain.
  - **Back:** Mild lumbar tenderness upon palpation.

**ASSESSMENT:**
1. **Sciatica, right side.**
   - Medical Reasoning: The patient presents with characteristic symptoms of sciatica, including radiating leg pain, numbness, and tingling, which are exacerbated by prolonged sitting. The physical exam findings of a positive straight leg raise test and diminished reflexes support this diagnosis.
   - Differential Diagnosis: Lumbar disc herniation (pending MRI results), spinal stenosis, piriformis syndrome.

**PLAN:**
1. **Medication:**
   - Gabapentin 300 mg, oral, three times daily, for 4 weeks (84 capsules).
   
2. **Treatment:**
   - Referral to Physical Therapy (John Smith, PT) for targeted exercises to alleviate sciatica.
   - Encourage daily stretching exercises and ergonomic adjustments at work.

3. **Follow-Up:**
   - Follow-up in 4 weeks to assess progress and discuss MRI results.

4. **Lifestyle Recommendations:**
   - Encourage daily stretching and ergonomic adjustments at work to reduce strain on the lumbar spine.
   - Continue with a balanced diet and maintain hydration.

5. **Imaging:**
   - MRI of the lumbar spine to rule out significant disc herniation or other pathologies.

The patient understands and agrees with the treatment plan. He is highly cooperative and adherent to previous treatments and advice."|"#####
**SUBJECTIVE:**

**CC:**
Severe right-side sciatica.

**HPI:**
The pt, a 45 y/o Caucasian male with a hx of mild lumbar disc degeneration, presents with right-side sciatica that has been severe for the past 3 wks. He describes continuous pain with intermittent flare-ups that worsen with prolonged sitting. The pain is associated with numbness and tingling in the right leg, significantly impacting his ability to stand, walk, and perform work-related tasks. He reports poor sleep due to the pain but maintains a balanced diet and occasional EtOH consumption. His exercise regimen has been irregular, primarily due to the discomfort.

**ROS:**
- **MSK:** Reports severe right-side sciatica, numbness, and tingling in the right leg.
- **Neuro:** Denies HA or changes in vision, but notes reduced sensation in the right outer calf.
- **Constitutional:** Denies fever or weight loss.
- **Resp:** Denies SOB.
- **CV:** Denies CP or palpitations.
- **GI:** Denies N/V or abdominal pain.

**OBJECTIVE:**
- **VS:** BP 130/85 mmHg, HR 72 bpm, RR 16, Temp 98.6°F, O2 Sat 99% on RA.
- **PE:**
  - **MSK:** +SLR test on the right side.
  - **Neuro:** Diminished patellar reflex on the right side, decreased sensation in the right outer calf.
  - **Gait:** Antalgic gait due to pain.
  - **Back:** Mild lumbar tenderness upon palpation.

**ASSESSMENT:**
1. **Sciatica, right side.**
   - Medical Reasoning: The pt presents with characteristic sx of sciatica, including radiating leg pain, numbness, and tingling, which are exacerbated by prolonged sitting. The PE findings of a +SLR test and diminished reflexes support this dx.
   - Differential Dx: Lumbar disc herniation (pending MRI results), spinal stenosis, piriformis syndrome.

**PLAN:**
1. **Rx:**
   - Gabapentin 300 mg PO TID for 4 wks (84 caps).
   
2. **Tx:**
   - Referral to PT (John Smith, PT) for targeted exercises to alleviate sciatica.
   - Encourage daily stretching exercises and ergonomic adjustments at work.

3. **F/U:**
   - F/U in 4 wks to assess progress and discuss MRI results.

4. **Lifestyle Recommendations:**
   - Encourage daily stretching and ergonomic adjustments at work to reduce strain on the lumbar spine.
   - Continue with a balanced diet and maintain hydration.

5. **Imaging:**
   - MRI of the lumbar spine to r/o significant disc herniation or other pathologies.

The pt understands and agrees with the tx plan. He is highly cooperative and adherent to previous tx and advice."|Family Medicine Physician|"#####
**CONVERSATION:**

[doctor] Hi there, how are you doing today?

[patient] Hi, doctor. Not so great, actually. I've been dealing with some pretty severe right-side sciatica.

[doctor] I'm sorry to hear that. Can you tell me more about the pain and when it started?

[patient] Sure. It started about three weeks ago and it's been pretty severe. The pain is almost constant but there are flare-ups that happen, especially when I sit for a long time.

[doctor] I see. Does the pain radiate anywhere?

[patient] Yes, it goes down my right leg and sometimes there's numbness and tingling.

[doctor] Alright. Does the numbness and tingling affect your ability to stand, walk, or perform any work-related tasks?

[patient] Yes, definitely. It's been really hard to stand or walk for long periods, and it's affecting my work too. I can barely get through the day without dealing with this pain.

[doctor] That sounds very challenging. Have you noticed any other symptoms like headaches, changes in vision, shortness of breath, chest pain, or palpitations?

[patient] No headaches or vision changes. My breathing and heart feel normal too.

[doctor] Any gastrointestinal issues like nausea or abdominal pain?

[patient] No, nothing like that.

[doctor] How about your sleep? Has it been affected by the pain?

[patient] Yes, I haven't been sleeping well at all because of the pain.

[doctor] And how's your overall health otherwise? Any fever, weight loss, or other concerns?

[patient] No fever or weight loss. I try to keep a balanced diet and I drink alcohol occasionally. But my exercise routine has been irregular because of the pain.

[doctor] I understand. Let's go over some of your vitals and do a physical exam now. Your blood pressure is 130/85 mmHg, heart rate is 72 beats per minute, respiratory rate is 16 breaths per minute, temperature is 98.6°F, and your oxygen saturation is 99% on room air.

[patient] Okay, that sounds normal.

[doctor] Yes, your vitals are within normal limits. Now, let's check your musculoskeletal and neurological systems. I'm going to perform a straight leg raise test.

[patient] Sure, go ahead.

[doctor] Alright, when I raise your right leg, do you feel pain?

[patient] Yes, it really hurts.

[doctor] You have a positive straight leg raise test on the right side. Let's also check your reflexes. Your patellar reflex on the right side is diminished, and there's decreased sensation in your right outer calf.

[patient] That makes sense; I've been feeling that numbness.

[doctor] I also noticed you have an antalgic gait, which means you're limping to avoid pain. There's mild lumbar tenderness upon palpation as well.

[patient] Yeah, my back has been sore too.

[doctor] Based on your symptoms and the physical exam, it looks like you have sciatica on your right side. This could be due to lumbar disc herniation, but we'll need an MRI to confirm that.

[patient] Okay, what should I do in the meantime?

[doctor] I’m going to prescribe Gabapentin 300 mg to take orally three times daily for four weeks. This should help manage your pain.

[patient] Alright, I can do that.

[doctor] I'm also referring you to Physical Therapy with John Smith, PT. He'll guide you through targeted exercises to alleviate your sciatica. Additionally, I encourage you to do daily stretching exercises and make ergonomic adjustments at work to reduce strain on your lumbar spine.

[patient] Got it. I'll make sure to follow through with that.

[doctor] Great. We'll need to follow up in four weeks to assess your progress and discuss your MRI results.

[patient] Sounds good. I'll set that up.

[doctor] Continue with your balanced diet and stay hydrated. If you have any questions or concerns, feel free to reach out.

[patient] Sure thing. Thank you for your help, doctor.

[doctor] You're welcome. Take care and I'll see you in four weeks.

[patient] Alright, thanks. Bye.

[doctor] Bye."|"[doctor] Hi there, how are you doing today?

[patient] Hi, doctor. Not so great, actually. I've been dealing with some pretty severe right-side sciatica.

[doctor] Oh no, I'm sorry to hear that. Can you tell me more about the pain and when it started?

[patient] Sure. It started about three weeks ago and it's been pretty severe. The pain is almost constant but there are flare-ups that happen, especially when I sit for a long time.

[doctor] Hmm, I see. Does the pain radiate anywhere?

[patient] Yes, it goes down my right leg and sometimes there's numbness and tingling.

[doctor] Alright. Does the numbness and tingling affect your ability to stand, walk, or perform any work-related tasks?

[patient] Yes, definitely. It's been really hard to stand or walk for long periods, and it's affecting my work too. I can barely get through the day without dealing with this pain.

[doctor] That sounds very challenging. Have you noticed any other symptoms like headaches, changes in vision, shortness of breath, chest pain, or palpitations?

[patient] No headaches or vision changes. My breathing and heart feel normal too.

[doctor] Okay, any gastrointestinal issues like nausea or abdominal pain?

[patient] No, nothing like that.

[doctor] How about your sleep? Has it been affected by the pain?

[patient] Yes, I haven't been sleeping well at all because of the pain.

[doctor] And how's your overall health otherwise? Any fever, weight loss, or other concerns?

[patient] No fever or weight loss. I try to keep a balanced diet and I drink alcohol occasionally. But my exercise routine has been irregular because of the pain.

[doctor] I understand. Let's go over some of your vitals and do a physical exam now. Your blood pressure is 130/85 mmHg, heart rate is 72 beats per minute, respiratory rate is 16 breaths per minute, temperature is 98.6°F, and your oxygen saturation is 99% on room air.

[patient] Okay, that sounds normal.

[doctor] Yes, your vitals are within normal limits. Now, let's check your musculoskeletal and neurological systems. I'm going to perform a straight leg raise test.

[patient] Sure, go ahead.

[doctor] Alright, when I raise your right leg, do you feel pain?

[patient] Yes, it really hurts.

[doctor] You have a positive straight leg raise test on the right side. Let's also check your reflexes. Your patellar reflex on the right side is diminished, and there's decreased sensation in your right outer calf.

[patient] That makes sense; I've been feeling that numbness.

[doctor] I also noticed you have an antalgic gait, which means you're limping to avoid pain. There's mild lumbar tenderness upon palpation as well.

[patient] Yeah, my back has been sore too.

[doctor] Based on your symptoms and the physical exam, it looks like you have sciatica on your right side. This could be due to lumbar disc herniation, but we'll need an MRI to confirm that.

[patient] Okay, what should I do in the meantime?

[doctor] I’m going to prescribe Gabapentin 300 mg to take orally three times daily for four weeks. This should help manage your pain.

[patient] Alright, I can do that.

[doctor] I'm also referring you to Physical Therapy with John Smith, PT. He'll guide you through targeted exercises to alleviate your sciatica. Additionally, I encourage you to do daily stretching exercises and make ergonomic adjustments at work to reduce strain on your lumbar spine.

[patient] Got it. I'll make sure to follow through with that.

[doctor] Great. We'll need to follow up in four weeks to assess your progress and discuss your MRI results.

[patient] Sounds good. I'll set that up.

[doctor] Continue with your balanced diet and stay hydrated. If you have any questions or concerns, feel free to reach out.

[patient] Sure thing. Thank you for your help, doctor.

[doctor] You're welcome. Take care and I'll see you in four weeks.

[patient] Alright, thanks. Bye.

[doctor] Bye."
SCIATICA, RIGHT SIDE|"ROLE: General Physician

- **Medical Outcome:**
    - Diagnosis: Lumbar Radiculopathy
    - Prescribed Treatment: Physical therapy referral for lumbar radiculopathy management (2 sessions per week for 6 weeks)
    - Prescribed Medication: Naproxen 250 mg, oral, twice daily, for pain management, 60 tablets

- **Medical History:**
    - Previous Diagnoses: Type 2 Diabetes (controlled with medication)
    - Family Medical History: Mother with osteoarthritis, Father with hypertension

- **Symptom Description:**
    - Severity: Moderate to severe
    - Duration: 3 weeks
    - Associated Symptoms: Pain radiating down the left leg, tingling sensation in the left foot
    - Frequency: Constant
    - Impact on Daily Activities: Difficulty in bending and lifting objects, unable to stand for long periods

- **Patient’s self-reported habits and lifestyle:**
    - Sleep: Disturbed due to pain, frequently wakes up during the night
    - Diet: High-carb diet, struggles with maintaining dietary restrictions for diabetes
    - Exercise: Irregular, tries to walk for 15 minutes daily
    - Tobacco Use: Smoker, 1 pack per week
    - Alcohol Consumption: None
    - Recreational Activities: Enjoys gardening but limited currently due to pain

- **Demographic Information:**
    - Age: 52
    - Gender: Male
    - Ethnicity: Hispanic
    - Socio-economic Status: Lower middle class
    - Education Level: High school diploma
    - Health Literacy: Moderate
    - Job Status: Delivery driver

- **Patient's Behavior:**
    - Cooperative but frustrated with current pain levels

- **Geographical Location:**
    - Small City
    - Urban
    - High pollution levels due to nearby industrial area

- **Clinical Setting:**
    - Emergency Room

- **Type of Encounter:**
    - Emergency Visit

- **Treatment Disparities:**
    - Potential disparities due to lower socio-economic status and limited healthcare access

- **Native or Non-Native English Speaking Patient:**
    - Non-Native English Speaking (primary language is Spanish)

- **Physical exams:**
    - Positive straight leg raise test on the left side
    - Decreased range of motion in the lumbar spine
    - Tenderness over the lumbar paraspinal muscles

- **Investigation/Test results:**
    - CT scan of the lumbar spine ordered to better assess nerve impingement, results pending"|"#####
**1. Subjective:**

**Chief Complaint (CC):** 
Moderate to severe pain radiating down the left leg for 3 weeks.

**History of Present Illness (HPI):**
The patient is a 52-year-old Hispanic male presenting with a 3-week history of moderate to severe pain radiating down his left leg, accompanied by a tingling sensation in the left foot. The pain is constant and exacerbates when bending and lifting objects, severely impacting his ability to stand for extended periods. He reports that his sleep is disturbed due to the pain, often waking up during the night.

**Review of Systems (ROS):**
- Musculoskeletal: Reports moderate to severe pain radiating down the left leg, tingling sensation in the left foot, and difficulty bending and lifting objects.
- Neurological: Denies weakness but reports tingling in the left foot.

**Medical History:**
- Type 2 Diabetes, controlled with medication.
- Mother with osteoarthritis.
- Father with hypertension.

**Social History:**
The patient is a delivery driver. He reports a high-carb diet and struggles with maintaining dietary restrictions for diabetes. His exercise is irregular, typically trying to walk 15 minutes daily. He smokes about one pack per week and does not consume alcohol. He enjoys gardening but is currently limited due to pain.

#####
**2. Objective:**

**Vital Signs:**
- Blood Pressure: 130/85 mmHg
- Heart Rate: 78 bpm
- Respiratory Rate: 16 breaths per minute
- Temperature: 98.4°F
- Oxygen Saturation: 98% on room air

**Physical Examination:**
- Positive straight leg raise test on the left side.
- Decreased range of motion in the lumbar spine.
- Tenderness over the lumbar paraspinal muscles.

**Investigations:**
- CT scan of the lumbar spine ordered to assess nerve impingement; results pending.

#####
**3. Assessment:**
- Lumbar Radiculopathy
    - The patient's symptoms and physical exam findings are consistent with lumbar radiculopathy, likely due to nerve impingement.

#####
**4. Plan:**

**Treatment:**
- Prescribed Naproxen 250 mg, oral, twice daily, for pain management. Dispensed 60 tablets.
- Referral to physical therapy for lumbar radiculopathy management, recommending 2 sessions per week for 6 weeks.

**Education and Counseling:**
- Discussed the importance of adhering to the prescribed medication and physical therapy regimen.
- Advised the patient on proper body mechanics to avoid exacerbating the pain.
- Reviewed lifestyle modifications, emphasizing the need to maintain diabetes management and engage in regular, gentle exercise as tolerated.

**Follow-Up:**
- Patient is advised to follow up with his primary care provider within 2 weeks for further evaluation and to review the CT scan results.
- Instructed to return to the emergency room if symptoms worsen or if he experiences new neurologic symptoms such as weakness or loss of bladder/bowel control.

**Disparities and Considerations:**
- Noted potential challenges due to the patient's lower socio-economic status and limited healthcare access. Discussed available resources and support for physical therapy and medication adherence.

**Language Assistance:**
- Provided medical instructions and information in Spanish to ensure comprehension.

**Patient Agreement:**
- The patient understands and agrees with the recommended medical treatment plan.
#####"|"#####
**1. Subjective:**

**Chief Complaint (CC):** 
Moderate to severe pain radiating down the left leg for 3 weeks.

**History of Present Illness (HPI):**
The patient, Mr. Juan Martinez, is a 52-year-old Hispanic male presenting with a 3-week history of moderate to severe pain radiating down his left leg, accompanied by a tingling sensation in the left foot. The pain is constant and exacerbates when bending and lifting objects, severely impacting his ability to stand for extended periods. He reports that his sleep is disturbed due to the pain, often waking up during the night.

**Review of Systems (ROS):**
- Musculoskeletal: Reports moderate to severe pain radiating down the left leg, tingling sensation in the left foot, and difficulty bending and lifting objects.
- Neurological: Denies weakness but reports tingling in the left foot.

**Medical History:**
- Type 2 Diabetes, controlled with medication.
- Mother with osteoarthritis.
- Father with hypertension.

**Social History:**
The patient is a delivery driver. He reports a high-carb diet and struggles with maintaining dietary restrictions for diabetes. His exercise is irregular, typically trying to walk 15 minutes daily. He smokes about one pack per week and does not consume alcohol. He enjoys gardening but is currently limited due to pain.

#####
**2. Objective:**

**Vital Signs:**
- Blood Pressure: 130/85 mmHg
- Heart Rate: 78 bpm
- Respiratory Rate: 16 breaths per minute
- Temperature: 98.4°F
- Oxygen Saturation: 98% on room air

**Physical Examination:**
- Positive straight leg raise test on the left side.
- Decreased range of motion in the lumbar spine.
- Tenderness over the lumbar paraspinal muscles.

#####
**3. Assessment:**
- Lumbar Radiculopathy
    - The patient's symptoms and physical exam findings are consistent with lumbar radiculopathy, likely due to nerve impingement.

#####
**4. Plan:**

**Treatment:**
- Prescribed Naproxen 250 mg, oral, twice daily, for pain management. Dispensed 60 tablets.
- Referral to physical therapy for lumbar radiculopathy management, recommending 2 sessions per week for 6 weeks.

**Education and Counseling:**
- Discussed the importance of adhering to the prescribed medication and physical therapy regimen.
- Advised the patient on proper body mechanics to avoid exacerbating the pain.
- Reviewed lifestyle modifications, emphasizing the need to maintain diabetes management and engage in regular, gentle exercise as tolerated.

**Follow-Up:**
- Patient is advised to follow up with his primary care provider within 2 weeks for further evaluation and to review the CT scan results.
- Instructed to return to the emergency room if symptoms worsen or if he experiences new neurologic symptoms such as weakness or loss of bladder/bowel control.

**Disparities and Considerations:**
- Noted potential challenges due to the patient's lower socio-economic status and limited healthcare access. Discussed available resources and support for physical therapy and medication adherence.

**Language Assistance:**
- Provided medical instructions and information in Spanish to ensure comprehension.

**Patient Agreement:**
- The patient understands and agrees with the recommended medical treatment plan.

**Investigations:**
- CT scan of the lumbar spine ordered to assess nerve impingement; results pending.
#####"|"#####
**1. Subjective:**

**CC:** 
Mod-severe pain radiating down L leg x3 wks.

**HPI:**
Mr. Juan Martinez, 52 y/o Hispanic M, presents with a 3-wk hx of mod-severe pain radiating down L leg, with tingling in L foot. Pain is constant, worsens with bending/lifting, and disrupts sleep.

**ROS:**
- MSK: Reports mod-severe pain radiating down L leg, tingling in L foot, difficulty bending/lifting.
- Neuro: Denies weakness, reports tingling in L foot.

**PMH:**
- T2DM, controlled with meds.
- Mother with OA.
- Father with HTN.

**SH:**
Delivery driver. High-carb diet, struggles with DM dietary restrictions. Irregular exercise, walks 15 mins daily. Smokes ~1 pack/week, no EtOH. Enjoys gardening but limited due to pain.

#####
**2. Objective:**

**VS:**
- BP: 130/85 mmHg
- HR: 78 bpm
- RR: 16 bpm
- Temp: 98.4°F
- SpO2: 98% RA

**PE:**
- +SLR test on L side.
- Decreased ROM in lumbar spine.
- Tenderness over lumbar paraspinal muscles.

#####
**3. Assessment:**
- Lumbar Radiculopathy
    - Sx and PE findings consistent with lumbar radiculopathy, likely 2° to nerve impingement.

#####
**4. Plan:**

**Tx:**
- Rx Naproxen 250 mg PO BID for pain mgmt. Dispensed 60 tabs.
- Referral to PT for lumbar radiculopathy mgmt, 2 sessions/wk x6 wks.

**Education and Counseling:**
- Discussed importance of adherence to Rx and PT regimen.
- Advised on proper body mechanics to avoid exacerbating pain.
- Reviewed lifestyle modifications, emphasizing DM mgmt and regular, gentle exercise as tolerated.

**F/U:**
- Follow up with PCP in 2 wks for further eval and to review CT results.
- Return to ED if sx worsen or new neuro sx (e.g., weakness, loss of bladder/bowel control).

**Disparities and Considerations:**
- Noted potential challenges due to pt's lower SES and limited healthcare access. Discussed available resources and support for PT and med adherence.

**Language Assistance:**
- Provided med instructions and info in Spanish to ensure comprehension.

**Pt Agreement:**
- Pt understands and agrees with the recommended med tx plan.

**Investigations:**
- CT lumbar spine ordered to assess nerve impingement; results pending.
#####"|General Physician|"[doctor] Hi there, how are you doing today?

[patient] Hi, Doctor. I'm hanging in there, but I've been having some pretty bad pain in my leg.

[doctor] Oh no, I'm sorry to hear that. Can you tell me more about the pain you're experiencing?

[patient] Sure, it's been going on for about three weeks now. The pain starts in my lower back and radiates down my left leg. It's pretty severe and there's this tingling sensation in my left foot too.

[doctor] That sounds uncomfortable. Is the pain constant or does it come and go?

[patient] It's pretty much constant, but it gets worse when I bend or lift things. Standing for long periods is really tough too.

[doctor] I see. Has the pain been affecting your sleep at all?

[patient] Yes, a lot. I wake up multiple times during the night because of the pain.

[doctor] Okay, let's go over some more details. Do you have any weakness in your leg?

[patient] No, there's no weakness, just the pain and the tingling in my foot.

[doctor] Alright. How about your medical history? Any other conditions we should be aware of?

[patient] I have type 2 diabetes, but it's controlled with medication. My mother had osteoarthritis and my father had hypertension.

[doctor] Thanks for that. Can you tell me a bit about your lifestyle? What kind of work do you do?

[patient] I'm a delivery driver. I try to walk for about 15 minutes a day, but my exercise routine is pretty irregular. I also smoke about one pack a week and I don't drink alcohol.

[doctor] How about your diet? Are you able to maintain dietary restrictions for your diabetes?

[patient] Honestly, no. I struggle with it a lot. My diet is pretty high in carbs.

[doctor] Thank you for sharing that. Do you have any hobbies or activities you enjoy?

[patient] I love gardening, but I've had to stop because of the pain.

[doctor] Understood. Let's take a look at your vital signs now. Your blood pressure is 130/85 mmHg, heart rate is 78 beats per minute, respiratory rate is 16 breaths per minute, temperature is 98.4°F, and your oxygen saturation is 98% on room air. Everything looks stable there.

[patient] Okay, that's good to know.

[doctor] Now, I'll perform a physical exam. Please let me know if you feel any pain or discomfort. I'll start with a straight leg raise test. 

[patient] Okay.

[doctor] When I lift your left leg, do you feel any pain?

[patient] Yes, it hurts a lot.

[doctor] Alright, that's a positive straight leg raise test on the left side. Let's check your lumbar spine range of motion. Can you bend forward for me?

[patient] It hurts when I bend like this.

[doctor] I see. There's decreased range of motion in your lumbar spine and tenderness over the lumbar paraspinal muscles. Based on your symptoms and these findings, it looks like you might have lumbar radiculopathy, likely due to nerve impingement.

[patient] What does that mean?

[doctor] It means that a nerve in your lower back is being compressed, which is causing the pain and tingling in your leg and foot.

[patient] Oh, I see.

[doctor] Don't worry, we'll get you some relief. I'm going to prescribe Naproxen 250 mg, twice daily, for pain management. I'll also refer you to physical therapy for lumbar radiculopathy management. We'll recommend two sessions per week for six weeks.

[patient] Okay, thank you.

[doctor] It's important to adhere to the prescribed medication and physical therapy regimen. Proper body mechanics are also crucial to avoid exacerbating the pain. We'll review some lifestyle modifications, especially focusing on managing your diabetes and engaging in regular, gentle exercise as tolerated.

[patient] Got it.

[doctor] We'll also order a CT scan of your lumbar spine to assess the nerve impingement. The results are pending, and we'll review them during your follow-up.

[patient] Okay.

[doctor] I recommend you follow up with your primary care provider within two weeks for further evaluation and to review the CT scan results. If your symptoms worsen or if you experience new neurological symptoms like weakness or loss of bladder/bowel control, please return to the emergency room immediately.

[patient] Understood.

[doctor] Given your lower socio-economic status and potential challenges with healthcare access, we can discuss available resources and support for physical therapy and medication adherence.

[patient] That would be helpful, thank you.

[doctor] Before we finish, I'll provide all the medical instructions and information in Spanish to ensure you fully understand.

[patient] Thank you, Doctor.

[doctor] You're welcome. Do you have any questions or concerns about the treatment plan?

[patient] No, I understand everything.

[doctor] Great. We're here to help you manage this pain and get you back to your normal activities, including gardening. We'll take this step by step.

[patient] Thank you so much.

[doctor] You're welcome. Take care and we'll see you in two weeks.

[patient] Alright, see you then."|"[doctor] Hi there, how are you doing today?

[patient] Hi, Doctor. I'm hanging in there, but I've been having some pretty bad pain in my leg.

[doctor] Oh no, I'm sorry to hear that. Can you tell me more about the pain you're experiencing?

[patient] Sure, it's been going on for about three weeks now. The pain starts in my lower back and radiates down my left leg. It's pretty severe and there's this tingling sensation in my left foot too.

[doctor] That sounds uncomfortable. Is the pain constant or does it come and go?

[patient] It's pretty much constant, but it gets worse when I bend or lift things. Standing for long periods is really tough too.

[doctor] I see. Has the pain been affecting your sleep at all?

[patient] Yes, a lot. I wake up multiple times during the night because of the pain.

[doctor] Okay, let's go over some more details. Do you have any weakness in your leg?

[patient] No, there's no weakness, just the pain and the tingling in my foot.

[doctor] Alright. How about your medical history? Any other conditions we should be aware of?

[patient] I have type 2 diabetes, but it's controlled with medication. My mother had osteoarthritis and my father had hypertension.

[doctor] Thanks for that. Can you tell me a bit about your lifestyle? What kind of work do you do?

[patient] I'm a delivery driver. I try to walk for about 15 minutes a day, but my exercise routine is pretty irregular. I also smoke about one pack a week and I don't drink alcohol.

[doctor] How about your diet? Are you able to maintain dietary restrictions for your diabetes?

[patient] Honestly, no. I struggle with it a lot. My diet is pretty high in carbs.

[doctor] Thank you for sharing that. Do you have any hobbies or activities you enjoy?

[patient] I love gardening, but I've had to stop because of the pain.

[doctor] Understood. Let's take a look at your vital signs now. Your blood pressure is 130/85 mmHg, heart rate is 78 beats per minute, respiratory rate is 16 breaths per minute, temperature is 98.4°F, and your oxygen saturation is 98% on room air. Everything looks stable there.

[patient] Okay, that's good to know.

[doctor] Now, I'll perform a physical exam. Please let me know if you feel any pain or discomfort. I'll start with a straight leg raise test. 

[patient] Okay.

[doctor] When I lift your left leg, do you feel any pain?

[patient] Yes, it hurts a lot.

[doctor] Alright, that's a positive straight leg raise test on the left side. Let's check your lumbar spine range of motion. Can you bend forward for me?

[patient] It hurts when I bend like this.

[doctor] I see. There's decreased range of motion in your lumbar spine and tenderness over the lumbar paraspinal muscles. Based on your symptoms and these findings, it looks like you might have lumbar radiculopathy, likely due to nerve impingement.

[patient] What does that mean?

[doctor] It means that a nerve in your lower back is being compressed, which is causing the pain and tingling in your leg and foot.

[patient] Oh, I see.

[doctor] Don't worry, we'll get you some relief. I'm going to prescribe Naproxen 250 mg, twice daily, for pain management. I'll also refer you to physical therapy for lumbar radiculopathy management. We'll recommend two sessions per week for six weeks.

[patient] Okay, thank you.

[doctor] It's important to adhere to the prescribed medication and physical therapy regimen. Proper body mechanics are also crucial to avoid exacerbating the pain. We'll review some lifestyle modifications, especially focusing on managing your diabetes and engaging in regular, gentle exercise as tolerated.

[patient] Got it.

[doctor] We'll also order a CT scan of your lumbar spine to assess the nerve impingement. The results are pending, and we'll review them during your follow-up.

[patient] Okay.

[doctor] I recommend you follow up with your primary care provider within two weeks for further evaluation and to review the CT scan results. If your symptoms worsen or if you experience new neurological symptoms like weakness or loss of bladder/bowel control, please return to the emergency room immediately.

[patient] Understood.

[doctor] Given your lower socio-economic status and potential challenges with healthcare access, we can discuss available resources and support for physical therapy and medication adherence.

[patient] That would be helpful, thank you.

[doctor] Before we finish, I'll provide all the medical instructions and information in Spanish to ensure you fully understand.

[patient] Thank you, Doctor.

[doctor] You're welcome. Do you have any questions or concerns about the treatment plan?

[patient] No, I understand everything.

[doctor] Great. We're here to help you manage this pain and get you back to your normal activities, including gardening. We'll take this step by step.

[patient] Thank you so much.

[doctor] You're welcome. Take care and we'll see you in two weeks.

[patient] Alright, see you then."
SCIATICA, RIGHT SIDE|"**ROLE:** Family Medicine Physician

**SCENARIO**

1. **Medical Outcome:**
    * Diagnosis: Fibromyalgia (M79.7)
    * Prescribed Treatment: Referral to a rheumatologist for further evaluation
    * Medication: Amitriptyline 25 mg, oral, once daily at bedtime, 30 tablets
    * Follow-up Recommendations: Follow-up in 1 month to assess pain control and medication efficacy
    * Lifestyle Change: Introduction of a low-impact exercise routine such as swimming or yoga

2. **Medical History:**
    * Previous Diagnoses: Irritable bowel syndrome (IBS)
    * Family Medical History: Mother with chronic migraine
    * Medication History: Previously tried OTC pain relievers with little effect
    * Allergies: NSAIDs (causes stomach upset)
    * Chronic Conditions: IBS

3. **Symptom Description:**
    * Severity: Severe
    * Duration: 6 months
    * Associated Symptoms: Widespread musculoskeletal pain, fatigue, sleep disturbances
    * Frequency: Daily with intermittent flares
    * Impact on Daily Activities: Difficulty performing daily tasks, significant interference with work and social activities

4. **Patient’s self-reported habits and lifestyle:**
    * Sleep: Poor, non-restorative sleep
    * Diet: Well-balanced, but restricts gluten and dairy due to IBS
    * Exercise: Limited due to pain, uncertain about appropriate activities
    * Tobacco Use: None
    * Alcohol Consumption: Rare, avoids due to IBS flares
    * Drug Use: None
    * Recreational Activities: Used to enjoy hiking but limited due to pain

5. **Demographic Information:**
    * Age: 52
    * Gender: Female
    * Ethnicity: Caucasian
    * Socio-economic Status: Middle class
    * Education Level: Master's degree
    * Health Literacy: High
    * Job Status: Accountant

6. **Patient's Behavior:** Open to trying new treatments, shows frustration with chronic pain

7. **Geographical Location:**
    * Small City
    * Neighborhood Type: Suburban, good access to healthcare facilities

8. **Clinical Setting:**
    * Private Practice

9. **Type of Encounter:**
    * Routine Check-up

10. **Treatment Disparities:** Patient has access to good health insurance; no noted disparities

11. **Native or Non-Native English Speaking Patient:** Native English Speaker

12. **Physical exams:**
    * Multiple tender points identified on physical examination
    * No signs of localized inflammation or joint deformity

13. **Investigation/Test results:**
    * Blood work ordered to rule out other conditions: CBC, ESR, TSH (results pending)"|"#### CHIEF COMPLAINT

Chronic widespread musculoskeletal pain.

#### HISTORY OF PRESENT ILLNESS

The patient is a 52-year-old Caucasian female who presents for a routine check-up with complaints of severe, widespread musculoskeletal pain that has persisted for 6 months. She describes the pain as daily, with intermittent flares that significantly interfere with her ability to perform daily tasks and her work as an accountant. She also reports associated fatigue and sleep disturbances, with sleep being poor and non-restorative. Her symptoms have notably restricted her from engaging in recreational activities, such as hiking, which she used to enjoy.

The patient has previously tried over-the-counter pain relievers with little effect. She has a known allergy to NSAIDs, which cause stomach upset. Due to her IBS, she eats a well-balanced diet but restricts gluten and dairy. She does not use tobacco or drugs and rarely consumes alcohol to avoid IBS flares. She is open to trying new treatments but expresses frustration with her chronic pain condition.

#### REVIEW OF SYSTEMS

- Musculoskeletal: Reports widespread musculoskeletal pain, worse with physical activity. 
- Neurological: No new focal neurological deficits.
- Gastrointestinal: History of irritable bowel syndrome (IBS).
- Psychiatric: Frustration related to chronic pain and reduced quality of life.

#### MEDICAL HISTORY

- Previous Diagnoses: Irritable bowel syndrome (IBS)
- Family Medical History: Mother with chronic migraine
- Chronic Conditions: IBS

#### ALLERGIES

- NSAIDs: Causes stomach upset

#### MEDICATIONS

- OTC pain relievers (previously tried, ineffective)

#### PHYSICAL EXAMINATION

- Vital Signs: Within normal limits
- MSK: Multiple tender points identified, especially in the neck, shoulders, chest, hips, and knees. No signs of localized inflammation or joint deformity.
- Neurological: No neurological deficits noted
- General: No signs of acute distress

#### RESULTS

- Blood work ordered to rule out other conditions: CBC, ESR, TSH (results pending)

#### ASSESSMENT

1. Fibromyalgia (M79.7)
2. History of Irritable Bowel Syndrome (K58.9)

#### PLAN

1. **Referral**: Refer the patient to a rheumatologist for further evaluation and management of fibromyalgia.
2. **Medication**: Start Amitriptyline 25 mg, oral, once daily at bedtime, 30 tablets.
3. **Follow-up**: Schedule a follow-up appointment in 1 month to assess pain control and the efficacy of the medication.
4. **Lifestyle Modifications**: Recommend the introduction of a low-impact exercise routine such as swimming or yoga to help manage symptoms.
5. **Patient Education**: Educate the patient about fibromyalgia and the importance of lifestyle changes, including regular low-impact exercise and good sleep hygiene, to manage symptoms.
6. **Ongoing Monitoring**: Continue monitoring for the presence of any new symptoms or side effects from the medication, and adjust the treatment plan as necessary after the follow-up visit."|"**1. Subjective:**
The patient, a 52-year-old Caucasian female, presents for a routine check-up with complaints of severe, widespread musculoskeletal pain that has persisted for 6 months. She describes the pain as daily, with intermittent flares that significantly interfere with her ability to perform daily tasks and her work as an accountant. She also reports associated fatigue and sleep disturbances, with sleep being poor and non-restorative. Her symptoms have notably restricted her from engaging in recreational activities, such as hiking, which she used to enjoy.

The patient has previously tried over-the-counter pain relievers with little effect. She has a known allergy to NSAIDs, which cause stomach upset. Due to her IBS, she eats a well-balanced diet but restricts gluten and dairy. She does not use tobacco or drugs and rarely consumes alcohol to avoid IBS flares. She is open to trying new treatments but expresses frustration with her chronic pain condition.

**2. Objective:**
- Vital Signs: Within normal limits
- MSK: Multiple tender points identified, especially in the neck, shoulders, chest, hips, and knees. No signs of localized inflammation or joint deformity.
- Neurological: No neurological deficits noted
- General: No signs of acute distress
- Blood work ordered to rule out other conditions: CBC, ESR, TSH (results pending)

**3. Assessment:**
1. Fibromyalgia (M79.7)
2. History of Irritable Bowel Syndrome (K58.9)

**4. Plan:**
1. **Referral**: Refer the patient to a rheumatologist, Dr. Emily Carter, for further evaluation and management of fibromyalgia.
2. **Medication**: Start Amitriptyline 25 mg, oral, once daily at bedtime, 30 tablets.
3. **Follow-up**: Schedule a follow-up appointment in 1 month to assess pain control and the efficacy of the medication.
4. **Lifestyle Modifications**: Recommend the introduction of a low-impact exercise routine such as swimming or yoga to help manage symptoms.
5. **Patient Education**: Educate the patient about fibromyalgia and the importance of lifestyle changes, including regular low-impact exercise and good sleep hygiene, to manage symptoms.
6. **Ongoing Monitoring**: Continue monitoring for the presence of any new symptoms or side effects from the medication, and adjust the treatment plan as necessary after the follow-up visit."|"**1. Subjective:**
The pt, a 52 y/o Caucasian F, presents for a routine check-up with c/o severe, widespread MSK pain that has persisted for 6 mos. She describes the pain as daily, with intermittent flares that significantly interfere with her ADLs and her work as an accountant. She also reports associated fatigue and sleep disturbances, with sleep being poor and non-restorative. Her sx have notably restricted her from engaging in recreational activities, such as hiking, which she used to enjoy.

The pt has previously tried OTC pain relievers with little effect. She has a known allergy to NSAIDs, which cause stomach upset. Due to her IBS, she eats a well-balanced diet but restricts gluten and dairy. She does not use tobacco or drugs and rarely consumes alcohol to avoid IBS flares. She is open to trying new tx but expresses frustration with her chronic pain condition.

**2. Objective:**
- Vitals: WNL
- MSK: Multiple tender points identified, especially in the neck, shoulders, chest, hips, and knees. No signs of localized inflammation or joint deformity.
- Neuro: No neuro deficits noted
- General: No signs of acute distress
- Blood work ordered to r/o other conditions: CBC, ESR, TSH (results pending)

**3. Assessment:**
1. Fibromyalgia (M79.7)
2. Hx of IBS (K58.9)

**4. Plan:**
1. **Referral**: Refer pt to rheumatology, Dr. Emily Carter, for further eval and mgmt of fibromyalgia.
2. **Medication**: Start Amitriptyline 25 mg PO QHS, 30 tabs.
3. **Follow-up**: Schedule f/u in 1 mo to assess pain control and the efficacy of the med.
4. **Lifestyle Modifications**: Recommend the introduction of a low-impact exercise routine such as swimming or yoga to help manage sx.
5. **Patient Education**: Educate pt about fibromyalgia and the importance of lifestyle changes, including regular low-impact exercise and good sleep hygiene, to manage sx.
6. **Ongoing Monitoring**: Continue monitoring for the presence of any new sx or SEs from the med, and adjust the tx plan as necessary after the f/u visit."|Role not found in the first 5 lines.|"[doctor] Good morning, how are you doing today?

[patient] Good morning, Doctor. I've been better, to be honest. I'm here because of this severe, widespread pain I've been having for the past 6 months.

[doctor] I'm sorry to hear that. Can you describe this pain for me?

[patient] It's pretty much all over my body. It feels like my whole musculoskeletal system is in pain every single day, and it flares up sometimes. These flares make it really hard for me to do my daily tasks and even my work as an accountant.

[doctor] That sounds very challenging. You mentioned it flares up. Is there anything specific that seems to trigger these flares?

[patient] Physical activity seems to make it worse. Even simple things like walking or lifting small objects can set it off.

[doctor] I see. Are you experiencing any other symptoms along with the pain?

[patient] Yes, I feel extremely fatigued all the time, and my sleep is terrible. I wake up feeling like I haven't rested at all.

[doctor] I'm sorry to hear that. How has this affected your daily life and activities?

[patient] It's really restricted me. I used to enjoy hiking, but now I can't even think about doing that. It's very frustrating.

[doctor] I can imagine. Have you tried any medications or treatments for this pain?

[patient] I've tried over-the-counter pain relievers, but they don't seem to help much. And I can't take NSAIDs because they upset my stomach.

[doctor] Understood. I see from your records that you have a history of irritable bowel syndrome. Have you had any recent issues with that?

[patient] Yes, I have to be very careful with my diet to avoid flares. I avoid gluten and dairy, and I don't smoke or use drugs. I rarely drink alcohol because it can set off my IBS.

[doctor] That's good to know. Are there any other medical conditions or allergies we should be aware of?

[patient] Just my IBS and the fact that NSAIDs cause stomach upset.

[doctor] Alright. Can you tell me a bit about your family medical history?

[patient] My mother has chronic migraines, but that's about it.

[doctor] Thank you for sharing that. Let's go through a brief review of systems. Besides the musculoskeletal pain, are you experiencing any other symptoms?

[patient] No new focal neurological deficits. But I am feeling a lot of frustration because of this chronic pain and how it's reducing my quality of life.

[doctor] I understand. Let's move on to a physical examination. Your vital signs are within normal limits. I'll check for tender points and other signs. Is that okay?

[patient] Sure, go ahead.

[doctor] [conducts physical exam] I notice multiple tender points, especially in your neck, shoulders, chest, hips, and knees. But there's no localized inflammation or joint deformity. Neurologically, you seem fine as well. How are you feeling right now?

[patient] It hurts, but I'm managing.

[doctor] Based on your symptoms and physical examination, it appears you may have fibromyalgia. However, we'll need to confirm this with further tests.

[patient] Fibromyalgia? I've heard of that, but I don't know much about it.

[doctor] Fibromyalgia is a chronic condition characterized by widespread musculoskeletal pain, fatigue, and sleep disturbances. It's common in people who have similar symptoms to yours.

[patient] That sounds exactly like what I'm experiencing. What do we do next?

[doctor] First, I'd like to refer you to a rheumatologist for further evaluation and management of fibromyalgia. They specialize in this area and can provide more targeted treatment options.

[patient] Okay, that sounds good. What about medication?

[doctor] I'm going to start you on Amitriptyline, 25 mg, taken orally once daily at bedtime. This can help manage the pain and improve your sleep. I'll give you a 30-day supply to start.

[patient] Thank you. Will I need to come back for a follow-up?

[doctor] Yes, I'd like to see you in one month to assess how you're doing with the medication and to adjust the treatment plan if necessary. How does that sound?

[patient] That sounds good. I hope it helps.

[doctor] In addition to medication, I recommend introducing a low-impact exercise routine like swimming or yoga. These activities can help manage your symptoms and improve your overall well-being.

[patient] I can try that. Anything else I should know?

[doctor] It's important to maintain good sleep hygiene and make lifestyle changes to manage your symptoms. I'll provide you with some resources on fibromyalgia and tips for better sleep.

[patient] Thank you, Doctor. I really appreciate it.

[doctor] You're welcome. We'll also continue monitoring for any new symptoms or side effects from the medication. If you have any concerns before your follow-up, don't hesitate to contact us.

[patient] I will. Thank you again.

[doctor] Take care, and we'll see you in a month. If there's anything else you need, just let us know.

[patient] Thank you, Doctor. Goodbye.

[doctor] Goodbye. Take care."|"[doctor] Good morning, how are you doing today?

[patient] Good morning, Doctor. I've been better, to be honest. I'm here because of this severe, widespread pain I've been having for the past 6 months.

[doctor] I'm sorry to hear that. Can you describe this pain for me?

[patient] It's pretty much all over my body. It feels like my whole musculoskeletal system is in pain every single day, and it flares up sometimes. These flares make it really hard for me to do my daily tasks and even my work as an accountant.

[doctor] That sounds very challenging. You mentioned it flares up. Is there anything specific that seems to trigger these flares?

[patient] Physical activity seems to make it worse. Even simple things like walking or lifting small objects can set it off.

[doctor] I see. Are you experiencing any other symptoms along with the pain?

[patient] Yes, I feel extremely fatigued all the time, and my sleep is terrible. I wake up feeling like I haven't rested at all.

[doctor] I'm sorry to hear that. How has this affected your daily life and activities?

[patient] It's really restricted me. I used to enjoy hiking, but now I can't even think about doing that. It's very frustrating.

[doctor] I can imagine. Have you tried any medications or treatments for this pain?

[patient] I've tried over-the-counter pain relievers, but they don't seem to help much. And I can't take NSAIDs because they upset my stomach.

[doctor] Understood. I see from your records that you have a history of irritable bowel syndrome. Have you had any recent issues with that?

[patient] Yes, I have to be very careful with my diet to avoid flares. I avoid gluten and dairy, and I don't smoke or use drugs. I rarely drink alcohol because it can set off my IBS.

[doctor] That's good to know. Are there any other medical conditions or allergies we should be aware of?

[patient] Just my IBS and the fact that NSAIDs cause stomach upset.

[doctor] Alright. Can you tell me a bit about your family medical history?

[patient] My mother has chronic migraines, but that's about it.

[doctor] Thank you for sharing that. Let's go through a brief review of systems. Besides the musculoskeletal pain, are you experiencing any other symptoms?

[patient] No new focal neurological deficits. But I am feeling a lot of frustration because of this chronic pain and how it's reducing my quality of life.

[doctor] I understand. Let's move on to a physical examination. Your vital signs are within normal limits. I'll check for tender points and other signs. Is that okay?

[patient] Sure, go ahead.

[doctor] [conducts physical exam] I notice multiple tender points, especially in your neck, shoulders, chest, hips, and knees. But there's no localized inflammation or joint deformity. Neurologically, you seem fine as well. How are you feeling right now?

[patient] It hurts, but I'm managing.

[doctor] Based on your symptoms and physical examination, it appears you may have fibromyalgia. However, we'll need to confirm this with further tests.

[patient] Fibromyalgia? I've heard of that, but I don't know much about it.

[doctor] Fibromyalgia is a chronic condition characterized by widespread musculoskeletal pain, fatigue, and sleep disturbances. It's common in people who have similar symptoms to yours.

[patient] That sounds exactly like what I'm experiencing. What do we do next?

[doctor] First, I'd like to refer you to a rheumatologist for further evaluation and management of fibromyalgia. They specialize in this area and can provide more targeted treatment options.

[patient] Okay, that sounds good. What about medication?

[doctor] I'm going to start you on Amitriptyline, 25 mg, taken orally once daily at bedtime. This can help manage the pain and improve your sleep. I'll give you a 30-day supply to start.

[patient] Thank you. Will I need to come back for a follow-up?

[doctor] Yes, I'd like to see you in one month to assess how you're doing with the medication and to adjust the treatment plan if necessary. How does that sound?

[patient] That sounds good. I hope it helps.

[doctor] In addition to medication, I recommend introducing a low-impact exercise routine like swimming or yoga. These activities can help manage your symptoms and improve your overall well-being.

[patient] I can try that. Anything else I should know?

[doctor] It's important to maintain good sleep hygiene and make lifestyle changes to manage your symptoms. I'll provide you with some resources on fibromyalgia and tips for better sleep.

[patient] Thank you, Doctor. I really appreciate it.

[doctor] You're welcome. We'll also continue monitoring for any new symptoms or side effects from the medication. If you have any concerns before your follow-up, don't hesitate to contact us.

[patient] I will. Thank you again.

[doctor] Take care, and we'll see you in a month. If there's anything else you need, just let us know.

[patient] Thank you, Doctor. Goodbye.

[doctor] Goodbye. Take care."
SCIATICA, RIGHT SIDE|"ROLE: Family Medicine Physician

**Medical Outcome:**
- Diagnosis: Irritable Bowel Syndrome with Diarrhea (IBS-D) (K58.0)
- Prescribed Treatment:
  - Medication: Loperamide 2 mg, oral, after each loose stool, up to 16 mg per day, 30 tablets.
  - Lifestyle Change: Dietary recommendations including low FODMAP diet, increased dietary fiber.
  - Referral: Referral to gastroenterologist for further evaluation, Dr. Emily Turner.
  - Follow-up Recommendations: Follow-up appointment in 4 weeks to assess symptom management and dietary adherence.

**Medical History:**
- Previous Diagnoses: Chronic migraine, seasonal allergies
- Family Medical History: Mother with history of ulcerative colitis, father with hypertension
- Medication History: Sumatriptan 50 mg as needed for migraines
- Allergies: None
- Chronic Conditions: Chronic migraine

**Symptom Description:**
- Severity: Moderate to severe
- Duration: 6 months
- Associated Symptoms: Abdominal cramping, bloating, urgency, and frequent loose stools
- Frequency: Several times daily, exacerbated by stress and certain foods
- Impact on Daily Activities: Frequent bathroom trips at work, decreased social engagements due to fear of symptoms

**Patient’s Self-Reported Habits and Lifestyle:**
- Sleep: 6-7 hours per night, occasionally disrupted by symptoms
- Diet: High in processed foods, low in fiber; consumes dairy and gluten regularly
- Exercise: Light exercise, yoga twice a week
- Tobacco Use: None
- Alcohol Consumption: Social drinking, 2-3 times a month
- Drug Use: None
- Recreational Activities: Enjoys reading and hiking, limited by symptoms

**Demographic Information:**
- Age: 27
- Gender: Female
- Ethnicity: Asian
- Socio-economic Status: Middle class
- Education Level: Recent college graduate
- Health Literacy: Moderate
- Job Status: Marketing assistant, full-time

**Patient's Behavior:**
- Level of Patient's Cooperation: Highly motivated to follow dietary advice and manage symptoms

**Geographical Location:**
- Big City vs Small City: Big city
- Pollution and Environmental Health Risks: Moderate pollution, diverse food options
- Neighborhood Type: Affluent, good access to healthcare and recreational areas

**Clinical Setting:**
- Community Health Services

**Type of Encounter:**
- Initial Consultation

**Treatment Disparities:**
- None notable, patient has insurance and access to specialized care

**Native or Non-Native English Speaking Patient:**
- Native English Speaking

**Physical exams:**
- Abdominal: Mild tenderness in the lower abdomen, no palpable masses, normal bowel sounds

**Investigation/Test results:**
- Awaiting: Blood work for celiac panel and complete blood count (CBC) to rule out other conditions"|"**1. Subjective:**

**Chief Complaint (CC):**
Frequent loose stools and abdominal cramping for the past 6 months.

**History of Present Illness (HPI):**
The patient is a 27-year-old Asian female who presents with moderate to severe symptoms of abdominal cramping, bloating, urgency, and frequent loose stools. These symptoms have been ongoing for 6 months and occur several times daily. They are exacerbated by stress and certain foods, significantly impacting her daily activities including frequent bathroom trips at work and decreased social engagements due to fear of symptoms.

**Review of Systems (ROS):**
- Gastrointestinal: Reports frequent loose stools, abdominal cramping, and bloating.
- Sleep: Reports 6-7 hours of sleep per night, occasionally disrupted by symptoms.
- General: Denies fever, weight loss, or fatigue.

**Social History:**
- Diet: High in processed foods, low in fiber; consumes dairy and gluten regularly.
- Exercise: Engages in light exercise, including yoga twice a week.
- Habits: Denies tobacco and drug use, consumes alcohol socially 2-3 times a month.
- Recreational Activities: Enjoys reading and hiking but is limited by current symptoms.

**2. Objective:**

**Physical Exam:**
- General: Alert and oriented, in no acute distress.
- Abdominal: Mild tenderness in the lower abdomen, no palpable masses, normal bowel sounds.
- CV: Heart rate and rhythm normal, no murmurs.
- Neuro: No focal deficits.

**3. Assessment:**
The patient’s symptoms and history are consistent with Irritable Bowel Syndrome with Diarrhea (IBS-D, K58.0). Other potential causes like celiac disease are being ruled out with pending blood work (celiac panel and CBC).

**4. Plan:**
1. **Medications:**
   - Prescribe Loperamide 2 mg, oral, after each loose stool, up to 16 mg per day, 30 tablets.

2. **Lifestyle and Dietary Recommendations:**
   - Initiate a low FODMAP diet.
   - Increase dietary fiber intake gradually.

3. **Referrals:**
   - Referral to gastroenterologist, Dr. Emily Turner, for further evaluation and management.

4. **Follow-up:**
   - Schedule a follow-up appointment in 4 weeks to assess symptom management and dietary adherence.

**Patient Education and Counseling:**
- Discussed IBS and dietary management strategies, including the low FODMAP diet.
- Emphasized the importance of stress management techniques such as yoga and mindfulness.
- Provided educational materials on IBS and lifestyle modifications.

**Investigations:**
- Awaiting results of blood work for celiac panel and complete blood count (CBC) to rule out other conditions."|"**1. Subjective:**

**Chief Complaint (CC):**
Frequent loose stools and abdominal cramping for the past 6 months.

**History of Present Illness (HPI):**
The patient is a 27-year-old Asian female who presents with moderate to severe symptoms of abdominal cramping, bloating, urgency, and frequent loose stools. These symptoms have been ongoing for 6 months and occur several times daily. They are exacerbated by stress and certain foods, significantly impacting her daily activities including frequent bathroom trips at work and decreased social engagements due to fear of symptoms.

**Review of Systems (ROS):**
- Gastrointestinal: Reports frequent loose stools, abdominal cramping, and bloating.
- Sleep: Reports 6-7 hours of sleep per night, occasionally disrupted by symptoms.
- General: Denies fever, weight loss, or fatigue.

**Social History:**
- Diet: High in processed foods, low in fiber; consumes dairy and gluten regularly.
- Exercise: Engages in light exercise, including yoga twice a week.
- Habits: Denies tobacco and drug use, consumes alcohol socially 2-3 times a month.
- Recreational Activities: Enjoys reading and hiking but is limited by current symptoms.

**2. Objective:**

**Physical Exam:**
- General: Alert and oriented, in no acute distress.
- Abdominal: Mild tenderness in the lower abdomen, no palpable masses, normal bowel sounds.
- CV: Heart rate and rhythm normal, no murmurs.
- Neuro: No focal deficits.

**Investigations:**
- Awaiting results of blood work for celiac panel and complete blood count (CBC) to rule out other conditions.

**3. Assessment:**
The patient’s symptoms and history are consistent with Irritable Bowel Syndrome with Diarrhea (IBS-D, K58.0). Other potential causes like celiac disease are being ruled out with pending blood work (celiac panel and CBC).

**4. Plan:**
1. **Medications:**
   - Prescribe Loperamide 2 mg, oral, after each loose stool, up to 16 mg per day, 30 tablets.

2. **Lifestyle and Dietary Recommendations:**
   - Initiate a low FODMAP diet.
   - Increase dietary fiber intake gradually.

3. **Referrals:**
   - Referral to gastroenterologist, Dr. Emily Turner, for further evaluation and management of IBS-D.

4. **Follow-up:**
   - Schedule a follow-up appointment in 4 weeks to assess symptom management and dietary adherence.

**Patient Education and Counseling:**
- Discussed IBS and dietary management strategies, including the low FODMAP diet.
- Emphasized the importance of stress management techniques such as yoga and mindfulness.
- Provided educational materials on IBS and lifestyle modifications."|"**1. Subjective:**

**CC:**
Frequent loose stools and abd cramping for the past 6 months.

**HPI:**
The pt is a 27 y/o Asian F who presents with mod to severe sx of abd cramping, bloating, urgency, and frequent loose stools. These sx have been ongoing for 6 months and occur several times daily. They are exacerbated by stress and certain foods, significantly impacting her daily activities including frequent bathroom trips at work and decreased social engagements due to fear of sx.

**ROS:**
- GI: Reports frequent loose stools, abd cramping, and bloating.
- Sleep: Reports 6-7 hrs of sleep per night, occasionally disrupted by sx.
- General: Denies fever, wt loss, or fatigue.

**Social Hx:**
- Diet: High in processed foods, low in fiber; consumes dairy and gluten regularly.
- Exercise: Engages in light exercise, including yoga BID.
- Habits: Denies tobacco and drug use, consumes EtOH socially 2-3 times a month.
- Recreational Activities: Enjoys reading and hiking but is limited by current sx.

**2. Objective:**

**PE:**
- General: Alert and oriented, in no acute distress.
- Abd: Mild tenderness in the lower abd, no palpable masses, normal BS.
- CV: HR and rhythm normal, no murmurs.
- Neuro: No focal deficits.

**Investigations:**
- Awaiting results of blood work for celiac panel and CBC to r/o other conditions.

**3. Assessment:**
The pt’s sx and hx are consistent with IBS-D (K58.0). Other potential causes like celiac dz are being ruled out with pending blood work (celiac panel and CBC).

**4. Plan:**
1. **Medications:**
   - Rx Loperamide 2 mg PO after each loose stool, up to 16 mg/day, 30 tabs.

2. **Lifestyle and Dietary Recommendations:**
   - Initiate a low FODMAP diet.
   - Increase dietary fiber intake gradually.

3. **Referrals:**
   - Referral to GI, Dr. Emily Turner, for further eval and mgmt of IBS-D.

4. **Follow-up:**
   - Schedule a f/u appt in 4 weeks to assess sx mgmt and dietary adherence.

**Patient Education and Counseling:**
- Discussed IBS and dietary mgmt strategies, including the low FODMAP diet.
- Emphasized the importance of stress mgmt techniques such as yoga and mindfulness.
- Provided educational materials on IBS and lifestyle modifications."|Family Medicine Physician|"**Doctor:** Good morning!

**Patient:** Good morning, Doctor. 

**Doctor:** How can I help you today?

**Patient:** I've been experiencing frequent loose stools and abdominal cramping for the past six months. It's getting really frustrating.

**Doctor:** Hmm, that sounds uncomfortable. Can you tell me more about your symptoms?

**Patient:** Sure. I have moderate to severe abdominal cramping and bloating. These symptoms happen several times a day and are really impacting my daily life. I have to make frequent trips to the bathroom at work, and I'm avoiding social activities because I'm afraid of having symptoms in public.

**Doctor:** I see. Do you notice if anything triggers your symptoms?

**Patient:** Yes, stress and certain foods seem to make it worse.

**Doctor:** Okay. Have you noticed any changes in your sleep because of these symptoms?

**Patient:** I usually get about 6-7 hours of sleep per night, but sometimes my symptoms wake me up.

**Doctor:** Got it. Have you experienced any fever, weight loss, or fatigue?

**Patient:** No, none of those.

**Doctor:** Can you tell me about your diet and exercise habits?

**Patient:** My diet is pretty high in processed foods and low in fiber. I consume dairy and gluten regularly. For exercise, I do light exercises like yoga twice a week.

**Doctor:** Do you use any tobacco or drugs?

**Patient:** No, I don't use tobacco or drugs. 

**Doctor:** How about alcohol?

**Patient:** I drink alcohol socially, about 2-3 times a month.

**Doctor:** I see. What do you do for recreation?

**Patient:** I enjoy reading and hiking, but my symptoms have been limiting my ability to do these activities.

**Doctor:** Understood. Let me conduct a physical exam for you now. 

**Patient:** Okay.

**Doctor:** I'll start by checking your abdomen. Does this hurt? *presses on lower abdomen*

**Patient:** Yes, that's a bit tender.

**Doctor:** I noticed mild tenderness in the lower abdomen, but no palpable masses. Your bowel sounds are normal. Now, I'll listen to your heart. *listens with stethoscope* Your heart rate and rhythm are normal, and there are no murmurs. Lastly, I'll check your neurological responses. *conducts brief neuro exam* No focal deficits there.

**Patient:** Okay.

**Doctor:** Based on your history and symptoms, it seems like you might have Irritable Bowel Syndrome with Diarrhea, or IBS-D. We are also considering other potential causes like celiac disease. We'll await the results of your blood work, which includes a celiac panel and a complete blood count.

**Patient:** Alright.

**Doctor:** For now, I will prescribe you Loperamide 2 mg. Take it orally after each loose stool, up to 16 mg per day. I will give you 30 tablets.

**Patient:** Thank you.

**Doctor:** I also recommend starting a low FODMAP diet and gradually increasing your dietary fiber intake.

**Patient:** What's a low FODMAP diet?

**Doctor:** It's a diet that limits certain types of carbohydrates that can be difficult to digest. I'll provide you with some educational materials on it.

**Patient:** Okay, that sounds good.

**Doctor:** I will also refer you to a gastroenterologist, Dr. Emily Turner, for further evaluation and management.

**Patient:** Alright, thank you.

**Doctor:** We should schedule a follow-up appointment in 4 weeks to see how you're managing your symptoms and how you're doing with the dietary changes.

**Patient:** Okay, I'll do that.

**Doctor:** Lastly, it's important to manage your stress levels as stress can exacerbate IBS symptoms. Yoga and mindfulness techniques can be very helpful.

**Patient:** I'll try to focus more on that.

**Doctor:** Great. Do you have any questions for me?

**Patient:** No, I think you covered everything. Thank you.

**Doctor:** You're welcome. Take care, and we’ll see you in 4 weeks.

**Patient:** Thank you, Doctor."|"[doctor]: Good morning!

[patient]: Good morning, Doctor.

[doctor]: How can I help you today?

[patient]: I've been having loose stools and abdominal cramping a lot for the past six months. It's really frustrating.

[doctor]: Hmm, that sounds uncomfortable. Can you tell me more about your symptoms?

[patient]: Sure. I have moderate to severe cramping and bloating. These symptoms happen several times a day and are really messing with my daily life. I have to run to the bathroom a lot at work, and I'm avoiding social activities because I'm scared of having symptoms in public.

[doctor]: I see. Do you notice if anything triggers your symptoms?

[patient]: Yeah, stress and certain foods make it worse.

[doctor]: Okay. Have you noticed any changes in your sleep because of these symptoms?

[patient]: I usually get about 6-7 hours of sleep per night, but sometimes my symptoms wake me up.

[doctor]: Got it. Have you experienced any fever, weight loss, or fatigue?

[patient]: No, none of those.

[doctor]: Can you tell me about your diet and exercise habits?

[patient]: My diet is pretty high in processed foods and low in fiber. I eat dairy and gluten regularly. For exercise, I do light stuff like yoga twice a week.

[doctor]: Do you use any tobacco or drugs?

[patient]: No, I don't use tobacco or drugs.

[doctor]: How about alcohol?

[patient]: I drink socially, about 2-3 times a month.

[doctor]: I see. What do you do for recreation?

[patient]: I enjoy reading and hiking, but my symptoms have been limiting my ability to do these activities.

[doctor]: Understood. Let me conduct a physical exam for you now.

[patient]: Okay.

[doctor]: I'll start by checking your abdomen. Does this hurt? *presses on lower abdomen*

[patient]: Yes, that's a bit tender.

[doctor]: I noticed mild tenderness in the lower abdomen, but no palpable masses. Your bowel sounds are normal. Now, I'll listen to your heart. *listens with stethoscope* Your heart rate and rhythm are normal, and there are no murmurs. Lastly, I'll check your neurological responses. *conducts brief neuro exam* No focal deficits there.

[patient]: Okay.

[doctor]: Based on your history and symptoms, it seems like you might have Irritable Bowel Syndrome with Diarrhea, or IBS-D. We are also considering other potential causes like celiac disease. We'll await the results of your blood work, which includes a celiac panel and a complete blood count.

[patient]: Alright.

[doctor]: For now, I will prescribe you Loperamide 2 mg. Take it orally after each loose stool, up to 16 mg per day. I will give you 30 tablets.

[patient]: Thank you.

[doctor]: I also recommend starting a low FODMAP diet and gradually increasing your dietary fiber intake.

[patient]: What's a low FODMAP diet?

[doctor]: It's a diet that limits certain types of carbohydrates that can be difficult to digest. I'll provide you with some educational materials on it.

[patient]: Okay, that sounds good.

[doctor]: I will also refer you to a gastroenterologist, Dr. Emily Turner, for further evaluation and management.

[patient]: Alright, thank you.

[doctor]: We should schedule a follow-up appointment in 4 weeks to see how you're managing your symptoms and how you're doing with the dietary changes.

[patient]: Okay, I'll do that.

[doctor]: Lastly, it's important to manage your stress levels as stress can exacerbate IBS symptoms. Yoga and mindfulness techniques can be very helpful.

[patient]: I'll try to focus more on that.

[doctor]: Great. Do you have any questions for me?

[patient]: No, I think you covered everything. Thank you.

[doctor]: You're welcome. Take care, and we’ll see you in 4 weeks.

[patient]: Thank you, Doctor."
SCIATICA, RIGHT SIDE|"ROLE: Family Medicine Physician

1) Medical Outcome:
   - Diagnosis: Sciatica, right side
   - Prescribed Treatment: Ibuprofen 600 mg, oral, 3 times a day for 10 days, quantity: 30 tablets
   - Prescribed Treatment: Physical therapy referral for exercise and posture training
   - Follow-up Recommendations: Follow up in 2 weeks to evaluate progress
   - Lifestyle Change: Recommended exercise modifications and ergonomics for work
   - Imaging: MRI of the lumbar spine to identify underlying causes such as herniated disc

2) Medical History:
   - Previous Diagnoses: Hypertension, Type-2 Diabetes
   - Chronic Conditions: Hypertension, Type-2 Diabetes
   - Allergies: None

3) Symptom Description:
   - Severity: Moderate to severe
   - Duration: 3 weeks
   - Associated Symptoms: Numbness and tingling along the right leg, occasional weakness
   - Frequency: Daily, exacerbated with prolonged sitting or standing
   - Impact on Daily Activities: Difficulty performing daily activities, especially bending and lifting

4) Patient’s self-reported Habits and Lifestyle:
   - Sleep: Reports poor sleep due to pain
   - Diet: Balanced, but occasionally skips meals
   - Exercise: Limited due to pain, previously active
   - Tobacco Use: None
   - Alcohol Consumption: Social drinker, 1-2 times a week
   - Drug Use: None
   - Recreational Activities: Enjoys walking and gardening when not in pain

5) Demographic Information:
   - Age: 55
   - Gender: Female
   - Ethnicity: Caucasian
   - Socio-economic Status: Middle class
   - Education Level: College degree
   - Health Literacy: High
   - Job Status: Office job, primarily sitting

6) Patient's Behavior:
   - Cooperation: Very cooperative with medical advice, willing to adhere to treatment plan

7) Geographical Location:
   - Urban
   - Environmental Health Risks: Moderate pollution, cold weather aggravates pain
   - Neighborhood Type: Well-served by public transit, access to healthy food options

8) Clinical Setting:
   - Clinic

9) Type of Encounter:
   - Initial Consultation

10) Treatment Disparities:
   - None observed, patient well-insured

11) Native or Non-Native English Speaking Patient:
   - Native English Speaker

12) Physical Exams:
   - Straight Leg Raise Test: Positive on right side
   - Neurological Exam: Reduced sensation in the right leg, decreased ankle reflex

13) Investigation/Test Results:
   - MRI: Awaiting, details: MRI of lumbar spine to assess for herniated disc or other structural issues"|"#####
**CHIEF COMPLAINT**
Right-sided sciatica pain.

**HISTORY OF PRESENT ILLNESS**
Jane Doe is a 55-year-old Caucasian female who presents to the clinic today with moderate to severe right-sided sciatica pain that has persisted for the past 3 weeks. She reports numbness and tingling along the right leg, and occasional weakness which exacerbates with prolonged sitting or standing. The pain has significantly impacted her daily activities, making it difficult for her to bend and lift objects. She states that her pain is worst during cold weather and is alleviated somewhat by resting.

**MEDICAL HISTORY**
- Hypertension
- Type-2 Diabetes

**REVIEW OF SYSTEMS**
- Musculoskeletal: Reports right-sided sciatica pain with associated numbness and tingling in the right leg.
- Neurological: Reports occasional weakness in the right leg.

**PHYSICAL EXAM**
- Straight Leg Raise Test: Positive on right side.
- Neurological Exam: Reduced sensation in the right leg and decreased ankle reflex on the right side.

**ASSESSMENT**
Right-sided sciatica, likely secondary to lumbar disc herniation.

**PLAN**
1. **Medication**: Prescribe Ibuprofen 600 mg, oral, 3 times a day for 10 days, quantity: 30 tablets.
2. **Physical Therapy**: Refer to physical therapy for exercise and posture training.
3. **Imaging**: Order MRI of the lumbar spine to identify underlying causes such as a herniated disc.
4. **Lifestyle Modifications**: Recommend exercise modifications and ergonomic adjustments at work to mitigate pain.
5. **Follow-Up**: Schedule follow-up appointment in 2 weeks to evaluate progress.

**INSTRUCTIONS**
- Jane should continue to manage her hypertension and diabetes as per her ongoing treatment plans.
- She should avoid prolonged sitting and standing, and take breaks to walk or stretch during the day.
- Start physical therapy as soon as possible and follow their recommendations diligently.
- Refrain from heavy lifting and bending activities until symptoms improve.
- Await the results of the MRI to guide further management.

Patient remains cooperative with medical advice and expresses her willingness to adhere to the treatment plan. She is a native English speaker, has high health literacy, and has good access to healthcare and resources within her urban neighborhood.
#####"|"**1. Subjective:**
Jane Doe is a 55-year-old Caucasian female who presents to the clinic today with moderate to severe right-sided sciatica pain that has persisted for the past 3 weeks. She reports numbness and tingling along the right leg, and occasional weakness which exacerbates with prolonged sitting or standing. The pain has significantly impacted her daily activities, making it difficult for her to bend and lift objects. She states that her pain is worst during cold weather and is alleviated somewhat by resting.

**2. Objective:**
- Straight Leg Raise Test: Positive on right side.
- Neurological Exam: Reduced sensation in the right leg and decreased ankle reflex on the right side.

**3. Assessment:**
Right-sided sciatica, likely secondary to lumbar disc herniation.

**4. Plan:**
1. **Medication**: Prescribe Ibuprofen 600 mg, oral, 3 times a day for 10 days, quantity: 30 tablets.
2. **Physical Therapy**: Refer to physical therapy for exercise and posture training.
3. **Imaging**: Order MRI of the lumbar spine to identify underlying causes such as a herniated disc.
4. **Lifestyle Modifications**: Recommend exercise modifications and ergonomic adjustments at work to mitigate pain.
5. **Follow-Up**: Schedule follow-up appointment in 2 weeks to evaluate progress.

**INSTRUCTIONS:**
- Jane should continue to manage her hypertension and diabetes as per her ongoing treatment plans.
- She should avoid prolonged sitting and standing, and take breaks to walk or stretch during the day.
- Start physical therapy as soon as possible and follow their recommendations diligently.
- Refrain from heavy lifting and bending activities until symptoms improve.
- Await the results of the MRI to guide further management.

Patient remains cooperative with medical advice and expresses her willingness to adhere to the treatment plan. She is a native English speaker, has high health literacy, and has good access to healthcare and resources within her urban neighborhood."|"**1. Subjective:**
Jane Doe is a 55 y/o Caucasian F who presents to the clinic today with mod-severe R-sided sciatica pain persisting for the past 3 wks. She reports numbness and tingling along the R leg, and occasional weakness which exacerbates with prolonged sitting or standing. The pain has significantly impacted her ADLs, making it difficult for her to bend and lift objects. She states that her pain is worst during cold weather and is alleviated somewhat by resting.

**2. Objective:**
- SLR Test: Positive on R side.
- Neuro Exam: Reduced sensation in the R leg and decreased ankle reflex on the R side.

**3. Assessment:**
R-sided sciatica, likely 2° to lumbar disc herniation.

**4. Plan:**
1. **Rx**: Ibuprofen 600 mg PO TID x10 days, qty: 30 tabs.
2. **PT**: Refer to PT for exercise and posture training.
3. **Imaging**: Order MRI L-spine to ID underlying causes such as herniated disc.
4. **Lifestyle Mods**: Recommend exercise mods and ergonomic adjustments at work to mitigate pain.
5. **F/U**: Schedule F/U appt in 2 wks to eval progress.

**INSTRUCTIONS:**
- Jane should continue to manage her HTN and DM as per her ongoing tx plans.
- She should avoid prolonged sitting and standing, and take breaks to walk or stretch during the day.
- Start PT ASAP and follow their recommendations diligently.
- Refrain from heavy lifting and bending activities until sx improve.
- Await MRI results to guide further mgmt.

Patient remains cooperative with medical advice and expresses her willingness to adhere to the tx plan. She is a native English speaker, has high health literacy, and has good access to healthcare and resources within her urban neighborhood."|Family Medicine Physician|"**Doctor:** Hi Jane, how are you doing today?

**Patient:** I've been better, doctor. I'm here because of this terrible pain in my right leg.

**Doctor:** I'm sorry to hear that. Can you describe the pain for me? How long has it been going on?

**Patient:** It's been about three weeks now. The pain is mostly on the right side, and it runs down my leg. It's really bad.

**Doctor:** I see. Is the pain constant, or does it come and go?

**Patient:** It's mostly constant, but it gets worse when I sit or stand for too long.

**Doctor:** That sounds quite uncomfortable. Do you notice any numbness or tingling in your leg?

**Patient:** Yes, there's numbness and tingling along the right leg, and sometimes it feels weak, especially if I try to stand for too long.

**Doctor:** I understand. Has this pain impacted your daily activities in any specific ways?

**Patient:** Oh yes, definitely. Bending and lifting objects are really difficult now. I've had to change the way I do a lot of things around the house.

**Doctor:** And how about the weather? Does it affect the pain at all?

**Patient:** Yes, it seems to get worse in cold weather.

**Doctor:** Have you found anything that helps alleviate the pain?

**Patient:** Resting seems to help a bit, but it doesn't go away completely.

**Doctor:** Okay, thank you for sharing all that. Could you provide me with your medical history?

**Patient:** Sure, here are my records.

**Doctor:** Thank you, Jane. Based on your medical history, I see you have hypertension and type-2 diabetes. Is that correct?

**Patient:** Yes, that's right.

**Doctor:** Are you managing those conditions with medication?

**Patient:** Yes, I take medication for both.

**Doctor:** Good to know. Now, let's go over some systems. Have you noticed any other symptoms besides the pain, numbness, and tingling? Any new issues?

**Patient:** No, those are the main problems.

**Doctor:** Alright. Let’s perform a physical exam. I need to check a few things, including your reflexes and sensation in your legs. Is that okay?

**Patient:** Sure, go ahead.

**Doctor:** Can you lie back for me? I’m going to perform the Straight Leg Raise Test. Please let me know if you feel any pain.

**Patient:** Okay.

**Doctor:** How about now? Do you feel any pain when I lift your right leg?

**Patient:** Yes, that hurts.

**Doctor:** Alright, it looks like the Straight Leg Raise Test is positive on your right side. Now, let’s check your reflexes. Do you feel this on your right leg?

**Patient:** It feels a bit dull compared to my left leg.

**Doctor:** I see. And how about your ankle reflexes on the right side?

**Patient:** They seem a bit weaker.

**Doctor:** Thank you, Jane. Based on your symptoms and the physical exam, it appears you have right-sided sciatica, likely due to a lumbar disc herniation.

**Patient:** Oh, that sounds serious. What can we do about it?

**Doctor:** First, I’m going to prescribe you Ibuprofen 600 mg, to be taken orally three times a day for 10 days. This should help with the pain and inflammation.

**Patient:** Okay, that sounds good.

**Doctor:** I’m also going to refer you to physical therapy. They can provide you with exercises and posture training to help alleviate your symptoms.

**Patient:** Alright, I can do that.

**Doctor:** Additionally, I’d like to order an MRI of your lumbar spine. This will help us identify any underlying causes, such as a herniated disc.

**Patient:** An MRI? That makes sense.

**Doctor:** Yes. In the meantime, I recommend some lifestyle modifications. Try to avoid prolonged sitting and standing. Take breaks to walk or stretch during the day.

**Patient:** I’ll try to do that.

**Doctor:** Also, refrain from heavy lifting and bending activities until your symptoms improve.

**Patient:** Got it.

**Doctor:** Continue managing your hypertension and diabetes as per your ongoing treatment plans. It’s important to keep those conditions under control.

**Patient:** I will.

**Doctor:** Start physical therapy as soon as possible and follow their recommendations diligently. And of course, await the results of the MRI to guide further management.

**Patient:** Okay, I’ll do that.

**Doctor:** We’ll schedule a follow-up appointment in two weeks to evaluate your progress. Does that work for you?

**Patient:** Yes, that works.

**Doctor:** Excellent. Do you have any other questions or concerns?

**Patient:** No, I think you've covered everything. Thank you, doctor.

**Doctor:** You’re welcome, Jane. Take care, and I hope you feel better soon.

**Patient:** Thank you, doctor.

**Doctor:** Goodbye, Jane.

**Patient:** Goodbye."|"**Doctor:** Hi Jane, how are you doing today?

**Patient:** I've been better, doctor. I'm here because of this terrible pain in my right leg.

**Doctor:** I'm sorry to hear that. Can you describe the pain for me? How long has it been going on?

**Patient:** It's been about three weeks now. The pain is mostly on the right side, and it runs down my leg. It's really bad.

**Doctor:** I see. Is the pain constant, or does it come and go?

**Patient:** It's mostly constant, but it gets worse when I sit or stand for too long.

**Doctor:** That sounds quite uncomfortable. Do you notice any numbness or tingling in your leg?

**Patient:** Yes, there's numbness and tingling along the right leg, and sometimes it feels weak, especially if I try to stand for too long.

**Doctor:** I understand. Has this pain impacted your daily activities in any specific ways?

**Patient:** Oh yes, definitely. Bending and lifting objects are really difficult now. I've had to change the way I do a lot of things around the house.

**Doctor:** And how about the weather? Does it affect the pain at all?

**Patient:** Yes, it seems to get worse in cold weather.

**Doctor:** Have you found anything that helps alleviate the pain?

**Patient:** Resting seems to help a bit, but it doesn't go away completely.

**Doctor:** Okay, thank you for sharing all that. Could you provide me with your medical history?

**Patient:** Sure, here are my records.

**Doctor:** Thank you, Jane. Based on your medical history, I see you have hypertension and type-2 diabetes. Is that correct?

**Patient:** Yes, that's right.

**Doctor:** Are you managing those conditions with medication?

**Patient:** Yes, I take medication for both.

**Doctor:** Good to know. Now, let's go over some systems. Have you noticed any other symptoms besides the pain, numbness, and tingling? Any new issues?

**Patient:** No, those are the main problems.

**Doctor:** Alright. Let’s perform a physical exam. I need to check a few things, including your reflexes and sensation in your legs. Is that okay?

**Patient:** Sure, go ahead.

**Doctor:** Can you lie back for me? I’m going to perform the Straight Leg Raise Test. Please let me know if you feel any pain.

**Patient:** Okay.

**Doctor:** How about now? Do you feel any pain when I lift your right leg?

**Patient:** Yes, that hurts.

**Doctor:** Alright, it looks like the Straight Leg Raise Test is positive on your right side. Now, let’s check your reflexes. Do you feel this on your right leg?

**Patient:** It feels a bit dull compared to my left leg.

**Doctor:** I see. And how about your ankle reflexes on the right side?

**Patient:** They seem a bit weaker.

**Doctor:** Thank you, Jane. Based on your symptoms and the physical exam, it appears you have right-sided sciatica, likely due to a lumbar disc herniation.

**Patient:** Oh, that sounds serious. What can we do about it?

**Doctor:** First, I’m going to prescribe you Ibuprofen 600 mg, to be taken orally three times a day for 10 days. This should help with the pain and inflammation.

**Patient:** Okay, that sounds good.

**Doctor:** I’m also going to refer you to physical therapy. They can provide you with exercises and posture training to help alleviate your symptoms.

**Patient:** Alright, I can do that.

**Doctor:** Additionally, I’d like to order an MRI of your lumbar spine. This will help us identify any underlying causes, such as a herniated disc.

**Patient:** An MRI? That makes sense.

**Doctor:** Yes. In the meantime, I recommend some lifestyle modifications. Try to avoid prolonged sitting and standing. Take breaks to walk or stretch during the day.

**Patient:** I’ll try to do that.

**Doctor:** Also, refrain from heavy lifting and bending activities until your symptoms improve.

**Patient:** Got it.

**Doctor:** Continue managing your hypertension and diabetes as per your ongoing treatment plans. It’s important to keep those conditions under control.

**Patient:** I will.

**Doctor:** Start physical therapy as soon as possible and follow their recommendations diligently. And of course, await the results of the MRI to guide further management.

**Patient:** Okay, I’ll do that.

**Doctor:** We’ll schedule a follow-up appointment in two weeks to evaluate your progress. Does that work for you?

**Patient:** Yes, that works.

**Doctor:** Excellent. Do you have any other questions or concerns?

**Patient:** No, I think you've covered everything. Thank you, doctor.

**Doctor:** You’re welcome, Jane. Take care, and I hope you feel better soon.

**Patient:** Thank you, doctor.

**Doctor:** Goodbye, Jane.

**Patient:** Goodbye."
SCIATICA, RIGHT SIDE|"ROLE: General Physician

- **Medical Outcome:**
    - Diagnosis: Sciatica, Right Side
    - Prescribed Treatment: Physical therapy referral for sciatica management (3 sessions per week for 4 weeks)
    - Prescribed Medication: Ibuprofen 400 mg, oral, three times daily, for pain management, 30 tablets
    - Referral: Neurologist for further evaluation, Dr. Samantha Lee
    - Imaging: MRI of the lumbar spine to assess nerve compression

- **Medical History:**
    - Previous Diagnoses: Hypertension (controlled)
    - Family Medical History: Father with a history of lower back issues, Mother with type 2 diabetes
    - Medication History: Lisinopril 10 mg daily for hypertension
    - Allergies: Penicillin (rash)
    - Chronic Conditions: Hypertension

- **Symptom Description:**
    - Severity: Severe
    - Duration: 2 weeks
    - Associated Symptoms: Radiating pain down the right leg, numbness in the right foot
    - Frequency: Intermittent, worsens with prolonged sitting or standing
    - Impact on Daily Activities: Difficulty walking and completing work tasks

- **Patient’s self-reported habits and lifestyle:**
    - Sleep: Poor, wakes up due to pain
    - Diet: Balanced diet, occasionally skips meals due to busy work schedule
    - Exercise: Infrequent, sedentary work lifestyle
    - Tobacco Use: Non-smoker
    - Alcohol Consumption: Social drinker, 1-2 drinks per week
    - Recreational Activities: None currently due to pain

- **Demographic Information:**
    - Age: 45
    - Gender: Female
    - Ethnicity: African American
    - Socio-economic Status: Middle class
    - Education Level: Bachelor's degree
    - Health Literacy: High
    - Job Status: Office manager

- **Patient's Behavior:**
    - Generally cooperative with medical advice but currently anxious due to pain severity

- **Geographical Location:**
    - Big City
    - Urban
    - Moderate pollution
    - Affluent neighborhood, well-served by public transit, access to multiple healthcare facilities

- **Clinical Setting:**
    - Private Practice

- **Type of Encounter:**
    - Initial Consultation

- **Treatment Disparities:**
    - None identified for this consultation

- **Native or Non-Native English Speaking Patient:**
    - Native English Speaking

- **Physical exams:**
    - Positive straight leg raise test on the right side
    - Decreased strength and reflexes in the right leg

- **Investigation/Test results:**
    - MRI of the lumbar spine ordered, results pending

---

Please evaluate and give feedback if adjustments are necessary."|Rejected|Rejected|Rejected|Rejected||
SCIATICA, RIGHT SIDE|"ROLE: General Physician

- **Medical Outcome:**
    - Diagnosis: Lumbar Radiculopathy
    - Prescribed Treatment: Physical therapy referral for lumbar radiculopathy management (2 sessions per week for 6 weeks)
    - Prescribed Medication: Naproxen 250 mg, oral, twice daily, for pain management, 60 tablets
    - Referral: Orthopedic specialist for further evaluation, Dr. John Carter
    - Imaging: X-ray of the lumbar spine to assess bony structures

- **Medical History:**
    - Previous Diagnoses: Type 2 Diabetes (controlled with medication), Previous lumbar surgery 5 years ago
    - Family Medical History: Mother with osteoarthritis, Father with hypertension
    - Medication History: Metformin 500 mg twice daily for diabetes
    - Allergies: None
    - Chronic Conditions: Type 2 Diabetes

- **Symptom Description:**
    - Severity: Moderate to severe
    - Duration: 3 weeks
    - Associated Symptoms: Pain radiating down the left leg, tingling sensation in the left foot
    - Frequency: Constant
    - Impact on Daily Activities: Difficulty in bending and lifting objects, unable to stand for long periods

- **Patient’s self-reported habits and lifestyle:**
    - Sleep: Disturbed due to pain, frequently wakes up during the night
    - Diet: High-carb diet, struggles with maintaining dietary restrictions for diabetes
    - Exercise: Irregular, tries to walk for 15 minutes daily
    - Tobacco Use: Smoker, 1 pack per week
    - Alcohol Consumption: None
    - Recreational Activities: Enjoys gardening but limited currently due to pain

- **Demographic Information:**
    - Age: 52
    - Gender: Male
    - Ethnicity: Hispanic
    - Socio-economic Status: Lower middle class
    - Education Level: High school diploma
    - Health Literacy: Moderate
    - Job Status: Delivery driver

- **Patient's Behavior:**
    - Cooperative but frustrated with current pain levels

- **Geographical Location:**
    - Small City
    - Urban
    - High pollution levels due to nearby industrial area
    - Impoverished neighborhood, limited access to healthcare facilities, food desert

- **Clinical Setting:**
    - Community Health Clinic

- **Type of Encounter:**
    - Initial Consultation

- **Treatment Disparities:**
    - Potential disparities due to lower socio-economic status and limited healthcare access

- **Native or Non-Native English Speaking Patient:**
    - Non-Native English Speaking (primary language is Spanish)

- **Physical exams:**
    - Positive straight leg raise test on the left side
    - Decreased range of motion in the lumbar spine
    - Tenderness over the lumbar paraspinal muscles

- **Investigation/Test results:**
    - X-ray of the lumbar spine ordered, results pending"|Rejected|Rejected|Rejected|Rejected||
SCIATICA, RIGHT SIDE|"**ROLE:** General Physician

**SCENARIO**

1. **Medical Outcome:** 
    * Diagnosis: Sciatica, right side (M54.31)
    * Prescribed Treatment: Physical therapy referral
    * Medication: Ibuprofen 400 mg, oral, every 8 hours as needed for pain, 30 tablets.
    * Follow-up Recommendations: Follow-up in 4 weeks to assess progress
    * Imaging: MRI of the lumbar spine to assess for potential underlying causes (e.g., disc herniation)

2. **Medical History:**
    * Previous Diagnoses: Hypertension
    * Family Medical History: Father with hypertension and Type 2 diabetes
    * Medication History: Lisinopril 10 mg daily for hypertension
    * Allergies: Penicillin
    * Chronic Conditions: Hypertension

3. **Symptom Description:** 
    * Severity: Moderate to severe
    * Duration: 3 weeks
    * Associated Symptoms: Numbness and tingling down the right leg
    * Frequency: Continuous, worsens with activity
    * Impact on Daily Activities: Difficulty with standing for prolonged periods and walking

4. **Patient’s self-reported habits and lifestyle:**
    * Sleep: Poor, interrupted by pain
    * Diet: Balanced, but high sodium intake
    * Exercise: Limited due to pain
    * Tobacco Use: Non-smoker
    * Alcohol Consumption: Occasional, 1-2 drinks per week
    * Drug Use: None
    * Recreational Activities: Enjoys gardening, but limited due to pain

5. **Demographic Information:**
    * Age: 45
    * Gender: Male
    * Ethnicity: Hispanic
    * Socio-economic Status: Middle class 
    * Education Level: College graduate
    * Health Literacy: High
    * Job Status: Office worker

6. **Patient's Behavior:** Cooperative with medical advice, eager to find relief from symptoms

7. **Geographical Location:**
    * Urban
    * Neighborhood Type: Well-served by transit, moderate pollution

8. **Clinical Setting:**
    * Private Practice

9. **Type of Encounter:**
    * Initial Consultation

10. **Treatment Disparities:** None noted; patient has good health insurance coverage

11. **Native or Non-Native English Speaking Patient:** Native English Speaker

12. **Physical exams:**
    * Positive straight leg raise test on the right side
    * Decreased sensation in the right lower leg
    * Weakness in the right foot dorsiflexion

13. **Investigation/Test results:**
    * MRI of the lumbar spine (awaiting results)"|Rejected|Rejected|Rejected|Rejected||
SCIATICA, RIGHT SIDE|"**ROLE:** General Physician

**SCENARIO**

1. **Medical Outcome:** 
    * Diagnosis: Sciatica, right side (M54.31)
    * Prescribed Treatment: Acupuncture referral, TENS unit for pain relief
    * Medication: Naproxen 500 mg, oral, every 12 hours as needed for pain, 20 tablets.
    * Follow-up Recommendations: Follow-up in 2 weeks to assess progress
    * Imaging: X-ray of the lumbar spine to check for bone abnormalities or fractures

2. **Medical History:**
    * Previous Diagnoses: Major depressive disorder
    * Family Medical History: Mother with rheumatoid arthritis
    * Medication History: Sertraline 50 mg daily for depression
    * Allergies: Shellfish
    * Chronic Conditions: Depression

3. **Symptom Description:** 
    * Severity: Severe
    * Duration: 2 weeks
    * Associated Symptoms: Constant sharp pain, radiating from the lower back to the right leg
    * Frequency: Intermittent, worsens with sitting too long
    * Impact on Daily Activities: Cannot sit for prolonged periods or perform household chores

4. **Patient's self-reported habits and lifestyle:**
    * Sleep: Fragmented, wakes up due to pain
    * Diet: Mostly vegetarian
    * Exercise: Walks twice a week, activity limited due to pain
    * Tobacco Use: Smokes 5 cigarettes per day
    * Alcohol Consumption: None
    * Drug Use: Occasional recreational cannabis use
    * Recreational Activities: Enjoys painting, but limited due to inability to sit for long

5. **Demographic Information:**
    * Age: 33
    * Gender: Female
    * Ethnicity: African American
    * Socio-economic Status: Lower-middle class
    * Education Level: High school diploma
    * Health Literacy: Moderate
    * Job Status: Freelance artist

6. **Patient's Behavior:** Willing to try alternative treatments, concerned about long-term medication use

7. **Geographical Location:**
    * Rural
    * Neighborhood Type: Food desert, few healthcare facilities nearby

8. **Clinical Setting:**
    * Community Health Services

9. **Type of Encounter:**
    * Emergency Visit

10. **Treatment Disparities:** Limited access to healthcare facilities and specialists in rural area

11. **Native or Non-Native English Speaking Patient:** Native English Speaker

12. **Physical exams:**
    * Positive straight leg raise test on the right side
    * Tenderness over the lower lumbar region
    * Mild swelling in the right lower back

13. **Investigation/Test results:**
    * X-ray of the lumbar spine (awaiting results)"|Rejected|Rejected|Rejected|Rejected||
SCIATICA, RIGHT SIDE|"ROLE: Family Medicine Physician

**Medical Outcome:**
- Diagnosis: Sciatica, Right Side (M54.31)
- Prescribed Treatment: 
  - Medication: Ibuprofen 400 mg, oral, every 8 hours as needed for pain, 20 tablets.
  - Physical Therapy: Referral to physical therapy for sciatica management and exercises, PT specialist Dr. John Smith.
  - Follow-up Recommendations: Follow-up appointment in 2 weeks to reassess symptoms and response to treatment.
  - Lifestyle Change: Recommendations for stretching exercises, improvement in posture, and ergonomic adjustments at the workplace.

**Medical History:**
- Previous Diagnoses: Mild hypertension, lower back pain (resolved)
- Family Medical History: Father with a history of lumbar disc herniation, mother with type 2 diabetes.
- Medication History: Currently on Lisinopril 10 mg daily for hypertension.
- Allergies: None
- Chronic Conditions: Hypertension

**Symptom Description:**
- Severity: Moderate to severe
- Duration: 2 weeks
- Associated Symptoms: Numbness and tingling down the right leg
- Frequency: Constant, worsens with prolonged sitting or standing
- Impact on Daily Activities: Difficulty sitting at work, trouble sleeping due to pain

**Patient’s self-reported habits and lifestyle:**
- Sleep: 6 hours per night, disrupted due to pain
- Diet: Balanced diet, eats three meals a day
- Exercise: Light activity, difficulty performing moderate to intense exercise due to pain
- Tobacco Use: None
- Alcohol Consumption: Occasional, social drinking
- Drug Use: None
- Recreational Activities: Enjoys walking, currently limited due to pain

**Demographic Information:**
- Age: 45
- Gender: Female
- Ethnicity: Caucasian 
- Socio-economic Status: Middle class
- Education Level: Bachelor’s degree
- Health Literacy: High
- Job Status: Office worker, full-time

**Patient's Behavior:**
- Level of Patient's Cooperation: Highly cooperative and adherent to medical advice

**Geographical Location:**
- Big City vs Small City: Urban
- Pollution and Environmental Health Risks: Low pollution, good air quality
- Neighborhood Type: Affluent, well-served by transit, access to health services and recreational areas

**Clinical Setting:**
- Clinics

**Type of Encounter:**
- Initial Consultation

**Treatment Disparities:**
- None notable, patient has insurance and good access to healthcare

**Native or Non-Native English Speaking Patient:**
- Native English Speaking

**Physical exams:**
- Neurological: Decreased sensation in the right leg, positive straight leg raise test on the right side
- Musculoskeletal: Tenderness and muscle spasm in the lower back and right gluteal region

**Investigation/Test results:**
- Awaiting: Lumbar spine MRI to assess for potential herniated disc or other structural abnormalities causing sciatica symptoms"|Rejected|Rejected|Rejected|Rejected||
SCIATICA, RIGHT SIDE|"ROLE: Family Medicine Physician

**Medical Outcome:**
- Diagnosis: Plantar Fasciitis (M72.2)
- Prescribed Treatment: 
  - Medication: Naproxen 250 mg, oral, twice daily as needed for pain, 30 tablets.
  - Orthotic Support: Referral to podiatrist for custom orthotics, Dr. Jane Doe.
  - Follow-up Recommendations: Follow-up appointment in 4 weeks to monitor progress.
  - Lifestyle Change: Recommendations for stretching exercises, weight management, and advice on appropriate footwear.

**Medical History:**
- Previous Diagnoses: Obesity, mild hypertension
- Family Medical History: Mother with history of arthritic conditions, father with high cholesterol
- Medication History: Currently on Lisinopril 10 mg daily for hypertension, Metformin 500 mg twice daily for type 2 diabetes.
- Allergies: Penicillin
- Chronic Conditions: Hypertension, type 2 diabetes

**Symptom Description:**
- Severity: Moderate to severe
- Duration: 3 months
- Associated Symptoms: Heel pain that is worse in the morning or after prolonged activity
- Frequency: Constant, worsens with prolonged standing or walking
- Impact on Daily Activities: Difficulty standing for long periods at work, limited ability to perform regular exercise

**Patient’s self-reported habits and lifestyle:**
- Sleep: 5-6 hours per night, occasionally disrupted due to pain
- Diet: High in carbohydrates, moderate protein, low vegetable intake
- Exercise: Minimal, difficulty due to heel pain
- Tobacco Use: None
- Alcohol Consumption: Occasional, consumes wine two to three times a week
- Drug Use: None
- Recreational Activities: Enjoys social gatherings, limited physical activities due to pain

**Demographic Information:**
- Age: 52
- Gender: Male
- Ethnicity: Hispanic
- Socio-economic Status: Lower middle class
- Education Level: High school diploma
- Health Literacy: Moderate
- Job Status: Warehouse worker, full-time

**Patient's Behavior:**
- Level of Patient's Cooperation: Moderately cooperative, has a history of non-compliance with lifestyle advice

**Geographical Location:**
- Big City vs Small City: Urban
- Pollution and Environmental Health Risks: Moderate pollution, high noise levels
- Neighborhood Type: Working-class, well-served by public transport, limited access to recreational areas

**Clinical Setting:**
- Urgent Care Centers

**Type of Encounter:**
- Initial Consultation

**Treatment Disparities:**
- Financial constraints due to lower socio-economic status impacting access to expensive treatments

**Native or Non-Native English Speaking Patient:**
- Non-Native English Speaking, fluent in Spanish

**Physical exams:**
- Musculoskeletal: Tenderness to palpation on the plantar fascia of the right heel, decreased flexibility in the Achilles tendon

**Investigation/Test results:**
- NA"|Rejected|Rejected|Rejected|Rejected||
SCIATICA, RIGHT SIDE|"ROLE: Family Medicine Physician

**Medical Outcome:**
- Diagnosis: Asthma, Mild Persistent (J45.30)
- Prescribed Treatment: 
  - Medication: Albuterol sulfate inhaler (90 mcg/actuation), 2 puffs as needed for wheezing, up to 200 metered inhalations; Fluticasone propionate 100 mcg, inhalation, twice daily, 1 inhaler, 30 days supply.
  - Lifestyle Change: Recommendations to avoid known asthma triggers, proper use of inhaler technique, smoking cessation.
  - Follow-up Recommendations: Follow-up appointment in 1 month to assess control of symptoms and medication efficacy.

**Medical History:**
- Previous Diagnoses: Seasonal allergies, childhood eczema
- Family Medical History: Father with a history of asthma, mother with hyperlipidemia
- Medication History: Loratadine 10 mg daily for allergies
- Allergies: Dust mites, cat dander
- Chronic Conditions: Seasonal allergies

**Symptom Description:**
- Severity: Mild to moderate
- Duration: 6 months
- Associated Symptoms: Wheezing, shortness of breath, chest tightness, particularly during physical activity or at night
- Frequency: Several times a week, nighttime symptoms twice a month
- Impact on Daily Activities: Interferes with exercise, occasional waking at night due to symptoms

**Patient’s self-reported habits and lifestyle:**
- Sleep: 7 hours per night, occasionally disrupted by symptoms
- Diet: Balanced diet, occasionally high in processed foods
- Exercise: Regular, moderate intensity exercise; impacted by respiratory symptoms
- Tobacco Use: Smokes 5 cigarettes per day for 10 years
- Alcohol Consumption: Drinks socially, about once a week
- Drug Use: None
- Recreational Activities: Enjoys jogging, currently limited due to symptoms

**Demographic Information:**
- Age: 30
- Gender: Male
- Ethnicity: African American
- Socio-economic Status: Middle class
- Education Level: College graduate
- Health Literacy: High
- Job Status: Sales associate, full-time

**Patient's Behavior:**
- Level of Patient's Cooperation: Cooperative but struggles with smoking cessation

**Geographical Location:**
- Big City vs Small City: Big city
- Pollution and Environmental Health Risks: High pollution levels, significant environmental allergens
- Neighborhood Type: Urban, well-served by public transit, limited green spaces

**Clinical Setting:**
- Private Practice

**Type of Encounter:**
- Initial Consultation

**Treatment Disparities:**
- None notable, patient has insurance and good access to healthcare

**Native or Non-Native English Speaking Patient:**
- Native English Speaking

**Physical exams:**
- Respiratory: Wheezing heard on auscultation, especially on expiration, mild intercostal retractions during episodes

**Investigation/Test results:**
- NA"|Rejected|Rejected|Rejected|Rejected||
