Disease Description|Scenario|Note|Polished Note|Abbreviated Note|Role|dial|polished_dial
HEADACHE, UNSPECIFIED|"ROLE: General Physician

1) Medical Outcome:
   - Diagnosis: Headache, unspecified (ICD-10: R51.9)
   - Prescribed Treatment: Over-the-counter acetaminophen 500 mg, oral, every 6 hours as needed, maximum 8 tablets per day.
   - Follow-up Recommendations: Patient to follow up in 2 weeks if headaches persist.
   - Referral to Specialist: If no improvement, referral to Neurologist Dr. Jane Doe for further evaluation.
   - Order for Imaging: MRI of the brain without contrast if headaches worsen or persist, to rule out other underlying causes.

2) Medical History:
   - Previous Diagnoses: None reported.
   - Family Medical History: Father with hypertension, mother with migraines.
   - Medication History: Occasionally takes over-the-counter ibuprofen for headaches.
   - Allergies: None.
   - Chronic Conditions: None.

3) Symptom Description:
   - Severity: Mild to moderate.
   - Duration: 2 weeks.
   - Associated Symptoms: Sometimes experiences light sensitivity.
   - Frequency: Daily.
   - Impact on Daily Activities: Mild interference with work and daily tasks.

4) Patient’s self-reported habits and lifestyle:
   - Sleep: Reports sleeping 6-7 hours per night, occasionally takes longer to fall asleep.
   - Diet: Balanced diet, occasional fast food.
   - Exercise: Exercises 2-3 times per week, mostly running.
   - Tobacco Use: None.
   - Alcohol Consumption: Social drinker, 2-3 times per week.
   - Drug Use: None.
   - Recreational Activities: Enjoys hiking and reading.

5) Demographic Information:
   - Age: 35
   - Gender: Female
   - Ethnicity: Caucasian
   - Socio-economic Status: Middle-class
   - Education Level: Bachelor's degree
   - Health Literacy: High
   - Job Status: Marketing Manager

6) Patient's Behavior:
   - Level of Cooperation: Highly cooperative with medical advice.

7) Geographical Location:
   - Urban setting in a moderately affluent neighborhood.
   - Well-served by transit, no significant environmental health risks.

8) Clinical Setting:
   - Primary care clinic

9) Type of Encounter:
   - Initial Consultation

10) Treatment Disparities:
   - None observed, patient receives standard treatment options.

11) Native or Non-Native English Speaking Patient:
   - Native English speaker

12) Physical Exams:
   - Neurological Examination: Cranial nerves II-XII intact, no signs of neurological deficit.
   - Head and Neck: No tenderness or masses palpated.
   - Visual acuity and fields: Normal.

13) Investigation/Test Results:
   - Awaiting possible MRI of the brain without contrast if symptoms persist or worsen."|"**Subjective:**

**Chief Complaint (CC):**
Headache

**History of Present Illness (HPI):**
A 35-year-old Caucasian female marketing manager presents to the clinic with a two-week history of mild to moderate headaches. The pain is described as a pressing sensation located bilaterally, occasionally accompanied by light sensitivity. The headaches occur daily and have caused mild interference with her work and daily activities. She has not taken any prescription medications for the headache but occasionally takes over-the-counter ibuprofen.

**Review of Systems (ROS):**
* Neurological: Reports daily headaches with light sensitivity.
* General: No reported fatigue, fever, or weight loss.
* Ophthalmological: No change in vision, visual acuity normal.

**Objective:**

**Vital Signs:**
* Blood Pressure: 120/80 mmHg
* Heart Rate: 72 bpm
* Respiratory Rate: 16 breaths per minute
* Temperature: 98.6°F (37°C)

**Physical Examination:**
* General: Alert and oriented, in no apparent distress.
* HEENT: Normocephalic, atraumatic. No tenderness or masses palpated in the head or neck.
* Neurological: Cranial nerves II-XII intact, no signs of neurological deficit.
* Ophthalmological: Visual acuity and fields normal.

**Assessment:**

Diagnosis: Headache, unspecified (ICD-10: R51.9)

**Plan:**

1. **Medication:**
   Prescribed over-the-counter acetaminophen 500 mg orally every 6 hours as needed, with a maximum of 8 tablets per day.

2. **Follow-up:**
   Patient to follow up in 2 weeks if headaches persist.

3. **Referral:**
   If no improvement, referral to Neurologist Dr. Jane Doe for further evaluation.

4. **Imaging:**
   Ordered an MRI of the brain without contrast if headaches worsen or persist, to rule out other underlying causes.

5. **Patient Education & Lifestyle Modifications:**
   - Advise on adequate hydration and regular sleep patterns.
   - Encourage relaxation techniques and stress management.
   - Recommend maintaining regular exercise and a balanced diet.
   - Remind the patient to avoid excessive use of over-the-counter medications.

6. **Return Precautions:**
   - Instruct the patient to seek immediate care if they experience severe headache, vision changes, confusion, or other neurological symptoms.

The patient understood and agreed with the treatment plan."|"**1. Subjective:**

**Chief Complaint (CC):**
Headache

**History of Present Illness (HPI):**
A 35-year-old Caucasian female marketing manager presents to the clinic with a two-week history of mild to moderate headaches. The pain is described as a pressing sensation located bilaterally, occasionally accompanied by light sensitivity. The headaches occur daily and have caused mild interference with her work and daily activities. She has not taken any prescription medications for the headache but occasionally takes over-the-counter ibuprofen.

**Review of Systems (ROS):**
* Neurological: Reports daily headaches with light sensitivity.
* General: No reported fatigue, fever, or weight loss.
* Ophthalmological: No change in vision, visual acuity normal.

**2. Objective:**

**Vital Signs:**
* Blood Pressure: 120/80 mmHg
* Heart Rate: 72 bpm
* Respiratory Rate: 16 breaths per minute
* Temperature: 98.6°F (37°C)

**Physical Examination:**
* General: Alert and oriented, in no apparent distress.
* HEENT: Normocephalic, atraumatic. No tenderness or masses palpated in the head or neck.
* Neurological: Cranial nerves II-XII intact, no signs of neurological deficit.
* Ophthalmological: Visual acuity and fields normal.

**3. Assessment:**

Diagnosis: Headache, unspecified (ICD-10: R51.9)

**4. Plan:**

1. **Medication:**
   Prescribed over-the-counter acetaminophen 500 mg orally every 6 hours as needed, with a maximum of 8 tablets per day.

2. **Follow-up:**
   Patient to follow up in 2 weeks if headaches persist.

3. **Referral:**
   If no improvement, referral to Neurologist Dr. Jane Doe for further evaluation due to persistent headaches.

4. **Imaging:**
   Ordered an MRI of the brain without contrast if headaches worsen or persist, to rule out other underlying causes.

5. **Patient Education & Lifestyle Modifications:**
   - Advise on adequate hydration and regular sleep patterns.
   - Encourage relaxation techniques and stress management.
   - Recommend maintaining regular exercise and a balanced diet.
   - Remind the patient to avoid excessive use of over-the-counter medications.

6. **Return Precautions:**
   - Instruct the patient to seek immediate care if they experience severe headache, vision changes, confusion, or other neurological symptoms.

The patient understood and agreed with the treatment plan."|"**1. Subjective:**

**CC:**
HA

**HPI:**
A 35 y/o Caucasian F marketing manager presents to the clinic with a 2-week hx of mild to moderate HAs. The pain is described as a pressing sensation located bilaterally, occasionally accompanied by photophobia. The HAs occur daily and have caused mild interference with her work and ADLs. She has not taken any Rx meds for the HA but occasionally takes OTC ibuprofen.

**ROS:**
* Neuro: Reports daily HAs with photophobia.
* General: No reported fatigue, fever, or weight loss.
* Ophtho: No change in vision, VA normal.

**2. Objective:**

**VS:**
* BP: 120/80 mmHg
* HR: 72 bpm
* RR: 16 bpm
* Temp: 98.6°F (37°C)

**PE:**
* General: Alert and oriented, in no apparent distress.
* HEENT: NCAT. No tenderness or masses palpated in the head or neck.
* Neuro: CN II-XII intact, no signs of neuro deficit.
* Ophtho: VA and fields normal.

**3. Assessment:**

Dx: HA, unspecified (ICD-10: R51.9)

**4. Plan:**

1. **Rx:**
   OTC acetaminophen 500 mg PO q6h PRN, max 8 tabs/day.

2. **F/U:**
   Pt to f/u in 2 weeks if HAs persist.

3. **Referral:**
   If no improvement, referral to Neuro Dr. Jane Doe for further eval due to persistent HAs.

4. **Imaging:**
   Ordered MRI brain w/o contrast if HAs worsen or persist, to r/o other underlying causes.

5. **Pt Ed & Lifestyle Mods:**
   - Advise on adequate hydration and regular sleep patterns.
   - Encourage relaxation techniques and stress mgmt.
   - Recommend maintaining regular exercise and a balanced diet.
   - Remind pt to avoid excessive use of OTC meds.

6. **Return Precautions:**
   - Instruct pt to seek immediate care if they experience severe HA, vision changes, confusion, or other neuro symptoms.

The pt understood and agreed with the tx plan."|General Physician|"**Doctor:** Hello, how are you doing today?

**Patient:** Hi, I'm alright, but I've been having these headaches for the last two weeks.

**Doctor:** I see. Could you tell me more about your headaches?

**Patient:** Sure. They've been mild to moderate, and it feels like a pressing sensation on both sides of my head. Sometimes, I also get light sensitivity.

**Doctor:** How often do these headaches occur?

**Patient:** They happen daily, and it's starting to interfere with my work and daily activities.

**Doctor:** Have you taken any medication for these headaches?

**Patient:** I've only taken over-the-counter ibuprofen occasionally, but nothing prescription.

**Doctor:** Hmm, okay. Let’s go through a few more questions to get a better understanding. Do you experience any fatigue, fever, or weight loss?

**Patient:** No, I haven't noticed any of those symptoms.

**Doctor:** Any changes in your vision or any issues with your visual acuity?

**Patient:** No, my vision seems normal.

**Doctor:** Alright, let's move on to a physical examination. Your vital signs look good. Blood pressure is 120/80 mmHg, heart rate is 72 bpm, respiratory rate is 16 breaths per minute, and your temperature is 98.6°F.

**Patient:** That sounds normal, right?

**Doctor:** Yes, all within normal limits. Now, let’s check your head, ears, eyes, nose, and throat. Any tenderness when I press here?

**Patient:** No, no tenderness.

**Doctor:** Good. Your head and neck are normocephalic and atraumatic. No masses or abnormalities detected. Let’s move on to a neurological exam. Please follow my finger with your eyes.

**Patient:** Okay.

**Doctor:** Excellent, your cranial nerves II-XII are intact. There are no signs of neurological deficit. Now, let’s check your vision. Cover one eye and read the smallest line you can see on this chart.

**Patient:** (Reads the chart) E, F, P, T, O, Z.

**Doctor:** Perfect. Your visual acuity and fields are normal. 

**Patient:** Great to hear.

**Doctor:** Based on your symptoms and the physical examination, it seems like you have an unspecified headache. 

**Patient:** What should I do about it?

**Doctor:** I’m going to prescribe over-the-counter acetaminophen, 500 mg, to be taken every 6 hours as needed. But don’t exceed 8 tablets in a day.

**Patient:** Alright, I can do that.

**Doctor:** I’d like you to follow up in 2 weeks if your headaches persist. If there's no improvement, I'll refer you to a Neurologist, Dr. Jane Doe, for further evaluation.

**Patient:** Okay, that sounds reasonable.

**Doctor:** If the headaches worsen or persist, we may need to do an MRI of the brain without contrast to rule out other underlying causes.

**Patient:** I hope it doesn't come to that, but I understand.

**Doctor:** Let's also talk about some lifestyle modifications that can help manage your headaches. Make sure you stay adequately hydrated and maintain regular sleep patterns.

**Patient:** I’ll try to do that.

**Doctor:** Incorporate relaxation techniques and stress management into your routine. Regular exercise and a balanced diet can also be beneficial.

**Patient:** I can definitely work on that.

**Doctor:** One more thing, avoid excessive use of over-the-counter medications.

**Patient:** Got it. Anything else I should be aware of?

**Doctor:** Yes, if you experience severe headaches, vision changes, confusion, or any other neurological symptoms, seek immediate medical care.

**Patient:** Understood. Thank you for the advice.

**Doctor:** You're welcome. So, do you have any other questions or concerns?

**Patient:** No, I think you covered everything. Thank you so much.

**Doctor:** Alright then. I'll see you in two weeks unless you need to come in sooner. Take care.

**Patient:** Thank you, Doctor. Goodbye.

**Doctor:** Goodbye."|"[doctor]: Hello, how are you doing today?

[patient]: Hi, I'm alright, but I've been having these headaches for the last two weeks.

[doctor]: Oh, I see. Could you tell me more about your headaches?

[patient]: Sure. They've been mild to moderate, and it feels like a pressing sensation on both sides of my head. Sometimes, I also get light sensitivity.

[doctor]: Hmm, how often do these headaches occur?

[patient]: They happen daily, and it's starting to interfere with my work and daily activities.

[doctor]: Have you taken any medication for these headaches?

[patient]: I've only taken over-the-counter ibuprofen occasionally, but nothing prescription.

[doctor]: Hmm, okay. Let’s go through a few more questions to get a better understanding. Do you experience any fatigue, fever, or weight loss?

[patient]: No, I haven't noticed any of those symptoms.

[doctor]: Any changes in your vision or any issues with your visual acuity?

[patient]: No, my vision seems normal.

[doctor]: Alright, let’s move on to a physical examination. Your vital signs look good. Blood pressure is 120/80 mmHg, heart rate is 72 bpm, respiratory rate is 16 breaths per minute, and your temperature is 98.6°F.

[patient]: That sounds normal, right?

[doctor]: Yes, all within normal limits. Now, let’s check your head, ears, eyes, nose, and throat. Any tenderness when I press here?

[patient]: No, no tenderness.

[doctor]: Good. Your head and neck are normocephalic and atraumatic. No masses or abnormalities detected. Let’s move on to a neurological exam. Please follow my finger with your eyes.

[patient]: Okay.

[doctor]: Excellent, your cranial nerves II-XII are intact. There are no signs of neurological deficit. Now, let’s check your vision. Cover one eye and read the smallest line you can see on this chart.

[patient]: (Reads the chart) E, F, P, T, O, Z.

[doctor]: Perfect. Your visual acuity and fields are normal. 

[patient]: Great to hear.

[doctor]: Based on your symptoms and the physical examination, it seems like you have an unspecified headache. 

[patient]: What should I do about it?

[doctor]: I’m going to prescribe over-the-counter acetaminophen, 500 mg, to be taken every 6 hours as needed. But don’t exceed 8 tablets in a day.

[patient]: Alright, I can do that.

[doctor]: I’d like you to follow up in 2 weeks if your headaches persist. If there's no improvement, I'll refer you to a Neurologist, Dr. Jane Doe, for further evaluation.

[patient]: Okay, that sounds reasonable.

[doctor]: If the headaches worsen or persist, we may need to do an MRI of the brain without contrast to rule out other underlying causes.

[patient]: I hope it doesn't come to that, but I understand.

[doctor]: Let's also talk about some lifestyle modifications that can help manage your headaches. Make sure you stay adequately hydrated and maintain regular sleep patterns.

[patient]: I’ll try to do that.

[doctor]: Incorporate relaxation techniques and stress management into your routine. Regular exercise and a balanced diet can also be beneficial.

[patient]: I can definitely work on that.

[doctor]: One more thing, avoid excessive use of over-the-counter medications.

[patient]: Got it. Anything else I should be aware of?

[doctor]: Yes, if you experience severe headaches, vision changes, confusion, or any other neurological symptoms, seek immediate medical care.

[patient]: Understood. Thank you for the advice.

[doctor]: You're welcome. So, do you have any other questions or concerns?

[patient]: No, I think you covered everything. Thank you so much.

[doctor]: Alright then. I'll see you in two weeks unless you need to come in sooner. Take care.

[patient]: Thank you, Doctor. Goodbye.

[doctor]: Goodbye."
HEADACHE, UNSPECIFIED|"ROLE: General Physician

1) Medical Outcome:
    - Diagnosis: Headache, unspecified (ICD-10 R51.9)
    - Prescribed Treatment: Sumatriptan 50 mg orally at the onset of headache, may repeat after 2 hours if needed, maximum 200 mg in 24 hours.
    - Follow-up Recommendations: Follow-up in 1 month or sooner if symptoms worsen.
    - Referral: Referral to Neurologist for assessment if no improvement. Dr. Emily Clark, Neurology.

2) Medical History:
    - Previous Diagnoses: Asthma, Osteoarthritis.
    - Family Medical History: Mother with history of migraines.
    - Medication History: Currently taking albuterol as needed for asthma, ibuprofen 600mg twice daily for osteoarthritis.
    - Allergies: Naproxen.
    - Chronic Conditions: Asthma, Osteoarthritis.

3) Symptom Description:
    - Severity: Severe.
    - Duration: 3 months.
    - Associated Symptoms: Sensitivity to light and sound, occasional blurred vision.
    - Frequency: Occurs 2-3 times per week.
    - Impact on Daily Activities: Missing work, difficulty sleeping, unable to engage in social activities.

4) Patient’s self-reported habits and lifestyle:
    - Sleep: Poor quality, often awake multiple times at night.
    - Diet: Healthy, focuses on balanced meals.
    - Exercise: Regularly goes for walks despite osteoarthritis.
    - Tobacco Use: Quit smoking 5 years ago.
    - Alcohol Consumption: None.
    - Drug Use: None.
    - Recreational Activities: Likes to read mystery novels.

5) Demographic Information:
    - Age: 55
    - Gender: Female
    - Ethnicity: Caucasian
    - Socio-economic Status: Upper-middle class.
    - Education Level: Master’s degree.
    - Health Literacy: High.
    - Job Status: Accountant.

6) Patient's Behavior: Very cooperative and actively involved in managing her health conditions.

7) Geographical Location:
    - Big City vs Small City: Small City
    - Pollution and Environmental Health Risks: Low pollution, good air quality.
    - Neighborhood Type: Affluent neighborhood, well-served by healthcare and transit.

8) Clinical Setting: Private Practice.

9) Type of Encounter: Chronic Disease Management.

10) Treatment Disparities: None noted.

11) Native or Non-Native English Speaking Patient: Native English speaking.

12) Physical exams:
    - Neurological: Cranial nerves II-XII intact, no motor or sensory deficits, normal reflexes.

13) Investigation/Test results:
    - Ordering an MRI of the brain to rule out any structural abnormalities or intracranial pathology.

"|"### 1. Subjective:
#### Chief Complaint (CC):
Severe headaches for 3 months.

#### History of Present Illness (HPI):
A 55-year-old Caucasian female accountant presents with severe headaches persisting for the past 3 months. She reports these headaches occur 2-3 times per week and are associated with sensitivity to light and sound, and occasional blurred vision. The headaches are significantly impacting her daily activities, causing her to miss work, have difficulty sleeping, and avoid social engagements. The patient states that the headaches are severe in intensity, and despite regular use of ibuprofen for her osteoarthritis, it offers no relief for her headaches.

#### Review of Systems (ROS):
- Neurological: Headaches, sensitivity to light and sound, occasional blurred vision.
- Musculoskeletal: Osteoarthritis pain, particularly in the knees.
- Respiratory: Asthma, managed with albuterol as needed.
- General: Poor sleep quality, waking multiple times during the night.

### 2. Objective:
- Vital Signs: BP 128/82 mmHg, HR 72 bpm, RR 16/min, Temp 98.6°F
- General: Alert and oriented, in no acute distress.
- Neurological: Cranial nerves II-XII intact, no motor or sensory deficits, normal reflexes.
- Musculoskeletal: Normal range of motion in all extremities, mild tenderness in both knees.
- Respiratory: Clear to auscultation bilaterally, no wheezing or crackles noted.

### 3. Assessment:
Primary Diagnosis: Headache, unspecified (ICD-10 R51.9)

### 4. Plan:
- Medication: Prescribed Sumatriptan 50 mg to be taken orally at the onset of a headache. May repeat after 2 hours if needed, with a maximum of 200 mg in 24 hours.
- Investigation: Ordered MRI of the brain to rule out any structural abnormalities or intracranial pathology.
- Referral: Referral to Neurologist for further assessment if no improvement, Dr. Emily Clark, Neurology.
- Follow-Up: Patient is advised to follow up in 1 month or sooner if symptoms worsen.
- Patient Education: Discussed headache triggers and the importance of maintaining a headache diary. Advised on lifestyle modifications including improved sleep hygiene and stress management techniques.

The patient acknowledges understanding the management plan and agrees to the recommendations. All questions were addressed to the patient's satisfaction.

#### Instructions:
- Schedule MRI of the brain.
- Book a follow-up appointment in 1 month.
- Obtain referral and contact information for Dr. Emily Clark, Neurology.

This comprehensive and structured approach aims to manage the patient's current symptoms effectively while ensuring thorough investigation and follow-up care."|"### 1. Subjective:
#### Chief Complaint (CC):
Severe headaches for 3 months.

#### History of Present Illness (HPI):
A 55-year-old Caucasian female accountant named Jane Doe presents with severe headaches persisting for the past 3 months. She reports these headaches occur 2-3 times per week and are associated with sensitivity to light and sound, and occasional blurred vision. The headaches are significantly impacting her daily activities, causing her to miss work, have difficulty sleeping, and avoid social engagements. The patient states that the headaches are severe in intensity, and despite regular use of ibuprofen for her osteoarthritis, it offers no relief for her headaches.

#### Review of Systems (ROS):
- Neurological: Headaches, sensitivity to light and sound, occasional blurred vision.
- Musculoskeletal: Osteoarthritis pain, particularly in the knees.
- Respiratory: Asthma, managed with albuterol as needed.
- General: Poor sleep quality, waking multiple times during the night.

### 2. Objective:
- Vital Signs: BP 128/82 mmHg, HR 72 bpm, RR 16/min, Temp 98.6°F
- General: Alert and oriented, in no acute distress.
- Neurological: Cranial nerves II-XII intact, no motor or sensory deficits, normal reflexes.
- Musculoskeletal: Normal range of motion in all extremities, mild tenderness in both knees.
- Respiratory: Clear to auscultation bilaterally, no wheezing or crackles noted.

### 3. Assessment:
Primary Diagnosis: Headache, unspecified (ICD-10 R51.9)

### 4. Plan:
- Medication: Prescribed Sumatriptan 50 mg to be taken orally at the onset of a headache. May repeat after 2 hours if needed, with a maximum of 200 mg in 24 hours.
- Investigation: Ordered MRI of the brain to rule out any structural abnormalities or intracranial pathology.
- Referral: Referral to Neurologist for further assessment if no improvement, Dr. Emily Clark, Neurology, for evaluation of chronic headaches.
- Follow-Up: Patient is advised to follow up in 1 month or sooner if symptoms worsen.
- Patient Education: Discussed headache triggers and the importance of maintaining a headache diary. Advised on lifestyle modifications including improved sleep hygiene and stress management techniques.

The patient acknowledges understanding the management plan and agrees to the recommendations. All questions were addressed to the patient's satisfaction."|"### 1. Subjective:
#### CC:
Severe HAs for 3 months.

#### HPI:
A 55 y/o Caucasian F accountant named Jane Doe presents with severe HAs persisting for the past 3 months. She reports these HAs occur 2-3x/wk and are associated with photophobia, phonophobia, and occasional blurred vision. The HAs are significantly impacting her ADLs, causing her to miss work, have difficulty sleeping, and avoid social engagements. The pt states that the HAs are severe in intensity, and despite regular use of ibuprofen for her OA, it offers no relief for her HAs.

#### ROS:
- Neuro: HAs, photophobia, phonophobia, occasional blurred vision.
- MSK: OA pain, particularly in the knees.
- Resp: Asthma, managed with albuterol PRN.
- Gen: Poor sleep quality, waking multiple times during the night.

### 2. Objective:
- Vitals: BP 128/82 mmHg, HR 72 bpm, RR 16/min, Temp 98.6°F
- Gen: Alert and oriented, in no acute distress.
- Neuro: CN II-XII intact, no motor or sensory deficits, normal reflexes.
- MSK: Normal ROM in all extremities, mild tenderness in both knees.
- Resp: Clear to auscultation bilaterally, no wheezing or crackles noted.

### 3. Assessment:
Primary Dx: HA, unspecified (ICD-10 R51.9)

### 4. Plan:
- Meds: Rx Sumatriptan 50 mg PO at onset of HA. May repeat after 2 hrs PRN, max 200 mg/24 hrs.
- Investigation: Ordered MRI brain to r/o any structural abnormalities or intracranial pathology.
- Referral: Referral to Neuro for further assessment if no improvement, Dr. Emily Clark, Neurology, for eval of chronic HAs.
- F/U: Pt advised to f/u in 1 month or sooner if symptoms worsen.
- Pt Ed: Discussed HA triggers and the importance of maintaining a HA diary. Advised on lifestyle modifications including improved sleep hygiene and stress mgmt techniques.

The pt acknowledges understanding the mgmt plan and agrees to the recommendations. All questions were addressed to the pt's satisfaction."|General Physician|"[Doctor] Hi there, how are you doing today?

[Patient] Hello, I'm not doing too well. I've been having terrible headaches for the last three months.

[Doctor] Oh no, I'm sorry to hear that. Can you tell me more about these headaches?

[Patient] Yes, they happen about 2-3 times a week. They're really bad, and I can't stand light or noise when I have them. Sometimes my vision gets blurry too.

[Doctor] That sounds really difficult. Are these headaches affecting your daily activities?

[Patient] Yes, a lot. I've had to miss work because of them, and I can't sleep well. I also avoid going out with friends because of the pain.

[Doctor] I see. On a scale from 1 to 10, how severe would you say the pain is?

[Patient] It's a 9 or 10 most of the time. It's really intense.

[Doctor] Have you tried any medication for these headaches?

[Patient] I take ibuprofen regularly for my osteoarthritis, but it doesn't help with the headaches.

[Doctor] Got it. Do you have any other symptoms besides the headaches, sensitivity to light and sound, and occasional blurred vision?

[Patient] No, that's about it.

[Doctor] Alright. Can you give me your medical history record?

[Patient] Here you are.

[Doctor] Based on your medical history record, you also have asthma. How is that managed?

[Patient] I use albuterol as needed, and it usually works well for me.

[Doctor] Okay, good to know. Now, let's do a quick review of your systems. Besides the headaches, do you experience any other neurological symptoms like dizziness or balance issues?

[Patient] No, nothing like that.

[Doctor] How about your musculoskeletal system? Any issues besides the osteoarthritis pain in your knees?

[Patient] Just the knee pain from the osteoarthritis.

[Doctor] And for your respiratory system, any recent asthma attacks or respiratory issues?

[Patient] No, my asthma has been under control.

[Doctor] How about your general health? How have you been sleeping?

[Patient] Not well at all. I wake up multiple times during the night.

[Doctor] Okay, let's check your vital signs. Your blood pressure is 128/82 mmHg, heart rate is 72 bpm, respiratory rate is 16 per minute, and your temperature is 98.6°F. Everything looks normal there.

[Doctor] Now, I'll do a quick physical exam. You're alert and oriented, which is good. For your neurological exam, your cranial nerves II through XII are intact, and you have no motor or sensory deficits. Your reflexes are normal as well.

[Patient] Alright.

[Doctor] For your musculoskeletal exam, you have a normal range of motion in all extremities, but there's mild tenderness in both knees. And for your respiratory exam, your lungs are clear to auscultation bilaterally, with no wheezing or crackles noted.

[Patient] Okay.

[Doctor] Based on everything we've reviewed, I think you have an unspecified headache. I want to prescribe Sumatriptan 50 mg for you. You should take it orally at the onset of a headache. You can repeat the dose after 2 hours if needed, but don't take more than 200 mg in 24 hours.

[Patient] Got it. What else should I do?

[Doctor] I want to order an MRI of your brain to rule out any structural abnormalities or intracranial pathology. We'll also refer you to a neurologist for further assessment if there's no improvement. Her name is Dr. Emily Clark.

[Patient] An MRI and a neurologist, okay.

[Doctor] Yes, and I also want you to keep a headache diary to track your symptoms and potential triggers. Maintaining good sleep hygiene and managing stress will also be important.

[Patient] I'll do that.

[Doctor] Let's schedule your MRI and book a follow-up appointment in 1 month. If your symptoms worsen before then, please come back sooner.

[Patient] Alright, I'll do that.

[Doctor] I'll also get you the referral and contact information for Dr. Emily Clark, the neurologist. Do you have any other questions?

[Patient] No, I think that covers everything. Thank you so much.

[Doctor] You're welcome. I'm glad we have a plan in place. I'll see you in a month, if not sooner. Take care!

[Patient] Thank you, Doctor. I'll follow up as needed."|"[Doctor] Hi there, how are you doing today?

[Patient] Hello, I'm not doing too well. I've been having terrible headaches for the last three months.

[Doctor] Oh no, I'm sorry to hear that. Can you tell me more about these headaches?

[Patient] Yes, they happen about 2-3 times a week. They're really bad, and I can't stand light or noise when I have them. Sometimes my vision gets blurry too.

[Doctor] That sounds really difficult. Are these headaches affecting your daily activities?

[Patient] Yes, a lot. I've had to miss work because of them, and I can't sleep well. I also avoid going out with friends because of the pain.

[Doctor] I see. On a scale from 1 to 10, how severe would you say the pain is?

[Patient] It's a 9 or 10 most of the time. It's really intense.

[Doctor] Have you tried any medication for these headaches?

[Patient] I take ibuprofen regularly for my osteoarthritis, but it doesn't help with the headaches.

[Doctor] Got it. Do you have any other symptoms besides the headaches, sensitivity to light and sound, and occasional blurred vision?

[Patient] No, that's about it.

[Doctor] Alright. Can you give me your medical history record?

[Patient] Here you are.

[Doctor] Thanks. I see you also have asthma. How is that managed?

[Patient] I use albuterol as needed, and it usually works well for me.

[Doctor] Okay, good to know. Now, let's do a quick review of your systems. Besides the headaches, do you experience any other neurological symptoms like dizziness or balance issues?

[Patient] No, nothing like that.

[Doctor] How about your musculoskeletal system? Any issues besides the osteoarthritis pain in your knees?

[Patient] Just the knee pain from the osteoarthritis.

[Doctor] And for your respiratory system, any recent asthma attacks or respiratory issues?

[Patient] No, my asthma has been under control.

[Doctor] How about your general health? How have you been sleeping?

[Patient] Not well at all. I wake up multiple times during the night.

[Doctor] Okay, let's check your vital signs. Your blood pressure is 128/82 mmHg, heart rate is 72 bpm, respiratory rate is 16 per minute, and your temperature is 98.6°F. Everything looks normal there.

[Doctor] Now, I'll do a quick physical exam. You're alert and oriented, which is good. For your neurological exam, your cranial nerves II through XII are intact, and you have no motor or sensory deficits. Your reflexes are normal as well.

[Patient] Alright.

[Doctor] For your musculoskeletal exam, you have a normal range of motion in all extremities, but there's mild tenderness in both knees. And for your respiratory exam, your lungs are clear to auscultation bilaterally, with no wheezing or crackles noted.

[Patient] Okay.

[Doctor] Based on everything we've reviewed, I think you have an unspecified headache. I want to prescribe Sumatriptan 50 mg for you. You should take it orally at the onset of a headache. You can repeat the dose after 2 hours if needed, but don't take more than 200 mg in 24 hours.

[Patient] Got it. What else should I do?

[Doctor] I want to order an MRI of your brain to rule out any structural abnormalities or intracranial pathology. We'll also refer you to a neurologist for further assessment if there's no improvement. Her name is Dr. Emily Clark.

[Patient] An MRI and a neurologist, okay.

[Doctor] Yes, and I also want you to keep a headache diary to track your symptoms and potential triggers. Maintaining good sleep hygiene and managing stress will also be important.

[Patient] I'll do that.

[Doctor] Let's schedule your MRI and book a follow-up appointment in 1 month. If your symptoms worsen before then, please come back sooner.

[Patient] Alright, I'll do that.

[Doctor] I'll also get you the referral and contact information for Dr. Emily Clark, the neurologist. Do you have any other questions?

[Patient] No, I think that covers everything. Thank you so much.

[Doctor] You're welcome. I'm glad we have a plan in place. I'll see you in a month, if not sooner. Take care!

[Patient] Thank you, Doctor. I'll follow up as needed."
HEADACHE, UNSPECIFIED|"ROLE: Neurologist

**Scenario Variables:**
- **Medical Outcome:** 
  - Diagnosis: Headache, unspecified
  - Prescribed treatment:
    - Propranolol 20 mg tablets, take one tablet orally twice daily for preventive treatment.
    - Acetaminophen 500 mg tablets, take one tablet orally every 6 hours as needed for pain, maximum 4000 mg per day.
  - Follow-up recommendations: Follow-up in 6 weeks to evaluate the effectiveness of propranolol and discuss any side effects.
  - Referral to specialists: Referral to a psychologist (Dr. Susan Ellis) for cognitive behavioral therapy due to stress-related factors potentially contributing to headaches.
  - Imaging: MRI of the brain and cervical spine to rule out any structural issues, particularly focusing on the cervical region.

- **Medical History:** 
  - Previous Diagnoses: Irritable Bowel Syndrome (IBS) diagnosed 1 year ago.
  - Family Medical History: Grandmother had Alzheimer’s disease, Mother has fibromyalgia.
  - Medication History: Currently taking Amitriptyline 10 mg at bedtime for IBS.
  - Allergies: Sulfa drugs.
  - Chronic Conditions: None other than IBS.

- **Symptom Description:**
  - Severity: Severe
  - Duration: 5 months
  - Associated Symptoms: Nausea, neck pain, aura (flashing lights)
  - Frequency: 2-3 times a week
  - Impact on Daily Activities: Frequent absence from work, difficulties with childcare responsibilities

- **Patient’s self-reported habits and lifestyle:**
  - Sleep: Often disrupted due to headaches, 6 hours of sleep per night
  - Diet: Limited due to IBS, avoids dairy and gluten
  - Exercise: Limited due to pain and fatigue, occasional walking
  - Tobacco Use: Former smoker, quit 2 years ago
  - Alcohol Consumption: None 
  - Drug Use: None
  - Recreational Activities: Enjoys knitting and gardening, but limited by headache frequency

- **Demographic Information:** 
  - Age: 52
  - Gender: Female
  - Ethnicity: Asian
  - Socio-economic Status: Lower middle class
  - Education Level: High school graduate
  - Health Literacy: Moderate
  - Job Status: Office assistant, part-time employment

- **Patient's Behavior:** Patient is cooperative, but highly anxious about recurring pain and its impact on daily life

- **Geographical Location:** 
  - Urban, Small City
  - Pollution and Environmental Health Risks: Moderate air pollution
  - Neighborhood Type: Mixed-income neighborhood, moderate access to healthcare facilities

- **Clinical Setting:** Community Health Services

- **Type of Encounter:** Chronic Disease Management

- **Treatment Disparities:** Possible issues with affording prescribed medications and follow-up due to financial constraints

- **Native or Non-Native English Speaking Patient:** Native English Speaking

- **Physical exams:**
  - Neurological examination: Normal cranial nerve function, mild tenderness and stiffness in cervical spine
  - Musculoskeletal examination: Tenderness in the trapezius muscles

- **Investigation/Test results:** Awaiting results for MRI of the brain and cervical spine"|"#####
**Subjective:**

**Chief Complaint (CC):**
Severe headaches occurring 2-3 times a week for the past 5 months.

**History of Present Illness (HPI):**
- A 52-year-old female presents with a 5-month history of severe headaches. 
- Associated symptoms include nausea, neck pain, and aura characterized by flashing lights.
- The headaches have significantly impacted her ability to work and manage childcare responsibilities.
- Sleep is often disrupted due to the headaches, averaging around 6 hours per night.
- Pain frequency and severity have increased, limiting her engagement in activities she enjoys, such as knitting and gardening.

**Review of Systems (ROS):**
- Constitutional: Reports severe, frequent headaches, fatigue. Denies fever or weight changes.
- Neurological: Reports aura (flashing lights), severe headaches, neck pain. Denies dizziness or syncope.
- Gastrointestinal: Limited diet due to IBS, avoids dairy and gluten. Denies recent changes in bowel habits.
- Musculoskeletal: Reports neck pain and tenderness in the trapezius muscles. Denies other joint pain or swelling.
- Psychological: Reports high levels of anxiety related to headache frequency and its impact on daily life.

**Objective:**

**Vital Signs:**
- Blood Pressure: 128/82 mmHg
- Heart Rate: 78 bpm
- Respiratory Rate: 16 breaths/min
- Temperature: 36.8°C

**Physical Examination:**
- General: Appears anxious but cooperative.
- Neurological: Normal cranial nerve function, normal motor and sensory examination, no focal deficits.
- Musculoskeletal: Tenderness and mild stiffness noted in the cervical spine, tenderness in trapezius muscles.
- Cardiovascular: Heart sounds normal, regular rhythm, no murmurs.
- Respiratory: Clear breath sounds bilaterally, no wheezing or crackles.

**Assessment:**

**Primary Diagnosis:**
- Headache, unspecified.
  - Medical Reasoning: The patient's presentation is consistent with primary headaches, likely exacerbated by stress and cervical spine issues. There is a need to rule out secondary causes given the chronicity and severity of symptoms.

**Plan:**

**Medications:**
- Prescribe Propranolol 20 mg tablets, take one tablet orally twice daily for preventive treatment.
- Prescribe Acetaminophen 500 mg tablets, take one tablet orally every 6 hours as needed for pain, maximum 4000 mg per day.

**Imaging:**
- MRI of the brain and cervical spine to rule out any structural issues, particularly focusing on the cervical region.

**Referrals:**
- Referral to Dr. Susan Ellis, psychologist, for cognitive behavioral therapy due to stress-related factors potentially contributing to headaches.

**Follow-up:**
- Follow-up appointment in 6 weeks to evaluate the effectiveness of propranolol and discuss any side effects.

**Patient Education and Counseling:**
- Discussed the role of stress in headache frequency and the potential benefits of cognitive behavioral therapy.
- Explained the importance of medication adherence and the need to track headache frequency and severity for follow-up evaluation.
- Discussed lifestyle modifications to reduce headache triggers, including regular sleep patterns and stress management techniques.

**Treatment Disparities:**
- Addressed possible financial constraints; provided information on local resources and assistance programs available for medication costs and therapy services.

**Patient Agreements:**
- The patient understands and agrees with the recommended treatment plan and follow-up arrangements.
#####

"|"#####
**1. Subjective:**

**Chief Complaint (CC):**
Severe headaches occurring 2-3 times a week for the past 5 months.

**History of Present Illness (HPI):**
- A 52-year-old female presents with a 5-month history of severe headaches. 
- Associated symptoms include nausea, neck pain, and aura characterized by flashing lights.
- The headaches have significantly impacted her ability to work and manage childcare responsibilities.
- Sleep is often disrupted due to the headaches, averaging around 6 hours per night.
- Pain frequency and severity have increased, limiting her engagement in activities she enjoys, such as knitting and gardening.

**Review of Systems (ROS):**
- Constitutional: Reports severe, frequent headaches, fatigue. Denies fever or weight changes.
- Neurological: Reports aura (flashing lights), severe headaches, neck pain. Denies dizziness or syncope.
- Gastrointestinal: Limited diet due to IBS, avoids dairy and gluten. Denies recent changes in bowel habits.
- Musculoskeletal: Reports neck pain and tenderness in the trapezius muscles. Denies other joint pain or swelling.
- Psychological: Reports high levels of anxiety related to headache frequency and its impact on daily life.

**2. Objective:**

**Vital Signs:**
- Blood Pressure: 128/82 mmHg
- Heart Rate: 78 bpm
- Respiratory Rate: 16 breaths/min
- Temperature: 36.8°C

**Physical Examination:**
- General: Appears anxious but cooperative.
- Neurological: Normal cranial nerve function, normal motor and sensory examination, no focal deficits.
- Musculoskeletal: Tenderness and mild stiffness noted in the cervical spine, tenderness in trapezius muscles.
- Cardiovascular: Heart sounds normal, regular rhythm, no murmurs.
- Respiratory: Clear breath sounds bilaterally, no wheezing or crackles.

**3. Assessment:**

**Primary Diagnosis:**
- Headache, unspecified.
  - Medical Reasoning: The patient's presentation is consistent with primary headaches, likely exacerbated by stress and cervical spine issues. There is a need to rule out secondary causes given the chronicity and severity of symptoms.

**4. Plan:**

**Medications:**
- Prescribe Propranolol 20 mg tablets, take one tablet orally twice daily for preventive treatment.
- Prescribe Acetaminophen 500 mg tablets, take one tablet orally every 6 hours as needed for pain, maximum 4000 mg per day.

**Imaging:**
- MRI of the brain and cervical spine to rule out any structural issues, particularly focusing on the cervical region.

**Referrals:**
- Referral to Dr. Susan Ellis, psychologist, for cognitive behavioral therapy due to stress-related factors potentially contributing to headaches.

**Follow-up:**
- Follow-up appointment in 6 weeks to evaluate the effectiveness of propranolol and discuss any side effects.

**Patient Education and Counseling:**
- Discussed the role of stress in headache frequency and the potential benefits of cognitive behavioral therapy.
- Explained the importance of medication adherence and the need to track headache frequency and severity for follow-up evaluation.
- Discussed lifestyle modifications to reduce headache triggers, including regular sleep patterns and stress management techniques.

**Treatment Disparities:**
- Addressed possible financial constraints; provided information on local resources and assistance programs available for medication costs and therapy services.

**Patient Agreements:**
- The patient understands and agrees with the recommended treatment plan and follow-up arrangements.
#####"|"#####
**1. Subjective:**

**CC:**
Severe HAs occurring 2-3x/week for the past 5 mos.

**HPI:**
- A 52 y/o F presents with a 5-mo hx of severe HAs.
- Assoc. sx include N/V, neck pain, and aura (flashing lights).
- HAs have significantly impacted her ability to work and manage childcare responsibilities.
- Sleep is often disrupted due to the HAs, averaging around 6 hrs/night.
- Pain freq. and severity have increased, limiting her engagement in activities she enjoys, such as knitting and gardening.

**ROS:**
- Constitutional: Reports severe, frequent HAs, fatigue. Denies fever or wt changes.
- Neuro: Reports aura (flashing lights), severe HAs, neck pain. Denies dizziness or syncope.
- GI: Limited diet due to IBS, avoids dairy and gluten. Denies recent changes in bowel habits.
- MSK: Reports neck pain and tenderness in the trapezius muscles. Denies other joint pain or swelling.
- Psych: Reports high levels of anxiety related to HA freq. and its impact on daily life.

**2. Objective:**

**VS:**
- BP: 128/82 mmHg
- HR: 78 bpm
- RR: 16 breaths/min
- Temp: 36.8°C

**PE:**
- General: Appears anxious but cooperative.
- Neuro: Normal CN function, normal motor and sensory exam, no focal deficits.
- MSK: Tenderness and mild stiffness noted in the cervical spine, tenderness in trapezius muscles.
- CV: Heart sounds normal, regular rhythm, no murmurs.
- Resp: Clear breath sounds bilaterally, no wheezing or crackles.

**3. Assessment:**

**Primary Dx:**
- HA, unspecified.
  - Medical Reasoning: The pt's presentation is consistent with primary HAs, likely exacerbated by stress and cervical spine issues. There is a need to r/o secondary causes given the chronicity and severity of sx.

**4. Plan:**

**Meds:**
- Rx Propranolol 20 mg tabs, take 1 tab PO BID for preventive tx.
- Rx Acetaminophen 500 mg tabs, take 1 tab PO q6h PRN for pain, max 4000 mg/day.

**Imaging:**
- MRI brain and c-spine to r/o any structural issues, particularly focusing on the cervical region.

**Referrals:**
- Referral to Dr. Susan Ellis, psychologist, for CBT due to stress-related factors potentially contributing to HAs.

**F/U:**
- F/U appt in 6 wks to eval the effectiveness of propranolol and discuss any SEs.

**Pt Ed and Counseling:**
- Discussed the role of stress in HA freq. and the potential benefits of CBT.
- Explained the importance of med adherence and the need to track HA freq. and severity for F/U eval.
- Discussed lifestyle modifications to reduce HA triggers, including regular sleep patterns and stress mgmt techniques.

**Tx Disparities:**
- Addressed possible financial constraints; provided info on local resources and assistance programs available for med costs and therapy services.

**Pt Agreements:**
- The pt understands and agrees with the recommended tx plan and F/U arrangements.
#####"|Neurologist|"**CHIEF COMPLAINT**

Severe headaches occurring 2-3 times a week for the past 5 months.

**HISTORY OF PRESENT ILLNESS**

[Doctor] Good morning. How can I help you today?

[Patient] Hi, Doctor. I've been having these terrible headaches for the past few months, and I really need some help.

[Doctor] I'm sorry to hear that. Can you tell me more about these headaches? How long have they been going on?

[Patient] It's been about 5 months now. They happen 2 to 3 times a week, and they're really severe.

[Doctor] That sounds quite difficult. Are there any other symptoms that come with these headaches?

[Patient] Yes, I get nausea and neck pain. Sometimes I see flashing lights before the headache starts.

[Doctor] Flashing lights, you say. That sounds like an aura. How are these headaches affecting your daily life?

[Patient] They make it hard to work and take care of my kids. I can't sleep well because of them. I only get around 6 hours of sleep on a good night.

[Doctor] That must be very challenging. Have you noticed any changes in the frequency or severity of the headaches over these months?

[Patient] Yes, they seem to be getting worse. I can't do the things I enjoy anymore like knitting and gardening.

[Doctor] That's quite a significant impact. Thank you for sharing this. Do you have any other medical conditions that we should know about?

[Patient] I have IBS, so I avoid dairy and gluten. Other than that, I don't think there's anything else.

[Doctor] Understood. Could you also give me your medical history record?

[Patient] Sure, here you are.

**REVIEW OF SYSTEMS**

[Doctor] Let's go through some other systems to get a complete picture. Have you been experiencing any fever or changes in your weight?

[Patient] No, no fever or weight changes.

[Doctor] How about dizziness or passing out?

[Patient] No, none of that.

[Doctor] Any recent changes in your bowel habits?

[Patient] No, my bowel habits have been stable.

[Doctor] And any other joint pain or swelling apart from the neck?

[Patient] No, just the neck pain.

[Doctor] Okay, any high levels of stress or anxiety related to these headaches?

[Patient] Yes, I feel very anxious because these headaches are so frequent and impact my life so much.

**VITAL SIGNS**

[Doctor] Let's check your vital signs. Your blood pressure is 128/82 mmHg, heart rate is 78 bpm, respiratory rate is 16 breaths per minute, and your temperature is 36.8°C. All of these are within normal limits. I'll now proceed with the physical examination.

**PHYSICAL EXAMINATION**

[Doctor] You appear anxious but cooperative, which is understandable given your symptoms. Let's look at your neurological function first. Your cranial nerve function is normal, and your motor and sensory examination shows no focal deficits.

[Patient] That's good to hear.

[Doctor] Your neck shows some tenderness and mild stiffness in the cervical spine, and there's tenderness in the trapezius muscles. But your heart sounds normal, with a regular rhythm and no murmurs. Your breath sounds are clear on both sides, with no wheezing or crackles.

[Patient] Okay, that sounds alright.

**ASSESSMENT**

[Doctor] Based on your symptoms and the physical exam, it seems like you have primary headaches, possibly exacerbated by stress and issues in the cervical spine. However, given the chronic and severe nature of your symptoms, we need to rule out any secondary causes.

**PLAN**

[Doctor] Here's what we're going to do. I'll prescribe you Propranolol, 20 mg tablets, to be taken twice daily for preventive treatment.

[Patient] Okay, I've heard of that one.

[Doctor] I'll also prescribe Acetaminophen, 500 mg tablets, which you can take every 6 hours as needed for pain, but don't exceed 4000 mg per day.

[Patient] Got it.

[Doctor] We'll also need to get an MRI of your brain and cervical spine to rule out any structural issues, particularly in the cervical region.

[Patient] That makes sense.

[Doctor] I'm also going to refer you to Dr. Susan Ellis, a psychologist, for cognitive behavioral therapy. Stress can significantly contribute to headache frequency, and she can help you manage that.

[Patient] I've been thinking about seeing a therapist, so that's good.

[Doctor] We'll have a follow-up appointment in 6 weeks to evaluate the effectiveness of the propranolol and discuss any side effects.

[Patient] Okay, I'll make sure to keep track of everything.

**PATIENT EDUCATION AND COUNSELING**

[Doctor] It's important to adhere to the medication regimen and track your headache frequency and severity. Lifestyle modifications like maintaining regular sleep patterns and stress management techniques can also help reduce headache triggers.

[Patient] I'll do my best with that.

[Doctor] Since financial constraints can be an issue, here is some information on local resources and assistance programs available for medication costs and therapy services.

[Patient] Thank you, that's really helpful.

**PATIENT AGREEMENTS**

[Doctor] Do you have any questions or concerns about the treatment plan?

[Patient] No, I think I understand everything. Thank you for your help.

[Doctor] You're welcome. We'll see you in 6 weeks to check on your progress. Take care.

[Patient] Thank you, Doctor. See you then."|"[doctor]: Good morning. How can I help you today?

[patient]: Hi, Doctor. I've been having these terrible headaches for the past few months, and I really need some help.

[doctor]: I'm sorry to hear that. Can you tell me more about these headaches? How long have they been going on?

[patient]: It's been about 5 months now. They happen 2 to 3 times a week, and they're really severe.

[doctor]: That sounds quite difficult. Are there any other symptoms that come with these headaches?

[patient]: Yes, I get nausea and neck pain. Sometimes I see flashing lights before the headache starts.

[doctor]: Flashing lights, you say. That sounds like an aura. How are these headaches affecting your daily life?

[patient]: They make it hard to work and take care of my kids. I can't sleep well because of them. I only get around 6 hours of sleep on a good night.

[doctor]: That must be very challenging. Have you noticed any changes in the frequency or severity of the headaches over these months?

[patient]: Yes, they seem to be getting worse. I can't do the things I enjoy anymore like knitting and gardening.

[doctor]: That's quite a significant impact. Thank you for sharing this. Do you have any other medical conditions that we should know about?

[patient]: I have IBS, so I avoid dairy and gluten. Other than that, I don't think there's anything else.

[doctor]: Understood. Let's go through some other systems to get a complete picture. Have you been experiencing any fever or changes in your weight?

[patient]: No, no fever or weight changes.

[doctor]: How about dizziness or passing out?

[patient]: No, none of that.

[doctor]: Any recent changes in your bowel habits?

[patient]: No, my bowel habits have been stable.

[doctor]: And any other joint pain or swelling apart from the neck?

[patient]: No, just the neck pain.

[doctor]: Okay, any high levels of stress or anxiety related to these headaches?

[patient]: Yes, I feel very anxious because these headaches are so frequent and impact my life so much.

[doctor]: Let's check your vital signs. Your blood pressure is 128/82 mmHg, heart rate is 78 bpm, respiratory rate is 16 breaths per minute, and your temperature is 36.8°C. All of these are within normal limits. I'll now proceed with the physical examination.

[patient]: Alright.

[doctor]: You appear anxious but cooperative, which is understandable given your symptoms. Let's look at your neurological function first. Your cranial nerve function is normal, and your motor and sensory examination shows no focal deficits.

[patient]: That's good to hear.

[doctor]: Your neck shows some tenderness and mild stiffness in the cervical spine, and there's tenderness in the trapezius muscles. But your heart sounds normal, with a regular rhythm and no murmurs. Your breath sounds are clear on both sides, with no wheezing or crackles.

[patient]: Okay, that sounds alright.

[doctor]: Based on your symptoms and the physical exam, it seems like you have primary headaches, possibly exacerbated by stress and issues in the cervical spine. However, given the chronic and severe nature of your symptoms, we need to rule out any secondary causes.

[patient]: That makes sense.

[doctor]: Here's what we're going to do. I'll prescribe you Propranolol, 20 mg tablets, to be taken twice daily for preventive treatment.

[patient]: Okay, I've heard of that one.

[doctor]: I'll also prescribe Acetaminophen, 500 mg tablets, which you can take every 6 hours as needed for pain, but don't exceed 4000 mg per day.

[patient]: Got it.

[doctor]: We'll also need to get an MRI of your brain and cervical spine to rule out any structural issues, particularly in the cervical region.

[patient]: That makes sense.

[doctor]: I'm also going to refer you to Dr. Susan Ellis, a psychologist, for cognitive behavioral therapy. Stress can significantly contribute to headache frequency, and she can help you manage that.

[patient]: I've been thinking about seeing a therapist, so that's good.

[doctor]: We'll have a follow-up appointment in 6 weeks to evaluate the effectiveness of the propranolol and discuss any side effects.

[patient]: Okay, I'll make sure to keep track of everything.

[doctor]: It's important to adhere to the medication regimen and track your headache frequency and severity. Lifestyle modifications like maintaining regular sleep patterns and stress management techniques can also help reduce headache triggers.

[patient]: I'll do my best with that.

[doctor]: Since financial constraints can be an issue, here is some information on local resources and assistance programs available for medication costs and therapy services.

[patient]: Thank you, that's really helpful.

[doctor]: Do you have any questions or concerns about the treatment plan?

[patient]: No, I think I understand everything. Thank you for your help.

[doctor]: You're welcome. We'll see you in 6 weeks to check on your progress. Take care.

[patient]: Thank you, Doctor. See you then."
HEADACHE, UNSPECIFIED|"ROLE: Neurologist

Demographic Information:
- Age: 54
- Gender: Male
- Ethnicity: Asian
- Socio-economic Status: Low income
- Education Level: High School graduate
- Health Literacy: Low
- Job Status: Manual laborer

Clinical Setting:
- Hospital

Type of Encounter:
- Initial Consultation

Medical History:
- Previous Diagnoses: Diabetes mellitus type 2
- Family Medical History: Mother had strokes, father has hypertension
- Medication History: Metformin 500 mg twice daily
- Allergies: None
- Chronic Conditions: Diabetes mellitus type 2

Symptom Description:
- Severity: Moderate to severe, described as ""7/10"" pain
- Duration: 1 month
- Associated Symptoms: Dizziness, visual disturbances, nausea, vomiting
- Frequency: Daily episodes, lasting several hours
- Impact on Daily Activities: Frequently absent from work, cannot perform tasks requiring focus

Patient’s Self-reported Habits and Lifestyle:
- Sleep: 5-6 hours per night, frequently interrupted by headaches
- Diet: Poor, high in carbohydrates and sugar due to socio-economic constraints
- Exercise: Sporadic, mostly walking due to job demands
- Tobacco Use: None
- Alcohol Consumption: None
- Drug Use: None
- Recreational Activities: Limited, prefers to watch TV

Patient's Behavior:
- Cooperation: Very cooperative but anxious about his condition

Geographical Location:
- Small City
- Rural
- Impoverished neighborhood
- Limited access to healthcare facilities

Medical Outcome:
- Diagnosis: Headache, unspecified (ICD-10 R51)
- Prescribed Treatment: Introduce Amitriptyline 10 mg oral, once daily at bedtime for headache prevention.
- Follow-up Recommendations: Follow-up in 2 weeks to evaluate response and side effects.
- Referral to Specialists: Referral to Ophthalmologist, Dr. Jane Williams, for evaluation of visual disturbances.
- Referral for Further Tests: MRI of the brain to rule out any structural abnormalities.

Physical Exams:
- Neurological Exam: Full neurological examination, noted mild ataxia.
- Ophthalmological Exam: Pending referral

Investigations/Test Results:
- Awaiting MRI of the brain results

Treatment Disparities:
- Financial constraints limit immediate access to specialist care and advanced imaging.

Native or Non-Native English Speaking Patient:
- Non-native English speaker, moderate English proficiency but requires medical jargon explained in simpler terms."|"#####
**1. Subjective:**

**Chief Complaint (CC):**
Moderate to severe headaches lasting for one month, described as ""7/10"" pain.

**History of Present Illness (HPI):**
The patient, a 54-year-old Asian male, presents with a one-month history of moderate to severe headaches. These headaches occur daily, last for several hours, and are associated with dizziness, visual disturbances, nausea, and vomiting. The patient reports that the headaches significantly impact his daily activities, causing frequent absences from his job as a manual laborer.

**Review of Systems (ROS):**
- General: Reports frequent headaches and dizziness.
- Neurological: Reports headache, dizziness, and visual disturbances. Denies any limb weakness, numbness, or seizures.
- Ophthalmological: Visual disturbances noted.
- Gastrointestinal: Nausea and vomiting associated with headaches. Denies changes in bowel habits.
- Musculoskeletal: No muscle weakness or pain.

**2. Objective:**

**Vital Signs:**
- Blood Pressure: 140/90 mmHg
- Heart Rate: 82 bpm
- Respiratory Rate: 16 breaths per minute
- Temperature: 98.6°F
- Oxygen Saturation: 98% on room air

**Physical Examination:**
- General: Anxious but cooperative, appears in moderate distress due to headache.
- Neurological Examination:
  - Mental Status: Alert and oriented to person, place, and time.
  - Cranial Nerves: Intact.
  - Motor Function: Normal strength (5/5) in all extremities.
  - Sensory Function: Normal sensation in all extremities.
  - Coordination: Mild ataxia noted.
  - Reflexes: Normal deep tendon reflexes.
- Ophthalmological Examination: Pending referral to an ophthalmologist.

**3. Assessment:**

**Primary Diagnosis:**
- Headache, unspecified (ICD-10 R51) 

**Differential Diagnosis:**
- Migraine
- Tension-type headache
- Hypertensive headache
- Secondary headache due to underlying pathology (awaiting MRI results)

**4. Plan:**

**Medical Treatment:**
- Amitriptyline 10 mg orally, once daily at bedtime for headache prevention.

**Patient Education and Counseling:**
- Explained the potential side effects of Amitriptyline, including drowsiness and dry mouth.
- Advised on the importance of maintaining a regular sleep schedule and improving diet, despite socio-economic constraints.
- Emphasized the importance of adherence to prescribed medications and follow-up appointments.

**Additional Testing:**
- MRI of the brain to rule out any structural abnormalities.

**Referrals:**
- Ophthalmologist, Dr. Jane Williams, for evaluation of visual disturbances.

**Follow-up:**
- Follow-up appointment in 2 weeks to evaluate response to Amitriptyline and monitor for side effects.

**Patient Agreements:**
- The patient understands and agrees with the recommended medical treatment plan, despite financial constraints potentially affecting immediate access to all recommended care.

**Instructions:**
- Patient to call the clinic if any side effects from Amitriptyline are noted or if symptoms worsen before the follow-up appointment.
#####"|"#####
**1. Subjective:**

**Chief Complaint (CC):**
Moderate to severe headaches lasting for one month, described as ""7/10"" pain.

**History of Present Illness (HPI):**
The patient, a 54-year-old Asian male, presents with a one-month history of moderate to severe headaches. These headaches occur daily, last for several hours, and are associated with dizziness, visual disturbances, nausea, and vomiting. The patient reports that the headaches significantly impact his daily activities, causing frequent absences from his job as a manual laborer.

**Review of Systems (ROS):**
- General: Reports frequent headaches and dizziness.
- Neurological: Reports headache, dizziness, and visual disturbances. Denies any limb weakness, numbness, or seizures.
- Ophthalmological: Visual disturbances noted.
- Gastrointestinal: Nausea and vomiting associated with headaches. Denies changes in bowel habits.
- Musculoskeletal: No muscle weakness or pain.

**2. Objective:**

**Vital Signs:**
- Blood Pressure: 140/90 mmHg
- Heart Rate: 82 bpm
- Respiratory Rate: 16 breaths per minute
- Temperature: 98.6°F
- Oxygen Saturation: 98% on room air

**Physical Examination:**
- General: Anxious but cooperative, appears in moderate distress due to headache.
- Neurological Examination:
  - Mental Status: Alert and oriented to person, place, and time.
  - Cranial Nerves: Intact.
  - Motor Function: Normal strength (5/5) in all extremities.
  - Sensory Function: Normal sensation in all extremities.
  - Coordination: Mild ataxia noted.
  - Reflexes: Normal deep tendon reflexes.

**3. Assessment:**

**Primary Diagnosis:**
- Headache, unspecified (ICD-10 R51) 

**Differential Diagnosis:**
- Migraine
- Tension-type headache
- Hypertensive headache
- Secondary headache due to underlying pathology (awaiting MRI results)

**4. Plan:**

**Medical Treatment:**
- Amitriptyline 10 mg orally, once daily at bedtime for headache prevention.

**Patient Education and Counseling:**
- Explained the potential side effects of Amitriptyline, including drowsiness and dry mouth.
- Advised on the importance of maintaining a regular sleep schedule and improving diet, despite socio-economic constraints.
- Emphasized the importance of adherence to prescribed medications and follow-up appointments.

**Additional Testing:**
- MRI of the brain to rule out any structural abnormalities.

**Referrals:**
- Ophthalmologist, Dr. Jane Williams, for evaluation of visual disturbances.

**Follow-up:**
- Follow-up appointment in 2 weeks to evaluate response to Amitriptyline and monitor for side effects.

**Patient Agreements:**
- The patient understands and agrees with the recommended medical treatment plan, despite financial constraints potentially affecting immediate access to all recommended care.

**Instructions:**
- Patient to call the clinic if any side effects from Amitriptyline are noted or if symptoms worsen before the follow-up appointment.
#####"|"#####
**1. Subjective:**

**CC:**
Mod-severe HAs x1 month, rated ""7/10"" pain.

**HPI:**
54 y/o Asian M presents with 1-month hx of mod-severe HAs. Occur daily, last several hrs, assoc. with dizziness, visual disturbances, N/V. Pt reports significant impact on ADLs, causing frequent absences from job as manual laborer.

**ROS:**
- General: Reports frequent HAs and dizziness.
- Neuro: Reports HA, dizziness, and visual disturbances. Denies limb weakness, numbness, or seizures.
- Ophtho: Visual disturbances noted.
- GI: N/V assoc. with HAs. Denies changes in bowel habits.
- MSK: No muscle weakness or pain.

**2. Objective:**

**VS:**
- BP: 140/90 mmHg
- HR: 82 bpm
- RR: 16
- Temp: 98.6°F
- SpO2: 98% RA

**PE:**
- General: Anxious but cooperative, appears in mod distress due to HA.
- Neuro Exam:
  - MS: A&O x3.
  - CN: Intact.
  - Motor: 5/5 strength in all extremities.
  - Sensory: Normal sensation in all extremities.
  - Coordination: Mild ataxia noted.
  - Reflexes: Normal DTRs.

**3. Assessment:**

**Primary Dx:**
- HA, unspecified (ICD-10 R51) 

**DDx:**
- Migraine
- Tension-type HA
- Hypertensive HA
- Secondary HA due to underlying pathology (awaiting MRI results)

**4. Plan:**

**Medical Tx:**
- Amitriptyline 10 mg PO QHS for HA prevention.

**Pt Education and Counseling:**
- Explained potential SEs of Amitriptyline, incl. drowsiness and dry mouth.
- Advised on importance of maintaining regular sleep schedule and improving diet, despite socio-economic constraints.
- Emphasized importance of adherence to Rx and follow-up appts.

**Additional Testing:**
- MRI brain to r/o structural abnormalities.

**Referrals:**
- Ophtho, Dr. Jane Williams, for eval of visual disturbances.

**F/U:**
- F/U appt in 2 weeks to eval response to Amitriptyline and monitor for SEs.

**Pt Agreements:**
- Pt understands and agrees with recommended medical Tx plan, despite financial constraints potentially affecting immediate access to all recommended care.

**Instructions:**
- Pt to call clinic if any SEs from Amitriptyline are noted or if symptoms worsen before F/U appt.
#####"|Neurologist|"```
[doctor] Hi there, how are you doing today?
[patient] Hi, doctor. I've been better, to be honest. My head's been killing me.
[doctor] I'm sorry to hear that. Could you tell me more about these headaches? When did they start?
[patient] It started about a month ago. The headaches are really bad, like 7 out of 10 on the pain scale.
[doctor] I see. And how often are you experiencing these headaches?
[patient] They happen every day and last for several hours.
[doctor] Hmm, that sounds quite severe. Are there any other symptoms that come along with the headaches?
[patient] Yes, I get dizzy, and my vision gets all blurry. Sometimes I even feel nauseous and throw up.
[doctor] It must be affecting your daily life quite a bit, then.
[patient] Yeah, it's hard to work. I'm a manual laborer, and I've had to miss a lot of days.
[doctor] That sounds really tough. Let's review some other systems to get a full picture. Any changes in your general health apart from the headaches and dizziness?
[patient] No, just the headaches and dizziness.
[doctor] How about any limb weakness, numbness, or seizures?
[patient] No, nothing like that.
[doctor] Any issues with your vision apart from the blurriness during the headaches?
[patient] No, it's just during the headaches.
[doctor] And how about your gastrointestinal system? Any changes in your bowel habits?
[patient] No, my bowel habits are the same.
[doctor] Do you have any muscle weakness or pain?
[patient] No, my muscles feel fine.
[doctor] Alright, let's move on to the physical exam. Your vitals look like this: Blood Pressure is 140/90 mmHg, Heart Rate is 82 bpm, Respiratory Rate is 16 breaths per minute, Temperature is 98.6°F, and your Oxygen Saturation is 98% on room air.
[patient] Okay.
[doctor] During the physical exam, I noticed you seem quite anxious but cooperative. You appear to be in moderate distress due to the headache. Are you feeling anxious right now?
[patient] Yes, a bit. The headaches are really getting to me.
[doctor] I understand. On the neurological exam, you're alert and oriented to person, place, and time, which is good. Your cranial nerves are intact, and you have normal strength in all your extremities.
[patient] That's good to hear.
[doctor] You also have normal sensation in all extremities and only mild ataxia. Your deep tendon reflexes are normal as well.
[patient] Okay.
[doctor] For the ophthalmological examination, I will refer you to an ophthalmologist, Dr. Jane Williams, to evaluate your visual disturbances.
[patient] Alright.
[doctor] Based on what we've discussed and the examination, your primary diagnosis is unspecified headache. We do need to consider other possibilities like migraines, tension-type headaches, hypertensive headaches, or even secondary headaches due to an underlying condition.
[patient] That makes sense.
[doctor] To help manage your headaches, I'm going to prescribe Amitriptyline 10 mg once daily at bedtime. It's a medication that can help prevent headaches.
[patient] Okay. Are there any side effects I should know about?
[doctor] Yes, Amitriptyline can cause drowsiness and dry mouth. It's important to take it as prescribed and let us know if you experience any side effects.
[patient] Got it.
[doctor] I also recommend maintaining a regular sleep schedule and improving your diet, even though I understand that might be challenging given your work and financial situation.
[patient] I'll try my best.
[doctor] We're going to arrange for an MRI of your brain to rule out any structural abnormalities that could be causing your headaches.
[patient] Okay.
[doctor] We'll also schedule a follow-up appointment in 2 weeks to see how you're responding to the Amitriptyline and monitor for any side effects.
[patient] Sounds good.
[doctor] Remember, if you experience any side effects from the medication or if your symptoms worsen before the follow-up appointment, please call the clinic immediately.
[patient] I will.
[doctor] Do you have any questions about the treatment plan or anything we've discussed today?
[patient] No, I think I understand everything. Thank you.
[doctor] You're welcome. I'm glad we could discuss everything. We'll see you in 2 weeks, and hopefully, we can get those headaches under control.
[patient] I hope so too. Thank you, doctor.
[doctor] Take care, and don't hesitate to reach out if you need anything.
[patient] Will do. Thanks again.
```"|"[doctor] Hi there, how are you doing today?

[patient] Hi, doctor. I've been better, to be honest. My head's been killing me.

[doctor] I'm sorry to hear that. Could you tell me more about these headaches? When did they start?

[patient] It started about a month ago. The headaches are really bad, like 7 out of 10 on the pain scale.

[doctor] I see. And how often are you experiencing these headaches?

[patient] They happen every day and last for several hours.

[doctor] Hmm, that sounds quite severe. Are there any other symptoms that come along with the headaches?

[patient] Yes, I get dizzy, and my vision gets all blurry. Sometimes I even feel nauseous and throw up.

[doctor] It must be affecting your daily life quite a bit, then.

[patient] Yeah, it's hard to work. I'm a manual laborer, and I've had to miss a lot of days.

[doctor] That sounds really tough. Let's review some other systems to get a full picture. Any changes in your general health apart from the headaches and dizziness?

[patient] No, just the headaches and dizziness.

[doctor] How about any limb weakness, numbness, or seizures?

[patient] No, nothing like that.

[doctor] Any issues with your vision apart from the blurriness during the headaches?

[patient] No, it's just during the headaches.

[doctor] And how about your gastrointestinal system? Any changes in your bowel habits?

[patient] No, my bowel habits are the same.

[doctor] Do you have any muscle weakness or pain?

[patient] No, my muscles feel fine.

[doctor] Alright, let's move on to the physical exam. Your vitals look like this: Blood Pressure is 140/90 mmHg, Heart Rate is 82 bpm, Respiratory Rate is 16 breaths per minute, Temperature is 98.6°F, and your Oxygen Saturation is 98% on room air.

[patient] Okay.

[doctor] During the physical exam, I noticed you seem quite anxious but cooperative. You appear to be in moderate distress due to the headache. Are you feeling anxious right now?

[patient] Yes, a bit. The headaches are really getting to me.

[doctor] I understand. On the neurological exam, you're alert and oriented to person, place, and time, which is good. Your cranial nerves are intact, and you have normal strength in all your extremities.

[patient] That's good to hear.

[doctor] You also have normal sensation in all extremities and only mild ataxia. Your deep tendon reflexes are normal as well.

[patient] Okay.

[doctor] For the ophthalmological examination, I will refer you to an ophthalmologist, Dr. Jane Williams, to evaluate your visual disturbances.

[patient] Alright.

[doctor] Based on what we've discussed and the examination, your primary diagnosis is unspecified headache. We do need to consider other possibilities like migraines, tension-type headaches, hypertensive headaches, or even secondary headaches due to an underlying condition.

[patient] That makes sense.

[doctor] To help manage your headaches, I'm going to prescribe Amitriptyline 10 mg once daily at bedtime. It's a medication that can help prevent headaches.

[patient] Okay. Are there any side effects I should know about?

[doctor] Yes, Amitriptyline can cause drowsiness and dry mouth. It's important to take it as prescribed and let us know if you experience any side effects.

[patient] Got it.

[doctor] I also recommend maintaining a regular sleep schedule and improving your diet, even though I understand that might be challenging given your work and financial situation.

[patient] I'll try my best.

[doctor] We're going to arrange for an MRI of your brain to rule out any structural abnormalities that could be causing your headaches.

[patient] Okay.

[doctor] We'll also schedule a follow-up appointment in 2 weeks to see how you're responding to the Amitriptyline and monitor for any side effects.

[patient] Sounds good.

[doctor] Remember, if you experience any side effects from the medication or if your symptoms worsen before the follow-up appointment, please call the clinic immediately.

[patient] I will.

[doctor] Do you have any questions about the treatment plan or anything we've discussed today?

[patient] No, I think I understand everything. Thank you.

[doctor] You're welcome. I'm glad we could discuss everything. We'll see you in 2 weeks, and hopefully, we can get those headaches under control.

[patient] I hope so too. Thank you, doctor.

[doctor] Take care, and don't hesitate to reach out if you need anything.

[patient] Will do. Thanks again."
HEADACHE, UNSPECIFIED|"ROLE: General Physician

1) Medical Outcome:
   - Diagnosis: Headache, unspecified 
   - Prescribed Treatment: Acetaminophen 500 mg, oral, every 6 hours as needed for pain, 30 tablets
   - Follow-up Recommendations: Revisit in 2 weeks if symptoms persist or worsen
   - Referral to Specialist: Referral to Neurologist, Dr. Emma Thompson, for further evaluation if headache frequency increases
   - Blood Work: Biochemistry panel including electrolytes, liver function tests, and thyroid function tests
   - Imaging: MRI of the brain without contrast if headaches do not improve in 2 weeks 

2) Medical History:
   - Previous Diagnoses: Mild hypertension, diagnosed 2 years ago
   - Family Medical History: Father had migraines; mother has a history of hypertension
   - Medication History: Losartan 50 mg daily
   - Allergies: Penicillin
   - Chronic conditions: Hypertension

3) Symptom Description:
   - Severity: Moderate
   - Duration: 3 weeks
   - Associated Symptoms: Light sensitivity, occasional nausea, and dizziness
   - Frequency: Daily
   - Impact on Daily Activities: Difficulty concentrating at work, missed 2 days of work last week

4) Patient’s self-reported habits and lifestyle:
   - Sleep: 5-6 hours per night, describes sleep as poor quality 
   - Diet: Skips breakfast, usually eats take-out for lunch and dinner 
   - Exercise: Infrequent, mostly sedentary lifestyle
   - Tobacco Use: None 
   - Alcohol Consumption: Socially, 1-2 drinks per week 
   - Drug Use: None 
   - Recreational Activities: Enjoys watching TV and reading

5) Demographic Information:
   - Age: 35
   - Gender: Female
   - Ethnicity: African American
   - Socio-economic Status: Middle class
   - Education Level: Bachelor's degree
   - Health Literacy: Good
   - Job Status: Accountant, full-time

6) Patient's Behavior:
   - Level of patient's cooperation with medical advice: Generally cooperative

7) Geographical Location:
   - Urban
   - Pollution and Environmental Health Risks: Moderate air quality issues
   - Neighborhood Type: Well-served by transit

8) Clinical Setting:
   - Community Health Services

9) Type of Encounter:
   - Initial Consultation

10) Treatment Disparities:
   - None indicated

11) Native or Non-Native English Speaking Patient:
   - Native English-speaking patient

12) Physical exams:
   - Neurological exam: Cranial nerves II-XII intact, no focal deficits observed
   - General physical exam: Normal vital signs, unremarkable physical exam

13) Investigation/Test results:
   - Awaiting blood work including biochemistry panel with electrolytes, liver function tests, and thyroid function tests"|"#####
**1. Subjective:**

**Chief Complaint (CC):**
Headache.

**History of Present Illness (HPI):**
A 35-year-old African American female presents with a chief complaint of headaches for the past 3 weeks. She describes the headaches as moderate in severity, occurring daily, and associated with light sensitivity, occasional nausea, and dizziness. The headaches have significantly impacted her daily activities, including difficulty concentrating at work and missing 2 days of work last week. She has also mentioned poor quality sleep, averaging 5-6 hours per night. The patient denies any recent trauma or other new symptoms.

**Review of Systems (ROS):**
- Neurological: Positive for headaches, light sensitivity, and occasional dizziness.
- Gastrointestinal: Positive for occasional nausea.
- General: Negative for fever, weight loss, or fatigue.
- Cardiovascular: No chest pain, palpitations, or shortness of breath.
- Musculoskeletal: No muscle weakness or joint pain.
- Respiratory: No cough or dyspnea.
- Dermatological: No rashes or skin changes.
- ENT: No sinus pain or ear fullness.

**2. Objective:**

**Vitals:**
- BP: 132/84 mmHg
- HR: 76 bpm
- RR: 16 breaths/min
- Temperature: 98.6°F (37°C)
- SPO2: 99% on room air

**Physical Exam:**
- General: Alert and oriented, in no acute distress.
- HEENT: Normocephalic, atraumatic. No sinus tenderness. Pupils equal, round, and reactive to light. EOMI. No pharyngeal erythema.
- Neck: Supple, no lymphadenopathy.
- Cardiovascular: Regular rate and rhythm, no murmurs, rubs, or gallops.
- Respiratory: Clear to auscultation bilaterally.
- Abdomen: Soft, non-tender, no organomegaly.
- Neurological: Cranial nerves II-XII intact, no focal deficits observed. Motor and sensory exams are normal.
- Musculoskeletal: Full range of motion, no tenderness or deformities.

**3. Assessment:**

Unspecified headache. Given the patient's symptoms, it is necessary to consider tension-type headaches and migraines as possible causes. However, further evaluation is required to rule out secondary causes.

**4. Plan:**
1. **Medication:** Prescribed Acetaminophen 500 mg, oral, every 6 hours as needed for pain, 30 tablets.
2. **Follow-Up:** Revisit in 2 weeks if symptoms persist or worsen.
3. **Referral:** Referral to Neurologist, Dr. Emma Thompson, for further evaluation if headache frequency increases.
4. **Laboratory Tests:** Ordered blood work including biochemistry panel with electrolytes, liver function tests, and thyroid function tests.
5. **Imaging:** MRI of the brain without contrast if headaches do not improve in 2 weeks.
6. **Lifestyle Modifications:**
   - Encourage patient to improve sleep hygiene and aim for 7-8 hours of quality sleep per night.
   - Recommend a balanced diet and regular exercise to help reduce stress and improve overall health.
   - Advise the patient to keep a headache diary to track the frequency, severity, and possible triggers of her headaches.

**INSTRUCTIONS:**
The patient is to contact the clinic immediately if there are any new or worsening symptoms such as severe headache, vision changes, or new neurological deficits.
#####"|"#####
**1. Subjective:**

**Chief Complaint (CC):**
Headache.

**History of Present Illness (HPI):**
A 35-year-old African American female, named Angela Johnson, presents with a chief complaint of headaches for the past 3 weeks. She describes the headaches as moderate in severity, occurring daily, and associated with light sensitivity, occasional nausea, and dizziness. The headaches have significantly impacted her daily activities, including difficulty concentrating at work and missing 2 days of work last week. She has also mentioned poor quality sleep, averaging 5-6 hours per night. The patient denies any recent trauma or other new symptoms.

**Review of Systems (ROS):**
- Neurological: Positive for headaches, light sensitivity, and occasional dizziness.
- Gastrointestinal: Positive for occasional nausea.
- General: Negative for fever, weight loss, or fatigue.
- Cardiovascular: No chest pain, palpitations, or shortness of breath.
- Musculoskeletal: No muscle weakness or joint pain.
- Respiratory: No cough or dyspnea.
- Dermatological: No rashes or skin changes.
- ENT: No sinus pain or ear fullness.

**2. Objective:**

**Vitals:**
- BP: 132/84 mmHg
- HR: 76 bpm
- RR: 16 breaths/min
- Temperature: 98.6°F (37°C)
- SPO2: 99% on room air

**Physical Exam:**
- General: Alert and oriented, in no acute distress.
- HEENT: Normocephalic, atraumatic. No sinus tenderness. Pupils equal, round, and reactive to light. EOMI. No pharyngeal erythema.
- Neck: Supple, no lymphadenopathy.
- Cardiovascular: Regular rate and rhythm, no murmurs, rubs, or gallops.
- Respiratory: Clear to auscultation bilaterally.
- Abdomen: Soft, non-tender, no organomegaly.
- Neurological: Cranial nerves II-XII intact, no focal deficits observed. Motor and sensory exams are normal.
- Musculoskeletal: Full range of motion, no tenderness or deformities.

**3. Assessment:**

Unspecified headache. Given the patient's symptoms, it is necessary to consider tension-type headaches and migraines as possible causes. However, further evaluation is required to rule out secondary causes.

**4. Plan:**
1. **Medication:** Prescribed Acetaminophen 500 mg, oral, every 6 hours as needed for pain, 30 tablets.
2. **Follow-Up:** Revisit in 2 weeks if symptoms persist or worsen.
3. **Referral:** Referral to Neurologist, Dr. Emma Thompson, for further evaluation if headache frequency increases.
4. **Laboratory Tests:** Ordered blood work including biochemistry panel with electrolytes, liver function tests, and thyroid function tests.
5. **Imaging:** MRI of the brain without contrast if headaches do not improve in 2 weeks.
6. **Lifestyle Modifications:**
   - Encourage patient to improve sleep hygiene and aim for 7-8 hours of quality sleep per night.
   - Recommend a balanced diet and regular exercise to help reduce stress and improve overall health.
   - Advise the patient to keep a headache diary to track the frequency, severity, and possible triggers of her headaches.

**INSTRUCTIONS:**
The patient is to contact the clinic immediately if there are any new or worsening symptoms such as severe headache, vision changes, or new neurological deficits.
#####"|"#####
**1. Subjective:**

**CC:**
HA.

**HPI:**
A 35-year-old African American female, named Angela Johnson, presents with a CC of HAs for the past 3 weeks. She describes the HAs as moderate in severity, occurring daily, and associated with photophobia, occasional N/V, and dizziness. The HAs have significantly impacted her ADLs, including difficulty concentrating at work and missing 2 days of work last week. She has also mentioned poor quality sleep, averaging 5-6 hours per night. The patient denies any recent trauma or other new symptoms.

**ROS:**
- Neuro: Positive for HAs, photophobia, and occasional dizziness.
- GI: Positive for occasional N/V.
- General: Negative for fever, weight loss, or fatigue.
- CV: No CP, palpitations, or SOB.
- MSK: No muscle weakness or joint pain.
- Resp: No cough or dyspnea.
- Derm: No rashes or skin changes.
- ENT: No sinus pain or ear fullness.

**2. Objective:**

**Vitals:**
- BP: 132/84 mmHg
- HR: 76 bpm
- RR: 16 breaths/min
- Temp: 98.6°F (37°C)
- SpO2: 99% on RA

**PE:**
- General: Alert and oriented, in no acute distress.
- HEENT: NCAT. No sinus tenderness. PERRLA. EOMI. No pharyngeal erythema.
- Neck: Supple, no LAD.
- CV: RRR, no M/R/G.
- Resp: CTA bilaterally.
- Abd: Soft, NT, no organomegaly.
- Neuro: CN II-XII intact, no focal deficits observed. Motor and sensory exams are normal.
- MSK: Full ROM, no tenderness or deformities.

**3. Assessment:**

Unspecified HA. Given the patient's symptoms, it is necessary to consider TTH and migraines as possible causes. However, further evaluation is required to rule out secondary causes.

**4. Plan:**
1. **Rx:** Prescribed Acetaminophen 500 mg PO q6h PRN pain, 30 tabs.
2. **F/U:** Revisit in 2 weeks if symptoms persist or worsen.
3. **Referral:** Referral to Neuro, Dr. Emma Thompson, for further evaluation if HA frequency increases.
4. **Labs:** Ordered blood work including BMP, LFTs, and TFTs.
5. **Imaging:** MRI brain w/o contrast if HAs do not improve in 2 weeks.
6. **Lifestyle Modifications:**
   - Encourage patient to improve sleep hygiene and aim for 7-8 hours of quality sleep per night.
   - Recommend a balanced diet and regular exercise to help reduce stress and improve overall health.
   - Advise the patient to keep a HA diary to track the frequency, severity, and possible triggers of her HAs.

**INSTRUCTIONS:**
The patient is to contact the clinic immediately if there are any new or worsening symptoms such as severe HA, vision changes, or new neuro deficits.
#####"|General Physician|"[doctor] Hi there, what brings you in today?

[patient] Hi, Doctor. I've been having these really bad headaches for the past three weeks.

[doctor] I'm sorry to hear that. Can you describe these headaches for me?

[patient] They're moderate, but they hurt a lot. They happen every day and sometimes make me sensitive to light. I also feel dizzy and nauseous sometimes.

[doctor] That sounds difficult. Have these headaches impacted your daily activities?

[patient] Yes, they have. I've had trouble concentrating at work and even missed two days last week because of them.

[doctor] I see. Have you noticed any changes in your sleep lately?

[patient] Yeah, my sleep quality has been poor. I only get about 5 to 6 hours of sleep each night.

[doctor] Okay. Have you experienced any recent trauma or any other new symptoms?

[patient] No, no recent trauma or new symptoms.

[doctor] Alright. Are you having any other symptoms like fever, weight loss, or fatigue?

[patient] No, I haven't had any of those symptoms.

[doctor] How about chest pain, palpitations, or shortness of breath?

[patient] No, none of those either.

[doctor] Any muscle weakness or joint pain?

[patient] No, my muscles and joints are fine.

[doctor] Have you experienced any cough or difficulty breathing?

[patient] No, no cough or breathing issues.

[doctor] Any rashes or skin changes?

[patient] No, my skin has been normal.

[doctor] How about sinus pain or ear fullness? 

[patient] No, none of that either.

[doctor] Okay, let's do a quick physical exam. Your vitals are:
- Blood Pressure: 132/84 mmHg
- Heart Rate: 76 bpm
- Respiratory Rate: 16 breaths/min
- Temperature: 98.6°F (37°C)
- SPO2: 99% on room air

[doctor] You seem alert and oriented and in no acute distress. Your head and neck exam shows no abnormalities; your pupils are equal, round, and reactive to light. Extraocular movements are intact. There's no sinus tenderness, and your pharynx looks normal.

[patient] Okay.

[doctor] Your neck is supple with no lymphadenopathy. Cardiovascular exam shows a regular rate and rhythm, no murmurs, rubs, or gallops. Lungs are clear to auscultation bilaterally. Your abdomen is soft and non-tender with no organomegaly.

[patient] That sounds good so far.

[doctor] Neurologically, cranial nerves II-XII are intact, and there are no focal deficits observed. Motor and sensory exams are normal. Musculoskeletal exam shows a full range of motion with no tenderness or deformity.

[patient] Alright.

[doctor] Based on your symptoms, it looks like we need to consider tension-type headaches or migraines. However, we need further evaluation to rule out any secondary causes.

[patient] Okay, what do we do next?

[doctor] I'm going to prescribe Acetaminophen 500 mg, oral, every 6 hours as needed for pain. I'll give you 30 tablets to start.

[patient] Alright, thanks.

[doctor] I want you to follow up in 2 weeks if your symptoms persist or worsen. If the headache frequency increases, I'll refer you to a Neurologist, Dr. Emma Thompson, for further evaluation.

[patient] Okay, I can do that.

[doctor] I'm also going to order some blood work, including a biochemistry panel with electrolytes, liver function tests, and thyroid function tests.

[patient] Alright.

[doctor] If your headaches don't improve in 2 weeks, we'll need to do an MRI of your brain without contrast.

[patient] I understand.

[doctor] In the meantime, try to improve your sleep hygiene and aim for 7-8 hours of quality sleep per night. A balanced diet and regular exercise can help reduce stress and improve your overall health.

[patient] I'll try my best.

[doctor] Also, I recommend keeping a headache diary to track the frequency, severity, and possible triggers of your headaches.

[patient] That's a good idea.

[doctor] Don't hesitate to contact the clinic immediately if you experience any new or worsening symptoms such as severe headache, vision changes, or new neurological deficits.

[patient] I will. Thank you, Doctor.

[doctor] You're welcome. Take care and see you in two weeks if not sooner.

[patient] Thank you. Goodbye.

[doctor] Goodbye."|"[doctor] Hi there, what brings you in today?

[patient] Hi, Doctor. I've been having these really bad headaches for the past three weeks.

[doctor] I'm sorry to hear that. Can you describe these headaches for me?

[patient] They're moderate, but they hurt a lot. They happen every day and sometimes make me sensitive to light. I also feel dizzy and nauseous sometimes.

[doctor] That sounds difficult. Have these headaches impacted your daily activities?

[patient] Yes, they have. I've had trouble concentrating at work and even missed two days last week because of them.

[doctor] I see. Have you noticed any changes in your sleep lately?

[patient] Yeah, my sleep quality has been poor. I only get about 5 to 6 hours of sleep each night.

[doctor] Okay. Have you experienced any recent trauma or any other new symptoms?

[patient] No, no recent trauma or new symptoms.

[doctor] Alright. Are you having any other symptoms like fever, weight loss, or fatigue?

[patient] No, I haven't had any of those symptoms.

[doctor] How about chest pain, palpitations, or shortness of breath?

[patient] No, none of those either.

[doctor] Any muscle weakness or joint pain?

[patient] No, my muscles and joints are fine.

[doctor] Have you experienced any cough or difficulty breathing?

[patient] No, no cough or breathing issues.

[doctor] Any rashes or skin changes?

[patient] No, my skin has been normal.

[doctor] How about sinus pain or ear fullness? 

[patient] No, none of that either.

[doctor] Okay, let's do a quick physical exam. Your vitals are:
- Blood Pressure: 132/84 mmHg
- Heart Rate: 76 bpm
- Respiratory Rate: 16 breaths/min
- Temperature: 98.6°F (37°C)
- SPO2: 99% on room air

[doctor] You seem alert and oriented and in no acute distress. Your head and neck exam shows no abnormalities; your pupils are equal, round, and reactive to light. Extraocular movements are intact. There's no sinus tenderness, and your pharynx looks normal.

[patient] Okay.

[doctor] Your neck is supple with no lymphadenopathy. Cardiovascular exam shows a regular rate and rhythm, no murmurs, rubs, or gallops. Lungs are clear to auscultation bilaterally. Your abdomen is soft and non-tender with no organomegaly.

[patient] That sounds good so far.

[doctor] Neurologically, cranial nerves II-XII are intact, and there are no focal deficits observed. Motor and sensory exams are normal. Musculoskeletal exam shows a full range of motion with no tenderness or deformity.

[patient] Alright.

[doctor] Based on your symptoms, it looks like we need to consider tension-type headaches or migraines. However, we need further evaluation to rule out any secondary causes.

[patient] Okay, what do we do next?

[doctor] I'm going to prescribe Acetaminophen 500 mg, oral, every 6 hours as needed for pain. I'll give you 30 tablets to start.

[patient] Alright, thanks.

[doctor] I want you to follow up in 2 weeks if your symptoms persist or worsen. If the headache frequency increases, I'll refer you to a Neurologist, Dr. Emma Thompson, for further evaluation.

[patient] Okay, I can do that.

[doctor] I'm also going to order some blood work, including a biochemistry panel with electrolytes, liver function tests, and thyroid function tests.

[patient] Alright.

[doctor] If your headaches don't improve in 2 weeks, we'll need to do an MRI of your brain without contrast.

[patient] I understand.

[doctor] In the meantime, try to improve your sleep hygiene and aim for 7-8 hours of quality sleep per night. A balanced diet and regular exercise can help reduce stress and improve your overall health.

[patient] I'll try my best.

[doctor] Also, I recommend keeping a headache diary to track the frequency, severity, and possible triggers of your headaches.

[patient] That's a good idea.

[doctor] Don't hesitate to contact the clinic immediately if you experience any new or worsening symptoms such as severe headache, vision changes, or new neurological deficits.

[patient] I will. Thank you, Doctor.

[doctor] You're welcome. Take care and see you in two weeks if not sooner.

[patient] Thank you. Goodbye.

[doctor] Goodbye."
HEADACHE, UNSPECIFIED|"ROLE: General Physician

1) Medical Outcome: 
   - Diagnosis: Headache, unspecified (ICD-10 G44.1)
   - Prescribed Treatment: Acetaminophen 500 mg orally every 6 hours as needed for pain, maximum 8 tablets in 24 hours.
   - Follow-up Recommendations: Follow-up in 4 weeks if symptoms persist or worsen.
   - Referral: Referral to a neurologist for evaluation if headaches do not improve with initial treatment.

2) Medical History: 
   - Previous Diagnoses: Hypertension.
   - Family Medical History: Father has a history of migraines.
   - Medication History: Currently taking lisinopril 20 mg daily for hypertension.
   - Allergies: None.
   - Chronic Conditions: Hypertension.

3) Symptom Description: 
   - Severity: Moderate to severe.
   - Duration: 2 weeks.
   - Associated Symptoms: Occasional nausea, light sensitivity.
   - Frequency: Daily.
   - Impact on Daily Activities: Difficulty concentrating at work, reduced sleep quality.

4) Patient’s self-reported habits and lifestyle: 
   - Sleep: Approximately 5-6 hours per night, often interrupted.
   - Diet: Irregular meals, often consumes fast food.
   - Exercise: Sedentary lifestyle, no regular exercise.
   - Tobacco Use: Smokes 1 pack per day.
   - Alcohol Consumption: None.
   - Drug Use: None.
   - Recreational Activities: Enjoys watching TV in the evenings.

5) Demographic Information: 
   - Age: 45
   - Gender: Female
   - Ethnicity: Hispanic
   - Socio-economic Status: Middle-income.
   - Education Level: High school graduate.
   - Health Literacy: Moderate.
   - Job Status: Administrative assistant at a local company.

6) Patient's Behavior: Moderately cooperative with medical advice, expresses willingness to try prescribed treatment.

7) Geographical Location: 
   - Big City vs Small City: Urban
   - Pollution and Environmental Health Risks: Moderate pollution.
   - Neighborhood Type: Mixed-income neighborhood, well-served by public transit, nearby grocery stores.

8) Clinical Setting: Private Practice.

9) Type of Encounter: Initial Consultation.

10) Treatment Disparities: None noted.

11) Native or Non-Native English Speaking Patient: Non-Native English speaking; primary language is Spanish, but speaks conversational English.

12) Physical exams: 
    - Neurological: NA.

13) Investigation/Test results:
    - Awaiting results from a Complete Blood Count (CBC) and basic metabolic panel (biochemistry) to rule out any underlying conditions.
"|Rejected|Rejected|Rejected|Rejected||
HEADACHE, UNSPECIFIED|"ROLE: General Physician

1) Medical Outcome:
   - Diagnosis: Headache, unspecified (ICD-10 G44.1)
   - Prescribed Treatment: Ibuprofen 400 mg orally every 8 hours as needed for pain, maximum 3 tablets in 24 hours.
   - Follow-up Recommendations: Follow-up in 2 weeks if symptoms persist or worsen.
   - Referral: Referral to a neurologist for evaluation if headaches do not improve with initial treatment. Dr. Jane Smith, Neurology.

2) Medical History:
   - Previous Diagnoses: Type 2 Diabetes.
   - Family Medical History: Mother has a history of chronic headaches.
   - Medication History: Currently taking metformin 500 mg twice daily for diabetes.
   - Allergies: Penicillin.
   - Chronic Conditions: Diabetes.

3) Symptom Description:
   - Severity: Severe.
   - Duration: 1 month.
   - Associated Symptoms: Dizziness and occasional vomiting.
   - Frequency: Intermittent, 3-4 times per week.
   - Impact on Daily Activities: Missed work, difficulty performing daily tasks.

4) Patient’s self-reported habits and lifestyle:
   - Sleep: Approximately 8 hours per night, but not feeling rested.
   - Diet: Balanced diet, recently adjusted for diabetes management.
   - Exercise: Walks 30 minutes daily.
   - Tobacco Use: None.
   - Alcohol Consumption: Occasionally drinks on weekends, 1-2 drinks.
   - Drug Use: None.
   - Recreational Activities: Enjoys gardening.

5) Demographic Information:
   - Age: 60
   - Gender: Male
   - Ethnicity: African American
   - Socio-economic Status: Low-income.
   - Education Level: Some college.
   - Health Literacy: Low.
   - Job Status: Retired factory worker.

6) Patient's Behavior: Shows reluctance about medication use but is willing to try non-pharmacological options.

7) Geographical Location:
   - Big City vs Small City: Rural
   - Pollution and Environmental Health Risks: Low pollution.
   - Neighborhood Type: Impoverished, limited access to healthcare facilities.

8) Clinical Setting: Community health services.

9) Type of Encounter: Follow-up.

10) Treatment Disparities: Potential limited access to specialized care due to rural setting and low socio-economic status.

11) Native or Non-Native English Speaking Patient: Native English speaking.

12) Physical exams: 
    - Neurological: No focal deficits, cranial nerves intact, no motor or sensory deficits noted.

13) Investigation/Test results:
    - Awaiting results from a CT scan of the head to rule out any intracranial pathology."|Rejected|Rejected|Rejected|Rejected||
HEADACHE, UNSPECIFIED|"ROLE: Neurologist

**Scenario Variables:**

- **Medical Outcome:** 
  - Diagnosis: Headache, unspecified
  - Prescribed treatment: 
    - Sumatriptan 50 mg tablets, take one tablet orally at onset of headache, may repeat once in 2 hours if needed, maximum 200 mg per day.
    - Ibuprofen 400 mg tablets, take one tablet orally every 6-8 hours as needed for pain, maximum 1200 mg per day.
  - Follow-up recommendations: Follow-up in 4 weeks to assess the efficacy of the treatment plan and consider preventive therapies if headaches persist.
  - Referral to specialists: Referral to an ophthalmologist (Dr. Mary Johnson) for a comprehensive eye exam due to recurrent headaches potentially related to visual strain.
  - Imaging: MRI of the brain to rule out any structural abnormalities, specifically focusing on the posterior fossa and occipital regions.

- **Medical History:** 
  - Previous Diagnoses: Migraine (previous diagnosis 3 years ago)
  - Family Medical History: Mother has a history of migraines, Father had hypertension
  - Medication History: Previously used sumatriptan with good effect, currently not on any headache medication
  - Allergies: None
  - Chronic Conditions: Mild hypertension, managed with lifestyle changes

- **Symptom Description:**
  - Severity: Moderate to severe
  - Duration: 3 months
  - Associated Symptoms: Nausea, photophobia, phonophobia
  - Frequency: 3-4 times per week
  - Impact on Daily Activities: Missed work days, decreased productivity, and social disengagement

- **Patient’s self-reported habits and lifestyle:**
  - Sleep: Poor sleep quality, 5-6 hours per night
  - Diet: Skips meals, high caffeine intake (3-4 cups of coffee per day)
  - Exercise: None regularly
  - Tobacco Use: None
  - Alcohol Consumption: Social drinking, 1-2 glasses of wine per week
  - Drug Use: None
  - Recreational Activities: Enjoys reading and watching television

- **Demographic Information:** 
  - Age: 34
  - Gender: Female
  - Ethnicity: Caucasian
  - Socio-economic Status: Middle class
  - Education Level: College graduate
  - Health Literacy: High
  - Job Status: Marketing manager, full-time employment

- **Patient's Behavior:** Generally cooperative but expresses frustration due to the impact on quality of life

- **Geographical Location:** 
  - Urban, Big City
  - Pollution and Environmental Health Risks: Moderate air pollution
  - Neighborhood Type: Affluent, well-served by transit, access to healthy food options

- **Clinical Setting:** Private Practice

- **Type of Encounter:** Initial Consultation

- **Treatment Disparities:** None noted

- **Native or Non-Native English Speaking Patient:** Native English Speaking

- **Physical exams:**
  - Neurological examination: Normal cranial nerve function, no motor or sensory deficits, normal reflexes
  - Ophthalmologic examination: Normal, but referral made for comprehensive eye exam

- **Investigation/Test results:** Awaiting MRI of the brain results"|Rejected|Rejected|Rejected|Rejected||
HEADACHE, UNSPECIFIED|"ROLE: Neurologist

**Scenario Variables:**

- **Medical Outcome:** 
  - Diagnosis: Headache, unspecified
  - Prescribed treatment:
    - Amitriptyline 25 mg tablets, take one tablet orally once daily at bedtime, may increase to 50 mg after one week if no improvement.
    - Acetaminophen 500 mg tablets, take one tablet orally every 6 hours as needed for pain, maximum 3000 mg per day.
  - Follow-up recommendations: Follow-up in 6 weeks to evaluate the effectiveness of the medication and consider further diagnostic studies if headaches persist.
  - Referral to specialists: Referral to an otolaryngologist (Dr. James Carter) for evaluation of potential sinus-related issues contributing to headaches.
  - Imaging: CT scan of the sinuses to assess for any sinus pathology contributing to headaches.

- **Medical History:** 
  - Previous Diagnoses: Hypothyroidism (diagnosed 2 years ago)
  - Family Medical History: Father had a history of cluster headaches, Mother had type 2 diabetes
  - Medication History: Currently taking Levothyroxine 75 mcg daily for hypothyroidism
  - Allergies: Penicillin
  - Chronic Conditions: Hypothyroidism

- **Symptom Description:**
  - Severity: Mild to moderate
  - Duration: 6 months
  - Associated Symptoms: Nasal congestion, occasional dizziness
  - Frequency: 5-6 times per month
  - Impact on Daily Activities: Reduced concentration at work, discontinued regular exercise

- **Patient’s self-reported habits and lifestyle:**
  - Sleep: Regular sleep pattern, approximately 7 hours per night
  - Diet: Balanced diet, avoiding processed foods
  - Exercise: Previously engaged in jogging, currently inactive due to headaches
  - Tobacco Use: Never smoked
  - Alcohol Consumption: Occasional consumption, 1-2 glasses of wine per month
  - Drug Use: None
  - Recreational Activities: Enjoys gardening and hiking

- **Demographic Information:** 
  - Age: 45
  - Gender: Male
  - Ethnicity: African American
  - Socio-economic Status: Upper middle class
  - Education Level: Master's degree
  - Health Literacy: High
  - Job Status: IT consultant, full-time employment

- **Patient's Behavior:** Very cooperative and motivated to find a solution for his headaches

- **Geographical Location:** 
  - Suburban, Small City
  - Pollution and Environmental Health Risks: Low levels of pollution
  - Neighborhood Type: Well-maintained, suburban neighborhood, good access to healthcare facilities

- **Clinical Setting:** Neurology Clinic

- **Type of Encounter:** Initial Consultation

- **Treatment Disparities:** None noted

- **Native or Non-Native English Speaking Patient:** Native English Speaking

- **Physical exams:**
  - Neurological examination: Normal with no focal deficits, cranial nerves intact
  - ENT examination: Mild nasal turbinate hypertrophy, no significant sinus tenderness

- **Investigation/Test results:** Awaiting CT scan of the sinuses results"|Rejected|Rejected|Rejected|Rejected||
HEADACHE, UNSPECIFIED|"ROLE: Neurologist

**Scenario Variables:**

- **Medical Outcome:** 
  - Diagnosis: Headache, unspecified
  - Prescribed treatment:
    - Topiramate 25 mg tablets, take one tablet orally twice daily, titrate up to 50 mg twice daily over 4 weeks.
    - Naproxen 500 mg tablets, take one tablet orally every 12 hours as needed for pain, maximum 1000 mg per day.
  - Follow-up recommendations: Follow-up in 8 weeks to monitor the effectiveness of the preventive medication and address any potential side effects.
  - Referral to specialists: Referral to a physical therapist (Dr. Alan Mitchell) for evaluation and treatment of possible contributing factors related to posture.
  - Blood Work: Complete blood count (CBC) and Thyroid Function Tests (TFTs) to rule out underlying systemic issues.

- **Medical History:** 
  - Previous Diagnoses: Anxiety disorder (diagnosed 5 years ago)
  - Family Medical History: Sister has a history of tension-type headaches, Father had coronary artery disease
  - Medication History: Currently taking Sertraline 50 mg daily for anxiety
  - Allergies: Ibuprofen
  - Chronic Conditions: Anxiety disorder

- **Symptom Description:**
  - Severity: Moderate to severe
  - Duration: 4 months
  - Associated Symptoms: Neck stiffness, occasional blurry vision
  - Frequency: Daily
  - Impact on Daily Activities: Difficulty concentrating at work, reduced social interactions

- **Patient’s self-reported habits and lifestyle:**
  - Sleep: Irregular sleep pattern, difficulty falling asleep, 4-5 hours per night
  - Diet: High intake of fast food, irregular meal times
  - Exercise: Rarely exercises, sedentary lifestyle
  - Tobacco Use: Smokes 1 pack per day
  - Alcohol Consumption: Drinks alcohol occasionally, about twice a month
  - Drug Use: None
  - Recreational Activities: Enjoys video gaming and social media

- **Demographic Information:** 
  - Age: 28
  - Gender: Female
  - Ethnicity: Hispanic
  - Socio-economic Status: Lower middle class
  - Education Level: High school diploma
  - Health Literacy: Moderate
  - Job Status: Call center representative, part-time employment

- **Patient's Behavior:** Generally cooperative but expresses frustration and anxiety over recurring headache episodes

- **Geographical Location:** 
  - Rural
  - Pollution and Environmental Health Risks: Low levels of pollution
  - Neighborhood Type: Economically disadvantaged area, limited access to healthcare facilities

- **Clinical Setting:** Community Health Services

- **Type of Encounter:** Initial Consultation

- **Treatment Disparities:** Potential concern over the patient's ability to afford medication and follow-up appointments

- **Native or Non-Native English Speaking Patient:** Non-Native English Speaking (Spanish primary language)

- **Physical exams:**
  - Neurological examination: No focal deficits, slight tenderness over cervical paraspinal muscles
  - Dermatologic examination: NA

- **Investigation/Test results:** Awaiting results for Complete Blood Count (CBC) and Thyroid Function Tests (TFTs)"|Rejected|Rejected|Rejected|Rejected||
HEADACHE, UNSPECIFIED|"ROLE: Neurologist

Demographic Information:
- Age: 45
- Gender: Female
- Ethnicity: Caucasian
- Socio-economic Status: Middle class
- Education Level: College graduate
- Health Literacy: Moderate
- Job Status: Accountant

Clinical Setting:
- Specialty Clinic

Type of Encounter:
- Initial Consultation

Medical History:
- Previous Diagnoses: Hypertension
- Family Medical History: Mother with migraines
- Medication History: Lisinopril 20 mg daily for hypertension
- Allergies: None
- Chronic Conditions: Hypertension

Symptom Description:
- Severity: Moderate to severe
- Duration: 3 months
- Associated Symptoms: Sensitivity to light and sound, nausea
- Frequency: 3-4 times per week
- Impact on Daily Activities: Difficulty concentrating at work, often has to lie down in a dark room

Patient’s Self-reported Habits and Lifestyle:
- Sleep: 6 hours per night, disrupted by headaches
- Diet: Regular, balanced diet
- Exercise: 2 times a week, light jogging
- Tobacco Use: None
- Alcohol Consumption: Occasionally, 1-2 glasses of wine per week
- Drug Use: None
- Recreational Activities: Reading, watching television

Patient's Behavior:
- Cooperation: Highly cooperative with medical advice

Geographical Location:
- Big City
- Urban
- Affluent Neighborhood
- Well-served by Transit

Medical Outcome:
- Diagnosis: Headache, unspecified (ICD-10 R51)
- Prescribed Treatment: Sumatriptan 50 mg, oral, to be taken as needed at the onset of headache; maximum 100 mg per day
- Follow-up Recommendations: Follow-up in 4 weeks to evaluate treatment efficacy
- Referral to Specialists: Referral to Ophthalmologist, Dr. Susan Murphy, for further evaluation to rule out vision issues contributing to headache
- Referral for Further Tests: MRI of the brain to rule out any underlying abnormalities 

Physical Exams:
- Neurological Exam: NA

Investigation/Test Results:
- Awaiting MRI of the Brain"|Rejected|Rejected|Rejected|Rejected||
HEADACHE, UNSPECIFIED|"ROLE: Neurologist

Demographic Information:
- Age: 32
- Gender: Male
- Ethnicity: Hispanic
- Socio-economic Status: Low income
- Education Level: High School graduate
- Health Literacy: Low
- Job Status: Construction worker

Clinical Setting:
- Hospital

Type of Encounter:
- Emergency Visit

Medical History:
- Previous Diagnoses: Chronic sinusitis
- Family Medical History: Father with cluster headaches
- Medication History: Occasional use of over-the-counter nasal decongestants
- Allergies: Penicillin
- Chronic Conditions: NA

Symptom Description:
- Severity: Severe, described as a ""10/10"" pain
- Duration: 2 weeks, worsening over the past 3 days
- Associated Symptoms: Blurred vision, dizziness, vomiting
- Frequency: Daily
- Impact on Daily Activities: Unable to perform job duties, frequent absences from work

Patient’s Self-reported Habits and Lifestyle:
- Sleep: 4-5 hours per night, significantly disrupted by pain
- Diet: Irregular meals due to work schedule, high in processed foods
- Exercise: None, due to physical demands of job
- Tobacco Use: Smoking 1 pack per day for the past 10 years
- Alcohol Consumption: Moderate, 2-3 beers on weekends
- Drug Use: None
- Recreational Activities: None

Patient's Behavior:
- Cooperation: Appears anxious and concerned; willing to follow medical advice

Geographical Location:
- Small City
- Urban
- Impoverished neighborhood
- Limited access to healthcare facilities

Medical Outcome:
- Diagnosis: Headache, unspecified (ICD-10 R51)
- Prescribed Treatment: Naproxen 500 mg oral, twice daily for pain management. Patient advised to avoid tobacco and alcohol until follow-up.
- Follow-up Recommendations: Follow-up in 1 week at the nearest community health clinic to evaluate response to treatment.
- Referral to Specialists: Referral to ENT specialist, Dr. John Smith, to rule out any sinus-related complications.
- Referral for Further Tests: CT scan of the head to rule out any acute intracranial pathology.

Physical Exams:
- Neurological Exam: Performed, revealed no focal neurological deficits.
- Cranial Nerve Exam: Mild tenderness over frontal sinuses, normal findings otherwise.

Investigation/Test Results:
- Awaiting CT scan of the head results

Treatment Disparities:
- Financial constraints limit access to immediate specialist care and advanced imaging.

Native or Non-Native English Speaking Patient:
- Non-native English speaker, requires translation services for better communication during medical visits."|Rejected|Rejected|Rejected|Rejected||
HEADACHE, UNSPECIFIED|"ROLE: Neurologist

Demographic Information:
- Age: 38
- Gender: Female
- Ethnicity: African American
- Socio-economic Status: Middle class
- Education Level: College graduate
- Health Literacy: High
- Job Status: High school teacher

Clinical Setting:
- Private Practice

Type of Encounter:
- Follow-up

Medical History:
- Previous Diagnoses: Migraine with aura, hypothyroidism
- Family Medical History: Sister with epilepsy
- Medication History: Levothyroxine 50 mcg daily, Ibuprofen for migraines as needed
- Allergies: Ibuprofen (developed rash after use)
- Chronic Conditions: Migraine with aura, hypothyroidism

Symptom Description:
- Severity: Severe, described as ""8/10"" pain
- Duration: 6 months, worsening in the past month
- Associated Symptoms: Visual disturbances, nausea, photophobia, phonophobia
- Frequency: 2-3 times per week
- Impact on Daily Activities: Misses work 1-2 days per week, struggles with classroom management due to pain 

Patient’s Self-reported Habits and Lifestyle:
- Sleep: 7-8 hours per night, disrupted by migraine attacks
- Diet: Balanced diet, avoids known migraine triggers like caffeine and chocolate
- Exercise: Regular yoga sessions 3 times a week
- Tobacco Use: None
- Alcohol Consumption: Rarely, 1-2 glasses of wine per month
- Drug Use: None
- Recreational Activities: Enjoys reading and gardening

Patient's Behavior:
- Cooperation: Fully compliant with medical advice, keeps a detailed headache diary

Geographical Location:
- Big City
- Urban
- Affluent neighborhood
- Well-served by transit

Medical Outcome:
- Diagnosis: Headache, unspecified (ICD-10 R51)
- Prescribed Treatment: Introduction of topiramate 25 mg oral, once daily for migraine prophylaxis; to be titrated up based on tolerance and efficacy. 
- Follow-up Recommendations: Follow-up in 3 weeks to evaluate treatment efficacy and side effects.
- Referral to Specialists: Referral to Endocrinologist, Dr. Emily Henry, for assessment of hypothyroidism management.
- Referral for Further Tests: MRI of the brain to rule out any structural abnormalities contributing to headaches. 

Physical Exams:
- Neurological Exam: Full neurological examination performed, no focal deficits noted.
- Ophthalmological Exam: Normal fundoscopic exam.

Investigations/Test Results:
- Awaiting MRI of the brain results

Treatment Disparities:
- Non-existent, patient has good insurance coverage and access to care.

Native or Non-Native English Speaking Patient:
- Native English speaker"|Rejected|Rejected|Rejected|Rejected||
