Disease Description|Scenario|Note|Polished Note|Abbreviated Note|Role|dial|polished_dial
PAIN IN LEFT WRIST|"ROLE: Orthopedic Specialist

** Medical Outcome: **
- Diagnosis: Pain in left wrist (ICD-10: M25.532 - Pain in left wrist)
- Prescribed Treatment: Rest, ice application for 20 minutes every 2 hours, and wrist support.
- Follow-up Recommendations: Follow-up in 2 weeks to assess progress.
- Referral to Specialists: Referral to physical therapy for wrist rehabilitation. Name: Sarah Thompson, PT.
- Blood Work: NA
- Imaging: Ordered an MRI of the left wrist to rule out ligament or tendon injury. 
- Medication Adjustment: Prescribed Ibuprofen 400 mg, oral, 1 tablet every 6 hours as needed for pain, with a maximum of 6 tablets per day for 7 days.

** Medical History: **
- Previous Diagnoses: No previous wrist-related issues.
- Family Medical History: Father diagnosed with osteoarthritis.
- Medication History: No current medications.
- Allergies: None reported.
- Chronic Conditions: None.

** Symptom Description: **
- Severity: Moderate to severe pain.
- Duration: Pain started 3 days ago.
- Associated Symptoms: Swelling and tenderness around the wrist.
- Frequency: Constant pain, worsens with movement.
- Impact on Daily Activities: Difficulty with activities that require wrist movements like lifting, typing, and driving.

** Patient’s Self-Reported Habits and Lifestyle: **
- Sleep: Sleeps 7-8 hours per night, recently disturbed due to wrist pain.
- Diet: Balanced diet.
- Exercise: Regular exercise 3 times a week, currently limited due to pain.
- Tobacco Use: Non-smoker.
- Alcohol Consumption: Occasionally drinks socially.
- Drug Use: None.
- Recreational Activities: Enjoys playing tennis and gardening.

** Demographic Information: **
- Age: 35
- Gender: Female
- Ethnicity: Caucasian
- Socio-economic Status: Middle-class
- Education Level: College graduate
- Health Literacy: Good understanding of health issues and medical instructions.
- Job Status: Office worker

** Patient's Behavior: **
- The level of patient's cooperation with medical advice: Highly cooperative and motivated to recover quickly.

** Geographical Location: **
- Big City vs Small City: Resides in a medium-sized city.
- Rural vs Urban: Urban area
- Pollution and Environmental Health Risks: Low pollution.
- Neighborhood Type: Affluent
- Well-served by Transit: Yes
- Food Desert: No

** Clinical Setting: **
- Private Practice

** Type of Encounter: **
- Initial Consultation

** Treatment Disparities: **
- None observed. Patient has good access to healthcare and resources.

** Native or Non-Native English Speaking Patient: **
- Native English-speaking

** Physical Exams: **
- Inspection: Swelling and erythema noted over the left wrist.
- Palpation: Tenderness over the dorsum of the wrist and decreased range of motion.
- Range of Motion: Painful and limited extension and flexion.
- Special Tests: Positive Finkelstein's test indicative of possible De Quervain's tenosynovitis.

** Investigation/Test results: **
- Awaiting MRI of the left wrist."|"#####
**1. Subjective:**
   **Chief Complaint (CC):**
   Pain in the left wrist.

   **History of Present Illness (HPI):**
   Jane Doe, a 35-year-old female office worker, presents to the clinic today with complaints of moderate to severe pain in her left wrist. The pain started 3 days ago and is constant, worsening with movement. She describes swelling and tenderness around the wrist, and it has significantly impacted her daily activities, making tasks like lifting, typing, and driving difficult. She denies any trauma or injury to the wrist before the onset of pain.

   **Review of Systems (ROS):**
   - **Musculoskeletal:** Reports left wrist pain, swelling, and decreased range of motion.
   - **General:** No fever, chills, or weight loss.
   - **Neurological:** Denies numbness or tingling in the hand or fingers.
   - **Psychiatric:** Reports good emotional health, some disturbance in sleep due to pain.

**2. Objective:**
   **Vitals:**
   - Blood Pressure: 120/80 mmHg
   - Heart Rate: 72 bpm
   - Respiratory Rate: 16 bpm
   - Temperature: 98.6°F
   - Oxygen Saturation: 99% on room air

   **Physical Exam:**
   - **Inspection:** Noted swelling and erythema over the dorsum of the left wrist.
   - **Palpation:** Tenderness over the dorsum of the wrist; no evident deformities.
   - **Range of Motion:** Painful and limited extension and flexion.
   - **Special Tests:** Positive Finkelstein's test indicating possible De Quervain's tenosynovitis.

   **Imaging:**
   - Ordered an MRI of the left wrist to rule out ligament or tendon injury.

**3. Assessment:**
   - **Primary Diagnosis:** Pain in left wrist (ICD-10: M25.532)
   - **Differential Diagnosis:**
     - De Quervain's tenosynovitis
     - Wrist strain/sprain
     - Early signs of osteoarthritis

**4. Plan:**
   - **Treatment:** 
     - Rest: Advising the patient to avoid activities that exacerbate the pain.
     - Ice application: Apply ice packs to the wrist for 20 minutes every 2 hours.
     - Wrist support: Recommending the use of a wrist brace to immobilize the wrist.
     - Medication: Prescribed Ibuprofen 400 mg, oral, 1 tablet every 6 hours as needed for pain, with a maximum of 6 tablets per day for 7 days.
     
   - **Follow-up:** Scheduled a follow-up consultation in 2 weeks to assess progress.
   
   - **Referral:** Referred to Physical Therapy for wrist rehabilitation. The patient is to see Sarah Thompson, PT.
   
   - **Imaging:** Awaiting results from the MRI to rule out any underlying ligament or tendon injuries.

   - **Patient Education:** Explained the importance of rest and adherence to the treatment plan. Discussed potential outcomes and reassured the patient about the non-serious nature of the condition at this time but emphasized the importance of follow-up to monitor progress.

   - **Lifestyle Advice:** Advised Jane Doe to modify her exercise routine to avoid strain on the wrist and to stop playing tennis until further notice. Encouraged maintaining a balanced diet and adequate hydration.

   - **Additional Notes:** Patient is highly cooperative and motivated to recover quickly. No barriers to adherence to the treatment plan were identified.
#####
"|"#####
**1. Subjective:**
   **Chief Complaint (CC):**
   Pain in the left wrist.

   **History of Present Illness (HPI):**
   Jane Doe, a 35-year-old female office worker, presents to the clinic today with complaints of moderate to severe pain in her left wrist. The pain started 3 days ago and is constant, worsening with movement. She describes swelling and tenderness around the wrist, and it has significantly impacted her daily activities, making tasks like lifting, typing, and driving difficult. She denies any trauma or injury to the wrist before the onset of pain.

   **Review of Systems (ROS):**
   - **Musculoskeletal:** Reports left wrist pain, swelling, and decreased range of motion.
   - **General:** No fever, chills, or weight loss.
   - **Neurological:** Denies numbness or tingling in the hand or fingers.
   - **Psychiatric:** Reports good emotional health, some disturbance in sleep due to pain.

**2. Objective:**
   **Vitals:**
   - Blood Pressure: 120/80 mmHg
   - Heart Rate: 72 bpm
   - Respiratory Rate: 16 bpm
   - Temperature: 98.6°F
   - Oxygen Saturation: 99% on room air

   **Physical Exam:**
   - **Inspection:** Noted swelling and erythema over the dorsum of the left wrist.
   - **Palpation:** Tenderness over the dorsum of the wrist; no evident deformities.
   - **Range of Motion:** Painful and limited extension and flexion.
   - **Special Tests:** Positive Finkelstein's test indicating possible De Quervain's tenosynovitis.

**3. Assessment:**
   - **Primary Diagnosis:** Pain in left wrist (ICD-10: M25.532)
   - **Differential Diagnosis:**
     - De Quervain's tenosynovitis
     - Wrist strain/sprain
     - Early signs of osteoarthritis

**4. Plan:**
   - **Treatment:** 
     - Rest: Advising the patient to avoid activities that exacerbate the pain.
     - Ice application: Apply ice packs to the wrist for 20 minutes every 2 hours.
     - Wrist support: Recommending the use of a wrist brace to immobilize the wrist.
     - Medication: Prescribed Ibuprofen 400 mg, oral, 1 tablet every 6 hours as needed for pain, with a maximum of 6 tablets per day for 7 days.
     
   - **Follow-up:** Scheduled a follow-up consultation in 2 weeks to assess progress.
   
   - **Referral:** Referred to Physical Therapy for wrist rehabilitation. The patient is to see Sarah Thompson, PT.
   
   - **Imaging:** Ordered an MRI of the left wrist to rule out ligament or tendon injury.

   - **Patient Education:** Explained the importance of rest and adherence to the treatment plan. Discussed potential outcomes and reassured the patient about the non-serious nature of the condition at this time but emphasized the importance of follow-up to monitor progress.

   - **Lifestyle Advice:** Advised Jane Doe to modify her exercise routine to avoid strain on the wrist and to stop playing tennis until further notice. Encouraged maintaining a balanced diet and adequate hydration.

   - **Additional Notes:** Patient is highly cooperative and motivated to recover quickly. No barriers to adherence to the treatment plan were identified.
#####"|"#####
**1. Subjective:**
   **CC:**
   Pain in the left wrist.

   **HPI:**
   Jane Doe, a 35 y/o F office worker, presents to the clinic today with c/o moderate to severe pain in her L wrist. The pain started 3 days ago and is constant, worsening with movement. She describes swelling and tenderness around the wrist, and it has significantly impacted her ADLs, making tasks like lifting, typing, and driving difficult. She denies any trauma or injury to the wrist before the onset of pain.

   **ROS:**
   - **MSK:** Reports L wrist pain, swelling, and decreased ROM.
   - **General:** No fever, chills, or weight loss.
   - **Neuro:** Denies numbness or tingling in the hand or fingers.
   - **Psych:** Reports good emotional health, some disturbance in sleep due to pain.

**2. Objective:**
   **Vitals:**
   - BP: 120/80 mmHg
   - HR: 72 bpm
   - RR: 16 bpm
   - Temp: 98.6°F
   - SpO2: 99% on RA

   **PE:**
   - **Inspection:** Noted swelling and erythema over the dorsum of the L wrist.
   - **Palpation:** Tenderness over the dorsum of the wrist; no evident deformities.
   - **ROM:** Painful and limited extension and flexion.
   - **Special Tests:** Positive Finkelstein's test indicating possible De Quervain's tenosynovitis.

**3. Assessment:**
   - **Primary Dx:** Pain in L wrist (ICD-10: M25.532)
   - **DDx:**
     - De Quervain's tenosynovitis
     - Wrist strain/sprain
     - Early signs of OA

**4. Plan:**
   - **Tx:** 
     - Rest: Advising the patient to avoid activities that exacerbate the pain.
     - Ice: Apply ice packs to the wrist for 20 mins every 2 hrs.
     - Wrist support: Recommending the use of a wrist brace to immobilize the wrist.
     - Meds: Rx Ibuprofen 400 mg PO, 1 tab q6h PRN for pain, max 6 tabs/day for 7 days.
     
   - **F/U:** Scheduled a follow-up consultation in 2 weeks to assess progress.
   
   - **Referral:** Referred to PT for wrist rehab. The patient is to see Sarah Thompson, PT.
   
   - **Imaging:** Ordered an MRI of the L wrist to r/o ligament or tendon injury.

   - **Pt Ed:** Explained the importance of rest and adherence to the tx plan. Discussed potential outcomes and reassured the patient about the non-serious nature of the condition at this time but emphasized the importance of F/U to monitor progress.

   - **Lifestyle Advice:** Advised Jane Doe to modify her exercise routine to avoid strain on the wrist and to stop playing tennis until further notice. Encouraged maintaining a balanced diet and adequate hydration.

   - **Additional Notes:** Patient is highly cooperative and motivated to recover quickly. No barriers to adherence to the tx plan were identified.
#####"|Orthopedic Specialist|"[Doctor] Good morning! How are you doing today?

[Patient] Good morning, doctor. I've been better, to be honest. I'm here because I've been having some pretty bad pain in my left wrist.

[Doctor] I see. Can you tell me more about this wrist pain? When did it start?

[Patient] It started about three days ago. It's been constant since then, and it gets worse with movement. It's really affecting my daily activities.

[Doctor] Hmm, that's concerning. Can you describe the pain for me? Is it sharp, dull, throbbing?

[Patient] It's mostly a sharp pain, especially when I try to move it. The wrist is also swollen and tender.

[Doctor] And you mentioned it's affecting your daily activities. Can you give me some examples?

[Patient] Yes, things like lifting, typing, and even driving have become really difficult.

[Doctor] I understand. Have you experienced any trauma or injury to the wrist before the pain started?

[Patient] No, nothing like that. It just started out of nowhere.

[Doctor] Hmm, interesting. Let's go through a quick review of your systems. Have you had any fever, chills, or weight loss recently?

[Patient] No, none of those.

[Doctor] How about any numbness or tingling in your hand or fingers?

[Patient] No, there's no numbness or tingling.

[Doctor] And how have you been feeling emotionally? Any disturbances in sleep due to the pain?

[Patient] Emotionally, I’m fine, but the pain has been keeping me up at night.

[Doctor] Okay, thanks for sharing all that. Let's move on to your physical exam. I'll start by taking your vitals.

[Patient] Sure.

[Doctor] Alright, your blood pressure is 120/80 mmHg, heart rate is 72 beats per minute, respiratory rate is 16 breaths per minute, temperature is 98.6°F, and your oxygen saturation is 99% on room air. All your vitals are within normal limits.

[Patient] That's good to hear.

[Doctor] Now, let me take a closer look at your wrist. I see some swelling and erythema over the dorsum of your left wrist. Let me palpate it. Does this hurt?

[Patient] Ouch, yes, it does.

[Doctor] I figured. There's tenderness over the dorsum of your wrist, but no evident deformities. Let's check your range of motion. Can you try extending and flexing your wrist for me?

[Patient] It's really painful and limited when I try to do that.

[Doctor] Understood. I'm going to perform a special test called the Finkelstein's test. It might be uncomfortable, but it will help us narrow down the diagnosis.

[Patient] Okay, I'm ready.

[Doctor] I'll need you to make a fist with your thumb inside your fingers and then I'll gently move your wrist down. Does this cause pain?

[Patient] Yes, it does. That really hurts.

[Doctor] Hmm, that's a positive Finkelstein's test, which indicates it could be De Quervain's tenosynovitis. But we'll need further imaging to be sure. I'm going to order an MRI of your left wrist to rule out any ligament or tendon injury.

[Patient] Alright, doctor.

[Doctor] For now, let's discuss the treatment plan. You'll need to rest your wrist and avoid activities that worsen the pain.

[Patient] Okay, I can do that.

[Doctor] Apply ice packs to your wrist for 20 minutes every 2 hours to help with the swelling.

[Patient] Got it, 20 minutes every 2 hours.

[Doctor] I'll also recommend using a wrist brace to immobilize your wrist. It will provide support and help with the healing process.

[Patient] I’ll get a wrist brace today.

[Doctor] Great. For pain management, I'm prescribing Ibuprofen 400 mg. Take one tablet every 6 hours as needed, but no more than 6 tablets in a day, for the next 7 days.

[Patient] Okay, I’ll make sure to follow that.

[Doctor] I’ve also scheduled a follow-up consultation in 2 weeks to assess your progress.

[Patient] Two weeks from now, noted.

[Doctor] I'm referring you to Physical Therapy for wrist rehabilitation. You'll be seeing Sarah Thompson, PT.

[Patient] Thank you. I’ll make an appointment with her.

[Doctor] We’re also awaiting the MRI results to rule out any underlying ligament or tendon injuries.

[Patient] Understood. I'll wait for the results.

[Doctor] It’s important to rest and adhere to the treatment plan. The condition doesn't seem serious at the moment, but follow-up is crucial to monitor your progress.

[Patient] I’ll make sure to follow everything you’ve said.

[Doctor] Also, modify your exercise routine to avoid strain on the wrist. Stop playing tennis until further notice. Maintain a balanced diet and stay hydrated.

[Patient] I’ll definitely make those changes.

[Doctor] Excellent. You seem very motivated, which is great. Do you have any questions or concerns?

[Patient] No, not at this time. Thanks for all the information.

[Doctor] You're welcome. I’ll see you in two weeks. Take care and follow the plan closely.

[Patient] Thank you, doctor. I'll do that. Bye!

[Doctor] Goodbye! Take care."|"[Doctor] Good morning! How are you doing today?

[Patient] Good morning, doctor. I've been better, to be honest. I'm here because I've been having some pretty bad pain in my left wrist.

[Doctor] I see. Can you tell me more about this wrist pain? When did it start?

[Patient] It started about three days ago. It's been constant since then, and it gets worse with movement. It's really affecting my daily activities.

[Doctor] Hmm, that's concerning. Can you describe the pain for me? Is it sharp, dull, throbbing?

[Patient] It's mostly a sharp pain, especially when I try to move it. The wrist is also swollen and tender.

[Doctor] And you mentioned it's affecting your daily activities. Can you give me some examples?

[Patient] Yes, things like lifting, typing, and even driving have become really difficult.

[Doctor] I understand. Have you experienced any trauma or injury to the wrist before the pain started?

[Patient] No, nothing like that. It just started out of nowhere.

[Doctor] Hmm, interesting. Let's go through a quick review of your systems. Have you had any fever, chills, or weight loss recently?

[Patient] No, none of those.

[Doctor] How about any numbness or tingling in your hand or fingers?

[Patient] No, there's no numbness or tingling.

[Doctor] And how have you been feeling emotionally? Any disturbances in sleep due to the pain?

[Patient] Emotionally, I’m fine, but the pain has been keeping me up at night.

[Doctor] Okay, thanks for sharing all that. Let's move on to your physical exam. I'll start by taking your vitals.

[Patient] Sure.

[Doctor] Alright, your blood pressure is 120/80 mmHg, heart rate is 72 beats per minute, respiratory rate is 16 breaths per minute, temperature is 98.6°F, and your oxygen saturation is 99% on room air. All your vitals are within normal limits.

[Patient] That's good to hear.

[Doctor] Now, let me take a closer look at your wrist. I see some swelling and erythema over the dorsum of your left wrist. Let me palpate it. Does this hurt?

[Patient] Ouch, yes, it does.

[Doctor] I figured. There's tenderness over the dorsum of your wrist, but no evident deformities. Let's check your range of motion. Can you try extending and flexing your wrist for me?

[Patient] It's really painful and limited when I try to do that.

[Doctor] Understood. I'm going to perform a special test called the Finkelstein's test. It might be uncomfortable, but it will help us narrow down the diagnosis.

[Patient] Okay, I'm ready.

[Doctor] I'll need you to make a fist with your thumb inside your fingers and then I'll gently move your wrist down. Does this cause pain?

[Patient] Yes, it does. That really hurts.

[Doctor] Hmm, that's a positive Finkelstein's test, which indicates it could be De Quervain's tenosynovitis. But we'll need further imaging to be sure. I'm going to order an MRI of your left wrist to rule out any ligament or tendon injury.

[Patient] Alright, doctor.

[Doctor] For now, let's discuss the treatment plan. You'll need to rest your wrist and avoid activities that worsen the pain.

[Patient] Okay, I can do that.

[Doctor] Apply ice packs to your wrist for 20 minutes every 2 hours to help with the swelling.

[Patient] Got it, 20 minutes every 2 hours.

[Doctor] I'll also recommend using a wrist brace to immobilize your wrist. It will provide support and help with the healing process.

[Patient] I’ll get a wrist brace today.

[Doctor] Great. For pain management, I'm prescribing Ibuprofen 400 mg. Take one tablet every 6 hours as needed, but no more than 6 tablets in a day, for the next 7 days.

[Patient] Okay, I’ll make sure to follow that.

[Doctor] I’ve also scheduled a follow-up consultation in 2 weeks to assess your progress.

[Patient] Two weeks from now, noted.

[Doctor] I'm referring you to Physical Therapy for wrist rehabilitation. You'll be seeing Sarah Thompson, PT.

[Patient] Thank you. I’ll make an appointment with her.

[Doctor] We’re also awaiting the MRI results to rule out any underlying ligament or tendon injuries.

[Patient] Understood. I'll wait for the results.

[Doctor] It’s important to rest and adhere to the treatment plan. The condition doesn't seem serious at the moment, but follow-up is crucial to monitor your progress.

[Patient] I’ll make sure to follow everything you’ve said.

[Doctor] Also, modify your exercise routine to avoid strain on the wrist. Stop playing tennis until further notice. Maintain a balanced diet and stay hydrated.

[Patient] I’ll definitely make those changes.

[Doctor] Excellent. You seem very motivated, which is great. Do you have any questions or concerns?

[Patient] No, not at this time. Thanks for all the information.

[Doctor] You're welcome. I’ll see you in two weeks. Take care and follow the plan closely.

[Patient] Thank you, doctor. I'll do that. Bye!

[Doctor] Goodbye! Take care."
PAIN IN LEFT WRIST|"ROLE: General Physician

** 1) Medical Outcome: **
- Diagnosis: Left wrist sprain (S63.501A - Unspecified sprain of left wrist, initial encounter)
- Prescribed treatment: 
  - Rest, Ice, Compression, Elevation (RICE protocol)
- Medication: 
  - Naproxen 250 mg, oral, twice daily with food, Quantity: 30 tablets
- Follow-up recommendation: Follow-up in 1 week
- Referral to specialist: Orthopedic Specialist for further evaluation if no improvement
- Imaging: X-ray of the left wrist to rule out facture (if not done previously)

** 2) Medical History: **
- Previous Diagnoses: History of carpal tunnel syndrome treated with physical therapy 
- Allergies: Penicillin
- Chronic Conditions: Hypertension

** 3) Symptom Description: **
- Severity: Moderate pain
- Duration: 2 days
- Associated Symptoms: Mild swelling, stiffness, mild decrease in range of motion
- Frequency: Constant pain, worsened by movements
- Impact on Daily Activities: Difficulty typing and holding objects

** 4) Patient’s self-reported habits and lifestyle: **
- Sleep: Poor quality sleep due to pain
- Diet: Vegetarian diet
- Exercise: Occasionally takes brisk walks
- Tobacco Use: None
- Alcohol Consumption: None
- Drug Use: None
- Recreational Activities: Enjoys knitting and playing piano

** 5) Demographic Information: **
- Age: 60
- Gender: Male
- Ethnicity: Asian
- Socio-economic Status: Upper-middle class
- Education Level: Master's degree
- Health Literacy: High
- Job Status: Retired Engineer

** 6) Patient's Behavior: **
- Cooperative but slightly anxious about the outcome

** 7) Geographical Location: **
- Small City: Resides in a suburban area with low pollution

** 8) Clinical Setting: **
- Encounter: Community Health Clinic

** 9) Type of Encounter: **
- Initial Consultation

** 10) Treatment Disparities: **
- Concerns about cost of follow-up tests due to fixed retirement income

** 11) Native or Non-Native English-Speaking Patient: **
- Native English speaker

** 12) Physical Exams: **
- Inspection of wrist reveals mild swelling and erythema
- Palpation elicits tenderness over the dorsal aspect
- Wrist range of motion is slightly limited, primarily in flexion
- No obvious deformities

** 13) Investigation/Test results: **
- X-ray of the left wrist (if not done previously) to rule out fracture"|"#####
**1. Subjective:**

**Chief Complaint (CC):**
- Moderate pain in the left wrist.

**History of Present Illness (HPI):**
- The patient is a 60-year-old Asian male with a history of hypertension and carpal tunnel syndrome, presenting with moderate pain in the left wrist. The pain started 2 days ago and is associated with mild swelling, stiffness, and a mild decrease in the range of motion. The pain is constant and worsens with movements, significantly impacting daily activities such as typing and holding objects. The patient reports difficulty sleeping due to the pain.

**Review of Systems (ROS):**
- **Musculoskeletal:** Reports moderate pain, mild swelling, stiffness, and decreased range of motion in the left wrist.
- **General:** Denies fever or chills.
- **Neurological:** Denies numbness or tingling in the affected area.
- **Cardiovascular:** Denies chest pain or palpitations.
- **Gastrointestinal:** No changes in bowel habits or abdominal pain.
- **Genitourinary:** No urinary symptoms.

**2. Objective:**

**Vital Signs:**
- Blood Pressure: 135/85 mmHg
- Heart Rate: 78 bpm
- Respiratory Rate: 16 breaths per minute
- Temperature: 98.6°F
- Oxygen Saturation: 98% on room air

**Physical Examination:**
- **General:** Patient appears slightly anxious but cooperative.
- **Wrist Examination:**
  - **Inspection:** Mild swelling and erythema noted over the left wrist.
  - **Palpation:** Tenderness upon palpation over the dorsal aspect of the wrist.
  - **Range of Motion:** Slightly limited, primarily in flexion.
  - **Neurological:** No obvious deformities. No sensory deficits detected.

**3. Assessment:**

- **Left wrist sprain** (S63.501A - Unspecified sprain of left wrist, initial encounter).
  - **Medical Reasoning:** Based on the patient's history, physical examination, and symptoms of moderate pain, swelling, and reduced range of motion. An X-ray will be ordered to rule out any fracture.
- **Carpal tunnel syndrome history.**
  - No current symptoms reported.
- **Hypertension.**
  - Well-managed with current medications.

**4. Plan:**

- **Medical Treatment:**
  - Prescribe Naproxen 250 mg, oral, twice daily with food. Quantity: 30 tablets.
- **RICE Protocol:**
  - Advise rest, ice application, compression, and elevation of the left wrist.
- **Imaging:**
  - Order an X-ray of the left wrist to rule out any fracture.
- **Follow-Up:**
  - Schedule a follow-up appointment in 1 week to assess the progress.
- **Referral:**
  - Refer to an Orthopedic Specialist for further evaluation if there is no improvement or if imaging reveals complications.
- **Patient Education and Counseling:**
  - Educate the patient on the importance of adhering to the RICE protocol and using Naproxen as prescribed.
  - Discuss concerns regarding the cost of follow-up tests and explore potential options for financial assistance or alternative community resources to manage costs.

**Patient Agreements:**
- The patient understands and agrees with the recommended medical treatment plan. 

**Instructions:**
- The patient is encouraged to contact the clinic if symptoms worsen or if there are any concerns before the follow-up appointment. 
- Emphasize the importance of following the treatment plan to prevent further injury and to facilitate healing."|"#####
**1. Subjective:**

**Chief Complaint (CC):**
- Moderate pain in the left wrist.

**History of Present Illness (HPI):**
- The patient, Mr. Kenji Tanaka, is a 60-year-old Asian male with a history of hypertension and carpal tunnel syndrome, presenting with moderate pain in the left wrist. The pain started 2 days ago and is associated with mild swelling, stiffness, and a mild decrease in the range of motion. The pain is constant and worsens with movements, significantly impacting daily activities such as typing and holding objects. The patient reports difficulty sleeping due to the pain.

**Review of Systems (ROS):**
- **Musculoskeletal:** Reports moderate pain, mild swelling, stiffness, and decreased range of motion in the left wrist.
- **General:** Denies fever or chills.
- **Neurological:** Denies numbness or tingling in the affected area.
- **Cardiovascular:** Denies chest pain or palpitations.
- **Gastrointestinal:** No changes in bowel habits or abdominal pain.
- **Genitourinary:** No urinary symptoms.

**2. Objective:**

**Vital Signs:**
- Blood Pressure: 135/85 mmHg
- Heart Rate: 78 bpm
- Respiratory Rate: 16 breaths per minute
- Temperature: 98.6°F
- Oxygen Saturation: 98% on room air

**Physical Examination:**
- **General:** Patient appears slightly anxious but cooperative.
- **Wrist Examination:**
  - **Inspection:** Mild swelling and erythema noted over the left wrist.
  - **Palpation:** Tenderness upon palpation over the dorsal aspect of the wrist.
  - **Range of Motion:** Slightly limited, primarily in flexion.
  - **Neurological:** No obvious deformities. No sensory deficits detected.

**3. Assessment:**

- **Left wrist sprain** (S63.501A - Unspecified sprain of left wrist, initial encounter).
  - **Medical Reasoning:** Based on the patient's history, physical examination, and symptoms of moderate pain, swelling, and reduced range of motion. An X-ray will be ordered to rule out any fracture.
- **Carpal tunnel syndrome history.**
  - No current symptoms reported.
- **Hypertension.**
  - Well-managed with current medications.

**4. Plan:**

- **Medical Treatment:**
  - Prescribe Naproxen 250 mg, oral, twice daily with food. Quantity: 30 tablets.
- **RICE Protocol:**
  - Advise rest, ice application, compression, and elevation of the left wrist.
- **Imaging:**
  - Order an X-ray of the left wrist to rule out any fracture.
- **Follow-Up:**
  - Schedule a follow-up appointment in 1 week to assess the progress.
- **Referral:**
  - Refer to Dr. Emily Carter, Orthopedic Specialist, for further evaluation if there is no improvement or if imaging reveals complications.
- **Patient Education and Counseling:**
  - Educate the patient on the importance of adhering to the RICE protocol and using Naproxen as prescribed.
  - Discuss concerns regarding the cost of follow-up tests and explore potential options for financial assistance or alternative community resources to manage costs.

**Patient Agreements:**
- The patient understands and agrees with the recommended medical treatment plan. 

**Instructions:**
- The patient is encouraged to contact the clinic if symptoms worsen or if there are any concerns before the follow-up appointment. 
- Emphasize the importance of following the treatment plan to prevent further injury and to facilitate healing."|"#####
**1. Subjective:**

**CC:**
- Moderate pain in the left wrist.

**HPI:**
- The pt, Mr. Kenji Tanaka, is a 60 y/o Asian male with a hx of HTN and CTS, presenting with moderate pain in the left wrist. The pain started 2 days ago and is associated with mild swelling, stiffness, and a mild decrease in ROM. The pain is constant and worsens with movements, significantly impacting ADLs such as typing and holding objects. The pt reports difficulty sleeping due to the pain.

**ROS:**
- **MSK:** Reports moderate pain, mild swelling, stiffness, and decreased ROM in the left wrist.
- **General:** Denies fever or chills.
- **Neuro:** Denies numbness or tingling in the affected area.
- **CV:** Denies chest pain or palpitations.
- **GI:** No changes in bowel habits or abdominal pain.
- **GU:** No urinary symptoms.

**2. Objective:**

**VS:**
- BP: 135/85 mmHg
- HR: 78 bpm
- RR: 16 bpm
- Temp: 98.6°F
- SpO2: 98% on RA

**PE:**
- **General:** Pt appears slightly anxious but cooperative.
- **Wrist Exam:**
  - **Inspection:** Mild swelling and erythema noted over the left wrist.
  - **Palpation:** Tenderness upon palpation over the dorsal aspect of the wrist.
  - **ROM:** Slightly limited, primarily in flexion.
  - **Neuro:** No obvious deformities. No sensory deficits detected.

**3. Assessment:**

- **Left wrist sprain** (S63.501A - Unspecified sprain of left wrist, initial encounter).
  - **Medical Reasoning:** Based on the pt's hx, PE, and symptoms of moderate pain, swelling, and reduced ROM. An X-ray will be ordered to r/o any fracture.
- **CTS hx.**
  - No current symptoms reported.
- **HTN.**
  - Well-managed with current meds.

**4. Plan:**

- **Medical Tx:**
  - Rx Naproxen 250 mg PO BID with food. Qty: 30 tabs.
- **RICE Protocol:**
  - Advise rest, ice application, compression, and elevation of the left wrist.
- **Imaging:**
  - Order an X-ray of the left wrist to r/o any fracture.
- **Follow-Up:**
  - Schedule a f/u appt in 1 week to assess progress.
- **Referral:**
  - Refer to Dr. Emily Carter, Ortho Specialist, for further eval if no improvement or if imaging reveals complications.
- **Pt Education and Counseling:**
  - Educate the pt on the importance of adhering to the RICE protocol and using Naproxen as prescribed.
  - Discuss concerns regarding the cost of f/u tests and explore potential options for financial assistance or alternative community resources to manage costs.

**Pt Agreements:**
- The pt understands and agrees with the recommended medical tx plan. 

**Instructions:**
- The pt is encouraged to contact the clinic if symptoms worsen or if there are any concerns before the f/u appt. 
- Emphasize the importance of following the tx plan to prevent further injury and to facilitate healing."|General Physician|"**Dialogues:**

**Doctor:** Good morning, how are you today?

**Patient:** Good morning, Doctor. I'm okay, but I've been having some trouble with my left wrist.

**Doctor:** I see. Can you tell me more about the pain in your wrist?

**Patient:** Sure. The pain started about 2 days ago. It's moderate and constant. It gets worse with movements, and it's making it hard to do everyday things like typing and holding objects.

**Doctor:** Hmm, that sounds quite uncomfortable. Is there any swelling or stiffness?

**Patient:** Yes, there's some mild swelling and stiffness. It's also a bit hard to move it.

**Doctor:** Alright. How about sleeping? Has the pain affected your sleep?

**Patient:** Yes, it's been difficult to sleep because of the pain.

**Doctor:** I understand. Can you tell me if you've experienced any numbness or tingling in your wrist or hand?

**Patient:** No, no numbness or tingling.

**Doctor:** How about any fever or chills?

**Patient:** No, I haven't had any fever or chills.

**Doctor:** Okay, let's go through some other systems. Any chest pain or palpitations?

**Patient:** No, none of that.

**Doctor:** Any changes in your bowel habits or abdominal pain?

**Patient:** No changes there.

**Doctor:** And any urinary symptoms?

**Patient:** No, everything's normal in that area.

**Doctor:** Good to know. Now, do you have your medical history records with you?

**Patient:** Yes, I do. Here they are.

**Doctor:** Thank you. Based on your medical history, I see that you have hypertension and a history of carpal tunnel syndrome. Is that correct?

**Patient:** Yes, that's right.

**Doctor:** How is your hypertension being managed? Are you on any medications?

**Patient:** Yes, I'm on medication for it, and it's well-managed.

**Doctor:** Great. And your carpal tunnel syndrome – are you experiencing any symptoms from that now?

**Patient:** No, I haven't had any issues with it recently.

**Doctor:** Okay, let's check your vital signs now. Your blood pressure is 135/85 mmHg, heart rate is 78 beats per minute, respiratory rate is 16 breaths per minute, temperature is 98.6°F, and oxygen saturation is 98% on room air. Everything looks stable.

**Patient:** That's good to hear.

**Doctor:** Now, I'll take a look at your wrist. Please show me your left wrist.

**Patient:** Here it is.

**Doctor:** Alright, I see some mild swelling and erythema over the wrist. I'm going to palpate it now. Let me know if you feel any tenderness.

**Patient:** Ouch, yes, that hurts.

**Doctor:** I see. The tenderness is on the dorsal aspect of the wrist. Let's check your range of motion. Can you try to flex your wrist for me?

**Patient:** It's a bit difficult, but I'll try. (Attempts to flex wrist)

**Doctor:** I notice that your range of motion is slightly limited, primarily in flexion. Do you feel any pain while doing this?

**Patient:** Yes, it hurts.

**Doctor:** Alright. There's no obvious deformity, and I don't detect any sensory deficits. Based on my examination and your symptoms, it seems like you have a left wrist sprain. We'll need to confirm this with an X-ray to rule out any fractures.

**Patient:** Okay, that makes sense.

**Doctor:** For now, I'll prescribe Naproxen 250 mg, to be taken orally twice daily with food. This should help with the pain and inflammation. I'll give you a quantity of 30 tablets.

**Patient:** Thank you. What else should I do?

**Doctor:** Follow the RICE protocol: Rest your wrist, apply Ice to reduce swelling, use Compression with a bandage, and Elevate it. 

**Patient:** Got it. Anything else?

**Doctor:** Yes, we'll order an X-ray of your left wrist to ensure there's no fracture. Also, we'll schedule a follow-up appointment in 1 week to see how you're doing.

**Patient:** Okay, sounds good.

**Doctor:** If there's no improvement or if the imaging shows any complications, I'll refer you to an Orthopedic Specialist for further evaluation.

**Patient:** Alright.

**Doctor:** Now, let's talk about some patient education and counseling. It's important to adhere to the RICE protocol and take the Naproxen as prescribed. Do you have any concerns about the cost of follow-up tests?

**Patient:** Yes, I'm a bit worried about that.

**Doctor:** We can explore potential options for financial assistance or alternative community resources to help manage those costs. 

**Patient:** That would be helpful, thank you.

**Doctor:** You're welcome. The patient understands and agrees with the recommended medical treatment plan. If your symptoms worsen or if you have any concerns before the follow-up appointment, please contact the clinic right away.

**Patient:** I will.

**Doctor:** Emphasize the importance of following the treatment plan to prevent further injury and to facilitate healing. Do you have any other questions?

**Patient:** No, I think that's everything.

**Doctor:** Alright, take care, and I'll see you in a week.

**Patient:** Thank you, Doctor."|"[doctor]: Good morning, how are you today?

[patient]: Good morning, Doctor. I'm okay, but I've been having some trouble with my left wrist.

[doctor]: I see. Can you tell me more about the pain in your wrist?

[patient]: Sure. The pain started about 2 days ago. It's moderate and constant. It gets worse with movements, and it's making it hard to do everyday things like typing and holding objects.

[doctor]: Hmm, that sounds quite uncomfortable. Is there any swelling or stiffness?

[patient]: Yes, there's some mild swelling and stiffness. It's also a bit hard to move it.

[doctor]: Alright. How about sleeping? Has the pain affected your sleep?

[patient]: Yes, it's been difficult to sleep because of the pain.

[doctor]: I understand. Can you tell me if you've experienced any numbness or tingling in your wrist or hand?

[patient]: No, no numbness or tingling.

[doctor]: How about any fever or chills?

[patient]: No, I haven't had any fever or chills.

[doctor]: Okay, let's go through some other systems. Any chest pain or palpitations?

[patient]: No, none of that.

[doctor]: Any changes in your bowel habits or abdominal pain?

[patient]: No changes there.

[doctor]: And any urinary symptoms?

[patient]: No, everything's normal in that area.

[doctor]: Good to know. Now, do you have your medical history records with you?

[patient]: Yes, I do. Here they are.

[doctor]: Thank you. Based on your medical history, I see that you have hypertension and a history of carpal tunnel syndrome. Is that correct?

[patient]: Yes, that's right.

[doctor]: How is your hypertension being managed? Are you on any medications?

[patient]: Yes, I'm on medication for it, and it's well-managed.

[doctor]: Great. And your carpal tunnel syndrome – are you experiencing any symptoms from that now?

[patient]: No, I haven't had any issues with it recently.

[doctor]: Okay, let's check your vital signs now. Your blood pressure is 135/85 mmHg, heart rate is 78 beats per minute, respiratory rate is 16 breaths per minute, temperature is 98.6°F, and oxygen saturation is 98% on room air. Everything looks stable.

[patient]: That's good to hear.

[doctor]: Now, I'll take a look at your wrist. Please show me your left wrist.

[patient]: Here it is.

[doctor]: Alright, I see some mild swelling and erythema over the wrist. I'm going to palpate it now. Let me know if you feel any tenderness.

[patient]: Ouch, yes, that hurts.

[doctor]: I see. The tenderness is on the dorsal aspect of the wrist. Let's check your range of motion. Can you try to flex your wrist for me?

[patient]: It's a bit difficult, but I'll try. (Attempts to flex wrist)

[doctor]: I notice that your range of motion is slightly limited, primarily in flexion. Do you feel any pain while doing this?

[patient]: Yes, it hurts.

[doctor]: Alright. There's no obvious deformity, and I don't detect any sensory deficits. Based on my examination and your symptoms, it seems like you have a left wrist sprain. We'll need to confirm this with an X-ray to rule out any fractures.

[patient]: Okay, that makes sense.

[doctor]: For now, I'll prescribe Naproxen 250 mg, to be taken orally twice daily with food. This should help with the pain and inflammation. I'll give you a quantity of 30 tablets.

[patient]: Thank you. What else should I do?

[doctor]: Follow the RICE protocol: Rest your wrist, apply Ice to reduce swelling, use Compression with a bandage, and Elevate it.

[patient]: Got it. Anything else?

[doctor]: Yes, we'll order an X-ray of your left wrist to ensure there's no fracture. Also, we'll schedule a follow-up appointment in 1 week to see how you're doing.

[patient]: Okay, sounds good.

[doctor]: If there's no improvement or if the imaging shows any complications, I'll refer you to an Orthopedic Specialist for further evaluation.

[patient]: Alright.

[doctor]: Now, let's talk about some patient education and counseling. It's important to adhere to the RICE protocol and take the Naproxen as prescribed. Do you have any concerns about the cost of follow-up tests?

[patient]: Yes, I'm a bit worried about that.

[doctor]: We can explore potential options for financial assistance or alternative community resources to help manage those costs.

[patient]: That would be helpful, thank you.

[doctor]: You're welcome. If your symptoms worsen or if you have any concerns before the follow-up appointment, please contact the clinic right away.

[patient]: I will.

[doctor]: Emphasize the importance of following the treatment plan to prevent further injury and to facilitate healing. Do you have any other questions?

[patient]: No, I think that's everything.

[doctor]: Alright, take care, and I'll see you in a week.

[patient]: Thank you, Doctor."
PAIN IN LEFT WRIST|"ROLE: Dermatologist

- Medical Outcome: Diagnosis: Psoriasis. Prescribed treatment: Topical corticosteroid Betamethasone 0.05%, apply to affected areas twice daily for 4 weeks. Follow-up recommendation: Follow-up in 1 month to evaluate response to treatment. Referral to further tests: NA.

- Medical History: Previous Diagnoses: Asthma in childhood. Family Medical History: Mother has psoriasis. Medication History: Uses antihistamines for allergies. Allergies: Allergic to pollen. Chronic Conditions: Seasonal allergies.

- Symptom Description: Severity: Moderate itching and scaling. Duration: 6 months. Associated Symptoms: Red patches with silvery scales, primarily on elbows, knees, and scalp. Frequency: Persistent, with periodic flare-ups. Impact on Daily Activities: Interferes with sleep and causes discomfort during daily activities.

- Patient’s self-reported habits and lifestyle: Sleep: 5-6 hours per night due to itching. Diet: Regular balanced diet. Exercise: Occasional jogging. Tobacco Use: None. Alcohol Consumption: Socially. Drug Use: None. Recreational Activities: Enjoys yoga and reading.

- Demographic Information: Age: 45. Gender: Male. Ethnicity: African American. Socio-economic Status: Upper middle class. Education Level: PhD. Health Literacy: High. Job Status: University Professor.

- Patient's Behavior: Motivated and adherent to treatment recommendations.

- Geographical Location: Suburban area. Pollution and Environmental Health Risks: Low pollution. Neighborhood Type: Affluent, well-served by public transit.

- Clinical Setting: Dermatology Specialty Clinic.

- Type of Encounter: Initial Consultation.

- Treatment Disparities: None noted.

- Native or Non-Native English Speaking Patient: Native English Speaking Patient.

- Physical exams: Erythematous plaques with silvery scales on extensor surfaces of elbows and knees, some scaling on the scalp. No signs of secondary infection.

- Investigation/Test results: NA."|"**Medical Note:**

**1. Subjective:**

**CC:**
Moderate itching and scaling.

**HPI:**
Mr. Johnson is a 45-year-old African American male presenting for an initial consultation regarding moderate itching and scaling that has been persistent for the past 6 months. He reports red patches with silvery scales primarily on his elbows, knees, and scalp. These symptoms are interfering with his sleep (5-6 hours per night due to itching) and causing discomfort during daily activities. He has no history of tobacco or drug use and drinks alcohol socially. His diet is balanced, and he exercises occasionally through jogging and enjoys activities like yoga and reading.

**ROS:**
- Skin: Red patches with silvery scales, primarily on elbows, knees, and scalp.
- Sleep: Disturbed due to itching.
- Respiratory: History of asthma in childhood, no current symptoms.

**Family History:**
- Mother has psoriasis.

**Past Medical History:**
- Asthma in childhood.
- Seasonal allergies, managed with antihistamines.

**Allergies:**
- Allergic to pollen.

**2. Objective:**

**Physical Examination:**
- Skin: Erythematous plaques with silvery scales on the extensor surfaces of the elbows and knees, and some scaling observed on the scalp. No signs of secondary infection noted.
  
**Vital Signs:**
- Blood Pressure: 124/78 mmHg
- Heart Rate: 72 beats per minute
- Respiratory Rate: 16 breaths per minute
- Temperature: 98.6°F (37°C)

**Test Results:**
- Not applicable.

**3. Assessment:**
- Diagnosis: Psoriasis

**4. Plan:**
- **Medication:** Prescribed topical corticosteroid Betamethasone 0.05%, to be applied to the affected areas twice daily for 4 weeks.
- **Follow-up:** Recommend follow-up in 1 month to evaluate the response to treatment.
- **Patient Education:** Discussed the chronic nature of psoriasis and the importance of adhering to the treatment regimen. Advised on potential triggers and emphasized good skin care practices.
- **Lifestyle Modifications:** Encouraged to maintain a balanced diet and regular exercise, and to continue activities that help manage stress, such as yoga.
- **Referral to Further Tests:** None necessary at this time. 

The patient is motivated and appears adherent to treatment recommendations. The clinical setting is a dermatology specialty clinic, and Mr. Johnson is a native English-speaking patient from an affluent suburban area with low pollution and good public transit access. No treatment disparities were noted."|"**1. Subjective:**

**CC:**
Moderate itching and scaling.

**HPI:**
Mr. Johnson is a 45-year-old African American male presenting for an initial consultation regarding moderate itching and scaling that has been persistent for the past 6 months. He reports red patches with silvery scales primarily on his elbows, knees, and scalp. These symptoms are interfering with his sleep (5-6 hours per night due to itching) and causing discomfort during daily activities. He has no history of tobacco or drug use and drinks alcohol socially. His diet is balanced, and he exercises occasionally through jogging and enjoys activities like yoga and reading.

**ROS:**
- Skin: Red patches with silvery scales, primarily on elbows, knees, and scalp.
- Sleep: Disturbed due to itching.
- Respiratory: History of asthma in childhood, no current symptoms.

**Family History:**
- Mother has psoriasis.

**Past Medical History:**
- Asthma in childhood.
- Seasonal allergies, managed with antihistamines.

**Allergies:**
- Allergic to pollen.

**2. Objective:**

**Physical Examination:**
- Skin: Erythematous plaques with silvery scales on the extensor surfaces of the elbows and knees, and some scaling observed on the scalp. No signs of secondary infection noted.
  
**Vital Signs:**
- Blood Pressure: 124/78 mmHg
- Heart Rate: 72 beats per minute
- Respiratory Rate: 16 breaths per minute
- Temperature: 98.6°F (37°C)

**Test Results:**
- Not applicable.

**3. Assessment:**
- Diagnosis: Psoriasis

**4. Plan:**
- **Medication:** Prescribed topical corticosteroid Betamethasone 0.05%, to be applied to the affected areas twice daily for 4 weeks.
- **Follow-up:** Recommend follow-up in 1 month to evaluate the response to treatment.
- **Patient Education:** Discussed the chronic nature of psoriasis and the importance of adhering to the treatment regimen. Advised on potential triggers and emphasized good skin care practices.
- **Lifestyle Modifications:** Encouraged to maintain a balanced diet and regular exercise, and to continue activities that help manage stress, such as yoga.
- **Referral to Further Tests:** None necessary at this time."|"**1. Subjective:**

**CC:**
Mod itching and scaling.

**HPI:**
Mr. Johnson is a 45 y/o AA male presenting for an initial consult regarding mod itching and scaling persistent for the past 6 mos. Reports red patches with silvery scales primarily on elbows, knees, and scalp. Symptoms interfere with sleep (5-6 hrs/night due to itching) and cause discomfort during daily activities. No hx of tobacco or drug use; drinks EtOH socially. Diet is balanced, and he exercises occasionally through jogging and enjoys activities like yoga and reading.

**ROS:**
- Skin: Red patches with silvery scales, primarily on elbows, knees, and scalp.
- Sleep: Disturbed due to itching.
- Resp: Hx of asthma in childhood, no current sx.

**FHx:**
- Mother has psoriasis.

**PMHx:**
- Asthma in childhood.
- Seasonal allergies, managed with antihistamines.

**Allergies:**
- Allergic to pollen.

**2. Objective:**

**PE:**
- Skin: Erythematous plaques with silvery scales on extensor surfaces of elbows and knees, and some scaling observed on scalp. No signs of 2° infection noted.
  
**VS:**
- BP: 124/78 mmHg
- HR: 72 bpm
- RR: 16 bpm
- Temp: 98.6°F (37°C)

**Test Results:**
- N/A

**3. Assessment:**
- Dx: Psoriasis

**4. Plan:**
- **Meds:** Rx topical corticosteroid Betamethasone 0.05%, apply to affected areas BID for 4 wks.
- **F/U:** Recommend F/U in 1 mo to eval response to tx.
- **Pt Ed:** Discussed chronic nature of psoriasis and importance of adhering to tx regimen. Advised on potential triggers and emphasized good skin care practices.
- **Lifestyle Mods:** Encouraged to maintain balanced diet and regular exercise, and to continue activities that help manage stress, such as yoga.
- **Referral to Further Tests:** None necessary at this time."|Dermatologist|"**Conversation:**

**[doctor]** Hi Mr. Johnson, how are you doing today?

**[patient]** Hello, doctor. I'm doing alright, thank you. I'm here because I've been having some issues with itching and scaling on my skin.

**[doctor]** Okay, I see. Can you tell me a bit more about your symptoms?

**[patient]** Sure. I've been experiencing moderate itching and scaling for the past six months. The red patches with silvery scales are mostly on my elbows, knees, and scalp.

**[doctor]** That sounds uncomfortable. How has this been affecting your daily life?

**[patient]** It's been quite bothersome. It's interfering with my sleep—I get only about 5-6 hours a night because of the itching. It's also causing discomfort during my daily activities.

**[doctor]** I can imagine. Have you tried any treatments or remedies so far?

**[patient]** I've tried some over-the-counter creams, but they haven’t really helped much. 

**[doctor]** Alright. Do you have any history of tobacco or drug use?

**[patient]** No, I don't use tobacco or drugs.

**[doctor]** How about alcohol?

**[patient]** I drink alcohol socially, but not excessively.

**[doctor]** Understood. Can you tell me about your diet and exercise habits?

**[patient]** My diet is pretty balanced. I exercise occasionally through jogging and I also enjoy activities like yoga and reading.

**[doctor]** That’s good to hear. Have you noticed any other symptoms besides the itching and scaling?

**[patient]** No, not really. Just the red patches with silvery scales.

**[doctor]** Okay. Do you have any history of respiratory issues?

**[patient]** I had asthma during childhood, but I don't have any current symptoms.

**[doctor]** How about allergies?

**[patient]** I'm allergic to pollen.

**[doctor]** Got it. Does anyone in your family have a history of skin conditions?

**[patient]** Yes, my mother has psoriasis.

**[doctor]** Thank you for sharing that. It’s helpful information. Now, I’ll perform a physical examination to take a closer look at your skin.

**[patient]** Alright.

**[doctor]** When I examine your skin, I can see erythematous plaques with silvery scales on the extensor surfaces of your elbows and knees. I also see some scaling on your scalp. There are no signs of secondary infection.

**[patient]** Okay.

**[doctor]** Let me check your vital signs. Your blood pressure is 124/78 mmHg, heart rate is 72 beats per minute, respiratory rate is 16 breaths per minute, and your temperature is 98.6°F (37°C). 

**[patient]** Alright.

**[doctor]** Based on your symptoms and examination, it looks like you have psoriasis.

**[patient]** Psoriasis? What does that mean for me?

**[doctor]** Psoriasis is a chronic skin condition characterized by red patches with silvery scales. It can be persistent, but it’s manageable with the right treatment and lifestyle adjustments.

**[patient]** I see. What kind of treatment do you recommend?

**[doctor]** I’m going to prescribe a topical corticosteroid called Betamethasone 0.05%. You should apply it to the affected areas twice daily for the next four weeks.

**[patient]** Alright, I can do that.

**[doctor]** I’d also like you to come back for a follow-up in one month so we can evaluate your response to the treatment. 

**[patient]** Okay, I’ll make sure to do that.

**[doctor]** It’s important to adhere to the treatment regimen. Psoriasis can be triggered by various factors, so we’ll discuss potential triggers and good skin care practices.

**[patient]** What kind of triggers should I watch out for?

**[doctor]** Triggers can vary from person to person but often include stress, skin injuries, and infections. Maintaining a balanced diet and regular exercise can help manage stress, which is one of the triggers.

**[patient]** I’ll make sure to keep that in mind.

**[doctor]** Great. Continue with activities like yoga that help you manage stress. It’s beneficial for your overall health.

**[patient]** Yes, yoga has been very helpful for me.

**[doctor]** That’s excellent. Based on your history and examination, I don’t think further tests are necessary at this time. 

**[patient]** Alright, that’s good to know.

**[doctor]** Do you have any questions or concerns about the treatment plan?

**[patient]** No, I think I understand everything. I just hope this treatment works.

**[doctor]** I believe it will help, but it’s important to be patient and consistent with the treatment. If you have any issues or if your symptoms worsen, please don’t hesitate to contact us.

**[patient]** I will, thank you.

**[doctor]** You’re welcome, Mr. Johnson. We’ll see you in a month for the follow-up. Take care.

**[patient]** Thank you, doctor. I appreciate your help.

**[doctor]** My pleasure. Have a good day.

**[patient]** You too. Goodbye.

**[doctor]** Goodbye."|"[doctor]: Hi Mr. Johnson, how are you doing today?

[patient]: Hello, doctor. I'm doing alright, thank you. I'm here because I've been having some issues with itching and scaling on my skin.

[doctor]: Hmm, okay. Can you tell me a bit more about your symptoms?

[patient]: Sure. I've been experiencing moderate itching and scaling for the past six months. The red patches with silvery scales are mostly on my elbows, knees, and scalp.

[doctor]: That sounds quite uncomfortable. How has this been affecting your daily life?

[patient]: It's been pretty bothersome. It's interfering with my sleep—I get only about 5-6 hours a night because of the itching. It's also causing discomfort during my daily activities.

[doctor]: I can imagine, that must be tough. Have you tried any treatments or remedies so far?

[patient]: I've tried some over-the-counter creams, but they haven’t really helped much.

[doctor]: Alright. Do you have any history of tobacco or drug use?

[patient]: No, I don't use tobacco or drugs.

[doctor]: How about alcohol?

[patient]: I drink alcohol socially, but not excessively.

[doctor]: Got it. Can you tell me about your diet and exercise habits?

[patient]: My diet is pretty balanced. I exercise occasionally through jogging and I also enjoy activities like yoga and reading.

[doctor]: That’s good to hear. Have you noticed any other symptoms besides the itching and scaling?

[patient]: No, not really. Just the red patches with silvery scales.

[doctor]: Okay. Do you have any history of respiratory issues?

[patient]: I had asthma during childhood, but I don't have any current symptoms.

[doctor]: How about allergies?

[patient]: I'm allergic to pollen.

[doctor]: Got it. Does anyone in your family have a history of skin conditions?

[patient]: Yes, my mother has psoriasis.

[doctor]: Thank you for sharing that. It’s helpful information. Now, I’ll perform a physical examination to take a closer look at your skin.

[patient]: Alright.

[doctor]: When I examine your skin, I can see erythematous plaques with silvery scales on the extensor surfaces of your elbows and knees. I also see some scaling on your scalp. There are no signs of secondary infection.

[patient]: Okay.

[doctor]: Let me check your vital signs. Your blood pressure is 124/78 mmHg, heart rate is 72 beats per minute, respiratory rate is 16 breaths per minute, and your temperature is 98.6°F (37°C).

[patient]: Alright.

[doctor]: Based on your symptoms and examination, it looks like you have psoriasis.

[patient]: Psoriasis? What does that mean for me?

[doctor]: Psoriasis is a chronic skin condition characterized by red patches with silvery scales. It can be persistent, but it’s manageable with the right treatment and lifestyle adjustments.

[patient]: I see. What kind of treatment do you recommend?

[doctor]: I’m going to prescribe a topical corticosteroid called Betamethasone 0.05%. You should apply it to the affected areas twice daily for the next four weeks.

[patient]: Alright, I can do that.

[doctor]: I’d also like you to come back for a follow-up in one month so we can evaluate your response to the treatment.

[patient]: Okay, I’ll make sure to do that.

[doctor]: It’s important to adhere to the treatment regimen. Psoriasis can be triggered by various factors, so we’ll discuss potential triggers and good skin care practices.

[patient]: What kind of triggers should I watch out for?

[doctor]: Triggers can vary from person to person but often include stress, skin injuries, and infections. Maintaining a balanced diet and regular exercise can help manage stress, which is one of the triggers.

[patient]: I’ll make sure to keep that in mind.

[doctor]: Great. Continue with activities like yoga that help you manage stress. It’s beneficial for your overall health.

[patient]: Yes, yoga has been very helpful for me.

[doctor]: That’s excellent. Based on your history and examination, I don’t think further tests are necessary at this time.

[patient]: Alright, that’s good to know.

[doctor]: Do you have any questions or concerns about the treatment plan?

[patient]: No, I think I understand everything. I just hope this treatment works.

[doctor]: I believe it will help, but it’s important to be patient and consistent with the treatment. If you have any issues or if your symptoms worsen, please don’t hesitate to contact us.

[patient]: I will, thank you.

[doctor]: You’re welcome, Mr. Johnson. We’ll see you in a month for the follow-up. Take care.

[patient]: Thank you, doctor. I appreciate your help.

[doctor]: My pleasure. Have a good day.

[patient]: You too. Goodbye.

[doctor]: Goodbye."
PAIN IN LEFT WRIST|"ROLE: Orthopedic Surgeon

**Medical Outcome:**
- Diagnosis: Pain in left wrist (ICD-10: M25.532)
- Prescribed Treatment: Wrist brace, NSAIDs
  - Medication: Ibuprofen 400 mg, oral, 1 tablet, every 6 hours, as needed for pain, 20 tablets
- Follow-up Recommendations: Return visit in 2 weeks for re-evaluation
- Imaging: X-ray of the left wrist to rule out fracture

**Medical History:**
- Previous Diagnoses: Past wrist sprain 2 years ago
- Family Medical History: Father has osteoarthritis
- Medication History: No regular medications
- Allergies: None reported
- Chronic Conditions: None

**Symptom Description:**
- Severity: 5 out of 10 pain
- Duration: 1 week
- Associated Symptoms: Swelling, limited range of motion, mild bruising
- Frequency: Constant discomfort, with sharp pain during movement
- Impact on Daily Activities: Difficulty typing, limited ability to lift objects

**Patient’s Self-Reported Habits and Lifestyle:**
- Sleep: 7-8 hours per night
- Diet: Balanced diet with regular meals
- Exercise: Runs 3x per week, recent increase in push-up exercises
- Tobacco Use: None
- Alcohol Consumption: Moderate, weekends only
- Drug Use: None
- Recreational Activities: Plays tennis recreationally

**Demographic Information:**
- Age: 28
- Gender: Male
- Ethnicity: Caucasian
- Socio-economic Status: Middle class
- Education Level: Bachelor's degree
- Health Literacy: Good
- Job Status: Office worker

**Patient's Behavior:**
- Level of cooperation: Fully cooperative; adheres to medical advice

**Geographical Location:**
- Urban
- Neighborhood: Well-served by transit, access to multiple healthcare facilities

**Clinical Setting:**
- Specialty Clinic

**Type of Encounter:**
- Initial Consultation

**Treatment Disparities:**
- NA

**Native or Non-Native English Speaking Patient:**
- Native English speaker

**Physical Exams:**
- Inspection: Swelling and mild bruising observed on left wrist
- Palpation: Tenderness over the distal radius and ulna
- Range of Motion: Restricted and painful on flexion and extension
- Neurological: Sensation intact, normal grip strength

**Investigation/Test results:**
- Awaiting X-ray of the left wrist (to be performed to rule out fracture)

---

The provided scenario includes a detailed orthopaedic consultation for a patient presenting with left wrist pain, covering all relevant aspects comprehensively."|"#####
**1. Subjective:** 

**Chief Complaint (CC):**
Pain in left wrist.

**History of Present Illness (HPI):**
The patient is a 28-year-old Caucasian male presenting with pain in his left wrist, which he rates as 5 out of 10 in severity. The pain has been persistent for the past week and is associated with swelling, limited range of motion, and mild bruising. The discomfort is constant, with sharp pain experienced during movement. He reports difficulty typing and a limited ability to lift objects. The patient has no chronic conditions and takes no regular medications.

**Review of Systems (ROS):**
- **Musculoskeletal:** Pain, swelling, limited range of motion, mild bruising in the left wrist. No other joint pain.
- **Neurological:** No numbness or tingling; normal grip strength.
- **General:** No fever, chills, or weight loss.

**2. Objective:**

**Vitals:**
- Blood Pressure: 122/78 mmHg
- Heart Rate: 72 bpm
- Respiratory Rate: 16 breaths/min
- Temperature: 98.6°F

**Physical Examination:**
- **Inspection:** Swelling and mild bruising observed on the left wrist.
- **Palpation:** Tenderness over the distal radius and ulna.
- **Range of Motion:** Restricted and painful on flexion and extension.
- **Neurological:** Sensation intact, normal grip strength.

**Test Results:**
- Awaiting X-ray of the left wrist to rule out fracture.

**3. Assessment:**
- Pain in left wrist (ICD-10: M25.532), rule out fracture. The patient's history of a past wrist sprain and recent increase in push-up exercises may contribute to the current presentation.

**4. Plan:**
- **Imaging:** X-ray of the left wrist to rule out fracture.
- **Medications:** Prescribed Ibuprofen 400 mg, oral, 1 tablet, every 6 hours as needed for pain, 20 tablets.
- **Orthopedic Support:** Wrist brace to be worn continuously.
- **Activity Modification:** Limit activities that exacerbate pain, such as typing and lifting heavy objects. Recommend avoiding push-ups and tennis until re-evaluation.
- **Follow-Up:** Return visit in 2 weeks for re-evaluation and to review X-ray results.
- **Patient Education:** Instructed the patient on the use of the wrist brace and NSAIDs. Advised on RICE (Rest, Ice, Compression, Elevation) therapy for swelling and pain management.
#####
"|"#####
**1. Subjective:**

**Chief Complaint (CC):**
Pain in left wrist.

**History of Present Illness (HPI):**
The patient, John Smith, is a 28-year-old Caucasian male presenting with pain in his left wrist, which he rates as 5 out of 10 in severity. The pain has been persistent for the past week and is associated with swelling, limited range of motion, and mild bruising. The discomfort is constant, with sharp pain experienced during movement. He reports difficulty typing and a limited ability to lift objects. The patient has no chronic conditions and takes no regular medications.

**Review of Systems (ROS):**
- **Musculoskeletal:** Pain, swelling, limited range of motion, mild bruising in the left wrist. No other joint pain.
- **Neurological:** No numbness or tingling; normal grip strength.
- **General:** No fever, chills, or weight loss.

**2. Objective:**

**Vitals:**
- Blood Pressure: 122/78 mmHg
- Heart Rate: 72 bpm
- Respiratory Rate: 16 breaths/min
- Temperature: 98.6°F

**Physical Examination:**
- **Inspection:** Swelling and mild bruising observed on the left wrist.
- **Palpation:** Tenderness over the distal radius and ulna.
- **Range of Motion:** Restricted and painful on flexion and extension.
- **Neurological:** Sensation intact, normal grip strength.

**3. Assessment:**
- Pain in left wrist (ICD-10: M25.532), rule out fracture. The patient's history of a past wrist sprain and recent increase in push-up exercises may contribute to the current presentation.

**4. Plan:**
- **Imaging:** X-ray of the left wrist to rule out fracture.
- **Medications:** Prescribed Ibuprofen 400 mg, oral, 1 tablet, every 6 hours as needed for pain, 20 tablets.
- **Orthopedic Support:** Wrist brace to be worn continuously.
- **Activity Modification:** Limit activities that exacerbate pain, such as typing and lifting heavy objects. Recommend avoiding push-ups and tennis until re-evaluation.
- **Follow-Up:** Return visit in 2 weeks for re-evaluation and to review X-ray results.
- **Patient Education:** Instructed the patient on the use of the wrist brace and NSAIDs. Advised on RICE (Rest, Ice, Compression, Elevation) therapy for swelling and pain management.
#####"|"#####
**1. Subjective:**

**CC:**
Pain in L wrist.

**HPI:**
The pt, John Smith, is a 28 y/o Caucasian M presenting with pain in his L wrist, rated as 5/10 in severity. The pain has been persistent for the past week and is associated with swelling, limited ROM, and mild ecchymosis. The discomfort is constant, with sharp pain during movement. He reports difficulty typing and a limited ability to lift objects. The pt has no chronic conditions and takes no regular meds.

**ROS:**
- **MSK:** Pain, swelling, limited ROM, mild ecchymosis in the L wrist. No other joint pain.
- **Neuro:** No numbness or tingling; normal grip strength.
- **Gen:** No fever, chills, or weight loss.

**2. Objective:**

**Vitals:**
- BP: 122/78 mmHg
- HR: 72 bpm
- RR: 16 breaths/min
- Temp: 98.6°F

**PE:**
- **Inspection:** Swelling and mild ecchymosis observed on the L wrist.
- **Palpation:** Tenderness over the distal radius and ulna.
- **ROM:** Restricted and painful on flexion and extension.
- **Neuro:** Sensation intact, normal grip strength.

**3. Assessment:**
- Pain in L wrist (ICD-10: M25.532), r/o fx. The pt's hx of a past wrist sprain and recent increase in push-up exercises may contribute to the current presentation.

**4. Plan:**
- **Imaging:** X-ray of the L wrist to r/o fx.
- **Meds:** Rx Ibuprofen 400 mg PO Q6H PRN pain, 20 tabs.
- **Ortho Support:** Wrist brace to be worn continuously.
- **Activity Mod:** Limit activities that exacerbate pain, such as typing and lifting heavy objects. Recommend avoiding push-ups and tennis until re-eval.
- **F/U:** Return visit in 2 weeks for re-eval and to review X-ray results.
- **Pt Ed:** Instructed the pt on the use of the wrist brace and NSAIDs. Advised on RICE (Rest, Ice, Compression, Elevation) therapy for swelling and pain mgmt.
#####"|Orthopedic Surgeon|"[doctor] Hi there, how are you doing today?

[patient] Hey, I've been better. I've been having some pain in my left wrist for about a week now.

[doctor] Oh, I'm sorry to hear that. Can you describe the pain for me?

[patient] It's a constant pain, around a 5 out of 10 on the pain scale. It gets really sharp when I move my wrist.

[doctor] Okay, and you mentioned it's been going on for a week. Is there any swelling or bruising?

[patient] Yes, there's some swelling and a bit of bruising too.

[doctor] Alright. How about the range of motion? Can you move your wrist normally?

[patient] No, it's pretty limited. It hurts a lot when I try to flex or extend it.

[doctor] Got it. Have you had any trouble with typing or lifting objects?

[patient] Yes, typing has been really difficult, and I can't lift anything heavy without pain.

[doctor] Okay, that sounds quite uncomfortable. Do you have any other joint pain?

[patient] No, it's just my left wrist.

[doctor] Alright. Any numbness or tingling in your hand or fingers?

[patient] No, no numbness or tingling. My grip strength seems normal too.

[doctor] That's good to hear. Have you experienced any fever, chills, or weight loss recently?

[patient] No, none of those.

[doctor] Alright. Do you have any chronic conditions or take any regular medications?

[patient] No, I don't have any chronic conditions and I don't take any regular medications.

[doctor] Okay, let me take your vitals and do a quick physical examination. Your blood pressure is 122/78 mmHg, heart rate is 72 bpm, respiratory rate is 16 breaths per minute, and your temperature is 98.6°F. Everything looks normal there.

[patient] Okay, that's good to know.

[doctor] Now, I'm going to inspect your wrist. I can see some swelling and mild bruising. Let me palpate the area. Does it hurt here over the distal radius and ulna?

[patient] Yes, it's quite tender there.

[doctor] Alright, let's check your range of motion. Please try to flex and extend your wrist. I see that it's restricted and painful. How about your sensation and grip strength? They seem normal, correct?

[patient] Yes, sensation is intact and my grip strength feels normal.

[doctor] Okay, I think we should get an X-ray of your left wrist to rule out any fractures. Have you had a wrist injury or increased any specific physical activities recently?

[patient] I had a wrist sprain a few years ago, but recently, I've started doing more push-ups and playing tennis.

[doctor] That could be contributing to your current symptoms. For now, I'm going to prescribe you Ibuprofen 400 mg to take every 6 hours as needed for pain. I'll also recommend wearing a wrist brace continuously.

[patient] Alright, that sounds good.

[doctor] Make sure to limit activities that exacerbate the pain, like typing and lifting heavy objects. Avoid push-ups and tennis until we re-evaluate your condition.

[patient] Got it, I'll avoid those activities.

[doctor] I'll also advise using RICE therapy—Rest, Ice, Compression, and Elevation—to help manage the swelling and pain.

[patient] Okay, I'll do that.

[doctor] I want you to come back in 2 weeks for a follow-up visit so we can review the X-ray results and see how you're doing.

[patient] Alright, I'll make sure to do that.

[doctor] Do you have any questions about the plan or anything else?

[patient] No, I think that's everything. Thank you.

[doctor] You're welcome. Take care and I'll see you in two weeks.

[patient] Thanks, doctor. Bye.

[doctor] Bye."|"[doctor] Hi there, how are you doing today?

[patient] Hey, I've been better. I've been having some pain in my left wrist for about a week now.

[doctor] Oh, I'm sorry to hear that. Can you describe the pain for me?

[patient] It's a constant pain, around a 5 out of 10 on the pain scale. It gets really sharp when I move my wrist.

[doctor] Okay, and you mentioned it's been going on for a week. Is there any swelling or bruising?

[patient] Yes, there's some swelling and a bit of bruising too.

[doctor] Alright. How about the range of motion? Can you move your wrist normally?

[patient] No, it's pretty limited. It hurts a lot when I try to flex or extend it.

[doctor] Got it. Have you had any trouble with typing or lifting objects?

[patient] Yes, typing has been really difficult, and I can't lift anything heavy without pain.

[doctor] Okay, that sounds quite uncomfortable. Do you have any other joint pain?

[patient] No, it's just my left wrist.

[doctor] Alright. Any numbness or tingling in your hand or fingers?

[patient] No, no numbness or tingling. My grip strength seems normal too.

[doctor] That's good to hear. Have you experienced any fever, chills, or weight loss recently?

[patient] No, none of those.

[doctor] Alright. Do you have any chronic conditions or take any regular medications?

[patient] No, I don't have any chronic conditions and I don't take any regular medications.

[doctor] Okay, let me take your vitals and do a quick physical examination. Your blood pressure is 122/78 mmHg, heart rate is 72 bpm, respiratory rate is 16 breaths per minute, and your temperature is 98.6°F. Everything looks normal there.

[patient] Okay, that's good to know.

[doctor] Now, I'm going to inspect your wrist. I can see some swelling and mild bruising. Let me palpate the area. Does it hurt here over the distal radius and ulna?

[patient] Yes, it's quite tender there.

[doctor] Alright, let's check your range of motion. Please try to flex and extend your wrist. I see that it's restricted and painful. How about your sensation and grip strength? They seem normal, correct?

[patient] Yes, sensation is intact and my grip strength feels normal.

[doctor] Okay, I think we should get an X-ray of your left wrist to rule out any fractures. Have you had a wrist injury or increased any specific physical activities recently?

[patient] I had a wrist sprain a few years ago, but recently, I've started doing more push-ups and playing tennis.

[doctor] That could be contributing to your current symptoms. For now, I'm going to prescribe you Ibuprofen 400 mg to take every 6 hours as needed for pain. I'll also recommend wearing a wrist brace continuously.

[patient] Alright, that sounds good.

[doctor] Make sure to limit activities that exacerbate the pain, like typing and lifting heavy objects. Avoid push-ups and tennis until we re-evaluate your condition.

[patient] Got it, I'll avoid those activities.

[doctor] I'll also advise using RICE therapy—Rest, Ice, Compression, and Elevation—to help manage the swelling and pain.

[patient] Okay, I'll do that.

[doctor] I want you to come back in 2 weeks for a follow-up visit so we can review the X-ray results and see how you're doing.

[patient] Alright, I'll make sure to do that.

[doctor] Do you have any questions about the plan or anything else?

[patient] No, I think that's everything. Thank you.

[doctor] You're welcome. Take care and I'll see you in two weeks.

[patient] Thanks, doctor. Bye.

[doctor] Bye."
PAIN IN LEFT WRIST|"ROLE: Family Medicine Physician

**Demographic Information:**
- Age: 34
- Gender: Female
- Ethnicity: Caucasian
- Socio-economic Status: Middle class
- Education Level: Bachelor's Degree
- Health Literacy: High
- Job Status: Office worker

**Clinical Setting:**
- Private Practice

**Type of Encounter:**
- Initial Consultation

**Symptom Description:**
- Severity: Moderate to severe
- Duration: 2 weeks
- Associated Symptoms: Swelling, occasional numbness in fingers
- Frequency: Constant, with increased pain during movement
- Impact on Daily Activities: Difficulty in using a computer, holding objects, and performing daily tasks

**Medical History:**
- Previous Diagnoses: Mild carpal tunnel syndrome
- Family Medical History: Mother with rheumatoid arthritis

**Patient’s self-reported habits and lifestyle:**
- Sleep: 6-7 hours per night, sometimes interrupted due to pain
- Diet: Balanced diet, but consumes coffee daily
- Exercise: Irregular, mostly sedentary due to office job
- Tobacco Use: Non-smoker
- Alcohol Consumption: Social drinker, 1-2 times a month
- Drug Use: None
- Recreational Activities: Enjoys knitting and gardening

**Patient's Behavior:**
- Cooperative and follows medical advice diligently

**Geographical Location:**
- Urban area
- Affluent neighborhood
- Well-served by transit
- Low pollution and minimal environmental health risks

**Physical exams:**
- Musculoskeletal: Inspection of the left wrist, palpation for tenderness, range of motion assessment, Tinel's sign, Phalen's test
- Neurological: Sensation and reflexes in fingers and hands

**Medical Outcome:**
- Diagnosis: Pain in left wrist (ICD-10: M25.532)
- Prescribed Treatment: Wrist splint to be worn during the day and night for 4 weeks, NSAIDs (Ibuprofen 400 mg, oral, every 6 hours as needed, 30 tablets)
- Follow-up Recommendations: Follow-up appointment in 4 weeks to assess progress
- Referral to Specialists: Referral to a Rheumatologist (Dr. Jane Smith) due to family history of rheumatoid arthritis and worsening symptoms
- Imaging: Order for MRI of the left wrist to evaluate soft tissue and structural issues
- Lifestyle Change: Recommend ergonomic assessment of her workstation and frequent breaks to reduce strain on the wrist

**Investigation/Test results:** 
- Awaiting MRI of the left wrist"|"#####
1. Subjective:

**Chief Complaint (CC):**
Patient presents with moderate to severe pain in the left wrist.

**History of Present Illness (HPI):**
The patient, a 34-year-old Caucasian female, reports experiencing moderate to severe pain in her left wrist for the past two weeks. She describes the pain as constant and notes increased discomfort during movement, particularly when using a computer or holding objects. Associated symptoms include swelling and occasional numbness in her fingers, which significantly impact her ability to perform daily tasks.

**Review of Systems (ROS):**
- Musculoskeletal: Reports left wrist pain, swelling, and occasional numbness in the fingers. Denies pain in other joints.
- Neurological: Reports occasional numbness in fingers of the left hand. Denies any weakness, tingling, or other neurological deficits.

2. Objective:

**Vital Signs:**
- Blood Pressure: 120/80 mmHg
- Heart Rate: 72 bpm
- Respiratory Rate: 16 breaths per minute
- Temperature: 98.6°F

**Physical Exam:**

- **Musculoskeletal:**
  - Inspection of the left wrist shows mild swelling.
  - Palpation reveals tenderness over the carpal tunnel area.
  - Range of motion assessment: Limited due to pain, particularly during flexion and extension.
  - Tinel's sign: Positive, eliciting tingling in the fingers.
  - Phalen's test: Positive, causing numbness in the fingers after 30 seconds.

- **Neurological:**
  - Sensation: Reduced sensation in the median nerve distribution area of the left hand.
  - Reflexes: Normal in bilateral upper extremities.

3. Assessment:

**Primary Diagnosis:**
- Pain in left wrist (ICD-10: M25.532)
- Worsening of carpal tunnel syndrome, likely exacerbated by occupational activities and family history of rheumatoid arthritis.

4. Plan:

**Medical Treatment:**
- Wrist splint to be worn during the day and night for 4 weeks.
- NSAIDs: Ibuprofen 400 mg, oral, every 6 hours as needed for pain (30 tablets).

**Referrals and Further Investigations:**
- Referral to Rheumatologist, Dr. Jane Smith, for rheumatologic evaluation due to family history of rheumatoid arthritis and worsening symptoms.
- Order MRI of the left wrist to evaluate for soft tissue and structural issues.

**Lifestyle Recommendations:**
- Recommend an ergonomic assessment of her workstation to identify and rectify potential strain-inducing factors.
- Advise taking frequent breaks to reduce strain on the wrist and performing stretching exercises.

**Follow-up:**
- Schedule a follow-up appointment in 4 weeks to assess progress and evaluate the need for any additional interventions based on MRI results and the Rheumatologist's recommendations.

**Patient Education and Counseling:**
- Discussed the importance of adherence to the splint usage and medication regimen.
- Educated the patient on ergonomic adjustments and the need for frequent breaks to prevent further aggravation of symptoms.

Patient understands and agrees with the recommended treatment plan.
#####"|"#####
1. Subjective:

**Chief Complaint (CC):**
Patient presents with moderate to severe pain in the left wrist.

**History of Present Illness (HPI):**
The patient, a 34-year-old Caucasian female, reports experiencing moderate to severe pain in her left wrist for the past two weeks. She describes the pain as constant and notes increased discomfort during movement, particularly when using a computer or holding objects. Associated symptoms include swelling and occasional numbness in her fingers, which significantly impact her ability to perform daily tasks.

**Review of Systems (ROS):**
- Musculoskeletal: Reports left wrist pain, swelling, and occasional numbness in the fingers. Denies pain in other joints.
- Neurological: Reports occasional numbness in fingers of the left hand. Denies any weakness, tingling, or other neurological deficits.

2. Objective:

**Vital Signs:**
- Blood Pressure: 120/80 mmHg
- Heart Rate: 72 bpm
- Respiratory Rate: 16 breaths per minute
- Temperature: 98.6°F

**Physical Exam:**

- **Musculoskeletal:**
  - Inspection of the left wrist shows mild swelling.
  - Palpation reveals tenderness over the carpal tunnel area.
  - Range of motion assessment: Limited due to pain, particularly during flexion and extension.
  - Tinel's sign: Positive, eliciting tingling in the fingers.
  - Phalen's test: Positive, causing numbness in the fingers after 30 seconds.

- **Neurological:**
  - Sensation: Reduced sensation in the median nerve distribution area of the left hand.
  - Reflexes: Normal in bilateral upper extremities.

3. Assessment:

**Primary Diagnosis:**
- Pain in left wrist (ICD-10: M25.532)
- Worsening of carpal tunnel syndrome, likely exacerbated by occupational activities and family history of rheumatoid arthritis.

4. Plan:

**Medical Treatment:**
- Wrist splint to be worn during the day and night for 4 weeks.
- NSAIDs: Ibuprofen 400 mg, oral, every 6 hours as needed for pain (30 tablets).

**Referrals and Further Investigations:**
- Referral to Rheumatologist, Dr. Jane Smith, for rheumatologic evaluation due to family history of rheumatoid arthritis and worsening symptoms.
- Order MRI of the left wrist to evaluate for soft tissue and structural issues.

**Lifestyle Recommendations:**
- Recommend an ergonomic assessment of her workstation to identify and rectify potential strain-inducing factors.
- Advise taking frequent breaks to reduce strain on the wrist and performing stretching exercises.

**Follow-up:**
- Schedule a follow-up appointment in 4 weeks to assess progress and evaluate the need for any additional interventions based on MRI results and the Rheumatologist's recommendations.

**Patient Education and Counseling:**
- Discussed the importance of adherence to the splint usage and medication regimen.
- Educated the patient on ergonomic adjustments and the need for frequent breaks to prevent further aggravation of symptoms.

Patient understands and agrees with the recommended treatment plan.
#####"|"#####
1. Subjective:

**CC:**
Pt presents with mod-severe pain in L wrist.

**HPI:**
The pt, a 34 y/o Caucasian F, reports experiencing mod-severe pain in her L wrist for the past 2 wks. She describes the pain as constant and notes increased discomfort during movement, particularly when using a computer or holding objects. Associated sx include swelling and occasional numbness in her fingers, which significantly impact her ability to perform ADLs.

**ROS:**
- MSK: Reports L wrist pain, swelling, and occasional numbness in the fingers. Denies pain in other joints.
- Neuro: Reports occasional numbness in fingers of the L hand. Denies any weakness, tingling, or other neuro deficits.

2. Objective:

**VS:**
- BP: 120/80 mmHg
- HR: 72 bpm
- RR: 16 bpm
- Temp: 98.6°F

**PE:**

- **MSK:**
  - Inspection of the L wrist shows mild swelling.
  - Palpation reveals tenderness over the carpal tunnel area.
  - ROM assessment: Limited due to pain, particularly during flexion and extension.
  - Tinel's sign: Positive, eliciting tingling in the fingers.
  - Phalen's test: Positive, causing numbness in the fingers after 30 seconds.

- **Neuro:**
  - Sensation: Reduced sensation in the median nerve distribution area of the L hand.
  - Reflexes: Normal in BUE.

3. Assessment:

**Primary Dx:**
- Pain in L wrist (ICD-10: M25.532)
- Worsening of CTS, likely exacerbated by occupational activities and FHx of RA.

4. Plan:

**Medical Tx:**
- Wrist splint to be worn during the day and night for 4 wks.
- NSAIDs: Ibuprofen 400 mg, PO, q6h PRN pain (30 tabs).

**Referrals and Further Investigations:**
- Referral to Rheum, Dr. Jane Smith, for rheumatologic eval due to FHx of RA and worsening sx.
- Order MRI of the L wrist to eval for soft tissue and structural issues.

**Lifestyle Recommendations:**
- Recommend an ergonomic assessment of her workstation to ID and rectify potential strain-inducing factors.
- Advise taking frequent breaks to reduce strain on the wrist and performing stretching exercises.

**Follow-up:**
- Schedule a F/U appt in 4 wks to assess progress and eval the need for any additional interventions based on MRI results and Rheum's recommendations.

**Pt Education and Counseling:**
- Discussed the importance of adherence to the splint usage and med regimen.
- Educated the pt on ergonomic adjustments and the need for frequent breaks to prevent further aggravation of sx.

Pt understands and agrees with the recommended Tx plan.
#####"|Family Medicine Physician|"[doctor] Hi there, I'm Dr. Williams. What brings you in today?

[patient] Hi, Dr. Williams. I've been having a lot of pain in my left wrist.

[doctor] I'm sorry to hear that. Can you tell me more about the pain? How long has it been bothering you?

[patient] It's been about two weeks now. The pain is pretty constant and gets worse whenever I move my wrist, especially when I'm using my computer or holding things.

[doctor] Hmm, that sounds uncomfortable. Is the pain moderate or severe?

[patient] I'd say it's moderate to severe.

[doctor] Okay, and are you experiencing any other symptoms like swelling or numbness?

[patient] Yes, there's definitely some swelling, and my fingers occasionally go numb. It's making it really hard to do my daily tasks.

[doctor] I see. Have you noticed pain in any other joints?

[patient] No, it's just in my left wrist.

[doctor] Alright, and how about any tingling or weakness in your hand? Any other neurological symptoms?

[patient] Just the occasional numbness in my fingers. No tingling or weakness.

[doctor] Got it. Let me take your vital signs quickly. Your blood pressure is 120/80 mmHg, heart rate is 72 bpm, respiratory rate is 16 breaths per minute, and your temperature is 98.6°F. Everything looks normal.

[patient] Okay, good to know.

[doctor] Now, I'm going to take a closer look at your wrist. I see some mild swelling. Let me palpate the area. Does this hurt?

[patient] Yes, that's pretty tender.

[doctor] Alright, I'm going to check your range of motion. Can you try to flex and extend your wrist?

[patient] It's really painful to move it.

[doctor] I can see that. I'm going to do a couple of tests to check for carpal tunnel syndrome. First, the Tinel's sign. I'll tap over the carpal tunnel area. Do you feel any tingling in your fingers?

[patient] Yes, I do.

[doctor] Okay, that's a positive Tinel's sign. Now for the Phalen's test. I'm going to have you flex your wrists and hold this position for 30 seconds. Let me know if you feel any numbness.

[patient] After a few seconds, my fingers are going numb.

[doctor] That's also a positive Phalen's test. It does look like you might be dealing with carpal tunnel syndrome. Let me check the sensation in your hand. Do you feel this equally on both hands?

[patient] It feels less on my left hand.

[doctor] Okay, sensation is reduced in the median nerve distribution area of your left hand. I'm going to check your reflexes now. Everything appears normal in both upper extremities.

[patient] So, what does this mean, Doctor?

[doctor] Based on your symptoms and the physical exam, it seems like you're experiencing pain in your left wrist likely due to carpal tunnel syndrome. This can be exacerbated by repetitive movements, especially with computer use. You mentioned a family history of rheumatoid arthritis, correct?

[patient] Yes, my mother has rheumatoid arthritis.

[doctor] Given that family history, I'd like to be thorough. For now, I'm going to recommend a wrist splint for you to wear during the day and night for the next 4 weeks. This will help keep your wrist in a neutral position and reduce strain.

[patient] Alright, I can do that.

[doctor] I’ll also prescribe Ibuprofen 400 mg, to be taken orally every 6 hours as needed for pain. I’ll give you 30 tablets.

[patient] Thank you. That should help with the pain.

[doctor] Additionally, I’ll refer you to a rheumatologist, Dr. Jane Smith, for a thorough evaluation due to your family history of rheumatoid arthritis. We’ll also order an MRI of your left wrist to check for any soft tissue or structural issues.

[patient] Okay, I understand.

[doctor] In terms of your daily activities, I highly recommend an ergonomic assessment of your workstation to identify and rectify any potential strain-inducing factors. Also, take frequent breaks to reduce strain on your wrist and perform some stretching exercises.

[patient] I’ll definitely look into that.

[doctor] Great. We’ll schedule a follow-up appointment in 4 weeks to assess your progress and evaluate the need for any additional interventions based on the MRI results and the rheumatologist's recommendations.

[patient] Sounds good.

[doctor] Lastly, it's important to adhere to the splint usage and medication regimen. Ergonomic adjustments and frequent breaks are key to preventing further aggravation of your symptoms.

[patient] I understand and will follow everything you’ve advised.

[doctor] Excellent. Do you have any other questions or concerns?

[patient] Not at the moment.

[doctor] Alright then, take care and I’ll see you in 4 weeks.

[patient] Thank you, Dr. Williams."|"[doctor] Hi there, I'm Dr. Williams. What brings you in today?

[patient] Hi, Dr. Williams. I've been having a lot of pain in my left wrist.

[doctor] I'm sorry to hear that. Can you tell me more about the pain? How long has it been bothering you?

[patient] It's been about two weeks now. The pain is pretty constant and gets worse whenever I move my wrist, especially when I'm using my computer or holding things.

[doctor] Hmm, that sounds uncomfortable. Is the pain moderate or severe?

[patient] I'd say it's moderate to severe.

[doctor] Okay, and are you experiencing any other symptoms like swelling or numbness?

[patient] Yes, there's definitely some swelling, and my fingers occasionally go numb. It's making it really hard to do my daily tasks.

[doctor] I see. Have you noticed pain in any other joints?

[patient] No, it's just in my left wrist.

[doctor] Alright, and how about any tingling or weakness in your hand? Any other neurological symptoms?

[patient] Just the occasional numbness in my fingers. No tingling or weakness.

[doctor] Got it. Let me take your vital signs quickly. Your blood pressure is 120/80 mmHg, heart rate is 72 bpm, respiratory rate is 16 breaths per minute, and your temperature is 98.6°F. Everything looks normal.

[patient] Okay, good to know.

[doctor] Now, I'm going to take a closer look at your wrist. I see some mild swelling. Let me palpate the area. Does this hurt?

[patient] Yes, that's pretty tender.

[doctor] Alright, I'm going to check your range of motion. Can you try to flex and extend your wrist?

[patient] It's really painful to move it.

[doctor] I can see that. I'm going to do a couple of tests to check for carpal tunnel syndrome. First, the Tinel's sign. I'll tap over the carpal tunnel area. Do you feel any tingling in your fingers?

[patient] Yes, I do.

[doctor] Okay, that's a positive Tinel's sign. Now for the Phalen's test. I'm going to have you flex your wrists and hold this position for 30 seconds. Let me know if you feel any numbness.

[patient] After a few seconds, my fingers are going numb.

[doctor] That's also a positive Phalen's test. It does look like you might be dealing with carpal tunnel syndrome. Let me check the sensation in your hand. Do you feel this equally on both hands?

[patient] It feels less on my left hand.

[doctor] Okay, sensation is reduced in the median nerve distribution area of your left hand. I'm going to check your reflexes now. Everything appears normal in both upper extremities.

[patient] So, what does this mean, Doctor?

[doctor] Based on your symptoms and the physical exam, it seems like you're experiencing pain in your left wrist likely due to carpal tunnel syndrome. This can be exacerbated by repetitive movements, especially with computer use. You mentioned a family history of rheumatoid arthritis, correct?

[patient] Yes, my mother has rheumatoid arthritis.

[doctor] Given that family history, I'd like to be thorough. For now, I'm going to recommend a wrist splint for you to wear during the day and night for the next 4 weeks. This will help keep your wrist in a neutral position and reduce strain.

[patient] Alright, I can do that.

[doctor] I’ll also prescribe Ibuprofen 400 mg, to be taken orally every 6 hours as needed for pain. I’ll give you 30 tablets.

[patient] Thank you. That should help with the pain.

[doctor] Additionally, I’ll refer you to a rheumatologist, Dr. Jane Smith, for a thorough evaluation due to your family history of rheumatoid arthritis. We’ll also order an MRI of your left wrist to check for any soft tissue or structural issues.

[patient] Okay, I understand.

[doctor] In terms of your daily activities, I highly recommend an ergonomic assessment of your workstation to identify and rectify any potential strain-inducing factors. Also, take frequent breaks to reduce strain on your wrist and perform some stretching exercises.

[patient] I’ll definitely look into that.

[doctor] Great. We’ll schedule a follow-up appointment in 4 weeks to assess your progress and evaluate the need for any additional interventions based on the MRI results and the rheumatologist's recommendations.

[patient] Sounds good.

[doctor] Lastly, it's important to adhere to the splint usage and medication regimen. Ergonomic adjustments and frequent breaks are key to preventing further aggravation of your symptoms.

[patient] I understand and will follow everything you’ve advised.

[doctor] Excellent. Do you have any other questions or concerns?

[patient] Not at the moment.

[doctor] Alright then, take care and I’ll see you in 4 weeks.

[patient] Thank you, Dr. Williams."
PAIN IN LEFT WRIST|"ROLE: Orthopedic Specialist

** 1) Medical Outcome: **
- Diagnosis: Left wrist sprain (S63.501A - Unspecified sprain of left wrist, initial encounter)
- Prescribed treatment: 
  - Rest, Ice, Compression, Elevation (RICE protocol)
  - Wrist brace for immobilization
- Medication: 
  - Ibuprofen 400 mg, oral, every 6 hours as needed for pain, Quantity: 30 tablets
- Follow-up recommendation: Follow-up in 2 weeks
- Referral to specialist: Physical Therapy for wrist rehabilitation, Referral to Dr. Sophie Carter, Physical Therapist
- Imaging: MRI of the left wrist to rule out ligament tear

** 2) Medical History: **
- Previous Diagnoses: History of left ankle sprain 2 years ago
- Allergies: None
- Chronic Conditions: None

** 3) Symptom Description: **
- Severity: Moderate to severe pain
- Duration: 4 days
- Associated Symptoms: Swelling, decreased range of motion
- Frequency: Constant pain, worsened by movement
- Impact on Daily Activities: Difficulty performing tasks that require wrist movement

** 4) Patient’s self-reported habits and lifestyle: **
- Sleep: Reports difficulty sleeping due to wrist pain
- Diet: Generally balanced diet
- Exercise: Regularly runs and does yoga
- Tobacco Use: None
- Alcohol Consumption: Occasionally drinks socially
- Drug Use: None
- Recreational Activities: Enjoys gardening and reading

** 5) Demographic Information: **
- Age: 35 
- Gender: Female
- Ethnicity: Caucasian
- Socio-economic Status: Middle class
- Education Level: Bachelor’s degree
- Health Literacy: Good
- Job Status: Occupation - Graphic Designer

** 6) Patient's Behavior: **
- Highly cooperative with medical advice

** 7) Geographical Location: **
- Urban: Lives in a big city
- Neighborhood Type: Mixed residential and commercial area

** 8) Clinical Setting: **
- Encounter: Private practice

** 9) Type of Encounter: **
- Initial Consultation

** 10) Treatment Disparities: **
- None identified

** 11) Native or Non-Native English-Speaking Patient: **
- Native English speaker

** 12) Physical Exams: **
- Inspection of wrist reveals swelling and erythema
- Palpation elicits tenderness over dorsal and volar aspects
- Wrist range of motion is limited, particularly in flexion and extension
- No signs of deformity

** 13) Investigation/Test results: **
- X-ray of the left wrist (previously conducted) shows no fracture
- Awaiting results of MRI of the left wrist for detailed ligament assessment"|Rejected|Rejected|Rejected|Rejected||
PAIN IN LEFT WRIST|"ROLE: Orthopedic Specialist

- Medical Outcome: Diagnosis: Tendinitis of left wrist. Prescribed treatment: Wrist brace, prescribed medication: Ibuprofen 600 mg, one tablet, oral, every 8 hours for 7 days, quantity: 21 tablets. Follow-up recommendation: Follow-up in 2 weeks for re-evaluation. Referral to further tests: Ultrasound of the left wrist to evaluate tendons and soft tissue.

- Medical History: Previous Diagnoses: None. Family Medical History: Father has osteoarthritis. Medication History: No history of regular medications. Allergies: None. Chronic Conditions: None.

- Symptom Description: Severity: Moderate pain. Duration: 3 weeks. Associated Symptoms: Swelling, occasional numbness in fingers. Frequency: Intermittent, worsening with activity. Impact on Daily Activities: Difficulty in handling objects, weakness in grip.

- Patient’s self-reported habits and lifestyle: Sleep: 6-7 hours per night. Diet: Regular balanced diet. Exercise: Occasional running and weight lifting. Tobacco Use: None. Alcohol Consumption: Socially on weekends. Drug Use: None. Recreational Activities: Participates in recreational basketball.

- Demographic Information: Age: 34. Gender: Male. Ethnicity: Caucasian. Socio-economic Status: Middle class. Education Level: Bachelor's degree. Health Literacy: High. Job Status: Office worker.

- Patient's Behavior: Cooperative and motivated to follow medical advice.

- Geographical Location: Urban. Pollution and Environmental Health Risks: Low. Neighborhood Type: Well-served by transit, access to healthcare facilities.

- Clinical Setting: Orthopedic Clinic.

- Type of Encounter: Initial Consultation.

- Treatment Disparities: None noted.

- Native or Non-Native English Speaking Patient: Native English Speaking Patient.

- Physical exams: Palpation tenderness over the distal radius, mild swelling, positive Finkelstein's test.

- Investigation/Test results: Awaiting results from ultrasound of the left wrist."|Rejected|Rejected|Rejected|Rejected||
PAIN IN LEFT WRIST|"ROLE: Orthopedic Specialist

- Medical Outcome: Diagnosis: Carpal Tunnel Syndrome. Prescribed treatment: Wrist splint, prescribed medication: Prednisone 20 mg, tapering dose for 14 days, quantity: 28 tablets, oral route. Follow-up recommendation: Follow-up in 4 weeks for re-evaluation. Referral to further tests: Nerve conduction study (NCS) of the left wrist to assess median nerve function.

- Medical History: Previous Diagnoses: Type 2 diabetes. Family Medical History: Mother has rheumatoid arthritis. Medication History: Metformin, 500 mg, twice daily. Allergies: Penicillin. Chronic Conditions: Hypertension.

- Symptom Description: Severity: Severe pain with numbness. Duration: 2 months. Associated Symptoms: Tingling and weakness in the thumb, index, and middle fingers. Frequency: Constant, worsens at night. Impact on Daily Activities: Unable to perform tasks requiring fine motor skills, such as typing.

- Patient’s self-reported habits and lifestyle: Sleep: 4-5 hours per night, frequently interrupted by pain. Diet: Low-sodium, diabetic diet. Exercise: Regular light exercise, including daily walks. Tobacco Use: None. Alcohol Consumption: Rarely. Drug Use: None. Recreational Activities: Gardening.

- Demographic Information: Age: 52. Gender: Female. Ethnicity: Hispanic. Socio-economic Status: Lower middle class. Education Level: High school diploma. Health Literacy: Moderate. Job Status: Manual laborer.

- Patient's Behavior: Highly cooperative and eager to resolve symptoms.

- Geographical Location: Small City. Pollution and Environmental Health Risks: Moderate. Neighborhood Type: Impoverished, food desert, limited access to healthcare facilities.

- Clinical Setting: Orthopedic Clinic.

- Type of Encounter: Initial Consultation.

- Treatment Disparities: May face financial challenges in accessing specialized treatments.

- Native or Non-Native English Speaking Patient: Non-Native English Speaking Patient.

- Physical exams: Positive Tinel's and Phalen's sign at the left wrist. Reduced grip strength in the left hand.

- Investigation/Test results: Awaiting results from nerve conduction study (NCS) of the left wrist."|Rejected|Rejected|Rejected|Rejected||
PAIN IN LEFT WRIST|"ROLE: Orthopedic Specialist

- Medical Outcome: Diagnosis: Ganglion cyst of the left wrist. Prescribed treatment: Aspiration of the cyst. Referral to further tests: MRI of the left wrist to evaluate the extent of the cyst and rule out other pathologies. Follow-up recommendation: Follow-up in 2 weeks for re-evaluation.

- Medical History: Previous Diagnoses: Past history of wrist sprain. Family Medical History: No significant diseases. Medication History: Rare use of over-the-counter pain medication. Allergies: No known allergies. Chronic Conditions: Mild seasonal allergies.

- Symptom Description: Severity: Mild to moderate discomfort. Duration: 1 month. Associated Symptoms: Visible lump on the dorsal aspect of the wrist. Frequency: Persistent, with mild discomfort on movement. Impact on Daily Activities: Slight difficulty during typing and lifting objects.

- Patient’s self-reported habits and lifestyle: Sleep: 7-8 hours per night. Diet: Balanced diet with regular meals. Exercise: Regular fitness training including weight lifting. Tobacco Use: None. Alcohol Consumption: Occasionally. Drug Use: None. Recreational Activities: Enjoys painting and playing badminton.

- Demographic Information: Age: 29. Gender: Female. Ethnicity: Asian. Socio-economic Status: Middle class. Education Level: Master's degree. Health Literacy: High. Job Status: Graphic designer.

- Patient's Behavior: Highly cooperative and concerned about the cosmetic appearance of the cyst.

- Geographical Location: Large urban area. Pollution and Environmental Health Risks: Low. Neighborhood Type: Affluent, well-served by public transit.

- Clinical Setting: Private Practice.

- Type of Encounter: Initial Consultation.

- Treatment Disparities: None noted.

- Native or Non-Native English Speaking Patient: Native English Speaking Patient.

- Physical exams: Palpable, firm, and non-mobile mass over the dorsal wrist. No signs of infection or significant tenderness. Full range of motion preserved.

- Investigation/Test results: Awaiting results from MRI of the left wrist."|Rejected|Rejected|Rejected|Rejected||
