Disease Description|Scenario|Note|Polished Note|Abbreviated Note|Role|dial|polished_dial
SECONDARY MALIGNANT NEOPLASM OF BRAIN|"ROLE: Oncologist

**Scenario:**

1) **Medical Outcome:** 
   - Diagnosis: Secondary Malignant Neoplasm of Brain
   - Treatment: Initiation of palliative chemotherapy with Temozolomide 150 mg/m² once daily for 5 days every 28-day cycle.
   - Referral to Specialists: Referral to Neurosurgery for possible surgical resection consultation, Dr. Michael Anderson.
   - Imaging Order: MRI of Brain to further evaluate the extent of metastasis and guide treatment planning.
   - Follow-up Recommendations: Follow-up appointment in 2 weeks for assessment of treatment response and symptom management.
   - Medication Adjustment: Prescribed dexamethasone 4 mg oral tablets to be taken twice daily to reduce intracranial pressure.

2) **Medical History:**
   - Previous Diagnoses: Primary lung cancer diagnosed 1 year ago, currently in remission.
   - Family Medical History: Mother had breast cancer, father has hypertension.
   - Medication History: Currently on albuterol inhaler PRN, multivitamins daily.
   - Allergies: No known drug allergies.
   - Chronic Conditions: COPD, managed with inhalers.

3) **Symptom Description:**
   - Severity: Severe headaches
   - Duration: Ongoing for the past 3 weeks
   - Associated Symptoms: Nausea, vomiting, and intermittent confusion.
   - Frequency: Daily occurrences
   - Impact on Daily Activities: Significant impact; patient unable to carry out daily activities independently.

4) **Patient’s Self-Reported Habits and Lifestyle:**
   - Sleep: Poor sleep due to headaches
   - Diet: Balanced diet, difficulty maintaining appetite recently
   - Exercise: Limited physical activity due to symptoms
   - Tobacco Use: Quit smoking 5 years ago, prior heavy smoker for 20 years
   - Alcohol Consumption: Occasionally drinks socially
   - Drug Use: Denies any recreational drug use
   - Recreational Activities: None due to physical limitations

5) **Demographic Information:**
   - Age: 65
   - Gender: Male
   - Ethnicity: Caucasian
   - Socio-economic Status: Middle class
   - Education Level: College graduate
   - Health Literacy: High
   - Job Status: Retired 

6) **Patient's Behavior:**
   - Highly cooperative with medical advice and treatment plans

7) **Geographical Location:**
   - Urban setting in a moderately polluted area
   - Neighborhood Type: Well-served by transit with good access to medical facilities

8) **Clinical Setting:**
   - Private Practice affiliated with a Cancer Center

9) **Type of Encounter:**
   - Initial Consultation for symptom evaluation and treatment planning
   
10) **Treatment Disparities:**
    - Patient is financially stable; no noted disparities in access to treatment

11) **Native or Non-Native English Speaking Patient:**
    - Native English-speaking patient

12) **Physical exams:**
    - Neurological exam showing deficits such as decreased coordination and cognitive impairment.

13) **Investigation/Test results:**
    - CT scan performed last week showing multiple brain lesions indicative of metastatic disease.
    - Awaiting MRI results for a detailed evaluation."|"### Medical Note

#### 1. Subjective:

**Chief Complaint (CC):** Severe headaches, ongoing for the past 3 weeks.

**History of Present Illness (HPI):**
- A 65-year-old male presents with severe headaches that have been persistent for the past three weeks. 
- The headaches are associated with nausea, vomiting, and intermittent confusion.
- The symptoms occur daily and have significantly impacted his ability to carry out daily activities independently.

**Review of Systems (ROS):**
- **Constitutional:** Significant fatigue, poor appetite.
- **Neurological:** Severe headaches, nausea, vomiting, intermittent confusion, and decreased coordination.
- **Respiratory:** No shortness of breath; COPD managed with inhalers.
- **Gastrointestinal:** Nausea and vomiting, difficulty maintaining appetite.

**Patient’s Self-Reported Habits and Lifestyle:**
- **Sleep:** Poor due to headaches.
- **Diet:** Balanced but with difficulty maintaining appetite recently.
- **Exercise:** Limited physical activity due to symptoms.
- **Tobacco Use:** Quit smoking 5 years ago; was a heavy smoker for 20 years.
- **Alcohol Consumption:** Occasionally drinks socially.
- **Drug Use:** Denies any recreational drug use.
- **Recreational Activities:** None due to physical limitations.

#### 2. Objective:

**Vital Signs:**
- BP: 130/85 mmHg
- HR: 78 bpm
- RR: 16/min
- Temp: 98.6 °F
- SpO2: 96% on room air

**Physical Examination:**
- **General:** Alert, cooperative, appears in distress due to headache.
- **Head, Eyes, Ears, Nose, Throat:** No abnormalities noted.
- **Neurological:**
  - Cognitive impairment noted.
  - Decreased coordination.
  - No focal motor deficits.
- **Respiratory:** Clear to auscultation bilaterally.
- **Cardiovascular:** Normal S1 and S2, no murmurs.
- **Gastrointestinal:** Abdomen soft, non-tender.
- **Musculoskeletal:** No significant deformities or tenderness.

**Investigation/Test Results:**
- CT scan from last week revealed multiple brain lesions indicative of metastatic disease.
- Awaiting detailed MRI results for further evaluation.

#### 3. Assessment:

- **Primary Diagnosis:** Secondary Malignant Neoplasm of Brain.
- **Secondary Diagnoses:** 
  - Primary lung cancer in remission.
  - COPD managed with inhalers.

#### 4. Plan:

- **Treatment:**
  - Initiate palliative chemotherapy with Temozolomide 150 mg/m² once daily for 5 days every 28-day cycle.
  - Prescribed dexamethasone 4 mg oral tablets to be taken twice daily to reduce intracranial pressure.
  
- **Referral:**
  - Referral to Neurosurgery for possible surgical resection consultation with Dr. Michael Anderson.

- **Imaging:**
  - Order MRI of Brain to further evaluate the extent of metastasis and guide treatment planning.

- **Follow-up:**
  - Schedule follow-up appointment in 2 weeks for assessment of treatment response and symptom management.

- **Patient Education and Agreements:**
  - Discussed the diagnosis, treatment plan, and potential side effects with the patient, who expressed understanding and agreement.
  - The patient is cooperative and adheres to medical advice and treatment plans.

The patient will report any new or worsening symptoms such as increased headaches, vision changes, or new neurological deficits immediately. 

#####
"|"### Medical Note

#### 1. Subjective:

**Chief Complaint (CC):** Severe headaches, ongoing for the past 3 weeks.

**History of Present Illness (HPI):**
- A 65-year-old male presents with severe headaches that have been persistent for the past three weeks. 
- The headaches are associated with nausea, vomiting, and intermittent confusion.
- The symptoms occur daily and have significantly impacted his ability to carry out daily activities independently.

**Review of Systems (ROS):**
- **Constitutional:** Significant fatigue, poor appetite.
- **Neurological:** Severe headaches, nausea, vomiting, intermittent confusion, and decreased coordination.
- **Respiratory:** No shortness of breath; COPD managed with inhalers.
- **Gastrointestinal:** Nausea and vomiting, difficulty maintaining appetite.

**Patient’s Self-Reported Habits and Lifestyle:**
- **Sleep:** Poor due to headaches.
- **Diet:** Balanced but with difficulty maintaining appetite recently.
- **Exercise:** Limited physical activity due to symptoms.
- **Tobacco Use:** Quit smoking 5 years ago; was a heavy smoker for 20 years.
- **Alcohol Consumption:** Occasionally drinks socially.
- **Drug Use:** Denies any recreational drug use.
- **Recreational Activities:** None due to physical limitations.

#### 2. Objective:

**Vital Signs:**
- BP: 130/85 mmHg
- HR: 78 bpm
- RR: 16/min
- Temp: 98.6 °F
- SpO2: 96% on room air

**Physical Examination:**
- **General:** Alert, cooperative, appears in distress due to headache.
- **Head, Eyes, Ears, Nose, Throat:** No abnormalities noted.
- **Neurological:**
  - Cognitive impairment noted.
  - Decreased coordination.
  - No focal motor deficits.
- **Respiratory:** Clear to auscultation bilaterally.
- **Cardiovascular:** Normal S1 and S2, no murmurs.
- **Gastrointestinal:** Abdomen soft, non-tender.
- **Musculoskeletal:** No significant deformities or tenderness.

**Investigation/Test Results:**
- CT scan from last week revealed multiple brain lesions indicative of metastatic disease.
- Awaiting detailed MRI results for further evaluation.

#### 3. Assessment:

- **Primary Diagnosis:** Secondary Malignant Neoplasm of Brain.
- **Secondary Diagnoses:** 
  - Primary lung cancer in remission.
  - COPD managed with inhalers.

#### 4. Plan:

- **Treatment:**
  - Initiate palliative chemotherapy with Temozolomide 150 mg/m² once daily for 5 days every 28-day cycle.
  - Prescribed dexamethasone 4 mg oral tablets to be taken twice daily to reduce intracranial pressure.
  
- **Referral:**
  - Referral to Neurosurgery for possible surgical resection consultation with Dr. Michael Anderson due to the presence of multiple brain lesions.

- **Imaging:**
  - Order MRI of Brain to further evaluate the extent of metastasis and guide treatment planning.

- **Follow-up:**
  - Schedule follow-up appointment in 2 weeks for assessment of treatment response and symptom management.

- **Patient Education and Agreements:**
  - Discussed the diagnosis, treatment plan, and potential side effects with the patient, who expressed understanding and agreement.
  - The patient is cooperative and adheres to medical advice and treatment plans.

The patient will report any new or worsening symptoms such as increased headaches, vision changes, or new neurological deficits immediately."|"### Medical Note

#### 1. Subjective:

**CC:** Severe headaches, ongoing for the past 3 weeks.

**HPI:**
- A 65 y/o M presents with severe HAs that have been persistent for the past 3 wks.
- The HAs are assoc. with N/V and intermittent confusion.
- The sx occur daily and have significantly impacted his ability to carry out ADLs independently.

**ROS:**
- **Constitutional:** Significant fatigue, poor appetite.
- **Neuro:** Severe HAs, N/V, intermittent confusion, and decreased coordination.
- **Resp:** No SOB; COPD managed with inhalers.
- **GI:** N/V, difficulty maintaining appetite.

**Pt’s Self-Reported Habits and Lifestyle:**
- **Sleep:** Poor due to HAs.
- **Diet:** Balanced but with difficulty maintaining appetite recently.
- **Exercise:** Limited physical activity due to sx.
- **Tobacco Use:** Quit smoking 5 yrs ago; was a heavy smoker for 20 yrs.
- **ETOH Consumption:** Occasionally drinks socially.
- **Drug Use:** Denies any recreational drug use.
- **Recreational Activities:** None due to physical limitations.

#### 2. Objective:

**VS:**
- BP: 130/85 mmHg
- HR: 78 bpm
- RR: 16/min
- Temp: 98.6 °F
- SpO2: 96% on RA

**PE:**
- **Gen:** Alert, cooperative, appears in distress due to HA.
- **HEENT:** No abnormalities noted.
- **Neuro:**
  - Cognitive impairment noted.
  - Decreased coordination.
  - No focal motor deficits.
- **Resp:** Clear to auscultation bilaterally.
- **CV:** Normal S1 and S2, no murmurs.
- **GI:** Abdomen soft, non-tender.
- **MSK:** No significant deformities or tenderness.

**Investigation/Test Results:**
- CT scan from last wk revealed multiple brain lesions indicative of metastatic dz.
- Awaiting detailed MRI results for further eval.

#### 3. Assessment:

- **Primary Dx:** Secondary Malignant Neoplasm of Brain.
- **Secondary Dx:**
  - Primary lung CA in remission.
  - COPD managed with inhalers.

#### 4. Plan:

- **Tx:**
  - Initiate palliative chemo with Temozolomide 150 mg/m² QD for 5 days every 28-day cycle.
  - Rx dexamethasone 4 mg PO BID to reduce ICP.
  
- **Referral:**
  - Referral to Neurosx for possible surgical resection consult with Dr. Michael Anderson due to the presence of multiple brain lesions.

- **Imaging:**
  - Order MRI of Brain to further eval the extent of mets and guide tx planning.

- **F/U:**
  - Schedule F/U appt in 2 wks for assessment of tx response and sx mgmt.

- **Pt Education and Agreements:**
  - Discussed the dx, tx plan, and potential SEs with the pt, who expressed understanding and agreement.
  - The pt is cooperative and adheres to medical advice and tx plans.

The pt will report any new or worsening sx such as increased HAs, vision changes, or new neuro deficits immediately."|Oncologist|"[doctor] Good morning, how are you doing today?
[patient] Good morning, doctor. I've been better, to be honest.
[doctor] I'm sorry to hear that. Let's talk about what's been going on. You mentioned you've been having severe headaches?
[patient] Yes, doctor. They've been really bad for the past three weeks.
[doctor] I'm sorry to hear that. Can you describe these headaches for me?
[patient] They are really intense, and they happen every day. They have made it hard for me to do anything.
[doctor] I see. Have you noticed any other symptoms along with these headaches?
[patient] Yes, I've been feeling nauseous and vomiting sometimes. And there are moments when I feel really confused.
[doctor] Hmm, that sounds quite concerning. Have these symptoms affected your daily activities?
[patient] Absolutely. I can't do anything by myself anymore. It's really frustrating.
[doctor] I can imagine. Have you had any issues with your appetite or energy levels?
[patient] Yes, my appetite has been poor, and I feel very fatigued all the time.
[doctor] Okay, let's go over your medical history. Can you tell me about any significant past medical conditions?
[patient] Well, I have COPD, which I manage with inhalers. I also quit smoking five years ago after smoking heavily for 20 years.
[doctor] That's good that you quit smoking. Have you had any other major health issues?
[patient] I had lung cancer, but it's in remission now.
[doctor] Alright. Are you taking any medications for your lung cancer or COPD?
[patient] Just my inhalers for COPD. I haven’t been on any cancer medications lately.
[doctor] Understood. Have you had any recent scans or tests done for your current symptoms?
[patient] Yes, I had a CT scan last week. I think it showed something in my brain.
[doctor] I have the results here. The CT scan revealed multiple brain lesions, which are indicative of metastatic disease. We're still waiting for the detailed MRI results.
[patient] Oh, I see. What does that mean exactly?
[doctor] It means that the cancer has spread to your brain. We need to do further evaluations to determine the extent and plan the best treatment approach.
[patient] Okay, what are the next steps?
[doctor] We will start you on palliative chemotherapy with Temozolomide. You'll take 150 mg/m² once daily for 5 days every 28-day cycle. This will help manage the lesions in your brain.
[patient] And what else do I need to do?
[doctor] I'll also prescribe dexamethasone 4 mg tablets to be taken twice daily. This will help reduce any intracranial pressure that might be causing your headaches.
[patient] Alright, I understand.
[doctor] Additionally, I'm referring you to Neurosurgery for a consultation with Dr. Michael Anderson. He will evaluate if surgical resection is an option.
[patient] Okay, when will that happen?
[doctor] We'll schedule that soon. In the meantime, we'll order an MRI of your brain to get a clearer picture of the metastasis.
[patient] When will the MRI be done?
[doctor] We'll arrange it as soon as possible. We need those results to guide your treatment plan.
[patient] Alright. What should I do if my symptoms get worse?
[doctor] If you notice any new or worsening symptoms like increased headaches, vision changes, or new neurological deficits, you should report them immediately.
[patient] I will. When should I follow up with you?
[doctor] I'll schedule a follow-up appointment in two weeks to assess how you're responding to the treatment and manage any symptoms.
[patient] Okay, sounds good.
[doctor] We've discussed the diagnosis, treatment plan, and potential side effects. Do you have any questions or concerns?
[patient] No, I understand everything. Thank you for explaining it all.
[doctor] You're welcome. We're here to support you through this. Make sure to follow the medication plan and let us know if anything changes.
[patient] I will. Thank you, doctor.
[doctor] Take care, and we'll see you in two weeks for the follow-up.
[patient] Thank you. Bye.
[doctor] Goodbye."|"[doctor]: Good morning, how are you doing today?

[patient]: Good morning, doctor. I've been better, to be honest.

[doctor]: I'm sorry to hear that. Let's talk about what's been going on. You mentioned you've been having severe headaches?

[patient]: Yes, doctor. They've been really bad for the past three weeks.

[doctor]: I'm sorry to hear that. Can you describe these headaches for me?

[patient]: They are really intense, and they happen every day. They have made it hard for me to do anything.

[doctor]: I see. Have you noticed any other symptoms along with these headaches?

[patient]: Yes, I've been feeling nauseous and vomiting sometimes. And there are moments when I feel really confused.

[doctor]: Hmm, that sounds quite concerning. Have these symptoms affected your daily activities?

[patient]: Absolutely. I can't do anything by myself anymore. It's really frustrating.

[doctor]: I can imagine. Have you had any issues with your appetite or energy levels?

[patient]: Yes, my appetite has been poor, and I feel very fatigued all the time.

[doctor]: Okay, let's go over your medical history. Can you tell me about any significant past medical conditions?

[patient]: Well, I have COPD, which I manage with inhalers. I also quit smoking five years ago after smoking heavily for 20 years.

[doctor]: That's good that you quit smoking. Have you had any other major health issues?

[patient]: I had lung cancer, but it's in remission now.

[doctor]: Alright. Are you taking any medications for your lung cancer or COPD?

[patient]: Just my inhalers for COPD. I haven’t been on any cancer medications lately.

[doctor]: Understood. Have you had any recent scans or tests done for your current symptoms?

[patient]: Yes, I had a CT scan last week. I think it showed something in my brain.

[doctor]: I have the results here. The CT scan revealed multiple brain lesions, which are indicative of metastatic disease. We're still waiting for the detailed MRI results.

[patient]: Oh, I see. What does that mean exactly?

[doctor]: It means that the cancer has spread to your brain. We need to do further evaluations to determine the extent and plan the best treatment approach.

[patient]: Okay, what are the next steps?

[doctor]: We will start you on palliative chemotherapy with Temozolomide. You'll take 150 mg/m² once daily for 5 days every 28-day cycle. This will help manage the lesions in your brain.

[patient]: And what else do I need to do?

[doctor]: I'll also prescribe dexamethasone 4 mg tablets to be taken twice daily. This will help reduce any intracranial pressure that might be causing your headaches.

[patient]: Alright, I understand.

[doctor]: Additionally, I'm referring you to Neurosurgery for a consultation with Dr. Michael Anderson. He will evaluate if surgical resection is an option.

[patient]: Okay, when will that happen?

[doctor]: We'll schedule that soon. In the meantime, we'll order an MRI of your brain to get a clearer picture of the metastasis.

[patient]: When will the MRI be done?

[doctor]: We'll arrange it as soon as possible. We need those results to guide your treatment plan.

[patient]: Alright. What should I do if my symptoms get worse?

[doctor]: If you notice any new or worsening symptoms like increased headaches, vision changes, or new neurological deficits, you should report them immediately.

[patient]: I will. When should I follow up with you?

[doctor]: I'll schedule a follow-up appointment in two weeks to assess how you're responding to the treatment and manage any symptoms.

[patient]: Okay, sounds good.

[doctor]: We've discussed the diagnosis, treatment plan, and potential side effects. Do you have any questions or concerns?

[patient]: No, I understand everything. Thank you for explaining it all.

[doctor]: You're welcome. We're here to support you through this. Make sure to follow the medication plan and let us know if anything changes.

[patient]: I will. Thank you, doctor.

[doctor]: Take care, and we'll see you in two weeks for the follow-up.

[patient]: Thank you. Bye.

[doctor]: Goodbye."
SECONDARY MALIGNANT NEOPLASM OF BRAIN|"ROLE: Oncologist

- **Medical Outcome:** 
  - Diagnosis: Secondary malignant neoplasm of brain (ICD-10: C79.31)
  - Treatment: Referral to neuro-oncologist for consideration of immunotherapy
  - Referral:
    - Reason: Management of brain metastases
    - Specialty: Neuro-oncology
    - Doctor's Name: Dr. Benjamin Turner
  - Orders:
    - Imaging: CT scan of the brain with and without contrast
  - Medication: Dexamethasone 4 mg, oral, twice daily, 30 tablets, for edema; Metoclopramide 10 mg, oral, thrice daily as needed for nausea, 20 tablets
- **Medical History:** 
  - Previous Diagnoses: Melanoma (stage IV)
  - Family Medical History: Mother had Alzheimer's disease, father had hypertension
  - Medication History: Previous treatment with vemurafenib
  - Allergies: Sulfa drugs
  - Chronic Conditions: Chronic kidney disease (CKD)
- **Symptom Description:** 
  - Severity: Severe headaches rated 8/10
  - Duration: Headaches for the past 3 weeks
  - Associated Symptoms: Nausea, blurred vision, right-sided weakness, aphasia
  - Frequency: Headaches noted multiple times a day
  - Impact on Daily Activities: Severe—confined to bed most of the time
- **Patient’s self-reported habits and lifestyle:** 
  - Sleep: Interrupted, frequent waking due to symptoms
  - Diet: Reduced appetite leading to weight loss
  - Exercise: Minimal due to severe weakness and fatigue
  - Tobacco Use: Former smoker, quit 10 years ago
  - Alcohol Consumption: None
  - Drug Use: None
  - Recreational Activities: None currently, used to enjoy hiking
- **Demographic Information:** 
  - Age: 45
  - Gender: Male
  - Ethnicity: Asian
  - Socio-economic Status: Low-income
  - Education Level: High school dropout
  - Health Literacy: Low - requires easy-to-understand explanations
  - Job Status: Unemployed, previously worked as a manual laborer
- **Patient's Behavior:** Cooperative but struggles with understanding medical terms
- **Geographical Location:** 
  - Urban
  - Pollution and Environmental Health Risks: High pollution area
  - Neighborhood Type: Impoverished, high crime rate
  - Poorly-served by Transit
- **Clinical Setting:** Urgent Care Center in a densely populated urban area
- **Type of Encounter:** Emergency visit due to worsening symptoms
- **Treatment Disparities:** Concerns about access to follow-up care due to financial constraints
- **Native or Non-Native English Speaking Patient:** Non-Native English-speaking (primary language: Hindi)
- **Physical exams:** 
  - Neurological Examination: Positive for right-sided hemiparesis and expressive aphasia
  - Mental Status Examination: Confused, disoriented to time and place
- **Investigation/Test results:**
  - Awaiting CT scan results for further evaluation

Please evaluate the scenario and provide feedback if needed."|"Certainly, here is a detailed medical note based on the provided scenario:

#####
**1. Subjective:**

**Chief Complaint (CC):** Severe headaches and associated symptoms

**History of Present Illness (HPI):** 
- A 45-year-old male, previously diagnosed with stage IV melanoma, presents to the urgent care center due to worsening headaches that have been ongoing for the past three weeks. The headaches are severe, rated 8/10 in intensity, and occur multiple times a day.
- The patient reports associated symptoms including nausea, blurred vision, right-sided weakness, and difficulty with speech (aphasia). These symptoms have confined the patient to bed most of the time, significantly impacting his daily activities.

**Review of Systems (ROS):**
- **Neurological:** Severe headaches, right-sided weakness, aphasia, blurred vision.
- **Gastrointestinal:** Nausea.
- **General:** Significant fatigue and reduced appetite leading to weight loss.

**2. Objective:**
- **Vital Signs:** BP: 135/85 mmHg, HR: 88 bpm, RR: 18 breaths/min, Temp: 37.0°C
- **Physical Examination:**
    - **General:** Appears fatigued and in distress due to pain.
    - **Neurological:** Positive for right-sided hemiparesis, expressive aphasia. Confused and disoriented to time and place.
    - **Mental Status Examination:** Confused, disoriented.

- **Investigation/Test results:** Awaiting results of CT scan of the brain with and without contrast.

**3. Assessment:**
- Diagnosis: Secondary malignant neoplasm of brain (ICD-10: C79.31)
- Likely secondary to stage IV melanoma with brain metastases.

**4. Plan:**
- **Imaging:**
    - Order CT scan of the brain with and without contrast for further evaluation of brain metastases.

- **Medication:**
    - **Dexamethasone:** 4 mg oral, twice daily, 30 tablets, to manage cerebral edema.
    - **Metoclopramide:** 10 mg oral, thrice daily as needed for nausea, 20 tablets.

- **Referral:**
    - Refer to neuro-oncologist, Dr. Benjamin Turner, for consideration of immunotherapy and further management of brain metastases.

- **Follow-up and Monitoring:**
    - Discuss with the patient the importance of attending follow-up appointments despite financial constraints. Provide information on possible financial assistance programs for cancer patients.
    - Arrange for a follow-up appointment with a social worker to discuss financial resources and access to care.

- **Patient Education:**
    - Explain the diagnosis and treatment plan in simple terms, ensuring patient understanding, given the low health literacy and non-native English-speaking background. Use Hindi language support if available.

- **Lifestyle Adjustments:**
    - Advise on the importance of rest, proper nutrition, and hydration.

**Discussion:**
Given the patient's complex medical history, including stage IV melanoma and current symptoms indicative of brain metastases, urgent and comprehensive management is necessary. The patient’s severe symptoms, combined with socioeconomic challenges, require careful coordination of care and support services to ensure optimal outcomes.
#####

This note aims to provide a comprehensive yet clear summary of the patient's current condition, the physician's findings, and the proposed plan of care."|"**1. Subjective:**

**Chief Complaint (CC):** Severe headaches and associated symptoms

**History of Present Illness (HPI):** 
- A 45-year-old male, previously diagnosed with stage IV melanoma, presents to the urgent care center due to worsening headaches that have been ongoing for the past three weeks. The headaches are severe, rated 8/10 in intensity, and occur multiple times a day.
- The patient reports associated symptoms including nausea, blurred vision, right-sided weakness, and difficulty with speech (aphasia). These symptoms have confined the patient to bed most of the time, significantly impacting his daily activities.

**Review of Systems (ROS):**
- **Neurological:** Severe headaches, right-sided weakness, aphasia, blurred vision.
- **Gastrointestinal:** Nausea.
- **General:** Significant fatigue and reduced appetite leading to weight loss.

**2. Objective:**
- **Vital Signs:** BP: 135/85 mmHg, HR: 88 bpm, RR: 18 breaths/min, Temp: 37.0°C
- **Physical Examination:**
    - **General:** Appears fatigued and in distress due to pain.
    - **Neurological:** Positive for right-sided hemiparesis, expressive aphasia. Confused and disoriented to time and place.
    - **Mental Status Examination:** Confused, disoriented.

**3. Assessment:**
- Diagnosis: Secondary malignant neoplasm of brain (ICD-10: C79.31)
- Likely secondary to stage IV melanoma with brain metastases.

**4. Plan:**
- **Imaging:**
    - Order CT scan of the brain with and without contrast for further evaluation of brain metastases.

- **Medication:**
    - **Dexamethasone:** 4 mg oral, twice daily, 30 tablets, to manage cerebral edema.
    - **Metoclopramide:** 10 mg oral, thrice daily as needed for nausea, 20 tablets.

- **Referral:**
    - Refer to neuro-oncologist, Dr. Benjamin Turner, for consideration of immunotherapy and further management of brain metastases.

- **Follow-up and Monitoring:**
    - Discuss with the patient the importance of attending follow-up appointments despite financial constraints. Provide information on possible financial assistance programs for cancer patients.
    - Arrange for a follow-up appointment with a social worker to discuss financial resources and access to care.

- **Patient Education:**
    - Explain the diagnosis and treatment plan in simple terms, ensuring patient understanding, given the low health literacy and non-native English-speaking background. Use Hindi language support if available.

- **Lifestyle Adjustments:**
    - Advise on the importance of rest, proper nutrition, and hydration."|"**1. Subjective:**

**CC:** Severe headaches and associated symptoms

**HPI:** 
- A 45-year-old M, previously dx with stage IV melanoma, presents to UC due to worsening HAs ongoing for the past 3 wks. HAs are severe, rated 8/10 in intensity, and occur multiple times/day.
- Pt reports associated sx including N/V, blurred vision, R-sided weakness, and aphasia. These sx have confined the pt to bed most of the time, significantly impacting daily activities.

**ROS:**
- **Neuro:** Severe HAs, R-sided weakness, aphasia, blurred vision.
- **GI:** N/V.
- **General:** Significant fatigue and reduced appetite leading to wt loss.

**2. Objective:**
- **VS:** BP: 135/85 mmHg, HR: 88 bpm, RR: 18, Temp: 37.0°C
- **PE:**
    - **General:** Appears fatigued and in distress due to pain.
    - **Neuro:** Positive for R-sided hemiparesis, expressive aphasia. Confused and disoriented to time and place.
    - **MSE:** Confused, disoriented.

**3. Assessment:**
- Dx: Secondary malignant neoplasm of brain (ICD-10: C79.31)
- Likely secondary to stage IV melanoma with brain mets.

**4. Plan:**
- **Imaging:**
    - Order CT brain w/ and w/o contrast for further eval of brain mets.

- **Meds:**
    - **Dexamethasone:** 4 mg PO BID, 30 tabs, to manage cerebral edema.
    - **Metoclopramide:** 10 mg PO TID PRN for N/V, 20 tabs.

- **Referral:**
    - Refer to neuro-onc, Dr. Benjamin Turner, for consideration of immunotherapy and further mgmt of brain mets.

- **F/U and Monitoring:**
    - Discuss with pt the importance of attending F/U appts despite financial constraints. Provide info on possible financial assistance programs for CA pts.
    - Arrange for F/U appt with SW to discuss financial resources and access to care.

- **Pt Education:**
    - Explain dx and tx plan in simple terms, ensuring pt understanding, given low health literacy and non-native English-speaking background. Use Hindi language support if available.

- **Lifestyle Adjustments:**
    - Advise on the importance of rest, proper nutrition, and hydration."|Oncologist|"**Doctor:** Good morning. How are you feeling today?

**Patient:** Good morning, Doctor. Honestly, not so great. I've been having these really bad headaches for the past few weeks.

**Doctor:** I'm sorry to hear that. Can you tell me more about these headaches?

**Patient:** They are really severe, like an 8 out of 10 in pain. They happen multiple times a day and really mess me up.

**Doctor:** Hmm, that sounds quite intense. Do you have any other symptoms along with the headaches?

**Patient:** Yes, I feel nauseous a lot, and my vision gets blurry sometimes. I've also noticed weakness on my right side and sometimes I struggle to find the right words.

**Doctor:** I see. It sounds like you’ve been dealing with a lot. How has this affected your daily activities?

**Patient:** Honestly, it's been terrible. I've been stuck in bed most of the time. It's really hard to do anything.

**Doctor:** That must be very frustrating. Let's go over some additional details. Have you experienced any significant fatigue or loss of appetite?

**Patient:** Yes, I'm always tired, and I don't feel like eating much. I've lost some weight because of it.

**Doctor:** I understand. Let’s check your vital signs first. Your blood pressure is 135/85 mmHg, heart rate is 88 beats per minute, respiratory rate is 18 breaths per minute, and your temperature is 37.0°C.

**Patient:** Okay.

**Doctor:** Now, I'll do a quick physical examination. You look quite fatigued and in a lot of pain. I’m going to check your neurological function. Can you squeeze my hands?

**Patient:** [Attempts to squeeze] I can feel it, but not very strong on the right side.

**Doctor:** I see. You have some right-sided weakness. Can you try to lift your right arm?

**Patient:** [Attempts to lift] It’s really hard. 

**Doctor:** Alright. I’m also noticing some issues with your speech. It's called aphasia. Are you feeling confused or disoriented?

**Patient:** Yes, sometimes I don't know what time or day it is.

**Doctor:** Thank you for sharing that. Given your symptoms and your history of stage IV melanoma, it’s important for us to investigate further. I’m going to order a CT scan of your brain with and without contrast to see if there are any signs of brain metastases.

**Patient:** Okay, Doctor.

**Doctor:** While we wait for the results, let's talk about managing your symptoms. I’m prescribing dexamethasone, which you’ll take 4 mg orally twice daily. This will help with the cerebral edema.

**Patient:** Dexamethasone? What’s that?

**Doctor:** It's a medication that reduces swelling in the brain. It should help with the headaches and other neurological symptoms.

**Patient:** Okay, and for nausea?

**Doctor:** I’m also prescribing metoclopramide, 10 mg orally, three times a day as needed for nausea. You’ll have 20 tablets to start.

**Patient:** Got it. What about seeing a specialist?

**Doctor:** I’m referring you to a neuro-oncologist, Dr. Benjamin Turner. He will discuss further treatments like immunotherapy and other management options for the brain metastases.

**Patient:** Do I have to see him soon?

**Doctor:** Yes, it’s important to see him as soon as possible. I’ll have my team help you set up an appointment.

**Patient:** Alright, but I’m worried about the costs. My financial situation isn’t great right now.

**Doctor:** I understand your concern. I’ll arrange for you to meet with a social worker who can discuss financial assistance programs for cancer patients. It’s crucial that you attend your follow-up appointments despite the financial constraints.

**Patient:** Thank you, Doctor. I’ll try my best.

**Doctor:** No problem. We’re here to support you. I’ll also make sure you receive information in Hindi if that helps you understand it better.

**Patient:** Yes, that would be helpful.

**Doctor:** Great. In addition to the medications and specialist referral, it’s important to rest, eat well, and stay hydrated. Your condition requires careful management and support.

**Patient:** I’ll do my best.

**Doctor:** Excellent. We’ll monitor your progress closely. We’ll schedule a follow-up appointment to review your CT scan results and discuss the next steps. Do you have any questions for me?

**Patient:** No, I think that covers it. Thank you for your help, Doctor.

**Doctor:** You’re welcome. Take care of yourself, and we’ll see you soon for the follow-up.

**Patient:** Alright, thank you.

**Doctor:** Goodbye for now."|"[doctor]: Good morning. How are you feeling today?

[patient]: Good morning, Doctor. Honestly, not so great. I've been having these really bad headaches for the past few weeks.

[doctor]: I'm sorry to hear that. Can you tell me more about these headaches?

[patient]: They are really severe, like an 8 out of 10 in pain. They happen multiple times a day and really mess me up.

[doctor]: Hmm, that sounds quite intense. Do you have any other symptoms along with the headaches?

[patient]: Yes, I feel nauseous a lot, and my vision gets blurry sometimes. I've also noticed weakness on my right side and sometimes I struggle to find the right words.

[doctor]: I see. It sounds like you’ve been dealing with a lot. How has this affected your daily activities?

[patient]: Honestly, it's been terrible. I've been stuck in bed most of the time. It's really hard to do anything.

[doctor]: That must be very frustrating. Let's go over some additional details. Have you experienced any significant fatigue or loss of appetite?

[patient]: Yes, I'm always tired, and I don't feel like eating much. I've lost some weight because of it.

[doctor]: I understand. Let’s check your vital signs first. Your blood pressure is 135/85 mmHg, heart rate is 88 beats per minute, respiratory rate is 18 breaths per minute, and your temperature is 37.0°C.

[patient]: Okay.

[doctor]: Now, I'll do a quick physical examination. You look quite fatigued and in a lot of pain. I’m going to check your neurological function. Can you squeeze my hands?

[patient]: [Attempts to squeeze] I can feel it, but not very strong on the right side.

[doctor]: I see. You have some right-sided weakness. Can you try to lift your right arm?

[patient]: [Attempts to lift] It’s really hard. 

[doctor]: Alright. I’m also noticing some issues with your speech. It's called aphasia. Are you feeling confused or disoriented?

[patient]: Yes, sometimes I don't know what time or day it is.

[doctor]: Thank you for sharing that. Given your symptoms and your history of stage IV melanoma, it’s important for us to investigate further. I’m going to order a CT scan of your brain with and without contrast to see if there are any signs of brain metastases.

[patient]: Okay, Doctor.

[doctor]: While we wait for the results, let's talk about managing your symptoms. I’m prescribing dexamethasone, which you’ll take 4 mg orally twice daily. This will help with the cerebral edema.

[patient]: Dexamethasone? What’s that?

[doctor]: It's a medication that reduces swelling in the brain. It should help with the headaches and other neurological symptoms.

[patient]: Okay, and for nausea?

[doctor]: I’m also prescribing metoclopramide, 10 mg orally, three times a day as needed for nausea. You’ll have 20 tablets to start.

[patient]: Got it. What about seeing a specialist?

[doctor]: I’m referring you to a neuro-oncologist, Dr. Benjamin Turner. He will discuss further treatments like immunotherapy and other management options for the brain metastases.

[patient]: Do I have to see him soon?

[doctor]: Yes, it’s important to see him as soon as possible. I’ll have my team help you set up an appointment.

[patient]: Alright, but I’m worried about the costs. My financial situation isn’t great right now.

[doctor]: I understand your concern. I’ll arrange for you to meet with a social worker who can discuss financial assistance programs for cancer patients. It’s crucial that you attend your follow-up appointments despite the financial constraints.

[patient]: Thank you, Doctor. I’ll try my best.

[doctor]: No problem. We’re here to support you. I’ll also make sure you receive information in Hindi if that helps you understand it better.

[patient]: Yes, that would be helpful.

[doctor]: Great. In addition to the medications and specialist referral, it’s important to rest, eat well, and stay hydrated. Your condition requires careful management and support.

[patient]: I’ll do my best.

[doctor]: Excellent. We’ll monitor your progress closely. We’ll schedule a follow-up appointment to review your CT scan results and discuss the next steps. Do you have any questions for me?

[patient]: No, I think that covers it. Thank you for your help, Doctor.

[doctor]: You’re welcome. Take care of yourself, and we’ll see you soon for the follow-up.

[patient]: Alright, thank you.

[doctor]: Goodbye for now."
SECONDARY MALIGNANT NEOPLASM OF BRAIN|"**ROLE:** Oncologist

**1) Medical Outcome:**
- Diagnosis: Secondary malignant neoplasm of the brain.
- Treatment:
  - Chemotherapy: Cisplatin, 75 mg/m² IV, every 3 weeks.
  - Anticonvulsant: Lamotrigine, 200 mg, oral, twice daily, for seizure control, 60 tablets.
  - Pain management: Fentanyl patch, 25 mcg/hr, apply every 72 hours, 10 patches.
  - Follow-up: Weekly follow-up appointments for chemotherapy monitoring and symptom management.
  - Referral to neuro-ophthalmologist: Dr. Michael Stevens, for evaluation and management of visual symptoms.
- Blood work: Complete Metabolic Panel (biochemistry), to monitor renal and hepatic function.
- Imaging: MRI brain with contrast to monitor the progression of the tumor, results pending.

**2) Medical History:**
- Previous Diagnoses: Melanoma, removed surgically, and multiple sclerosis currently in remission.
- Family Medical History: Mother had ovarian cancer, sister has rheumatoid arthritis.
- Medication History: Previous immunotherapy for melanoma, current medication includes Gabapentin for neuropathy.
- Allergies: None.
- Chronic Conditions: Multiple sclerosis, Type 1 Diabetes Mellitus, Chronic kidney disease.

**3) Symptom Description:**
- Severity: Severe headaches rated 9/10 on the pain scale.
- Duration: Persistent for the last 2 months, with periods of exacerbation.
- Associated Symptoms: Blurred vision, photophobia, vomiting, memory loss.
- Frequency: Several times a day, with increasingly frequent exacerbations.
- Impact on Daily Activities: Absolute inability to perform any independent activities, requiring full-time caregiver support.

**4) Patient’s Self-Reported Habits and Lifestyle:**
- Sleep: Severely disrupted due to pain and vomiting.
- Diet: Maintains a balanced diet but decreased appetite and significant unintentional weight loss.
- Exercise: Not able to engage in any exercise due to fatigue and weakness.
- Tobacco Use: Never smoked.
- Alcohol Consumption: None.
- Drug Use: None.
- Recreational Activities: Unable to participate in any activities, previously enjoyed painting.

**5) Demographic Information:**
- Age: 45
- Gender: Female
- Ethnicity: Asian
- Socio-economic Status: Middle-income
- Education Level: University degree
- Health Literacy: High, understands medical information well.
- Job Status: Currently on medical leave from teaching job.

**6) Patient's Behavior:**
- Completely compliant with treatment, tracks medications and appointments meticulously.

**7) Geographical Location:**
- Big city with access to a comprehensive cancer center.
- Affluent neighborhood with good access to healthcare services.
- Low pollution and minimal environmental health risks.

**8) Clinical Setting:**
- Specialty cancer center in a major urban hospital.

**9) Type of Encounter:**
- Scheduled consultation for treatment planning and ongoing management.

**10) Treatment Disparities:**
- None, patient has full access to advanced treatments and supportive care services.

**11) Native or Non-Native English Speaking Patient:**
- Native English speaker.

**12) Physical exams:**
- Neurological examination: Positive for papilledema, difficulty with executive function, and decreased reflexes in lower extremities.

**13) Investigation/Test results:**
- MRI brain with contrast ordered, awaiting results.
- Blood Work: Complete Metabolic Panel - elevated creatinine indicating possible renal impairment."|"#####
**1. Subjective:**
**Chief Complaint (CC):**  
Severe headaches.

**History of Present Illness (HPI):**  
Jane Lee is a 45-year-old female presenting with severe headaches that she rates as 9/10 on the pain scale. The headaches have been persistent for the past 2 months, with periods of exacerbation. They are associated with blurred vision, photophobia, vomiting, and memory loss. She reports that the headaches occur several times a day and have been increasing in frequency. Due to the severity of her symptoms, she is unable to perform any independent activities and requires full-time caregiver support.

**Review of Systems (ROS):**  
- **Neurological:** Severe headaches, memory loss, blurred vision, photophobia, vomiting.
- **Musculoskeletal:** Fatigue and weakness.
- **Gastrointestinal:** Decreased appetite and significant unintentional weight loss.
- **General:** Disrupted sleep due to pain and vomiting.

**2. Objective:**
**Vital Signs:**  
BP: 130/80 mmHg, HR: 78 bpm, RR: 16 breaths/min, Temp: 98.6°F, O2 Sat: 98% on room air.

**Physical Exam:**
- **Neurological:** Positive for papilledema, difficulty with executive function, decreased reflexes in lower extremities.
- **General:** Patient appears in distress due to pain, cachectic appearance due to significant weight loss.

**Investigations:**
- **Blood Work:** Complete Metabolic Panel shows elevated creatinine indicating possible renal impairment.
- **Imaging:** MRI brain with contrast ordered; results pending.

**3. Assessment:**
Secondary malignant neoplasm of the brain, likely metastasis from previously treated melanoma. Elevated creatinine suggesting renal impairment, possibly secondary to the malignancy or treatment effects.

**4. Plan:**
- **Chemotherapy:** Administer Cisplatin, 75 mg/m² IV, every 3 weeks.
- **Seizure Control:** Prescribe Lamotrigine, 200 mg oral, twice daily, 60 tablets.
- **Pain Management:** Apply Fentanyl patch, 25 mcg/hr, every 72 hours, 10 patches.
- **Monitoring:** Weekly follow-up appointments for chemotherapy monitoring and symptom management.
- **Referral:** Refer to neuro-ophthalmologist, Dr. Michael Stevens, for evaluation and management of visual symptoms.
- **Further Investigations:** Await MRI brain with contrast results to monitor tumor progression; repeated blood work as needed to monitor renal and hepatic function.
- **Support Services:** Ensure comprehensive supportive care services, including pain management, nutritional support, and psychological counseling.

**Instructions:**
- The patient will report any new or worsening symptoms immediately.
- Continue to maintain a balanced diet to the best extent possible and seek nutritional support for weight loss.
- Patient will follow up with weekly appointments for chemotherapy and symptom management.
- Schedule appointment with neuro-ophthalmologist.
#####"|"**1. Subjective:**
**Chief Complaint (CC):**  
Severe headaches.

**History of Present Illness (HPI):**  
Jane Lee is a 45-year-old female presenting with severe headaches that she rates as 9/10 on the pain scale. The headaches have been persistent for the past 2 months, with periods of exacerbation. They are associated with blurred vision, photophobia, vomiting, and memory loss. She reports that the headaches occur several times a day and have been increasing in frequency. Due to the severity of her symptoms, she is unable to perform any independent activities and requires full-time caregiver support.

**Review of Systems (ROS):**  
- **Neurological:** Severe headaches, memory loss, blurred vision, photophobia, vomiting.
- **Musculoskeletal:** Fatigue and weakness.
- **Gastrointestinal:** Decreased appetite and significant unintentional weight loss.
- **General:** Disrupted sleep due to pain and vomiting.

**2. Objective:**
**Vital Signs:**  
BP: 130/80 mmHg, HR: 78 bpm, RR: 16 breaths/min, Temp: 98.6°F, O2 Sat: 98% on room air.

**Physical Exam:**
- **Neurological:** Positive for papilledema, difficulty with executive function, decreased reflexes in lower extremities.
- **General:** Patient appears in distress due to pain, cachectic appearance due to significant weight loss.

**Investigations:**
- **Blood Work:** Complete Metabolic Panel shows elevated creatinine indicating possible renal impairment.

**3. Assessment:**
Secondary malignant neoplasm of the brain, likely metastasis from previously treated melanoma. Elevated creatinine suggesting renal impairment, possibly secondary to the malignancy or treatment effects.

**4. Plan:**
- **Chemotherapy:** Administer Cisplatin, 75 mg/m² IV, every 3 weeks.
- **Seizure Control:** Prescribe Lamotrigine, 200 mg oral, twice daily, 60 tablets.
- **Pain Management:** Apply Fentanyl patch, 25 mcg/hr, every 72 hours, 10 patches.
- **Monitoring:** Weekly follow-up appointments for chemotherapy monitoring and symptom management.
- **Referral:** Refer to neuro-ophthalmologist, Dr. Michael Stevens, for evaluation and management of visual symptoms.
- **Further Investigations:** Await MRI brain with contrast results to monitor tumor progression; repeated blood work as needed to monitor renal and hepatic function.
- **Support Services:** Ensure comprehensive supportive care services, including pain management, nutritional support, and psychological counseling.

**Instructions:**
- The patient will report any new or worsening symptoms immediately.
- Continue to maintain a balanced diet to the best extent possible and seek nutritional support for weight loss.
- Patient will follow up with weekly appointments for chemotherapy and symptom management.
- Schedule appointment with neuro-ophthalmologist."|"**1. Subjective:**
**CC:**  
Severe headaches.

**HPI:**  
Jane Lee is a 45 y/o F presenting with severe HAs rated 9/10 on the pain scale. HAs persistent for 2 mos, with periods of exacerbation. Associated with blurred vision, photophobia, vomiting, and memory loss. Reports HAs several times/day, increasing in frequency. Unable to perform ADLs, requires full-time caregiver support.

**ROS:**  
- **Neuro:** Severe HAs, memory loss, blurred vision, photophobia, vomiting.
- **MSK:** Fatigue and weakness.
- **GI:** Decreased appetite, significant unintentional weight loss.
- **General:** Disrupted sleep due to pain and vomiting.

**2. Objective:**
**VS:**  
BP: 130/80 mmHg, HR: 78 bpm, RR: 16, Temp: 98.6°F, O2 Sat: 98% RA.

**PE:**
- **Neuro:** +papilledema, difficulty with executive function, ↓ reflexes in LEs.
- **General:** Pt appears in distress due to pain, cachectic appearance due to significant weight loss.

**Investigations:**
- **Labs:** CMP shows ↑ creatinine indicating possible renal impairment.

**3. Assessment:**
Secondary malignant neoplasm of the brain, likely mets from previously treated melanoma. ↑ creatinine suggesting renal impairment, possibly secondary to malignancy or tx effects.

**4. Plan:**
- **Chemo:** Administer Cisplatin, 75 mg/m² IV, q3w.
- **Seizure Control:** Rx Lamotrigine, 200 mg PO BID, 60 tabs.
- **Pain Mgmt:** Apply Fentanyl patch, 25 mcg/hr, q72h, 10 patches.
- **Monitoring:** Weekly f/u appts for chemo monitoring and symptom mgmt.
- **Referral:** Refer to neuro-ophth, Dr. Michael Stevens, for eval and mgmt of visual symptoms.
- **Further Investigations:** Await MRI brain w/ contrast results to monitor tumor progression; repeat labs PRN to monitor renal and hepatic function.
- **Support Services:** Ensure comprehensive supportive care services, including pain mgmt, nutritional support, and psych counseling.

**Instructions:**
- Pt to report any new or worsening symptoms immediately.
- Continue to maintain a balanced diet to the best extent possible and seek nutritional support for weight loss.
- Pt to f/u with weekly appts for chemo and symptom mgmt.
- Schedule appt with neuro-ophth."|Role not found in the first 5 lines.|"```
[doctor] Hi Jane, how are you feeling today?

[patient] Hi doctor, I'm not doing well. I've been having these severe headaches.

[doctor] I'm sorry to hear that. Can you tell me more about your headaches? When did they start?

[patient] They started about two months ago. They're really bad, like 9 out of 10 on the pain scale.

[doctor] That sounds very painful. How often do these headaches occur?

[patient] They happen several times a day and seem to be getting worse.

[doctor] I see. Are you experiencing any other symptoms along with the headaches?

[patient] Yes, I have blurred vision, sensitivity to light, vomiting, and sometimes I even forget things.

[doctor] That must be very difficult. Have you noticed any changes in your appetite or weight?

[patient] Yes, I've lost a lot of weight and don't feel like eating much.

[doctor] And how has your sleep been? Are the headaches disrupting your sleep?

[patient] Yes, I can hardly sleep because of the pain and vomiting.

[doctor] Thanks for sharing all that information, Jane. It helps me understand what you're going through. Let me take a look at your medical history and perform a physical exam. 

[patient] Okay.

[doctor] Your blood pressure is 130/80 mmHg, heart rate is 78 bpm, respiratory rate is 16 breaths per minute, temperature is 98.6°F, and oxygen saturation is 98% on room air. 

[patient] Alright.

[doctor] I'll now perform a physical examination. Let's start with your neurological exam. 

[patient] Sure.

[doctor] I see you have papilledema, which is swelling of the optic nerve due to increased pressure in the brain. You also seem to have some difficulty with executive functions. Your reflexes in the lower extremities are decreased.

[patient] What does that mean?

[doctor] It means there is some impairment in your brain function and nervous system. You also appear to be in distress due to the pain and have significant weight loss, which makes you look cachectic.

[patient] I feel awful all the time.

[doctor] I understand. We will do everything we can to help you feel better. I have ordered an MRI of your brain with contrast to get a clearer picture of what’s going on. The results are still pending.

[patient] Okay, what do you think it could be?

[doctor] Based on your symptoms and examination, I suspect it might be a secondary malignant neoplasm of the brain, which means the cancer might have spread to your brain. This could be related to the melanoma you were treated for previously. 

[patient] Oh no, that's terrible news.

[doctor] I know it’s a lot to take in, Jane. We will confirm it with the MRI results. There’s also an elevated creatinine level in your blood work, which suggests possible renal impairment. This could be due to the malignancy or the effects of previous treatments.

[patient] What can we do to treat this?

[doctor] We have a plan in place. We’ll start with chemotherapy to target the cancer. You’ll be receiving Cisplatin, 75 mg/m² IV, every 3 weeks.

[patient] Okay, what about the pain and other symptoms?

[doctor] For seizure control, we’ll prescribe Lamotrigine, 200 mg oral, twice daily. For pain management, you’ll use a Fentanyl patch, 25 mcg/hr, which you’ll change every 72 hours.

[patient] That sounds like a lot. Will I have to come in often?

[doctor] Yes, we’ll need you to come in for weekly follow-up appointments to monitor your chemotherapy and manage your symptoms.

[patient] Will I need to see any other specialists?

[doctor] Yes, I’ll refer you to a neuro-ophthalmologist, Dr. Michael Stevens, to evaluate and manage your visual symptoms.

[patient] Okay, what else do I need to do?

[doctor] We’re waiting for the MRI results to monitor the tumor progression. We’ll also repeat blood work as needed to monitor your renal and hepatic function. I’ll make sure you have comprehensive supportive care, including pain management, nutritional support, and psychological counseling.

[patient] How soon can we start?

[doctor] We’ll start as soon as possible. In the meantime, please report any new or worsening symptoms immediately. Try to maintain a balanced diet and seek nutritional support for your weight loss.

[patient] Alright, I’ll do my best.

[doctor] Good. We’ll set up your weekly appointments and schedule your visit with the neuro-ophthalmologist. We’ll take this one step at a time.

[patient] Thank you, doctor.

[doctor] You’re welcome, Jane. We’re here to support you through this.

[patient] It means a lot, thank you.

[doctor] Take care, Jane. We’ll get through this together.
```"|"[doctor]: Hi Jane, how are you feeling today?

[patient]: Hi doctor, I'm not doing well. I've been having these severe headaches.

[doctor]: Hmm, I'm sorry to hear that. Can you tell me more about your headaches? When did they start?

[patient]: They started about two months ago. They're really bad, like 9 out of 10 on the pain scale.

[doctor]: Oh wow, that sounds very painful. How often do these headaches occur?

[patient]: They happen several times a day and seem to be getting worse.

[doctor]: I see. Are you experiencing any other symptoms along with the headaches?

[patient]: Yes, I have blurred vision, sensitivity to light, vomiting, and sometimes I even forget things.

[doctor]: That must be very difficult. Have you noticed any changes in your appetite or weight?

[patient]: Yes, I've lost a lot of weight and don't feel like eating much.

[doctor]: And how has your sleep been? Are the headaches disrupting your sleep?

[patient]: Yes, I can hardly sleep because of the pain and vomiting.

[doctor]: Thanks for sharing all that information, Jane. It helps me understand what you're going through. Let me take a look at your medical history and perform a physical exam.

[patient]: Okay.

[doctor]: Your blood pressure is 130/80 mmHg, heart rate is 78 bpm, respiratory rate is 16 breaths per minute, temperature is 98.6°F, and oxygen saturation is 98% on room air.

[patient]: Alright.

[doctor]: I'll now perform a physical examination. Let's start with your neurological exam.

[patient]: Sure.

[doctor]: I see you have papilledema, which is swelling of the optic nerve due to increased pressure in the brain. You also seem to have some difficulty with executive functions. Your reflexes in the lower extremities are decreased.

[patient]: What does that mean?

[doctor]: It means there is some impairment in your brain function and nervous system. You also appear to be in distress due to the pain and have significant weight loss, which makes you look cachectic.

[patient]: I feel awful all the time.

[doctor]: I understand. We will do everything we can to help you feel better. I have ordered an MRI of your brain with contrast to get a clearer picture of what’s going on. The results are still pending.

[patient]: Okay, what do you think it could be?

[doctor]: Based on your symptoms and examination, I suspect it might be a secondary malignant neoplasm of the brain, which means the cancer might have spread to your brain. This could be related to the melanoma you were treated for previously.

[patient]: Oh no, that's terrible news.

[doctor]: I know it’s a lot to take in, Jane. We will confirm it with the MRI results. There’s also an elevated creatinine level in your blood work, which suggests possible renal impairment. This could be due to the malignancy or the effects of previous treatments.

[patient]: What can we do to treat this?

[doctor]: We have a plan in place. We’ll start with chemotherapy to target the cancer. You’ll be receiving Cisplatin, 75 mg/m² IV, every 3 weeks.

[patient]: Okay, what about the pain and other symptoms?

[doctor]: For seizure control, we’ll prescribe Lamotrigine, 200 mg oral, twice daily. For pain management, you’ll use a Fentanyl patch, 25 mcg/hr, which you’ll change every 72 hours.

[patient]: That sounds like a lot. Will I have to come in often?

[doctor]: Yes, we’ll need you to come in for weekly follow-up appointments to monitor your chemotherapy and manage your symptoms.

[patient]: Will I need to see any other specialists?

[doctor]: Yes, I’ll refer you to a neuro-ophthalmologist, Dr. Michael Stevens, to evaluate and manage your visual symptoms.

[patient]: Okay, what else do I need to do?

[doctor]: We’re waiting for the MRI results to monitor the tumor progression. We’ll also repeat blood work as needed to monitor your renal and hepatic function. I’ll make sure you have comprehensive supportive care, including pain management, nutritional support, and psychological counseling.

[patient]: How soon can we start?

[doctor]: We’ll start as soon as possible. In the meantime, please report any new or worsening symptoms immediately. Try to maintain a balanced diet and seek nutritional support for your weight loss.

[patient]: Alright, I’ll do my best.

[doctor]: Good. We’ll set up your weekly appointments and schedule your visit with the neuro-ophthalmologist. We’ll take this one step at a time.

[patient]: Thank you, doctor.

[doctor]: You’re welcome, Jane. We’re here to support you through this.

[patient]: It means a lot, thank you.

[doctor]: Take care, Jane. We’ll get through this together."
SECONDARY MALIGNANT NEOPLASM OF BRAIN|"ROLE: Oncologist

- **Medical Outcome:**
    - Diagnosis: Secondary Malignant Neoplasm of Brain
    - Prescribed Treatment:
        - Chemotherapy with Lomustine, 110 mg, oral, single dose every 6 weeks, for 6 cycles.
        - Radiation Therapy: Referral to Radiation Oncologist Dr. Sarah Johnson for stereotactic radiosurgery.
    - Follow-up Recommendations:
        - CT Brain with contrast to be repeated every 3 months to monitor tumor status.
        - Consultation with Neurosurgeon Dr. Robert Kim for surgical evaluation due to symptomatic lesions.
    - Medication Adjustment:
        - Dexamethasone 8 mg, oral, twice daily to reduce intracranial pressure, to be tapered based on response.
    - Lifestyle Change:
        - Emphasize the importance of rest and proper hydration.
        - Avoidance of strenuous activities.

- **Medical History:**
    - Previous Diagnoses: Metastatic melanoma treated with immunotherapy.
    - Family Medical History: No significant family history of cancer.
    - Medication History: Completed immunotherapy with pembrolizumab 6 months ago.
    - Allergies: No known drug allergies.
    - Chronic Conditions: Hypertension, controlled with medication.

- **Symptom Description:**
    - Severity: Intense headaches, severe.
    - Duration: Symptoms started 1 month ago.
    - Associated Symptoms: Seizures, dizziness, cognitive decline.
    - Frequency: Headaches are daily, seizures occurred twice in the past week.
    - Impact on Daily Activities: Unable to work and perform household duties.

- **Patient’s self-reported habits and lifestyle:**
    - Sleep: Disturbed due to headaches and seizures.
    - Diet: Balanced diet, low salt due to hypertension.
    - Exercise: Limited to light walking.
    - Tobacco Use: Former smoker, quit 10 years ago.
    - Alcohol Consumption: Moderate, 2-3 drinks per week.
    - Drug Use: None.
    - Recreational Activities: Used to enjoy hiking and photography, now limited.

- **Demographic Information:**
    - Age: 35
    - Gender: Male
    - Ethnicity: Hispanic
    - Socio-economic Status: Lower middle class
    - Education Level: High School graduate
    - Health Literacy: Moderate
    - Job Status: Construction worker, currently on sick leave.

- **Patient's Behavior:**
    - Cooperative but anxious about the condition and treatment.

- **Geographical Location:**
    - Urban: Lives in a large metropolitan area.
    - Pollution and Environmental Health Risks: Low to moderate pollution.
    - Neighborhood Type: Low-income neighborhood, limited access to recreational facilities and green space.

- **Clinical Setting:**
    - Hospital: Specialized Cancer Center.

- **Type of Encounter:**
    - Initial Consultation.

- **Treatment Disparities:**
    - Concerns about being able to afford ongoing treatment despite insurance coverage.

- **Native or Non-Native English Speaking Patient:**
    - Native English Speaking Patient.

- **Physical exams:**
    - Neurological Examination: Positive signs of papilledema, seizures, and cognitive deficits.

- **Investigation/Test results:**
    - CT Brain: Confirmed multiple metastatic lesions in the brain, largest measuring 3.0 cm in the left parietal lobe.
    - Awaiting Results: No additional tests pending at this time."|"#####
**1. Subjective:**

**Chief Complaint (CC):**
Initial consultation for severe headaches and seizures.

**History of Present Illness (HPI):**
The patient is a 35-year-old Hispanic male with a past medical history of metastatic melanoma treated with immunotherapy. He presents today with a one-month history of intense, severe headaches and episodes of seizures. The patient reports that the headaches are daily and significantly impair his ability to perform daily activities, including work and household chores. In addition to headaches, he experiences dizziness and cognitive decline. He has had two seizures in the past week.

**Review of Systems (ROS):**
- **General:** Reports intense headaches and cognitive decline. Denies weight loss or fever.
- **Neurological:** Positive for seizures, dizziness, and cognitive deficits.
- **Cardiovascular:** No chest pain or palpitations.
- **Gastrointestinal:** No nausea, vomiting, or changes in bowel habits.
- **Musculoskeletal:** No significant joint pain or muscle weakness.
- **Psychiatric:** Anxious about condition and treatment.
  
**Patient’s Self-Reported Habits and Lifestyle:**
- **Sleep:** Disturbed due to headaches and seizures.
- **Diet:** Balanced, low in salt.
- **Exercise:** Limited to light walking.
- **Tobacco Use:** Former smoker, quit 10 years ago.
- **Alcohol Consumption:** Moderate, 2-3 drinks per week.
- **Drug Use:** None.
- **Recreational Activities:** Previously enjoyed hiking and photography, now limited.

**2. Objective:**

**Vital Signs:**
- Blood Pressure: 135/85 mmHg
- Heart Rate: 78 bpm
- Respiratory Rate: 16/min
- Temperature: 98.6°F
- Oxygen Saturation: 98% on room air

**Physical Examination:**
- **General:** Alert and oriented, in moderate distress due to headache.
- **Neurological:** Positive for papilledema, seizures, and cognitive deficits. No focal motor or sensory deficits.
- **Cardiovascular:** S1 and S2, no murmurs.
- **Respiratory:** Clear to auscultation bilaterally.
- **Gastrointestinal:** Soft, non-tender, and non-distended.
- **Musculoskeletal:** No significant joint pain or swelling.
- **Psychiatric:** Anxious mood, cooperative.

**Investigation/Test Results:**
- **CT Brain:** Confirmed multiple metastatic lesions in the brain, largest measuring 3.0 cm in the left parietal lobe.

**3. Assessment:**

- **Primary Diagnosis:** Secondary Malignant Neoplasm of the Brain.
- **Differential Diagnosis:** Symptomatic brain metastasis from melanoma.
  
**4. Plan:**

1. **Chemotherapy:**
   - Prescribe Lomustine 110 mg, orally, single dose every 6 weeks, for 6 cycles.

2. **Radiation Therapy:**
   - Referral to Radiation Oncologist Dr. Sarah Johnson for stereotactic radiosurgery.

3. **Follow-Up:**
   - CT Brain with contrast to be repeated every 3 months to monitor tumor status.
   - Consultation with Neurosurgeon Dr. Robert Kim for surgical evaluation due to symptomatic lesions.

4. **Medication Adjustment:**
   - Start Dexamethasone 8 mg, orally, twice daily to reduce intracranial pressure. Taper based on response.

5. **Lifestyle Change:**
   - Emphasize the importance of rest and proper hydration.
   - Advise avoidance of strenuous activities.

6. **Patient Education and Counseling:**
   - Discussed the importance of compliance with the prescribed treatment plan.
   - Explained the potential side effects of chemotherapy and radiation therapy.
   - Addressed concerns about the cost of ongoing treatment and reassured about available financial assistance programs.

**Patient Agreements:** 
 The patient understands and agrees with the recommended medical treatment plan and the importance of follow-up and lifestyle modifications.

#####
"|"**1. Subjective:**

**Chief Complaint (CC):**
Initial consultation for severe headaches and seizures.

**History of Present Illness (HPI):**
The patient, Mr. Juan Martinez, is a 35-year-old Hispanic male with a past medical history of metastatic melanoma treated with immunotherapy. He presents today with a one-month history of intense, severe headaches and episodes of seizures. The patient reports that the headaches are daily and significantly impair his ability to perform daily activities, including work and household chores. In addition to headaches, he experiences dizziness and cognitive decline. He has had two seizures in the past week.

**Review of Systems (ROS):**
- **General:** Reports intense headaches and cognitive decline. Denies weight loss or fever.
- **Neurological:** Positive for seizures, dizziness, and cognitive deficits.
- **Cardiovascular:** No chest pain or palpitations.
- **Gastrointestinal:** No nausea, vomiting, or changes in bowel habits.
- **Musculoskeletal:** No significant joint pain or muscle weakness.
- **Psychiatric:** Anxious about condition and treatment.
  
**Patient’s Self-Reported Habits and Lifestyle:**
- **Sleep:** Disturbed due to headaches and seizures.
- **Diet:** Balanced, low in salt.
- **Exercise:** Limited to light walking.
- **Tobacco Use:** Former smoker, quit 10 years ago.
- **Alcohol Consumption:** Moderate, 2-3 drinks per week.
- **Drug Use:** None.
- **Recreational Activities:** Previously enjoyed hiking and photography, now limited.

**2. Objective:**

**Vital Signs:**
- Blood Pressure: 135/85 mmHg
- Heart Rate: 78 bpm
- Respiratory Rate: 16/min
- Temperature: 98.6°F
- Oxygen Saturation: 98% on room air

**Physical Examination:**
- **General:** Alert and oriented, in moderate distress due to headache.
- **Neurological:** Positive for papilledema, seizures, and cognitive deficits. No focal motor or sensory deficits.
- **Cardiovascular:** S1 and S2, no murmurs.
- **Respiratory:** Clear to auscultation bilaterally.
- **Gastrointestinal:** Soft, non-tender, and non-distended.
- **Musculoskeletal:** No significant joint pain or swelling.
- **Psychiatric:** Anxious mood, cooperative.

**Investigation/Test Results:**
- **CT Brain:** Confirmed multiple metastatic lesions in the brain, largest measuring 3.0 cm in the left parietal lobe.

**3. Assessment:**

- **Primary Diagnosis:** Secondary Malignant Neoplasm of the Brain.
- **Differential Diagnosis:** Symptomatic brain metastasis from melanoma.
  
**4. Plan:**

1. **Chemotherapy:**
   - Prescribe Lomustine 110 mg, orally, single dose every 6 weeks, for 6 cycles.

2. **Radiation Therapy:**
   - Referral to Radiation Oncologist Dr. Sarah Johnson for stereotactic radiosurgery.

3. **Follow-Up:**
   - CT Brain with contrast to be repeated every 3 months to monitor tumor status.
   - Consultation with Neurosurgeon Dr. Robert Kim for surgical evaluation due to symptomatic lesions.

4. **Medication Adjustment:**
   - Start Dexamethasone 8 mg, orally, twice daily to reduce intracranial pressure. Taper based on response.

5. **Lifestyle Change:**
   - Emphasize the importance of rest and proper hydration.
   - Advise avoidance of strenuous activities.

6. **Patient Education and Counseling:**
   - Discussed the importance of compliance with the prescribed treatment plan.
   - Explained the potential side effects of chemotherapy and radiation therapy.
   - Addressed concerns about the cost of ongoing treatment and reassured about available financial assistance programs.

**Patient Agreements:** 
 The patient understands and agrees with the recommended medical treatment plan and the importance of follow-up and lifestyle modifications."|"**1. Subjective:**

**CC:**
Initial consult for severe HAs and szs.

**HPI:**
Mr. Juan Martinez, a 35 y/o Hispanic M with PMH of metastatic melanoma treated with immunotherapy, presents with a 1-month hx of intense, severe HAs and episodes of szs. Reports daily HAs significantly impairing ADLs, including work and household chores. Also experiences dizziness and cognitive decline. Had two szs in the past week.

**ROS:**
- **General:** Reports intense HAs and cognitive decline. Denies wt loss or fever.
- **Neuro:** Positive for szs, dizziness, and cognitive deficits.
- **CV:** No CP or palpitations.
- **GI:** No N/V or changes in bowel habits.
- **MSK:** No significant joint pain or muscle weakness.
- **Psych:** Anxious about condition and tx.
  
**Patient’s Self-Reported Habits and Lifestyle:**
- **Sleep:** Disturbed due to HAs and szs.
- **Diet:** Balanced, low Na.
- **Exercise:** Limited to light walking.
- **Tobacco Use:** Former smoker, quit 10 yrs ago.
- **EtOH:** Moderate, 2-3 drinks/wk.
- **Drug Use:** None.
- **Recreational Activities:** Previously enjoyed hiking and photography, now limited.

**2. Objective:**

**VS:**
- BP: 135/85 mmHg
- HR: 78 bpm
- RR: 16/min
- Temp: 98.6°F
- O2 Sat: 98% on RA

**PE:**
- **General:** Alert and oriented, in moderate distress due to HA.
- **Neuro:** Positive for papilledema, szs, and cognitive deficits. No focal motor or sensory deficits.
- **CV:** S1 and S2, no murmurs.
- **Resp:** Clear to auscultation bilaterally.
- **GI:** Soft, non-tender, and non-distended.
- **MSK:** No significant joint pain or swelling.
- **Psych:** Anxious mood, cooperative.

**Investigation/Test Results:**
- **CT Brain:** Confirmed multiple metastatic lesions in the brain, largest measuring 3.0 cm in the left parietal lobe.

**3. Assessment:**

- **Primary Dx:** Secondary Malignant Neoplasm of the Brain.
- **DDx:** Symptomatic brain mets from melanoma.
  
**4. Plan:**

1. **Chemo:**
   - Rx Lomustine 110 mg PO, single dose q6wks, for 6 cycles.

2. **Radiation Tx:**
   - Referral to Rad Onc Dr. Sarah Johnson for SRS.

3. **F/U:**
   - CT Brain w/ contrast q3mos to monitor tumor status.
   - Consult with Neurosx Dr. Robert Kim for surgical eval due to symptomatic lesions.

4. **Med Adjustment:**
   - Start Dexamethasone 8 mg PO BID to reduce ICP. Taper based on response.

5. **Lifestyle Change:**
   - Emphasize rest and proper hydration.
   - Advise avoidance of strenuous activities.

6. **Pt Education and Counseling:**
   - Discussed importance of compliance with the prescribed tx plan.
   - Explained potential SEs of chemo and radiation tx.
   - Addressed concerns about the cost of ongoing tx and reassured about available financial assistance programs.

**Patient Agreements:** 
 The patient understands and agrees with the recommended medical tx plan and the importance of F/U and lifestyle modifications."|Oncologist|"### Conversation:

#####
**Doctor:** Hi there, how are you today?

**Patient:** I'm not doing too well, actually. I've been having some severe headaches and seizures lately.

**Doctor:** I'm sorry to hear that. Could you tell me more about your headaches and seizures?

**Patient:** Sure. The headaches started about a month ago. They're really intense and happen every day. They make it hard for me to do anything, like work or even simple chores around the house. And recently, I've had a couple of seizures in the past week.

**Doctor:** I see. Are there any other symptoms you're experiencing besides the headaches and seizures?

**Patient:** Yes, I feel dizzy a lot, and it seems like my memory and thinking are getting worse.

**Doctor:** That's concerning. Have you had any weight loss or fever?

**Patient:** No, I haven't noticed any weight loss or fever.

**Doctor:** And how about chest pain or palpitations?

**Patient:** No, no chest pain or palpitations.

**Doctor:** Any issues with nausea, vomiting, or changes in your bowel habits?

**Patient:** No, none of those either.

**Doctor:** What about joint pain or muscle weakness?

**Patient:** No significant joint pain or muscle weakness.

**Doctor:** Alright. I see you're anxious about your condition and treatment. It’s understandable given what you're going through.

**Patient:** Yes, it's been really stressful.

**Doctor:** Can you tell me about your sleep and diet? Have they been affected?

**Patient:** My sleep is pretty disturbed because of the headaches and seizures. My diet is balanced, and I try to keep it low in salt.

**Doctor:** Are you able to exercise at all?

**Patient:** I can only manage light walking these days.

**Doctor:** Do you have any history of smoking or alcohol use?

**Patient:** I used to smoke, but I quit 10 years ago. I drink moderately, about 2-3 drinks per week.

**Doctor:** Any drug use?

**Patient:** No, I've never used drugs.

**Doctor:** How about recreational activities? Are you still able to enjoy them?

**Patient:** I used to love hiking and photography, but I can't do those anymore.

**Doctor:** I understand. Let's talk about your vital signs. Your blood pressure is 135/85 mmHg, your heart rate is 78 bpm, respiratory rate is 16/min, temperature is 98.6°F, and your oxygen saturation is 98% on room air. 

**Patient:** Okay.

**Doctor:** On physical examination, I noticed you're alert and oriented but in moderate distress due to the headache. Neurologically, you have papilledema, seizures, and cognitive deficits. However, there are no focal motor or sensory deficits. Cardiovascularly, your S1 and S2 sounds are normal without murmurs. Respiratorily, your lungs are clear to auscultation bilaterally. Your abdomen is soft, non-tender, and non-distended. Musculoskeletal examination shows no significant joint pain or swelling. Psychiatrically, you appear anxious but cooperative.

**Patient:** That sounds about right.

**Doctor:** We also did a CT Brain scan, which confirmed multiple metastatic lesions in the brain. The largest one measures 3.0 cm in the left parietal lobe.

**Patient:** Oh no, that's not good.

**Doctor:** I know it's a lot to take in. Based on the findings, the primary diagnosis is a secondary malignant neoplasm of the brain, likely from your metastatic melanoma. 

**Patient:** What does that mean for me?

**Doctor:** It means that the cancer has spread to your brain. We have a plan to manage this. First, we'll start you on chemotherapy with Lomustine, 110 mg orally, a single dose every 6 weeks for 6 cycles.

**Patient:** Okay, what else?

**Doctor:** We'll also refer you to Dr. Sarah Johnson, a Radiation Oncologist, for stereotactic radiosurgery. This will help target the brain lesions more precisely.

**Patient:** Alright.

**Doctor:** We'll need to repeat the CT Brain with contrast every 3 months to monitor the tumor status. Additionally, we'll consult with Dr. Robert Kim, a Neurosurgeon, for a surgical evaluation due to your symptomatic lesions.

**Patient:** That sounds like a lot.

**Doctor:** I know it’s overwhelming, but it's necessary. We'll also start you on Dexamethasone, 8 mg orally, twice daily to reduce intracranial pressure. We'll taper it based on your response.

**Patient:** Okay.

**Doctor:** For lifestyle changes, it's important that you get plenty of rest and stay properly hydrated. Avoid strenuous activities as much as possible.

**Patient:** I understand.

**Doctor:** We'll also provide patient education and counseling. It's crucial that you comply with the treatment plan. We’ll discuss the potential side effects of chemotherapy and radiation therapy. 

**Patient:** What about the cost of treatment?

**Doctor:** We understand your concerns about the cost. There are financial assistance programs available, and we can help you navigate those.

**Patient:** Thank you, that’s a relief.

**Doctor:** Do you have any other questions or concerns?

**Patient:** No, I think you covered everything.

**Doctor:** Great. We'll move forward with the treatment plan as discussed. Please follow up with me regularly and let me know if you experience any new or worsening symptoms.

**Patient:** I will. Thank you, doctor.

**Doctor:** You're welcome. Take care and we'll see you soon."|"[doctor]: Hi there, how are you today?

[patient]: I'm not doing too well, actually. I've been having some severe headaches and seizures lately.

[doctor]: Hmm, I'm sorry to hear that. Could you tell me more about your headaches and seizures?

[patient]: Sure. The headaches started about a month ago. They're really intense and happen every day. They make it hard for me to do anything, like work or even simple chores around the house. And recently, I've had a couple of seizures in the past week.

[doctor]: I see. Are there any other symptoms you're experiencing besides the headaches and seizures?

[patient]: Yes, I feel dizzy a lot, and it seems like my memory and thinking are getting worse.

[doctor]: That's concerning. Have you had any weight loss or fever?

[patient]: No, I haven't noticed any weight loss or fever.

[doctor]: And how about chest pain or palpitations?

[patient]: No, no chest pain or palpitations.

[doctor]: Any issues with nausea, vomiting, or changes in your bowel habits?

[patient]: No, none of those either.

[doctor]: What about joint pain or muscle weakness?

[patient]: No significant joint pain or muscle weakness.

[doctor]: Alright. I see you're anxious about your condition and treatment. It’s understandable given what you're going through.

[patient]: Yes, it's been really stressful.

[doctor]: Can you tell me about your sleep and diet? Have they been affected?

[patient]: My sleep is pretty disturbed because of the headaches and seizures. My diet is balanced, and I try to keep it low in salt.

[doctor]: Are you able to exercise at all?

[patient]: I can only manage light walking these days.

[doctor]: Do you have any history of smoking or alcohol use?

[patient]: I used to smoke, but I quit 10 years ago. I drink moderately, about 2-3 drinks per week.

[doctor]: Any drug use?

[patient]: No, I've never used drugs.

[doctor]: How about recreational activities? Are you still able to enjoy them?

[patient]: I used to love hiking and photography, but I can't do those anymore.

[doctor]: I understand. Let's talk about your vital signs. Your blood pressure is 135/85 mmHg, your heart rate is 78 bpm, respiratory rate is 16/min, temperature is 98.6°F, and your oxygen saturation is 98% on room air. 

[patient]: Okay.

[doctor]: On physical examination, I noticed you're alert and oriented but in moderate distress due to the headache. Neurologically, you have papilledema, seizures, and cognitive deficits. However, there are no focal motor or sensory deficits. Cardiovascularly, your S1 and S2 sounds are normal without murmurs. Respiratorily, your lungs are clear to auscultation bilaterally. Your abdomen is soft, non-tender, and non-distended. Musculoskeletal examination shows no significant joint pain or swelling. Psychiatrically, you appear anxious but cooperative.

[patient]: That sounds about right.

[doctor]: We also did a CT Brain scan, which confirmed multiple metastatic lesions in the brain. The largest one measures 3.0 cm in the left parietal lobe.

[patient]: Oh no, that's not good.

[doctor]: I know it's a lot to take in. Based on the findings, the primary diagnosis is a secondary malignant neoplasm of the brain, likely from your metastatic melanoma. 

[patient]: What does that mean for me?

[doctor]: It means that the cancer has spread to your brain. We have a plan to manage this. First, we'll start you on chemotherapy with Lomustine, 110 mg orally, a single dose every 6 weeks for 6 cycles.

[patient]: Okay, what else?

[doctor]: We'll also refer you to Dr. Sarah Johnson, a Radiation Oncologist, for stereotactic radiosurgery. This will help target the brain lesions more precisely.

[patient]: Alright.

[doctor]: We'll need to repeat the CT Brain with contrast every 3 months to monitor the tumor status. Additionally, we'll consult with Dr. Robert Kim, a Neurosurgeon, for a surgical evaluation due to your symptomatic lesions.

[patient]: That sounds like a lot.

[doctor]: I know it’s overwhelming, but it's necessary. We'll also start you on Dexamethasone, 8 mg orally, twice daily to reduce intracranial pressure. We'll taper it based on your response.

[patient]: Okay.

[doctor]: For lifestyle changes, it's important that you get plenty of rest and stay properly hydrated. Avoid strenuous activities as much as possible.

[patient]: I understand.

[doctor]: We'll also provide patient education and counseling. It's crucial that you comply with the treatment plan. We’ll discuss the potential side effects of chemotherapy and radiation therapy. 

[patient]: What about the cost of treatment?

[doctor]: We understand your concerns about the cost. There are financial assistance programs available, and we can help you navigate those.

[patient]: Thank you, that’s a relief.

[doctor]: Do you have any other questions or concerns?

[patient]: No, I think you covered everything.

[doctor]: Great. We'll move forward with the treatment plan as discussed. Please follow up with me regularly and let me know if you experience any new or worsening symptoms.

[patient]: I will. Thank you, doctor.

[doctor]: You're welcome. Take care and we'll see you soon."
SECONDARY MALIGNANT NEOPLASM OF BRAIN|"**ROLE:** Oncologist

- **Medical Outcome:**
  - Diagnosis: Secondary malignant neoplasm of brain
  - Prescribed Treatment: Chemotherapy and radiation therapy
  - Follow-up Recommendations: Regular follow-up every 4 weeks to monitor treatment progress
  - Referral to Specialists: Referral to Neurosurgeon Dr. John Smith for possible surgical intervention
  - Medication Adjustment: Initiate dexamethasone 4 mg, oral, twice daily, for 7 days to manage cerebral edema
  - Blood Work: Order for Complete Blood Count (CBC) and liver function tests (LFTs)
  - Imaging: MRI of the brain to assess the extent of the tumor

- **Medical History:**
  - Previous Diagnoses: Breast cancer diagnosed two years ago, treated with mastectomy and chemotherapy
  - Family Medical History: Mother had breast cancer, father has hypertension
  - Medication History: Currently on tamoxifen 20 mg daily
  - Allergies: None 
  - Chronic Conditions: None noted

- **Symptom Description:**
  - Severity: Severe headaches rated 8/10
  - Duration: Symptoms began 3 weeks ago
  - Associated Symptoms: Visual disturbances, nausea, occasional vomiting
  - Frequency: Daily, especially in the morning
  - Impact on Daily Activities: Significant, unable to perform daily tasks effectively

- **Patient’s self-reported habits and lifestyle:**
  - Sleep: Poor, disrupted due to headaches
  - Diet: Balanced diet
  - Exercise: Limited due to fatigue and headaches
  - Tobacco Use: Non-smoker
  - Alcohol Consumption: Occasionally, socially
  - Drug Use: None
  - Recreational Activities: Was an active runner before symptoms began

- **Demographic Information:**
  - Age: 52
  - Gender: Female
  - Ethnicity: Caucasian
  - Socio-economic Status: Middle class
  - Education Level: Bachelor’s degree
  - Health Literacy: High, understands medical terminology well
  - Job Status: Currently on medical leave from work

- **Patient's Behavior:**
  - Cooperation: Highly cooperative and motivated to follow medical advice

- **Geographical Location:**
  - Urban, living in a big city with advanced healthcare facilities
  - Neighborhood Type: Affluent, well-served by transit and medical services

- **Clinical Setting:**
  - Specialty Clinics, specifically oncology clinic

- **Type of Encounter:**
  - Initial Consultation for current symptoms

- **Treatment Disparities:**
  - None noted, patient has access to comprehensive treatment options

- **Native or Non-Native English Speaking Patient:**
  - Native English Speaker

- **Physical exams:**
  - Neurological examination reveals right-sided weakness, decreased visual fields on the left

- **Investigation/Test results:**
  - Awaiting MRI results of the brain"|"#####
**Subjective:**

**Chief Complaint:**
Severe headaches, visual disturbances, and nausea.

**History of Present Illness:**
Maria Johnson is a 52-year-old female who presents today with a history of severe headaches rated 8/10 in intensity, which began approximately 3 weeks ago. The headaches are daily, predominantly in the mornings, and significantly impact her ability to perform daily activities. She also reports associated symptoms of visual disturbances, nausea, and occasional vomiting.

**Review of Systems:**
- **Neurological:** Endorses severe headaches, visual disturbances, and nausea.
- **Gastrointestinal:** Endorses occasional vomiting.
- **Constitutional:** Denies weight loss or gain, endorses fatigue.

**Objective:**

**Vital Signs:**
- Blood Pressure: 120/80 mmHg
- Heart Rate: 78 bpm
- Respiratory Rate: 16 breaths per minute
- Temperature: 98.6°F
- Oxygen Saturation: 98% on room air

**Physical Examination:**
- **General:** Alert and oriented, cooperative.
- **Neurological:** Right-sided weakness, decreased visual fields on the left.
- **Cardiovascular:** Normal heart sounds, no murmurs.
- **Respiratory:** Clear to auscultation bilaterally.
- **Gastrointestinal:** Soft, non-tender, no organomegaly.
- **Extremities:** No edema.

**Assessment:**
Maria Johnson is a 52-year-old female with a past medical history significant for breast cancer treated with mastectomy and chemotherapy, now presenting with severe headaches, visual disturbances, and nausea.

**Diagnosis:** Secondary malignant neoplasm of brain.

**Plan:**
1. **Chemotherapy and Radiation Therapy:**
   - Initiate chemotherapy and coordinate with the radiation oncology team for concurrent treatment.

2. **Medication Management:**
   - Initiate dexamethasone 4 mg orally, twice daily, for 7 days to manage cerebral edema.

3. **Specialist Referral:**
   - Referral to Neurosurgeon Dr. John Smith for possible surgical intervention.

4. **Follow-up Recommendations:**
   - Schedule regular follow-up every 4 weeks to monitor treatment progress.

5. **Additional Testing:**
   - Order Complete Blood Count (CBC) and liver function tests (LFTs).
   - Await results of the MRI of the brain to assess the extent of the tumor.

6. **Patient Education:**
   - Discuss the diagnosis, treatment options, and prognosis with the patient, ensuring she understands the importance of adhering to the treatment plan and follow-up visits.

**Instructions:**
- Continue current medication tamoxifen 20 mg daily.
- Avoid activities that could exacerbate headaches or visual disturbances.
- Follow a balanced diet and maintain hydration.
- Contact the clinic immediately if symptoms worsen or new symptoms arise.

The patient understands and agrees with the recommended medical treatment plan.
#####"|"#####
**Subjective:**

**Chief Complaint:**
Severe headaches, visual disturbances, and nausea.

**History of Present Illness:**
Maria Johnson is a 52-year-old female who presents today with a history of severe headaches rated 8/10 in intensity, which began approximately 3 weeks ago. The headaches are daily, predominantly in the mornings, and significantly impact her ability to perform daily activities. She also reports associated symptoms of visual disturbances, nausea, and occasional vomiting.

**Review of Systems:**
- **Neurological:** Endorses severe headaches, visual disturbances, and nausea.
- **Gastrointestinal:** Endorses occasional vomiting.
- **Constitutional:** Denies weight loss or gain, endorses fatigue.

**Objective:**

**Vital Signs:**
- Blood Pressure: 120/80 mmHg
- Heart Rate: 78 bpm
- Respiratory Rate: 16 breaths per minute
- Temperature: 98.6°F
- Oxygen Saturation: 98% on room air

**Physical Examination:**
- **General:** Alert and oriented, cooperative.
- **Neurological:** Right-sided weakness, decreased visual fields on the left.
- **Cardiovascular:** Normal heart sounds, no murmurs.
- **Respiratory:** Clear to auscultation bilaterally.
- **Gastrointestinal:** Soft, non-tender, no organomegaly.
- **Extremities:** No edema.

**Assessment:**
Maria Johnson is a 52-year-old female with a past medical history significant for breast cancer treated with mastectomy and chemotherapy, now presenting with severe headaches, visual disturbances, and nausea.

**Diagnosis:** Secondary malignant neoplasm of brain.

**Plan:**
1. **Chemotherapy and Radiation Therapy:**
   - Initiate chemotherapy and coordinate with the radiation oncology team for concurrent treatment.

2. **Medication Management:**
   - Initiate dexamethasone 4 mg orally, twice daily, for 7 days to manage cerebral edema.

3. **Specialist Referral:**
   - Referral to Neurosurgeon Dr. John Smith for possible surgical intervention due to secondary malignant neoplasm of the brain.

4. **Follow-up Recommendations:**
   - Schedule regular follow-up every 4 weeks to monitor treatment progress.

5. **Additional Testing:**
   - Order Complete Blood Count (CBC) and liver function tests (LFTs).
   - Await results of the MRI of the brain to assess the extent of the tumor.

6. **Patient Education:**
   - Discuss the diagnosis, treatment options, and prognosis with the patient, ensuring she understands the importance of adhering to the treatment plan and follow-up visits.

**Instructions:**
- Continue current medication tamoxifen 20 mg daily.
- Avoid activities that could exacerbate headaches or visual disturbances.
- Follow a balanced diet and maintain hydration.
- Contact the clinic immediately if symptoms worsen or new symptoms arise.

The patient understands and agrees with the recommended medical treatment plan.
#####"|"#####
**Subjective:**

**CC:**
Severe HAs, visual disturbances, and N/V.

**HPI:**
Maria Johnson is a 52 y/o F who presents today with a hx of severe HAs rated 8/10 in intensity, which began ~3 wks ago. The HAs are daily, predominantly in the AMs, and significantly impact her ability to perform ADLs. She also reports associated sx of visual disturbances, N/V.

**ROS:**
- **Neuro:** Endorses severe HAs, visual disturbances, and N/V.
- **GI:** Endorses occasional vomiting.
- **Constitutional:** Denies wt loss or gain, endorses fatigue.

**Objective:**

**VS:**
- BP: 120/80 mmHg
- HR: 78 bpm
- RR: 16 bpm
- Temp: 98.6°F
- O2 Sat: 98% RA

**PE:**
- **General:** A&O, cooperative.
- **Neuro:** Right-sided weakness, decreased visual fields on the left.
- **CV:** Normal heart sounds, no murmurs.
- **Resp:** Clear to auscultation bilaterally.
- **GI:** Soft, non-tender, no organomegaly.
- **Ext:** No edema.

**Assessment:**
Maria Johnson is a 52 y/o F with a PMH significant for breast CA treated with mastectomy and chemo, now presenting with severe HAs, visual disturbances, and N/V.

**Dx:** Secondary malignant neoplasm of brain.

**Plan:**
1. **Chemo and XRT:**
   - Initiate chemo and coordinate with rad onc for concurrent tx.

2. **Med Mgmt:**
   - Initiate dexamethasone 4 mg PO BID x 7 days to manage cerebral edema.

3. **Specialist Referral:**
   - Referral to neurosx Dr. John Smith for possible surgical intervention due to secondary malignant neoplasm of the brain.

4. **F/U Recommendations:**
   - Schedule regular F/U q4wks to monitor tx progress.

5. **Additional Testing:**
   - Order CBC and LFTs.
   - Await results of the MRI brain to assess the extent of the tumor.

6. **Pt Education:**
   - Discuss the dx, tx options, and prognosis with the pt, ensuring she understands the importance of adhering to the tx plan and F/U visits.

**Instructions:**
- Continue current med tamoxifen 20 mg daily.
- Avoid activities that could exacerbate HAs or visual disturbances.
- Follow a balanced diet and maintain hydration.
- Contact the clinic immediately if sx worsen or new sx arise.

The pt understands and agrees with the recommended medical tx plan.
#####"|Role not found in the first 5 lines.|"**Doctor:** Hi Maria, how are you feeling today?

**Patient:** Hi doctor, not so great. I've been having these severe headaches for the past three weeks.

**Doctor:** I'm sorry to hear that. Can you describe the headaches for me? How intense are they on a scale from 1 to 10?

**Patient:** They are really bad—around an 8 out of 10.

**Doctor:** I see. Are these headaches constant, or do they come and go?

**Patient:** They are pretty much daily, especially in the mornings. It's making it really hard for me to go about my day.

**Doctor:** That sounds tough. Are you experiencing any other symptoms along with the headaches?

**Patient:** Yes, I have these visual disturbances, and I feel nauseous a lot. Sometimes I even throw up.

**Doctor:** I understand. Any other symptoms like weight changes or fatigue?

**Patient:** No weight changes, but I do feel really tired all the time.

**Doctor:** Got it. Let me take a look at your vital signs. Your blood pressure is 120/80 mmHg, heart rate is 78 beats per minute, respiratory rate is 16 breaths per minute, temperature is 98.6°F, and your oxygen saturation is 98% on room air. Everything looks normal there.

**Patient:** Okay, that’s good to know.

**Doctor:** During the physical examination, I noticed some right-sided weakness and decreased visual fields on the left. How long have you been experiencing those?

**Patient:** It's been a few days now. I thought it was just because of the headaches.

**Doctor:** Alright. Your heart sounds normal, and your lungs are clear. Your abdomen is soft and non-tender with no organomegaly, and there's no edema in your extremities. 

**Patient:** Okay.

**Doctor:** Based on your symptoms and physical exam, I suspect that you might have a secondary malignant neoplasm of the brain. This could be related to your past medical history of breast cancer.

**Patient:** Oh my, that's really scary.

**Doctor:** I understand that this is a lot to take in. We’ll start with a comprehensive treatment plan. We'll initiate chemotherapy and coordinate with the radiation oncology team for concurrent treatment.

**Patient:** Okay, what else do I need to do?

**Doctor:** I’ll prescribe dexamethasone 4 mg to be taken orally twice daily for 7 days to help manage any cerebral edema.

**Patient:** Got it.

**Doctor:** I’m also referring you to Neurosurgeon Dr. John Smith for a possible surgical intervention. We need to keep all options open.

**Patient:** Alright, I’ll do that.

**Doctor:** We'll also schedule regular follow-ups every 4 weeks to monitor your progress. In the meantime, we’ll get a Complete Blood Count (CBC) and liver function tests (LFTs) done. We’re also awaiting the MRI results to assess the extent of the tumor.

**Patient:** Okay, I understand.

**Doctor:** Make sure to continue taking your current medication, tamoxifen 20 mg daily. Avoid any activities that could make your headaches or visual disturbances worse. Follow a balanced diet and stay hydrated.

**Patient:** I will.

**Doctor:** Please contact the clinic immediately if your symptoms worsen or if you develop any new symptoms. Do you have any questions about the plan?

**Patient:** No, I think I understand everything. Thank you, doctor.

**Doctor:** You're welcome, Maria. We’ll get through this together. Take care and see you soon for your follow-up.

**Patient:** Thank you, doctor. Bye.

**Doctor:** Bye."|"[doctor]: Hi Maria, how are you feeling today?

[patient]: Hi doctor, not so great. I've been having these severe headaches for the past three weeks.

[doctor]: Hmm, I'm sorry to hear that. Can you describe the headaches for me? How intense are they on a scale from 1 to 10?

[patient]: They are really bad—around an 8 out of 10.

[doctor]: I see. Are these headaches constant, or do they come and go?

[patient]: They are pretty much daily, especially in the mornings. It's making it really hard for me to go about my day.

[doctor]: That sounds tough. Are you experiencing any other symptoms along with the headaches?

[patient]: Yes, I have these visual disturbances, and I feel nauseous a lot. Sometimes I even throw up.

[doctor]: I understand. Any other symptoms like weight changes or fatigue?

[patient]: No weight changes, but I do feel really tired all the time.

[doctor]: Got it. Let me take a look at your vital signs. Your blood pressure is 120/80 mmHg, heart rate is 78 beats per minute, respiratory rate is 16 breaths per minute, temperature is 98.6°F, and your oxygen saturation is 98% on room air. Everything looks normal there.

[patient]: Okay, that’s good to know.

[doctor]: During the physical examination, I noticed some right-sided weakness and decreased visual fields on the left. How long have you been experiencing those?

[patient]: It's been a few days now. I thought it was just because of the headaches.

[doctor]: Alright. Your heart sounds normal, and your lungs are clear. Your abdomen is soft and non-tender with no organomegaly, and there's no edema in your extremities. 

[patient]: Okay.

[doctor]: Based on your symptoms and physical exam, I suspect that you might have a secondary malignant neoplasm of the brain. This could be related to your past medical history of breast cancer.

[patient]: Oh my, that's really scary.

[doctor]: I understand that this is a lot to take in. We’ll start with a comprehensive treatment plan. We'll initiate chemotherapy and coordinate with the radiation oncology team for concurrent treatment.

[patient]: Okay, what else do I need to do?

[doctor]: I’ll prescribe dexamethasone 4 mg to be taken orally twice daily for 7 days to help manage any cerebral edema.

[patient]: Got it.

[doctor]: I’m also referring you to Neurosurgeon Dr. John Smith for a possible surgical intervention. We need to keep all options open.

[patient]: Alright, I’ll do that.

[doctor]: We'll also schedule regular follow-ups every 4 weeks to monitor your progress. In the meantime, we’ll get a Complete Blood Count (CBC) and liver function tests (LFTs) done. We’re also awaiting the MRI results to assess the extent of the tumor.

[patient]: Okay, I understand.

[doctor]: Make sure to continue taking your current medication, tamoxifen 20 mg daily. Avoid any activities that could make your headaches or visual disturbances worse. Follow a balanced diet and stay hydrated.

[patient]: I will.

[doctor]: Please contact the clinic immediately if your symptoms worsen or if you develop any new symptoms. Do you have any questions about the plan?

[patient]: No, I think I understand everything. Thank you, doctor.

[doctor]: You're welcome, Maria. We’ll get through this together. Take care and see you soon for your follow-up.

[patient]: Thank you, doctor. Bye.

[doctor]: Bye."
SECONDARY MALIGNANT NEOPLASM OF BRAIN|"ROLE: Oncologist

- **Medical Outcome:** 
  - Diagnosis: Secondary malignant neoplasm of brain (ICD-10: C79.31)
  - Prescribed treatment: Oncology referral for evaluation of systemic therapy options (e.g., radiation, chemotherapy)
  - Referral: 
    - Reason: Evaluation and management of brain metastases
    - Specialty: Neuro-oncology
    - Doctor's Name: Dr. Jane Smith
  - Orders: 
    - Imaging: MRI of the brain with and without contrast
    - Blood work: Complete blood count (CBC) and liver function tests (LFTs)
  - Medication: Dexamethasone 4 mg, oral, twice daily, 30 tablets, for edema associated with brain metastases
- **Medical History:** 
  - Previous Diagnoses: Breast cancer (stage III)
  - Family Medical History: Mother had breast cancer, father had hypertension
  - Medication History: Recently completed adjuvant chemotherapy
  - Allergies: NA
  - Chronic Conditions: Hypertension, managed with lisinopril
- **Symptom Description:** 
  - Severity: Severe headaches rated 8/10
  - Duration: Headaches for the past 2 weeks
  - Associated Symptoms: Nausea, occasional vomiting, blurred vision, and confusion
  - Frequency: Headaches occurring daily, mostly in the morning
  - Impact on Daily Activities: Significant—unable to perform daily tasks and needs assistance at home
- **Patient's self-reported habits and lifestyle:** 
  - Sleep: Poor, less than 4 hours per night due to headaches
  - Diet: Loss of appetite, minimal intake over the past few days
  - Exercise: Generally active but recently reduced due to fatigue
  - Tobacco Use: Non-smoker
  - Alcohol Consumption: Occasional – 1-2 glasses of wine per month
  - Drug Use: NA
  - Recreational Activities: Rarely participates due to current condition
- **Demographic Information:** 
  - Age: 50
  - Gender: Female
  - Ethnicity: Caucasian
  - Socio-economic Status: Middle class
  - Education Level: Bachelor's degree
  - Health Literacy: Moderate – understands most medical terminologies and treatment plans
  - Job Status: Part-time worker, on medical leave
- **Patient's Behavior:** Cooperative with medical advice, adheres to prescribed treatments
- **Geographical Location:** 
  - Urban
  - Pollution and Environmental Health Risks: Moderate pollution
  - Neighborhood Type: Affluent
  - Well-served by Transit
- **Clinical Setting:** Oncology clinic in a large urban hospital
- **Type of Encounter:** Initial Consultation
- **Treatment Disparities:** NA
- **Native or Non-Native English Speaking Patient:** Native English-speaking patient
- **Physical exams:**
  - Neurological Examination: Positive for focal deficits (right-sided weakness, decreased coordination)
  - Mental Status Examination: Altered, responsive but with periods of confusion
- **Investigation/Test results:** NA (pending imaging and blood work)

Please evaluate the scenario and provide feedback if needed."|Rejected|Rejected|Rejected|Rejected||
SECONDARY MALIGNANT NEOPLASM OF BRAIN|"ROLE: Oncologist

- **Medical Outcome:** 
  - Diagnosis: Secondary malignant neoplasm of brain (ICD-10: C79.31)
  - Treatment: Referral to radiologist for consideration of stereotactic radiosurgery (Gamma Knife)
  - Referral:
    - Reason: Treatment planning for brain metastases
    - Specialty: Neuro-radiology
    - Doctor's Name: Dr. Michael Johnson
  - Orders:
    - Imaging: PET-CT scan of the whole body for metastasis staging
    - Blood work: Hematology including comprehensive metabolic panel (CMP) and thyroid function tests
  - Medication: Dexamethasone 4 mg, oral, twice daily, 30 tablets, for edema; Ondansetron 8 mg, oral, thrice daily, 15 tablets, for nausea
- **Medical History:** 
  - Previous Diagnoses: Lung cancer (stage IV)
  - Family Medical History: Father had Parkinson's disease, mother had diabetes
  - Medication History: Current treatment with immunotherapy (Pembrolizumab)
  - Allergies: Penicillin
  - Chronic Conditions: Chronic obstructive pulmonary disease (COPD)
- **Symptom Description:** 
  - Severity: Severe headaches rated 9/10
  - Duration: Headaches for the past month
  - Associated Symptoms: Nausea, occasional vomiting, dizziness, balance issues
  - Frequency: Headaches occurring daily
  - Impact on Daily Activities: Unable to work, needs frequent rest
- **Patient's self-reported habits and lifestyle:** 
  - Sleep: Disturbed, frequent waking due to headaches
  - Diet: Normal diet but reduced intake over the past week
  - Exercise: Limited due to shortness of breath
  - Tobacco Use: Current smoker, 20 pack-years
  - Alcohol Consumption: Rarely
  - Drug Use: NA
  - Recreational Activities: Limited due to condition
- **Demographic Information:** 
  - Age: 65
  - Gender: Male
  - Ethnicity: African American
  - Socio-economic Status: Lower middle class
  - Education Level: High school diploma
  - Health Literacy: Low – requires detailed explanations of medical terms
  - Job Status: Retired, previously a construction worker
- **Patient's Behavior:** Generally cooperative, though slightly non-compliant with smoking cessation advice
- **Geographical Location:** 
  - Rural
  - Pollution and Environmental Health Risks: Low pollution
  - Neighborhood Type: Low-income, food desert
  - Poorly-served by Transit
- **Clinical Setting:** Community hospital in a rural area
- **Type of Encounter:** Follow-up visit
- **Treatment Disparities:** Patient expressed concern about affordability of advanced treatment options
- **Native or Non-Native English Speaking Patient:** Native English-speaking patient
- **Physical exams:**
  - Neurological Examination: Positive for right-sided hemiparesis, papilledema, decreased coordination
  - Mental Status Examination: Alert but slow to respond
- **Investigation/Test results:** Awaiting PET-CT for full metastatic workup and updated blood panels (Hematology and Thyroid function tests)

Please evaluate the scenario and provide feedback if needed."|Rejected|Rejected|Rejected|Rejected||
SECONDARY MALIGNANT NEOPLASM OF BRAIN|"ROLE: Oncologist

- **Medical Outcome:** 
  - Diagnosis: Secondary malignant neoplasm of brain (ICD-10: C79.31)
  - Treatment: Referral to radiation oncologist for Whole Brain Radiation Therapy (WBRT)
  - Referral:
    - Reason: Management of multiple brain metastases
    - Specialty: Radiation Oncology
    - Doctor's Name: Dr. Emily Clark
  - Orders:
    - Imaging: MRI with contrast of the brain
  - Medication: Dexamethasone 4 mg, oral, twice daily, 30 tablets, for edema; Lorazepam 1 mg, oral, twice daily as needed for anxiety, 10 tablets
- **Medical History:**
  - Previous Diagnoses: Colon cancer (stage III)
  - Family Medical History: Father had history of colon cancer, mother with osteoporosis
  - Medication History: Completed 6 months of adjuvant chemotherapy
  - Allergies: None reported
  - Chronic Conditions: Type 2 diabetes, managed with metformin
- **Symptom Description:**
  - Severity: Severe headaches rated 7/10
  - Duration: Headaches for the last 10 days
  - Associated Symptoms: Nausea, occasional vomiting, blurred vision, vertigo
  - Frequency: Headaches occurring several times daily
  - Impact on Daily Activities: Significant—requires assistance for most daily tasks
- **Patient’s self-reported habits and lifestyle:**
  - Sleep: Poor, fragmented sleep due to headaches
  - Diet: Balanced diet but decreased appetite recently
  - Exercise: Previously active, now sedentary due to weakness and fatigue
  - Tobacco Use: Non-smoker
  - Alcohol Consumption: Moderate – 2-3 glasses of wine per week
  - Drug Use: None
  - Recreational Activities: Used to enjoy gardening, now unable due to symptoms
- **Demographic Information:**
  - Age: 70
  - Gender: Female
  - Ethnicity: Hispanic
  - Socio-economic Status: Upper middle class
  - Education Level: College graduate
  - Health Literacy: High—very well-informed about medical conditions and treatments
  - Job Status: Retired teacher
- **Patient's Behavior:** Highly cooperative and compliant with medical advice and treatments
- **Geographical Location:**
  - Suburban
  - Pollution and Environmental Health Risks: Low pollution
  - Neighborhood Type: Affluent
  - Well-served by Transit
- **Clinical Setting:** Specialty Neuro-oncology clinic in a major suburban hospital
- **Type of Encounter:** Follow-up visit after initial MRI showed suspicious lesions
- **Treatment Disparities:** No noted disparities in treatment options discussed
- **Native or Non-Native English Speaking Patient:** Native English-speaking
- **Physical exams:**
  - Neurological Examination: Positive for left-sided weakness and ataxia
  - Mental Status Examination: Alert and oriented, but anxious
- **Investigation/Test results:**
  - MRI with contrast (ordered, pending results)

Please evaluate the scenario and provide feedback if needed."|Rejected|Rejected|Rejected|Rejected||
SECONDARY MALIGNANT NEOPLASM OF BRAIN|"**ROLE:** Oncologist

**1) Medical Outcome:** 
- Diagnosis: Secondary malignant neoplasm of the brain.
- Treatment: 
  - Chemotherapy: Temozolomide, 140 mg, oral, daily, for 6 weeks, dispense 42 tablets.
  - Steroids for symptom management: Dexamethasone, 4 mg, oral, twice daily, for 4 weeks, dispense 56 tablets.
  - Radiation therapy referral: Referral to Dr. Susan Lee, Radiation Oncologist, for radiotherapy evaluation.
- Follow-up: Weekly follow-up appointments for symptom management and chemotherapy monitoring.
- Referral to neuro-oncology specialist: Dr. Nicholas Brown for further brain tumor management.
- Blood work: CBC (hematology), Liver function tests (biochemistry) to monitor the effects of chemotherapy.
- Imaging: MRI brain with contrast to assess the extent of the secondary brain tumor.

**2) Medical History:** 
- Previous Diagnoses: Breast cancer, metastasis to lungs, currently in remission from primary site.
- Family Medical History: Mother had breast cancer, Father had prostate cancer.
- Medication History: Previous chemotherapy for breast cancer, current hormonal therapy with Tamoxifen.
- Allergies: Penicillin.
- Chronic Conditions: Hypertension controlled with Losartan.

**3) Symptom Description:**
- Severity: Severe headaches rated 8/10 on the pain scale.
- Duration: Persistent for the last 2 months, progressively worsening.
- Associated Symptoms: Nausea, occasional vomiting, blurred vision, dizziness.
- Frequency: Daily, with increasing frequency.
- Impact on Daily Activities: Difficulty in performing daily tasks, reduced work efficiency, increased need for rest.

**4) Patient’s Self-Reported Habits and Lifestyle:**
- Sleep: Poor sleep quality due to headaches.
- Diet: Balanced diet but reduced appetite recently due to nausea.
- Exercise: Previously engaging in moderate exercise, minimal activity currently due to fatigue.
- Tobacco Use: None.
- Alcohol Consumption: Social drinker, 2-3 glasses of wine per week.
- Drug Use: None.
- Recreational Activities: Reduced participation in social and recreational activities due to symptoms.

**5) Demographic Information:**
- Age: 55
- Gender: Female
- Ethnicity: Caucasian
- Socio-economic Status: Middle-class
- Education Level: College graduate
- Health Literacy: High, able to understand complex medical information.
- Job Status: Part-time employment due to health issues.

**6) Patient's Behavior:**
- Very cooperative with medical advice, compliant with treatments, and attentive during consultations.

**7) Geographical Location:**
- Urban area
- Well-served by public transport, affluent neighborhood with good access to healthcare facilities.
- Low Pollution and minimal environmental health risks.

**8) Clinical Setting:**
- Oncology clinic within a major hospital.

**9) Type of Encounter:**
- Follow-up appointment for ongoing cancer management.

**10) Treatment Disparities:**
- None evident, full access to aggressive and advanced treatments.

**11) Native or Non-Native English Speaking Patient:**
- Native English speaker.

**12) Physical exams:**
- Neurological examination: Positive for papilledema, cranial nerve deficits (finding consistent with increased intracranial pressure).

**13) Investigation/Test results:**
- Awaiting MRI brain with contrast.
- Blood Work: CBC (hematology) - mild anemia. Liver function tests pending."|Rejected|Rejected|Rejected|Rejected||
SECONDARY MALIGNANT NEOPLASM OF BRAIN|"**ROLE:** Oncologist

**1) Medical Outcome:**
- Diagnosis: Secondary malignant neoplasm of the brain.
- Treatment:
  - Chemotherapy: Temozolomide, 140 mg, oral, daily, for 6 weeks, dispense 42 tablets.
  - Anticonvulsant: Levetiracetam, 500 mg, oral, twice daily, for 4 weeks, dispense 56 tablets.
  - Steroids for symptom management: Dexamethasone, 4 mg, oral, twice daily, for 4 weeks, dispense 56 tablets.
  - Radiation therapy referral: Referral to Dr. Susan Lee, Radiation Oncologist, for radiotherapy evaluation.
- Follow-up: Bi-weekly follow-up appointments for symptom management and chemotherapy monitoring.
- Referral to neuro-oncology specialist: Dr. Nicholas Brown for further brain tumor management.
- Blood work: CBC (hematology), Liver function tests (biochemistry) to monitor the effects of chemotherapy.
- Imaging: MRI brain with contrast to assess the extent of the secondary brain tumor, results pending.

**2) Medical History:**
- Previous Diagnoses: Lung cancer, metastasis to brain, currently treated.
- Family Medical History: Mother had lung cancer, Father had heart disease.
- Medication History: Previous chemotherapy for lung cancer, current medication includes Albuterol for asthma.
- Allergies: None.
- Chronic Conditions: Asthma, Hypertension.

**3) Symptom Description:**
- Severity: Severe headaches rated 9/10 on the pain scale.
- Duration: Persistent for the last month, progressively worsening.
- Associated Symptoms: Nausea, occasional vomiting, seizures, memory loss.
- Frequency: Several times a day.
- Impact on Daily Activities: Complete inability to work, difficulty in performing daily tasks, dependent on family for care.

**4) Patient’s Self-Reported Habits and Lifestyle:**
- Sleep: Poor sleep quality due to headaches.
- Diet: Irregular meals due to nausea, weight loss observed.
- Exercise: None, completely sedentary due to symptoms.
- Tobacco Use: Former smoker, quit 10 years ago.
- Alcohol Consumption: Occasional, max 1-2 drinks per month.
- Drug Use: None.
- Recreational Activities: None currently, previously enjoyed gardening.

**5) Demographic Information:**
- Age: 65
- Gender: Male
- Ethnicity: African American
- Socio-economic Status: Low-income
- Education Level: High school graduate
- Health Literacy: Moderate, able to understand with explanation.
- Job Status: Retired due to health reasons.

**6) Patient's Behavior:**
- Partially cooperative, occasionally forgets to take medications, needs reminders and assistance.

**7) Geographical Location:**
- Small City
- Impoverished area, limited access to specialized healthcare, food desert.
- Pollution and Environmental Health Risks: High, due to nearby industrial activity.

**8) Clinical Setting:**
- Urgent Care Center within a community hospital.

**9) Type of Encounter:**
- Emergency Visit for severe symptom exacerbation.

**10) Treatment Disparities:**
- Concerns about access to follow-up care and advanced treatments due to financial constraints.

**11) Native or Non-Native English Speaking Patient:**
- Non-Native English speaker, primary language is Spanish.

**12) Physical exams:**
- Neurological examination: Positive for papilledema, gait instability, unable to perform complex motor tasks.

**13) Investigation/Test results:**
- MRI brain with contrast ordered, awaiting results.
- Blood Work: CBC (hematology) shows mild anemia. Liver function tests normal."|Rejected|Rejected|Rejected|Rejected||
SECONDARY MALIGNANT NEOPLASM OF BRAIN|"**ROLE:** Oncologist

**1) Medical Outcome:**
- Diagnosis: Secondary malignant neoplasm of the brain.
- Treatment:
  - Chemotherapy: Bevacizumab, 15 mg/kg, IV, every 3 weeks.
  - Anticonvulsant: Valproate, 500 mg, oral, twice daily, for seizure control, 60 tablets.
  - Pain management: Morphine ER, 15 mg, oral, twice daily, for pain control, 56 tablets.
  - Follow-up: Monthly follow-up appointments for chemotherapy monitoring and symptom management.
  - Referral to palliative care: Dr. Linda White, for comprehensive supportive care.
- Blood work: CBC (hematology), Renal function tests (biochemistry) to monitor the effects of chemotherapy and overall health.
- Imaging: CT scan of the brain without contrast to monitor the progression of the tumor, results pending.

**2) Medical History:**
- Previous Diagnoses: Colon cancer, metastasis to the liver, currently stable.
- Family Medical History: Grandfather had pancreatic cancer, uncle had melanoma.
- Medication History: Previous chemotherapy for colorectal cancer, current medication includes Metformin for diabetes.
- Allergies: No known drug allergies.
- Chronic Conditions: Type 2 Diabetes Mellitus, Hypertension, Chronic Obstructive Pulmonary Disease (COPD).

**3) Symptom Description:**
- Severity: Severe headaches rated 7/10 on the pain scale.
- Duration: Persistent for the last 3 months, with periods of exacerbation.
- Associated Symptoms: Dizziness, unsteady gait, cognitive changes, new-onset seizures.
- Frequency: Multiple times a week.
- Impact on Daily Activities: Complete inability to drive, requires assistance with household chores, difficulty in walking long distances.

**4) Patient’s Self-Reported Habits and Lifestyle:**
- Sleep: Frequently disrupted due to pain and seizures.
- Diet: Poor appetite, significant weight loss over the past 3 months.
- Exercise: Inability to engage in physical activity due to fatigue and dizziness.
- Tobacco Use: Previously smoked, quit 5 years ago.
- Alcohol Consumption: None.
- Drug Use: None.
- Recreational Activities: Enjoys reading and listening to music but limited due to cognitive changes.

**5) Demographic Information:**
- Age: 70
- Gender: Male
- Ethnicity: Hispanic
- Socio-economic Status: Low-income
- Education Level: Some college education
- Health Literacy: Moderate, needs detailed explanations.
- Job Status: Retired, formerly an accountant.

**6) Patient's Behavior:**
- Generally compliant with treatment but occasionally forgets medication doses, requires reminders from family.

**7) Geographical Location:**
- Rural area
- Limited access to healthcare resources, well-water, high exposure to agricultural chemicals.

**8) Clinical Setting:**
- Primary care clinic in a rural healthcare center.

**9) Type of Encounter:**
- Routine follow-up visit for comprehensive cancer care and symptom management.

**10) Treatment Disparities:**
- Difficulty accessing advanced treatments due to geographic and financial constraints.

**11) Native or Non-Native English Speaking Patient:**
- Non-Native English speaker, primary language is Spanish.

**12) Physical exams:**
- Neurological examination: Presence of papilledema, decreased muscle strength in lower extremities, difficulty with balance and coordination.

**13) Investigation/Test results:**
- CT scan of the brain without contrast ordered, awaiting results.
- Blood Work: CBC (hematology) - mild leukopenia. Renal function tests - within normal limits."|Rejected|Rejected|Rejected|Rejected||
SECONDARY MALIGNANT NEOPLASM OF BRAIN|"ROLE: Oncologist

- **Medical Outcome:**
    - Diagnosis: Secondary Malignant Neoplasm of Brain
    - Prescribed Treatment:
        - Chemotherapy with Temozolomide, 150 mg, oral, daily for 5 days in a 28-day cycle, for 6 cycles.
        - Radiation Therapy: Referral to Radiation Oncologist Dr. Sarah Johnson for planning and scheduling.
    - Follow-up Recommendations:
        - MRI Brain with contrast to be repeated every 2 months to monitor tumor status.
        - Consultation with Neuro-Oncologist Dr. Michael Lee for further treatment planning.
    - Medication Adjustment:
        - Dexamethasone 4 mg, oral, twice daily to reduce cerebral edema, to be tapered based on response.
    - Lifestyle Change:
        - Encourage a nutrient-rich diet and hydration.
        - Gentle physical activity as tolerated.

- **Medical History:**
    - Previous Diagnoses: Primary breast cancer treated with surgery and chemotherapy, now in remission.
    - Family Medical History: Mother diagnosed with ovarian cancer, father with hypertension.
    - Medication History: Currently taking tamoxifen 20 mg daily post breast cancer treatment.
    - Allergies: Penicillin (causes rash).
    - Chronic Conditions: None other than the current malignancy.

- **Symptom Description:**
    - Severity: Severe headaches and vision problems.
    - Duration: Symptoms started 3 weeks ago.
    - Associated Symptoms: Nausea, vomiting, difficulty in coordination, memory problems.
    - Frequency: Headaches are constant, worsening over time.
    - Impact on Daily Activities: Significant; patient unable to perform daily tasks independently.

- **Patient’s self-reported habits and lifestyle:**
    - Sleep: Reports difficulty sleeping due to headaches.
    - Diet: Regular, balanced diet.
    - Exercise: Limited due to current symptoms.
    - Tobacco Use: None.
    - Alcohol Consumption: Rarely, occasional glass of wine.
    - Drug Use: None.
    - Recreational Activities: Enjoys reading and gardening when able.

- **Demographic Information:**
    - Age: 50
    - Gender: Female
    - Ethnicity: Caucasian
    - Socio-economic Status: Middle class
    - Education Level: College graduate
    - Health Literacy: High
    - Job Status: Currently on medical leave from work as a high school teacher.

- **Patient's Behavior:**
    - Generally cooperative, follows medical advice.

- **Geographical Location:**
    - Urban: Lives in a large metropolitan area.
    - Pollution and Environmental Health Risks: Moderate pollution.
    - Neighborhood Type: Middle-class neighborhood, well-served by transit, not a food desert.

- **Clinical Setting:**
    - Hospital: Specialized Cancer Center.

- **Type of Encounter:**
    - Initial Consultation.

- **Treatment Disparities:**
    - None expected; patient has good insurance coverage.

- **Native or Non-Native English Speaking Patient:**
    - Native English Speaking Patient.

- **Physical exams:**
    - Neurological Examination: Positive signs of papilledema, slight motor weakness on the left side, decreased coordination.

- **Investigation/Test results:**
    - MRI Brain: Confirmed multiple metastatic lesions in the brain, largest measuring 2.5 cm in the right frontal lobe.
    - Awaiting Results: No additional tests pending at this time."|Rejected|Rejected|Rejected|Rejected||
