Fri Aug 16 13:58:24 EDT 2024: Job 13127303 is allocated resource
==((====))==  Unsloth: Fast Llama patching release 2024.4
   \\   /|    GPU: NVIDIA A40. Max memory: 44.556 GB. Platform = Linux.
O^O/ \_/ \    Pytorch: 2.3.0+cu121. CUDA = 8.6. CUDA Toolkit = 12.1.
\        /    Bfloat16 = TRUE. Xformers = 0.0.26.post1. FA = True.
 "-____-"     Free Apache license: http://github.com/unslothai/unsloth
{'loss': 1.3133, 'grad_norm': 0.45380106568336487, 'learning_rate': 4e-05, 'epoch': 0.0}
{'loss': 1.2814, 'grad_norm': 0.4620063602924347, 'learning_rate': 8e-05, 'epoch': 0.0}
{'loss': 1.2966, 'grad_norm': 0.46552830934524536, 'learning_rate': 0.00012, 'epoch': 0.0}
{'loss': 1.2872, 'grad_norm': 0.5364859104156494, 'learning_rate': 0.00016, 'epoch': 0.0}
{'loss': 1.2378, 'grad_norm': 0.4756300151348114, 'learning_rate': 0.0002, 'epoch': 0.0}
{'loss': 1.1016, 'grad_norm': 0.2637358605861664, 'learning_rate': 0.0001998114985862394, 'epoch': 0.01}
{'loss': 1.1023, 'grad_norm': 0.6728460192680359, 'learning_rate': 0.0001996229971724788, 'epoch': 0.01}
{'loss': 1.085, 'grad_norm': 0.6099720001220703, 'learning_rate': 0.0001994344957587182, 'epoch': 0.01}
{'loss': 0.9938, 'grad_norm': 0.37056633830070496, 'learning_rate': 0.00019924599434495758, 'epoch': 0.01}
{'loss': 1.0247, 'grad_norm': 0.253119558095932, 'learning_rate': 0.000199057492931197, 'epoch': 0.01}
{'loss': 0.9206, 'grad_norm': 0.2063371241092682, 'learning_rate': 0.0001988689915174364, 'epoch': 0.01}
{'loss': 0.9408, 'grad_norm': 0.24568800628185272, 'learning_rate': 0.00019868049010367578, 'epoch': 0.01}
{'loss': 0.9699, 'grad_norm': 0.2760523557662964, 'learning_rate': 0.0001984919886899152, 'epoch': 0.01}
{'loss': 0.8607, 'grad_norm': 0.22729778289794922, 'learning_rate': 0.00019830348727615458, 'epoch': 0.01}
{'loss': 0.8812, 'grad_norm': 0.20546163618564606, 'learning_rate': 0.000198114985862394, 'epoch': 0.01}
{'loss': 0.8348, 'grad_norm': 0.16457724571228027, 'learning_rate': 0.00019792648444863338, 'epoch': 0.02}
{'loss': 0.8454, 'grad_norm': 0.18660084903240204, 'learning_rate': 0.00019773798303487276, 'epoch': 0.02}
{'loss': 0.8396, 'grad_norm': 0.25688016414642334, 'learning_rate': 0.00019754948162111218, 'epoch': 0.02}
{'loss': 0.8137, 'grad_norm': 0.22653548419475555, 'learning_rate': 0.00019736098020735156, 'epoch': 0.02}
{'loss': 0.8173, 'grad_norm': 0.23442807793617249, 'learning_rate': 0.00019717247879359094, 'epoch': 0.02}
{'loss': 0.8799, 'grad_norm': 0.20000360906124115, 'learning_rate': 0.00019698397737983036, 'epoch': 0.02}
{'loss': 0.8297, 'grad_norm': 0.19433729350566864, 'learning_rate': 0.00019679547596606974, 'epoch': 0.02}
{'loss': 0.8107, 'grad_norm': 0.2095455378293991, 'learning_rate': 0.00019660697455230915, 'epoch': 0.02}
{'loss': 0.7789, 'grad_norm': 0.21525700390338898, 'learning_rate': 0.00019641847313854857, 'epoch': 0.02}
{'loss': 0.8271, 'grad_norm': 0.21646016836166382, 'learning_rate': 0.00019622997172478795, 'epoch': 0.02}
{'loss': 0.7964, 'grad_norm': 0.1895289421081543, 'learning_rate': 0.00019604147031102736, 'epoch': 0.02}
{'loss': 0.7973, 'grad_norm': 0.18098905682563782, 'learning_rate': 0.00019585296889726675, 'epoch': 0.03}
{'loss': 0.7174, 'grad_norm': 0.16944116353988647, 'learning_rate': 0.00019566446748350613, 'epoch': 0.03}
{'loss': 0.824, 'grad_norm': 0.18747462332248688, 'learning_rate': 0.00019547596606974554, 'epoch': 0.03}
{'loss': 0.7541, 'grad_norm': 0.18980702757835388, 'learning_rate': 0.00019528746465598493, 'epoch': 0.03}
{'loss': 0.7919, 'grad_norm': 0.17400509119033813, 'learning_rate': 0.0001950989632422243, 'epoch': 0.03}
{'loss': 0.7496, 'grad_norm': 0.1891883760690689, 'learning_rate': 0.00019491046182846373, 'epoch': 0.03}
{'loss': 0.7235, 'grad_norm': 0.18251003324985504, 'learning_rate': 0.0001947219604147031, 'epoch': 0.03}
{'loss': 0.7808, 'grad_norm': 0.1726556420326233, 'learning_rate': 0.0001945334590009425, 'epoch': 0.03}
{'loss': 0.7565, 'grad_norm': 0.19821970164775848, 'learning_rate': 0.0001943449575871819, 'epoch': 0.03}
{'loss': 0.7685, 'grad_norm': 0.18453054130077362, 'learning_rate': 0.00019415645617342132, 'epoch': 0.03}
{'loss': 0.714, 'grad_norm': 0.18860943615436554, 'learning_rate': 0.0001939679547596607, 'epoch': 0.03}
{'loss': 0.7687, 'grad_norm': 0.20490095019340515, 'learning_rate': 0.00019377945334590012, 'epoch': 0.04}
{'loss': 0.733, 'grad_norm': 0.18881428241729736, 'learning_rate': 0.0001935909519321395, 'epoch': 0.04}
{'loss': 0.723, 'grad_norm': 0.18571284413337708, 'learning_rate': 0.0001934024505183789, 'epoch': 0.04}
{'loss': 0.7401, 'grad_norm': 0.17810110747814178, 'learning_rate': 0.0001932139491046183, 'epoch': 0.04}
{'loss': 0.7619, 'grad_norm': 0.2026454210281372, 'learning_rate': 0.00019302544769085768, 'epoch': 0.04}
{'loss': 0.7175, 'grad_norm': 0.19273997843265533, 'learning_rate': 0.0001928369462770971, 'epoch': 0.04}
{'loss': 0.7221, 'grad_norm': 0.1754165142774582, 'learning_rate': 0.00019264844486333648, 'epoch': 0.04}
{'loss': 0.7257, 'grad_norm': 0.18592321872711182, 'learning_rate': 0.00019245994344957586, 'epoch': 0.04}
{'loss': 0.7395, 'grad_norm': 0.18661490082740784, 'learning_rate': 0.00019227144203581528, 'epoch': 0.04}
{'loss': 0.757, 'grad_norm': 0.2043098360300064, 'learning_rate': 0.0001920829406220547, 'epoch': 0.04}
{'loss': 0.7021, 'grad_norm': 0.18357838690280914, 'learning_rate': 0.00019189443920829407, 'epoch': 0.05}
{'loss': 0.7275, 'grad_norm': 0.18689295649528503, 'learning_rate': 0.00019170593779453348, 'epoch': 0.05}
{'loss': 0.7305, 'grad_norm': 0.19008144736289978, 'learning_rate': 0.00019151743638077287, 'epoch': 0.05}
{'loss': 0.7363, 'grad_norm': 0.1772003173828125, 'learning_rate': 0.00019132893496701225, 'epoch': 0.05}
{'loss': 0.7287, 'grad_norm': 0.18261292576789856, 'learning_rate': 0.00019114043355325167, 'epoch': 0.05}
{'loss': 0.7596, 'grad_norm': 0.201155424118042, 'learning_rate': 0.00019095193213949105, 'epoch': 0.05}
{'loss': 0.7504, 'grad_norm': 0.18483807146549225, 'learning_rate': 0.00019076343072573046, 'epoch': 0.05}
{'loss': 0.7066, 'grad_norm': 0.17779286205768585, 'learning_rate': 0.00019057492931196985, 'epoch': 0.05}
{'loss': 0.7142, 'grad_norm': 0.18273001909255981, 'learning_rate': 0.00019038642789820923, 'epoch': 0.05}
{'loss': 0.6922, 'grad_norm': 0.18114206194877625, 'learning_rate': 0.00019019792648444864, 'epoch': 0.05}
{'loss': 0.687, 'grad_norm': 0.17570237815380096, 'learning_rate': 0.00019000942507068803, 'epoch': 0.05}
{'loss': 0.6988, 'grad_norm': 0.1914541870355606, 'learning_rate': 0.00018982092365692744, 'epoch': 0.06}
{'loss': 0.7447, 'grad_norm': 0.19844305515289307, 'learning_rate': 0.00018963242224316685, 'epoch': 0.06}
{'loss': 0.7195, 'grad_norm': 0.1823154091835022, 'learning_rate': 0.00018944392082940624, 'epoch': 0.06}
{'loss': 0.7058, 'grad_norm': 0.1882195919752121, 'learning_rate': 0.00018925541941564562, 'epoch': 0.06}
{'loss': 0.7066, 'grad_norm': 0.18707294762134552, 'learning_rate': 0.00018906691800188503, 'epoch': 0.06}
{'loss': 0.7233, 'grad_norm': 0.1957346498966217, 'learning_rate': 0.00018887841658812442, 'epoch': 0.06}
{'loss': 0.7411, 'grad_norm': 0.18428421020507812, 'learning_rate': 0.0001886899151743638, 'epoch': 0.06}
{'loss': 0.7418, 'grad_norm': 0.19041192531585693, 'learning_rate': 0.00018850141376060322, 'epoch': 0.06}
{'loss': 0.6989, 'grad_norm': 0.1910858154296875, 'learning_rate': 0.0001883129123468426, 'epoch': 0.06}
{'loss': 0.6999, 'grad_norm': 0.18054284155368805, 'learning_rate': 0.000188124410933082, 'epoch': 0.06}
{'loss': 0.7227, 'grad_norm': 0.19606941938400269, 'learning_rate': 0.0001879359095193214, 'epoch': 0.06}
{'loss': 0.7297, 'grad_norm': 0.186001256108284, 'learning_rate': 0.00018774740810556078, 'epoch': 0.07}
{'loss': 0.6907, 'grad_norm': 0.18162307143211365, 'learning_rate': 0.0001875589066918002, 'epoch': 0.07}
{'loss': 0.6991, 'grad_norm': 0.17060396075248718, 'learning_rate': 0.0001873704052780396, 'epoch': 0.07}
{'loss': 0.7019, 'grad_norm': 0.19120611250400543, 'learning_rate': 0.000187181903864279, 'epoch': 0.07}
{'loss': 0.7243, 'grad_norm': 0.19177183508872986, 'learning_rate': 0.0001869934024505184, 'epoch': 0.07}
{'loss': 0.6942, 'grad_norm': 0.18427076935768127, 'learning_rate': 0.0001868049010367578, 'epoch': 0.07}
{'loss': 0.7492, 'grad_norm': 0.1848403364419937, 'learning_rate': 0.00018661639962299717, 'epoch': 0.07}
{'loss': 0.7246, 'grad_norm': 0.1813243180513382, 'learning_rate': 0.00018642789820923658, 'epoch': 0.07}
{'loss': 0.6925, 'grad_norm': 0.1877906769514084, 'learning_rate': 0.00018623939679547597, 'epoch': 0.07}
{'loss': 0.6744, 'grad_norm': 0.18231327831745148, 'learning_rate': 0.00018605089538171535, 'epoch': 0.07}
{'loss': 0.7075, 'grad_norm': 0.18252032995224, 'learning_rate': 0.00018586239396795477, 'epoch': 0.08}
{'loss': 0.7063, 'grad_norm': 0.19216756522655487, 'learning_rate': 0.00018567389255419415, 'epoch': 0.08}
{'loss': 0.7203, 'grad_norm': 0.18516072630882263, 'learning_rate': 0.00018548539114043356, 'epoch': 0.08}
{'loss': 0.6569, 'grad_norm': 0.18356381356716156, 'learning_rate': 0.00018529688972667298, 'epoch': 0.08}
{'loss': 0.6794, 'grad_norm': 0.18592798709869385, 'learning_rate': 0.00018510838831291236, 'epoch': 0.08}
{'loss': 0.7219, 'grad_norm': 0.199074387550354, 'learning_rate': 0.00018491988689915177, 'epoch': 0.08}
{'loss': 0.6489, 'grad_norm': 0.17871439456939697, 'learning_rate': 0.00018473138548539116, 'epoch': 0.08}
{'loss': 0.6663, 'grad_norm': 0.17731130123138428, 'learning_rate': 0.00018454288407163054, 'epoch': 0.08}
{'loss': 0.6665, 'grad_norm': 0.17946560680866241, 'learning_rate': 0.00018435438265786995, 'epoch': 0.08}
{'loss': 0.6615, 'grad_norm': 0.1747693568468094, 'learning_rate': 0.00018416588124410934, 'epoch': 0.08}
{'loss': 0.7063, 'grad_norm': 0.19753722846508026, 'learning_rate': 0.00018397737983034872, 'epoch': 0.08}
{'loss': 0.6744, 'grad_norm': 0.1746603548526764, 'learning_rate': 0.00018378887841658814, 'epoch': 0.09}
{'loss': 0.6998, 'grad_norm': 0.18640325963497162, 'learning_rate': 0.00018360037700282752, 'epoch': 0.09}
{'loss': 0.6992, 'grad_norm': 0.18219174444675446, 'learning_rate': 0.0001834118755890669, 'epoch': 0.09}
{'loss': 0.6778, 'grad_norm': 0.1909140646457672, 'learning_rate': 0.00018322337417530632, 'epoch': 0.09}
{'loss': 0.6939, 'grad_norm': 0.18990913033485413, 'learning_rate': 0.00018303487276154573, 'epoch': 0.09}
{'loss': 0.6229, 'grad_norm': 0.19251422584056854, 'learning_rate': 0.00018284637134778514, 'epoch': 0.09}
{'loss': 0.6785, 'grad_norm': 0.1954106092453003, 'learning_rate': 0.00018265786993402453, 'epoch': 0.09}
{'loss': 0.6446, 'grad_norm': 0.17915719747543335, 'learning_rate': 0.0001824693685202639, 'epoch': 0.09}
{'loss': 0.6837, 'grad_norm': 0.18757107853889465, 'learning_rate': 0.00018228086710650332, 'epoch': 0.09}
{'loss': 0.7231, 'grad_norm': 0.205031618475914, 'learning_rate': 0.0001820923656927427, 'epoch': 0.09}
{'loss': 0.6729, 'grad_norm': 0.19785116612911224, 'learning_rate': 0.0001819038642789821, 'epoch': 0.09}
{'loss': 0.6881, 'grad_norm': 0.18870630860328674, 'learning_rate': 0.0001817153628652215, 'epoch': 0.1}
{'loss': 0.6858, 'grad_norm': 0.18565431237220764, 'learning_rate': 0.0001815268614514609, 'epoch': 0.1}
{'loss': 0.6702, 'grad_norm': 0.18034742772579193, 'learning_rate': 0.00018133836003770027, 'epoch': 0.1}
{'loss': 0.6562, 'grad_norm': 0.18583272397518158, 'learning_rate': 0.00018114985862393969, 'epoch': 0.1}
{'loss': 0.6789, 'grad_norm': 0.202900230884552, 'learning_rate': 0.00018096135721017907, 'epoch': 0.1}
{'loss': 0.6924, 'grad_norm': 0.22610779106616974, 'learning_rate': 0.00018077285579641848, 'epoch': 0.1}
{'loss': 0.7284, 'grad_norm': 0.19795545935630798, 'learning_rate': 0.0001805843543826579, 'epoch': 0.1}
{'loss': 0.6516, 'grad_norm': 0.18070565164089203, 'learning_rate': 0.00018039585296889728, 'epoch': 0.1}
{'loss': 0.7038, 'grad_norm': 0.21504706144332886, 'learning_rate': 0.0001802073515551367, 'epoch': 0.1}
{'loss': 0.6578, 'grad_norm': 0.20144037902355194, 'learning_rate': 0.00018001885014137608, 'epoch': 0.1}
{'loss': 0.6745, 'grad_norm': 0.2015668749809265, 'learning_rate': 0.00017983034872761546, 'epoch': 0.11}
{'loss': 0.6708, 'grad_norm': 0.18750856816768646, 'learning_rate': 0.00017964184731385487, 'epoch': 0.11}
{'loss': 0.7156, 'grad_norm': 0.19625802338123322, 'learning_rate': 0.00017945334590009426, 'epoch': 0.11}
{'loss': 0.6513, 'grad_norm': 0.19157375395298004, 'learning_rate': 0.00017926484448633364, 'epoch': 0.11}
{'loss': 0.7003, 'grad_norm': 0.18861283361911774, 'learning_rate': 0.00017907634307257305, 'epoch': 0.11}
{'loss': 0.6659, 'grad_norm': 0.18000881373882294, 'learning_rate': 0.00017888784165881244, 'epoch': 0.11}
{'loss': 0.6763, 'grad_norm': 0.17686305940151215, 'learning_rate': 0.00017869934024505185, 'epoch': 0.11}
{'loss': 0.6422, 'grad_norm': 0.1892702430486679, 'learning_rate': 0.00017851083883129126, 'epoch': 0.11}
{'loss': 0.6684, 'grad_norm': 0.1871412992477417, 'learning_rate': 0.00017832233741753065, 'epoch': 0.11}
{'loss': 0.6834, 'grad_norm': 0.19282014667987823, 'learning_rate': 0.00017813383600377003, 'epoch': 0.11}
{'loss': 0.6584, 'grad_norm': 0.1894804686307907, 'learning_rate': 0.00017794533459000944, 'epoch': 0.11}
{'loss': 0.6605, 'grad_norm': 0.18657611310482025, 'learning_rate': 0.00017775683317624883, 'epoch': 0.12}
{'loss': 0.6701, 'grad_norm': 0.19779083132743835, 'learning_rate': 0.00017756833176248824, 'epoch': 0.12}
{'loss': 0.6435, 'grad_norm': 0.1949615329504013, 'learning_rate': 0.00017737983034872763, 'epoch': 0.12}
{'loss': 0.6721, 'grad_norm': 0.18224553763866425, 'learning_rate': 0.000177191328934967, 'epoch': 0.12}
{'loss': 0.6589, 'grad_norm': 0.18811467289924622, 'learning_rate': 0.00017700282752120642, 'epoch': 0.12}
{'loss': 0.6649, 'grad_norm': 0.17706425487995148, 'learning_rate': 0.0001768143261074458, 'epoch': 0.12}
{'loss': 0.6541, 'grad_norm': 0.17535610496997833, 'learning_rate': 0.0001766258246936852, 'epoch': 0.12}
{'loss': 0.6768, 'grad_norm': 0.18518011271953583, 'learning_rate': 0.0001764373232799246, 'epoch': 0.12}
{'loss': 0.6964, 'grad_norm': 0.1815980225801468, 'learning_rate': 0.00017624882186616402, 'epoch': 0.12}
{'loss': 0.6932, 'grad_norm': 0.18669816851615906, 'learning_rate': 0.0001760603204524034, 'epoch': 0.12}
{'loss': 0.6672, 'grad_norm': 0.20046259462833405, 'learning_rate': 0.0001758718190386428, 'epoch': 0.12}
{'loss': 0.6461, 'grad_norm': 0.19744528830051422, 'learning_rate': 0.0001756833176248822, 'epoch': 0.13}
{'loss': 0.6876, 'grad_norm': 0.1807985007762909, 'learning_rate': 0.00017549481621112158, 'epoch': 0.13}
{'loss': 0.6345, 'grad_norm': 0.18918541073799133, 'learning_rate': 0.000175306314797361, 'epoch': 0.13}
{'loss': 0.6395, 'grad_norm': 0.18218474090099335, 'learning_rate': 0.00017511781338360038, 'epoch': 0.13}
{'loss': 0.664, 'grad_norm': 0.1926954984664917, 'learning_rate': 0.0001749293119698398, 'epoch': 0.13}
{'loss': 0.6563, 'grad_norm': 0.1779288649559021, 'learning_rate': 0.00017474081055607918, 'epoch': 0.13}
{'loss': 0.6576, 'grad_norm': 0.1851835995912552, 'learning_rate': 0.00017455230914231856, 'epoch': 0.13}
{'loss': 0.6446, 'grad_norm': 0.17792287468910217, 'learning_rate': 0.00017436380772855797, 'epoch': 0.13}
{'loss': 0.6786, 'grad_norm': 0.17734013497829437, 'learning_rate': 0.00017417530631479736, 'epoch': 0.13}
{'loss': 0.6481, 'grad_norm': 0.18939538300037384, 'learning_rate': 0.00017398680490103677, 'epoch': 0.13}
{'loss': 0.665, 'grad_norm': 0.18912115693092346, 'learning_rate': 0.00017379830348727618, 'epoch': 0.14}
{'loss': 0.6638, 'grad_norm': 0.19485333561897278, 'learning_rate': 0.00017360980207351557, 'epoch': 0.14}
{'loss': 0.6233, 'grad_norm': 0.18002699315547943, 'learning_rate': 0.00017342130065975495, 'epoch': 0.14}
{'loss': 0.6402, 'grad_norm': 0.18141767382621765, 'learning_rate': 0.00017323279924599436, 'epoch': 0.14}
{'loss': 0.6949, 'grad_norm': 0.18856696784496307, 'learning_rate': 0.00017304429783223375, 'epoch': 0.14}
{'loss': 0.6818, 'grad_norm': 0.19165486097335815, 'learning_rate': 0.00017285579641847313, 'epoch': 0.14}
{'loss': 0.6281, 'grad_norm': 0.186222642660141, 'learning_rate': 0.00017266729500471254, 'epoch': 0.14}
{'loss': 0.6433, 'grad_norm': 0.1933383345603943, 'learning_rate': 0.00017247879359095193, 'epoch': 0.14}
{'loss': 0.639, 'grad_norm': 0.19676321744918823, 'learning_rate': 0.00017229029217719134, 'epoch': 0.14}
{'loss': 0.6882, 'grad_norm': 0.19702424108982086, 'learning_rate': 0.00017210179076343073, 'epoch': 0.14}
{'loss': 0.694, 'grad_norm': 0.19826996326446533, 'learning_rate': 0.00017191328934967014, 'epoch': 0.14}
{'loss': 0.7126, 'grad_norm': 0.18164585530757904, 'learning_rate': 0.00017172478793590955, 'epoch': 0.15}
{'loss': 0.6629, 'grad_norm': 0.2015267312526703, 'learning_rate': 0.00017153628652214894, 'epoch': 0.15}
{'loss': 0.7011, 'grad_norm': 0.17982539534568787, 'learning_rate': 0.00017134778510838832, 'epoch': 0.15}
{'loss': 0.6649, 'grad_norm': 0.17931582033634186, 'learning_rate': 0.00017115928369462773, 'epoch': 0.15}
{'loss': 0.6655, 'grad_norm': 0.19208495318889618, 'learning_rate': 0.00017097078228086712, 'epoch': 0.15}
{'loss': 0.6319, 'grad_norm': 0.1688542515039444, 'learning_rate': 0.0001707822808671065, 'epoch': 0.15}
{'loss': 0.6478, 'grad_norm': 0.17827613651752472, 'learning_rate': 0.0001705937794533459, 'epoch': 0.15}
{'loss': 0.6709, 'grad_norm': 0.17949235439300537, 'learning_rate': 0.0001704052780395853, 'epoch': 0.15}
{'loss': 0.6383, 'grad_norm': 0.1904754340648651, 'learning_rate': 0.00017021677662582468, 'epoch': 0.15}
{'loss': 0.6303, 'grad_norm': 0.18825337290763855, 'learning_rate': 0.0001700282752120641, 'epoch': 0.15}
{'loss': 0.642, 'grad_norm': 0.18817739188671112, 'learning_rate': 0.00016983977379830348, 'epoch': 0.15}
{'loss': 0.6162, 'grad_norm': 0.1817195862531662, 'learning_rate': 0.0001696512723845429, 'epoch': 0.16}
{'loss': 0.6486, 'grad_norm': 0.18491266667842865, 'learning_rate': 0.0001694627709707823, 'epoch': 0.16}
{'loss': 0.6476, 'grad_norm': 0.18873141705989838, 'learning_rate': 0.0001692742695570217, 'epoch': 0.16}
{'loss': 0.6102, 'grad_norm': 0.18864721059799194, 'learning_rate': 0.0001690857681432611, 'epoch': 0.16}
{'loss': 0.6713, 'grad_norm': 0.18573349714279175, 'learning_rate': 0.00016889726672950049, 'epoch': 0.16}
{'loss': 0.6838, 'grad_norm': 0.18807749450206757, 'learning_rate': 0.00016870876531573987, 'epoch': 0.16}
{'loss': 0.6714, 'grad_norm': 0.18408696353435516, 'learning_rate': 0.00016852026390197928, 'epoch': 0.16}
{'loss': 0.6419, 'grad_norm': 0.18290339410305023, 'learning_rate': 0.00016833176248821867, 'epoch': 0.16}
{'loss': 0.6415, 'grad_norm': 0.181076318025589, 'learning_rate': 0.00016814326107445805, 'epoch': 0.16}
{'loss': 0.6556, 'grad_norm': 0.18680764734745026, 'learning_rate': 0.00016795475966069746, 'epoch': 0.16}
{'loss': 0.6349, 'grad_norm': 0.17852799594402313, 'learning_rate': 0.00016776625824693685, 'epoch': 0.17}
{'loss': 0.6759, 'grad_norm': 0.19321684539318085, 'learning_rate': 0.00016757775683317626, 'epoch': 0.17}
{'loss': 0.627, 'grad_norm': 0.19329588115215302, 'learning_rate': 0.00016738925541941565, 'epoch': 0.17}
{'loss': 0.6362, 'grad_norm': 0.185931995511055, 'learning_rate': 0.00016720075400565506, 'epoch': 0.17}
{'loss': 0.6506, 'grad_norm': 0.17400820553302765, 'learning_rate': 0.00016701225259189447, 'epoch': 0.17}
{'loss': 0.6206, 'grad_norm': 0.1816527247428894, 'learning_rate': 0.00016682375117813385, 'epoch': 0.17}
{'loss': 0.6304, 'grad_norm': 0.18341174721717834, 'learning_rate': 0.00016663524976437324, 'epoch': 0.17}
{'loss': 0.6552, 'grad_norm': 0.1896684318780899, 'learning_rate': 0.00016644674835061265, 'epoch': 0.17}
{'loss': 0.6456, 'grad_norm': 0.1839599460363388, 'learning_rate': 0.00016625824693685204, 'epoch': 0.17}
{'loss': 0.6656, 'grad_norm': 0.17085891962051392, 'learning_rate': 0.00016606974552309142, 'epoch': 0.17}
{'loss': 0.6156, 'grad_norm': 0.17814047634601593, 'learning_rate': 0.00016588124410933083, 'epoch': 0.17}
{'loss': 0.6313, 'grad_norm': 0.18429125845432281, 'learning_rate': 0.00016569274269557022, 'epoch': 0.18}
{'loss': 0.5999, 'grad_norm': 0.18429940938949585, 'learning_rate': 0.0001655042412818096, 'epoch': 0.18}
{'loss': 0.6771, 'grad_norm': 0.1913587599992752, 'learning_rate': 0.00016531573986804901, 'epoch': 0.18}
{'loss': 0.6432, 'grad_norm': 0.18058007955551147, 'learning_rate': 0.00016512723845428843, 'epoch': 0.18}
{'loss': 0.6697, 'grad_norm': 0.20168915390968323, 'learning_rate': 0.0001649387370405278, 'epoch': 0.18}
{'loss': 0.631, 'grad_norm': 0.18043984472751617, 'learning_rate': 0.00016475023562676722, 'epoch': 0.18}
{'loss': 0.6392, 'grad_norm': 0.18189047276973724, 'learning_rate': 0.0001645617342130066, 'epoch': 0.18}
{'loss': 0.6322, 'grad_norm': 0.18236251175403595, 'learning_rate': 0.00016437323279924602, 'epoch': 0.18}
{'loss': 0.6394, 'grad_norm': 0.18127813935279846, 'learning_rate': 0.0001641847313854854, 'epoch': 0.18}
{'loss': 0.6671, 'grad_norm': 0.19544991850852966, 'learning_rate': 0.0001639962299717248, 'epoch': 0.18}
{'loss': 0.632, 'grad_norm': 0.1787073314189911, 'learning_rate': 0.0001638077285579642, 'epoch': 0.18}
{'loss': 0.666, 'grad_norm': 0.1839120090007782, 'learning_rate': 0.00016361922714420359, 'epoch': 0.19}
{'loss': 0.6942, 'grad_norm': 0.18618208169937134, 'learning_rate': 0.00016343072573044297, 'epoch': 0.19}
{'loss': 0.6509, 'grad_norm': 0.17362770438194275, 'learning_rate': 0.00016324222431668238, 'epoch': 0.19}
{'loss': 0.634, 'grad_norm': 0.17563965916633606, 'learning_rate': 0.00016305372290292177, 'epoch': 0.19}
{'loss': 0.623, 'grad_norm': 0.18113407492637634, 'learning_rate': 0.00016286522148916118, 'epoch': 0.19}
{'loss': 0.6423, 'grad_norm': 0.18634650111198425, 'learning_rate': 0.0001626767200754006, 'epoch': 0.19}
{'loss': 0.6048, 'grad_norm': 0.1760195940732956, 'learning_rate': 0.00016248821866163998, 'epoch': 0.19}
{'loss': 0.6599, 'grad_norm': 0.18602867424488068, 'learning_rate': 0.00016229971724787936, 'epoch': 0.19}
{'loss': 0.6219, 'grad_norm': 0.17901864647865295, 'learning_rate': 0.00016211121583411877, 'epoch': 0.19}
{'loss': 0.6543, 'grad_norm': 0.18670737743377686, 'learning_rate': 0.00016192271442035816, 'epoch': 0.19}
{'loss': 0.6432, 'grad_norm': 0.18917693197727203, 'learning_rate': 0.00016173421300659757, 'epoch': 0.2}
{'loss': 0.6464, 'grad_norm': 0.1932334154844284, 'learning_rate': 0.00016154571159283695, 'epoch': 0.2}
{'loss': 0.6943, 'grad_norm': 0.1889888495206833, 'learning_rate': 0.00016135721017907634, 'epoch': 0.2}
{'loss': 0.6227, 'grad_norm': 0.1861303746700287, 'learning_rate': 0.00016116870876531575, 'epoch': 0.2}
{'loss': 0.6064, 'grad_norm': 0.1691478043794632, 'learning_rate': 0.00016098020735155514, 'epoch': 0.2}
{'loss': 0.6459, 'grad_norm': 0.17316493391990662, 'learning_rate': 0.00016079170593779455, 'epoch': 0.2}
{'loss': 0.6294, 'grad_norm': 0.17871707677841187, 'learning_rate': 0.00016060320452403393, 'epoch': 0.2}
{'loss': 0.6794, 'grad_norm': 0.18675106763839722, 'learning_rate': 0.00016041470311027334, 'epoch': 0.2}
{'loss': 0.6499, 'grad_norm': 0.18066327273845673, 'learning_rate': 0.00016022620169651273, 'epoch': 0.2}
{'loss': 0.6627, 'grad_norm': 0.18453890085220337, 'learning_rate': 0.00016003770028275214, 'epoch': 0.2}
{'loss': 0.6295, 'grad_norm': 0.185106560587883, 'learning_rate': 0.00015984919886899153, 'epoch': 0.2}
{'loss': 0.6207, 'grad_norm': 0.17544615268707275, 'learning_rate': 0.0001596606974552309, 'epoch': 0.21}
{'loss': 0.6374, 'grad_norm': 0.1839004009962082, 'learning_rate': 0.00015947219604147032, 'epoch': 0.21}
{'loss': 0.6693, 'grad_norm': 0.18032078444957733, 'learning_rate': 0.0001592836946277097, 'epoch': 0.21}
{'loss': 0.6507, 'grad_norm': 0.17544937133789062, 'learning_rate': 0.00015909519321394912, 'epoch': 0.21}
{'loss': 0.6652, 'grad_norm': 0.18223531544208527, 'learning_rate': 0.0001589066918001885, 'epoch': 0.21}
{'loss': 0.6155, 'grad_norm': 0.17004325985908508, 'learning_rate': 0.0001587181903864279, 'epoch': 0.21}
{'loss': 0.625, 'grad_norm': 0.17931263148784637, 'learning_rate': 0.0001585296889726673, 'epoch': 0.21}
{'loss': 0.6007, 'grad_norm': 0.17351195216178894, 'learning_rate': 0.0001583411875589067, 'epoch': 0.21}
{'loss': 0.6527, 'grad_norm': 0.18598641455173492, 'learning_rate': 0.0001581526861451461, 'epoch': 0.21}
{'loss': 0.5874, 'grad_norm': 0.17865970730781555, 'learning_rate': 0.0001579641847313855, 'epoch': 0.21}
{'loss': 0.6537, 'grad_norm': 0.18385592103004456, 'learning_rate': 0.0001577756833176249, 'epoch': 0.21}
{'loss': 0.6442, 'grad_norm': 0.1867976188659668, 'learning_rate': 0.00015758718190386428, 'epoch': 0.22}
{'loss': 0.599, 'grad_norm': 0.16444601118564606, 'learning_rate': 0.0001573986804901037, 'epoch': 0.22}
{'loss': 0.629, 'grad_norm': 0.17663106322288513, 'learning_rate': 0.00015721017907634308, 'epoch': 0.22}
{'loss': 0.6304, 'grad_norm': 0.181100994348526, 'learning_rate': 0.00015702167766258246, 'epoch': 0.22}
{'loss': 0.6824, 'grad_norm': 0.18917596340179443, 'learning_rate': 0.00015683317624882187, 'epoch': 0.22}
{'loss': 0.6123, 'grad_norm': 0.18049581348896027, 'learning_rate': 0.00015664467483506126, 'epoch': 0.22}
{'loss': 0.6493, 'grad_norm': 0.1822241097688675, 'learning_rate': 0.00015645617342130067, 'epoch': 0.22}
{'loss': 0.6467, 'grad_norm': 0.18416574597358704, 'learning_rate': 0.00015626767200754005, 'epoch': 0.22}
{'loss': 0.6809, 'grad_norm': 0.18021057546138763, 'learning_rate': 0.00015607917059377947, 'epoch': 0.22}
{'loss': 0.6203, 'grad_norm': 0.18415869772434235, 'learning_rate': 0.00015589066918001888, 'epoch': 0.22}
{'loss': 0.6334, 'grad_norm': 0.1803518384695053, 'learning_rate': 0.00015570216776625826, 'epoch': 0.23}
{'loss': 0.6234, 'grad_norm': 0.18576580286026, 'learning_rate': 0.00015551366635249765, 'epoch': 0.23}
{'loss': 0.6123, 'grad_norm': 0.17812712490558624, 'learning_rate': 0.00015532516493873706, 'epoch': 0.23}
{'loss': 0.6517, 'grad_norm': 0.18718339502811432, 'learning_rate': 0.00015513666352497645, 'epoch': 0.23}
{'loss': 0.6521, 'grad_norm': 0.16961705684661865, 'learning_rate': 0.00015494816211121583, 'epoch': 0.23}
{'loss': 0.637, 'grad_norm': 0.18328692018985748, 'learning_rate': 0.00015475966069745524, 'epoch': 0.23}
{'loss': 0.6572, 'grad_norm': 0.19777359068393707, 'learning_rate': 0.00015457115928369463, 'epoch': 0.23}
{'loss': 0.6361, 'grad_norm': 0.18120720982551575, 'learning_rate': 0.000154382657869934, 'epoch': 0.23}
{'loss': 0.6191, 'grad_norm': 0.1860063523054123, 'learning_rate': 0.00015419415645617342, 'epoch': 0.23}
{'loss': 0.6633, 'grad_norm': 0.18404363095760345, 'learning_rate': 0.0001540056550424128, 'epoch': 0.23}
{'loss': 0.6464, 'grad_norm': 0.1827012002468109, 'learning_rate': 0.00015381715362865222, 'epoch': 0.23}
{'loss': 0.607, 'grad_norm': 0.17559383809566498, 'learning_rate': 0.00015362865221489163, 'epoch': 0.24}
{'loss': 0.6469, 'grad_norm': 0.1896350234746933, 'learning_rate': 0.00015344015080113102, 'epoch': 0.24}
{'loss': 0.5972, 'grad_norm': 0.17990422248840332, 'learning_rate': 0.00015325164938737043, 'epoch': 0.24}
{'loss': 0.6418, 'grad_norm': 0.1792670041322708, 'learning_rate': 0.00015306314797360981, 'epoch': 0.24}
{'loss': 0.6699, 'grad_norm': 0.18828381597995758, 'learning_rate': 0.0001528746465598492, 'epoch': 0.24}
{'loss': 0.6011, 'grad_norm': 0.18155483901500702, 'learning_rate': 0.0001526861451460886, 'epoch': 0.24}
{'loss': 0.6059, 'grad_norm': 0.1920337677001953, 'learning_rate': 0.000152497643732328, 'epoch': 0.24}
{'loss': 0.6347, 'grad_norm': 0.17887338995933533, 'learning_rate': 0.00015230914231856738, 'epoch': 0.24}
{'loss': 0.6524, 'grad_norm': 0.18463343381881714, 'learning_rate': 0.0001521206409048068, 'epoch': 0.24}
{'loss': 0.6594, 'grad_norm': 0.19006724655628204, 'learning_rate': 0.00015193213949104618, 'epoch': 0.24}
{'loss': 0.6787, 'grad_norm': 0.18697528541088104, 'learning_rate': 0.0001517436380772856, 'epoch': 0.24}
{'loss': 0.6452, 'grad_norm': 0.19267286360263824, 'learning_rate': 0.000151555136663525, 'epoch': 0.25}
{'loss': 0.6199, 'grad_norm': 0.1791129857301712, 'learning_rate': 0.00015136663524976439, 'epoch': 0.25}
{'loss': 0.6855, 'grad_norm': 0.19384148716926575, 'learning_rate': 0.0001511781338360038, 'epoch': 0.25}
{'loss': 0.6168, 'grad_norm': 0.18177445232868195, 'learning_rate': 0.00015098963242224318, 'epoch': 0.25}
{'loss': 0.6497, 'grad_norm': 0.18433047831058502, 'learning_rate': 0.00015080113100848257, 'epoch': 0.25}
{'loss': 0.6252, 'grad_norm': 0.1856968104839325, 'learning_rate': 0.00015061262959472198, 'epoch': 0.25}
{'loss': 0.6491, 'grad_norm': 0.18235884606838226, 'learning_rate': 0.00015042412818096136, 'epoch': 0.25}
{'loss': 0.6423, 'grad_norm': 0.18658487498760223, 'learning_rate': 0.00015023562676720075, 'epoch': 0.25}
{'loss': 0.6509, 'grad_norm': 0.18210826814174652, 'learning_rate': 0.00015004712535344016, 'epoch': 0.25}
{'loss': 0.6856, 'grad_norm': 0.19658008217811584, 'learning_rate': 0.00014985862393967955, 'epoch': 0.25}
{'loss': 0.6065, 'grad_norm': 0.1825123280286789, 'learning_rate': 0.00014967012252591893, 'epoch': 0.26}
{'loss': 0.6432, 'grad_norm': 0.17025916278362274, 'learning_rate': 0.00014948162111215834, 'epoch': 0.26}
{'loss': 0.6357, 'grad_norm': 0.17697016894817352, 'learning_rate': 0.00014929311969839775, 'epoch': 0.26}
{'loss': 0.6754, 'grad_norm': 0.18541426956653595, 'learning_rate': 0.00014910461828463714, 'epoch': 0.26}
{'loss': 0.6648, 'grad_norm': 0.18382053077220917, 'learning_rate': 0.00014891611687087655, 'epoch': 0.26}
{'loss': 0.6916, 'grad_norm': 0.18758553266525269, 'learning_rate': 0.00014872761545711594, 'epoch': 0.26}
{'loss': 0.6412, 'grad_norm': 0.18281610310077667, 'learning_rate': 0.00014853911404335535, 'epoch': 0.26}
{'loss': 0.628, 'grad_norm': 0.18646648526191711, 'learning_rate': 0.00014835061262959473, 'epoch': 0.26}
{'loss': 0.6371, 'grad_norm': 0.17988277971744537, 'learning_rate': 0.00014816211121583412, 'epoch': 0.26}
{'loss': 0.6656, 'grad_norm': 0.16817136108875275, 'learning_rate': 0.00014797360980207353, 'epoch': 0.26}
{'loss': 0.6545, 'grad_norm': 0.1795574426651001, 'learning_rate': 0.00014778510838831291, 'epoch': 0.26}
{'loss': 0.6205, 'grad_norm': 0.16967862844467163, 'learning_rate': 0.0001475966069745523, 'epoch': 0.27}
{'loss': 0.6635, 'grad_norm': 0.18054895102977753, 'learning_rate': 0.0001474081055607917, 'epoch': 0.27}
{'loss': 0.6103, 'grad_norm': 0.17633311450481415, 'learning_rate': 0.0001472196041470311, 'epoch': 0.27}
{'loss': 0.6382, 'grad_norm': 0.18526268005371094, 'learning_rate': 0.0001470311027332705, 'epoch': 0.27}
{'loss': 0.6509, 'grad_norm': 0.19013825058937073, 'learning_rate': 0.00014684260131950992, 'epoch': 0.27}
{'loss': 0.6337, 'grad_norm': 0.19346943497657776, 'learning_rate': 0.0001466540999057493, 'epoch': 0.27}
{'loss': 0.6239, 'grad_norm': 0.1808149516582489, 'learning_rate': 0.0001464655984919887, 'epoch': 0.27}
{'loss': 0.6116, 'grad_norm': 0.16543292999267578, 'learning_rate': 0.0001462770970782281, 'epoch': 0.27}
{'loss': 0.6405, 'grad_norm': 0.20264790952205658, 'learning_rate': 0.00014608859566446749, 'epoch': 0.27}
{'loss': 0.6333, 'grad_norm': 0.1764204055070877, 'learning_rate': 0.0001459000942507069, 'epoch': 0.27}
{'loss': 0.6535, 'grad_norm': 0.185407817363739, 'learning_rate': 0.00014571159283694628, 'epoch': 0.27}
{'loss': 0.6173, 'grad_norm': 0.1800203025341034, 'learning_rate': 0.00014552309142318567, 'epoch': 0.28}
{'loss': 0.6304, 'grad_norm': 0.18789628148078918, 'learning_rate': 0.00014533459000942508, 'epoch': 0.28}
{'loss': 0.6098, 'grad_norm': 0.18107999861240387, 'learning_rate': 0.00014514608859566446, 'epoch': 0.28}
{'loss': 0.6306, 'grad_norm': 0.18310466408729553, 'learning_rate': 0.00014495758718190388, 'epoch': 0.28}
{'loss': 0.6248, 'grad_norm': 0.1870136857032776, 'learning_rate': 0.0001447690857681433, 'epoch': 0.28}
{'loss': 0.659, 'grad_norm': 0.19168126583099365, 'learning_rate': 0.00014458058435438267, 'epoch': 0.28}
{'loss': 0.6262, 'grad_norm': 0.18524982035160065, 'learning_rate': 0.00014439208294062206, 'epoch': 0.28}
{'loss': 0.6016, 'grad_norm': 0.17367002367973328, 'learning_rate': 0.00014420358152686147, 'epoch': 0.28}
{'loss': 0.6101, 'grad_norm': 0.18149691820144653, 'learning_rate': 0.00014401508011310086, 'epoch': 0.28}
{'loss': 0.6373, 'grad_norm': 0.17254410684108734, 'learning_rate': 0.00014382657869934024, 'epoch': 0.28}
{'loss': 0.6526, 'grad_norm': 0.18478117883205414, 'learning_rate': 0.00014363807728557965, 'epoch': 0.29}
{'loss': 0.658, 'grad_norm': 0.18264040350914001, 'learning_rate': 0.00014344957587181904, 'epoch': 0.29}
{'loss': 0.6237, 'grad_norm': 0.19166360795497894, 'learning_rate': 0.00014326107445805845, 'epoch': 0.29}
{'loss': 0.6413, 'grad_norm': 0.1828121542930603, 'learning_rate': 0.00014307257304429783, 'epoch': 0.29}
{'loss': 0.5982, 'grad_norm': 0.18011055886745453, 'learning_rate': 0.00014288407163053722, 'epoch': 0.29}
{'loss': 0.6501, 'grad_norm': 0.1808079183101654, 'learning_rate': 0.00014269557021677663, 'epoch': 0.29}
{'loss': 0.6098, 'grad_norm': 0.18335172533988953, 'learning_rate': 0.00014250706880301604, 'epoch': 0.29}
{'loss': 0.6003, 'grad_norm': 0.17503133416175842, 'learning_rate': 0.00014231856738925543, 'epoch': 0.29}
{'loss': 0.6263, 'grad_norm': 0.18722599744796753, 'learning_rate': 0.00014213006597549484, 'epoch': 0.29}
{'loss': 0.6645, 'grad_norm': 0.1923518031835556, 'learning_rate': 0.00014194156456173422, 'epoch': 0.29}
{'loss': 0.6189, 'grad_norm': 0.1786975860595703, 'learning_rate': 0.0001417530631479736, 'epoch': 0.29}
{'loss': 0.6388, 'grad_norm': 0.18655283749103546, 'learning_rate': 0.00014156456173421302, 'epoch': 0.3}
{'loss': 0.6212, 'grad_norm': 0.1982044279575348, 'learning_rate': 0.0001413760603204524, 'epoch': 0.3}
{'loss': 0.6022, 'grad_norm': 0.19335922598838806, 'learning_rate': 0.0001411875589066918, 'epoch': 0.3}
{'loss': 0.6093, 'grad_norm': 0.17980626225471497, 'learning_rate': 0.0001409990574929312, 'epoch': 0.3}
{'loss': 0.6026, 'grad_norm': 0.16966591775417328, 'learning_rate': 0.0001408105560791706, 'epoch': 0.3}
{'loss': 0.6353, 'grad_norm': 0.18782927095890045, 'learning_rate': 0.00014062205466541, 'epoch': 0.3}
{'loss': 0.5951, 'grad_norm': 0.17252716422080994, 'learning_rate': 0.00014043355325164938, 'epoch': 0.3}
{'loss': 0.6607, 'grad_norm': 0.19023799896240234, 'learning_rate': 0.0001402450518378888, 'epoch': 0.3}
{'loss': 0.628, 'grad_norm': 0.19139862060546875, 'learning_rate': 0.0001400565504241282, 'epoch': 0.3}
{'loss': 0.6362, 'grad_norm': 0.19063429534435272, 'learning_rate': 0.0001398680490103676, 'epoch': 0.3}
{'loss': 0.6521, 'grad_norm': 0.18169137835502625, 'learning_rate': 0.00013967954759660698, 'epoch': 0.3}
{'loss': 0.5936, 'grad_norm': 0.18265798687934875, 'learning_rate': 0.0001394910461828464, 'epoch': 0.31}
{'loss': 0.6249, 'grad_norm': 0.17500606179237366, 'learning_rate': 0.00013930254476908577, 'epoch': 0.31}
{'loss': 0.6008, 'grad_norm': 0.1839832067489624, 'learning_rate': 0.00013911404335532516, 'epoch': 0.31}
{'loss': 0.6353, 'grad_norm': 0.1762584149837494, 'learning_rate': 0.00013892554194156457, 'epoch': 0.31}
{'loss': 0.6624, 'grad_norm': 0.1897401064634323, 'learning_rate': 0.00013873704052780396, 'epoch': 0.31}
{'loss': 0.6104, 'grad_norm': 0.19362331926822662, 'learning_rate': 0.00013854853911404334, 'epoch': 0.31}
{'loss': 0.6506, 'grad_norm': 0.17957574129104614, 'learning_rate': 0.00013836003770028275, 'epoch': 0.31}
{'loss': 0.6298, 'grad_norm': 0.18701303005218506, 'learning_rate': 0.00013817153628652216, 'epoch': 0.31}
{'loss': 0.6549, 'grad_norm': 0.19180747866630554, 'learning_rate': 0.00013798303487276158, 'epoch': 0.31}
{'loss': 0.6011, 'grad_norm': 0.1718984991312027, 'learning_rate': 0.00013779453345900096, 'epoch': 0.31}
{'loss': 0.6465, 'grad_norm': 0.17838966846466064, 'learning_rate': 0.00013760603204524035, 'epoch': 0.32}
{'loss': 0.6269, 'grad_norm': 0.17513829469680786, 'learning_rate': 0.00013741753063147976, 'epoch': 0.32}
{'loss': 0.6139, 'grad_norm': 0.18192622065544128, 'learning_rate': 0.00013722902921771914, 'epoch': 0.32}
{'loss': 0.633, 'grad_norm': 0.18659372627735138, 'learning_rate': 0.00013704052780395853, 'epoch': 0.32}
{'loss': 0.6093, 'grad_norm': 0.1861112117767334, 'learning_rate': 0.00013685202639019794, 'epoch': 0.32}
{'loss': 0.5746, 'grad_norm': 0.1701020449399948, 'learning_rate': 0.00013666352497643732, 'epoch': 0.32}
{'loss': 0.5911, 'grad_norm': 0.1724260151386261, 'learning_rate': 0.0001364750235626767, 'epoch': 0.32}
{'loss': 0.5935, 'grad_norm': 0.17354640364646912, 'learning_rate': 0.00013628652214891612, 'epoch': 0.32}
{'loss': 0.6308, 'grad_norm': 0.1868349015712738, 'learning_rate': 0.0001360980207351555, 'epoch': 0.32}
{'loss': 0.623, 'grad_norm': 0.18583090603351593, 'learning_rate': 0.00013590951932139492, 'epoch': 0.32}
{'loss': 0.6126, 'grad_norm': 0.18569247424602509, 'learning_rate': 0.00013572101790763433, 'epoch': 0.32}
{'loss': 0.6462, 'grad_norm': 0.188956618309021, 'learning_rate': 0.00013553251649387371, 'epoch': 0.33}
{'loss': 0.6511, 'grad_norm': 0.17449912428855896, 'learning_rate': 0.00013534401508011313, 'epoch': 0.33}
{'loss': 0.6343, 'grad_norm': 0.18472814559936523, 'learning_rate': 0.0001351555136663525, 'epoch': 0.33}
{'loss': 0.6653, 'grad_norm': 0.18119359016418457, 'learning_rate': 0.0001349670122525919, 'epoch': 0.33}
{'loss': 0.6077, 'grad_norm': 0.16829700767993927, 'learning_rate': 0.0001347785108388313, 'epoch': 0.33}
{'loss': 0.6165, 'grad_norm': 0.18970245122909546, 'learning_rate': 0.0001345900094250707, 'epoch': 0.33}
{'loss': 0.6232, 'grad_norm': 0.19558869302272797, 'learning_rate': 0.00013440150801131008, 'epoch': 0.33}
{'loss': 0.6191, 'grad_norm': 0.1809149831533432, 'learning_rate': 0.0001342130065975495, 'epoch': 0.33}
{'loss': 0.6303, 'grad_norm': 0.17550452053546906, 'learning_rate': 0.00013402450518378887, 'epoch': 0.33}
{'loss': 0.6245, 'grad_norm': 0.2009449005126953, 'learning_rate': 0.00013383600377002829, 'epoch': 0.33}
{'loss': 0.6541, 'grad_norm': 0.1886054128408432, 'learning_rate': 0.00013364750235626767, 'epoch': 0.33}
{'loss': 0.628, 'grad_norm': 0.1755743771791458, 'learning_rate': 0.00013345900094250708, 'epoch': 0.34}
{'loss': 0.5672, 'grad_norm': 0.17133168876171112, 'learning_rate': 0.00013327049952874647, 'epoch': 0.34}
{'loss': 0.5948, 'grad_norm': 0.16829709708690643, 'learning_rate': 0.00013308199811498588, 'epoch': 0.34}
{'loss': 0.6268, 'grad_norm': 0.17000050842761993, 'learning_rate': 0.00013289349670122526, 'epoch': 0.34}
{'loss': 0.5943, 'grad_norm': 0.1707364320755005, 'learning_rate': 0.00013270499528746468, 'epoch': 0.34}
{'loss': 0.6847, 'grad_norm': 0.18782413005828857, 'learning_rate': 0.00013251649387370406, 'epoch': 0.34}
{'loss': 0.5897, 'grad_norm': 0.18071317672729492, 'learning_rate': 0.00013232799245994345, 'epoch': 0.34}
{'loss': 0.58, 'grad_norm': 0.18980109691619873, 'learning_rate': 0.00013213949104618286, 'epoch': 0.34}
{'loss': 0.6029, 'grad_norm': 0.1710439920425415, 'learning_rate': 0.00013195098963242224, 'epoch': 0.34}
{'loss': 0.6266, 'grad_norm': 0.18933764100074768, 'learning_rate': 0.00013176248821866163, 'epoch': 0.34}
{'loss': 0.5946, 'grad_norm': 0.17374888062477112, 'learning_rate': 0.00013157398680490104, 'epoch': 0.35}
{'loss': 0.5987, 'grad_norm': 0.1743057817220688, 'learning_rate': 0.00013138548539114045, 'epoch': 0.35}
{'loss': 0.6044, 'grad_norm': 0.17976291477680206, 'learning_rate': 0.00013119698397737984, 'epoch': 0.35}
{'loss': 0.6135, 'grad_norm': 0.18247832357883453, 'learning_rate': 0.00013100848256361925, 'epoch': 0.35}
{'loss': 0.5771, 'grad_norm': 0.18514549732208252, 'learning_rate': 0.00013081998114985863, 'epoch': 0.35}
{'loss': 0.5898, 'grad_norm': 0.18526899814605713, 'learning_rate': 0.00013063147973609802, 'epoch': 0.35}
{'loss': 0.6196, 'grad_norm': 0.17060334980487823, 'learning_rate': 0.00013044297832233743, 'epoch': 0.35}
{'loss': 0.626, 'grad_norm': 0.1924891322851181, 'learning_rate': 0.00013025447690857682, 'epoch': 0.35}
{'loss': 0.6423, 'grad_norm': 0.18760262429714203, 'learning_rate': 0.00013006597549481623, 'epoch': 0.35}
{'loss': 0.6273, 'grad_norm': 0.18605390191078186, 'learning_rate': 0.0001298774740810556, 'epoch': 0.35}
{'loss': 0.6116, 'grad_norm': 0.17232811450958252, 'learning_rate': 0.000129688972667295, 'epoch': 0.35}
{'loss': 0.6251, 'grad_norm': 0.17680148780345917, 'learning_rate': 0.0001295004712535344, 'epoch': 0.36}
{'loss': 0.6708, 'grad_norm': 0.19012965261936188, 'learning_rate': 0.0001293119698397738, 'epoch': 0.36}
{'loss': 0.6186, 'grad_norm': 0.18109656870365143, 'learning_rate': 0.0001291234684260132, 'epoch': 0.36}
{'loss': 0.6258, 'grad_norm': 0.18158391118049622, 'learning_rate': 0.00012893496701225262, 'epoch': 0.36}
{'loss': 0.5934, 'grad_norm': 0.18433770537376404, 'learning_rate': 0.000128746465598492, 'epoch': 0.36}
{'loss': 0.6163, 'grad_norm': 0.18497058749198914, 'learning_rate': 0.0001285579641847314, 'epoch': 0.36}
{'loss': 0.6159, 'grad_norm': 0.19205309450626373, 'learning_rate': 0.0001283694627709708, 'epoch': 0.36}
{'loss': 0.6422, 'grad_norm': 0.18135380744934082, 'learning_rate': 0.00012818096135721018, 'epoch': 0.36}
{'loss': 0.6217, 'grad_norm': 0.1870650351047516, 'learning_rate': 0.00012799245994344957, 'epoch': 0.36}
{'loss': 0.6223, 'grad_norm': 0.1838264763355255, 'learning_rate': 0.00012780395852968898, 'epoch': 0.36}
{'loss': 0.6567, 'grad_norm': 0.1950630098581314, 'learning_rate': 0.00012761545711592837, 'epoch': 0.36}
{'loss': 0.5925, 'grad_norm': 0.18173545598983765, 'learning_rate': 0.00012742695570216778, 'epoch': 0.37}
{'loss': 0.6251, 'grad_norm': 0.17983677983283997, 'learning_rate': 0.00012723845428840716, 'epoch': 0.37}
{'loss': 0.5976, 'grad_norm': 0.1747961789369583, 'learning_rate': 0.00012704995287464657, 'epoch': 0.37}
{'loss': 0.6378, 'grad_norm': 0.1786574125289917, 'learning_rate': 0.00012686145146088596, 'epoch': 0.37}
{'loss': 0.6714, 'grad_norm': 0.18246373534202576, 'learning_rate': 0.00012667295004712537, 'epoch': 0.37}
{'loss': 0.5973, 'grad_norm': 0.1792043298482895, 'learning_rate': 0.00012648444863336476, 'epoch': 0.37}
{'loss': 0.6257, 'grad_norm': 0.18129697442054749, 'learning_rate': 0.00012629594721960417, 'epoch': 0.37}
{'loss': 0.5993, 'grad_norm': 0.19033488631248474, 'learning_rate': 0.00012610744580584355, 'epoch': 0.37}
{'loss': 0.5938, 'grad_norm': 0.1785786896944046, 'learning_rate': 0.00012591894439208294, 'epoch': 0.37}
{'loss': 0.6514, 'grad_norm': 0.1818925142288208, 'learning_rate': 0.00012573044297832235, 'epoch': 0.37}
{'loss': 0.652, 'grad_norm': 0.18974053859710693, 'learning_rate': 0.00012554194156456173, 'epoch': 0.38}
{'loss': 0.5558, 'grad_norm': 0.16332434117794037, 'learning_rate': 0.00012535344015080112, 'epoch': 0.38}
{'loss': 0.6016, 'grad_norm': 0.1866147369146347, 'learning_rate': 0.00012516493873704053, 'epoch': 0.38}
{'loss': 0.6224, 'grad_norm': 0.18354833126068115, 'learning_rate': 0.00012497643732327992, 'epoch': 0.38}
{'loss': 0.6202, 'grad_norm': 0.1840531975030899, 'learning_rate': 0.00012478793590951933, 'epoch': 0.38}
{'loss': 0.6146, 'grad_norm': 0.1681392639875412, 'learning_rate': 0.00012459943449575874, 'epoch': 0.38}
{'loss': 0.6364, 'grad_norm': 0.19040454924106598, 'learning_rate': 0.00012441093308199812, 'epoch': 0.38}
{'loss': 0.6247, 'grad_norm': 0.18167202174663544, 'learning_rate': 0.00012422243166823754, 'epoch': 0.38}
{'loss': 0.5918, 'grad_norm': 0.17426224052906036, 'learning_rate': 0.00012403393025447692, 'epoch': 0.38}
{'loss': 0.615, 'grad_norm': 0.16965922713279724, 'learning_rate': 0.0001238454288407163, 'epoch': 0.38}
{'loss': 0.6421, 'grad_norm': 0.18786223232746124, 'learning_rate': 0.00012365692742695572, 'epoch': 0.38}
{'loss': 0.6307, 'grad_norm': 0.1786166876554489, 'learning_rate': 0.0001234684260131951, 'epoch': 0.39}
{'loss': 0.6505, 'grad_norm': 0.18416061997413635, 'learning_rate': 0.0001232799245994345, 'epoch': 0.39}
{'loss': 0.5918, 'grad_norm': 0.17825552821159363, 'learning_rate': 0.0001230914231856739, 'epoch': 0.39}
{'loss': 0.6104, 'grad_norm': 0.17460748553276062, 'learning_rate': 0.00012290292177191328, 'epoch': 0.39}
{'loss': 0.6359, 'grad_norm': 0.18504951894283295, 'learning_rate': 0.00012271442035815267, 'epoch': 0.39}
{'loss': 0.5722, 'grad_norm': 0.17157012224197388, 'learning_rate': 0.00012252591894439208, 'epoch': 0.39}
{'loss': 0.5955, 'grad_norm': 0.16817940771579742, 'learning_rate': 0.0001223374175306315, 'epoch': 0.39}
{'loss': 0.629, 'grad_norm': 0.1734669804573059, 'learning_rate': 0.0001221489161168709, 'epoch': 0.39}
{'loss': 0.6684, 'grad_norm': 0.18220572173595428, 'learning_rate': 0.00012196041470311028, 'epoch': 0.39}
{'loss': 0.623, 'grad_norm': 0.1889735609292984, 'learning_rate': 0.00012177191328934967, 'epoch': 0.39}
{'loss': 0.624, 'grad_norm': 0.1857335865497589, 'learning_rate': 0.00012158341187558909, 'epoch': 0.39}
{'loss': 0.6513, 'grad_norm': 0.1853823959827423, 'learning_rate': 0.00012139491046182847, 'epoch': 0.4}
{'loss': 0.596, 'grad_norm': 0.18055792152881622, 'learning_rate': 0.00012120640904806786, 'epoch': 0.4}
{'loss': 0.6069, 'grad_norm': 0.1706872433423996, 'learning_rate': 0.00012101790763430727, 'epoch': 0.4}
{'loss': 0.5971, 'grad_norm': 0.18341819941997528, 'learning_rate': 0.00012082940622054665, 'epoch': 0.4}
{'loss': 0.624, 'grad_norm': 0.181147038936615, 'learning_rate': 0.00012064090480678605, 'epoch': 0.4}
{'loss': 0.638, 'grad_norm': 0.19693778455257416, 'learning_rate': 0.00012045240339302546, 'epoch': 0.4}
{'loss': 0.61, 'grad_norm': 0.17979328334331512, 'learning_rate': 0.00012026390197926485, 'epoch': 0.4}
{'loss': 0.6049, 'grad_norm': 0.1790163516998291, 'learning_rate': 0.00012007540056550423, 'epoch': 0.4}
{'loss': 0.6149, 'grad_norm': 0.18241091072559357, 'learning_rate': 0.00011988689915174364, 'epoch': 0.4}
{'loss': 0.6223, 'grad_norm': 0.18101732432842255, 'learning_rate': 0.00011969839773798304, 'epoch': 0.4}
{'loss': 0.6149, 'grad_norm': 0.18264532089233398, 'learning_rate': 0.00011950989632422244, 'epoch': 0.41}
{'loss': 0.5532, 'grad_norm': 0.18410591781139374, 'learning_rate': 0.00011932139491046184, 'epoch': 0.41}
{'loss': 0.6013, 'grad_norm': 0.1817104071378708, 'learning_rate': 0.00011913289349670122, 'epoch': 0.41}
{'loss': 0.6245, 'grad_norm': 0.18055209517478943, 'learning_rate': 0.00011894439208294064, 'epoch': 0.41}
{'loss': 0.5658, 'grad_norm': 0.17853112518787384, 'learning_rate': 0.00011875589066918002, 'epoch': 0.41}
{'loss': 0.6126, 'grad_norm': 0.17947323620319366, 'learning_rate': 0.00011856738925541942, 'epoch': 0.41}
{'loss': 0.6417, 'grad_norm': 0.18422044813632965, 'learning_rate': 0.00011837888784165883, 'epoch': 0.41}
{'loss': 0.643, 'grad_norm': 0.17578543722629547, 'learning_rate': 0.00011819038642789822, 'epoch': 0.41}
{'loss': 0.6036, 'grad_norm': 0.184080570936203, 'learning_rate': 0.0001180018850141376, 'epoch': 0.41}
{'loss': 0.6114, 'grad_norm': 0.18117688596248627, 'learning_rate': 0.00011781338360037701, 'epoch': 0.41}
{'loss': 0.5917, 'grad_norm': 0.17099629342556, 'learning_rate': 0.0001176248821866164, 'epoch': 0.41}
{'loss': 0.6087, 'grad_norm': 0.17337267100811005, 'learning_rate': 0.0001174363807728558, 'epoch': 0.42}
{'loss': 0.6167, 'grad_norm': 0.17584066092967987, 'learning_rate': 0.00011724787935909521, 'epoch': 0.42}
{'loss': 0.638, 'grad_norm': 0.18412084877490997, 'learning_rate': 0.0001170593779453346, 'epoch': 0.42}
{'loss': 0.6278, 'grad_norm': 0.18045185506343842, 'learning_rate': 0.000116870876531574, 'epoch': 0.42}
{'loss': 0.621, 'grad_norm': 0.17806418240070343, 'learning_rate': 0.00011668237511781339, 'epoch': 0.42}
{'loss': 0.6134, 'grad_norm': 0.17836226522922516, 'learning_rate': 0.00011649387370405278, 'epoch': 0.42}
{'loss': 0.6182, 'grad_norm': 0.18793481588363647, 'learning_rate': 0.00011630537229029219, 'epoch': 0.42}
{'loss': 0.5798, 'grad_norm': 0.17711731791496277, 'learning_rate': 0.00011611687087653159, 'epoch': 0.42}
{'loss': 0.6085, 'grad_norm': 0.1856626719236374, 'learning_rate': 0.00011592836946277097, 'epoch': 0.42}
{'loss': 0.6261, 'grad_norm': 0.1792082041501999, 'learning_rate': 0.00011573986804901038, 'epoch': 0.42}
{'loss': 0.6182, 'grad_norm': 0.18620765209197998, 'learning_rate': 0.00011555136663524977, 'epoch': 0.42}
{'loss': 0.6632, 'grad_norm': 0.18062259256839752, 'learning_rate': 0.00011536286522148915, 'epoch': 0.43}
{'loss': 0.5897, 'grad_norm': 0.17918914556503296, 'learning_rate': 0.00011517436380772856, 'epoch': 0.43}
{'loss': 0.6488, 'grad_norm': 0.18488803505897522, 'learning_rate': 0.00011498586239396796, 'epoch': 0.43}
{'loss': 0.5911, 'grad_norm': 0.17306123673915863, 'learning_rate': 0.00011479736098020735, 'epoch': 0.43}
{'loss': 0.5754, 'grad_norm': 0.1808827817440033, 'learning_rate': 0.00011460885956644676, 'epoch': 0.43}
{'loss': 0.6281, 'grad_norm': 0.1778581440448761, 'learning_rate': 0.00011442035815268614, 'epoch': 0.43}
{'loss': 0.6467, 'grad_norm': 0.1798854023218155, 'learning_rate': 0.00011423185673892556, 'epoch': 0.43}
{'loss': 0.5924, 'grad_norm': 0.1858990639448166, 'learning_rate': 0.00011404335532516494, 'epoch': 0.43}
{'loss': 0.6172, 'grad_norm': 0.18088799715042114, 'learning_rate': 0.00011385485391140434, 'epoch': 0.43}
{'loss': 0.614, 'grad_norm': 0.175011545419693, 'learning_rate': 0.00011366635249764375, 'epoch': 0.43}
{'loss': 0.5744, 'grad_norm': 0.17532409727573395, 'learning_rate': 0.00011347785108388314, 'epoch': 0.44}
{'loss': 0.5989, 'grad_norm': 0.18227249383926392, 'learning_rate': 0.00011328934967012252, 'epoch': 0.44}
{'loss': 0.7074, 'grad_norm': 0.224315345287323, 'learning_rate': 0.00011310084825636193, 'epoch': 0.44}
{'loss': 0.6123, 'grad_norm': 0.17264679074287415, 'learning_rate': 0.00011291234684260133, 'epoch': 0.44}
{'loss': 0.5651, 'grad_norm': 0.18387973308563232, 'learning_rate': 0.00011272384542884072, 'epoch': 0.44}
{'loss': 0.6772, 'grad_norm': 0.19151797890663147, 'learning_rate': 0.00011253534401508013, 'epoch': 0.44}
{'loss': 0.618, 'grad_norm': 0.19020378589630127, 'learning_rate': 0.00011234684260131951, 'epoch': 0.44}
{'loss': 0.6086, 'grad_norm': 0.18675245344638824, 'learning_rate': 0.0001121583411875589, 'epoch': 0.44}
{'loss': 0.6511, 'grad_norm': 0.1851882040500641, 'learning_rate': 0.00011196983977379831, 'epoch': 0.44}
{'loss': 0.619, 'grad_norm': 0.18678735196590424, 'learning_rate': 0.00011178133836003771, 'epoch': 0.44}
{'loss': 0.6046, 'grad_norm': 0.17142567038536072, 'learning_rate': 0.00011159283694627712, 'epoch': 0.44}
{'loss': 0.577, 'grad_norm': 0.17854101955890656, 'learning_rate': 0.0001114043355325165, 'epoch': 0.45}
{'loss': 0.6137, 'grad_norm': 0.18551135063171387, 'learning_rate': 0.00011121583411875589, 'epoch': 0.45}
{'loss': 0.623, 'grad_norm': 0.17506183683872223, 'learning_rate': 0.0001110273327049953, 'epoch': 0.45}
{'loss': 0.6075, 'grad_norm': 0.1831577867269516, 'learning_rate': 0.00011083883129123469, 'epoch': 0.45}
{'loss': 0.6065, 'grad_norm': 0.17797721922397614, 'learning_rate': 0.00011065032987747408, 'epoch': 0.45}
{'loss': 0.6166, 'grad_norm': 0.17769694328308105, 'learning_rate': 0.0001104618284637135, 'epoch': 0.45}
{'loss': 0.5911, 'grad_norm': 0.1782061606645584, 'learning_rate': 0.00011027332704995288, 'epoch': 0.45}
{'loss': 0.6057, 'grad_norm': 0.1865648329257965, 'learning_rate': 0.00011008482563619227, 'epoch': 0.45}
{'loss': 0.641, 'grad_norm': 0.18221086263656616, 'learning_rate': 0.00010989632422243168, 'epoch': 0.45}
{'loss': 0.6459, 'grad_norm': 0.1981501281261444, 'learning_rate': 0.00010970782280867106, 'epoch': 0.45}
{'loss': 0.586, 'grad_norm': 0.17450077831745148, 'learning_rate': 0.00010951932139491046, 'epoch': 0.45}
{'loss': 0.5708, 'grad_norm': 0.1733851432800293, 'learning_rate': 0.00010933081998114987, 'epoch': 0.46}
{'loss': 0.6114, 'grad_norm': 0.18718458712100983, 'learning_rate': 0.00010914231856738926, 'epoch': 0.46}
{'loss': 0.6166, 'grad_norm': 0.18946455419063568, 'learning_rate': 0.00010895381715362867, 'epoch': 0.46}
{'loss': 0.597, 'grad_norm': 0.18323981761932373, 'learning_rate': 0.00010876531573986805, 'epoch': 0.46}
{'loss': 0.6479, 'grad_norm': 0.18044255673885345, 'learning_rate': 0.00010857681432610744, 'epoch': 0.46}
{'loss': 0.5887, 'grad_norm': 0.17549100518226624, 'learning_rate': 0.00010838831291234685, 'epoch': 0.46}
{'loss': 0.5815, 'grad_norm': 0.17146442830562592, 'learning_rate': 0.00010819981149858625, 'epoch': 0.46}
{'loss': 0.5783, 'grad_norm': 0.17415276169776917, 'learning_rate': 0.00010801131008482563, 'epoch': 0.46}
{'loss': 0.6171, 'grad_norm': 0.20334400236606598, 'learning_rate': 0.00010782280867106505, 'epoch': 0.46}
{'loss': 0.6002, 'grad_norm': 0.18346914649009705, 'learning_rate': 0.00010763430725730443, 'epoch': 0.46}
{'loss': 0.614, 'grad_norm': 0.18228936195373535, 'learning_rate': 0.00010744580584354383, 'epoch': 0.47}
{'loss': 0.5868, 'grad_norm': 0.1818271428346634, 'learning_rate': 0.00010725730442978323, 'epoch': 0.47}
{'loss': 0.6228, 'grad_norm': 0.18291795253753662, 'learning_rate': 0.00010706880301602263, 'epoch': 0.47}
{'loss': 0.6391, 'grad_norm': 0.17082349956035614, 'learning_rate': 0.00010688030160226201, 'epoch': 0.47}
{'loss': 0.5403, 'grad_norm': 0.1779133826494217, 'learning_rate': 0.00010669180018850142, 'epoch': 0.47}
{'loss': 0.6068, 'grad_norm': 0.1783393770456314, 'learning_rate': 0.00010650329877474081, 'epoch': 0.47}
{'loss': 0.5744, 'grad_norm': 0.1810523271560669, 'learning_rate': 0.00010631479736098022, 'epoch': 0.47}
{'loss': 0.5537, 'grad_norm': 0.17912165820598602, 'learning_rate': 0.00010612629594721962, 'epoch': 0.47}
{'loss': 0.639, 'grad_norm': 0.19436854124069214, 'learning_rate': 0.000105937794533459, 'epoch': 0.47}
{'loss': 0.5729, 'grad_norm': 0.1743105798959732, 'learning_rate': 0.00010574929311969842, 'epoch': 0.47}
{'loss': 0.6436, 'grad_norm': 0.20090194046497345, 'learning_rate': 0.0001055607917059378, 'epoch': 0.47}
{'loss': 0.6116, 'grad_norm': 0.1754639893770218, 'learning_rate': 0.00010537229029217718, 'epoch': 0.48}
{'loss': 0.6378, 'grad_norm': 0.18289044499397278, 'learning_rate': 0.0001051837888784166, 'epoch': 0.48}
{'loss': 0.6195, 'grad_norm': 0.18372754752635956, 'learning_rate': 0.000104995287464656, 'epoch': 0.48}
{'loss': 0.6137, 'grad_norm': 0.1727954000234604, 'learning_rate': 0.00010480678605089538, 'epoch': 0.48}
{'loss': 0.5849, 'grad_norm': 0.1717858761548996, 'learning_rate': 0.00010461828463713479, 'epoch': 0.48}
{'loss': 0.5776, 'grad_norm': 0.17354756593704224, 'learning_rate': 0.00010442978322337418, 'epoch': 0.48}
{'loss': 0.6082, 'grad_norm': 0.1955551952123642, 'learning_rate': 0.00010424128180961356, 'epoch': 0.48}
{'loss': 0.6334, 'grad_norm': 0.18050670623779297, 'learning_rate': 0.00010405278039585297, 'epoch': 0.48}
{'loss': 0.5999, 'grad_norm': 0.17450596392154694, 'learning_rate': 0.00010386427898209237, 'epoch': 0.48}
{'loss': 0.6061, 'grad_norm': 0.17556987702846527, 'learning_rate': 0.00010367577756833178, 'epoch': 0.48}
{'loss': 0.5868, 'grad_norm': 0.17250025272369385, 'learning_rate': 0.00010348727615457117, 'epoch': 0.48}
{'loss': 0.6509, 'grad_norm': 0.18699757754802704, 'learning_rate': 0.00010329877474081055, 'epoch': 0.49}
{'loss': 0.5949, 'grad_norm': 0.18378181755542755, 'learning_rate': 0.00010311027332704997, 'epoch': 0.49}
{'loss': 0.6267, 'grad_norm': 0.18213853240013123, 'learning_rate': 0.00010292177191328935, 'epoch': 0.49}
{'loss': 0.6071, 'grad_norm': 0.18058310449123383, 'learning_rate': 0.00010273327049952875, 'epoch': 0.49}
{'loss': 0.621, 'grad_norm': 0.1824207603931427, 'learning_rate': 0.00010254476908576816, 'epoch': 0.49}
{'loss': 0.6071, 'grad_norm': 0.18663586676120758, 'learning_rate': 0.00010235626767200755, 'epoch': 0.49}
{'loss': 0.5712, 'grad_norm': 0.17687126994132996, 'learning_rate': 0.00010216776625824693, 'epoch': 0.49}
{'loss': 0.6338, 'grad_norm': 0.17576822638511658, 'learning_rate': 0.00010197926484448634, 'epoch': 0.49}
{'loss': 0.611, 'grad_norm': 0.18512068688869476, 'learning_rate': 0.00010179076343072573, 'epoch': 0.49}
{'loss': 0.5745, 'grad_norm': 0.17964860796928406, 'learning_rate': 0.00010160226201696513, 'epoch': 0.49}
{'loss': 0.6514, 'grad_norm': 0.17664594948291779, 'learning_rate': 0.00010141376060320454, 'epoch': 0.5}
{'loss': 0.6151, 'grad_norm': 0.17699456214904785, 'learning_rate': 0.00010122525918944392, 'epoch': 0.5}
{'loss': 0.6093, 'grad_norm': 0.1804351657629013, 'learning_rate': 0.00010103675777568333, 'epoch': 0.5}
{'loss': 0.6788, 'grad_norm': 0.18337397277355194, 'learning_rate': 0.00010084825636192272, 'epoch': 0.5}
{'loss': 0.6193, 'grad_norm': 0.1850319504737854, 'learning_rate': 0.00010065975494816212, 'epoch': 0.5}
{'loss': 0.5989, 'grad_norm': 0.1909664273262024, 'learning_rate': 0.00010047125353440152, 'epoch': 0.5}
{'loss': 0.6399, 'grad_norm': 0.1820467859506607, 'learning_rate': 0.00010028275212064091, 'epoch': 0.5}
{'loss': 0.6065, 'grad_norm': 0.1768604815006256, 'learning_rate': 0.0001000942507068803, 'epoch': 0.5}
{'loss': 0.6054, 'grad_norm': 0.17669454216957092, 'learning_rate': 9.99057492931197e-05, 'epoch': 0.5}
{'loss': 0.6159, 'grad_norm': 0.18080748617649078, 'learning_rate': 9.97172478793591e-05, 'epoch': 0.5}
{'loss': 0.6139, 'grad_norm': 0.1870613545179367, 'learning_rate': 9.95287464655985e-05, 'epoch': 0.5}
{'loss': 0.6079, 'grad_norm': 0.1792522817850113, 'learning_rate': 9.934024505183789e-05, 'epoch': 0.51}
{'loss': 0.5636, 'grad_norm': 0.16453851759433746, 'learning_rate': 9.915174363807729e-05, 'epoch': 0.51}
{'loss': 0.643, 'grad_norm': 0.17957524955272675, 'learning_rate': 9.896324222431669e-05, 'epoch': 0.51}
{'loss': 0.5851, 'grad_norm': 0.17369401454925537, 'learning_rate': 9.877474081055609e-05, 'epoch': 0.51}
{'loss': 0.6466, 'grad_norm': 0.19147171080112457, 'learning_rate': 9.858623939679547e-05, 'epoch': 0.51}
{'loss': 0.617, 'grad_norm': 0.1830044537782669, 'learning_rate': 9.839773798303487e-05, 'epoch': 0.51}
{'loss': 0.5988, 'grad_norm': 0.1743869185447693, 'learning_rate': 9.820923656927428e-05, 'epoch': 0.51}
{'loss': 0.5728, 'grad_norm': 0.19643761217594147, 'learning_rate': 9.802073515551368e-05, 'epoch': 0.51}
{'loss': 0.6137, 'grad_norm': 0.1833338439464569, 'learning_rate': 9.783223374175307e-05, 'epoch': 0.51}
{'loss': 0.6081, 'grad_norm': 0.1835053563117981, 'learning_rate': 9.764373232799246e-05, 'epoch': 0.51}
{'loss': 0.6002, 'grad_norm': 0.18239401280879974, 'learning_rate': 9.745523091423186e-05, 'epoch': 0.51}
{'loss': 0.6098, 'grad_norm': 0.18106326460838318, 'learning_rate': 9.726672950047125e-05, 'epoch': 0.52}
{'loss': 0.633, 'grad_norm': 0.18084856867790222, 'learning_rate': 9.707822808671066e-05, 'epoch': 0.52}
{'loss': 0.588, 'grad_norm': 0.17331688106060028, 'learning_rate': 9.688972667295006e-05, 'epoch': 0.52}
{'loss': 0.5779, 'grad_norm': 0.1829056739807129, 'learning_rate': 9.670122525918946e-05, 'epoch': 0.52}
{'loss': 0.6121, 'grad_norm': 0.18609581887722015, 'learning_rate': 9.651272384542884e-05, 'epoch': 0.52}
{'loss': 0.6582, 'grad_norm': 0.2066023349761963, 'learning_rate': 9.632422243166824e-05, 'epoch': 0.52}
{'loss': 0.5742, 'grad_norm': 0.16872014105319977, 'learning_rate': 9.613572101790764e-05, 'epoch': 0.52}
{'loss': 0.5855, 'grad_norm': 0.17306610941886902, 'learning_rate': 9.594721960414704e-05, 'epoch': 0.52}
{'loss': 0.5923, 'grad_norm': 0.17086468636989594, 'learning_rate': 9.575871819038643e-05, 'epoch': 0.52}
{'loss': 0.6254, 'grad_norm': 0.18544146418571472, 'learning_rate': 9.557021677662583e-05, 'epoch': 0.52}
{'loss': 0.6178, 'grad_norm': 0.18103551864624023, 'learning_rate': 9.538171536286523e-05, 'epoch': 0.53}
{'loss': 0.5506, 'grad_norm': 0.1786409616470337, 'learning_rate': 9.519321394910462e-05, 'epoch': 0.53}
{'loss': 0.6248, 'grad_norm': 0.19113333523273468, 'learning_rate': 9.500471253534401e-05, 'epoch': 0.53}
{'loss': 0.5968, 'grad_norm': 0.176735520362854, 'learning_rate': 9.481621112158343e-05, 'epoch': 0.53}
{'loss': 0.6025, 'grad_norm': 0.1798117607831955, 'learning_rate': 9.462770970782281e-05, 'epoch': 0.53}
{'loss': 0.5834, 'grad_norm': 0.19139736890792847, 'learning_rate': 9.443920829406221e-05, 'epoch': 0.53}
{'loss': 0.5964, 'grad_norm': 0.18487025797367096, 'learning_rate': 9.425070688030161e-05, 'epoch': 0.53}
{'loss': 0.6271, 'grad_norm': 0.1870518922805786, 'learning_rate': 9.4062205466541e-05, 'epoch': 0.53}
{'loss': 0.6361, 'grad_norm': 0.18006478250026703, 'learning_rate': 9.387370405278039e-05, 'epoch': 0.53}
{'loss': 0.6039, 'grad_norm': 0.174551859498024, 'learning_rate': 9.36852026390198e-05, 'epoch': 0.53}
{'loss': 0.6217, 'grad_norm': 0.17447879910469055, 'learning_rate': 9.34967012252592e-05, 'epoch': 0.53}
{'loss': 0.5997, 'grad_norm': 0.17827343940734863, 'learning_rate': 9.330819981149859e-05, 'epoch': 0.54}
{'loss': 0.6254, 'grad_norm': 0.1769533008337021, 'learning_rate': 9.311969839773798e-05, 'epoch': 0.54}
{'loss': 0.6451, 'grad_norm': 0.176730215549469, 'learning_rate': 9.293119698397738e-05, 'epoch': 0.54}
{'loss': 0.6259, 'grad_norm': 0.18184740841388702, 'learning_rate': 9.274269557021678e-05, 'epoch': 0.54}
{'loss': 0.5817, 'grad_norm': 0.16913862526416779, 'learning_rate': 9.255419415645618e-05, 'epoch': 0.54}
{'loss': 0.6284, 'grad_norm': 0.17795655131340027, 'learning_rate': 9.236569274269558e-05, 'epoch': 0.54}
{'loss': 0.6079, 'grad_norm': 0.18225736916065216, 'learning_rate': 9.217719132893498e-05, 'epoch': 0.54}
{'loss': 0.5658, 'grad_norm': 0.17030315101146698, 'learning_rate': 9.198868991517436e-05, 'epoch': 0.54}
{'loss': 0.655, 'grad_norm': 0.19138392806053162, 'learning_rate': 9.180018850141376e-05, 'epoch': 0.54}
{'loss': 0.5891, 'grad_norm': 0.18377456068992615, 'learning_rate': 9.161168708765316e-05, 'epoch': 0.54}
{'loss': 0.6067, 'grad_norm': 0.18799562752246857, 'learning_rate': 9.142318567389257e-05, 'epoch': 0.54}
{'loss': 0.6321, 'grad_norm': 0.1999700367450714, 'learning_rate': 9.123468426013196e-05, 'epoch': 0.55}
{'loss': 0.601, 'grad_norm': 0.18663080036640167, 'learning_rate': 9.104618284637135e-05, 'epoch': 0.55}
{'loss': 0.6067, 'grad_norm': 0.1810181885957718, 'learning_rate': 9.085768143261075e-05, 'epoch': 0.55}
{'loss': 0.5966, 'grad_norm': 0.1835327297449112, 'learning_rate': 9.066918001885014e-05, 'epoch': 0.55}
{'loss': 0.6363, 'grad_norm': 0.1848449409008026, 'learning_rate': 9.048067860508954e-05, 'epoch': 0.55}
{'loss': 0.6272, 'grad_norm': 0.18450354039669037, 'learning_rate': 9.029217719132895e-05, 'epoch': 0.55}
{'loss': 0.6301, 'grad_norm': 0.18678708374500275, 'learning_rate': 9.010367577756835e-05, 'epoch': 0.55}
{'loss': 0.574, 'grad_norm': 0.16875477135181427, 'learning_rate': 8.991517436380773e-05, 'epoch': 0.55}
{'loss': 0.6307, 'grad_norm': 0.18790112435817719, 'learning_rate': 8.972667295004713e-05, 'epoch': 0.55}
{'loss': 0.5545, 'grad_norm': 0.18483151495456696, 'learning_rate': 8.953817153628653e-05, 'epoch': 0.55}
{'loss': 0.5839, 'grad_norm': 0.17118504643440247, 'learning_rate': 8.934967012252593e-05, 'epoch': 0.56}
{'loss': 0.5871, 'grad_norm': 0.18650531768798828, 'learning_rate': 8.916116870876532e-05, 'epoch': 0.56}
{'loss': 0.6474, 'grad_norm': 0.18570202589035034, 'learning_rate': 8.897266729500472e-05, 'epoch': 0.56}
{'loss': 0.6001, 'grad_norm': 0.17878589034080505, 'learning_rate': 8.878416588124412e-05, 'epoch': 0.56}
{'loss': 0.6241, 'grad_norm': 0.1831783950328827, 'learning_rate': 8.85956644674835e-05, 'epoch': 0.56}
{'loss': 0.6405, 'grad_norm': 0.18702371418476105, 'learning_rate': 8.84071630537229e-05, 'epoch': 0.56}
{'loss': 0.6155, 'grad_norm': 0.17828908562660217, 'learning_rate': 8.82186616399623e-05, 'epoch': 0.56}
{'loss': 0.5477, 'grad_norm': 0.17411324381828308, 'learning_rate': 8.80301602262017e-05, 'epoch': 0.56}
{'loss': 0.6016, 'grad_norm': 0.19563956558704376, 'learning_rate': 8.78416588124411e-05, 'epoch': 0.56}
{'loss': 0.6105, 'grad_norm': 0.18006440997123718, 'learning_rate': 8.76531573986805e-05, 'epoch': 0.56}
{'loss': 0.5648, 'grad_norm': 0.18019740283489227, 'learning_rate': 8.74646559849199e-05, 'epoch': 0.56}
{'loss': 0.6371, 'grad_norm': 0.20431029796600342, 'learning_rate': 8.727615457115928e-05, 'epoch': 0.57}
{'loss': 0.5885, 'grad_norm': 0.17817440629005432, 'learning_rate': 8.708765315739868e-05, 'epoch': 0.57}
{'loss': 0.5575, 'grad_norm': 0.16988137364387512, 'learning_rate': 8.689915174363809e-05, 'epoch': 0.57}
{'loss': 0.6206, 'grad_norm': 0.16914840042591095, 'learning_rate': 8.671065032987748e-05, 'epoch': 0.57}
{'loss': 0.6401, 'grad_norm': 0.17733746767044067, 'learning_rate': 8.652214891611687e-05, 'epoch': 0.57}
{'loss': 0.612, 'grad_norm': 0.17715758085250854, 'learning_rate': 8.633364750235627e-05, 'epoch': 0.57}
{'loss': 0.6268, 'grad_norm': 0.1765262335538864, 'learning_rate': 8.614514608859567e-05, 'epoch': 0.57}
{'loss': 0.5995, 'grad_norm': 0.1907099038362503, 'learning_rate': 8.595664467483507e-05, 'epoch': 0.57}
{'loss': 0.6091, 'grad_norm': 0.1771688014268875, 'learning_rate': 8.576814326107447e-05, 'epoch': 0.57}
{'loss': 0.5634, 'grad_norm': 0.17820721864700317, 'learning_rate': 8.557964184731387e-05, 'epoch': 0.57}
{'loss': 0.6186, 'grad_norm': 0.17668230831623077, 'learning_rate': 8.539114043355325e-05, 'epoch': 0.57}
{'loss': 0.5997, 'grad_norm': 0.17781665921211243, 'learning_rate': 8.520263901979265e-05, 'epoch': 0.58}
{'loss': 0.6166, 'grad_norm': 0.19038714468479156, 'learning_rate': 8.501413760603205e-05, 'epoch': 0.58}
{'loss': 0.5809, 'grad_norm': 0.17752788960933685, 'learning_rate': 8.482563619227145e-05, 'epoch': 0.58}
{'loss': 0.5952, 'grad_norm': 0.1765994429588318, 'learning_rate': 8.463713477851084e-05, 'epoch': 0.58}
{'loss': 0.6083, 'grad_norm': 0.17715691030025482, 'learning_rate': 8.444863336475024e-05, 'epoch': 0.58}
{'loss': 0.5939, 'grad_norm': 0.18651515245437622, 'learning_rate': 8.426013195098964e-05, 'epoch': 0.58}
{'loss': 0.6336, 'grad_norm': 0.1903531700372696, 'learning_rate': 8.407163053722903e-05, 'epoch': 0.58}
{'loss': 0.6479, 'grad_norm': 0.18541017174720764, 'learning_rate': 8.388312912346842e-05, 'epoch': 0.58}
{'loss': 0.5754, 'grad_norm': 0.17389309406280518, 'learning_rate': 8.369462770970782e-05, 'epoch': 0.58}
{'loss': 0.5969, 'grad_norm': 0.18941064178943634, 'learning_rate': 8.350612629594723e-05, 'epoch': 0.58}
{'loss': 0.5666, 'grad_norm': 0.18013915419578552, 'learning_rate': 8.331762488218662e-05, 'epoch': 0.59}
{'loss': 0.5822, 'grad_norm': 0.1711294949054718, 'learning_rate': 8.312912346842602e-05, 'epoch': 0.59}
{'loss': 0.64, 'grad_norm': 0.18615640699863434, 'learning_rate': 8.294062205466542e-05, 'epoch': 0.59}
{'loss': 0.6469, 'grad_norm': 0.19642719626426697, 'learning_rate': 8.27521206409048e-05, 'epoch': 0.59}
{'loss': 0.5718, 'grad_norm': 0.17561741173267365, 'learning_rate': 8.256361922714421e-05, 'epoch': 0.59}
{'loss': 0.6075, 'grad_norm': 0.19102704524993896, 'learning_rate': 8.237511781338361e-05, 'epoch': 0.59}
{'loss': 0.6252, 'grad_norm': 0.18361125886440277, 'learning_rate': 8.218661639962301e-05, 'epoch': 0.59}
{'loss': 0.6369, 'grad_norm': 0.17647261917591095, 'learning_rate': 8.19981149858624e-05, 'epoch': 0.59}
{'loss': 0.6259, 'grad_norm': 0.1835625022649765, 'learning_rate': 8.180961357210179e-05, 'epoch': 0.59}
{'loss': 0.6001, 'grad_norm': 0.19234474003314972, 'learning_rate': 8.162111215834119e-05, 'epoch': 0.59}
{'loss': 0.6152, 'grad_norm': 0.17650215327739716, 'learning_rate': 8.143261074458059e-05, 'epoch': 0.59}
{'loss': 0.5555, 'grad_norm': 0.17714090645313263, 'learning_rate': 8.124410933081999e-05, 'epoch': 0.6}
{'loss': 0.6246, 'grad_norm': 0.18116691708564758, 'learning_rate': 8.105560791705939e-05, 'epoch': 0.6}
{'loss': 0.5538, 'grad_norm': 0.17179949581623077, 'learning_rate': 8.086710650329878e-05, 'epoch': 0.6}
{'loss': 0.6313, 'grad_norm': 0.17423096299171448, 'learning_rate': 8.067860508953817e-05, 'epoch': 0.6}
{'loss': 0.5554, 'grad_norm': 0.17841675877571106, 'learning_rate': 8.049010367577757e-05, 'epoch': 0.6}
{'loss': 0.6262, 'grad_norm': 0.1786881983280182, 'learning_rate': 8.030160226201697e-05, 'epoch': 0.6}
{'loss': 0.5992, 'grad_norm': 0.18344667553901672, 'learning_rate': 8.011310084825636e-05, 'epoch': 0.6}
{'loss': 0.6452, 'grad_norm': 0.19599446654319763, 'learning_rate': 7.992459943449576e-05, 'epoch': 0.6}
{'loss': 0.5963, 'grad_norm': 0.1767020970582962, 'learning_rate': 7.973609802073516e-05, 'epoch': 0.6}
{'loss': 0.608, 'grad_norm': 0.17632949352264404, 'learning_rate': 7.954759660697456e-05, 'epoch': 0.6}
{'loss': 0.6348, 'grad_norm': 0.19657476246356964, 'learning_rate': 7.935909519321394e-05, 'epoch': 0.6}
{'loss': 0.6176, 'grad_norm': 0.1977139711380005, 'learning_rate': 7.917059377945336e-05, 'epoch': 0.61}
{'loss': 0.57, 'grad_norm': 0.1806647777557373, 'learning_rate': 7.898209236569276e-05, 'epoch': 0.61}
{'loss': 0.5557, 'grad_norm': 0.17176300287246704, 'learning_rate': 7.879359095193214e-05, 'epoch': 0.61}
{'loss': 0.5822, 'grad_norm': 0.17263998091220856, 'learning_rate': 7.860508953817154e-05, 'epoch': 0.61}
{'loss': 0.5757, 'grad_norm': 0.17632167041301727, 'learning_rate': 7.841658812441094e-05, 'epoch': 0.61}
{'loss': 0.6298, 'grad_norm': 0.17831823229789734, 'learning_rate': 7.822808671065034e-05, 'epoch': 0.61}
{'loss': 0.6092, 'grad_norm': 0.18524451553821564, 'learning_rate': 7.803958529688973e-05, 'epoch': 0.61}
{'loss': 0.6111, 'grad_norm': 0.18607959151268005, 'learning_rate': 7.785108388312913e-05, 'epoch': 0.61}
{'loss': 0.6238, 'grad_norm': 0.1794048249721527, 'learning_rate': 7.766258246936853e-05, 'epoch': 0.61}
{'loss': 0.608, 'grad_norm': 0.17740681767463684, 'learning_rate': 7.747408105560792e-05, 'epoch': 0.61}
{'loss': 0.6423, 'grad_norm': 0.18818965554237366, 'learning_rate': 7.728557964184731e-05, 'epoch': 0.62}
{'loss': 0.5881, 'grad_norm': 0.17867165803909302, 'learning_rate': 7.709707822808671e-05, 'epoch': 0.62}
{'loss': 0.6133, 'grad_norm': 0.18501810729503632, 'learning_rate': 7.690857681432611e-05, 'epoch': 0.62}
{'loss': 0.6051, 'grad_norm': 0.18316027522087097, 'learning_rate': 7.672007540056551e-05, 'epoch': 0.62}
{'loss': 0.636, 'grad_norm': 0.18420647084712982, 'learning_rate': 7.653157398680491e-05, 'epoch': 0.62}
{'loss': 0.6084, 'grad_norm': 0.1781863272190094, 'learning_rate': 7.63430725730443e-05, 'epoch': 0.62}
{'loss': 0.5781, 'grad_norm': 0.17611542344093323, 'learning_rate': 7.615457115928369e-05, 'epoch': 0.62}
{'loss': 0.6052, 'grad_norm': 0.180101677775383, 'learning_rate': 7.596606974552309e-05, 'epoch': 0.62}
{'loss': 0.6225, 'grad_norm': 0.18083901703357697, 'learning_rate': 7.57775683317625e-05, 'epoch': 0.62}
{'loss': 0.6115, 'grad_norm': 0.18408043682575226, 'learning_rate': 7.55890669180019e-05, 'epoch': 0.62}
{'loss': 0.5709, 'grad_norm': 0.17884208261966705, 'learning_rate': 7.540056550424128e-05, 'epoch': 0.62}
{'loss': 0.6051, 'grad_norm': 0.1858300268650055, 'learning_rate': 7.521206409048068e-05, 'epoch': 0.63}
{'loss': 0.5723, 'grad_norm': 0.1784181296825409, 'learning_rate': 7.502356267672008e-05, 'epoch': 0.63}
{'loss': 0.6102, 'grad_norm': 0.1783880889415741, 'learning_rate': 7.483506126295947e-05, 'epoch': 0.63}
{'loss': 0.6078, 'grad_norm': 0.18236979842185974, 'learning_rate': 7.464655984919888e-05, 'epoch': 0.63}
{'loss': 0.6392, 'grad_norm': 0.1811458021402359, 'learning_rate': 7.445805843543828e-05, 'epoch': 0.63}
{'loss': 0.6266, 'grad_norm': 0.17064638435840607, 'learning_rate': 7.426955702167767e-05, 'epoch': 0.63}
{'loss': 0.6013, 'grad_norm': 0.17671437561511993, 'learning_rate': 7.408105560791706e-05, 'epoch': 0.63}
{'loss': 0.5956, 'grad_norm': 0.17893894016742706, 'learning_rate': 7.389255419415646e-05, 'epoch': 0.63}
{'loss': 0.6065, 'grad_norm': 0.17689742147922516, 'learning_rate': 7.370405278039586e-05, 'epoch': 0.63}
{'loss': 0.5614, 'grad_norm': 0.16624657809734344, 'learning_rate': 7.351555136663525e-05, 'epoch': 0.63}
{'loss': 0.5749, 'grad_norm': 0.17503008246421814, 'learning_rate': 7.332704995287465e-05, 'epoch': 0.63}
{'loss': 0.6002, 'grad_norm': 0.18380345404148102, 'learning_rate': 7.313854853911405e-05, 'epoch': 0.64}
{'loss': 0.5479, 'grad_norm': 0.18720102310180664, 'learning_rate': 7.295004712535345e-05, 'epoch': 0.64}
{'loss': 0.6153, 'grad_norm': 0.18302372097969055, 'learning_rate': 7.276154571159283e-05, 'epoch': 0.64}
{'loss': 0.5821, 'grad_norm': 0.17543113231658936, 'learning_rate': 7.257304429783223e-05, 'epoch': 0.64}
{'loss': 0.6271, 'grad_norm': 0.18381835520267487, 'learning_rate': 7.238454288407164e-05, 'epoch': 0.64}
{'loss': 0.6046, 'grad_norm': 0.17884378135204315, 'learning_rate': 7.219604147031103e-05, 'epoch': 0.64}
{'loss': 0.6323, 'grad_norm': 0.18277157843112946, 'learning_rate': 7.200754005655043e-05, 'epoch': 0.64}
{'loss': 0.6102, 'grad_norm': 0.19132861495018005, 'learning_rate': 7.181903864278983e-05, 'epoch': 0.64}
{'loss': 0.5678, 'grad_norm': 0.17286480963230133, 'learning_rate': 7.163053722902922e-05, 'epoch': 0.64}
{'loss': 0.58, 'grad_norm': 0.1781991720199585, 'learning_rate': 7.144203581526861e-05, 'epoch': 0.64}
{'loss': 0.6154, 'grad_norm': 0.17734560370445251, 'learning_rate': 7.125353440150802e-05, 'epoch': 0.65}
{'loss': 0.5938, 'grad_norm': 0.18365637958049774, 'learning_rate': 7.106503298774742e-05, 'epoch': 0.65}
{'loss': 0.5769, 'grad_norm': 0.1780105084180832, 'learning_rate': 7.08765315739868e-05, 'epoch': 0.65}
{'loss': 0.555, 'grad_norm': 0.17591945827007294, 'learning_rate': 7.06880301602262e-05, 'epoch': 0.65}
{'loss': 0.6221, 'grad_norm': 0.18645042181015015, 'learning_rate': 7.04995287464656e-05, 'epoch': 0.65}
{'loss': 0.6219, 'grad_norm': 0.1861484944820404, 'learning_rate': 7.0311027332705e-05, 'epoch': 0.65}
{'loss': 0.6328, 'grad_norm': 0.18183250725269318, 'learning_rate': 7.01225259189444e-05, 'epoch': 0.65}
{'loss': 0.5809, 'grad_norm': 0.1841772049665451, 'learning_rate': 6.99340245051838e-05, 'epoch': 0.65}
{'loss': 0.6006, 'grad_norm': 0.18647165596485138, 'learning_rate': 6.97455230914232e-05, 'epoch': 0.65}
{'loss': 0.6225, 'grad_norm': 0.18406429886817932, 'learning_rate': 6.955702167766258e-05, 'epoch': 0.65}
{'loss': 0.5828, 'grad_norm': 0.18569259345531464, 'learning_rate': 6.936852026390198e-05, 'epoch': 0.65}
{'loss': 0.5751, 'grad_norm': 0.17584465444087982, 'learning_rate': 6.918001885014138e-05, 'epoch': 0.66}
{'loss': 0.5799, 'grad_norm': 0.17773212492465973, 'learning_rate': 6.899151743638079e-05, 'epoch': 0.66}
{'loss': 0.5673, 'grad_norm': 0.17263342440128326, 'learning_rate': 6.880301602262017e-05, 'epoch': 0.66}
{'loss': 0.5965, 'grad_norm': 0.18643446266651154, 'learning_rate': 6.861451460885957e-05, 'epoch': 0.66}
{'loss': 0.6382, 'grad_norm': 0.18076130747795105, 'learning_rate': 6.842601319509897e-05, 'epoch': 0.66}
{'loss': 0.5891, 'grad_norm': 0.17796215415000916, 'learning_rate': 6.823751178133835e-05, 'epoch': 0.66}
{'loss': 0.6, 'grad_norm': 0.18861311674118042, 'learning_rate': 6.804901036757775e-05, 'epoch': 0.66}
{'loss': 0.5892, 'grad_norm': 0.17077162861824036, 'learning_rate': 6.786050895381716e-05, 'epoch': 0.66}
{'loss': 0.6033, 'grad_norm': 0.17420201003551483, 'learning_rate': 6.767200754005656e-05, 'epoch': 0.66}
{'loss': 0.5547, 'grad_norm': 0.1768021434545517, 'learning_rate': 6.748350612629595e-05, 'epoch': 0.66}
{'loss': 0.6032, 'grad_norm': 0.17730052769184113, 'learning_rate': 6.729500471253535e-05, 'epoch': 0.66}
{'loss': 0.6501, 'grad_norm': 0.1822008341550827, 'learning_rate': 6.710650329877474e-05, 'epoch': 0.67}
{'loss': 0.6229, 'grad_norm': 0.18710210919380188, 'learning_rate': 6.691800188501414e-05, 'epoch': 0.67}
{'loss': 0.6253, 'grad_norm': 0.18074658513069153, 'learning_rate': 6.672950047125354e-05, 'epoch': 0.67}
{'loss': 0.5834, 'grad_norm': 0.1753968745470047, 'learning_rate': 6.654099905749294e-05, 'epoch': 0.67}
{'loss': 0.5879, 'grad_norm': 0.18168850243091583, 'learning_rate': 6.635249764373234e-05, 'epoch': 0.67}
{'loss': 0.5765, 'grad_norm': 0.17865613102912903, 'learning_rate': 6.616399622997172e-05, 'epoch': 0.67}
{'loss': 0.5996, 'grad_norm': 0.1750101000070572, 'learning_rate': 6.597549481621112e-05, 'epoch': 0.67}
{'loss': 0.5884, 'grad_norm': 0.17262785136699677, 'learning_rate': 6.578699340245052e-05, 'epoch': 0.67}
{'loss': 0.5388, 'grad_norm': 0.17041637003421783, 'learning_rate': 6.559849198868992e-05, 'epoch': 0.67}
{'loss': 0.6292, 'grad_norm': 0.19182264804840088, 'learning_rate': 6.540999057492932e-05, 'epoch': 0.67}
{'loss': 0.5734, 'grad_norm': 0.18168988823890686, 'learning_rate': 6.522148916116872e-05, 'epoch': 0.68}
{'loss': 0.5469, 'grad_norm': 0.1804700344800949, 'learning_rate': 6.503298774740811e-05, 'epoch': 0.68}
{'loss': 0.5976, 'grad_norm': 0.186426043510437, 'learning_rate': 6.48444863336475e-05, 'epoch': 0.68}
{'loss': 0.6158, 'grad_norm': 0.18507513403892517, 'learning_rate': 6.46559849198869e-05, 'epoch': 0.68}
{'loss': 0.6282, 'grad_norm': 0.18685054779052734, 'learning_rate': 6.446748350612631e-05, 'epoch': 0.68}
{'loss': 0.5866, 'grad_norm': 0.177726611495018, 'learning_rate': 6.42789820923657e-05, 'epoch': 0.68}
{'loss': 0.625, 'grad_norm': 0.18142558634281158, 'learning_rate': 6.409048067860509e-05, 'epoch': 0.68}
{'loss': 0.6084, 'grad_norm': 0.18552184104919434, 'learning_rate': 6.390197926484449e-05, 'epoch': 0.68}
{'loss': 0.5926, 'grad_norm': 0.1786043345928192, 'learning_rate': 6.371347785108389e-05, 'epoch': 0.68}
{'loss': 0.5834, 'grad_norm': 0.1774751842021942, 'learning_rate': 6.352497643732329e-05, 'epoch': 0.68}
{'loss': 0.6071, 'grad_norm': 0.17528869211673737, 'learning_rate': 6.333647502356269e-05, 'epoch': 0.68}
{'loss': 0.6113, 'grad_norm': 0.18142876029014587, 'learning_rate': 6.314797360980208e-05, 'epoch': 0.69}
{'loss': 0.544, 'grad_norm': 0.18152566254138947, 'learning_rate': 6.295947219604147e-05, 'epoch': 0.69}
{'loss': 0.6061, 'grad_norm': 0.18182462453842163, 'learning_rate': 6.277097078228087e-05, 'epoch': 0.69}
{'loss': 0.6213, 'grad_norm': 0.1732046753168106, 'learning_rate': 6.258246936852027e-05, 'epoch': 0.69}
{'loss': 0.6147, 'grad_norm': 0.18056407570838928, 'learning_rate': 6.239396795475966e-05, 'epoch': 0.69}
{'loss': 0.6025, 'grad_norm': 0.18023869395256042, 'learning_rate': 6.220546654099906e-05, 'epoch': 0.69}
{'loss': 0.6256, 'grad_norm': 0.17929993569850922, 'learning_rate': 6.201696512723846e-05, 'epoch': 0.69}
{'loss': 0.6056, 'grad_norm': 0.1813005954027176, 'learning_rate': 6.182846371347786e-05, 'epoch': 0.69}
{'loss': 0.6173, 'grad_norm': 0.18482062220573425, 'learning_rate': 6.163996229971724e-05, 'epoch': 0.69}
{'loss': 0.6125, 'grad_norm': 0.18535937368869781, 'learning_rate': 6.145146088595664e-05, 'epoch': 0.69}
{'loss': 0.5994, 'grad_norm': 0.17713472247123718, 'learning_rate': 6.126295947219604e-05, 'epoch': 0.69}
{'loss': 0.5823, 'grad_norm': 0.18022044003009796, 'learning_rate': 6.107445805843545e-05, 'epoch': 0.7}
{'loss': 0.623, 'grad_norm': 0.19707022607326508, 'learning_rate': 6.088595664467484e-05, 'epoch': 0.7}
{'loss': 0.6131, 'grad_norm': 0.1856101006269455, 'learning_rate': 6.0697455230914236e-05, 'epoch': 0.7}
{'loss': 0.6516, 'grad_norm': 0.18981331586837769, 'learning_rate': 6.0508953817153634e-05, 'epoch': 0.7}
{'loss': 0.6016, 'grad_norm': 0.19014737010002136, 'learning_rate': 6.0320452403393026e-05, 'epoch': 0.7}
{'loss': 0.5817, 'grad_norm': 0.18282322585582733, 'learning_rate': 6.0131950989632424e-05, 'epoch': 0.7}
{'loss': 0.5712, 'grad_norm': 0.1864059865474701, 'learning_rate': 5.994344957587182e-05, 'epoch': 0.7}
{'loss': 0.5519, 'grad_norm': 0.17405268549919128, 'learning_rate': 5.975494816211122e-05, 'epoch': 0.7}
{'loss': 0.6121, 'grad_norm': 0.1865067034959793, 'learning_rate': 5.956644674835061e-05, 'epoch': 0.7}
{'loss': 0.5855, 'grad_norm': 0.18087315559387207, 'learning_rate': 5.937794533459001e-05, 'epoch': 0.7}
{'loss': 0.6043, 'grad_norm': 0.19254302978515625, 'learning_rate': 5.9189443920829416e-05, 'epoch': 0.71}
{'loss': 0.5735, 'grad_norm': 0.18169523775577545, 'learning_rate': 5.90009425070688e-05, 'epoch': 0.71}
{'loss': 0.652, 'grad_norm': 0.20024420320987701, 'learning_rate': 5.88124410933082e-05, 'epoch': 0.71}
{'loss': 0.5893, 'grad_norm': 0.18042747676372528, 'learning_rate': 5.8623939679547604e-05, 'epoch': 0.71}
{'loss': 0.5701, 'grad_norm': 0.18304507434368134, 'learning_rate': 5.8435438265787e-05, 'epoch': 0.71}
{'loss': 0.6033, 'grad_norm': 0.18274272978305817, 'learning_rate': 5.824693685202639e-05, 'epoch': 0.71}
{'loss': 0.6673, 'grad_norm': 0.18756206333637238, 'learning_rate': 5.805843543826579e-05, 'epoch': 0.71}
{'loss': 0.6133, 'grad_norm': 0.18117062747478485, 'learning_rate': 5.786993402450519e-05, 'epoch': 0.71}
{'loss': 0.6288, 'grad_norm': 0.1800442487001419, 'learning_rate': 5.7681432610744576e-05, 'epoch': 0.71}
{'loss': 0.6191, 'grad_norm': 0.1854325532913208, 'learning_rate': 5.749293119698398e-05, 'epoch': 0.71}
{'loss': 0.587, 'grad_norm': 0.17862045764923096, 'learning_rate': 5.730442978322338e-05, 'epoch': 0.71}
{'loss': 0.6602, 'grad_norm': 0.1820472776889801, 'learning_rate': 5.711592836946278e-05, 'epoch': 0.72}
{'loss': 0.5783, 'grad_norm': 0.18053103983402252, 'learning_rate': 5.692742695570217e-05, 'epoch': 0.72}
{'loss': 0.5535, 'grad_norm': 0.18259702622890472, 'learning_rate': 5.673892554194157e-05, 'epoch': 0.72}
{'loss': 0.5597, 'grad_norm': 0.1821955293416977, 'learning_rate': 5.6550424128180966e-05, 'epoch': 0.72}
{'loss': 0.64, 'grad_norm': 0.19716782867908478, 'learning_rate': 5.636192271442036e-05, 'epoch': 0.72}
{'loss': 0.5614, 'grad_norm': 0.19849136471748352, 'learning_rate': 5.6173421300659756e-05, 'epoch': 0.72}
{'loss': 0.589, 'grad_norm': 0.1784529983997345, 'learning_rate': 5.5984919886899155e-05, 'epoch': 0.72}
{'loss': 0.5902, 'grad_norm': 0.19250459969043732, 'learning_rate': 5.579641847313856e-05, 'epoch': 0.72}
{'loss': 0.5735, 'grad_norm': 0.17795757949352264, 'learning_rate': 5.5607917059377945e-05, 'epoch': 0.72}
{'loss': 0.5873, 'grad_norm': 0.1812116652727127, 'learning_rate': 5.541941564561734e-05, 'epoch': 0.72}
{'loss': 0.5984, 'grad_norm': 0.1897870898246765, 'learning_rate': 5.523091423185675e-05, 'epoch': 0.72}
{'loss': 0.5765, 'grad_norm': 0.18891941010951996, 'learning_rate': 5.504241281809613e-05, 'epoch': 0.73}
{'loss': 0.6329, 'grad_norm': 0.18796512484550476, 'learning_rate': 5.485391140433553e-05, 'epoch': 0.73}
{'loss': 0.6026, 'grad_norm': 0.17754390835762024, 'learning_rate': 5.4665409990574936e-05, 'epoch': 0.73}
{'loss': 0.6446, 'grad_norm': 0.19782784581184387, 'learning_rate': 5.4476908576814335e-05, 'epoch': 0.73}
{'loss': 0.5676, 'grad_norm': 0.17944404482841492, 'learning_rate': 5.428840716305372e-05, 'epoch': 0.73}
{'loss': 0.5797, 'grad_norm': 0.1940208077430725, 'learning_rate': 5.4099905749293125e-05, 'epoch': 0.73}
{'loss': 0.6009, 'grad_norm': 0.18398073315620422, 'learning_rate': 5.391140433553252e-05, 'epoch': 0.73}
{'loss': 0.5983, 'grad_norm': 0.19096611440181732, 'learning_rate': 5.3722902921771915e-05, 'epoch': 0.73}
{'loss': 0.6659, 'grad_norm': 0.19302451610565186, 'learning_rate': 5.353440150801131e-05, 'epoch': 0.73}
{'loss': 0.605, 'grad_norm': 0.19110754132270813, 'learning_rate': 5.334590009425071e-05, 'epoch': 0.73}
{'loss': 0.6212, 'grad_norm': 0.1805245727300644, 'learning_rate': 5.315739868049011e-05, 'epoch': 0.74}
{'loss': 0.6351, 'grad_norm': 0.19361941516399384, 'learning_rate': 5.29688972667295e-05, 'epoch': 0.74}
{'loss': 0.5838, 'grad_norm': 0.17648006975650787, 'learning_rate': 5.27803958529689e-05, 'epoch': 0.74}
{'loss': 0.5886, 'grad_norm': 0.17896680533885956, 'learning_rate': 5.25918944392083e-05, 'epoch': 0.74}
{'loss': 0.5743, 'grad_norm': 0.17595745623111725, 'learning_rate': 5.240339302544769e-05, 'epoch': 0.74}
{'loss': 0.5604, 'grad_norm': 0.17186231911182404, 'learning_rate': 5.221489161168709e-05, 'epoch': 0.74}
{'loss': 0.5878, 'grad_norm': 0.1803552657365799, 'learning_rate': 5.202639019792649e-05, 'epoch': 0.74}
{'loss': 0.5868, 'grad_norm': 0.1716437190771103, 'learning_rate': 5.183788878416589e-05, 'epoch': 0.74}
{'loss': 0.5949, 'grad_norm': 0.17832060158252716, 'learning_rate': 5.164938737040528e-05, 'epoch': 0.74}
{'loss': 0.5984, 'grad_norm': 0.18741193413734436, 'learning_rate': 5.1460885956644675e-05, 'epoch': 0.74}
{'loss': 0.5952, 'grad_norm': 0.1841738224029541, 'learning_rate': 5.127238454288408e-05, 'epoch': 0.74}
{'loss': 0.6043, 'grad_norm': 0.18408869206905365, 'learning_rate': 5.1083883129123465e-05, 'epoch': 0.75}
{'loss': 0.5993, 'grad_norm': 0.18979835510253906, 'learning_rate': 5.0895381715362863e-05, 'epoch': 0.75}
{'loss': 0.5898, 'grad_norm': 0.1793157160282135, 'learning_rate': 5.070688030160227e-05, 'epoch': 0.75}
{'loss': 0.5836, 'grad_norm': 0.17524054646492004, 'learning_rate': 5.051837888784167e-05, 'epoch': 0.75}
{'loss': 0.6182, 'grad_norm': 0.1852109730243683, 'learning_rate': 5.032987747408106e-05, 'epoch': 0.75}
{'loss': 0.6128, 'grad_norm': 0.17809222638607025, 'learning_rate': 5.014137606032046e-05, 'epoch': 0.75}
{'loss': 0.6105, 'grad_norm': 0.18279887735843658, 'learning_rate': 4.995287464655985e-05, 'epoch': 0.75}
{'loss': 0.5733, 'grad_norm': 0.17361243069171906, 'learning_rate': 4.976437323279925e-05, 'epoch': 0.75}
{'loss': 0.602, 'grad_norm': 0.19322806596755981, 'learning_rate': 4.9575871819038645e-05, 'epoch': 0.75}
{'loss': 0.6114, 'grad_norm': 0.179618701338768, 'learning_rate': 4.9387370405278044e-05, 'epoch': 0.75}
{'loss': 0.6145, 'grad_norm': 0.17945507168769836, 'learning_rate': 4.9198868991517435e-05, 'epoch': 0.75}
{'loss': 0.5609, 'grad_norm': 0.18157634139060974, 'learning_rate': 4.901036757775684e-05, 'epoch': 0.76}
{'loss': 0.587, 'grad_norm': 0.17086833715438843, 'learning_rate': 4.882186616399623e-05, 'epoch': 0.76}
{'loss': 0.6265, 'grad_norm': 0.18083250522613525, 'learning_rate': 4.8633364750235624e-05, 'epoch': 0.76}
{'loss': 0.6296, 'grad_norm': 0.1839074343442917, 'learning_rate': 4.844486333647503e-05, 'epoch': 0.76}
{'loss': 0.5851, 'grad_norm': 0.18641266226768494, 'learning_rate': 4.825636192271442e-05, 'epoch': 0.76}
{'loss': 0.5532, 'grad_norm': 0.18393921852111816, 'learning_rate': 4.806786050895382e-05, 'epoch': 0.76}
{'loss': 0.6205, 'grad_norm': 0.1869547814130783, 'learning_rate': 4.787935909519322e-05, 'epoch': 0.76}
{'loss': 0.6365, 'grad_norm': 0.19071276485919952, 'learning_rate': 4.7690857681432616e-05, 'epoch': 0.76}
{'loss': 0.6106, 'grad_norm': 0.1847270131111145, 'learning_rate': 4.750235626767201e-05, 'epoch': 0.76}
{'loss': 0.6018, 'grad_norm': 0.18174420297145844, 'learning_rate': 4.7313854853911406e-05, 'epoch': 0.76}
{'loss': 0.6066, 'grad_norm': 0.18064729869365692, 'learning_rate': 4.7125353440150804e-05, 'epoch': 0.77}
{'loss': 0.6206, 'grad_norm': 0.18580344319343567, 'learning_rate': 4.6936852026390196e-05, 'epoch': 0.77}
{'loss': 0.5735, 'grad_norm': 0.18439945578575134, 'learning_rate': 4.67483506126296e-05, 'epoch': 0.77}
{'loss': 0.5886, 'grad_norm': 0.17459338903427124, 'learning_rate': 4.655984919886899e-05, 'epoch': 0.77}
{'loss': 0.5936, 'grad_norm': 0.1859615296125412, 'learning_rate': 4.637134778510839e-05, 'epoch': 0.77}
{'loss': 0.6135, 'grad_norm': 0.1796056479215622, 'learning_rate': 4.618284637134779e-05, 'epoch': 0.77}
{'loss': 0.5733, 'grad_norm': 0.17859674990177155, 'learning_rate': 4.599434495758718e-05, 'epoch': 0.77}
{'loss': 0.5898, 'grad_norm': 0.18107624351978302, 'learning_rate': 4.580584354382658e-05, 'epoch': 0.77}
{'loss': 0.5801, 'grad_norm': 0.1904115229845047, 'learning_rate': 4.561734213006598e-05, 'epoch': 0.77}
{'loss': 0.5981, 'grad_norm': 0.18186117708683014, 'learning_rate': 4.5428840716305376e-05, 'epoch': 0.77}
{'loss': 0.5919, 'grad_norm': 0.18483464419841766, 'learning_rate': 4.524033930254477e-05, 'epoch': 0.77}
{'loss': 0.5656, 'grad_norm': 0.179133802652359, 'learning_rate': 4.505183788878417e-05, 'epoch': 0.78}
{'loss': 0.6124, 'grad_norm': 0.1888759881258011, 'learning_rate': 4.4863336475023564e-05, 'epoch': 0.78}
{'loss': 0.6045, 'grad_norm': 0.1849541813135147, 'learning_rate': 4.467483506126296e-05, 'epoch': 0.78}
{'loss': 0.6258, 'grad_norm': 0.18157777190208435, 'learning_rate': 4.448633364750236e-05, 'epoch': 0.78}
{'loss': 0.5795, 'grad_norm': 0.18728001415729523, 'learning_rate': 4.429783223374175e-05, 'epoch': 0.78}
{'loss': 0.6433, 'grad_norm': 0.18589387834072113, 'learning_rate': 4.410933081998115e-05, 'epoch': 0.78}
{'loss': 0.6056, 'grad_norm': 0.1779835969209671, 'learning_rate': 4.392082940622055e-05, 'epoch': 0.78}
{'loss': 0.569, 'grad_norm': 0.17846159636974335, 'learning_rate': 4.373232799245995e-05, 'epoch': 0.78}
{'loss': 0.5717, 'grad_norm': 0.17664946615695953, 'learning_rate': 4.354382657869934e-05, 'epoch': 0.78}
{'loss': 0.6103, 'grad_norm': 0.18577976524829865, 'learning_rate': 4.335532516493874e-05, 'epoch': 0.78}
{'loss': 0.6227, 'grad_norm': 0.19191478192806244, 'learning_rate': 4.3166823751178136e-05, 'epoch': 0.78}
{'loss': 0.5952, 'grad_norm': 0.19381235539913177, 'learning_rate': 4.2978322337417535e-05, 'epoch': 0.79}
{'loss': 0.5588, 'grad_norm': 0.1798987239599228, 'learning_rate': 4.278982092365693e-05, 'epoch': 0.79}
{'loss': 0.5606, 'grad_norm': 0.19712652266025543, 'learning_rate': 4.2601319509896325e-05, 'epoch': 0.79}
{'loss': 0.5638, 'grad_norm': 0.18641190230846405, 'learning_rate': 4.241281809613572e-05, 'epoch': 0.79}
{'loss': 0.6317, 'grad_norm': 0.18551784753799438, 'learning_rate': 4.222431668237512e-05, 'epoch': 0.79}
{'loss': 0.6153, 'grad_norm': 0.1856076568365097, 'learning_rate': 4.203581526861451e-05, 'epoch': 0.79}
{'loss': 0.595, 'grad_norm': 0.18535858392715454, 'learning_rate': 4.184731385485391e-05, 'epoch': 0.79}
{'loss': 0.5625, 'grad_norm': 0.18742471933364868, 'learning_rate': 4.165881244109331e-05, 'epoch': 0.79}
{'loss': 0.6508, 'grad_norm': 0.19500093162059784, 'learning_rate': 4.147031102733271e-05, 'epoch': 0.79}
{'loss': 0.5787, 'grad_norm': 0.18810079991817474, 'learning_rate': 4.1281809613572106e-05, 'epoch': 0.79}
{'loss': 0.6107, 'grad_norm': 0.18317954242229462, 'learning_rate': 4.1093308199811505e-05, 'epoch': 0.8}
{'loss': 0.5936, 'grad_norm': 0.17677396535873413, 'learning_rate': 4.0904806786050896e-05, 'epoch': 0.8}
{'loss': 0.5768, 'grad_norm': 0.17400597035884857, 'learning_rate': 4.0716305372290295e-05, 'epoch': 0.8}
{'loss': 0.5772, 'grad_norm': 0.18545591831207275, 'learning_rate': 4.052780395852969e-05, 'epoch': 0.8}
{'loss': 0.6598, 'grad_norm': 0.19754406809806824, 'learning_rate': 4.0339302544769085e-05, 'epoch': 0.8}
{'loss': 0.5437, 'grad_norm': 0.18393272161483765, 'learning_rate': 4.015080113100848e-05, 'epoch': 0.8}
{'loss': 0.5726, 'grad_norm': 0.17551182210445404, 'learning_rate': 3.996229971724788e-05, 'epoch': 0.8}
{'loss': 0.6296, 'grad_norm': 0.1886850744485855, 'learning_rate': 3.977379830348728e-05, 'epoch': 0.8}
{'loss': 0.6078, 'grad_norm': 0.18546783924102783, 'learning_rate': 3.958529688972668e-05, 'epoch': 0.8}
{'loss': 0.5781, 'grad_norm': 0.18180473148822784, 'learning_rate': 3.939679547596607e-05, 'epoch': 0.8}
{'loss': 0.5972, 'grad_norm': 0.18279553949832916, 'learning_rate': 3.920829406220547e-05, 'epoch': 0.8}
{'loss': 0.6122, 'grad_norm': 0.18721064925193787, 'learning_rate': 3.901979264844487e-05, 'epoch': 0.81}
{'loss': 0.5776, 'grad_norm': 0.18315960466861725, 'learning_rate': 3.8831291234684265e-05, 'epoch': 0.81}
{'loss': 0.5806, 'grad_norm': 0.1920405477285385, 'learning_rate': 3.864278982092366e-05, 'epoch': 0.81}
{'loss': 0.6309, 'grad_norm': 0.18069793283939362, 'learning_rate': 3.8454288407163055e-05, 'epoch': 0.81}
{'loss': 0.5826, 'grad_norm': 0.18445567786693573, 'learning_rate': 3.8265786993402453e-05, 'epoch': 0.81}
{'loss': 0.5846, 'grad_norm': 0.1822883039712906, 'learning_rate': 3.8077285579641845e-05, 'epoch': 0.81}
{'loss': 0.584, 'grad_norm': 0.18948745727539062, 'learning_rate': 3.788878416588125e-05, 'epoch': 0.81}
{'loss': 0.6349, 'grad_norm': 0.19180573523044586, 'learning_rate': 3.770028275212064e-05, 'epoch': 0.81}
{'loss': 0.598, 'grad_norm': 0.1814137101173401, 'learning_rate': 3.751178133836004e-05, 'epoch': 0.81}
{'loss': 0.6037, 'grad_norm': 0.1800391972064972, 'learning_rate': 3.732327992459944e-05, 'epoch': 0.81}
{'loss': 0.5576, 'grad_norm': 0.17810344696044922, 'learning_rate': 3.713477851083884e-05, 'epoch': 0.82}
{'loss': 0.5958, 'grad_norm': 0.1813635677099228, 'learning_rate': 3.694627709707823e-05, 'epoch': 0.82}
{'loss': 0.6022, 'grad_norm': 0.18426619470119476, 'learning_rate': 3.675777568331763e-05, 'epoch': 0.82}
{'loss': 0.5993, 'grad_norm': 0.1941453516483307, 'learning_rate': 3.6569274269557025e-05, 'epoch': 0.82}
{'loss': 0.6124, 'grad_norm': 0.18457762897014618, 'learning_rate': 3.638077285579642e-05, 'epoch': 0.82}
{'loss': 0.6106, 'grad_norm': 0.1880963295698166, 'learning_rate': 3.619227144203582e-05, 'epoch': 0.82}
{'loss': 0.5734, 'grad_norm': 0.18690712749958038, 'learning_rate': 3.6003770028275214e-05, 'epoch': 0.82}
{'loss': 0.5753, 'grad_norm': 0.17226281762123108, 'learning_rate': 3.581526861451461e-05, 'epoch': 0.82}
{'loss': 0.5831, 'grad_norm': 0.1759631633758545, 'learning_rate': 3.562676720075401e-05, 'epoch': 0.82}
{'loss': 0.6192, 'grad_norm': 0.18443919718265533, 'learning_rate': 3.54382657869934e-05, 'epoch': 0.82}
{'loss': 0.5463, 'grad_norm': 0.1734798550605774, 'learning_rate': 3.52497643732328e-05, 'epoch': 0.82}
{'loss': 0.5676, 'grad_norm': 0.18735162913799286, 'learning_rate': 3.50612629594722e-05, 'epoch': 0.83}
{'loss': 0.6319, 'grad_norm': 0.1920395940542221, 'learning_rate': 3.48727615457116e-05, 'epoch': 0.83}
{'loss': 0.5929, 'grad_norm': 0.18174627423286438, 'learning_rate': 3.468426013195099e-05, 'epoch': 0.83}
{'loss': 0.5963, 'grad_norm': 0.19185209274291992, 'learning_rate': 3.4495758718190394e-05, 'epoch': 0.83}
{'loss': 0.5873, 'grad_norm': 0.18268626928329468, 'learning_rate': 3.4307257304429786e-05, 'epoch': 0.83}
{'loss': 0.5958, 'grad_norm': 0.1903180480003357, 'learning_rate': 3.411875589066918e-05, 'epoch': 0.83}
{'loss': 0.6311, 'grad_norm': 0.17828434705734253, 'learning_rate': 3.393025447690858e-05, 'epoch': 0.83}
{'loss': 0.6157, 'grad_norm': 0.1835545152425766, 'learning_rate': 3.3741753063147974e-05, 'epoch': 0.83}
{'loss': 0.5798, 'grad_norm': 0.18811361491680145, 'learning_rate': 3.355325164938737e-05, 'epoch': 0.83}
{'loss': 0.6305, 'grad_norm': 0.18982845544815063, 'learning_rate': 3.336475023562677e-05, 'epoch': 0.83}
{'loss': 0.6063, 'grad_norm': 0.19467578828334808, 'learning_rate': 3.317624882186617e-05, 'epoch': 0.83}
{'loss': 0.5257, 'grad_norm': 0.18060961365699768, 'learning_rate': 3.298774740810556e-05, 'epoch': 0.84}
{'loss': 0.5943, 'grad_norm': 0.17915821075439453, 'learning_rate': 3.279924599434496e-05, 'epoch': 0.84}
{'loss': 0.5871, 'grad_norm': 0.18047888576984406, 'learning_rate': 3.261074458058436e-05, 'epoch': 0.84}
{'loss': 0.5757, 'grad_norm': 0.18708239495754242, 'learning_rate': 3.242224316682375e-05, 'epoch': 0.84}
{'loss': 0.5974, 'grad_norm': 0.19003531336784363, 'learning_rate': 3.2233741753063154e-05, 'epoch': 0.84}
{'loss': 0.6126, 'grad_norm': 0.18460743129253387, 'learning_rate': 3.2045240339302546e-05, 'epoch': 0.84}
{'loss': 0.5835, 'grad_norm': 0.18668609857559204, 'learning_rate': 3.1856738925541944e-05, 'epoch': 0.84}
{'loss': 0.6125, 'grad_norm': 0.18763871490955353, 'learning_rate': 3.166823751178134e-05, 'epoch': 0.84}
{'loss': 0.576, 'grad_norm': 0.17362801730632782, 'learning_rate': 3.1479736098020734e-05, 'epoch': 0.84}
{'loss': 0.543, 'grad_norm': 0.17873550951480865, 'learning_rate': 3.129123468426013e-05, 'epoch': 0.84}
{'loss': 0.5681, 'grad_norm': 0.18484382331371307, 'learning_rate': 3.110273327049953e-05, 'epoch': 0.85}
{'loss': 0.6464, 'grad_norm': 0.18520982563495636, 'learning_rate': 3.091423185673893e-05, 'epoch': 0.85}
{'loss': 0.5464, 'grad_norm': 0.17343363165855408, 'learning_rate': 3.072573044297832e-05, 'epoch': 0.85}
{'loss': 0.5666, 'grad_norm': 0.18987125158309937, 'learning_rate': 3.0537229029217726e-05, 'epoch': 0.85}
{'loss': 0.5592, 'grad_norm': 0.18128184974193573, 'learning_rate': 3.0348727615457118e-05, 'epoch': 0.85}
{'loss': 0.5418, 'grad_norm': 0.1820347011089325, 'learning_rate': 3.0160226201696513e-05, 'epoch': 0.85}
{'loss': 0.6052, 'grad_norm': 0.19134150445461273, 'learning_rate': 2.997172478793591e-05, 'epoch': 0.85}
{'loss': 0.5943, 'grad_norm': 0.19140173494815826, 'learning_rate': 2.9783223374175306e-05, 'epoch': 0.85}
{'loss': 0.6063, 'grad_norm': 0.188606858253479, 'learning_rate': 2.9594721960414708e-05, 'epoch': 0.85}
{'loss': 0.5618, 'grad_norm': 0.1875329166650772, 'learning_rate': 2.94062205466541e-05, 'epoch': 0.85}
{'loss': 0.5562, 'grad_norm': 0.19093170762062073, 'learning_rate': 2.92177191328935e-05, 'epoch': 0.85}
{'loss': 0.6155, 'grad_norm': 0.18654067814350128, 'learning_rate': 2.9029217719132896e-05, 'epoch': 0.86}
{'loss': 0.5485, 'grad_norm': 0.1786389797925949, 'learning_rate': 2.8840716305372288e-05, 'epoch': 0.86}
{'loss': 0.5883, 'grad_norm': 0.18294255435466766, 'learning_rate': 2.865221489161169e-05, 'epoch': 0.86}
{'loss': 0.6392, 'grad_norm': 0.190384179353714, 'learning_rate': 2.8463713477851085e-05, 'epoch': 0.86}
{'loss': 0.624, 'grad_norm': 0.18806950747966766, 'learning_rate': 2.8275212064090483e-05, 'epoch': 0.86}
{'loss': 0.5922, 'grad_norm': 0.19031623005867004, 'learning_rate': 2.8086710650329878e-05, 'epoch': 0.86}
{'loss': 0.594, 'grad_norm': 0.19023041427135468, 'learning_rate': 2.789820923656928e-05, 'epoch': 0.86}
{'loss': 0.586, 'grad_norm': 0.19010359048843384, 'learning_rate': 2.770970782280867e-05, 'epoch': 0.86}
{'loss': 0.5823, 'grad_norm': 0.18131807446479797, 'learning_rate': 2.7521206409048066e-05, 'epoch': 0.86}
{'loss': 0.6263, 'grad_norm': 0.1962050199508667, 'learning_rate': 2.7332704995287468e-05, 'epoch': 0.86}
{'loss': 0.6182, 'grad_norm': 0.20466704666614532, 'learning_rate': 2.714420358152686e-05, 'epoch': 0.86}
{'loss': 0.5863, 'grad_norm': 0.18812498450279236, 'learning_rate': 2.695570216776626e-05, 'epoch': 0.87}
{'loss': 0.6185, 'grad_norm': 0.18807145953178406, 'learning_rate': 2.6767200754005657e-05, 'epoch': 0.87}
{'loss': 0.5672, 'grad_norm': 0.19058898091316223, 'learning_rate': 2.6578699340245055e-05, 'epoch': 0.87}
{'loss': 0.5827, 'grad_norm': 0.18110932409763336, 'learning_rate': 2.639019792648445e-05, 'epoch': 0.87}
{'loss': 0.5851, 'grad_norm': 0.17241565883159637, 'learning_rate': 2.6201696512723845e-05, 'epoch': 0.87}
{'loss': 0.5672, 'grad_norm': 0.17326128482818604, 'learning_rate': 2.6013195098963243e-05, 'epoch': 0.87}
{'loss': 0.6157, 'grad_norm': 0.18730445206165314, 'learning_rate': 2.582469368520264e-05, 'epoch': 0.87}
{'loss': 0.5782, 'grad_norm': 0.18316082656383514, 'learning_rate': 2.563619227144204e-05, 'epoch': 0.87}
{'loss': 0.5874, 'grad_norm': 0.17911624908447266, 'learning_rate': 2.5447690857681432e-05, 'epoch': 0.87}
{'loss': 0.5696, 'grad_norm': 0.18851234018802643, 'learning_rate': 2.5259189443920834e-05, 'epoch': 0.87}
{'loss': 0.6443, 'grad_norm': 0.18771104514598846, 'learning_rate': 2.507068803016023e-05, 'epoch': 0.88}
{'loss': 0.5817, 'grad_norm': 0.18113858997821808, 'learning_rate': 2.4882186616399623e-05, 'epoch': 0.88}
{'loss': 0.5699, 'grad_norm': 0.18847079575061798, 'learning_rate': 2.4693685202639022e-05, 'epoch': 0.88}
{'loss': 0.6094, 'grad_norm': 0.19204974174499512, 'learning_rate': 2.450518378887842e-05, 'epoch': 0.88}
{'loss': 0.5559, 'grad_norm': 0.181147500872612, 'learning_rate': 2.4316682375117812e-05, 'epoch': 0.88}
{'loss': 0.5595, 'grad_norm': 0.17520490288734436, 'learning_rate': 2.412818096135721e-05, 'epoch': 0.88}
{'loss': 0.593, 'grad_norm': 0.18461968004703522, 'learning_rate': 2.393967954759661e-05, 'epoch': 0.88}
{'loss': 0.5758, 'grad_norm': 0.17577479779720306, 'learning_rate': 2.3751178133836004e-05, 'epoch': 0.88}
{'loss': 0.5523, 'grad_norm': 0.18442483246326447, 'learning_rate': 2.3562676720075402e-05, 'epoch': 0.88}
{'loss': 0.6239, 'grad_norm': 0.18481694161891937, 'learning_rate': 2.33741753063148e-05, 'epoch': 0.88}
{'loss': 0.5399, 'grad_norm': 0.18498678505420685, 'learning_rate': 2.3185673892554195e-05, 'epoch': 0.88}
{'loss': 0.6142, 'grad_norm': 0.1875026673078537, 'learning_rate': 2.299717247879359e-05, 'epoch': 0.89}
{'loss': 0.6264, 'grad_norm': 0.19035960733890533, 'learning_rate': 2.280867106503299e-05, 'epoch': 0.89}
{'loss': 0.596, 'grad_norm': 0.20032182335853577, 'learning_rate': 2.2620169651272384e-05, 'epoch': 0.89}
{'loss': 0.5758, 'grad_norm': 0.18227428197860718, 'learning_rate': 2.2431668237511782e-05, 'epoch': 0.89}
{'loss': 0.6029, 'grad_norm': 0.18302738666534424, 'learning_rate': 2.224316682375118e-05, 'epoch': 0.89}
{'loss': 0.5937, 'grad_norm': 0.18666473031044006, 'learning_rate': 2.2054665409990576e-05, 'epoch': 0.89}
{'loss': 0.5869, 'grad_norm': 0.18484769761562347, 'learning_rate': 2.1866163996229974e-05, 'epoch': 0.89}
{'loss': 0.617, 'grad_norm': 0.1966349333524704, 'learning_rate': 2.167766258246937e-05, 'epoch': 0.89}
{'loss': 0.5411, 'grad_norm': 0.17527586221694946, 'learning_rate': 2.1489161168708767e-05, 'epoch': 0.89}
{'loss': 0.6278, 'grad_norm': 0.2036202847957611, 'learning_rate': 2.1300659754948162e-05, 'epoch': 0.89}
{'loss': 0.6232, 'grad_norm': 0.1854923516511917, 'learning_rate': 2.111215834118756e-05, 'epoch': 0.89}
{'loss': 0.568, 'grad_norm': 0.18308298289775848, 'learning_rate': 2.0923656927426956e-05, 'epoch': 0.9}
{'loss': 0.6387, 'grad_norm': 0.19354431331157684, 'learning_rate': 2.0735155513666354e-05, 'epoch': 0.9}
{'loss': 0.5894, 'grad_norm': 0.1964704692363739, 'learning_rate': 2.0546654099905752e-05, 'epoch': 0.9}
{'loss': 0.5835, 'grad_norm': 0.1876004934310913, 'learning_rate': 2.0358152686145147e-05, 'epoch': 0.9}
{'loss': 0.5816, 'grad_norm': 0.18446658551692963, 'learning_rate': 2.0169651272384542e-05, 'epoch': 0.9}
{'loss': 0.6041, 'grad_norm': 0.1980670541524887, 'learning_rate': 1.998114985862394e-05, 'epoch': 0.9}
{'loss': 0.5983, 'grad_norm': 0.18605707585811615, 'learning_rate': 1.979264844486334e-05, 'epoch': 0.9}
{'loss': 0.5959, 'grad_norm': 0.18624164164066315, 'learning_rate': 1.9604147031102734e-05, 'epoch': 0.9}
{'loss': 0.5774, 'grad_norm': 0.17381452023983002, 'learning_rate': 1.9415645617342133e-05, 'epoch': 0.9}
{'loss': 0.5828, 'grad_norm': 0.18684256076812744, 'learning_rate': 1.9227144203581528e-05, 'epoch': 0.9}
{'loss': 0.6115, 'grad_norm': 0.18893179297447205, 'learning_rate': 1.9038642789820923e-05, 'epoch': 0.91}
{'loss': 0.5906, 'grad_norm': 0.18576636910438538, 'learning_rate': 1.885014137606032e-05, 'epoch': 0.91}
{'loss': 0.5665, 'grad_norm': 0.18394207954406738, 'learning_rate': 1.866163996229972e-05, 'epoch': 0.91}
{'loss': 0.6182, 'grad_norm': 0.19007499516010284, 'learning_rate': 1.8473138548539114e-05, 'epoch': 0.91}
{'loss': 0.5723, 'grad_norm': 0.18028141558170319, 'learning_rate': 1.8284637134778513e-05, 'epoch': 0.91}
{'loss': 0.5856, 'grad_norm': 0.18956586718559265, 'learning_rate': 1.809613572101791e-05, 'epoch': 0.91}
{'loss': 0.6124, 'grad_norm': 0.1961633265018463, 'learning_rate': 1.7907634307257306e-05, 'epoch': 0.91}
{'loss': 0.6229, 'grad_norm': 0.17912864685058594, 'learning_rate': 1.77191328934967e-05, 'epoch': 0.91}
{'loss': 0.6408, 'grad_norm': 0.19808603823184967, 'learning_rate': 1.75306314797361e-05, 'epoch': 0.91}
{'loss': 0.6108, 'grad_norm': 0.18918205797672272, 'learning_rate': 1.7342130065975494e-05, 'epoch': 0.91}
{'loss': 0.5934, 'grad_norm': 0.17964740097522736, 'learning_rate': 1.7153628652214893e-05, 'epoch': 0.91}
{'loss': 0.6354, 'grad_norm': 0.19277988374233246, 'learning_rate': 1.696512723845429e-05, 'epoch': 0.92}
{'loss': 0.5906, 'grad_norm': 0.17891569435596466, 'learning_rate': 1.6776625824693686e-05, 'epoch': 0.92}
{'loss': 0.6091, 'grad_norm': 0.18546445667743683, 'learning_rate': 1.6588124410933085e-05, 'epoch': 0.92}
{'loss': 0.5974, 'grad_norm': 0.1886586844921112, 'learning_rate': 1.639962299717248e-05, 'epoch': 0.92}
{'loss': 0.591, 'grad_norm': 0.18153735995292664, 'learning_rate': 1.6211121583411875e-05, 'epoch': 0.92}
{'loss': 0.6378, 'grad_norm': 0.18806926906108856, 'learning_rate': 1.6022620169651273e-05, 'epoch': 0.92}
{'loss': 0.5909, 'grad_norm': 0.18451765179634094, 'learning_rate': 1.583411875589067e-05, 'epoch': 0.92}
{'loss': 0.5988, 'grad_norm': 0.17683061957359314, 'learning_rate': 1.5645617342130066e-05, 'epoch': 0.92}
{'loss': 0.6052, 'grad_norm': 0.1830817013978958, 'learning_rate': 1.5457115928369465e-05, 'epoch': 0.92}
{'loss': 0.6079, 'grad_norm': 0.18607662618160248, 'learning_rate': 1.5268614514608863e-05, 'epoch': 0.92}
{'loss': 0.5829, 'grad_norm': 0.1782255619764328, 'learning_rate': 1.5080113100848256e-05, 'epoch': 0.92}
{'loss': 0.6154, 'grad_norm': 0.19914110004901886, 'learning_rate': 1.4891611687087653e-05, 'epoch': 0.93}
{'loss': 0.5946, 'grad_norm': 0.18333522975444794, 'learning_rate': 1.470311027332705e-05, 'epoch': 0.93}
{'loss': 0.5976, 'grad_norm': 0.18999813497066498, 'learning_rate': 1.4514608859566448e-05, 'epoch': 0.93}
{'loss': 0.5798, 'grad_norm': 0.18127480149269104, 'learning_rate': 1.4326107445805845e-05, 'epoch': 0.93}
{'loss': 0.5876, 'grad_norm': 0.1900123655796051, 'learning_rate': 1.4137606032045242e-05, 'epoch': 0.93}
{'loss': 0.6258, 'grad_norm': 0.18407270312309265, 'learning_rate': 1.394910461828464e-05, 'epoch': 0.93}
{'loss': 0.5635, 'grad_norm': 0.18078595399856567, 'learning_rate': 1.3760603204524033e-05, 'epoch': 0.93}
{'loss': 0.6207, 'grad_norm': 0.18708762526512146, 'learning_rate': 1.357210179076343e-05, 'epoch': 0.93}
{'loss': 0.612, 'grad_norm': 0.19785095751285553, 'learning_rate': 1.3383600377002828e-05, 'epoch': 0.93}
{'loss': 0.5684, 'grad_norm': 0.18347613513469696, 'learning_rate': 1.3195098963242225e-05, 'epoch': 0.93}
{'loss': 0.616, 'grad_norm': 0.18573129177093506, 'learning_rate': 1.3006597549481622e-05, 'epoch': 0.94}
{'loss': 0.5709, 'grad_norm': 0.17581185698509216, 'learning_rate': 1.281809613572102e-05, 'epoch': 0.94}
{'loss': 0.5824, 'grad_norm': 0.18459926545619965, 'learning_rate': 1.2629594721960417e-05, 'epoch': 0.94}
{'loss': 0.6236, 'grad_norm': 0.1968170702457428, 'learning_rate': 1.2441093308199812e-05, 'epoch': 0.94}
{'loss': 0.5785, 'grad_norm': 0.17658168077468872, 'learning_rate': 1.225259189443921e-05, 'epoch': 0.94}
{'loss': 0.5634, 'grad_norm': 0.17899078130722046, 'learning_rate': 1.2064090480678605e-05, 'epoch': 0.94}
{'loss': 0.5652, 'grad_norm': 0.1827607899904251, 'learning_rate': 1.1875589066918002e-05, 'epoch': 0.94}
{'loss': 0.5805, 'grad_norm': 0.17988182604312897, 'learning_rate': 1.16870876531574e-05, 'epoch': 0.94}
{'loss': 0.6229, 'grad_norm': 0.1884339600801468, 'learning_rate': 1.1498586239396795e-05, 'epoch': 0.94}
{'loss': 0.6047, 'grad_norm': 0.18158237636089325, 'learning_rate': 1.1310084825636192e-05, 'epoch': 0.94}
{'loss': 0.5826, 'grad_norm': 0.18488271534442902, 'learning_rate': 1.112158341187559e-05, 'epoch': 0.94}
{'loss': 0.5916, 'grad_norm': 0.17808370292186737, 'learning_rate': 1.0933081998114987e-05, 'epoch': 0.95}
{'loss': 0.5539, 'grad_norm': 0.18340767920017242, 'learning_rate': 1.0744580584354384e-05, 'epoch': 0.95}
{'loss': 0.6039, 'grad_norm': 0.1918925642967224, 'learning_rate': 1.055607917059378e-05, 'epoch': 0.95}
{'loss': 0.6255, 'grad_norm': 0.19041556119918823, 'learning_rate': 1.0367577756833177e-05, 'epoch': 0.95}
{'loss': 0.5603, 'grad_norm': 0.17177684605121613, 'learning_rate': 1.0179076343072574e-05, 'epoch': 0.95}
{'loss': 0.5854, 'grad_norm': 0.18441049754619598, 'learning_rate': 9.99057492931197e-06, 'epoch': 0.95}
{'loss': 0.5618, 'grad_norm': 0.1761016845703125, 'learning_rate': 9.802073515551367e-06, 'epoch': 0.95}
{'loss': 0.5961, 'grad_norm': 0.1764129400253296, 'learning_rate': 9.613572101790764e-06, 'epoch': 0.95}
{'loss': 0.5649, 'grad_norm': 0.18552835285663605, 'learning_rate': 9.42507068803016e-06, 'epoch': 0.95}
{'loss': 0.5925, 'grad_norm': 0.19887425005435944, 'learning_rate': 9.236569274269557e-06, 'epoch': 0.95}
{'loss': 0.5465, 'grad_norm': 0.19055190682411194, 'learning_rate': 9.048067860508956e-06, 'epoch': 0.95}
{'loss': 0.5575, 'grad_norm': 0.17845819890499115, 'learning_rate': 8.85956644674835e-06, 'epoch': 0.96}
{'loss': 0.5544, 'grad_norm': 0.18560123443603516, 'learning_rate': 8.671065032987747e-06, 'epoch': 0.96}
{'loss': 0.588, 'grad_norm': 0.1822042167186737, 'learning_rate': 8.482563619227146e-06, 'epoch': 0.96}
{'loss': 0.6145, 'grad_norm': 0.18484137952327728, 'learning_rate': 8.294062205466542e-06, 'epoch': 0.96}
{'loss': 0.5879, 'grad_norm': 0.18866302073001862, 'learning_rate': 8.105560791705937e-06, 'epoch': 0.96}
{'loss': 0.6075, 'grad_norm': 0.18805040419101715, 'learning_rate': 7.917059377945336e-06, 'epoch': 0.96}
{'loss': 0.5316, 'grad_norm': 0.18922877311706543, 'learning_rate': 7.728557964184732e-06, 'epoch': 0.96}
{'loss': 0.5548, 'grad_norm': 0.19130589067935944, 'learning_rate': 7.540056550424128e-06, 'epoch': 0.96}
{'loss': 0.573, 'grad_norm': 0.18812529742717743, 'learning_rate': 7.351555136663525e-06, 'epoch': 0.96}
{'loss': 0.6125, 'grad_norm': 0.1920090764760971, 'learning_rate': 7.1630537229029224e-06, 'epoch': 0.96}
{'loss': 0.6131, 'grad_norm': 0.18228326737880707, 'learning_rate': 6.97455230914232e-06, 'epoch': 0.97}
{'loss': 0.6101, 'grad_norm': 0.1873944252729416, 'learning_rate': 6.786050895381715e-06, 'epoch': 0.97}
{'loss': 0.6082, 'grad_norm': 0.1877785474061966, 'learning_rate': 6.5975494816211125e-06, 'epoch': 0.97}
{'loss': 0.6152, 'grad_norm': 0.19057674705982208, 'learning_rate': 6.40904806786051e-06, 'epoch': 0.97}
{'loss': 0.5854, 'grad_norm': 0.17755883932113647, 'learning_rate': 6.220546654099906e-06, 'epoch': 0.97}
{'loss': 0.6115, 'grad_norm': 0.18242713809013367, 'learning_rate': 6.0320452403393026e-06, 'epoch': 0.97}
{'loss': 0.5995, 'grad_norm': 0.18350327014923096, 'learning_rate': 5.8435438265787e-06, 'epoch': 0.97}
{'loss': 0.5816, 'grad_norm': 0.19683179259300232, 'learning_rate': 5.655042412818096e-06, 'epoch': 0.97}
{'loss': 0.5524, 'grad_norm': 0.18249230086803436, 'learning_rate': 5.4665409990574935e-06, 'epoch': 0.97}
{'loss': 0.6199, 'grad_norm': 0.20438112318515778, 'learning_rate': 5.27803958529689e-06, 'epoch': 0.97}
{'loss': 0.5925, 'grad_norm': 0.1866869330406189, 'learning_rate': 5.089538171536287e-06, 'epoch': 0.97}
{'loss': 0.5829, 'grad_norm': 0.1806785613298416, 'learning_rate': 4.9010367577756835e-06, 'epoch': 0.98}
{'loss': 0.6157, 'grad_norm': 0.19060587882995605, 'learning_rate': 4.71253534401508e-06, 'epoch': 0.98}
{'loss': 0.5701, 'grad_norm': 0.18874511122703552, 'learning_rate': 4.524033930254478e-06, 'epoch': 0.98}
{'loss': 0.5599, 'grad_norm': 0.1830717921257019, 'learning_rate': 4.335532516493874e-06, 'epoch': 0.98}
{'loss': 0.5774, 'grad_norm': 0.18572846055030823, 'learning_rate': 4.147031102733271e-06, 'epoch': 0.98}
{'loss': 0.5657, 'grad_norm': 0.1767169088125229, 'learning_rate': 3.958529688972668e-06, 'epoch': 0.98}
{'loss': 0.6029, 'grad_norm': 0.1852715164422989, 'learning_rate': 3.770028275212064e-06, 'epoch': 0.98}
{'loss': 0.5619, 'grad_norm': 0.17864345014095306, 'learning_rate': 3.5815268614514612e-06, 'epoch': 0.98}
{'loss': 0.5877, 'grad_norm': 0.18767690658569336, 'learning_rate': 3.3930254476908575e-06, 'epoch': 0.98}
{'loss': 0.5597, 'grad_norm': 0.17845764756202698, 'learning_rate': 3.204524033930255e-06, 'epoch': 0.98}
{'loss': 0.5749, 'grad_norm': 0.17983774840831757, 'learning_rate': 3.0160226201696513e-06, 'epoch': 0.98}
{'loss': 0.5686, 'grad_norm': 0.18243838846683502, 'learning_rate': 2.827521206409048e-06, 'epoch': 0.99}
{'loss': 0.5863, 'grad_norm': 0.18935157358646393, 'learning_rate': 2.639019792648445e-06, 'epoch': 0.99}
{'loss': 0.5999, 'grad_norm': 0.1917296200990677, 'learning_rate': 2.4505183788878418e-06, 'epoch': 0.99}
{'loss': 0.6163, 'grad_norm': 0.19703926146030426, 'learning_rate': 2.262016965127239e-06, 'epoch': 0.99}
{'loss': 0.5961, 'grad_norm': 0.18713875114917755, 'learning_rate': 2.0735155513666356e-06, 'epoch': 0.99}
{'loss': 0.5447, 'grad_norm': 0.18191084265708923, 'learning_rate': 1.885014137606032e-06, 'epoch': 0.99}
{'loss': 0.6138, 'grad_norm': 0.17985013127326965, 'learning_rate': 1.6965127238454287e-06, 'epoch': 0.99}
{'loss': 0.6224, 'grad_norm': 0.1884424388408661, 'learning_rate': 1.5080113100848256e-06, 'epoch': 0.99}
{'loss': 0.5708, 'grad_norm': 0.1880338490009308, 'learning_rate': 1.3195098963242225e-06, 'epoch': 0.99}
{'loss': 0.5767, 'grad_norm': 0.18681007623672485, 'learning_rate': 1.1310084825636194e-06, 'epoch': 0.99}
{'loss': 0.5839, 'grad_norm': 0.18149027228355408, 'learning_rate': 9.42507068803016e-07, 'epoch': 1.0}
{'loss': 0.6033, 'grad_norm': 0.18795739114284515, 'learning_rate': 7.540056550424128e-07, 'epoch': 1.0}
{'loss': 0.5901, 'grad_norm': 0.18370206654071808, 'learning_rate': 5.655042412818097e-07, 'epoch': 1.0}
{'loss': 0.5649, 'grad_norm': 0.1825496107339859, 'learning_rate': 3.770028275212064e-07, 'epoch': 1.0}
{'loss': 0.5862, 'grad_norm': 0.19597817957401276, 'learning_rate': 1.885014137606032e-07, 'epoch': 1.0}
{'loss': 0.6089, 'grad_norm': 0.19930455088615417, 'learning_rate': 0.0, 'epoch': 1.0}
{'train_runtime': 10162.886, 'train_samples_per_second': 0.839, 'train_steps_per_second': 0.105, 'train_loss': 0.6289074455036678, 'epoch': 1.0}
Saved model to https://huggingface.co/SynthDataGen_Benchmarking_llama-3-8b-Instruct
Fri Aug 16 16:48:51 EDT 2024: Job 13127303 finished running, exit code: 0
