Sun Aug 18 00:48:40 EDT 2024: Job 13136617 is allocated resource
==((====))==  Unsloth: Fast Llama patching release 2024.4
   \\   /|    GPU: NVIDIA A40. Max memory: 44.556 GB. Platform = Linux.
O^O/ \_/ \    Pytorch: 2.3.0+cu121. CUDA = 8.6. CUDA Toolkit = 12.1.
\        /    Bfloat16 = TRUE. Xformers = 0.0.26.post1. FA = True.
 "-____-"     Free Apache license: http://github.com/unslothai/unsloth
processing idx: 0
len of response is: 6753
len of summary is: 2302
processing idx: 1
len of response is: 8851
len of summary is: 3190
processing idx: 2
len of response is: 6689
len of summary is: 2559
processing idx: 3
len of response is: 8196
len of summary is: 2701
processing idx: 4
len of response is: 9268
len of summary is: 3630
processing idx: 5
len of response is: 8076
len of summary is: 3192
processing idx: 6
len of response is: 8997
len of summary is: 2968
processing idx: 7
len of response is: 8300
len of summary is: 3232
processing idx: 8
len of response is: 9434
len of summary is: 3143
processing idx: 9
len of response is: 5838
len of summary is: 2088
processing idx: 10
len of response is: 7016
len of summary is: 2451
processing idx: 11
len of response is: 9340
len of summary is: 3633
processing idx: 12
len of response is: 7864
len of summary is: 2953
processing idx: 13
len of response is: 7668
len of summary is: 2809
processing idx: 14
len of response is: 7731
len of summary is: 2781
processing idx: 15
len of response is: 8868
len of summary is: 3140
processing idx: 16
len of response is: 6733
len of summary is: 2518
processing idx: 17
len of response is: 7798
len of summary is: 2868
processing idx: 18
len of response is: 6718
len of summary is: 2438
processing idx: 19
len of response is: 8145
len of summary is: 3088
processing idx: 20
len of response is: 7784
len of summary is: 2581
processing idx: 21
len of response is: 6987
len of summary is: 2527
processing idx: 22
len of response is: 10833
len of summary is: 4381
processing idx: 23
len of response is: 9079
len of summary is: 3320
processing idx: 24
len of response is: 7780
len of summary is: 3333
processing idx: 25
len of response is: 7993
len of summary is: 3098
processing idx: 26
len of response is: 7538
len of summary is: 2347
processing idx: 27
len of response is: 7923
len of summary is: 2658
processing idx: 28
len of response is: 8284
len of summary is: 3133
processing idx: 29
len of response is: 6546
len of summary is: 2717
processing idx: 30
len of response is: 7122
len of summary is: 2732
processing idx: 31
len of response is: 7994
len of summary is: 2789
processing idx: 32
len of response is: 7049
len of summary is: 2523
processing idx: 33
len of response is: 9330
len of summary is: 3531
processing idx: 34
len of response is: 9097
len of summary is: 3009
processing idx: 35
len of response is: 6912
len of summary is: 2153
processing idx: 36
len of response is: 7680
len of summary is: 2661
processing idx: 37
len of response is: 7313
len of summary is: 2786
processing idx: 38
len of response is: 8642
len of summary is: 2908
processing idx: 39
len of response is: 6652
len of summary is: 2477
processing idx: 40
len of response is: 7076
len of summary is: 2291
processing idx: 41
len of response is: 7840
len of summary is: 3087
processing idx: 42
len of response is: 9623
len of summary is: 3245
processing idx: 43
len of response is: 8728
len of summary is: 2866
processing idx: 44
len of response is: 9143
len of summary is: 2951
processing idx: 45
len of response is: 8516
len of summary is: 3133
processing idx: 46
len of response is: 8909
len of summary is: 3392
processing idx: 47
len of response is: 7897
len of summary is: 2704
processing idx: 48
len of response is: 7880
len of summary is: 2619
processing idx: 49
len of response is: 7877
len of summary is: 2639
processing idx: 50
len of response is: 8187
len of summary is: 2689
processing idx: 51
len of response is: 8071
len of summary is: 2754
processing idx: 52
len of response is: 9150
len of summary is: 3198
processing idx: 53
len of response is: 9466
len of summary is: 3554
processing idx: 54
len of response is: 7977
len of summary is: 2822
processing idx: 55
len of response is: 6417
len of summary is: 2205
processing idx: 56
len of response is: 7515
len of summary is: 2785
processing idx: 57
len of response is: 8730
len of summary is: 2911
processing idx: 58
len of response is: 8106
len of summary is: 2936
processing idx: 59
len of response is: 7528
len of summary is: 2777
processing idx: 60
len of response is: 7353
len of summary is: 2629
processing idx: 61
len of response is: 7704
len of summary is: 2569
processing idx: 62
len of response is: 8843
len of summary is: 3367
processing idx: 63
len of response is: 7834
len of summary is: 2828
processing idx: 64
len of response is: 10611
len of summary is: 3970
processing idx: 65
len of response is: 6681
len of summary is: 2216
processing idx: 66
len of response is: 6534
len of summary is: 1934
processing idx: 67
len of response is: 7072
len of summary is: 2741
processing idx: 68
len of response is: 6609
len of summary is: 2372
processing idx: 69
len of response is: 7109
len of summary is: 2679
processing idx: 70
len of response is: 8328
len of summary is: 2988
processing idx: 71
len of response is: 6374
len of summary is: 2177
processing idx: 72
len of response is: 7805
len of summary is: 2502
processing idx: 73
len of response is: 7879
len of summary is: 2839
processing idx: 74
len of response is: 7475
len of summary is: 2748
processing idx: 75
len of response is: 7473
len of summary is: 2290
processing idx: 76
len of response is: 9179
len of summary is: 3413
processing idx: 77
len of response is: 9127
len of summary is: 3423
processing idx: 78
len of response is: 6963
len of summary is: 2600
processing idx: 79
len of response is: 7747
len of summary is: 2755
processing idx: 80
len of response is: 8157
len of summary is: 3017
processing idx: 81
len of response is: 7606
len of summary is: 2990
processing idx: 82
len of response is: 7488
len of summary is: 2845
processing idx: 83
len of response is: 8438
len of summary is: 3109
processing idx: 84
len of response is: 7887
len of summary is: 3180
processing idx: 85
len of response is: 5416
len of summary is: 1760
processing idx: 86
len of response is: 6621
len of summary is: 2307
processing idx: 87
len of response is: 7053
len of summary is: 2763
processing idx: 88
len of response is: 7447
len of summary is: 2520
processing idx: 89
len of response is: 9530
len of summary is: 3635
processing idx: 90
len of response is: 7891
len of summary is: 2615
processing idx: 91
len of response is: 6151
len of summary is: 1955
processing idx: 92
len of response is: 9093
len of summary is: 3322
processing idx: 93
len of response is: 7077
len of summary is: 2234
processing idx: 94
len of response is: 7322
len of summary is: 2810
processing idx: 95
len of response is: 8897
len of summary is: 3413
processing idx: 96
len of response is: 6745
len of summary is: 2610
processing idx: 97
len of response is: 7687
len of summary is: 2753
processing idx: 98
len of response is: 8737
len of summary is: 3107
processing idx: 99
len of response is: 9990
len of summary is: 3744
processing idx: 100
len of response is: 7383
len of summary is: 2717
processing idx: 101
len of response is: 8123
len of summary is: 2598
processing idx: 102
len of response is: 8177
len of summary is: 3064
processing idx: 103
len of response is: 7104
len of summary is: 2475
processing idx: 104
len of response is: 6097
len of summary is: 2014
processing idx: 105
len of response is: 7648
len of summary is: 2834
processing idx: 106
len of response is: 9950
len of summary is: 3185
processing idx: 107
len of response is: 8046
len of summary is: 3516
processing idx: 108
len of response is: 8408
len of summary is: 3105
processing idx: 109
len of response is: 8885
len of summary is: 3666
processing idx: 110
len of response is: 8313
len of summary is: 2849
processing idx: 111
len of response is: 8677
len of summary is: 3271
processing idx: 112
len of response is: 6488
len of summary is: 2232
processing idx: 113
len of response is: 9427
len of summary is: 3359
processing idx: 114
len of response is: 8415
len of summary is: 2718
processing idx: 115
len of response is: 7229
len of summary is: 2386
processing idx: 116
len of response is: 6972
len of summary is: 2638
processing idx: 117
len of response is: 7812
len of summary is: 2825
processing idx: 118
len of response is: 8300
len of summary is: 2603
processing idx: 119
len of response is: 8114
len of summary is: 2822
processing idx: 120
len of response is: 7165
len of summary is: 2519
processing idx: 121
len of response is: 6963
len of summary is: 2423
processing idx: 122
len of response is: 8115
len of summary is: 2958
processing idx: 123
len of response is: 7104
len of summary is: 2487
processing idx: 124
len of response is: 7190
len of summary is: 2419
processing idx: 125
len of response is: 6035
len of summary is: 2024
processing idx: 126
len of response is: 7064
len of summary is: 2572
processing idx: 127
len of response is: 6640
len of summary is: 2388
processing idx: 128
len of response is: 9299
len of summary is: 3560
processing idx: 129
len of response is: 6773
len of summary is: 2359
processing idx: 130
len of response is: 6975
len of summary is: 2356
processing idx: 131
len of response is: 9558
len of summary is: 3305
processing idx: 132
len of response is: 8810
len of summary is: 3042
processing idx: 133
len of response is: 7940
len of summary is: 2514
processing idx: 134
len of response is: 9462
len of summary is: 3589
processing idx: 135
len of response is: 8789
len of summary is: 2693
processing idx: 136
len of response is: 7573
len of summary is: 2854
processing idx: 137
len of response is: 7613
len of summary is: 2928
processing idx: 138
len of response is: 7644
len of summary is: 2824
processing idx: 139
len of response is: 9623
len of summary is: 3388
processing idx: 140
len of response is: 8009
len of summary is: 2625
processing idx: 141
len of response is: 8700
len of summary is: 3282
processing idx: 142
len of response is: 8349
len of summary is: 2874
processing idx: 143
len of response is: 7798
len of summary is: 2602
processing idx: 144
len of response is: 7325
len of summary is: 2245
processing idx: 145
len of response is: 7698
len of summary is: 2531
processing idx: 146
len of response is: 7285
len of summary is: 2413
processing idx: 147
len of response is: 8541
len of summary is: 2863
processing idx: 148
len of response is: 6668
len of summary is: 2198
processing idx: 149
len of response is: 7296
len of summary is: 2850
processing idx: 150
len of response is: 6874
len of summary is: 2379
processing idx: 151
len of response is: 7172
len of summary is: 2254
processing idx: 152
len of response is: 8584
len of summary is: 3110
processing idx: 153
len of response is: 7248
len of summary is: 2459
processing idx: 154
len of response is: 7370
len of summary is: 2738
processing idx: 155
len of response is: 7212
len of summary is: 2624
processing idx: 156
len of response is: 8858
len of summary is: 2850
processing idx: 157
len of response is: 9796
len of summary is: 3330
processing idx: 158
len of response is: 9146
len of summary is: 3463
processing idx: 159
len of response is: 6996
len of summary is: 2367
processing idx: 160
len of response is: 7769
len of summary is: 3291
processing idx: 161
len of response is: 9239
len of summary is: 3509
processing idx: 162
len of response is: 7727
len of summary is: 2610
processing idx: 163
len of response is: 7710
len of summary is: 2773
processing idx: 164
len of response is: 6900
len of summary is: 2444
processing idx: 165
len of response is: 10215
len of summary is: 3777
processing idx: 166
len of response is: 7708
len of summary is: 2748
processing idx: 167
len of response is: 7204
len of summary is: 2591
processing idx: 168
len of response is: 6905
len of summary is: 2259
processing idx: 169
len of response is: 7486
len of summary is: 2598
processing idx: 170
len of response is: 8696
len of summary is: 3218
processing idx: 171
len of response is: 7559
len of summary is: 2856
processing idx: 172
len of response is: 8198
len of summary is: 3073
processing idx: 173
len of response is: 8839
len of summary is: 2707
processing idx: 174
len of response is: 7610
len of summary is: 3066
processing idx: 175
len of response is: 6186
len of summary is: 2104
processing idx: 176
len of response is: 7940
len of summary is: 3056
processing idx: 177
len of response is: 8529
len of summary is: 3524
processing idx: 178
len of response is: 8993
len of summary is: 3288
processing idx: 179
len of response is: 7864
len of summary is: 2547
processing idx: 180
len of response is: 8130
len of summary is: 3059
processing idx: 181
len of response is: 7424
len of summary is: 2727
processing idx: 182
len of response is: 7159
len of summary is: 2603
processing idx: 183
len of response is: 7144
len of summary is: 2631
processing idx: 184
len of response is: 8985
len of summary is: 3186
processing idx: 185
len of response is: 8583
len of summary is: 2971
processing idx: 186
len of response is: 7664
len of summary is: 2863
processing idx: 187
len of response is: 7747
len of summary is: 2725
processing idx: 188
len of response is: 9186
len of summary is: 3435
processing idx: 189
len of response is: 7865
len of summary is: 2316
processing idx: 190
len of response is: 6465
len of summary is: 2063
processing idx: 191
len of response is: 7049
len of summary is: 2914
processing idx: 192
len of response is: 9451
len of summary is: 3415
processing idx: 193
len of response is: 7457
len of summary is: 2675
processing idx: 194
len of response is: 8428
len of summary is: 2645
processing idx: 195
len of response is: 8781
len of summary is: 3115
processing idx: 196
len of response is: 7821
len of summary is: 2811
processing idx: 197
len of response is: 8714
len of summary is: 3187
processing idx: 198
len of response is: 7457
len of summary is: 2647
processing idx: 199
len of response is: 6104
len of summary is: 2346
processing idx: 200
len of response is: 7102
len of summary is: 2571
processing idx: 201
len of response is: 7811
len of summary is: 3194
processing idx: 202
len of response is: 9951
len of summary is: 3323
processing idx: 203
len of response is: 6571
len of summary is: 2319
processing idx: 204
len of response is: 7252
len of summary is: 2745
processing idx: 205
len of response is: 6263
len of summary is: 2051
processing idx: 206
len of response is: 7722
len of summary is: 2703
processing idx: 207
len of response is: 8120
len of summary is: 3008
processing idx: 208
len of response is: 8359
len of summary is: 2464
processing idx: 209
len of response is: 10613
len of summary is: 3180
processing idx: 210
len of response is: 7838
len of summary is: 2781
processing idx: 211
len of response is: 8770
len of summary is: 2914
processing idx: 212
len of response is: 7722
len of summary is: 2708
processing idx: 213
len of response is: 7131
len of summary is: 2432
processing idx: 214
len of response is: 9801
len of summary is: 2831
processing idx: 215
len of response is: 10099
len of summary is: 3713
processing idx: 216
len of response is: 7375
len of summary is: 2748
processing idx: 217
len of response is: 8595
len of summary is: 2810
processing idx: 218
len of response is: 7765
len of summary is: 3093
processing idx: 219
len of response is: 8436
len of summary is: 2833
processing idx: 220
len of response is: 8182
len of summary is: 2776
processing idx: 221
len of response is: 7009
len of summary is: 2492
processing idx: 222
len of response is: 9576
len of summary is: 3270
processing idx: 223
len of response is: 8023
len of summary is: 2340
processing idx: 224
len of response is: 7128
len of summary is: 2812
processing idx: 225
len of response is: 9710
len of summary is: 3768
processing idx: 226
len of response is: 7267
len of summary is: 2715
processing idx: 227
len of response is: 6302
len of summary is: 2255
processing idx: 228
len of response is: 7819
len of summary is: 2941
processing idx: 229
len of response is: 8971
len of summary is: 2825
processing idx: 230
len of response is: 8099
len of summary is: 3022
processing idx: 231
len of response is: 8296
len of summary is: 2937
processing idx: 232
len of response is: 6239
len of summary is: 1640
processing idx: 233
len of response is: 6233
len of summary is: 1825
processing idx: 234
len of response is: 6766
len of summary is: 2469
processing idx: 235
len of response is: 7397
len of summary is: 2736
processing idx: 236
len of response is: 8073
len of summary is: 3114
processing idx: 237
len of response is: 6413
len of summary is: 2467
processing idx: 238
len of response is: 6834
len of summary is: 2434
processing idx: 239
len of response is: 10415
len of summary is: 3359
processing idx: 240
len of response is: 8248
len of summary is: 2773
processing idx: 241
len of response is: 7671
len of summary is: 2581
processing idx: 242
len of response is: 8384
len of summary is: 2910
processing idx: 243
len of response is: 9343
len of summary is: 3546
processing idx: 244
len of response is: 7681
len of summary is: 2983
processing idx: 245
len of response is: 9539
len of summary is: 3300
processing idx: 246
len of response is: 7169
len of summary is: 2313
processing idx: 247
len of response is: 7171
len of summary is: 3122
processing idx: 248
len of response is: 8531
len of summary is: 3130
processing idx: 249
len of response is: 7631
len of summary is: 2933
processing idx: 250
len of response is: 7181
len of summary is: 2214
processing idx: 251
len of response is: 6692
len of summary is: 1900
processing idx: 252
len of response is: 7452
len of summary is: 2412
processing idx: 253
len of response is: 8929
len of summary is: 3240
processing idx: 254
len of response is: 8357
len of summary is: 3489
processing idx: 255
len of response is: 7613
len of summary is: 2894
processing idx: 256
len of response is: 7682
len of summary is: 2682
processing idx: 257
len of response is: 8538
len of summary is: 3304
processing idx: 258
len of response is: 7574
len of summary is: 2236
processing idx: 259
len of response is: 8582
len of summary is: 3008
processing idx: 260
len of response is: 7417
len of summary is: 2290
processing idx: 261
len of response is: 8203
len of summary is: 2838
processing idx: 262
len of response is: 7744
len of summary is: 3282
processing idx: 263
len of response is: 7874
len of summary is: 2875
processing idx: 264
len of response is: 8171
len of summary is: 2745
processing idx: 265
len of response is: 7949
len of summary is: 2579
processing idx: 266
len of response is: 7598
len of summary is: 2747
processing idx: 267
len of response is: 6985
len of summary is: 2382
processing idx: 268
len of response is: 7138
len of summary is: 2442
processing idx: 269
len of response is: 7034
len of summary is: 2518
processing idx: 270
len of response is: 7213
len of summary is: 2524
processing idx: 271
len of response is: 7925
len of summary is: 2554
processing idx: 272
len of response is: 7200
len of summary is: 2513
processing idx: 273
len of response is: 6705
len of summary is: 2313
processing idx: 274
len of response is: 9194
len of summary is: 2979
processing idx: 275
len of response is: 7940
len of summary is: 2918
processing idx: 276
len of response is: 6412
len of summary is: 2462
processing idx: 277
len of response is: 7612
len of summary is: 2635
processing idx: 278
len of response is: 8106
len of summary is: 2712
processing idx: 279
len of response is: 8867
len of summary is: 3347
processing idx: 280
len of response is: 9231
len of summary is: 3114
processing idx: 281
len of response is: 9791
len of summary is: 3657
processing idx: 282
len of response is: 7615
len of summary is: 2960
processing idx: 283
len of response is: 9767
len of summary is: 3629
processing idx: 284
len of response is: 8402
len of summary is: 3251
processing idx: 285
len of response is: 8905
len of summary is: 3628
processing idx: 286
len of response is: 8090
len of summary is: 2975
processing idx: 287
len of response is: 7556
len of summary is: 2709
processing idx: 288
len of response is: 8108
len of summary is: 2746
processing idx: 289
len of response is: 8561
len of summary is: 3037
processing idx: 290
len of response is: 8369
len of summary is: 3186
processing idx: 291
len of response is: 6161
len of summary is: 2261
processing idx: 292
len of response is: 8423
len of summary is: 3046
processing idx: 293
len of response is: 7268
len of summary is: 2546
processing idx: 294
len of response is: 9166
len of summary is: 2822
processing idx: 295
len of response is: 8468
len of summary is: 3560
processing idx: 296
len of response is: 7234
len of summary is: 2359
processing idx: 297
len of response is: 7823
len of summary is: 2936
processing idx: 298
len of response is: 6399
len of summary is: 2166
processing idx: 299
len of response is: 7893
len of summary is: 2956
processing idx: 300
len of response is: 7711
len of summary is: 2533
processing idx: 301
len of response is: 8351
len of summary is: 3098
processing idx: 302
len of response is: 8138
len of summary is: 3525
processing idx: 303
len of response is: 6939
len of summary is: 2617
processing idx: 304
len of response is: 7926
len of summary is: 2988
processing idx: 305
len of response is: 8067
len of summary is: 2467
processing idx: 306
len of response is: 8165
len of summary is: 2753
processing idx: 307
len of response is: 7909
len of summary is: 3358
processing idx: 308
len of response is: 8257
len of summary is: 3392
processing idx: 309
len of response is: 7881
len of summary is: 2546
processing idx: 310
len of response is: 7575
len of summary is: 2603
processing idx: 311
len of response is: 7260
len of summary is: 2169
processing idx: 312
len of response is: 7439
len of summary is: 2337
processing idx: 313
len of response is: 7452
len of summary is: 2864
processing idx: 314
len of response is: 8738
len of summary is: 2519
processing idx: 315
len of response is: 9310
len of summary is: 2730
processing idx: 316
len of response is: 7876
len of summary is: 2799
processing idx: 317
len of response is: 7506
len of summary is: 2694
processing idx: 318
len of response is: 9483
len of summary is: 3768
processing idx: 319
len of response is: 7035
len of summary is: 2580
processing idx: 320
len of response is: 7875
len of summary is: 2453
processing idx: 321
len of response is: 8449
len of summary is: 3772
processing idx: 322
len of response is: 7615
len of summary is: 2736
processing idx: 323
len of response is: 5755
len of summary is: 2248
processing idx: 324
len of response is: 7373
len of summary is: 2456
processing idx: 325
len of response is: 8455
len of summary is: 3217
processing idx: 326
len of response is: 7648
len of summary is: 2966
processing idx: 327
len of response is: 8011
len of summary is: 3179
processing idx: 328
len of response is: 5478
len of summary is: 1641
processing idx: 329
len of response is: 9401
len of summary is: 3424
processing idx: 330
len of response is: 7988
len of summary is: 2475
processing idx: 331
len of response is: 7341
len of summary is: 2580
processing idx: 332
len of response is: 7693
len of summary is: 2755
processing idx: 333
len of response is: 7480
len of summary is: 2633
processing idx: 334
len of response is: 7717
len of summary is: 2214
processing idx: 335
len of response is: 9385
len of summary is: 3049
processing idx: 336
len of response is: 7178
len of summary is: 2849
processing idx: 337
len of response is: 9731
len of summary is: 4029
processing idx: 338
len of response is: 9168
len of summary is: 3430
processing idx: 339
len of response is: 9566
len of summary is: 3169
processing idx: 340
len of response is: 7094
len of summary is: 2317
processing idx: 341
len of response is: 7970
len of summary is: 3275
processing idx: 342
len of response is: 8116
len of summary is: 2555
processing idx: 343
len of response is: 7679
len of summary is: 3111
processing idx: 344
len of response is: 8894
len of summary is: 3782
processing idx: 345
len of response is: 6403
len of summary is: 2172
processing idx: 346
len of response is: 7908
len of summary is: 3079
processing idx: 347
len of response is: 6986
len of summary is: 2506
processing idx: 348
len of response is: 7264
len of summary is: 2494
processing idx: 349
len of response is: 8234
len of summary is: 2657
processing idx: 350
len of response is: 6334
len of summary is: 2315
processing idx: 351
len of response is: 7778
len of summary is: 2570
processing idx: 352
len of response is: 7911
len of summary is: 2551
processing idx: 353
len of response is: 8920
len of summary is: 2921
processing idx: 354
len of response is: 6247
len of summary is: 2267
processing idx: 355
len of response is: 8451
len of summary is: 3413
processing idx: 356
len of response is: 8532
len of summary is: 3293
processing idx: 357
len of response is: 9059
len of summary is: 3151
processing idx: 358
len of response is: 7429
len of summary is: 2528
processing idx: 359
len of response is: 6087
len of summary is: 2364
processing idx: 360
len of response is: 9438
len of summary is: 3265
processing idx: 361
len of response is: 7070
len of summary is: 2341
processing idx: 362
len of response is: 8565
len of summary is: 3100
processing idx: 363
len of response is: 8423
len of summary is: 2826
processing idx: 364
len of response is: 7217
len of summary is: 2351
processing idx: 365
len of response is: 7347
len of summary is: 2832
processing idx: 366
len of response is: 7419
len of summary is: 2837
processing idx: 367
len of response is: 6293
len of summary is: 2030
processing idx: 368
len of response is: 7649
len of summary is: 2930
processing idx: 369
len of response is: 9421
len of summary is: 3372
processing idx: 370
len of response is: 8379
len of summary is: 2746
processing idx: 371
len of response is: 8324
len of summary is: 2926
processing idx: 372
len of response is: 6766
len of summary is: 2247
processing idx: 373
len of response is: 7921
len of summary is: 3141
processing idx: 374
len of response is: 8933
len of summary is: 3664
processing idx: 375
len of response is: 8609
len of summary is: 2674
processing idx: 376
len of response is: 9385
len of summary is: 2872
processing idx: 377
len of response is: 8073
len of summary is: 2664
processing idx: 378
len of response is: 6512
len of summary is: 2306
processing idx: 379
len of response is: 7990
len of summary is: 2876
processing idx: 380
len of response is: 8158
len of summary is: 2968
processing idx: 381
len of response is: 8426
len of summary is: 3201
processing idx: 382
len of response is: 8234
len of summary is: 2819
processing idx: 383
len of response is: 7465
len of summary is: 3020
processing idx: 384
len of response is: 7917
len of summary is: 2781
processing idx: 385
len of response is: 7565
len of summary is: 2506
processing idx: 386
len of response is: 8783
len of summary is: 3305
processing idx: 387
len of response is: 8400
len of summary is: 2866
processing idx: 388
len of response is: 6919
len of summary is: 2240
processing idx: 389
len of response is: 7364
len of summary is: 3059
processing idx: 390
len of response is: 5971
len of summary is: 1809
processing idx: 391
len of response is: 8799
len of summary is: 3090
processing idx: 392
len of response is: 8770
len of summary is: 3465
processing idx: 393
len of response is: 8949
len of summary is: 3308
processing idx: 394
len of response is: 9118
len of summary is: 3317
processing idx: 395
len of response is: 9170
len of summary is: 3135
processing idx: 396
len of response is: 8742
len of summary is: 3088
processing idx: 397
len of response is: 10611
len of summary is: 3842
processing idx: 398
len of response is: 8199
len of summary is: 2803
processing idx: 399
len of response is: 7800
len of summary is: 2813
processing idx: 400
len of response is: 6544
len of summary is: 2481
processing idx: 401
len of response is: 7303
len of summary is: 2507
processing idx: 402
len of response is: 7181
len of summary is: 2654
processing idx: 403
len of response is: 8114
len of summary is: 2740
processing idx: 404
len of response is: 6559
len of summary is: 2139
processing idx: 405
len of response is: 7646
len of summary is: 2455
processing idx: 406
len of response is: 9003
len of summary is: 3304
processing idx: 407
len of response is: 7793
len of summary is: 2971
processing idx: 408
len of response is: 9435
len of summary is: 4156
processing idx: 409
len of response is: 9655
len of summary is: 3634
processing idx: 410
len of response is: 7289
len of summary is: 2579
processing idx: 411
len of response is: 8131
len of summary is: 2715
processing idx: 412
len of response is: 8443
len of summary is: 3132
processing idx: 413
len of response is: 9253
len of summary is: 3383
processing idx: 414
len of response is: 7274
len of summary is: 2798
processing idx: 415
len of response is: 6401
len of summary is: 2259
processing idx: 416
len of response is: 8037
len of summary is: 2544
processing idx: 417
len of response is: 9048
len of summary is: 3173
processing idx: 418
len of response is: 9310
len of summary is: 3590
processing idx: 419
len of response is: 7746
len of summary is: 2470
processing idx: 420
len of response is: 8988
len of summary is: 3216
processing idx: 421
len of response is: 7706
len of summary is: 2649
processing idx: 422
len of response is: 8967
len of summary is: 3609
processing idx: 423
len of response is: 7809
len of summary is: 2837
processing idx: 424
len of response is: 6957
len of summary is: 2287
processing idx: 425
len of response is: 7620
len of summary is: 2660
processing idx: 426
len of response is: 8228
len of summary is: 3111
processing idx: 427
len of response is: 7117
len of summary is: 2815
processing idx: 428
len of response is: 7316
len of summary is: 2716
processing idx: 429
len of response is: 6316
len of summary is: 2244
processing idx: 430
len of response is: 7272
len of summary is: 2716
processing idx: 431
len of response is: 7520
len of summary is: 2443
processing idx: 432
len of response is: 7679
len of summary is: 2759
processing idx: 433
len of response is: 6928
len of summary is: 2414
processing idx: 434
len of response is: 8236
len of summary is: 3387
processing idx: 435
len of response is: 7124
len of summary is: 2492
processing idx: 436
len of response is: 5431
len of summary is: 1966
processing idx: 437
len of response is: 7959
len of summary is: 2814
processing idx: 438
len of response is: 8553
len of summary is: 2760
processing idx: 439
len of response is: 7871
len of summary is: 2996
processing idx: 440
len of response is: 8334
len of summary is: 3216
processing idx: 441
len of response is: 5526
len of summary is: 2027
processing idx: 442
len of response is: 8343
len of summary is: 2638
processing idx: 443
len of response is: 7780
len of summary is: 2796
processing idx: 444
len of response is: 7309
len of summary is: 2643
processing idx: 445
len of response is: 8816
len of summary is: 3217
processing idx: 446
len of response is: 8951
len of summary is: 3681
processing idx: 447
len of response is: 8628
len of summary is: 3073
processing idx: 448
len of response is: 7051
len of summary is: 2266
processing idx: 449
len of response is: 8105
len of summary is: 3080
processing idx: 450
len of response is: 7884
len of summary is: 3148
processing idx: 451
len of response is: 6027
len of summary is: 2055
processing idx: 452
len of response is: 8410
len of summary is: 3173
processing idx: 453
len of response is: 7393
len of summary is: 2828
processing idx: 454
len of response is: 7560
len of summary is: 2444
processing idx: 455
len of response is: 7181
len of summary is: 2599
processing idx: 456
len of response is: 7290
len of summary is: 2380
processing idx: 457
len of response is: 8977
len of summary is: 3281
processing idx: 458
len of response is: 8986
len of summary is: 3015
processing idx: 459
len of response is: 6659
len of summary is: 2296
processing idx: 460
len of response is: 8774
len of summary is: 2955
processing idx: 461
len of response is: 8314
len of summary is: 2734
processing idx: 462
len of response is: 9835
len of summary is: 3099
processing idx: 463
len of response is: 8167
len of summary is: 3241
processing idx: 464
len of response is: 6797
len of summary is: 2453
processing idx: 465
len of response is: 8132
len of summary is: 3111
processing idx: 466
len of response is: 8919
len of summary is: 2993
processing idx: 467
len of response is: 7391
len of summary is: 2926
processing idx: 468
len of response is: 6981
len of summary is: 2276
processing idx: 469
len of response is: 7981
len of summary is: 2948
processing idx: 470
len of response is: 9857
len of summary is: 3785
processing idx: 471
len of response is: 8149
len of summary is: 3216
processing idx: 472
len of response is: 6170
len of summary is: 2018
processing idx: 473
len of response is: 9093
len of summary is: 2925
processing idx: 474
len of response is: 7281
len of summary is: 2401
processing idx: 475
len of response is: 7328
len of summary is: 2544
processing idx: 476
len of response is: 7116
len of summary is: 2372
processing idx: 477
len of response is: 7107
len of summary is: 2525
processing idx: 478
len of response is: 7743
len of summary is: 2334
processing idx: 479
len of response is: 8213
len of summary is: 2728
processing idx: 480
len of response is: 8272
len of summary is: 2467
processing idx: 481
len of response is: 8576
len of summary is: 3309
processing idx: 482
len of response is: 9371
len of summary is: 3285
processing idx: 483
len of response is: 7957
len of summary is: 2553
processing idx: 484
len of response is: 8760
len of summary is: 3537
processing idx: 485
len of response is: 8154
len of summary is: 2943
processing idx: 486
len of response is: 8361
len of summary is: 2645
processing idx: 487
len of response is: 8054
len of summary is: 2416
processing idx: 488
len of response is: 8931
len of summary is: 3274
processing idx: 489
len of response is: 9953
len of summary is: 3385
processing idx: 490
len of response is: 8481
len of summary is: 2985
processing idx: 491
len of response is: 8767
len of summary is: 3041
processing idx: 492
len of response is: 9955
len of summary is: 3888
processing idx: 493
len of response is: 7488
len of summary is: 2299
processing idx: 494
len of response is: 9230
len of summary is: 2763
processing idx: 495
len of response is: 7796
len of summary is: 2443
processing idx: 496
len of response is: 8187
len of summary is: 2830
processing idx: 497
len of response is: 9982
len of summary is: 3837
processing idx: 498
len of response is: 8350
len of summary is: 3019
processing idx: 499
len of response is: 8627
len of summary is: 2809
processing idx: 500
len of response is: 7571
len of summary is: 2784
processing idx: 501
len of response is: 7651
len of summary is: 2736
processing idx: 502
len of response is: 6651
len of summary is: 1897
processing idx: 503
len of response is: 8782
len of summary is: 2906
processing idx: 504
len of response is: 9473
len of summary is: 3271
processing idx: 505
len of response is: 8878
len of summary is: 2768
processing idx: 506
len of response is: 6980
len of summary is: 2353
processing idx: 507
len of response is: 8883
len of summary is: 3322
processing idx: 508
len of response is: 7704
len of summary is: 2669
processing idx: 509
len of response is: 8446
len of summary is: 3343
processing idx: 510
len of response is: 7598
len of summary is: 2848
processing idx: 511
len of response is: 9681
len of summary is: 3239
processing idx: 512
len of response is: 8017
len of summary is: 3113
processing idx: 513
len of response is: 8047
len of summary is: 2858
processing idx: 514
len of response is: 7641
len of summary is: 2744
processing idx: 515
len of response is: 9215
len of summary is: 3516
processing idx: 516
len of response is: 8039
len of summary is: 3354
processing idx: 517
len of response is: 8024
len of summary is: 2738
processing idx: 518
len of response is: 8757
len of summary is: 3107
processing idx: 519
len of response is: 6814
len of summary is: 2443
processing idx: 520
len of response is: 6822
len of summary is: 1980
processing idx: 521
len of response is: 9103
len of summary is: 2863
processing idx: 522
len of response is: 8416
len of summary is: 3131
processing idx: 523
len of response is: 8353
len of summary is: 3022
processing idx: 524
len of response is: 7030
len of summary is: 2330
processing idx: 525
len of response is: 9325
len of summary is: 3135
processing idx: 526
len of response is: 7017
len of summary is: 2436
processing idx: 527
len of response is: 7147
len of summary is: 2147
processing idx: 528
len of response is: 7783
len of summary is: 2870
processing idx: 529
len of response is: 9748
len of summary is: 3468
processing idx: 530
len of response is: 8857
len of summary is: 3165
processing idx: 531
len of response is: 8758
len of summary is: 2989
processing idx: 532
len of response is: 8827
len of summary is: 2975
processing idx: 533
len of response is: 8097
len of summary is: 3074
processing idx: 534
len of response is: 7555
len of summary is: 2637
processing idx: 535
len of response is: 6795
len of summary is: 2502
processing idx: 536
len of response is: 7678
len of summary is: 3049
processing idx: 537
len of response is: 8219
len of summary is: 3252
processing idx: 538
len of response is: 8195
len of summary is: 2604
processing idx: 539
len of response is: 8982
len of summary is: 3215
processing idx: 540
len of response is: 7642
len of summary is: 3249
processing idx: 541
len of response is: 7942
len of summary is: 2776
processing idx: 542
len of response is: 7322
len of summary is: 2666
processing idx: 543
len of response is: 9579
len of summary is: 3031
processing idx: 544
len of response is: 7991
len of summary is: 2896
processing idx: 545
len of response is: 7837
len of summary is: 2892
processing idx: 546
len of response is: 7413
len of summary is: 2621
processing idx: 547
len of response is: 6402
len of summary is: 1943
processing idx: 548
len of response is: 9095
len of summary is: 3562
processing idx: 549
len of response is: 7775
len of summary is: 2814
processing idx: 550
len of response is: 9059
len of summary is: 3087
processing idx: 551
len of response is: 7368
len of summary is: 2714
processing idx: 552
len of response is: 7038
len of summary is: 2523
processing idx: 553
len of response is: 9326
len of summary is: 3152
processing idx: 554
len of response is: 7234
len of summary is: 2390
processing idx: 555
len of response is: 7996
len of summary is: 2959
processing idx: 556
len of response is: 7579
len of summary is: 2554
processing idx: 557
len of response is: 6461
len of summary is: 2361
processing idx: 558
len of response is: 7828
len of summary is: 2285
processing idx: 559
len of response is: 9314
len of summary is: 3310
processing idx: 560
len of response is: 8430
len of summary is: 2963
processing idx: 561
len of response is: 8077
len of summary is: 3008
processing idx: 562
len of response is: 7125
len of summary is: 2225
processing idx: 563
len of response is: 7433
len of summary is: 2739
processing idx: 564
len of response is: 9525
len of summary is: 3275
processing idx: 565
len of response is: 6409
len of summary is: 2252
processing idx: 566
len of response is: 8758
len of summary is: 3273
processing idx: 567
len of response is: 7992
len of summary is: 3072
processing idx: 568
len of response is: 8364
len of summary is: 3229
processing idx: 569
len of response is: 8133
len of summary is: 2697
processing idx: 570
len of response is: 9972
len of summary is: 3546
processing idx: 571
len of response is: 7103
len of summary is: 2373
processing idx: 572
len of response is: 8064
len of summary is: 3109
processing idx: 573
len of response is: 8363
len of summary is: 3122
processing idx: 574
len of response is: 8281
len of summary is: 2933
processing idx: 575
len of response is: 8084
len of summary is: 2762
processing idx: 576
len of response is: 7481
len of summary is: 2638
processing idx: 577
len of response is: 6695
len of summary is: 2138
processing idx: 578
len of response is: 9587
len of summary is: 2904
processing idx: 579
len of response is: 7189
len of summary is: 2401
processing idx: 580
len of response is: 7444
len of summary is: 2692
processing idx: 581
len of response is: 8021
len of summary is: 2695
processing idx: 582
len of response is: 9280
len of summary is: 3206
processing idx: 583
len of response is: 9075
len of summary is: 3436
processing idx: 584
len of response is: 6942
len of summary is: 2474
processing idx: 585
len of response is: 8819
len of summary is: 3201
processing idx: 586
len of response is: 7673
len of summary is: 2843
processing idx: 587
len of response is: 7274
len of summary is: 2722
processing idx: 588
len of response is: 7640
len of summary is: 2755
processing idx: 589
len of response is: 9145
len of summary is: 3141
processing idx: 590
len of response is: 8885
len of summary is: 3444
processing idx: 591
len of response is: 6838
len of summary is: 2451
processing idx: 592
len of response is: 7030
len of summary is: 2417
processing idx: 593
len of response is: 6779
len of summary is: 2475
processing idx: 594
len of response is: 6536
len of summary is: 2301
processing idx: 595
len of response is: 6486
len of summary is: 2209
processing idx: 596
len of response is: 8415
len of summary is: 2870
processing idx: 597
len of response is: 8439
len of summary is: 3065
processing idx: 598
len of response is: 8176
len of summary is: 2701
processing idx: 599
len of response is: 8513
len of summary is: 2746
processing idx: 600
len of response is: 8581
len of summary is: 3305
processing idx: 601
len of response is: 7603
len of summary is: 2733
processing idx: 602
len of response is: 8523
len of summary is: 2836
processing idx: 603
len of response is: 8945
len of summary is: 3187
processing idx: 604
len of response is: 8100
len of summary is: 2829
processing idx: 605
len of response is: 7947
len of summary is: 2648
processing idx: 606
len of response is: 6646
len of summary is: 2309
processing idx: 607
len of response is: 8428
len of summary is: 3219
processing idx: 608
len of response is: 8107
len of summary is: 2539
processing idx: 609
len of response is: 9004
len of summary is: 2985
processing idx: 610
len of response is: 7620
len of summary is: 2632
processing idx: 611
len of response is: 7743
len of summary is: 2879
processing idx: 612
len of response is: 7650
len of summary is: 2927
processing idx: 613
len of response is: 9265
len of summary is: 2972
processing idx: 614
len of response is: 7729
len of summary is: 2525
processing idx: 615
len of response is: 7205
len of summary is: 2525
processing idx: 616
len of response is: 7214
len of summary is: 2656
processing idx: 617
len of response is: 7148
len of summary is: 2830
processing idx: 618
len of response is: 7350
len of summary is: 2557
processing idx: 619
len of response is: 8586
len of summary is: 3062
processing idx: 620
len of response is: 8195
len of summary is: 2746
processing idx: 621
len of response is: 7270
len of summary is: 2741
processing idx: 622
len of response is: 7565
len of summary is: 2767
processing idx: 623
len of response is: 8170
len of summary is: 2650
processing idx: 624
len of response is: 7431
len of summary is: 2539
processing idx: 625
len of response is: 8047
len of summary is: 2715
processing idx: 626
len of response is: 8535
len of summary is: 3098
processing idx: 627
len of response is: 7621
len of summary is: 2660
processing idx: 628
len of response is: 7426
len of summary is: 2593
processing idx: 629
len of response is: 6870
len of summary is: 2223
processing idx: 630
len of response is: 7610
len of summary is: 2274
processing idx: 631
len of response is: 8563
len of summary is: 3114
processing idx: 632
len of response is: 9989
len of summary is: 3327
processing idx: 633
len of response is: 8090
len of summary is: 2406
processing idx: 634
len of response is: 6834
len of summary is: 2547
processing idx: 635
len of response is: 7985
len of summary is: 3130
processing idx: 636
len of response is: 7716
len of summary is: 3195
processing idx: 637
len of response is: 8972
len of summary is: 3458
processing idx: 638
len of response is: 8780
len of summary is: 3108
processing idx: 639
len of response is: 9028
len of summary is: 3435
processing idx: 640
len of response is: 7628
len of summary is: 2965
processing idx: 641
len of response is: 6968
len of summary is: 2374
processing idx: 642
len of response is: 7122
len of summary is: 2531
processing idx: 643
len of response is: 8190
len of summary is: 2846
processing idx: 644
len of response is: 6588
len of summary is: 2195
processing idx: 645
len of response is: 8044
len of summary is: 3016
processing idx: 646
len of response is: 7640
len of summary is: 2742
processing idx: 647
len of response is: 8003
len of summary is: 3026
processing idx: 648
len of response is: 9256
len of summary is: 3035
processing idx: 649
len of response is: 7459
len of summary is: 2399
processing idx: 650
len of response is: 8942
len of summary is: 3020
processing idx: 651
len of response is: 8506
len of summary is: 3046
processing idx: 652
len of response is: 5612
len of summary is: 1730
processing idx: 653
len of response is: 7765
len of summary is: 2483
processing idx: 654
len of response is: 8324
len of summary is: 3179
processing idx: 655
len of response is: 9390
len of summary is: 3345
processing idx: 656
len of response is: 7418
len of summary is: 2801
processing idx: 657
len of response is: 7138
len of summary is: 2731
processing idx: 658
len of response is: 7180
len of summary is: 2665
processing idx: 659
len of response is: 6902
len of summary is: 2533
processing idx: 660
len of response is: 6793
len of summary is: 2056
processing idx: 661
len of response is: 7209
len of summary is: 2562
processing idx: 662
len of response is: 8526
len of summary is: 2895
processing idx: 663
len of response is: 7091
len of summary is: 2536
processing idx: 664
len of response is: 9914
len of summary is: 3358
processing idx: 665
len of response is: 7392
len of summary is: 2091
processing idx: 666
len of response is: 8884
len of summary is: 2619
processing idx: 667
len of response is: 8286
len of summary is: 2656
processing idx: 668
len of response is: 7642
len of summary is: 2731
processing idx: 669
len of response is: 8518
len of summary is: 2435
processing idx: 670
len of response is: 9870
len of summary is: 3757
processing idx: 671
len of response is: 8500
len of summary is: 3101
processing idx: 672
len of response is: 7555
len of summary is: 2930
processing idx: 673
len of response is: 8209
len of summary is: 2854
processing idx: 674
len of response is: 7955
len of summary is: 3041
processing idx: 675
len of response is: 7705
len of summary is: 2582
processing idx: 676
len of response is: 9984
len of summary is: 3500
processing idx: 677
len of response is: 6682
len of summary is: 2202
processing idx: 678
len of response is: 9132
len of summary is: 3634
processing idx: 679
len of response is: 7703
len of summary is: 2632
processing idx: 680
len of response is: 7713
len of summary is: 3004
processing idx: 681
len of response is: 8071
len of summary is: 2484
processing idx: 682
len of response is: 8474
len of summary is: 3035
processing idx: 683
len of response is: 8879
len of summary is: 2962
processing idx: 684
len of response is: 7255
len of summary is: 2814
processing idx: 685
len of response is: 7899
len of summary is: 2690
processing idx: 686
len of response is: 8659
len of summary is: 2949
processing idx: 687
len of response is: 7565
len of summary is: 2810
processing idx: 688
len of response is: 8745
len of summary is: 3135
processing idx: 689
len of response is: 7532
len of summary is: 2305
processing idx: 690
len of response is: 6420
len of summary is: 2136
processing idx: 691
len of response is: 7142
len of summary is: 2837
processing idx: 692
len of response is: 7939
len of summary is: 3061
processing idx: 693
len of response is: 7914
len of summary is: 2799
processing idx: 694
len of response is: 8181
len of summary is: 2935
processing idx: 695
len of response is: 7180
len of summary is: 2459
processing idx: 696
len of response is: 11797
len of summary is: 4540
processing idx: 697
len of response is: 7559
len of summary is: 2036
processing idx: 698
len of response is: 8268
len of summary is: 2911
processing idx: 699
len of response is: 8727
len of summary is: 3244
processing idx: 700
len of response is: 6729
len of summary is: 2249
processing idx: 701
len of response is: 7628
len of summary is: 2415
processing idx: 702
len of response is: 8781
len of summary is: 3067
processing idx: 703
len of response is: 7734
len of summary is: 2639
processing idx: 704
len of response is: 8307
len of summary is: 3007
processing idx: 705
len of response is: 7254
len of summary is: 2560
processing idx: 706
len of response is: 8192
len of summary is: 3072
processing idx: 707
len of response is: 9214
len of summary is: 2799
processing idx: 708
len of response is: 6918
len of summary is: 2632
processing idx: 709
len of response is: 8352
len of summary is: 3212
processing idx: 710
len of response is: 7425
len of summary is: 2585
processing idx: 711
len of response is: 8227
len of summary is: 2997
processing idx: 712
len of response is: 7417
len of summary is: 2479
processing idx: 713
len of response is: 7384
len of summary is: 2805
processing idx: 714
len of response is: 7885
len of summary is: 2911
processing idx: 715
len of response is: 8181
len of summary is: 3039
processing idx: 716
len of response is: 9242
len of summary is: 3489
processing idx: 717
len of response is: 9214
len of summary is: 3429
processing idx: 718
len of response is: 8795
len of summary is: 3223
processing idx: 719
len of response is: 8715
len of summary is: 3355
processing idx: 720
len of response is: 8757
len of summary is: 3203
processing idx: 721
len of response is: 7887
len of summary is: 2997
processing idx: 722
len of response is: 6850
len of summary is: 2311
processing idx: 723
len of response is: 7244
len of summary is: 2386
processing idx: 724
len of response is: 6687
len of summary is: 2213
processing idx: 725
len of response is: 7725
len of summary is: 2946
processing idx: 726
len of response is: 9610
len of summary is: 3243
processing idx: 727
len of response is: 6767
len of summary is: 2479
processing idx: 728
len of response is: 8715
len of summary is: 3451
processing idx: 729
len of response is: 8382
len of summary is: 2640
processing idx: 730
len of response is: 7145
len of summary is: 2186
processing idx: 731
len of response is: 7481
len of summary is: 2883
processing idx: 732
len of response is: 6282
len of summary is: 2010
processing idx: 733
len of response is: 8381
len of summary is: 2902
processing idx: 734
len of response is: 7594
len of summary is: 2669
processing idx: 735
len of response is: 8083
len of summary is: 3012
processing idx: 736
len of response is: 7638
len of summary is: 2588
processing idx: 737
len of response is: 9207
len of summary is: 3590
processing idx: 738
len of response is: 9994
len of summary is: 3508
processing idx: 739
len of response is: 8450
len of summary is: 3077
processing idx: 740
len of response is: 6792
len of summary is: 2369
processing idx: 741
len of response is: 9176
len of summary is: 3383
processing idx: 742
len of response is: 7163
len of summary is: 2248
processing idx: 743
len of response is: 6811
len of summary is: 2499
processing idx: 744
len of response is: 7852
len of summary is: 2361
processing idx: 745
len of response is: 8331
len of summary is: 2814
processing idx: 746
len of response is: 8418
len of summary is: 3116
processing idx: 747
len of response is: 6983
len of summary is: 2802
processing idx: 748
len of response is: 7481
len of summary is: 2407
processing idx: 749
len of response is: 8933
len of summary is: 3395
processing idx: 750
len of response is: 8059
len of summary is: 2708
processing idx: 751
len of response is: 7321
len of summary is: 2648
processing idx: 752
len of response is: 7773
len of summary is: 2869
processing idx: 753
len of response is: 8140
len of summary is: 2970
processing idx: 754
len of response is: 7973
len of summary is: 2561
processing idx: 755
len of response is: 7856
len of summary is: 2891
processing idx: 756
len of response is: 8758
len of summary is: 3529
processing idx: 757
len of response is: 7005
len of summary is: 2510
processing idx: 758
len of response is: 7846
len of summary is: 2882
processing idx: 759
len of response is: 7658
len of summary is: 2791
processing idx: 760
len of response is: 8739
len of summary is: 3244
processing idx: 761
len of response is: 10120
len of summary is: 3239
processing idx: 762
len of response is: 7001
len of summary is: 2380
processing idx: 763
len of response is: 7600
len of summary is: 2383
processing idx: 764
len of response is: 8140
len of summary is: 2697
processing idx: 765
len of response is: 8260
len of summary is: 3112
processing idx: 766
len of response is: 9260
len of summary is: 4004
processing idx: 767
len of response is: 8451
len of summary is: 3120
processing idx: 768
len of response is: 7106
len of summary is: 2701
processing idx: 769
len of response is: 8176
len of summary is: 2722
processing idx: 770
len of response is: 8431
len of summary is: 2917
processing idx: 771
len of response is: 6960
len of summary is: 2346
processing idx: 772
len of response is: 8280
len of summary is: 3355
processing idx: 773
len of response is: 7694
len of summary is: 2527
processing idx: 774
len of response is: 6360
len of summary is: 2488
processing idx: 775
len of response is: 7905
len of summary is: 2745
processing idx: 776
len of response is: 7830
len of summary is: 2545
processing idx: 777
len of response is: 9544
len of summary is: 3224
processing idx: 778
len of response is: 8704
len of summary is: 3280
processing idx: 779
len of response is: 8314
len of summary is: 2913
processing idx: 780
len of response is: 9510
len of summary is: 3640
processing idx: 781
len of response is: 8709
len of summary is: 3037
processing idx: 782
len of response is: 9125
len of summary is: 3253
processing idx: 783
len of response is: 8815
len of summary is: 3149
processing idx: 784
len of response is: 7439
len of summary is: 2755
processing idx: 785
len of response is: 7919
len of summary is: 2936
processing idx: 786
len of response is: 7353
len of summary is: 2189
processing idx: 787
len of response is: 6917
len of summary is: 2516
processing idx: 788
len of response is: 7255
len of summary is: 2649
processing idx: 789
len of response is: 7427
len of summary is: 2769
processing idx: 790
len of response is: 7329
len of summary is: 2197
processing idx: 791
len of response is: 8671
len of summary is: 2987
processing idx: 792
len of response is: 7839
len of summary is: 3021
processing idx: 793
len of response is: 6837
len of summary is: 2283
processing idx: 794
len of response is: 9473
len of summary is: 2989
processing idx: 795
len of response is: 8041
len of summary is: 2361
processing idx: 796
len of response is: 9313
len of summary is: 2716
processing idx: 797
len of response is: 6568
len of summary is: 2513
processing idx: 798
len of response is: 8814
len of summary is: 2829
processing idx: 799
len of response is: 9035
len of summary is: 3160
processing idx: 800
len of response is: 8215
len of summary is: 3158
processing idx: 801
len of response is: 7814
len of summary is: 2778
processing idx: 802
len of response is: 8389
len of summary is: 2826
processing idx: 803
len of response is: 7857
len of summary is: 2758
processing idx: 804
len of response is: 8622
len of summary is: 3094
processing idx: 805
len of response is: 7569
len of summary is: 2867
processing idx: 806
len of response is: 7269
len of summary is: 2362
processing idx: 807
len of response is: 6574
len of summary is: 2370
processing idx: 808
len of response is: 9966
len of summary is: 3636
processing idx: 809
len of response is: 7609
len of summary is: 3135
processing idx: 810
len of response is: 8955
len of summary is: 3612
processing idx: 811
len of response is: 8559
len of summary is: 2988
processing idx: 812
len of response is: 8811
len of summary is: 3265
processing idx: 813
len of response is: 7775
len of summary is: 2621
processing idx: 814
len of response is: 8641
len of summary is: 3060
processing idx: 815
len of response is: 8384
len of summary is: 2891
processing idx: 816
len of response is: 7429
len of summary is: 2745
processing idx: 817
len of response is: 9449
len of summary is: 3799
processing idx: 818
len of response is: 9366
len of summary is: 2940
processing idx: 819
len of response is: 9131
len of summary is: 2858
processing idx: 820
len of response is: 7674
len of summary is: 2596
processing idx: 821
len of response is: 7836
len of summary is: 2706
processing idx: 822
len of response is: 7340
len of summary is: 2548
processing idx: 823
len of response is: 8401
len of summary is: 2749
processing idx: 824
len of response is: 9599
len of summary is: 3301
processing idx: 825
len of response is: 8529
len of summary is: 2974
processing idx: 826
len of response is: 5512
len of summary is: 1606
processing idx: 827
len of response is: 7845
len of summary is: 2787
processing idx: 828
len of response is: 9306
len of summary is: 3828
processing idx: 829
len of response is: 7757
len of summary is: 2220
processing idx: 830
len of response is: 7937
len of summary is: 2571
processing idx: 831
len of response is: 7898
len of summary is: 2854
processing idx: 832
len of response is: 7386
len of summary is: 2484
processing idx: 833
len of response is: 7172
len of summary is: 2394
processing idx: 834
len of response is: 6574
len of summary is: 2257
processing idx: 835
len of response is: 8452
len of summary is: 3026
processing idx: 836
len of response is: 8453
len of summary is: 3118
processing idx: 837
len of response is: 7400
len of summary is: 2707
processing idx: 838
len of response is: 7933
len of summary is: 2979
processing idx: 839
len of response is: 7383
len of summary is: 2125
processing idx: 840
len of response is: 8209
len of summary is: 2495
processing idx: 841
len of response is: 7861
len of summary is: 2487
processing idx: 842
len of response is: 7465
len of summary is: 2458
processing idx: 843
len of response is: 7989
len of summary is: 2732
processing idx: 844
len of response is: 7574
len of summary is: 2667
processing idx: 845
len of response is: 7892
len of summary is: 2716
processing idx: 846
len of response is: 8533
len of summary is: 2626
processing idx: 847
len of response is: 7464
len of summary is: 2955
processing idx: 848
len of response is: 8733
len of summary is: 2649
processing idx: 849
len of response is: 8195
len of summary is: 2769
processing idx: 850
len of response is: 6650
len of summary is: 2251
processing idx: 851
len of response is: 8803
len of summary is: 2856
processing idx: 852
len of response is: 8480
len of summary is: 2997
processing idx: 853
len of response is: 8224
len of summary is: 2931
processing idx: 854
len of response is: 6673
len of summary is: 2242
processing idx: 855
len of response is: 6497
len of summary is: 2100
processing idx: 856
len of response is: 7973
len of summary is: 2683
processing idx: 857
len of response is: 7660
len of summary is: 2400
processing idx: 858
len of response is: 8378
len of summary is: 3210
processing idx: 859
len of response is: 8801
len of summary is: 3016
processing idx: 860
len of response is: 7380
len of summary is: 2709
processing idx: 861
len of response is: 8120
len of summary is: 2399
processing idx: 862
len of response is: 7815
len of summary is: 2327
processing idx: 863
len of response is: 7620
len of summary is: 2364
processing idx: 864
len of response is: 7411
len of summary is: 2358
processing idx: 865
len of response is: 7078
len of summary is: 2639
processing idx: 866
len of response is: 7502
len of summary is: 2636
processing idx: 867
len of response is: 8135
len of summary is: 2600
processing idx: 868
len of response is: 8027
len of summary is: 2468
processing idx: 869
len of response is: 7933
len of summary is: 2711
processing idx: 870
len of response is: 8118
len of summary is: 2884
processing idx: 871
len of response is: 10471
len of summary is: 3492
processing idx: 872
len of response is: 7837
len of summary is: 2842
processing idx: 873
len of response is: 8333
len of summary is: 2853
processing idx: 874
len of response is: 9588
len of summary is: 3652
processing idx: 875
len of response is: 7380
len of summary is: 2752
processing idx: 876
len of response is: 7186
len of summary is: 2675
processing idx: 877
len of response is: 7339
len of summary is: 2587
processing idx: 878
len of response is: 6240
len of summary is: 2195
processing idx: 879
len of response is: 7617
len of summary is: 2894
processing idx: 880
len of response is: 9290
len of summary is: 3668
processing idx: 881
len of response is: 7229
len of summary is: 2424
processing idx: 882
len of response is: 8045
len of summary is: 2763
processing idx: 883
len of response is: 7884
len of summary is: 3013
processing idx: 884
len of response is: 7974
len of summary is: 2792
processing idx: 885
len of response is: 8736
len of summary is: 3309
processing idx: 886
len of response is: 9147
len of summary is: 3388
processing idx: 887
len of response is: 6844
len of summary is: 2153
processing idx: 888
len of response is: 7950
len of summary is: 3103
processing idx: 889
len of response is: 8169
len of summary is: 3315
processing idx: 890
len of response is: 8163
len of summary is: 3111
processing idx: 891
len of response is: 7758
len of summary is: 2706
processing idx: 892
len of response is: 8126
len of summary is: 2778
processing idx: 893
len of response is: 8508
len of summary is: 2602
processing idx: 894
len of response is: 9443
len of summary is: 3164
processing idx: 895
len of response is: 9628
len of summary is: 3787
processing idx: 896
len of response is: 8050
len of summary is: 3258
processing idx: 897
len of response is: 8328
len of summary is: 2681
processing idx: 898
len of response is: 7624
len of summary is: 2565
processing idx: 899
len of response is: 7897
len of summary is: 2840
processing idx: 900
len of response is: 8118
len of summary is: 3219
processing idx: 901
len of response is: 7408
len of summary is: 2498
processing idx: 902
len of response is: 7725
len of summary is: 2665
processing idx: 903
len of response is: 7912
len of summary is: 3154
processing idx: 904
len of response is: 7981
len of summary is: 3143
processing idx: 905
len of response is: 7814
len of summary is: 2701
processing idx: 906
len of response is: 7338
len of summary is: 3060
processing idx: 907
len of response is: 8846
len of summary is: 3117
processing idx: 908
len of response is: 9411
len of summary is: 3414
processing idx: 909
len of response is: 7793
len of summary is: 2818
processing idx: 910
len of response is: 7895
len of summary is: 3044
processing idx: 911
len of response is: 9206
len of summary is: 3487
processing idx: 912
len of response is: 7496
len of summary is: 2814
processing idx: 913
len of response is: 7409
len of summary is: 2761
processing idx: 914
len of response is: 8057
len of summary is: 2532
processing idx: 915
len of response is: 7860
len of summary is: 2975
processing idx: 916
len of response is: 8389
len of summary is: 2901
processing idx: 917
len of response is: 8676
len of summary is: 3077
processing idx: 918
len of response is: 9642
len of summary is: 3109
processing idx: 919
len of response is: 7796
len of summary is: 2602
processing idx: 920
len of response is: 6410
len of summary is: 2016
processing idx: 921
len of response is: 7247
len of summary is: 2534
processing idx: 922
len of response is: 8031
len of summary is: 2613
processing idx: 923
len of response is: 6894
len of summary is: 2432
processing idx: 924
len of response is: 8262
len of summary is: 2986
processing idx: 925
len of response is: 7569
len of summary is: 2699
processing idx: 926
len of response is: 8569
len of summary is: 3163
processing idx: 927
len of response is: 6959
len of summary is: 2367
processing idx: 928
len of response is: 8508
len of summary is: 3108
processing idx: 929
len of response is: 7827
len of summary is: 2910
processing idx: 930
len of response is: 6862
len of summary is: 2199
processing idx: 931
len of response is: 7188
len of summary is: 2827
processing idx: 932
len of response is: 6692
len of summary is: 2311
processing idx: 933
len of response is: 8054
len of summary is: 2938
processing idx: 934
len of response is: 7620
len of summary is: 2702
processing idx: 935
len of response is: 8312
len of summary is: 2935
processing idx: 936
len of response is: 7131
len of summary is: 2740
processing idx: 937
len of response is: 9361
len of summary is: 3227
processing idx: 938
len of response is: 7494
len of summary is: 3037
processing idx: 939
len of response is: 7563
len of summary is: 2874
processing idx: 940
len of response is: 7634
len of summary is: 2732
processing idx: 941
len of response is: 7876
len of summary is: 2552
processing idx: 942
len of response is: 9406
len of summary is: 3450
processing idx: 943
len of response is: 5686
len of summary is: 1950
processing idx: 944
len of response is: 6337
len of summary is: 2347
processing idx: 945
len of response is: 5854
len of summary is: 2062
processing idx: 946
len of response is: 8827
len of summary is: 3387
processing idx: 947
len of response is: 7970
len of summary is: 2696
processing idx: 948
len of response is: 8256
len of summary is: 3116
processing idx: 949
len of response is: 8314
len of summary is: 3501
processing idx: 950
len of response is: 8135
len of summary is: 3357
processing idx: 951
len of response is: 8109
len of summary is: 2378
processing idx: 952
len of response is: 7922
len of summary is: 2674
processing idx: 953
len of response is: 8116
len of summary is: 3271
processing idx: 954
len of response is: 6381
len of summary is: 1995
processing idx: 955
len of response is: 10896
len of summary is: 3189
processing idx: 956
len of response is: 8753
len of summary is: 3139
processing idx: 957
len of response is: 7909
len of summary is: 2679
processing idx: 958
len of response is: 8448
len of summary is: 2155
processing idx: 959
len of response is: 10476
len of summary is: 4009
processing idx: 960
len of response is: 7093
len of summary is: 2242
processing idx: 961
len of response is: 9472
len of summary is: 3040
processing idx: 962
len of response is: 7753
len of summary is: 2438
processing idx: 963
len of response is: 6725
len of summary is: 2387
processing idx: 964
len of response is: 7343
len of summary is: 2588
processing idx: 965
len of response is: 8443
len of summary is: 3321
processing idx: 966
len of response is: 8202
len of summary is: 2616
processing idx: 967
len of response is: 7834
len of summary is: 2755
processing idx: 968
len of response is: 8024
len of summary is: 3053
processing idx: 969
len of response is: 9165
len of summary is: 3280
processing idx: 970
len of response is: 8108
len of summary is: 2920
processing idx: 971
len of response is: 7389
len of summary is: 2494
processing idx: 972
len of response is: 7527
len of summary is: 2816
processing idx: 973
len of response is: 8775
len of summary is: 3297
processing idx: 974
len of response is: 5605
len of summary is: 2373
processing idx: 975
len of response is: 8220
len of summary is: 3293
processing idx: 976
len of response is: 6855
len of summary is: 2568
processing idx: 977
len of response is: 7855
len of summary is: 3107
processing idx: 978
len of response is: 8657
len of summary is: 2435
processing idx: 979
len of response is: 6997
len of summary is: 2607
processing idx: 980
len of response is: 8654
len of summary is: 2558
processing idx: 981
len of response is: 9484
len of summary is: 3554
processing idx: 982
len of response is: 6283
len of summary is: 1919
processing idx: 983
len of response is: 6668
len of summary is: 2640
processing idx: 984
len of response is: 7824
len of summary is: 2999
processing idx: 985
len of response is: 9678
len of summary is: 3854
processing idx: 986
len of response is: 8068
len of summary is: 3122
processing idx: 987
len of response is: 7975
len of summary is: 2869
processing idx: 988
len of response is: 8662
len of summary is: 3189
processing idx: 989
len of response is: 8383
len of summary is: 3608
processing idx: 990
len of response is: 6651
len of summary is: 2234
processing idx: 991
len of response is: 9047
len of summary is: 3441
processing idx: 992
len of response is: 8180
len of summary is: 2618
processing idx: 993
len of response is: 8556
len of summary is: 3445
processing idx: 994
len of response is: 8570
len of summary is: 2935
processing idx: 995
len of response is: 7581
len of summary is: 2624
processing idx: 996
len of response is: 8120
len of summary is: 3137
processing idx: 997
len of response is: 7996
len of summary is: 2722
processing idx: 998
len of response is: 8615
len of summary is: 3006
processing idx: 999
len of response is: 7293
len of summary is: 2593
processing idx: 1000
len of response is: 10733
len of summary is: 3838
processing idx: 1001
len of response is: 8435
len of summary is: 3369
processing idx: 1002
len of response is: 9320
len of summary is: 3264
processing idx: 1003
len of response is: 8442
len of summary is: 3230
processing idx: 1004
len of response is: 7557
len of summary is: 2990
processing idx: 1005
len of response is: 8593
len of summary is: 3288
processing idx: 1006
len of response is: 8685
len of summary is: 3533
processing idx: 1007
len of response is: 7972
len of summary is: 2366
processing idx: 1008
len of response is: 8430
len of summary is: 3151
processing idx: 1009
len of response is: 7652
len of summary is: 2667
processing idx: 1010
len of response is: 7453
len of summary is: 2998
processing idx: 1011
len of response is: 7260
len of summary is: 2338
processing idx: 1012
len of response is: 7355
len of summary is: 2708
processing idx: 1013
len of response is: 8061
len of summary is: 2765
processing idx: 1014
len of response is: 8839
len of summary is: 2843
processing idx: 1015
len of response is: 7232
len of summary is: 2772
processing idx: 1016
len of response is: 9462
len of summary is: 3412
processing idx: 1017
len of response is: 6981
len of summary is: 2407
processing idx: 1018
len of response is: 7980
len of summary is: 2915
processing idx: 1019
len of response is: 8260
len of summary is: 3050
processing idx: 1020
len of response is: 8532
len of summary is: 2929
processing idx: 1021
len of response is: 7093
len of summary is: 2043
processing idx: 1022
len of response is: 8072
len of summary is: 2915
processing idx: 1023
len of response is: 10746
len of summary is: 3853
processing idx: 1024
len of response is: 7359
len of summary is: 2729
processing idx: 1025
len of response is: 8791
len of summary is: 2957
processing idx: 1026
len of response is: 6747
len of summary is: 2156
processing idx: 1027
len of response is: 9234
len of summary is: 3281
processing idx: 1028
len of response is: 7805
len of summary is: 3032
processing idx: 1029
len of response is: 8978
len of summary is: 3238
processing idx: 1030
len of response is: 7042
len of summary is: 2439
processing idx: 1031
len of response is: 8812
len of summary is: 3094
processing idx: 1032
len of response is: 6411
len of summary is: 2530
processing idx: 1033
len of response is: 7529
len of summary is: 2706
processing idx: 1034
len of response is: 7670
len of summary is: 2558
processing idx: 1035
len of response is: 6993
len of summary is: 2529
processing idx: 1036
len of response is: 9171
len of summary is: 2443
processing idx: 1037
len of response is: 7482
len of summary is: 2610
processing idx: 1038
len of response is: 7616
len of summary is: 2257
processing idx: 1039
len of response is: 9548
len of summary is: 3825
processing idx: 1040
len of response is: 6469
len of summary is: 2445
processing idx: 1041
len of response is: 9652
len of summary is: 2865
processing idx: 1042
len of response is: 7455
len of summary is: 2911
processing idx: 1043
len of response is: 7182
len of summary is: 2532
processing idx: 1044
len of response is: 8815
len of summary is: 3234
processing idx: 1045
len of response is: 9204
len of summary is: 3120
processing idx: 1046
len of response is: 8496
len of summary is: 2570
processing idx: 1047
len of response is: 7389
len of summary is: 2704
processing idx: 1048
len of response is: 9723
len of summary is: 3438
processing idx: 1049
len of response is: 9111
len of summary is: 2935
processing idx: 1050
len of response is: 7177
len of summary is: 2401
processing idx: 1051
len of response is: 9102
len of summary is: 3318
processing idx: 1052
len of response is: 7921
len of summary is: 2860
processing idx: 1053
len of response is: 8179
len of summary is: 3032
processing idx: 1054
len of response is: 8098
len of summary is: 2756
processing idx: 1055
len of response is: 8037
len of summary is: 2786
processing idx: 1056
len of response is: 7217
len of summary is: 2346
processing idx: 1057
len of response is: 9809
len of summary is: 3843
processing idx: 1058
len of response is: 8158
len of summary is: 2747
processing idx: 1059
len of response is: 8243
len of summary is: 3282
processing idx: 1060
len of response is: 8258
len of summary is: 3345
processing idx: 1061
len of response is: 9597
len of summary is: 3101
processing idx: 1062
len of response is: 6658
len of summary is: 2372
processing idx: 1063
len of response is: 7319
len of summary is: 2535
processing idx: 1064
len of response is: 8646
len of summary is: 3753
processing idx: 1065
len of response is: 8477
len of summary is: 2992
processing idx: 1066
len of response is: 8189
len of summary is: 2991
processing idx: 1067
len of response is: 7506
len of summary is: 2372
processing idx: 1068
len of response is: 6942
len of summary is: 2528
processing idx: 1069
len of response is: 6526
len of summary is: 2111
processing idx: 1070
len of response is: 7206
len of summary is: 2509
processing idx: 1071
len of response is: 8008
len of summary is: 2904
processing idx: 1072
len of response is: 8550
len of summary is: 2610
processing idx: 1073
len of response is: 7564
len of summary is: 2800
processing idx: 1074
len of response is: 7895
len of summary is: 2849
processing idx: 1075
len of response is: 8419
len of summary is: 3132
processing idx: 1076
len of response is: 8424
len of summary is: 2956
processing idx: 1077
len of response is: 8769
len of summary is: 3267
processing idx: 1078
len of response is: 7413
len of summary is: 2539
processing idx: 1079
len of response is: 8435
len of summary is: 2862
processing idx: 1080
len of response is: 7204
len of summary is: 2401
processing idx: 1081
len of response is: 7892
len of summary is: 2953
processing idx: 1082
len of response is: 7005
len of summary is: 2228
processing idx: 1083
len of response is: 7569
len of summary is: 2876
processing idx: 1084
len of response is: 8662
len of summary is: 2796
processing idx: 1085
len of response is: 7518
len of summary is: 2651
processing idx: 1086
len of response is: 8043
len of summary is: 2383
processing idx: 1087
len of response is: 7830
len of summary is: 2619
processing idx: 1088
len of response is: 9237
len of summary is: 3684
processing idx: 1089
len of response is: 8306
len of summary is: 3191
processing idx: 1090
len of response is: 8018
len of summary is: 2696
processing idx: 1091
len of response is: 8310
len of summary is: 3674
processing idx: 1092
len of response is: 9210
len of summary is: 2941
processing idx: 1093
len of response is: 6906
len of summary is: 2259
processing idx: 1094
len of response is: 7449
len of summary is: 3016
processing idx: 1095
len of response is: 7174
len of summary is: 2632
processing idx: 1096
len of response is: 8422
len of summary is: 2941
processing idx: 1097
len of response is: 8070
len of summary is: 2882
processing idx: 1098
len of response is: 8539
len of summary is: 2961
processing idx: 1099
len of response is: 7431
len of summary is: 2474
processing idx: 1100
len of response is: 9246
len of summary is: 2769
processing idx: 1101
len of response is: 9018
len of summary is: 3187
processing idx: 1102
len of response is: 7089
len of summary is: 2726
processing idx: 1103
len of response is: 7585
len of summary is: 2815
processing idx: 1104
len of response is: 6953
len of summary is: 2499
processing idx: 1105
len of response is: 8715
len of summary is: 2588
processing idx: 1106
len of response is: 7633
len of summary is: 2960
processing idx: 1107
len of response is: 7321
len of summary is: 2445
processing idx: 1108
len of response is: 8739
len of summary is: 3439
processing idx: 1109
len of response is: 8771
len of summary is: 2924
processing idx: 1110
len of response is: 6441
len of summary is: 2047
processing idx: 1111
len of response is: 7807
len of summary is: 2898
processing idx: 1112
len of response is: 9075
len of summary is: 3621
processing idx: 1113
len of response is: 9095
len of summary is: 3097
processing idx: 1114
len of response is: 8591
len of summary is: 2989
processing idx: 1115
len of response is: 7311
len of summary is: 2839
processing idx: 1116
len of response is: 7417
len of summary is: 2649
processing idx: 1117
len of response is: 7659
len of summary is: 2563
processing idx: 1118
len of response is: 7452
len of summary is: 2389
processing idx: 1119
len of response is: 8418
len of summary is: 3061
processing idx: 1120
len of response is: 8643
len of summary is: 2965
processing idx: 1121
len of response is: 6974
len of summary is: 2420
processing idx: 1122
len of response is: 9672
len of summary is: 3172
processing idx: 1123
len of response is: 7094
len of summary is: 2809
processing idx: 1124
len of response is: 6557
len of summary is: 2042
processing idx: 1125
len of response is: 7265
len of summary is: 2500
processing idx: 1126
len of response is: 8666
len of summary is: 2809
processing idx: 1127
len of response is: 8473
len of summary is: 2698
processing idx: 1128
len of response is: 6683
len of summary is: 2379
processing idx: 1129
len of response is: 9703
len of summary is: 3449
processing idx: 1130
len of response is: 6521
len of summary is: 2106
processing idx: 1131
len of response is: 8469
len of summary is: 3034
processing idx: 1132
len of response is: 9116
len of summary is: 3133
processing idx: 1133
len of response is: 7733
len of summary is: 2610
processing idx: 1134
len of response is: 10381
len of summary is: 4078
processing idx: 1135
len of response is: 7816
len of summary is: 2460
processing idx: 1136
len of response is: 9112
len of summary is: 3532
processing idx: 1137
len of response is: 8130
len of summary is: 2722
processing idx: 1138
len of response is: 9848
len of summary is: 3736
processing idx: 1139
len of response is: 8056
len of summary is: 2807
processing idx: 1140
len of response is: 8325
len of summary is: 3223
processing idx: 1141
len of response is: 7515
len of summary is: 3066
processing idx: 1142
len of response is: 6910
len of summary is: 2095
processing idx: 1143
len of response is: 9302
len of summary is: 3200
processing idx: 1144
len of response is: 8839
len of summary is: 3091
processing idx: 1145
len of response is: 7423
len of summary is: 2548
processing idx: 1146
len of response is: 8279
len of summary is: 2970
processing idx: 1147
len of response is: 7073
len of summary is: 2495
processing idx: 1148
len of response is: 8076
len of summary is: 2500
processing idx: 1149
len of response is: 9485
len of summary is: 2768
processing idx: 1150
len of response is: 6635
len of summary is: 2164
processing idx: 1151
len of response is: 6718
len of summary is: 2044
processing idx: 1152
len of response is: 7604
len of summary is: 2623
processing idx: 1153
len of response is: 8793
len of summary is: 2844
processing idx: 1154
len of response is: 8378
len of summary is: 2994
processing idx: 1155
len of response is: 10165
len of summary is: 3942
processing idx: 1156
len of response is: 7949
len of summary is: 2979
processing idx: 1157
len of response is: 8000
len of summary is: 2382
processing idx: 1158
len of response is: 7404
len of summary is: 2811
processing idx: 1159
len of response is: 7645
len of summary is: 2915
processing idx: 1160
len of response is: 8869
len of summary is: 2900
processing idx: 1161
len of response is: 7432
len of summary is: 2704
processing idx: 1162
len of response is: 7749
len of summary is: 2495
processing idx: 1163
len of response is: 6672
len of summary is: 2343
processing idx: 1164
len of response is: 7575
len of summary is: 2852
processing idx: 1165
len of response is: 8160
len of summary is: 2930
processing idx: 1166
len of response is: 7455
len of summary is: 2858
processing idx: 1167
len of response is: 8350
len of summary is: 3281
processing idx: 1168
len of response is: 7245
len of summary is: 3001
processing idx: 1169
len of response is: 8362
len of summary is: 2483
processing idx: 1170
len of response is: 9656
len of summary is: 3404
processing idx: 1171
len of response is: 9116
len of summary is: 3668
processing idx: 1172
len of response is: 8624
len of summary is: 2560
processing idx: 1173
len of response is: 8177
len of summary is: 2842
processing idx: 1174
len of response is: 6320
len of summary is: 2271
processing idx: 1175
len of response is: 7933
len of summary is: 2755
processing idx: 1176
len of response is: 7387
len of summary is: 2243
processing idx: 1177
len of response is: 9648
len of summary is: 3664
processing idx: 1178
len of response is: 7697
len of summary is: 2419
processing idx: 1179
len of response is: 7200
len of summary is: 2872
processing idx: 1180
len of response is: 8057
len of summary is: 2642
processing idx: 1181
len of response is: 7916
len of summary is: 2372
processing idx: 1182
len of response is: 6081
len of summary is: 2277
processing idx: 1183
len of response is: 7687
len of summary is: 2849
processing idx: 1184
len of response is: 7975
len of summary is: 2436
processing idx: 1185
len of response is: 8534
len of summary is: 2856
processing idx: 1186
len of response is: 6580
len of summary is: 2223
processing idx: 1187
len of response is: 7809
len of summary is: 2560
processing idx: 1188
len of response is: 8196
len of summary is: 2781
processing idx: 1189
len of response is: 7988
len of summary is: 3040
processing idx: 1190
len of response is: 8356
len of summary is: 3038
processing idx: 1191
len of response is: 7892
len of summary is: 2960
processing idx: 1192
len of response is: 7815
len of summary is: 2802
processing idx: 1193
len of response is: 7693
len of summary is: 2448
processing idx: 1194
len of response is: 8036
len of summary is: 3122
processing idx: 1195
len of response is: 10542
len of summary is: 3424
processing idx: 1196
len of response is: 7115
len of summary is: 2535
processing idx: 1197
len of response is: 7006
len of summary is: 2532
processing idx: 1198
len of response is: 10030
len of summary is: 3543
processing idx: 1199
len of response is: 7790
len of summary is: 2952
processing idx: 1200
len of response is: 7704
len of summary is: 2781
processing idx: 1201
len of response is: 7087
len of summary is: 2666
processing idx: 1202
len of response is: 8422
len of summary is: 2883
processing idx: 1203
len of response is: 7124
len of summary is: 2704
processing idx: 1204
len of response is: 6866
len of summary is: 2438
processing idx: 1205
len of response is: 8839
len of summary is: 3063
processing idx: 1206
len of response is: 7779
len of summary is: 2856
processing idx: 1207
len of response is: 8635
len of summary is: 3155
processing idx: 1208
len of response is: 6844
len of summary is: 2503
processing idx: 1209
len of response is: 8282
len of summary is: 3042
processing idx: 1210
len of response is: 7092
len of summary is: 2506
processing idx: 1211
len of response is: 8377
len of summary is: 2546
processing idx: 1212
len of response is: 10114
len of summary is: 3629
processing idx: 1213
len of response is: 7506
len of summary is: 2968
processing idx: 1214
len of response is: 7550
len of summary is: 2680
processing idx: 1215
len of response is: 8171
len of summary is: 2907
processing idx: 1216
len of response is: 7280
len of summary is: 2771
processing idx: 1217
len of response is: 7521
len of summary is: 2733
processing idx: 1218
len of response is: 7843
len of summary is: 2875
processing idx: 1219
len of response is: 8706
len of summary is: 3451
processing idx: 1220
len of response is: 6761
len of summary is: 2617
processing idx: 1221
len of response is: 6855
len of summary is: 2655
processing idx: 1222
len of response is: 6575
len of summary is: 2172
processing idx: 1223
len of response is: 8627
len of summary is: 3096
processing idx: 1224
len of response is: 8391
len of summary is: 3103
processing idx: 1225
len of response is: 8026
len of summary is: 2805
processing idx: 1226
len of response is: 7800
len of summary is: 2691
processing idx: 1227
len of response is: 7605
len of summary is: 2785
processing idx: 1228
len of response is: 6256
len of summary is: 2247
processing idx: 1229
len of response is: 10523
len of summary is: 3291
processing idx: 1230
len of response is: 7995
len of summary is: 2761
processing idx: 1231
len of response is: 7870
len of summary is: 3105
processing idx: 1232
len of response is: 8547
len of summary is: 2638
processing idx: 1233
len of response is: 8660
len of summary is: 3056
processing idx: 1234
len of response is: 7893
len of summary is: 2689
processing idx: 1235
len of response is: 10068
len of summary is: 3767
processing idx: 1236
len of response is: 8790
len of summary is: 2961
processing idx: 1237
len of response is: 8723
len of summary is: 2869
processing idx: 1238
len of response is: 5867
len of summary is: 1972
processing idx: 1239
len of response is: 9105
len of summary is: 3182
processing idx: 1240
len of response is: 10298
len of summary is: 3806
processing idx: 1241
len of response is: 7414
len of summary is: 2895
processing idx: 1242
len of response is: 5864
len of summary is: 1463
processing idx: 1243
len of response is: 6152
len of summary is: 2145
processing idx: 1244
len of response is: 7691
len of summary is: 3004
processing idx: 1245
len of response is: 7462
len of summary is: 2357
processing idx: 1246
len of response is: 8164
len of summary is: 3281
processing idx: 1247
len of response is: 8302
len of summary is: 2781
processing idx: 1248
len of response is: 8571
len of summary is: 3982
processing idx: 1249
len of response is: 9517
len of summary is: 3751
processing idx: 1250
len of response is: 7689
len of summary is: 2572
processing idx: 1251
len of response is: 8731
len of summary is: 2821
processing idx: 1252
len of response is: 8261
len of summary is: 2709
processing idx: 1253
len of response is: 7042
len of summary is: 3199
processing idx: 1254
len of response is: 8492
len of summary is: 3108
processing idx: 1255
len of response is: 6982
len of summary is: 2530
processing idx: 1256
len of response is: 8734
len of summary is: 3291
processing idx: 1257
len of response is: 8825
len of summary is: 3401
processing idx: 1258
len of response is: 9499
len of summary is: 3371
processing idx: 1259
len of response is: 7756
len of summary is: 2670
processing idx: 1260
len of response is: 6790
len of summary is: 2372
processing idx: 1261
len of response is: 8370
len of summary is: 3205
processing idx: 1262
len of response is: 7371
len of summary is: 2442
processing idx: 1263
len of response is: 9901
len of summary is: 3015
processing idx: 1264
len of response is: 7864
len of summary is: 2831
processing idx: 1265
len of response is: 7359
len of summary is: 2499
processing idx: 1266
len of response is: 7847
len of summary is: 2710
processing idx: 1267
len of response is: 8779
len of summary is: 3239
processing idx: 1268
len of response is: 8292
len of summary is: 2711
processing idx: 1269
len of response is: 7542
len of summary is: 2650
processing idx: 1270
len of response is: 6944
len of summary is: 2790
processing idx: 1271
len of response is: 7248
len of summary is: 2503
processing idx: 1272
len of response is: 9538
len of summary is: 3334
processing idx: 1273
len of response is: 8264
len of summary is: 3170
processing idx: 1274
len of response is: 9500
len of summary is: 2675
processing idx: 1275
len of response is: 9409
len of summary is: 3835
processing idx: 1276
len of response is: 9666
len of summary is: 3344
processing idx: 1277
len of response is: 8530
len of summary is: 2787
processing idx: 1278
len of response is: 8248
len of summary is: 2510
processing idx: 1279
len of response is: 7956
len of summary is: 3003
processing idx: 1280
len of response is: 9258
len of summary is: 3213
processing idx: 1281
len of response is: 7812
len of summary is: 2915
processing idx: 1282
len of response is: 7422
len of summary is: 2590
processing idx: 1283
len of response is: 8115
len of summary is: 2985
processing idx: 1284
len of response is: 11061
len of summary is: 4378
processing idx: 1285
len of response is: 8547
len of summary is: 2963
processing idx: 1286
len of response is: 9138
len of summary is: 3543
processing idx: 1287
len of response is: 10006
len of summary is: 3526
processing idx: 1288
len of response is: 8423
len of summary is: 3107
processing idx: 1289
len of response is: 9025
len of summary is: 3911
processing idx: 1290
len of response is: 8631
len of summary is: 2876
processing idx: 1291
len of response is: 8712
len of summary is: 3016
processing idx: 1292
len of response is: 7931
len of summary is: 3017
processing idx: 1293
len of response is: 7575
len of summary is: 2463
processing idx: 1294
len of response is: 9315
len of summary is: 3278
processing idx: 1295
len of response is: 7248
len of summary is: 2673
processing idx: 1296
len of response is: 8127
len of summary is: 3113
processing idx: 1297
len of response is: 9097
len of summary is: 3339
processing idx: 1298
len of response is: 9382
len of summary is: 3478
processing idx: 1299
len of response is: 7848
len of summary is: 3030
processing idx: 1300
len of response is: 7209
len of summary is: 2448
processing idx: 1301
len of response is: 7269
len of summary is: 2510
processing idx: 1302
len of response is: 8268
len of summary is: 2961
processing idx: 1303
len of response is: 9243
len of summary is: 3529
processing idx: 1304
len of response is: 9389
len of summary is: 3947
processing idx: 1305
len of response is: 8447
len of summary is: 3496
processing idx: 1306
len of response is: 7218
len of summary is: 2445
processing idx: 1307
len of response is: 8105
len of summary is: 2866
processing idx: 1308
len of response is: 8461
len of summary is: 2978
processing idx: 1309
len of response is: 6566
len of summary is: 2259
processing idx: 1310
len of response is: 7040
len of summary is: 2496
processing idx: 1311
len of response is: 7512
len of summary is: 2395
processing idx: 1312
len of response is: 9009
len of summary is: 2986
processing idx: 1313
len of response is: 8550
len of summary is: 2901
processing idx: 1314
len of response is: 6874
len of summary is: 2502
processing idx: 1315
len of response is: 9310
len of summary is: 3456
processing idx: 1316
len of response is: 8206
len of summary is: 3172
processing idx: 1317
len of response is: 7866
len of summary is: 1973
processing idx: 1318
len of response is: 10330
len of summary is: 3714
processing idx: 1319
len of response is: 8430
len of summary is: 2844
processing idx: 1320
len of response is: 6937
len of summary is: 2183
processing idx: 1321
len of response is: 9324
len of summary is: 3165
processing idx: 1322
len of response is: 8412
len of summary is: 2813
processing idx: 1323
len of response is: 8781
len of summary is: 2615
processing idx: 1324
len of response is: 7782
len of summary is: 2725
processing idx: 1325
len of response is: 8705
len of summary is: 2731
processing idx: 1326
len of response is: 7242
len of summary is: 2652
processing idx: 1327
len of response is: 8727
len of summary is: 3186
processing idx: 1328
len of response is: 6764
len of summary is: 2429
processing idx: 1329
len of response is: 8040
len of summary is: 2754
processing idx: 1330
len of response is: 7551
len of summary is: 2576
processing idx: 1331
len of response is: 8361
len of summary is: 2802
processing idx: 1332
len of response is: 10408
len of summary is: 3589
processing idx: 1333
len of response is: 9026
len of summary is: 3053
processing idx: 1334
len of response is: 8841
len of summary is: 3191
processing idx: 1335
len of response is: 8147
len of summary is: 2550
processing idx: 1336
len of response is: 8654
len of summary is: 3152
processing idx: 1337
len of response is: 8268
len of summary is: 2793
processing idx: 1338
len of response is: 9100
len of summary is: 3181
processing idx: 1339
len of response is: 8461
len of summary is: 2645
processing idx: 1340
len of response is: 8693
len of summary is: 2816
processing idx: 1341
len of response is: 8849
len of summary is: 3235
processing idx: 1342
len of response is: 8901
len of summary is: 3421
processing idx: 1343
len of response is: 7907
len of summary is: 3063
processing idx: 1344
len of response is: 6732
len of summary is: 2628
processing idx: 1345
len of response is: 9781
len of summary is: 3636
processing idx: 1346
len of response is: 9120
len of summary is: 3242
processing idx: 1347
len of response is: 7305
len of summary is: 2488
processing idx: 1348
len of response is: 7346
len of summary is: 2656
processing idx: 1349
len of response is: 7352
len of summary is: 2825
processing idx: 1350
len of response is: 8945
len of summary is: 3500
processing idx: 1351
len of response is: 7646
len of summary is: 3256
processing idx: 1352
len of response is: 8276
len of summary is: 2293
processing idx: 1353
len of response is: 6177
len of summary is: 1990
processing idx: 1354
len of response is: 7472
len of summary is: 2256
processing idx: 1355
len of response is: 6650
len of summary is: 2077
processing idx: 1356
len of response is: 7555
len of summary is: 2616
processing idx: 1357
len of response is: 7502
len of summary is: 2797
processing idx: 1358
len of response is: 9615
len of summary is: 3463
processing idx: 1359
len of response is: 8097
len of summary is: 2875
processing idx: 1360
len of response is: 7159
len of summary is: 2455
processing idx: 1361
len of response is: 5190
len of summary is: 1856
processing idx: 1362
len of response is: 8699
len of summary is: 3555
processing idx: 1363
len of response is: 7491
len of summary is: 2796
processing idx: 1364
len of response is: 10280
len of summary is: 3625
processing idx: 1365
len of response is: 7453
len of summary is: 2897
processing idx: 1366
len of response is: 7544
len of summary is: 3035
processing idx: 1367
len of response is: 9636
len of summary is: 3215
processing idx: 1368
len of response is: 7662
len of summary is: 2862
processing idx: 1369
len of response is: 6966
len of summary is: 2772
processing idx: 1370
len of response is: 7108
len of summary is: 2467
processing idx: 1371
len of response is: 7615
len of summary is: 2770
processing idx: 1372
len of response is: 7769
len of summary is: 2480
processing idx: 1373
len of response is: 6293
len of summary is: 2333
processing idx: 1374
len of response is: 8544
len of summary is: 2970
processing idx: 1375
len of response is: 8259
len of summary is: 2749
processing idx: 1376
len of response is: 9389
len of summary is: 3706
processing idx: 1377
len of response is: 8564
len of summary is: 2449
processing idx: 1378
len of response is: 9413
len of summary is: 3510
processing idx: 1379
len of response is: 6997
len of summary is: 2420
processing idx: 1380
len of response is: 8790
len of summary is: 3091
processing idx: 1381
len of response is: 8378
len of summary is: 3267
processing idx: 1382
len of response is: 7042
len of summary is: 2761
processing idx: 1383
len of response is: 7043
len of summary is: 2526
processing idx: 1384
len of response is: 10415
len of summary is: 3635
processing idx: 1385
len of response is: 6860
len of summary is: 2482
processing idx: 1386
len of response is: 9091
len of summary is: 3628
processing idx: 1387
len of response is: 7283
len of summary is: 2614
processing idx: 1388
len of response is: 8751
len of summary is: 2761
processing idx: 1389
len of response is: 6885
len of summary is: 2416
processing idx: 1390
len of response is: 8645
len of summary is: 2832
processing idx: 1391
len of response is: 8204
len of summary is: 2766
processing idx: 1392
len of response is: 8533
len of summary is: 2989
processing idx: 1393
len of response is: 8710
len of summary is: 3110
processing idx: 1394
len of response is: 8291
len of summary is: 3281
processing idx: 1395
len of response is: 10107
len of summary is: 3200
processing idx: 1396
len of response is: 7838
len of summary is: 2942
processing idx: 1397
len of response is: 9118
len of summary is: 3330
processing idx: 1398
len of response is: 7160
len of summary is: 2471
processing idx: 1399
len of response is: 9307
len of summary is: 3390
processing idx: 1400
len of response is: 6307
len of summary is: 1819
processing idx: 1401
len of response is: 8354
len of summary is: 3132
processing idx: 1402
len of response is: 6918
len of summary is: 2248
processing idx: 1403
len of response is: 8136
len of summary is: 2763
processing idx: 1404
len of response is: 9186
len of summary is: 3111
processing idx: 1405
len of response is: 7697
len of summary is: 2677
processing idx: 1406
len of response is: 9009
len of summary is: 3127
processing idx: 1407
len of response is: 8380
len of summary is: 2947
processing idx: 1408
len of response is: 7837
len of summary is: 2905
processing idx: 1409
len of response is: 7164
len of summary is: 2690
processing idx: 1410
len of response is: 8600
len of summary is: 2980
processing idx: 1411
len of response is: 11080
len of summary is: 4052
processing idx: 1412
len of response is: 8437
len of summary is: 3010
processing idx: 1413
len of response is: 8082
len of summary is: 2718
processing idx: 1414
len of response is: 9973
len of summary is: 3699
processing idx: 1415
len of response is: 9382
len of summary is: 3797
processing idx: 1416
len of response is: 7037
len of summary is: 2492
processing idx: 1417
len of response is: 8663
len of summary is: 3205
processing idx: 1418
len of response is: 7649
len of summary is: 2483
processing idx: 1419
len of response is: 6856
len of summary is: 2299
processing idx: 1420
len of response is: 9673
len of summary is: 3661
processing idx: 1421
len of response is: 6414
len of summary is: 2177
processing idx: 1422
len of response is: 6623
len of summary is: 2460
processing idx: 1423
len of response is: 5404
len of summary is: 1977
processing idx: 1424
len of response is: 8648
len of summary is: 2971
processing idx: 1425
len of response is: 8977
len of summary is: 3399
processing idx: 1426
len of response is: 9500
len of summary is: 3506
processing idx: 1427
len of response is: 8113
len of summary is: 2980
processing idx: 1428
len of response is: 7973
len of summary is: 3085
processing idx: 1429
len of response is: 8607
len of summary is: 3148
processing idx: 1430
len of response is: 8990
len of summary is: 3767
processing idx: 1431
len of response is: 6673
len of summary is: 2482
processing idx: 1432
len of response is: 8139
len of summary is: 2764
processing idx: 1433
len of response is: 7580
len of summary is: 2614
processing idx: 1434
len of response is: 8039
len of summary is: 2932
processing idx: 1435
len of response is: 10038
len of summary is: 3913
processing idx: 1436
len of response is: 7373
len of summary is: 2660
processing idx: 1437
len of response is: 6750
len of summary is: 2374
processing idx: 1438
len of response is: 7785
len of summary is: 2528
processing idx: 1439
len of response is: 8714
len of summary is: 3138
processing idx: 1440
len of response is: 7235
len of summary is: 2545
processing idx: 1441
len of response is: 7499
len of summary is: 3025
processing idx: 1442
len of response is: 8409
len of summary is: 2857
processing idx: 1443
len of response is: 7436
len of summary is: 2807
processing idx: 1444
len of response is: 8975
len of summary is: 3238
processing idx: 1445
len of response is: 8061
len of summary is: 2419
processing idx: 1446
len of response is: 7729
len of summary is: 3060
processing idx: 1447
len of response is: 8533
len of summary is: 2980
processing idx: 1448
len of response is: 6763
len of summary is: 2324
processing idx: 1449
len of response is: 7804
len of summary is: 2610
processing idx: 1450
len of response is: 7680
len of summary is: 2669
processing idx: 1451
len of response is: 7919
len of summary is: 2845
processing idx: 1452
len of response is: 7608
len of summary is: 2526
processing idx: 1453
len of response is: 8432
len of summary is: 2890
processing idx: 1454
len of response is: 7064
len of summary is: 2406
processing idx: 1455
len of response is: 8146
len of summary is: 2796
processing idx: 1456
len of response is: 6765
len of summary is: 2480
processing idx: 1457
len of response is: 9048
len of summary is: 3284
processing idx: 1458
len of response is: 7460
len of summary is: 3161
processing idx: 1459
len of response is: 7110
len of summary is: 2168
processing idx: 1460
len of response is: 7825
len of summary is: 2623
processing idx: 1461
len of response is: 9664
len of summary is: 3437
processing idx: 1462
len of response is: 7936
len of summary is: 2646
processing idx: 1463
len of response is: 7752
len of summary is: 2467
processing idx: 1464
len of response is: 7372
len of summary is: 2598
processing idx: 1465
len of response is: 7005
len of summary is: 2357
processing idx: 1466
len of response is: 7666
len of summary is: 2646
processing idx: 1467
len of response is: 9311
len of summary is: 3558
processing idx: 1468
len of response is: 7499
len of summary is: 2639
processing idx: 1469
len of response is: 8436
len of summary is: 2874
processing idx: 1470
len of response is: 7036
len of summary is: 2886
processing idx: 1471
len of response is: 7273
len of summary is: 2168
processing idx: 1472
len of response is: 8039
len of summary is: 3003
processing idx: 1473
len of response is: 8056
len of summary is: 2757
processing idx: 1474
len of response is: 7643
len of summary is: 2917
processing idx: 1475
len of response is: 9763
len of summary is: 3741
processing idx: 1476
len of response is: 8442
len of summary is: 2810
processing idx: 1477
len of response is: 8604
len of summary is: 3333
processing idx: 1478
len of response is: 8689
len of summary is: 3363
processing idx: 1479
len of response is: 7066
len of summary is: 2361
processing idx: 1480
len of response is: 7994
len of summary is: 3410
processing idx: 1481
len of response is: 8609
len of summary is: 2838
processing idx: 1482
len of response is: 9706
len of summary is: 3052
processing idx: 1483
len of response is: 8867
len of summary is: 3084
processing idx: 1484
len of response is: 8470
len of summary is: 2966
processing idx: 1485
len of response is: 10203
len of summary is: 3314
processing idx: 1486
len of response is: 7470
len of summary is: 2469
processing idx: 1487
len of response is: 7100
len of summary is: 2775
processing idx: 1488
len of response is: 7991
len of summary is: 2562
processing idx: 1489
len of response is: 9184
len of summary is: 3341
processing idx: 1490
len of response is: 6925
len of summary is: 3122
processing idx: 1491
len of response is: 7930
len of summary is: 2808
processing idx: 1492
len of response is: 8642
len of summary is: 3212
processing idx: 1493
len of response is: 7538
len of summary is: 2320
processing idx: 1494
len of response is: 9044
len of summary is: 3266
processing idx: 1495
len of response is: 6436
len of summary is: 1904
processing idx: 1496
len of response is: 8869
len of summary is: 2740
processing idx: 1497
len of response is: 8316
len of summary is: 2611
processing idx: 1498
len of response is: 7125
len of summary is: 2511
processing idx: 1499
len of response is: 7560
len of summary is: 2633
processing idx: 1500
len of response is: 9110
len of summary is: 2921
processing idx: 1501
len of response is: 9622
len of summary is: 3408
processing idx: 1502
len of response is: 7180
len of summary is: 2617
processing idx: 1503
len of response is: 9134
len of summary is: 3290
processing idx: 1504
len of response is: 7877
len of summary is: 2731
processing idx: 1505
len of response is: 7159
len of summary is: 2707
Dial Summary Pairs DataFrame:
                                        conversation                                            summary
0  [doctor]: Hi Ms. Greene, how are you today?\n\...  {{ #####\n**1. Subjective:**\n\n**Chief Compla...
1  [doctor]: Good afternoon. How are you doing to...  {{ #####\n**1. Subjective:**\n\n**Chief Compla...
2  ```plaintext\n[doctor] Hello, I’m Dr. Smith. H...  {{ #####\n**1. Subjective:**\n\n**Chief Compla...
3  [doctor] Hi there, how are you today? What bri...  {{ #####\n**1. Subjective:**\n\n**Chief Compla...
4  [Doctor] Hi there, good to see you today. I un...  {{ #####\n**1. Subjective:**\n\n**Chief Compla...
Test Dataset:
                                       Polished Note
0  **1. Subjective:**\n\n**Chief Complaint (CC):*...
1  #####\n**1. Subjective:**\n\n**Chief Complaint...
2  **1. Subjective:**\n\n**Chief Complaint (CC):*...
3  **1. Subjective:**\n**Chief Complaint (CC):** ...
4  ### Subjective\n\n**Chief Complaint (CC):**\nP...
dial_summary_pair[df]: 0       {{ #####\n**1. Subjective:**\n\n**Chief Compla...
1       {{ #####\n**1. Subjective:**\n\n**Chief Compla...
2       {{ #####\n**1. Subjective:**\n\n**Chief Compla...
3       {{ #####\n**1. Subjective:**\n\n**Chief Compla...
4       {{ #####\n**1. Subjective:**\n\n**Chief Compla...
                              ...                        
1501    {{ **1. Subjective:**\n\n**Chief Complaint (CC...
1502    {{ #####\n**1. Subjective:**\n\n**Chief Compla...
1503    {{ **1. Subjective:**\n\n**Chief Complaint (CC...
1504    {{ **1. Subjective:**\n\n**Chief Complaint (CC...
1505    {{ **1. Subjective:**\n\n**Chief Complaint (CC...
Name: summary, Length: 1506, dtype: object
self.test_dataset['Polished Note']: 0       **1. Subjective:**\n\n**Chief Complaint (CC):*...
1       #####\n**1. Subjective:**\n\n**Chief Complaint...
2       **1. Subjective:**\n\n**Chief Complaint (CC):*...
3       **1. Subjective:**\n**Chief Complaint (CC):** ...
4       ### Subjective\n\n**Chief Complaint (CC):**\nP...
                              ...                        
1501    #####\n\n**1. Subjective:**\n\n**Chief Complai...
1502    #####\n**1. Subjective:**\n\n**Chief Complaint...
1503    ### Medical Note\n\n#### 1. Subjective\n**Chie...
1504    **1. Subjective:**\n\n**Chief Complaint (CC):*...
1505    #####\n**1. Subjective:**\n\n**Chief Complaint...
Name: Polished Note, Length: 1506, dtype: object
metrics compiter initialized sucessfuly!
{'Model': 'llama-3-8b-Instruct', 'BLEU': 0.5206216395041399, 'ROUGE-1': 0.7341605304105121, 'ROUGE-2': 0.5021637251521134, 'ROUGE-L': 0.5741725456019333, 'ROUGE-LSum': 0.7125241388901109, 'BERTScore': 0.925148202009885, 'METEOR': 0.6486966455412316, 'EvaluationDate': '2024-08-18 19:22:28'}
Sun Aug 18 19:22:31 EDT 2024: Job 13136617 finished running, exit code: 0
