Fri Aug 16 14:30:15 EDT 2024: Job 13127432 is allocated resource
==((====))==  Unsloth: Fast Mistral patching release 2024.4
   \\   /|    GPU: NVIDIA A40. Max memory: 44.556 GB. Platform = Linux.
O^O/ \_/ \    Pytorch: 2.3.0+cu121. CUDA = 8.6. CUDA Toolkit = 12.1.
\        /    Bfloat16 = TRUE. Xformers = 0.0.26.post1. FA = True.
 "-____-"     Free Apache license: http://github.com/unslothai/unsloth
{'loss': 1.0142, 'grad_norm': 1.0094330310821533, 'learning_rate': 4e-05, 'epoch': 0.0}
{'loss': 0.9785, 'grad_norm': 1.0495434999465942, 'learning_rate': 8e-05, 'epoch': 0.0}
{'loss': 0.9836, 'grad_norm': 0.9992060661315918, 'learning_rate': 0.00012, 'epoch': 0.0}
{'loss': 0.9156, 'grad_norm': 0.5932675004005432, 'learning_rate': 0.00016, 'epoch': 0.0}
{'loss': 0.8877, 'grad_norm': 0.44691145420074463, 'learning_rate': 0.0002, 'epoch': 0.0}
{'loss': 0.818, 'grad_norm': 0.5672751665115356, 'learning_rate': 0.0001998114985862394, 'epoch': 0.01}
{'loss': 0.8012, 'grad_norm': 0.5287724137306213, 'learning_rate': 0.0001996229971724788, 'epoch': 0.01}
{'loss': 0.7865, 'grad_norm': 0.50222247838974, 'learning_rate': 0.0001994344957587182, 'epoch': 0.01}
{'loss': 0.7194, 'grad_norm': 0.7874113917350769, 'learning_rate': 0.00019924599434495758, 'epoch': 0.01}
{'loss': 0.7387, 'grad_norm': 0.3778606355190277, 'learning_rate': 0.000199057492931197, 'epoch': 0.01}
{'loss': 0.6611, 'grad_norm': 0.2952708303928375, 'learning_rate': 0.0001988689915174364, 'epoch': 0.01}
{'loss': 0.6852, 'grad_norm': 0.3689768314361572, 'learning_rate': 0.00019868049010367578, 'epoch': 0.01}
{'loss': 0.6982, 'grad_norm': 0.34603437781333923, 'learning_rate': 0.0001984919886899152, 'epoch': 0.01}
{'loss': 0.6232, 'grad_norm': 0.26262250542640686, 'learning_rate': 0.00019830348727615458, 'epoch': 0.01}
{'loss': 0.6391, 'grad_norm': 0.3069320023059845, 'learning_rate': 0.000198114985862394, 'epoch': 0.01}
{'loss': 0.6087, 'grad_norm': 0.32170724868774414, 'learning_rate': 0.00019792648444863338, 'epoch': 0.02}
{'loss': 0.6282, 'grad_norm': 0.2979496121406555, 'learning_rate': 0.00019773798303487276, 'epoch': 0.02}
{'loss': 0.6242, 'grad_norm': 0.27567020058631897, 'learning_rate': 0.00019754948162111218, 'epoch': 0.02}
{'loss': 0.6185, 'grad_norm': 0.2952348589897156, 'learning_rate': 0.00019736098020735156, 'epoch': 0.02}
{'loss': 0.6171, 'grad_norm': 0.27428942918777466, 'learning_rate': 0.00019717247879359094, 'epoch': 0.02}
{'loss': 0.6572, 'grad_norm': 0.27823442220687866, 'learning_rate': 0.00019698397737983036, 'epoch': 0.02}
{'loss': 0.6252, 'grad_norm': 0.284981906414032, 'learning_rate': 0.00019679547596606974, 'epoch': 0.02}
{'loss': 0.6165, 'grad_norm': 0.2719760537147522, 'learning_rate': 0.00019660697455230915, 'epoch': 0.02}
{'loss': 0.5936, 'grad_norm': 0.24597801268100739, 'learning_rate': 0.00019641847313854857, 'epoch': 0.02}
{'loss': 0.628, 'grad_norm': 0.2499435544013977, 'learning_rate': 0.00019622997172478795, 'epoch': 0.02}
{'loss': 0.6046, 'grad_norm': 0.2390013337135315, 'learning_rate': 0.00019604147031102736, 'epoch': 0.02}
{'loss': 0.6126, 'grad_norm': 0.25421929359436035, 'learning_rate': 0.00019585296889726675, 'epoch': 0.03}
{'loss': 0.5502, 'grad_norm': 0.24474769830703735, 'learning_rate': 0.00019566446748350613, 'epoch': 0.03}
{'loss': 0.6301, 'grad_norm': 0.2879635691642761, 'learning_rate': 0.00019547596606974554, 'epoch': 0.03}
{'loss': 0.58, 'grad_norm': 0.2497239112854004, 'learning_rate': 0.00019528746465598493, 'epoch': 0.03}
{'loss': 0.6112, 'grad_norm': 0.257415771484375, 'learning_rate': 0.0001950989632422243, 'epoch': 0.03}
{'loss': 0.5729, 'grad_norm': 0.25050368905067444, 'learning_rate': 0.00019491046182846373, 'epoch': 0.03}
{'loss': 0.561, 'grad_norm': 0.23774339258670807, 'learning_rate': 0.0001947219604147031, 'epoch': 0.03}
{'loss': 0.6015, 'grad_norm': 0.2397128790616989, 'learning_rate': 0.0001945334590009425, 'epoch': 0.03}
{'loss': 0.585, 'grad_norm': 0.23481011390686035, 'learning_rate': 0.0001943449575871819, 'epoch': 0.03}
{'loss': 0.5881, 'grad_norm': 0.2316969484090805, 'learning_rate': 0.00019415645617342132, 'epoch': 0.03}
{'loss': 0.561, 'grad_norm': 0.2369813174009323, 'learning_rate': 0.0001939679547596607, 'epoch': 0.03}
{'loss': 0.5951, 'grad_norm': 0.24486972391605377, 'learning_rate': 0.00019377945334590012, 'epoch': 0.04}
{'loss': 0.5696, 'grad_norm': 0.23679639399051666, 'learning_rate': 0.0001935909519321395, 'epoch': 0.04}
{'loss': 0.5536, 'grad_norm': 0.23675645887851715, 'learning_rate': 0.0001934024505183789, 'epoch': 0.04}
{'loss': 0.5778, 'grad_norm': 0.23999017477035522, 'learning_rate': 0.0001932139491046183, 'epoch': 0.04}
{'loss': 0.5928, 'grad_norm': 0.2465847134590149, 'learning_rate': 0.00019302544769085768, 'epoch': 0.04}
{'loss': 0.5492, 'grad_norm': 0.22366277873516083, 'learning_rate': 0.0001928369462770971, 'epoch': 0.04}
{'loss': 0.5538, 'grad_norm': 0.2261548489332199, 'learning_rate': 0.00019264844486333648, 'epoch': 0.04}
{'loss': 0.5655, 'grad_norm': 0.2495882511138916, 'learning_rate': 0.00019245994344957586, 'epoch': 0.04}
{'loss': 0.5696, 'grad_norm': 0.23371797800064087, 'learning_rate': 0.00019227144203581528, 'epoch': 0.04}
{'loss': 0.5841, 'grad_norm': 0.24718818068504333, 'learning_rate': 0.0001920829406220547, 'epoch': 0.04}
{'loss': 0.5463, 'grad_norm': 0.2362370640039444, 'learning_rate': 0.00019189443920829407, 'epoch': 0.05}
{'loss': 0.565, 'grad_norm': 0.23453634977340698, 'learning_rate': 0.00019170593779453348, 'epoch': 0.05}
{'loss': 0.5637, 'grad_norm': 0.22287790477275848, 'learning_rate': 0.00019151743638077287, 'epoch': 0.05}
{'loss': 0.5807, 'grad_norm': 0.23417404294013977, 'learning_rate': 0.00019132893496701225, 'epoch': 0.05}
{'loss': 0.5637, 'grad_norm': 0.22103741765022278, 'learning_rate': 0.00019114043355325167, 'epoch': 0.05}
{'loss': 0.5944, 'grad_norm': 0.23465494811534882, 'learning_rate': 0.00019095193213949105, 'epoch': 0.05}
{'loss': 0.5836, 'grad_norm': 0.23226124048233032, 'learning_rate': 0.00019076343072573046, 'epoch': 0.05}
{'loss': 0.5526, 'grad_norm': 0.22293910384178162, 'learning_rate': 0.00019057492931196985, 'epoch': 0.05}
{'loss': 0.5564, 'grad_norm': 0.23105859756469727, 'learning_rate': 0.00019038642789820923, 'epoch': 0.05}
{'loss': 0.535, 'grad_norm': 0.24080626666545868, 'learning_rate': 0.00019019792648444864, 'epoch': 0.05}
{'loss': 0.543, 'grad_norm': 0.22344881296157837, 'learning_rate': 0.00019000942507068803, 'epoch': 0.05}
{'loss': 0.5488, 'grad_norm': 0.24089016020298004, 'learning_rate': 0.00018982092365692744, 'epoch': 0.06}
{'loss': 0.5855, 'grad_norm': 0.23282790184020996, 'learning_rate': 0.00018963242224316685, 'epoch': 0.06}
{'loss': 0.5586, 'grad_norm': 0.23048222064971924, 'learning_rate': 0.00018944392082940624, 'epoch': 0.06}
{'loss': 0.5511, 'grad_norm': 0.23680903017520905, 'learning_rate': 0.00018925541941564562, 'epoch': 0.06}
{'loss': 0.5511, 'grad_norm': 0.22605380415916443, 'learning_rate': 0.00018906691800188503, 'epoch': 0.06}
{'loss': 0.5696, 'grad_norm': 0.23132407665252686, 'learning_rate': 0.00018887841658812442, 'epoch': 0.06}
{'loss': 0.5822, 'grad_norm': 0.2238469421863556, 'learning_rate': 0.0001886899151743638, 'epoch': 0.06}
{'loss': 0.5872, 'grad_norm': 0.23745955526828766, 'learning_rate': 0.00018850141376060322, 'epoch': 0.06}
{'loss': 0.5473, 'grad_norm': 0.23752596974372864, 'learning_rate': 0.0001883129123468426, 'epoch': 0.06}
{'loss': 0.5435, 'grad_norm': 0.22058343887329102, 'learning_rate': 0.000188124410933082, 'epoch': 0.06}
{'loss': 0.5685, 'grad_norm': 0.24111351370811462, 'learning_rate': 0.0001879359095193214, 'epoch': 0.06}
{'loss': 0.576, 'grad_norm': 0.2338802069425583, 'learning_rate': 0.00018774740810556078, 'epoch': 0.07}
{'loss': 0.5498, 'grad_norm': 0.2330441176891327, 'learning_rate': 0.0001875589066918002, 'epoch': 0.07}
{'loss': 0.5466, 'grad_norm': 0.22876474261283875, 'learning_rate': 0.0001873704052780396, 'epoch': 0.07}
{'loss': 0.5556, 'grad_norm': 0.23297393321990967, 'learning_rate': 0.000187181903864279, 'epoch': 0.07}
{'loss': 0.5664, 'grad_norm': 0.23951290547847748, 'learning_rate': 0.0001869934024505184, 'epoch': 0.07}
{'loss': 0.5398, 'grad_norm': 0.22374455630779266, 'learning_rate': 0.0001868049010367578, 'epoch': 0.07}
{'loss': 0.5926, 'grad_norm': 0.23111216723918915, 'learning_rate': 0.00018661639962299717, 'epoch': 0.07}
{'loss': 0.571, 'grad_norm': 0.22938106954097748, 'learning_rate': 0.00018642789820923658, 'epoch': 0.07}
{'loss': 0.5442, 'grad_norm': 0.22528420388698578, 'learning_rate': 0.00018623939679547597, 'epoch': 0.07}
{'loss': 0.5317, 'grad_norm': 0.2255793660879135, 'learning_rate': 0.00018605089538171535, 'epoch': 0.07}
{'loss': 0.5527, 'grad_norm': 0.23341041803359985, 'learning_rate': 0.00018586239396795477, 'epoch': 0.08}
{'loss': 0.5509, 'grad_norm': 0.23150081932544708, 'learning_rate': 0.00018567389255419415, 'epoch': 0.08}
{'loss': 0.5689, 'grad_norm': 0.23637287318706512, 'learning_rate': 0.00018548539114043356, 'epoch': 0.08}
{'loss': 0.5163, 'grad_norm': 0.2188604772090912, 'learning_rate': 0.00018529688972667298, 'epoch': 0.08}
{'loss': 0.5323, 'grad_norm': 0.20904962718486786, 'learning_rate': 0.00018510838831291236, 'epoch': 0.08}
{'loss': 0.5697, 'grad_norm': 0.23120521008968353, 'learning_rate': 0.00018491988689915177, 'epoch': 0.08}
{'loss': 0.5127, 'grad_norm': 0.21032673120498657, 'learning_rate': 0.00018473138548539116, 'epoch': 0.08}
{'loss': 0.5256, 'grad_norm': 0.22256982326507568, 'learning_rate': 0.00018454288407163054, 'epoch': 0.08}
{'loss': 0.5198, 'grad_norm': 0.22487661242485046, 'learning_rate': 0.00018435438265786995, 'epoch': 0.08}
{'loss': 0.5141, 'grad_norm': 0.22839491069316864, 'learning_rate': 0.00018416588124410934, 'epoch': 0.08}
{'loss': 0.5546, 'grad_norm': 0.23223546147346497, 'learning_rate': 0.00018397737983034872, 'epoch': 0.08}
{'loss': 0.5334, 'grad_norm': 0.22266727685928345, 'learning_rate': 0.00018378887841658814, 'epoch': 0.09}
{'loss': 0.555, 'grad_norm': 0.23584505915641785, 'learning_rate': 0.00018360037700282752, 'epoch': 0.09}
{'loss': 0.5456, 'grad_norm': 0.23496577143669128, 'learning_rate': 0.0001834118755890669, 'epoch': 0.09}
{'loss': 0.5394, 'grad_norm': 0.2271011471748352, 'learning_rate': 0.00018322337417530632, 'epoch': 0.09}
{'loss': 0.5452, 'grad_norm': 0.23306067287921906, 'learning_rate': 0.00018303487276154573, 'epoch': 0.09}
{'loss': 0.4936, 'grad_norm': 0.23435671627521515, 'learning_rate': 0.00018284637134778514, 'epoch': 0.09}
{'loss': 0.5299, 'grad_norm': 0.2343352735042572, 'learning_rate': 0.00018265786993402453, 'epoch': 0.09}
{'loss': 0.5128, 'grad_norm': 0.22501161694526672, 'learning_rate': 0.0001824693685202639, 'epoch': 0.09}
{'loss': 0.5417, 'grad_norm': 0.23144447803497314, 'learning_rate': 0.00018228086710650332, 'epoch': 0.09}
{'loss': 0.5716, 'grad_norm': 0.25423771142959595, 'learning_rate': 0.0001820923656927427, 'epoch': 0.09}
{'loss': 0.5311, 'grad_norm': 0.23532040417194366, 'learning_rate': 0.0001819038642789821, 'epoch': 0.09}
{'loss': 0.5424, 'grad_norm': 0.2271365523338318, 'learning_rate': 0.0001817153628652215, 'epoch': 0.1}
{'loss': 0.5376, 'grad_norm': 0.2248276174068451, 'learning_rate': 0.0001815268614514609, 'epoch': 0.1}
{'loss': 0.5242, 'grad_norm': 0.2130308896303177, 'learning_rate': 0.00018133836003770027, 'epoch': 0.1}
{'loss': 0.5205, 'grad_norm': 0.21871119737625122, 'learning_rate': 0.00018114985862393969, 'epoch': 0.1}
{'loss': 0.5367, 'grad_norm': 0.2268979251384735, 'learning_rate': 0.00018096135721017907, 'epoch': 0.1}
{'loss': 0.5496, 'grad_norm': 0.23508933186531067, 'learning_rate': 0.00018077285579641848, 'epoch': 0.1}
{'loss': 0.5828, 'grad_norm': 0.244178906083107, 'learning_rate': 0.0001805843543826579, 'epoch': 0.1}
{'loss': 0.5139, 'grad_norm': 0.2293277382850647, 'learning_rate': 0.00018039585296889728, 'epoch': 0.1}
{'loss': 0.5601, 'grad_norm': 0.24274256825447083, 'learning_rate': 0.0001802073515551367, 'epoch': 0.1}
{'loss': 0.5272, 'grad_norm': 0.23251299560070038, 'learning_rate': 0.00018001885014137608, 'epoch': 0.1}
{'loss': 0.535, 'grad_norm': 0.21995308995246887, 'learning_rate': 0.00017983034872761546, 'epoch': 0.11}
{'loss': 0.526, 'grad_norm': 0.22436560690402985, 'learning_rate': 0.00017964184731385487, 'epoch': 0.11}
{'loss': 0.5692, 'grad_norm': 0.2291475087404251, 'learning_rate': 0.00017945334590009426, 'epoch': 0.11}
{'loss': 0.5133, 'grad_norm': 0.22349508106708527, 'learning_rate': 0.00017926484448633364, 'epoch': 0.11}
{'loss': 0.5529, 'grad_norm': 0.21995851397514343, 'learning_rate': 0.00017907634307257305, 'epoch': 0.11}
{'loss': 0.523, 'grad_norm': 0.21589131653308868, 'learning_rate': 0.00017888784165881244, 'epoch': 0.11}
{'loss': 0.5408, 'grad_norm': 0.2206733077764511, 'learning_rate': 0.00017869934024505185, 'epoch': 0.11}
{'loss': 0.5105, 'grad_norm': 0.22345978021621704, 'learning_rate': 0.00017851083883129126, 'epoch': 0.11}
{'loss': 0.5193, 'grad_norm': 0.22278675436973572, 'learning_rate': 0.00017832233741753065, 'epoch': 0.11}
{'loss': 0.5367, 'grad_norm': 0.2401031106710434, 'learning_rate': 0.00017813383600377003, 'epoch': 0.11}
{'loss': 0.5208, 'grad_norm': 0.21921439468860626, 'learning_rate': 0.00017794533459000944, 'epoch': 0.11}
{'loss': 0.5168, 'grad_norm': 0.20895785093307495, 'learning_rate': 0.00017775683317624883, 'epoch': 0.12}
{'loss': 0.5263, 'grad_norm': 0.23366627097129822, 'learning_rate': 0.00017756833176248824, 'epoch': 0.12}
{'loss': 0.515, 'grad_norm': 0.22571149468421936, 'learning_rate': 0.00017737983034872763, 'epoch': 0.12}
{'loss': 0.531, 'grad_norm': 0.21236670017242432, 'learning_rate': 0.000177191328934967, 'epoch': 0.12}
{'loss': 0.5259, 'grad_norm': 0.22937920689582825, 'learning_rate': 0.00017700282752120642, 'epoch': 0.12}
{'loss': 0.525, 'grad_norm': 0.22422824800014496, 'learning_rate': 0.0001768143261074458, 'epoch': 0.12}
{'loss': 0.5172, 'grad_norm': 0.21494998037815094, 'learning_rate': 0.0001766258246936852, 'epoch': 0.12}
{'loss': 0.5334, 'grad_norm': 0.21572129428386688, 'learning_rate': 0.0001764373232799246, 'epoch': 0.12}
{'loss': 0.5539, 'grad_norm': 0.2156234234571457, 'learning_rate': 0.00017624882186616402, 'epoch': 0.12}
{'loss': 0.545, 'grad_norm': 0.21719136834144592, 'learning_rate': 0.0001760603204524034, 'epoch': 0.12}
{'loss': 0.5304, 'grad_norm': 0.23288105428218842, 'learning_rate': 0.0001758718190386428, 'epoch': 0.12}
{'loss': 0.5153, 'grad_norm': 0.22834470868110657, 'learning_rate': 0.0001756833176248822, 'epoch': 0.13}
{'loss': 0.548, 'grad_norm': 0.2165631800889969, 'learning_rate': 0.00017549481621112158, 'epoch': 0.13}
{'loss': 0.5072, 'grad_norm': 0.21567516028881073, 'learning_rate': 0.000175306314797361, 'epoch': 0.13}
{'loss': 0.5048, 'grad_norm': 0.2109888792037964, 'learning_rate': 0.00017511781338360038, 'epoch': 0.13}
{'loss': 0.5305, 'grad_norm': 0.22643660008907318, 'learning_rate': 0.0001749293119698398, 'epoch': 0.13}
{'loss': 0.5196, 'grad_norm': 0.21267223358154297, 'learning_rate': 0.00017474081055607918, 'epoch': 0.13}
{'loss': 0.5225, 'grad_norm': 0.21649201214313507, 'learning_rate': 0.00017455230914231856, 'epoch': 0.13}
{'loss': 0.5052, 'grad_norm': 0.21134018898010254, 'learning_rate': 0.00017436380772855797, 'epoch': 0.13}
{'loss': 0.5318, 'grad_norm': 0.20788933336734772, 'learning_rate': 0.00017417530631479736, 'epoch': 0.13}
{'loss': 0.5092, 'grad_norm': 0.20819948613643646, 'learning_rate': 0.00017398680490103677, 'epoch': 0.13}
{'loss': 0.5282, 'grad_norm': 0.2148958295583725, 'learning_rate': 0.00017379830348727618, 'epoch': 0.14}
{'loss': 0.5241, 'grad_norm': 0.21551580727100372, 'learning_rate': 0.00017360980207351557, 'epoch': 0.14}
{'loss': 0.4936, 'grad_norm': 0.20854030549526215, 'learning_rate': 0.00017342130065975495, 'epoch': 0.14}
{'loss': 0.5076, 'grad_norm': 0.2105306088924408, 'learning_rate': 0.00017323279924599436, 'epoch': 0.14}
{'loss': 0.5544, 'grad_norm': 0.21933287382125854, 'learning_rate': 0.00017304429783223375, 'epoch': 0.14}
{'loss': 0.5466, 'grad_norm': 0.22828108072280884, 'learning_rate': 0.00017285579641847313, 'epoch': 0.14}
{'loss': 0.4937, 'grad_norm': 0.22163242101669312, 'learning_rate': 0.00017266729500471254, 'epoch': 0.14}
{'loss': 0.5188, 'grad_norm': 0.2224450558423996, 'learning_rate': 0.00017247879359095193, 'epoch': 0.14}
{'loss': 0.5061, 'grad_norm': 0.21952912211418152, 'learning_rate': 0.00017229029217719134, 'epoch': 0.14}
{'loss': 0.55, 'grad_norm': 0.224975124001503, 'learning_rate': 0.00017210179076343073, 'epoch': 0.14}
{'loss': 0.5527, 'grad_norm': 0.23198062181472778, 'learning_rate': 0.00017191328934967014, 'epoch': 0.14}
{'loss': 0.5742, 'grad_norm': 0.22511379420757294, 'learning_rate': 0.00017172478793590955, 'epoch': 0.15}
{'loss': 0.5335, 'grad_norm': 0.22968275845050812, 'learning_rate': 0.00017153628652214894, 'epoch': 0.15}
{'loss': 0.5549, 'grad_norm': 0.20634593069553375, 'learning_rate': 0.00017134778510838832, 'epoch': 0.15}
{'loss': 0.5342, 'grad_norm': 0.20910809934139252, 'learning_rate': 0.00017115928369462773, 'epoch': 0.15}
{'loss': 0.5303, 'grad_norm': 0.2258283793926239, 'learning_rate': 0.00017097078228086712, 'epoch': 0.15}
{'loss': 0.5021, 'grad_norm': 0.20169998705387115, 'learning_rate': 0.0001707822808671065, 'epoch': 0.15}
{'loss': 0.5131, 'grad_norm': 0.21591293811798096, 'learning_rate': 0.0001705937794533459, 'epoch': 0.15}
{'loss': 0.5278, 'grad_norm': 0.22844912111759186, 'learning_rate': 0.0001704052780395853, 'epoch': 0.15}
{'loss': 0.5029, 'grad_norm': 0.225816011428833, 'learning_rate': 0.00017021677662582468, 'epoch': 0.15}
{'loss': 0.4991, 'grad_norm': 0.21632178127765656, 'learning_rate': 0.0001700282752120641, 'epoch': 0.15}
{'loss': 0.5133, 'grad_norm': 0.21904952824115753, 'learning_rate': 0.00016983977379830348, 'epoch': 0.15}
{'loss': 0.4865, 'grad_norm': 0.2085796594619751, 'learning_rate': 0.0001696512723845429, 'epoch': 0.16}
{'loss': 0.5192, 'grad_norm': 0.21926571428775787, 'learning_rate': 0.0001694627709707823, 'epoch': 0.16}
{'loss': 0.5176, 'grad_norm': 0.22262699902057648, 'learning_rate': 0.0001692742695570217, 'epoch': 0.16}
{'loss': 0.4907, 'grad_norm': 0.21951718628406525, 'learning_rate': 0.0001690857681432611, 'epoch': 0.16}
{'loss': 0.5392, 'grad_norm': 0.22149118781089783, 'learning_rate': 0.00016889726672950049, 'epoch': 0.16}
{'loss': 0.5527, 'grad_norm': 0.2178097814321518, 'learning_rate': 0.00016870876531573987, 'epoch': 0.16}
{'loss': 0.5355, 'grad_norm': 0.2161748707294464, 'learning_rate': 0.00016852026390197928, 'epoch': 0.16}
{'loss': 0.5154, 'grad_norm': 0.2184656262397766, 'learning_rate': 0.00016833176248821867, 'epoch': 0.16}
{'loss': 0.5101, 'grad_norm': 0.2155681997537613, 'learning_rate': 0.00016814326107445805, 'epoch': 0.16}
{'loss': 0.52, 'grad_norm': 0.22832173109054565, 'learning_rate': 0.00016795475966069746, 'epoch': 0.16}
{'loss': 0.4992, 'grad_norm': 0.2154763638973236, 'learning_rate': 0.00016776625824693685, 'epoch': 0.17}
{'loss': 0.5397, 'grad_norm': 0.22053954005241394, 'learning_rate': 0.00016757775683317626, 'epoch': 0.17}
{'loss': 0.4902, 'grad_norm': 0.21991658210754395, 'learning_rate': 0.00016738925541941565, 'epoch': 0.17}
{'loss': 0.5042, 'grad_norm': 0.22215931117534637, 'learning_rate': 0.00016720075400565506, 'epoch': 0.17}
{'loss': 0.5191, 'grad_norm': 0.21620048582553864, 'learning_rate': 0.00016701225259189447, 'epoch': 0.17}
{'loss': 0.4853, 'grad_norm': 0.21216243505477905, 'learning_rate': 0.00016682375117813385, 'epoch': 0.17}
{'loss': 0.4992, 'grad_norm': 0.21247075498104095, 'learning_rate': 0.00016663524976437324, 'epoch': 0.17}
{'loss': 0.5165, 'grad_norm': 0.22032670676708221, 'learning_rate': 0.00016644674835061265, 'epoch': 0.17}
{'loss': 0.5034, 'grad_norm': 0.21069781482219696, 'learning_rate': 0.00016625824693685204, 'epoch': 0.17}
{'loss': 0.5348, 'grad_norm': 0.21202582120895386, 'learning_rate': 0.00016606974552309142, 'epoch': 0.17}
{'loss': 0.4881, 'grad_norm': 0.21424998342990875, 'learning_rate': 0.00016588124410933083, 'epoch': 0.17}
{'loss': 0.498, 'grad_norm': 0.21933993697166443, 'learning_rate': 0.00016569274269557022, 'epoch': 0.18}
{'loss': 0.4744, 'grad_norm': 0.22302383184432983, 'learning_rate': 0.0001655042412818096, 'epoch': 0.18}
{'loss': 0.539, 'grad_norm': 0.23790214955806732, 'learning_rate': 0.00016531573986804901, 'epoch': 0.18}
{'loss': 0.5168, 'grad_norm': 0.21991980075836182, 'learning_rate': 0.00016512723845428843, 'epoch': 0.18}
{'loss': 0.534, 'grad_norm': 0.22529654204845428, 'learning_rate': 0.0001649387370405278, 'epoch': 0.18}
{'loss': 0.4997, 'grad_norm': 0.21484656631946564, 'learning_rate': 0.00016475023562676722, 'epoch': 0.18}
{'loss': 0.5046, 'grad_norm': 0.21052047610282898, 'learning_rate': 0.0001645617342130066, 'epoch': 0.18}
{'loss': 0.5007, 'grad_norm': 0.22552773356437683, 'learning_rate': 0.00016437323279924602, 'epoch': 0.18}
{'loss': 0.5118, 'grad_norm': 0.21375855803489685, 'learning_rate': 0.0001641847313854854, 'epoch': 0.18}
{'loss': 0.5296, 'grad_norm': 0.23137111961841583, 'learning_rate': 0.0001639962299717248, 'epoch': 0.18}
{'loss': 0.5007, 'grad_norm': 0.20751897990703583, 'learning_rate': 0.0001638077285579642, 'epoch': 0.18}
{'loss': 0.5376, 'grad_norm': 0.22494955360889435, 'learning_rate': 0.00016361922714420359, 'epoch': 0.19}
{'loss': 0.5542, 'grad_norm': 0.22199857234954834, 'learning_rate': 0.00016343072573044297, 'epoch': 0.19}
{'loss': 0.5215, 'grad_norm': 0.2062193900346756, 'learning_rate': 0.00016324222431668238, 'epoch': 0.19}
{'loss': 0.5051, 'grad_norm': 0.21530604362487793, 'learning_rate': 0.00016305372290292177, 'epoch': 0.19}
{'loss': 0.4976, 'grad_norm': 0.22258426249027252, 'learning_rate': 0.00016286522148916118, 'epoch': 0.19}
{'loss': 0.508, 'grad_norm': 0.2086639106273651, 'learning_rate': 0.0001626767200754006, 'epoch': 0.19}
{'loss': 0.4814, 'grad_norm': 0.20430733263492584, 'learning_rate': 0.00016248821866163998, 'epoch': 0.19}
{'loss': 0.5309, 'grad_norm': 0.22181369364261627, 'learning_rate': 0.00016229971724787936, 'epoch': 0.19}
{'loss': 0.4844, 'grad_norm': 0.2081434279680252, 'learning_rate': 0.00016211121583411877, 'epoch': 0.19}
{'loss': 0.5197, 'grad_norm': 0.22852592170238495, 'learning_rate': 0.00016192271442035816, 'epoch': 0.19}
{'loss': 0.5085, 'grad_norm': 0.221818208694458, 'learning_rate': 0.00016173421300659757, 'epoch': 0.2}
{'loss': 0.5167, 'grad_norm': 0.23233291506767273, 'learning_rate': 0.00016154571159283695, 'epoch': 0.2}
{'loss': 0.5571, 'grad_norm': 0.2220066338777542, 'learning_rate': 0.00016135721017907634, 'epoch': 0.2}
{'loss': 0.4991, 'grad_norm': 0.22554263472557068, 'learning_rate': 0.00016116870876531575, 'epoch': 0.2}
{'loss': 0.4883, 'grad_norm': 0.2011546790599823, 'learning_rate': 0.00016098020735155514, 'epoch': 0.2}
{'loss': 0.5074, 'grad_norm': 0.20073509216308594, 'learning_rate': 0.00016079170593779455, 'epoch': 0.2}
{'loss': 0.498, 'grad_norm': 0.2076340913772583, 'learning_rate': 0.00016060320452403393, 'epoch': 0.2}
{'loss': 0.5421, 'grad_norm': 0.2220240831375122, 'learning_rate': 0.00016041470311027334, 'epoch': 0.2}
{'loss': 0.5099, 'grad_norm': 0.21343153715133667, 'learning_rate': 0.00016022620169651273, 'epoch': 0.2}
{'loss': 0.5245, 'grad_norm': 0.21995598077774048, 'learning_rate': 0.00016003770028275214, 'epoch': 0.2}
{'loss': 0.5023, 'grad_norm': 0.20949901640415192, 'learning_rate': 0.00015984919886899153, 'epoch': 0.2}
{'loss': 0.4957, 'grad_norm': 0.20351871848106384, 'learning_rate': 0.0001596606974552309, 'epoch': 0.21}
{'loss': 0.5029, 'grad_norm': 0.21459242701530457, 'learning_rate': 0.00015947219604147032, 'epoch': 0.21}
{'loss': 0.5339, 'grad_norm': 0.21164654195308685, 'learning_rate': 0.0001592836946277097, 'epoch': 0.21}
{'loss': 0.5195, 'grad_norm': 0.2097690999507904, 'learning_rate': 0.00015909519321394912, 'epoch': 0.21}
{'loss': 0.541, 'grad_norm': 0.2246807962656021, 'learning_rate': 0.0001589066918001885, 'epoch': 0.21}
{'loss': 0.4917, 'grad_norm': 0.19902506470680237, 'learning_rate': 0.0001587181903864279, 'epoch': 0.21}
{'loss': 0.5025, 'grad_norm': 0.20862127840518951, 'learning_rate': 0.0001585296889726673, 'epoch': 0.21}
{'loss': 0.4792, 'grad_norm': 0.21377357840538025, 'learning_rate': 0.0001583411875589067, 'epoch': 0.21}
{'loss': 0.5246, 'grad_norm': 0.22226859629154205, 'learning_rate': 0.0001581526861451461, 'epoch': 0.21}
{'loss': 0.4725, 'grad_norm': 0.20685218274593353, 'learning_rate': 0.0001579641847313855, 'epoch': 0.21}
{'loss': 0.524, 'grad_norm': 0.22075146436691284, 'learning_rate': 0.0001577756833176249, 'epoch': 0.21}
{'loss': 0.5137, 'grad_norm': 0.2177964746952057, 'learning_rate': 0.00015758718190386428, 'epoch': 0.22}
{'loss': 0.4792, 'grad_norm': 0.19835512340068817, 'learning_rate': 0.0001573986804901037, 'epoch': 0.22}
{'loss': 0.5009, 'grad_norm': 0.20827727019786835, 'learning_rate': 0.00015721017907634308, 'epoch': 0.22}
{'loss': 0.5092, 'grad_norm': 0.21353699266910553, 'learning_rate': 0.00015702167766258246, 'epoch': 0.22}
{'loss': 0.5377, 'grad_norm': 0.21654212474822998, 'learning_rate': 0.00015683317624882187, 'epoch': 0.22}
{'loss': 0.4844, 'grad_norm': 0.20589163899421692, 'learning_rate': 0.00015664467483506126, 'epoch': 0.22}
{'loss': 0.5168, 'grad_norm': 0.20888350903987885, 'learning_rate': 0.00015645617342130067, 'epoch': 0.22}
{'loss': 0.508, 'grad_norm': 0.208319291472435, 'learning_rate': 0.00015626767200754005, 'epoch': 0.22}
{'loss': 0.5405, 'grad_norm': 0.21181720495224, 'learning_rate': 0.00015607917059377947, 'epoch': 0.22}
{'loss': 0.4975, 'grad_norm': 0.20885956287384033, 'learning_rate': 0.00015589066918001888, 'epoch': 0.22}
{'loss': 0.5043, 'grad_norm': 0.2299453616142273, 'learning_rate': 0.00015570216776625826, 'epoch': 0.23}
{'loss': 0.4955, 'grad_norm': 0.2166212946176529, 'learning_rate': 0.00015551366635249765, 'epoch': 0.23}
{'loss': 0.4873, 'grad_norm': 0.2090103030204773, 'learning_rate': 0.00015532516493873706, 'epoch': 0.23}
{'loss': 0.5225, 'grad_norm': 0.22174674272537231, 'learning_rate': 0.00015513666352497645, 'epoch': 0.23}
{'loss': 0.5195, 'grad_norm': 0.1977255791425705, 'learning_rate': 0.00015494816211121583, 'epoch': 0.23}
{'loss': 0.5057, 'grad_norm': 0.22046644985675812, 'learning_rate': 0.00015475966069745524, 'epoch': 0.23}
{'loss': 0.5213, 'grad_norm': 0.22430647909641266, 'learning_rate': 0.00015457115928369463, 'epoch': 0.23}
{'loss': 0.5087, 'grad_norm': 0.2098579704761505, 'learning_rate': 0.000154382657869934, 'epoch': 0.23}
{'loss': 0.4978, 'grad_norm': 0.21354436874389648, 'learning_rate': 0.00015419415645617342, 'epoch': 0.23}
{'loss': 0.5303, 'grad_norm': 0.20823422074317932, 'learning_rate': 0.0001540056550424128, 'epoch': 0.23}
{'loss': 0.5143, 'grad_norm': 0.20946362614631653, 'learning_rate': 0.00015381715362865222, 'epoch': 0.23}
{'loss': 0.4795, 'grad_norm': 0.20678919553756714, 'learning_rate': 0.00015362865221489163, 'epoch': 0.24}
{'loss': 0.5185, 'grad_norm': 0.21132008731365204, 'learning_rate': 0.00015344015080113102, 'epoch': 0.24}
{'loss': 0.4747, 'grad_norm': 0.20509584248065948, 'learning_rate': 0.00015325164938737043, 'epoch': 0.24}
{'loss': 0.5053, 'grad_norm': 0.20695114135742188, 'learning_rate': 0.00015306314797360981, 'epoch': 0.24}
{'loss': 0.5326, 'grad_norm': 0.22225435078144073, 'learning_rate': 0.0001528746465598492, 'epoch': 0.24}
{'loss': 0.4718, 'grad_norm': 0.20813941955566406, 'learning_rate': 0.0001526861451460886, 'epoch': 0.24}
{'loss': 0.4798, 'grad_norm': 0.227863147854805, 'learning_rate': 0.000152497643732328, 'epoch': 0.24}
{'loss': 0.5075, 'grad_norm': 0.22217971086502075, 'learning_rate': 0.00015230914231856738, 'epoch': 0.24}
{'loss': 0.5222, 'grad_norm': 0.22412161529064178, 'learning_rate': 0.0001521206409048068, 'epoch': 0.24}
{'loss': 0.5259, 'grad_norm': 0.22156290709972382, 'learning_rate': 0.00015193213949104618, 'epoch': 0.24}
{'loss': 0.5418, 'grad_norm': 0.22001901268959045, 'learning_rate': 0.0001517436380772856, 'epoch': 0.24}
{'loss': 0.5137, 'grad_norm': 0.21412847936153412, 'learning_rate': 0.000151555136663525, 'epoch': 0.25}
{'loss': 0.4994, 'grad_norm': 0.21467454731464386, 'learning_rate': 0.00015136663524976439, 'epoch': 0.25}
{'loss': 0.5399, 'grad_norm': 0.2282121181488037, 'learning_rate': 0.0001511781338360038, 'epoch': 0.25}
{'loss': 0.4943, 'grad_norm': 0.22292350232601166, 'learning_rate': 0.00015098963242224318, 'epoch': 0.25}
{'loss': 0.5129, 'grad_norm': 0.2136019468307495, 'learning_rate': 0.00015080113100848257, 'epoch': 0.25}
{'loss': 0.4972, 'grad_norm': 0.22462810575962067, 'learning_rate': 0.00015061262959472198, 'epoch': 0.25}
{'loss': 0.5206, 'grad_norm': 0.2228153496980667, 'learning_rate': 0.00015042412818096136, 'epoch': 0.25}
{'loss': 0.5126, 'grad_norm': 0.22570665180683136, 'learning_rate': 0.00015023562676720075, 'epoch': 0.25}
{'loss': 0.5141, 'grad_norm': 0.2147284597158432, 'learning_rate': 0.00015004712535344016, 'epoch': 0.25}
{'loss': 0.548, 'grad_norm': 0.22813734412193298, 'learning_rate': 0.00014985862393967955, 'epoch': 0.25}
{'loss': 0.4784, 'grad_norm': 0.2104683220386505, 'learning_rate': 0.00014967012252591893, 'epoch': 0.26}
{'loss': 0.512, 'grad_norm': 0.19953611493110657, 'learning_rate': 0.00014948162111215834, 'epoch': 0.26}
{'loss': 0.5056, 'grad_norm': 0.20811639726161957, 'learning_rate': 0.00014929311969839775, 'epoch': 0.26}
{'loss': 0.5287, 'grad_norm': 0.20819079875946045, 'learning_rate': 0.00014910461828463714, 'epoch': 0.26}
{'loss': 0.5333, 'grad_norm': 0.2103225588798523, 'learning_rate': 0.00014891611687087655, 'epoch': 0.26}
{'loss': 0.5512, 'grad_norm': 0.21423934400081635, 'learning_rate': 0.00014872761545711594, 'epoch': 0.26}
{'loss': 0.5055, 'grad_norm': 0.2100345492362976, 'learning_rate': 0.00014853911404335535, 'epoch': 0.26}
{'loss': 0.4915, 'grad_norm': 0.21147333085536957, 'learning_rate': 0.00014835061262959473, 'epoch': 0.26}
{'loss': 0.5114, 'grad_norm': 0.21583081781864166, 'learning_rate': 0.00014816211121583412, 'epoch': 0.26}
{'loss': 0.5312, 'grad_norm': 0.2042180895805359, 'learning_rate': 0.00014797360980207353, 'epoch': 0.26}
{'loss': 0.5192, 'grad_norm': 0.20946097373962402, 'learning_rate': 0.00014778510838831291, 'epoch': 0.26}
{'loss': 0.4956, 'grad_norm': 0.20014414191246033, 'learning_rate': 0.0001475966069745523, 'epoch': 0.27}
{'loss': 0.5318, 'grad_norm': 0.21015188097953796, 'learning_rate': 0.0001474081055607917, 'epoch': 0.27}
{'loss': 0.4799, 'grad_norm': 0.20261353254318237, 'learning_rate': 0.0001472196041470311, 'epoch': 0.27}
{'loss': 0.5152, 'grad_norm': 0.2187594175338745, 'learning_rate': 0.0001470311027332705, 'epoch': 0.27}
{'loss': 0.5182, 'grad_norm': 0.21477143466472626, 'learning_rate': 0.00014684260131950992, 'epoch': 0.27}
{'loss': 0.5117, 'grad_norm': 0.2202145755290985, 'learning_rate': 0.0001466540999057493, 'epoch': 0.27}
{'loss': 0.4977, 'grad_norm': 0.20623482763767242, 'learning_rate': 0.0001464655984919887, 'epoch': 0.27}
{'loss': 0.4906, 'grad_norm': 0.1928713023662567, 'learning_rate': 0.0001462770970782281, 'epoch': 0.27}
{'loss': 0.5175, 'grad_norm': 0.2264045923948288, 'learning_rate': 0.00014608859566446749, 'epoch': 0.27}
{'loss': 0.5081, 'grad_norm': 0.20850829780101776, 'learning_rate': 0.0001459000942507069, 'epoch': 0.27}
{'loss': 0.526, 'grad_norm': 0.22013701498508453, 'learning_rate': 0.00014571159283694628, 'epoch': 0.27}
{'loss': 0.4928, 'grad_norm': 0.21441981196403503, 'learning_rate': 0.00014552309142318567, 'epoch': 0.28}
{'loss': 0.5032, 'grad_norm': 0.21366234123706818, 'learning_rate': 0.00014533459000942508, 'epoch': 0.28}
{'loss': 0.4919, 'grad_norm': 0.21121364831924438, 'learning_rate': 0.00014514608859566446, 'epoch': 0.28}
{'loss': 0.5114, 'grad_norm': 0.22639113664627075, 'learning_rate': 0.00014495758718190388, 'epoch': 0.28}
{'loss': 0.4981, 'grad_norm': 0.21838760375976562, 'learning_rate': 0.0001447690857681433, 'epoch': 0.28}
{'loss': 0.5258, 'grad_norm': 0.2120920568704605, 'learning_rate': 0.00014458058435438267, 'epoch': 0.28}
{'loss': 0.4989, 'grad_norm': 0.20884999632835388, 'learning_rate': 0.00014439208294062206, 'epoch': 0.28}
{'loss': 0.4814, 'grad_norm': 0.20129521191120148, 'learning_rate': 0.00014420358152686147, 'epoch': 0.28}
{'loss': 0.4908, 'grad_norm': 0.21036697924137115, 'learning_rate': 0.00014401508011310086, 'epoch': 0.28}
{'loss': 0.5114, 'grad_norm': 0.2035994976758957, 'learning_rate': 0.00014382657869934024, 'epoch': 0.28}
{'loss': 0.5239, 'grad_norm': 0.2236134260892868, 'learning_rate': 0.00014363807728557965, 'epoch': 0.29}
{'loss': 0.5236, 'grad_norm': 0.2102140486240387, 'learning_rate': 0.00014344957587181904, 'epoch': 0.29}
{'loss': 0.5008, 'grad_norm': 0.20924003422260284, 'learning_rate': 0.00014326107445805845, 'epoch': 0.29}
{'loss': 0.5104, 'grad_norm': 0.21077187359333038, 'learning_rate': 0.00014307257304429783, 'epoch': 0.29}
{'loss': 0.4748, 'grad_norm': 0.20368371903896332, 'learning_rate': 0.00014288407163053722, 'epoch': 0.29}
{'loss': 0.5165, 'grad_norm': 0.2191259115934372, 'learning_rate': 0.00014269557021677663, 'epoch': 0.29}
{'loss': 0.4799, 'grad_norm': 0.20881518721580505, 'learning_rate': 0.00014250706880301604, 'epoch': 0.29}
{'loss': 0.4725, 'grad_norm': 0.19903452694416046, 'learning_rate': 0.00014231856738925543, 'epoch': 0.29}
{'loss': 0.5015, 'grad_norm': 0.22403039038181305, 'learning_rate': 0.00014213006597549484, 'epoch': 0.29}
{'loss': 0.5329, 'grad_norm': 0.21979670226573944, 'learning_rate': 0.00014194156456173422, 'epoch': 0.29}
{'loss': 0.4974, 'grad_norm': 0.21815501153469086, 'learning_rate': 0.0001417530631479736, 'epoch': 0.29}
{'loss': 0.5107, 'grad_norm': 0.2089647650718689, 'learning_rate': 0.00014156456173421302, 'epoch': 0.3}
{'loss': 0.4927, 'grad_norm': 0.2129984200000763, 'learning_rate': 0.0001413760603204524, 'epoch': 0.3}
{'loss': 0.4797, 'grad_norm': 0.21086281538009644, 'learning_rate': 0.0001411875589066918, 'epoch': 0.3}
{'loss': 0.4887, 'grad_norm': 0.2036651074886322, 'learning_rate': 0.0001409990574929312, 'epoch': 0.3}
{'loss': 0.4815, 'grad_norm': 0.19594953954219818, 'learning_rate': 0.0001408105560791706, 'epoch': 0.3}
{'loss': 0.5029, 'grad_norm': 0.20936957001686096, 'learning_rate': 0.00014062205466541, 'epoch': 0.3}
{'loss': 0.4764, 'grad_norm': 0.19942089915275574, 'learning_rate': 0.00014043355325164938, 'epoch': 0.3}
{'loss': 0.529, 'grad_norm': 0.21092866361141205, 'learning_rate': 0.0001402450518378888, 'epoch': 0.3}
{'loss': 0.5014, 'grad_norm': 0.2225729078054428, 'learning_rate': 0.0001400565504241282, 'epoch': 0.3}
{'loss': 0.5124, 'grad_norm': 0.21877048909664154, 'learning_rate': 0.0001398680490103676, 'epoch': 0.3}
{'loss': 0.5166, 'grad_norm': 0.20874552428722382, 'learning_rate': 0.00013967954759660698, 'epoch': 0.3}
{'loss': 0.4727, 'grad_norm': 0.20177412033081055, 'learning_rate': 0.0001394910461828464, 'epoch': 0.31}
{'loss': 0.5055, 'grad_norm': 0.20616686344146729, 'learning_rate': 0.00013930254476908577, 'epoch': 0.31}
{'loss': 0.4815, 'grad_norm': 0.21451352536678314, 'learning_rate': 0.00013911404335532516, 'epoch': 0.31}
{'loss': 0.5124, 'grad_norm': 0.21051310002803802, 'learning_rate': 0.00013892554194156457, 'epoch': 0.31}
{'loss': 0.531, 'grad_norm': 0.2256668508052826, 'learning_rate': 0.00013873704052780396, 'epoch': 0.31}
{'loss': 0.4897, 'grad_norm': 0.2211035192012787, 'learning_rate': 0.00013854853911404334, 'epoch': 0.31}
{'loss': 0.5232, 'grad_norm': 0.20782332122325897, 'learning_rate': 0.00013836003770028275, 'epoch': 0.31}
{'loss': 0.5041, 'grad_norm': 0.20828954875469208, 'learning_rate': 0.00013817153628652216, 'epoch': 0.31}
{'loss': 0.5247, 'grad_norm': 0.22133980691432953, 'learning_rate': 0.00013798303487276158, 'epoch': 0.31}
{'loss': 0.4864, 'grad_norm': 0.202198788523674, 'learning_rate': 0.00013779453345900096, 'epoch': 0.31}
{'loss': 0.5173, 'grad_norm': 0.2044592797756195, 'learning_rate': 0.00013760603204524035, 'epoch': 0.32}
{'loss': 0.4981, 'grad_norm': 0.21403411030769348, 'learning_rate': 0.00013741753063147976, 'epoch': 0.32}
{'loss': 0.4974, 'grad_norm': 0.20297005772590637, 'learning_rate': 0.00013722902921771914, 'epoch': 0.32}
{'loss': 0.5027, 'grad_norm': 0.2123851776123047, 'learning_rate': 0.00013704052780395853, 'epoch': 0.32}
{'loss': 0.4874, 'grad_norm': 0.20693834125995636, 'learning_rate': 0.00013685202639019794, 'epoch': 0.32}
{'loss': 0.4616, 'grad_norm': 0.19864431023597717, 'learning_rate': 0.00013666352497643732, 'epoch': 0.32}
{'loss': 0.4736, 'grad_norm': 0.20200635492801666, 'learning_rate': 0.0001364750235626767, 'epoch': 0.32}
{'loss': 0.475, 'grad_norm': 0.20743492245674133, 'learning_rate': 0.00013628652214891612, 'epoch': 0.32}
{'loss': 0.5031, 'grad_norm': 0.20581521093845367, 'learning_rate': 0.0001360980207351555, 'epoch': 0.32}
{'loss': 0.4978, 'grad_norm': 0.21260187029838562, 'learning_rate': 0.00013590951932139492, 'epoch': 0.32}
{'loss': 0.4878, 'grad_norm': 0.19617347419261932, 'learning_rate': 0.00013572101790763433, 'epoch': 0.32}
{'loss': 0.5083, 'grad_norm': 0.20813794434070587, 'learning_rate': 0.00013553251649387371, 'epoch': 0.33}
{'loss': 0.5178, 'grad_norm': 0.19976797699928284, 'learning_rate': 0.00013534401508011313, 'epoch': 0.33}
{'loss': 0.5021, 'grad_norm': 0.20991115272045135, 'learning_rate': 0.0001351555136663525, 'epoch': 0.33}
{'loss': 0.5312, 'grad_norm': 0.20918232202529907, 'learning_rate': 0.0001349670122525919, 'epoch': 0.33}
{'loss': 0.4806, 'grad_norm': 0.1948898583650589, 'learning_rate': 0.0001347785108388313, 'epoch': 0.33}
{'loss': 0.4886, 'grad_norm': 0.19424955546855927, 'learning_rate': 0.0001345900094250707, 'epoch': 0.33}
{'loss': 0.4997, 'grad_norm': 0.21635277569293976, 'learning_rate': 0.00013440150801131008, 'epoch': 0.33}
{'loss': 0.4942, 'grad_norm': 0.20555031299591064, 'learning_rate': 0.0001342130065975495, 'epoch': 0.33}
{'loss': 0.5091, 'grad_norm': 0.2113034427165985, 'learning_rate': 0.00013402450518378887, 'epoch': 0.33}
{'loss': 0.4905, 'grad_norm': 0.21765492856502533, 'learning_rate': 0.00013383600377002829, 'epoch': 0.33}
{'loss': 0.5207, 'grad_norm': 0.20712801814079285, 'learning_rate': 0.00013364750235626767, 'epoch': 0.33}
{'loss': 0.5038, 'grad_norm': 0.2068013995885849, 'learning_rate': 0.00013345900094250708, 'epoch': 0.34}
{'loss': 0.4479, 'grad_norm': 0.1987786442041397, 'learning_rate': 0.00013327049952874647, 'epoch': 0.34}
{'loss': 0.4742, 'grad_norm': 0.19418711960315704, 'learning_rate': 0.00013308199811498588, 'epoch': 0.34}
{'loss': 0.4961, 'grad_norm': 0.1947045624256134, 'learning_rate': 0.00013289349670122526, 'epoch': 0.34}
{'loss': 0.4738, 'grad_norm': 0.1984291523694992, 'learning_rate': 0.00013270499528746468, 'epoch': 0.34}
{'loss': 0.5423, 'grad_norm': 0.21609820425510406, 'learning_rate': 0.00013251649387370406, 'epoch': 0.34}
{'loss': 0.4683, 'grad_norm': 0.20910772681236267, 'learning_rate': 0.00013232799245994345, 'epoch': 0.34}
{'loss': 0.4635, 'grad_norm': 0.2074662297964096, 'learning_rate': 0.00013213949104618286, 'epoch': 0.34}
{'loss': 0.4848, 'grad_norm': 0.2098919004201889, 'learning_rate': 0.00013195098963242224, 'epoch': 0.34}
{'loss': 0.4983, 'grad_norm': 0.21592681109905243, 'learning_rate': 0.00013176248821866163, 'epoch': 0.34}
{'loss': 0.4753, 'grad_norm': 0.2087181657552719, 'learning_rate': 0.00013157398680490104, 'epoch': 0.35}
{'loss': 0.4826, 'grad_norm': 0.20774416625499725, 'learning_rate': 0.00013138548539114045, 'epoch': 0.35}
{'loss': 0.4799, 'grad_norm': 0.2051011621952057, 'learning_rate': 0.00013119698397737984, 'epoch': 0.35}
{'loss': 0.4909, 'grad_norm': 0.207178995013237, 'learning_rate': 0.00013100848256361925, 'epoch': 0.35}
{'loss': 0.4664, 'grad_norm': 0.21101008355617523, 'learning_rate': 0.00013081998114985863, 'epoch': 0.35}
{'loss': 0.4726, 'grad_norm': 0.21118031442165375, 'learning_rate': 0.00013063147973609802, 'epoch': 0.35}
{'loss': 0.4926, 'grad_norm': 0.20811985433101654, 'learning_rate': 0.00013044297832233743, 'epoch': 0.35}
{'loss': 0.5038, 'grad_norm': 0.2259826362133026, 'learning_rate': 0.00013025447690857682, 'epoch': 0.35}
{'loss': 0.5105, 'grad_norm': 0.20888976752758026, 'learning_rate': 0.00013006597549481623, 'epoch': 0.35}
{'loss': 0.4995, 'grad_norm': 0.21250535547733307, 'learning_rate': 0.0001298774740810556, 'epoch': 0.35}
{'loss': 0.4939, 'grad_norm': 0.20343774557113647, 'learning_rate': 0.000129688972667295, 'epoch': 0.35}
{'loss': 0.4989, 'grad_norm': 0.19765983521938324, 'learning_rate': 0.0001295004712535344, 'epoch': 0.36}
{'loss': 0.53, 'grad_norm': 0.2195630669593811, 'learning_rate': 0.0001293119698397738, 'epoch': 0.36}
{'loss': 0.4853, 'grad_norm': 0.20749352872371674, 'learning_rate': 0.0001291234684260132, 'epoch': 0.36}
{'loss': 0.5064, 'grad_norm': 0.2181844413280487, 'learning_rate': 0.00012893496701225262, 'epoch': 0.36}
{'loss': 0.4786, 'grad_norm': 0.20729029178619385, 'learning_rate': 0.000128746465598492, 'epoch': 0.36}
{'loss': 0.4965, 'grad_norm': 0.20646528899669647, 'learning_rate': 0.0001285579641847314, 'epoch': 0.36}
{'loss': 0.495, 'grad_norm': 0.21961179375648499, 'learning_rate': 0.0001283694627709708, 'epoch': 0.36}
{'loss': 0.5172, 'grad_norm': 0.20749951899051666, 'learning_rate': 0.00012818096135721018, 'epoch': 0.36}
{'loss': 0.4945, 'grad_norm': 0.21750719845294952, 'learning_rate': 0.00012799245994344957, 'epoch': 0.36}
{'loss': 0.498, 'grad_norm': 0.21117253601551056, 'learning_rate': 0.00012780395852968898, 'epoch': 0.36}
{'loss': 0.5124, 'grad_norm': 0.2044624388217926, 'learning_rate': 0.00012761545711592837, 'epoch': 0.36}
{'loss': 0.471, 'grad_norm': 0.20780491828918457, 'learning_rate': 0.00012742695570216778, 'epoch': 0.37}
{'loss': 0.4989, 'grad_norm': 0.20904693007469177, 'learning_rate': 0.00012723845428840716, 'epoch': 0.37}
{'loss': 0.4753, 'grad_norm': 0.20816294848918915, 'learning_rate': 0.00012704995287464657, 'epoch': 0.37}
{'loss': 0.5074, 'grad_norm': 0.20852047204971313, 'learning_rate': 0.00012686145146088596, 'epoch': 0.37}
{'loss': 0.5354, 'grad_norm': 0.21933028101921082, 'learning_rate': 0.00012667295004712537, 'epoch': 0.37}
{'loss': 0.4734, 'grad_norm': 0.20242825150489807, 'learning_rate': 0.00012648444863336476, 'epoch': 0.37}
{'loss': 0.505, 'grad_norm': 0.21305076777935028, 'learning_rate': 0.00012629594721960417, 'epoch': 0.37}
{'loss': 0.4753, 'grad_norm': 0.2122238278388977, 'learning_rate': 0.00012610744580584355, 'epoch': 0.37}
{'loss': 0.4701, 'grad_norm': 0.20462633669376373, 'learning_rate': 0.00012591894439208294, 'epoch': 0.37}
{'loss': 0.5178, 'grad_norm': 0.20713292062282562, 'learning_rate': 0.00012573044297832235, 'epoch': 0.37}
{'loss': 0.529, 'grad_norm': 0.21892273426055908, 'learning_rate': 0.00012554194156456173, 'epoch': 0.38}
{'loss': 0.4418, 'grad_norm': 0.18640756607055664, 'learning_rate': 0.00012535344015080112, 'epoch': 0.38}
{'loss': 0.4801, 'grad_norm': 0.22237664461135864, 'learning_rate': 0.00012516493873704053, 'epoch': 0.38}
{'loss': 0.4983, 'grad_norm': 0.21262483298778534, 'learning_rate': 0.00012497643732327992, 'epoch': 0.38}
{'loss': 0.5034, 'grad_norm': 0.2130957692861557, 'learning_rate': 0.00012478793590951933, 'epoch': 0.38}
{'loss': 0.4896, 'grad_norm': 0.1997755765914917, 'learning_rate': 0.00012459943449575874, 'epoch': 0.38}
{'loss': 0.5046, 'grad_norm': 0.2264440506696701, 'learning_rate': 0.00012441093308199812, 'epoch': 0.38}
{'loss': 0.4903, 'grad_norm': 0.20290181040763855, 'learning_rate': 0.00012422243166823754, 'epoch': 0.38}
{'loss': 0.4777, 'grad_norm': 0.200425922870636, 'learning_rate': 0.00012403393025447692, 'epoch': 0.38}
{'loss': 0.4908, 'grad_norm': 0.19107535481452942, 'learning_rate': 0.0001238454288407163, 'epoch': 0.38}
{'loss': 0.5158, 'grad_norm': 0.22938771545886993, 'learning_rate': 0.00012365692742695572, 'epoch': 0.38}
{'loss': 0.5058, 'grad_norm': 0.20026858150959015, 'learning_rate': 0.0001234684260131951, 'epoch': 0.39}
{'loss': 0.5164, 'grad_norm': 0.2088608741760254, 'learning_rate': 0.0001232799245994345, 'epoch': 0.39}
{'loss': 0.4734, 'grad_norm': 0.21177639067173004, 'learning_rate': 0.0001230914231856739, 'epoch': 0.39}
{'loss': 0.4817, 'grad_norm': 0.20181407034397125, 'learning_rate': 0.00012290292177191328, 'epoch': 0.39}
{'loss': 0.5091, 'grad_norm': 0.21131311357021332, 'learning_rate': 0.00012271442035815267, 'epoch': 0.39}
{'loss': 0.4528, 'grad_norm': 0.20036181807518005, 'learning_rate': 0.00012252591894439208, 'epoch': 0.39}
{'loss': 0.4755, 'grad_norm': 0.19383683800697327, 'learning_rate': 0.0001223374175306315, 'epoch': 0.39}
{'loss': 0.5026, 'grad_norm': 0.2017892748117447, 'learning_rate': 0.0001221489161168709, 'epoch': 0.39}
{'loss': 0.5303, 'grad_norm': 0.2140101045370102, 'learning_rate': 0.00012196041470311028, 'epoch': 0.39}
{'loss': 0.5006, 'grad_norm': 0.20915231108665466, 'learning_rate': 0.00012177191328934967, 'epoch': 0.39}
{'loss': 0.4962, 'grad_norm': 0.20884734392166138, 'learning_rate': 0.00012158341187558909, 'epoch': 0.39}
{'loss': 0.5273, 'grad_norm': 0.2147224396467209, 'learning_rate': 0.00012139491046182847, 'epoch': 0.4}
{'loss': 0.4762, 'grad_norm': 0.2106083780527115, 'learning_rate': 0.00012120640904806786, 'epoch': 0.4}
{'loss': 0.4808, 'grad_norm': 0.19356946647167206, 'learning_rate': 0.00012101790763430727, 'epoch': 0.4}
{'loss': 0.4799, 'grad_norm': 0.20353806018829346, 'learning_rate': 0.00012082940622054665, 'epoch': 0.4}
{'loss': 0.4968, 'grad_norm': 0.2050115019083023, 'learning_rate': 0.00012064090480678605, 'epoch': 0.4}
{'loss': 0.5135, 'grad_norm': 0.25226834416389465, 'learning_rate': 0.00012045240339302546, 'epoch': 0.4}
{'loss': 0.4939, 'grad_norm': 0.20930826663970947, 'learning_rate': 0.00012026390197926485, 'epoch': 0.4}
{'loss': 0.4914, 'grad_norm': 0.21339505910873413, 'learning_rate': 0.00012007540056550423, 'epoch': 0.4}
{'loss': 0.4935, 'grad_norm': 0.2060730755329132, 'learning_rate': 0.00011988689915174364, 'epoch': 0.4}
{'loss': 0.495, 'grad_norm': 0.21057859063148499, 'learning_rate': 0.00011969839773798304, 'epoch': 0.4}
{'loss': 0.4965, 'grad_norm': 0.21209292113780975, 'learning_rate': 0.00011950989632422244, 'epoch': 0.41}
{'loss': 0.4424, 'grad_norm': 0.20803487300872803, 'learning_rate': 0.00011932139491046184, 'epoch': 0.41}
{'loss': 0.4774, 'grad_norm': 0.2065877914428711, 'learning_rate': 0.00011913289349670122, 'epoch': 0.41}
{'loss': 0.4979, 'grad_norm': 0.20651495456695557, 'learning_rate': 0.00011894439208294064, 'epoch': 0.41}
{'loss': 0.4532, 'grad_norm': 0.2058086097240448, 'learning_rate': 0.00011875589066918002, 'epoch': 0.41}
{'loss': 0.4775, 'grad_norm': 0.19842548668384552, 'learning_rate': 0.00011856738925541942, 'epoch': 0.41}
{'loss': 0.5099, 'grad_norm': 0.21881438791751862, 'learning_rate': 0.00011837888784165883, 'epoch': 0.41}
{'loss': 0.5201, 'grad_norm': 0.20931757986545563, 'learning_rate': 0.00011819038642789822, 'epoch': 0.41}
{'loss': 0.479, 'grad_norm': 0.20043209195137024, 'learning_rate': 0.0001180018850141376, 'epoch': 0.41}
{'loss': 0.4902, 'grad_norm': 0.20573027431964874, 'learning_rate': 0.00011781338360037701, 'epoch': 0.41}
{'loss': 0.4749, 'grad_norm': 0.20030942559242249, 'learning_rate': 0.0001176248821866164, 'epoch': 0.41}
{'loss': 0.4912, 'grad_norm': 0.1987820416688919, 'learning_rate': 0.0001174363807728558, 'epoch': 0.42}
{'loss': 0.4948, 'grad_norm': 0.20372162759304047, 'learning_rate': 0.00011724787935909521, 'epoch': 0.42}
{'loss': 0.5141, 'grad_norm': 0.21632365882396698, 'learning_rate': 0.0001170593779453346, 'epoch': 0.42}
{'loss': 0.5005, 'grad_norm': 0.21107695996761322, 'learning_rate': 0.000116870876531574, 'epoch': 0.42}
{'loss': 0.4955, 'grad_norm': 0.2049594223499298, 'learning_rate': 0.00011668237511781339, 'epoch': 0.42}
{'loss': 0.493, 'grad_norm': 0.2010165899991989, 'learning_rate': 0.00011649387370405278, 'epoch': 0.42}
{'loss': 0.4948, 'grad_norm': 0.22113670408725739, 'learning_rate': 0.00011630537229029219, 'epoch': 0.42}
{'loss': 0.4592, 'grad_norm': 0.21084383130073547, 'learning_rate': 0.00011611687087653159, 'epoch': 0.42}
{'loss': 0.4877, 'grad_norm': 0.20527127385139465, 'learning_rate': 0.00011592836946277097, 'epoch': 0.42}
{'loss': 0.5003, 'grad_norm': 0.21067406237125397, 'learning_rate': 0.00011573986804901038, 'epoch': 0.42}
{'loss': 0.4973, 'grad_norm': 0.21181036531925201, 'learning_rate': 0.00011555136663524977, 'epoch': 0.42}
{'loss': 0.5296, 'grad_norm': 0.21061357855796814, 'learning_rate': 0.00011536286522148915, 'epoch': 0.43}
{'loss': 0.4703, 'grad_norm': 0.2059839814901352, 'learning_rate': 0.00011517436380772856, 'epoch': 0.43}
{'loss': 0.5178, 'grad_norm': 0.20619463920593262, 'learning_rate': 0.00011498586239396796, 'epoch': 0.43}
{'loss': 0.4682, 'grad_norm': 0.19443298876285553, 'learning_rate': 0.00011479736098020735, 'epoch': 0.43}
{'loss': 0.4608, 'grad_norm': 0.20722553133964539, 'learning_rate': 0.00011460885956644676, 'epoch': 0.43}
{'loss': 0.5018, 'grad_norm': 0.20877604186534882, 'learning_rate': 0.00011442035815268614, 'epoch': 0.43}
{'loss': 0.5095, 'grad_norm': 0.20921042561531067, 'learning_rate': 0.00011423185673892556, 'epoch': 0.43}
{'loss': 0.4704, 'grad_norm': 0.21076883375644684, 'learning_rate': 0.00011404335532516494, 'epoch': 0.43}
{'loss': 0.4891, 'grad_norm': 0.21316446363925934, 'learning_rate': 0.00011385485391140434, 'epoch': 0.43}
{'loss': 0.493, 'grad_norm': 0.2033289223909378, 'learning_rate': 0.00011366635249764375, 'epoch': 0.43}
{'loss': 0.4617, 'grad_norm': 0.2058141529560089, 'learning_rate': 0.00011347785108388314, 'epoch': 0.44}
{'loss': 0.481, 'grad_norm': 0.20841366052627563, 'learning_rate': 0.00011328934967012252, 'epoch': 0.44}
{'loss': 0.5621, 'grad_norm': 0.22505418956279755, 'learning_rate': 0.00011310084825636193, 'epoch': 0.44}
{'loss': 0.4879, 'grad_norm': 0.19029097259044647, 'learning_rate': 0.00011291234684260133, 'epoch': 0.44}
{'loss': 0.4504, 'grad_norm': 0.20151139795780182, 'learning_rate': 0.00011272384542884072, 'epoch': 0.44}
{'loss': 0.5394, 'grad_norm': 0.21927545964717865, 'learning_rate': 0.00011253534401508013, 'epoch': 0.44}
{'loss': 0.5007, 'grad_norm': 0.21802650392055511, 'learning_rate': 0.00011234684260131951, 'epoch': 0.44}
{'loss': 0.4905, 'grad_norm': 0.21325534582138062, 'learning_rate': 0.0001121583411875589, 'epoch': 0.44}
{'loss': 0.5153, 'grad_norm': 0.213445782661438, 'learning_rate': 0.00011196983977379831, 'epoch': 0.44}
{'loss': 0.4976, 'grad_norm': 0.21984900534152985, 'learning_rate': 0.00011178133836003771, 'epoch': 0.44}
{'loss': 0.481, 'grad_norm': 0.1952875256538391, 'learning_rate': 0.00011159283694627712, 'epoch': 0.44}
{'loss': 0.4671, 'grad_norm': 0.20588016510009766, 'learning_rate': 0.0001114043355325165, 'epoch': 0.45}
{'loss': 0.4956, 'grad_norm': 0.2159808874130249, 'learning_rate': 0.00011121583411875589, 'epoch': 0.45}
{'loss': 0.4959, 'grad_norm': 0.20066428184509277, 'learning_rate': 0.0001110273327049953, 'epoch': 0.45}
{'loss': 0.4835, 'grad_norm': 0.20480766892433167, 'learning_rate': 0.00011083883129123469, 'epoch': 0.45}
{'loss': 0.4841, 'grad_norm': 0.20407505333423615, 'learning_rate': 0.00011065032987747408, 'epoch': 0.45}
{'loss': 0.4969, 'grad_norm': 0.20266327261924744, 'learning_rate': 0.0001104618284637135, 'epoch': 0.45}
{'loss': 0.4766, 'grad_norm': 0.2039920538663864, 'learning_rate': 0.00011027332704995288, 'epoch': 0.45}
{'loss': 0.4879, 'grad_norm': 0.20753130316734314, 'learning_rate': 0.00011008482563619227, 'epoch': 0.45}
{'loss': 0.5169, 'grad_norm': 0.21573233604431152, 'learning_rate': 0.00010989632422243168, 'epoch': 0.45}
{'loss': 0.5133, 'grad_norm': 0.2133711874485016, 'learning_rate': 0.00010970782280867106, 'epoch': 0.45}
{'loss': 0.4678, 'grad_norm': 0.19922573864459991, 'learning_rate': 0.00010951932139491046, 'epoch': 0.45}
{'loss': 0.4532, 'grad_norm': 0.1975957304239273, 'learning_rate': 0.00010933081998114987, 'epoch': 0.46}
{'loss': 0.4953, 'grad_norm': 0.21989557147026062, 'learning_rate': 0.00010914231856738926, 'epoch': 0.46}
{'loss': 0.4909, 'grad_norm': 0.21374811232089996, 'learning_rate': 0.00010895381715362867, 'epoch': 0.46}
{'loss': 0.4771, 'grad_norm': 0.20367571711540222, 'learning_rate': 0.00010876531573986805, 'epoch': 0.46}
{'loss': 0.5174, 'grad_norm': 0.2124587744474411, 'learning_rate': 0.00010857681432610744, 'epoch': 0.46}
{'loss': 0.4697, 'grad_norm': 0.19499272108078003, 'learning_rate': 0.00010838831291234685, 'epoch': 0.46}
{'loss': 0.4653, 'grad_norm': 0.18889568746089935, 'learning_rate': 0.00010819981149858625, 'epoch': 0.46}
{'loss': 0.4589, 'grad_norm': 0.1992340087890625, 'learning_rate': 0.00010801131008482563, 'epoch': 0.46}
{'loss': 0.4979, 'grad_norm': 0.20854440331459045, 'learning_rate': 0.00010782280867106505, 'epoch': 0.46}
{'loss': 0.4713, 'grad_norm': 0.2042957842350006, 'learning_rate': 0.00010763430725730443, 'epoch': 0.46}
{'loss': 0.4944, 'grad_norm': 0.21801960468292236, 'learning_rate': 0.00010744580584354383, 'epoch': 0.47}
{'loss': 0.4697, 'grad_norm': 0.2092999517917633, 'learning_rate': 0.00010725730442978323, 'epoch': 0.47}
{'loss': 0.4898, 'grad_norm': 0.20502828061580658, 'learning_rate': 0.00010706880301602263, 'epoch': 0.47}
{'loss': 0.5045, 'grad_norm': 0.19843046367168427, 'learning_rate': 0.00010688030160226201, 'epoch': 0.47}
{'loss': 0.43, 'grad_norm': 0.19236789643764496, 'learning_rate': 0.00010669180018850142, 'epoch': 0.47}
{'loss': 0.4828, 'grad_norm': 0.20211553573608398, 'learning_rate': 0.00010650329877474081, 'epoch': 0.47}
{'loss': 0.4606, 'grad_norm': 0.20737995207309723, 'learning_rate': 0.00010631479736098022, 'epoch': 0.47}
{'loss': 0.448, 'grad_norm': 0.20419825613498688, 'learning_rate': 0.00010612629594721962, 'epoch': 0.47}
{'loss': 0.5137, 'grad_norm': 0.22137746214866638, 'learning_rate': 0.000105937794533459, 'epoch': 0.47}
{'loss': 0.4536, 'grad_norm': 0.20484063029289246, 'learning_rate': 0.00010574929311969842, 'epoch': 0.47}
{'loss': 0.5179, 'grad_norm': 0.24201546609401703, 'learning_rate': 0.0001055607917059378, 'epoch': 0.47}
{'loss': 0.4859, 'grad_norm': 0.20207318663597107, 'learning_rate': 0.00010537229029217718, 'epoch': 0.48}
{'loss': 0.5068, 'grad_norm': 0.20125092566013336, 'learning_rate': 0.0001051837888784166, 'epoch': 0.48}
{'loss': 0.4917, 'grad_norm': 0.20861855149269104, 'learning_rate': 0.000104995287464656, 'epoch': 0.48}
{'loss': 0.493, 'grad_norm': 0.19894538819789886, 'learning_rate': 0.00010480678605089538, 'epoch': 0.48}
{'loss': 0.4668, 'grad_norm': 0.19262544810771942, 'learning_rate': 0.00010461828463713479, 'epoch': 0.48}
{'loss': 0.4633, 'grad_norm': 0.19192394614219666, 'learning_rate': 0.00010442978322337418, 'epoch': 0.48}
{'loss': 0.4879, 'grad_norm': 0.2100338637828827, 'learning_rate': 0.00010424128180961356, 'epoch': 0.48}
{'loss': 0.5046, 'grad_norm': 0.2031845897436142, 'learning_rate': 0.00010405278039585297, 'epoch': 0.48}
{'loss': 0.4846, 'grad_norm': 0.2038569301366806, 'learning_rate': 0.00010386427898209237, 'epoch': 0.48}
{'loss': 0.4827, 'grad_norm': 0.21094518899917603, 'learning_rate': 0.00010367577756833178, 'epoch': 0.48}
{'loss': 0.4743, 'grad_norm': 0.2024187296628952, 'learning_rate': 0.00010348727615457117, 'epoch': 0.48}
{'loss': 0.5179, 'grad_norm': 0.2201562076807022, 'learning_rate': 0.00010329877474081055, 'epoch': 0.49}
{'loss': 0.4716, 'grad_norm': 0.20844446122646332, 'learning_rate': 0.00010311027332704997, 'epoch': 0.49}
{'loss': 0.498, 'grad_norm': 0.21237239241600037, 'learning_rate': 0.00010292177191328935, 'epoch': 0.49}
{'loss': 0.4885, 'grad_norm': 0.20965440571308136, 'learning_rate': 0.00010273327049952875, 'epoch': 0.49}
{'loss': 0.4973, 'grad_norm': 0.21160279214382172, 'learning_rate': 0.00010254476908576816, 'epoch': 0.49}
{'loss': 0.4825, 'grad_norm': 0.20913197100162506, 'learning_rate': 0.00010235626767200755, 'epoch': 0.49}
{'loss': 0.4562, 'grad_norm': 0.20284609496593475, 'learning_rate': 0.00010216776625824693, 'epoch': 0.49}
{'loss': 0.5097, 'grad_norm': 0.1992933452129364, 'learning_rate': 0.00010197926484448634, 'epoch': 0.49}
{'loss': 0.4783, 'grad_norm': 0.20371058583259583, 'learning_rate': 0.00010179076343072573, 'epoch': 0.49}
{'loss': 0.4582, 'grad_norm': 0.20298044383525848, 'learning_rate': 0.00010160226201696513, 'epoch': 0.49}
{'loss': 0.5214, 'grad_norm': 0.20855054259300232, 'learning_rate': 0.00010141376060320454, 'epoch': 0.5}
{'loss': 0.4925, 'grad_norm': 0.20434829592704773, 'learning_rate': 0.00010122525918944392, 'epoch': 0.5}
{'loss': 0.4845, 'grad_norm': 0.2081843912601471, 'learning_rate': 0.00010103675777568333, 'epoch': 0.5}
{'loss': 0.5387, 'grad_norm': 0.2138572335243225, 'learning_rate': 0.00010084825636192272, 'epoch': 0.5}
{'loss': 0.497, 'grad_norm': 0.21459148824214935, 'learning_rate': 0.00010065975494816212, 'epoch': 0.5}
{'loss': 0.4829, 'grad_norm': 0.21241188049316406, 'learning_rate': 0.00010047125353440152, 'epoch': 0.5}
{'loss': 0.5149, 'grad_norm': 0.2120557427406311, 'learning_rate': 0.00010028275212064091, 'epoch': 0.5}
{'loss': 0.4776, 'grad_norm': 0.19765082001686096, 'learning_rate': 0.0001000942507068803, 'epoch': 0.5}
{'loss': 0.4843, 'grad_norm': 0.20456001162528992, 'learning_rate': 9.99057492931197e-05, 'epoch': 0.5}
{'loss': 0.4961, 'grad_norm': 0.21176396310329437, 'learning_rate': 9.97172478793591e-05, 'epoch': 0.5}
{'loss': 0.4928, 'grad_norm': 0.22494839131832123, 'learning_rate': 9.95287464655985e-05, 'epoch': 0.5}
{'loss': 0.4885, 'grad_norm': 0.20728915929794312, 'learning_rate': 9.934024505183789e-05, 'epoch': 0.51}
{'loss': 0.4535, 'grad_norm': 0.1936643272638321, 'learning_rate': 9.915174363807729e-05, 'epoch': 0.51}
{'loss': 0.5168, 'grad_norm': 0.20850728452205658, 'learning_rate': 9.896324222431669e-05, 'epoch': 0.51}
{'loss': 0.4653, 'grad_norm': 0.19449962675571442, 'learning_rate': 9.877474081055609e-05, 'epoch': 0.51}
{'loss': 0.5222, 'grad_norm': 0.22043928503990173, 'learning_rate': 9.858623939679547e-05, 'epoch': 0.51}
{'loss': 0.4892, 'grad_norm': 0.20110249519348145, 'learning_rate': 9.839773798303487e-05, 'epoch': 0.51}
{'loss': 0.4749, 'grad_norm': 0.19849476218223572, 'learning_rate': 9.820923656927428e-05, 'epoch': 0.51}
{'loss': 0.4483, 'grad_norm': 0.2003050297498703, 'learning_rate': 9.802073515551368e-05, 'epoch': 0.51}
{'loss': 0.4859, 'grad_norm': 0.20945872366428375, 'learning_rate': 9.783223374175307e-05, 'epoch': 0.51}
{'loss': 0.4875, 'grad_norm': 0.20942562818527222, 'learning_rate': 9.764373232799246e-05, 'epoch': 0.51}
{'loss': 0.4763, 'grad_norm': 0.21128278970718384, 'learning_rate': 9.745523091423186e-05, 'epoch': 0.51}
{'loss': 0.4901, 'grad_norm': 0.20888498425483704, 'learning_rate': 9.726672950047125e-05, 'epoch': 0.52}
{'loss': 0.5052, 'grad_norm': 0.20648130774497986, 'learning_rate': 9.707822808671066e-05, 'epoch': 0.52}
{'loss': 0.4723, 'grad_norm': 0.19773265719413757, 'learning_rate': 9.688972667295006e-05, 'epoch': 0.52}
{'loss': 0.4707, 'grad_norm': 0.2107323557138443, 'learning_rate': 9.670122525918946e-05, 'epoch': 0.52}
{'loss': 0.489, 'grad_norm': 0.20805218815803528, 'learning_rate': 9.651272384542884e-05, 'epoch': 0.52}
{'loss': 0.5243, 'grad_norm': 0.2066401243209839, 'learning_rate': 9.632422243166824e-05, 'epoch': 0.52}
{'loss': 0.4573, 'grad_norm': 0.1897505819797516, 'learning_rate': 9.613572101790764e-05, 'epoch': 0.52}
{'loss': 0.4788, 'grad_norm': 0.20043635368347168, 'learning_rate': 9.594721960414704e-05, 'epoch': 0.52}
{'loss': 0.4729, 'grad_norm': 0.19313184916973114, 'learning_rate': 9.575871819038643e-05, 'epoch': 0.52}
{'loss': 0.5004, 'grad_norm': 0.20874373614788055, 'learning_rate': 9.557021677662583e-05, 'epoch': 0.52}
{'loss': 0.4996, 'grad_norm': 0.2076283097267151, 'learning_rate': 9.538171536286523e-05, 'epoch': 0.53}
{'loss': 0.4414, 'grad_norm': 0.20291057229042053, 'learning_rate': 9.519321394910462e-05, 'epoch': 0.53}
{'loss': 0.5062, 'grad_norm': 0.21708764135837555, 'learning_rate': 9.500471253534401e-05, 'epoch': 0.53}
{'loss': 0.483, 'grad_norm': 0.2107638120651245, 'learning_rate': 9.481621112158343e-05, 'epoch': 0.53}
{'loss': 0.4785, 'grad_norm': 0.2022560089826584, 'learning_rate': 9.462770970782281e-05, 'epoch': 0.53}
{'loss': 0.4647, 'grad_norm': 0.21238650381565094, 'learning_rate': 9.443920829406221e-05, 'epoch': 0.53}
{'loss': 0.4781, 'grad_norm': 0.20814478397369385, 'learning_rate': 9.425070688030161e-05, 'epoch': 0.53}
{'loss': 0.4973, 'grad_norm': 0.19525161385536194, 'learning_rate': 9.4062205466541e-05, 'epoch': 0.53}
{'loss': 0.5098, 'grad_norm': 0.20448608696460724, 'learning_rate': 9.387370405278039e-05, 'epoch': 0.53}
{'loss': 0.4862, 'grad_norm': 0.2029298096895218, 'learning_rate': 9.36852026390198e-05, 'epoch': 0.53}
{'loss': 0.5004, 'grad_norm': 0.20246821641921997, 'learning_rate': 9.34967012252592e-05, 'epoch': 0.53}
{'loss': 0.4787, 'grad_norm': 0.1982826441526413, 'learning_rate': 9.330819981149859e-05, 'epoch': 0.54}
{'loss': 0.5005, 'grad_norm': 0.2059507817029953, 'learning_rate': 9.311969839773798e-05, 'epoch': 0.54}
{'loss': 0.5109, 'grad_norm': 0.2031889259815216, 'learning_rate': 9.293119698397738e-05, 'epoch': 0.54}
{'loss': 0.5037, 'grad_norm': 0.20496417582035065, 'learning_rate': 9.274269557021678e-05, 'epoch': 0.54}
{'loss': 0.4672, 'grad_norm': 0.19307923316955566, 'learning_rate': 9.255419415645618e-05, 'epoch': 0.54}
{'loss': 0.5027, 'grad_norm': 0.2044680267572403, 'learning_rate': 9.236569274269558e-05, 'epoch': 0.54}
{'loss': 0.4875, 'grad_norm': 0.21266716718673706, 'learning_rate': 9.217719132893498e-05, 'epoch': 0.54}
{'loss': 0.4561, 'grad_norm': 0.1979331523180008, 'learning_rate': 9.198868991517436e-05, 'epoch': 0.54}
{'loss': 0.5213, 'grad_norm': 0.2205052524805069, 'learning_rate': 9.180018850141376e-05, 'epoch': 0.54}
{'loss': 0.4717, 'grad_norm': 0.21377383172512054, 'learning_rate': 9.161168708765316e-05, 'epoch': 0.54}
{'loss': 0.4871, 'grad_norm': 0.2214643955230713, 'learning_rate': 9.142318567389257e-05, 'epoch': 0.54}
{'loss': 0.5021, 'grad_norm': 0.22012971341609955, 'learning_rate': 9.123468426013196e-05, 'epoch': 0.55}
{'loss': 0.4801, 'grad_norm': 0.2013055980205536, 'learning_rate': 9.104618284637135e-05, 'epoch': 0.55}
{'loss': 0.4889, 'grad_norm': 0.20433083176612854, 'learning_rate': 9.085768143261075e-05, 'epoch': 0.55}
{'loss': 0.4814, 'grad_norm': 0.20723970234394073, 'learning_rate': 9.066918001885014e-05, 'epoch': 0.55}
{'loss': 0.5121, 'grad_norm': 0.20639090240001678, 'learning_rate': 9.048067860508954e-05, 'epoch': 0.55}
{'loss': 0.4984, 'grad_norm': 0.21190214157104492, 'learning_rate': 9.029217719132895e-05, 'epoch': 0.55}
{'loss': 0.4975, 'grad_norm': 0.2056473344564438, 'learning_rate': 9.010367577756835e-05, 'epoch': 0.55}
{'loss': 0.4549, 'grad_norm': 0.185358926653862, 'learning_rate': 8.991517436380773e-05, 'epoch': 0.55}
{'loss': 0.5099, 'grad_norm': 0.21301855146884918, 'learning_rate': 8.972667295004713e-05, 'epoch': 0.55}
{'loss': 0.4352, 'grad_norm': 0.20106302201747894, 'learning_rate': 8.953817153628653e-05, 'epoch': 0.55}
{'loss': 0.4736, 'grad_norm': 0.2073206901550293, 'learning_rate': 8.934967012252593e-05, 'epoch': 0.56}
{'loss': 0.474, 'grad_norm': 0.2113150805234909, 'learning_rate': 8.916116870876532e-05, 'epoch': 0.56}
{'loss': 0.5199, 'grad_norm': 0.2226862758398056, 'learning_rate': 8.897266729500472e-05, 'epoch': 0.56}
{'loss': 0.4749, 'grad_norm': 0.20547330379486084, 'learning_rate': 8.878416588124412e-05, 'epoch': 0.56}
{'loss': 0.4995, 'grad_norm': 0.21018390357494354, 'learning_rate': 8.85956644674835e-05, 'epoch': 0.56}
{'loss': 0.514, 'grad_norm': 0.2188703864812851, 'learning_rate': 8.84071630537229e-05, 'epoch': 0.56}
{'loss': 0.4907, 'grad_norm': 0.2068643420934677, 'learning_rate': 8.82186616399623e-05, 'epoch': 0.56}
{'loss': 0.4373, 'grad_norm': 0.19513918459415436, 'learning_rate': 8.80301602262017e-05, 'epoch': 0.56}
{'loss': 0.4835, 'grad_norm': 0.21009822189807892, 'learning_rate': 8.78416588124411e-05, 'epoch': 0.56}
{'loss': 0.486, 'grad_norm': 0.205850288271904, 'learning_rate': 8.76531573986805e-05, 'epoch': 0.56}
{'loss': 0.4531, 'grad_norm': 0.2075577676296234, 'learning_rate': 8.74646559849199e-05, 'epoch': 0.56}
{'loss': 0.5046, 'grad_norm': 0.22775305807590485, 'learning_rate': 8.727615457115928e-05, 'epoch': 0.57}
{'loss': 0.4762, 'grad_norm': 0.20286929607391357, 'learning_rate': 8.708765315739868e-05, 'epoch': 0.57}
{'loss': 0.4424, 'grad_norm': 0.19186079502105713, 'learning_rate': 8.689915174363809e-05, 'epoch': 0.57}
{'loss': 0.4986, 'grad_norm': 0.19358879327774048, 'learning_rate': 8.671065032987748e-05, 'epoch': 0.57}
{'loss': 0.5105, 'grad_norm': 0.21013443171977997, 'learning_rate': 8.652214891611687e-05, 'epoch': 0.57}
{'loss': 0.4977, 'grad_norm': 0.20432068407535553, 'learning_rate': 8.633364750235627e-05, 'epoch': 0.57}
{'loss': 0.4989, 'grad_norm': 0.20608313381671906, 'learning_rate': 8.614514608859567e-05, 'epoch': 0.57}
{'loss': 0.4829, 'grad_norm': 0.21834464371204376, 'learning_rate': 8.595664467483507e-05, 'epoch': 0.57}
{'loss': 0.4849, 'grad_norm': 0.20238637924194336, 'learning_rate': 8.576814326107447e-05, 'epoch': 0.57}
{'loss': 0.4485, 'grad_norm': 0.1986466944217682, 'learning_rate': 8.557964184731387e-05, 'epoch': 0.57}
{'loss': 0.4926, 'grad_norm': 0.2032226026058197, 'learning_rate': 8.539114043355325e-05, 'epoch': 0.57}
{'loss': 0.4793, 'grad_norm': 0.20963826775550842, 'learning_rate': 8.520263901979265e-05, 'epoch': 0.58}
{'loss': 0.4903, 'grad_norm': 0.21461078524589539, 'learning_rate': 8.501413760603205e-05, 'epoch': 0.58}
{'loss': 0.4679, 'grad_norm': 0.20450474321842194, 'learning_rate': 8.482563619227145e-05, 'epoch': 0.58}
{'loss': 0.4697, 'grad_norm': 0.20271195471286774, 'learning_rate': 8.463713477851084e-05, 'epoch': 0.58}
{'loss': 0.4869, 'grad_norm': 0.20546817779541016, 'learning_rate': 8.444863336475024e-05, 'epoch': 0.58}
{'loss': 0.4747, 'grad_norm': 0.2024347484111786, 'learning_rate': 8.426013195098964e-05, 'epoch': 0.58}
{'loss': 0.5137, 'grad_norm': 0.21271438896656036, 'learning_rate': 8.407163053722903e-05, 'epoch': 0.58}
{'loss': 0.5132, 'grad_norm': 0.21312080323696136, 'learning_rate': 8.388312912346842e-05, 'epoch': 0.58}
{'loss': 0.4605, 'grad_norm': 0.19560924172401428, 'learning_rate': 8.369462770970782e-05, 'epoch': 0.58}
{'loss': 0.4739, 'grad_norm': 0.20921513438224792, 'learning_rate': 8.350612629594723e-05, 'epoch': 0.58}
{'loss': 0.4569, 'grad_norm': 0.2068827897310257, 'learning_rate': 8.331762488218662e-05, 'epoch': 0.59}
{'loss': 0.4584, 'grad_norm': 0.19500240683555603, 'learning_rate': 8.312912346842602e-05, 'epoch': 0.59}
{'loss': 0.5115, 'grad_norm': 0.21467027068138123, 'learning_rate': 8.294062205466542e-05, 'epoch': 0.59}
{'loss': 0.5137, 'grad_norm': 0.22399167716503143, 'learning_rate': 8.27521206409048e-05, 'epoch': 0.59}
{'loss': 0.4454, 'grad_norm': 0.19680139422416687, 'learning_rate': 8.256361922714421e-05, 'epoch': 0.59}
{'loss': 0.4826, 'grad_norm': 0.2201356440782547, 'learning_rate': 8.237511781338361e-05, 'epoch': 0.59}
{'loss': 0.501, 'grad_norm': 0.2106132060289383, 'learning_rate': 8.218661639962301e-05, 'epoch': 0.59}
{'loss': 0.5054, 'grad_norm': 0.20515431463718414, 'learning_rate': 8.19981149858624e-05, 'epoch': 0.59}
{'loss': 0.5049, 'grad_norm': 0.2088925987482071, 'learning_rate': 8.180961357210179e-05, 'epoch': 0.59}
{'loss': 0.4824, 'grad_norm': 0.20635825395584106, 'learning_rate': 8.162111215834119e-05, 'epoch': 0.59}
{'loss': 0.4899, 'grad_norm': 0.20069660246372223, 'learning_rate': 8.143261074458059e-05, 'epoch': 0.59}
{'loss': 0.4402, 'grad_norm': 0.19638808071613312, 'learning_rate': 8.124410933081999e-05, 'epoch': 0.6}
{'loss': 0.5002, 'grad_norm': 0.20473721623420715, 'learning_rate': 8.105560791705939e-05, 'epoch': 0.6}
{'loss': 0.4371, 'grad_norm': 0.1894301027059555, 'learning_rate': 8.086710650329878e-05, 'epoch': 0.6}
{'loss': 0.5073, 'grad_norm': 0.19952091574668884, 'learning_rate': 8.067860508953817e-05, 'epoch': 0.6}
{'loss': 0.4406, 'grad_norm': 0.20288397371768951, 'learning_rate': 8.049010367577757e-05, 'epoch': 0.6}
{'loss': 0.4959, 'grad_norm': 0.20525602996349335, 'learning_rate': 8.030160226201697e-05, 'epoch': 0.6}
{'loss': 0.4755, 'grad_norm': 0.20975656807422638, 'learning_rate': 8.011310084825636e-05, 'epoch': 0.6}
{'loss': 0.516, 'grad_norm': 0.21526062488555908, 'learning_rate': 7.992459943449576e-05, 'epoch': 0.6}
{'loss': 0.4728, 'grad_norm': 0.19763346016407013, 'learning_rate': 7.973609802073516e-05, 'epoch': 0.6}
{'loss': 0.4851, 'grad_norm': 0.19925934076309204, 'learning_rate': 7.954759660697456e-05, 'epoch': 0.6}
{'loss': 0.5079, 'grad_norm': 0.22295160591602325, 'learning_rate': 7.935909519321394e-05, 'epoch': 0.6}
{'loss': 0.4956, 'grad_norm': 0.22126957774162292, 'learning_rate': 7.917059377945336e-05, 'epoch': 0.61}
{'loss': 0.4558, 'grad_norm': 0.20263035595417023, 'learning_rate': 7.898209236569276e-05, 'epoch': 0.61}
{'loss': 0.4384, 'grad_norm': 0.18861810863018036, 'learning_rate': 7.879359095193214e-05, 'epoch': 0.61}
{'loss': 0.4657, 'grad_norm': 0.19342070817947388, 'learning_rate': 7.860508953817154e-05, 'epoch': 0.61}
{'loss': 0.4552, 'grad_norm': 0.19706487655639648, 'learning_rate': 7.841658812441094e-05, 'epoch': 0.61}
{'loss': 0.513, 'grad_norm': 0.20133504271507263, 'learning_rate': 7.822808671065034e-05, 'epoch': 0.61}
{'loss': 0.4868, 'grad_norm': 0.2142065465450287, 'learning_rate': 7.803958529688973e-05, 'epoch': 0.61}
{'loss': 0.4912, 'grad_norm': 0.20668424665927887, 'learning_rate': 7.785108388312913e-05, 'epoch': 0.61}
{'loss': 0.4989, 'grad_norm': 0.21033252775669098, 'learning_rate': 7.766258246936853e-05, 'epoch': 0.61}
{'loss': 0.4818, 'grad_norm': 0.20026595890522003, 'learning_rate': 7.747408105560792e-05, 'epoch': 0.61}
{'loss': 0.5042, 'grad_norm': 0.21514645218849182, 'learning_rate': 7.728557964184731e-05, 'epoch': 0.62}
{'loss': 0.4684, 'grad_norm': 0.21255247294902802, 'learning_rate': 7.709707822808671e-05, 'epoch': 0.62}
{'loss': 0.4827, 'grad_norm': 0.21243470907211304, 'learning_rate': 7.690857681432611e-05, 'epoch': 0.62}
{'loss': 0.4891, 'grad_norm': 0.21014420688152313, 'learning_rate': 7.672007540056551e-05, 'epoch': 0.62}
{'loss': 0.505, 'grad_norm': 0.21211346983909607, 'learning_rate': 7.653157398680491e-05, 'epoch': 0.62}
{'loss': 0.4862, 'grad_norm': 0.2093479037284851, 'learning_rate': 7.63430725730443e-05, 'epoch': 0.62}
{'loss': 0.4647, 'grad_norm': 0.20127056539058685, 'learning_rate': 7.615457115928369e-05, 'epoch': 0.62}
{'loss': 0.4807, 'grad_norm': 0.20823884010314941, 'learning_rate': 7.596606974552309e-05, 'epoch': 0.62}
{'loss': 0.4999, 'grad_norm': 0.2073005586862564, 'learning_rate': 7.57775683317625e-05, 'epoch': 0.62}
{'loss': 0.492, 'grad_norm': 0.2109268307685852, 'learning_rate': 7.55890669180019e-05, 'epoch': 0.62}
{'loss': 0.4537, 'grad_norm': 0.20471708476543427, 'learning_rate': 7.540056550424128e-05, 'epoch': 0.62}
{'loss': 0.4838, 'grad_norm': 0.20822259783744812, 'learning_rate': 7.521206409048068e-05, 'epoch': 0.63}
{'loss': 0.46, 'grad_norm': 0.20232181251049042, 'learning_rate': 7.502356267672008e-05, 'epoch': 0.63}
{'loss': 0.4842, 'grad_norm': 0.20294202864170074, 'learning_rate': 7.483506126295947e-05, 'epoch': 0.63}
{'loss': 0.4816, 'grad_norm': 0.2073434740304947, 'learning_rate': 7.464655984919888e-05, 'epoch': 0.63}
{'loss': 0.5142, 'grad_norm': 0.2080250233411789, 'learning_rate': 7.445805843543828e-05, 'epoch': 0.63}
{'loss': 0.4954, 'grad_norm': 0.192597895860672, 'learning_rate': 7.426955702167767e-05, 'epoch': 0.63}
{'loss': 0.4715, 'grad_norm': 0.2014869898557663, 'learning_rate': 7.408105560791706e-05, 'epoch': 0.63}
{'loss': 0.4711, 'grad_norm': 0.1999577432870865, 'learning_rate': 7.389255419415646e-05, 'epoch': 0.63}
{'loss': 0.4879, 'grad_norm': 0.2146112024784088, 'learning_rate': 7.370405278039586e-05, 'epoch': 0.63}
{'loss': 0.4446, 'grad_norm': 0.20195767283439636, 'learning_rate': 7.351555136663525e-05, 'epoch': 0.63}
{'loss': 0.4564, 'grad_norm': 0.2060781866312027, 'learning_rate': 7.332704995287465e-05, 'epoch': 0.63}
{'loss': 0.4794, 'grad_norm': 0.2015620917081833, 'learning_rate': 7.313854853911405e-05, 'epoch': 0.64}
{'loss': 0.441, 'grad_norm': 0.21183910965919495, 'learning_rate': 7.295004712535345e-05, 'epoch': 0.64}
{'loss': 0.4918, 'grad_norm': 0.20513048768043518, 'learning_rate': 7.276154571159283e-05, 'epoch': 0.64}
{'loss': 0.4601, 'grad_norm': 0.19802704453468323, 'learning_rate': 7.257304429783223e-05, 'epoch': 0.64}
{'loss': 0.4965, 'grad_norm': 0.2038264125585556, 'learning_rate': 7.238454288407164e-05, 'epoch': 0.64}
{'loss': 0.4802, 'grad_norm': 0.20041273534297943, 'learning_rate': 7.219604147031103e-05, 'epoch': 0.64}
{'loss': 0.503, 'grad_norm': 0.20434953272342682, 'learning_rate': 7.200754005655043e-05, 'epoch': 0.64}
{'loss': 0.4866, 'grad_norm': 0.21938122808933258, 'learning_rate': 7.181903864278983e-05, 'epoch': 0.64}
{'loss': 0.4527, 'grad_norm': 0.19518515467643738, 'learning_rate': 7.163053722902922e-05, 'epoch': 0.64}
{'loss': 0.4602, 'grad_norm': 0.19460158050060272, 'learning_rate': 7.144203581526861e-05, 'epoch': 0.64}
{'loss': 0.4922, 'grad_norm': 0.20481668412685394, 'learning_rate': 7.125353440150802e-05, 'epoch': 0.65}
{'loss': 0.478, 'grad_norm': 0.20572492480278015, 'learning_rate': 7.106503298774742e-05, 'epoch': 0.65}
{'loss': 0.4609, 'grad_norm': 0.1991375982761383, 'learning_rate': 7.08765315739868e-05, 'epoch': 0.65}
{'loss': 0.4456, 'grad_norm': 0.20090405642986298, 'learning_rate': 7.06880301602262e-05, 'epoch': 0.65}
{'loss': 0.5, 'grad_norm': 0.2218502014875412, 'learning_rate': 7.04995287464656e-05, 'epoch': 0.65}
{'loss': 0.4942, 'grad_norm': 0.20870015025138855, 'learning_rate': 7.0311027332705e-05, 'epoch': 0.65}
{'loss': 0.5085, 'grad_norm': 0.20763613283634186, 'learning_rate': 7.01225259189444e-05, 'epoch': 0.65}
{'loss': 0.4591, 'grad_norm': 0.20773349702358246, 'learning_rate': 6.99340245051838e-05, 'epoch': 0.65}
{'loss': 0.4797, 'grad_norm': 0.20499663054943085, 'learning_rate': 6.97455230914232e-05, 'epoch': 0.65}
{'loss': 0.4892, 'grad_norm': 0.20433658361434937, 'learning_rate': 6.955702167766258e-05, 'epoch': 0.65}
{'loss': 0.4679, 'grad_norm': 0.21461035311222076, 'learning_rate': 6.936852026390198e-05, 'epoch': 0.65}
{'loss': 0.4586, 'grad_norm': 0.20596575736999512, 'learning_rate': 6.918001885014138e-05, 'epoch': 0.66}
{'loss': 0.4616, 'grad_norm': 0.1982956975698471, 'learning_rate': 6.899151743638079e-05, 'epoch': 0.66}
{'loss': 0.4552, 'grad_norm': 0.1973612755537033, 'learning_rate': 6.880301602262017e-05, 'epoch': 0.66}
{'loss': 0.4752, 'grad_norm': 0.2123144418001175, 'learning_rate': 6.861451460885957e-05, 'epoch': 0.66}
{'loss': 0.5108, 'grad_norm': 0.2042149156332016, 'learning_rate': 6.842601319509897e-05, 'epoch': 0.66}
{'loss': 0.4716, 'grad_norm': 0.20009392499923706, 'learning_rate': 6.823751178133835e-05, 'epoch': 0.66}
{'loss': 0.4791, 'grad_norm': 0.20685139298439026, 'learning_rate': 6.804901036757775e-05, 'epoch': 0.66}
{'loss': 0.4731, 'grad_norm': 0.19801464676856995, 'learning_rate': 6.786050895381716e-05, 'epoch': 0.66}
{'loss': 0.4795, 'grad_norm': 0.19639544188976288, 'learning_rate': 6.767200754005656e-05, 'epoch': 0.66}
{'loss': 0.4428, 'grad_norm': 0.19805224239826202, 'learning_rate': 6.748350612629595e-05, 'epoch': 0.66}
{'loss': 0.4821, 'grad_norm': 0.20499251782894135, 'learning_rate': 6.729500471253535e-05, 'epoch': 0.66}
{'loss': 0.5178, 'grad_norm': 0.20921459794044495, 'learning_rate': 6.710650329877474e-05, 'epoch': 0.67}
{'loss': 0.5025, 'grad_norm': 0.2187388390302658, 'learning_rate': 6.691800188501414e-05, 'epoch': 0.67}
{'loss': 0.4984, 'grad_norm': 0.21164166927337646, 'learning_rate': 6.672950047125354e-05, 'epoch': 0.67}
{'loss': 0.4663, 'grad_norm': 0.20223025977611542, 'learning_rate': 6.654099905749294e-05, 'epoch': 0.67}
{'loss': 0.4678, 'grad_norm': 0.20381902158260345, 'learning_rate': 6.635249764373234e-05, 'epoch': 0.67}
{'loss': 0.4621, 'grad_norm': 0.20800933241844177, 'learning_rate': 6.616399622997172e-05, 'epoch': 0.67}
{'loss': 0.478, 'grad_norm': 0.19889329373836517, 'learning_rate': 6.597549481621112e-05, 'epoch': 0.67}
{'loss': 0.4714, 'grad_norm': 0.1986454427242279, 'learning_rate': 6.578699340245052e-05, 'epoch': 0.67}
{'loss': 0.4364, 'grad_norm': 0.19679436087608337, 'learning_rate': 6.559849198868992e-05, 'epoch': 0.67}
{'loss': 0.5006, 'grad_norm': 0.21013270318508148, 'learning_rate': 6.540999057492932e-05, 'epoch': 0.67}
{'loss': 0.4572, 'grad_norm': 0.20909078419208527, 'learning_rate': 6.522148916116872e-05, 'epoch': 0.68}
{'loss': 0.4376, 'grad_norm': 0.20144179463386536, 'learning_rate': 6.503298774740811e-05, 'epoch': 0.68}
{'loss': 0.4799, 'grad_norm': 0.21274815499782562, 'learning_rate': 6.48444863336475e-05, 'epoch': 0.68}
{'loss': 0.4918, 'grad_norm': 0.2115262746810913, 'learning_rate': 6.46559849198869e-05, 'epoch': 0.68}
{'loss': 0.507, 'grad_norm': 0.21296259760856628, 'learning_rate': 6.446748350612631e-05, 'epoch': 0.68}
{'loss': 0.4742, 'grad_norm': 0.2002352774143219, 'learning_rate': 6.42789820923657e-05, 'epoch': 0.68}
{'loss': 0.5015, 'grad_norm': 0.21427835524082184, 'learning_rate': 6.409048067860509e-05, 'epoch': 0.68}
{'loss': 0.4865, 'grad_norm': 0.20957621932029724, 'learning_rate': 6.390197926484449e-05, 'epoch': 0.68}
{'loss': 0.4737, 'grad_norm': 0.20481812953948975, 'learning_rate': 6.371347785108389e-05, 'epoch': 0.68}
{'loss': 0.4619, 'grad_norm': 0.19834408164024353, 'learning_rate': 6.352497643732329e-05, 'epoch': 0.68}
{'loss': 0.4859, 'grad_norm': 0.19754211604595184, 'learning_rate': 6.333647502356269e-05, 'epoch': 0.68}
{'loss': 0.4856, 'grad_norm': 0.2027219533920288, 'learning_rate': 6.314797360980208e-05, 'epoch': 0.69}
{'loss': 0.4317, 'grad_norm': 0.199214369058609, 'learning_rate': 6.295947219604147e-05, 'epoch': 0.69}
{'loss': 0.4882, 'grad_norm': 0.20182375609874725, 'learning_rate': 6.277097078228087e-05, 'epoch': 0.69}
{'loss': 0.4973, 'grad_norm': 0.19725169241428375, 'learning_rate': 6.258246936852027e-05, 'epoch': 0.69}
{'loss': 0.4981, 'grad_norm': 0.2063462734222412, 'learning_rate': 6.239396795475966e-05, 'epoch': 0.69}
{'loss': 0.4805, 'grad_norm': 0.2002796232700348, 'learning_rate': 6.220546654099906e-05, 'epoch': 0.69}
{'loss': 0.5014, 'grad_norm': 0.2066018432378769, 'learning_rate': 6.201696512723846e-05, 'epoch': 0.69}
{'loss': 0.4745, 'grad_norm': 0.199745312333107, 'learning_rate': 6.182846371347786e-05, 'epoch': 0.69}
{'loss': 0.4931, 'grad_norm': 0.20983466506004333, 'learning_rate': 6.163996229971724e-05, 'epoch': 0.69}
{'loss': 0.4916, 'grad_norm': 0.20796771347522736, 'learning_rate': 6.145146088595664e-05, 'epoch': 0.69}
{'loss': 0.4808, 'grad_norm': 0.19948220252990723, 'learning_rate': 6.126295947219604e-05, 'epoch': 0.69}
{'loss': 0.4628, 'grad_norm': 0.20243388414382935, 'learning_rate': 6.107445805843545e-05, 'epoch': 0.7}
{'loss': 0.4947, 'grad_norm': 0.20484255254268646, 'learning_rate': 6.088595664467484e-05, 'epoch': 0.7}
{'loss': 0.4881, 'grad_norm': 0.20343652367591858, 'learning_rate': 6.0697455230914236e-05, 'epoch': 0.7}
{'loss': 0.515, 'grad_norm': 0.2126380056142807, 'learning_rate': 6.0508953817153634e-05, 'epoch': 0.7}
{'loss': 0.4831, 'grad_norm': 0.21307526528835297, 'learning_rate': 6.0320452403393026e-05, 'epoch': 0.7}
{'loss': 0.4701, 'grad_norm': 0.19949881732463837, 'learning_rate': 6.0131950989632424e-05, 'epoch': 0.7}
{'loss': 0.4572, 'grad_norm': 0.20902910828590393, 'learning_rate': 5.994344957587182e-05, 'epoch': 0.7}
{'loss': 0.4405, 'grad_norm': 0.1911872923374176, 'learning_rate': 5.975494816211122e-05, 'epoch': 0.7}
{'loss': 0.4878, 'grad_norm': 0.20735570788383484, 'learning_rate': 5.956644674835061e-05, 'epoch': 0.7}
{'loss': 0.4692, 'grad_norm': 0.20760656893253326, 'learning_rate': 5.937794533459001e-05, 'epoch': 0.7}
{'loss': 0.479, 'grad_norm': 0.2134130746126175, 'learning_rate': 5.9189443920829416e-05, 'epoch': 0.71}
{'loss': 0.4575, 'grad_norm': 0.2017083764076233, 'learning_rate': 5.90009425070688e-05, 'epoch': 0.71}
{'loss': 0.5276, 'grad_norm': 0.21794691681861877, 'learning_rate': 5.88124410933082e-05, 'epoch': 0.71}
{'loss': 0.4732, 'grad_norm': 0.20588147640228271, 'learning_rate': 5.8623939679547604e-05, 'epoch': 0.71}
{'loss': 0.4557, 'grad_norm': 0.20876458287239075, 'learning_rate': 5.8435438265787e-05, 'epoch': 0.71}
{'loss': 0.486, 'grad_norm': 0.20847748219966888, 'learning_rate': 5.824693685202639e-05, 'epoch': 0.71}
{'loss': 0.5321, 'grad_norm': 0.20922787487506866, 'learning_rate': 5.805843543826579e-05, 'epoch': 0.71}
{'loss': 0.4898, 'grad_norm': 0.20526982843875885, 'learning_rate': 5.786993402450519e-05, 'epoch': 0.71}
{'loss': 0.4969, 'grad_norm': 0.20332291722297668, 'learning_rate': 5.7681432610744576e-05, 'epoch': 0.71}
{'loss': 0.4874, 'grad_norm': 0.21177297830581665, 'learning_rate': 5.749293119698398e-05, 'epoch': 0.71}
{'loss': 0.4728, 'grad_norm': 0.20379169285297394, 'learning_rate': 5.730442978322338e-05, 'epoch': 0.71}
{'loss': 0.5281, 'grad_norm': 0.21206972002983093, 'learning_rate': 5.711592836946278e-05, 'epoch': 0.72}
{'loss': 0.4606, 'grad_norm': 0.1976487785577774, 'learning_rate': 5.692742695570217e-05, 'epoch': 0.72}
{'loss': 0.4423, 'grad_norm': 0.20655257999897003, 'learning_rate': 5.673892554194157e-05, 'epoch': 0.72}
{'loss': 0.4511, 'grad_norm': 0.203748881816864, 'learning_rate': 5.6550424128180966e-05, 'epoch': 0.72}
{'loss': 0.5156, 'grad_norm': 0.22281351685523987, 'learning_rate': 5.636192271442036e-05, 'epoch': 0.72}
{'loss': 0.4462, 'grad_norm': 0.2047530561685562, 'learning_rate': 5.6173421300659756e-05, 'epoch': 0.72}
{'loss': 0.4681, 'grad_norm': 0.2050607055425644, 'learning_rate': 5.5984919886899155e-05, 'epoch': 0.72}
{'loss': 0.4807, 'grad_norm': 0.2153543084859848, 'learning_rate': 5.579641847313856e-05, 'epoch': 0.72}
{'loss': 0.4582, 'grad_norm': 0.20398589968681335, 'learning_rate': 5.5607917059377945e-05, 'epoch': 0.72}
{'loss': 0.4678, 'grad_norm': 0.20748937129974365, 'learning_rate': 5.541941564561734e-05, 'epoch': 0.72}
{'loss': 0.4762, 'grad_norm': 0.22170577943325043, 'learning_rate': 5.523091423185675e-05, 'epoch': 0.72}
{'loss': 0.4595, 'grad_norm': 0.21993286907672882, 'learning_rate': 5.504241281809613e-05, 'epoch': 0.73}
{'loss': 0.5058, 'grad_norm': 0.21175535023212433, 'learning_rate': 5.485391140433553e-05, 'epoch': 0.73}
{'loss': 0.4753, 'grad_norm': 0.20369842648506165, 'learning_rate': 5.4665409990574936e-05, 'epoch': 0.73}
{'loss': 0.5146, 'grad_norm': 0.22406868636608124, 'learning_rate': 5.4476908576814335e-05, 'epoch': 0.73}
{'loss': 0.4515, 'grad_norm': 0.1991310715675354, 'learning_rate': 5.428840716305372e-05, 'epoch': 0.73}
{'loss': 0.4611, 'grad_norm': 0.21164053678512573, 'learning_rate': 5.4099905749293125e-05, 'epoch': 0.73}
{'loss': 0.4804, 'grad_norm': 0.21070846915245056, 'learning_rate': 5.391140433553252e-05, 'epoch': 0.73}
{'loss': 0.4786, 'grad_norm': 0.2094680666923523, 'learning_rate': 5.3722902921771915e-05, 'epoch': 0.73}
{'loss': 0.5258, 'grad_norm': 0.21174097061157227, 'learning_rate': 5.353440150801131e-05, 'epoch': 0.73}
{'loss': 0.4838, 'grad_norm': 0.20325405895709991, 'learning_rate': 5.334590009425071e-05, 'epoch': 0.73}
{'loss': 0.4991, 'grad_norm': 0.2045653760433197, 'learning_rate': 5.315739868049011e-05, 'epoch': 0.74}
{'loss': 0.5054, 'grad_norm': 0.21628877520561218, 'learning_rate': 5.29688972667295e-05, 'epoch': 0.74}
{'loss': 0.4623, 'grad_norm': 0.19355341792106628, 'learning_rate': 5.27803958529689e-05, 'epoch': 0.74}
{'loss': 0.4657, 'grad_norm': 0.20352309942245483, 'learning_rate': 5.25918944392083e-05, 'epoch': 0.74}
{'loss': 0.4633, 'grad_norm': 0.1989688277244568, 'learning_rate': 5.240339302544769e-05, 'epoch': 0.74}
{'loss': 0.4447, 'grad_norm': 0.19080018997192383, 'learning_rate': 5.221489161168709e-05, 'epoch': 0.74}
{'loss': 0.4711, 'grad_norm': 0.20182766020298004, 'learning_rate': 5.202639019792649e-05, 'epoch': 0.74}
{'loss': 0.4645, 'grad_norm': 0.20424200594425201, 'learning_rate': 5.183788878416589e-05, 'epoch': 0.74}
{'loss': 0.4758, 'grad_norm': 0.19526150822639465, 'learning_rate': 5.164938737040528e-05, 'epoch': 0.74}
{'loss': 0.4787, 'grad_norm': 0.21524235606193542, 'learning_rate': 5.1460885956644675e-05, 'epoch': 0.74}
{'loss': 0.4775, 'grad_norm': 0.20579223334789276, 'learning_rate': 5.127238454288408e-05, 'epoch': 0.74}
{'loss': 0.4897, 'grad_norm': 0.21504278481006622, 'learning_rate': 5.1083883129123465e-05, 'epoch': 0.75}
{'loss': 0.4737, 'grad_norm': 0.2154366672039032, 'learning_rate': 5.0895381715362863e-05, 'epoch': 0.75}
{'loss': 0.4732, 'grad_norm': 0.20356640219688416, 'learning_rate': 5.070688030160227e-05, 'epoch': 0.75}
{'loss': 0.4731, 'grad_norm': 0.19914153218269348, 'learning_rate': 5.051837888784167e-05, 'epoch': 0.75}
{'loss': 0.4934, 'grad_norm': 0.20989517867565155, 'learning_rate': 5.032987747408106e-05, 'epoch': 0.75}
{'loss': 0.4864, 'grad_norm': 0.19924898445606232, 'learning_rate': 5.014137606032046e-05, 'epoch': 0.75}
{'loss': 0.4779, 'grad_norm': 0.20089827477931976, 'learning_rate': 4.995287464655985e-05, 'epoch': 0.75}
{'loss': 0.4629, 'grad_norm': 0.1970408856868744, 'learning_rate': 4.976437323279925e-05, 'epoch': 0.75}
{'loss': 0.4791, 'grad_norm': 0.2125604897737503, 'learning_rate': 4.9575871819038645e-05, 'epoch': 0.75}
{'loss': 0.4889, 'grad_norm': 0.2014824002981186, 'learning_rate': 4.9387370405278044e-05, 'epoch': 0.75}
{'loss': 0.4922, 'grad_norm': 0.2037457972764969, 'learning_rate': 4.9198868991517435e-05, 'epoch': 0.75}
{'loss': 0.4496, 'grad_norm': 0.20026633143424988, 'learning_rate': 4.901036757775684e-05, 'epoch': 0.76}
{'loss': 0.4752, 'grad_norm': 0.19341394305229187, 'learning_rate': 4.882186616399623e-05, 'epoch': 0.76}
{'loss': 0.498, 'grad_norm': 0.20610971748828888, 'learning_rate': 4.8633364750235624e-05, 'epoch': 0.76}
{'loss': 0.5032, 'grad_norm': 0.20771843194961548, 'learning_rate': 4.844486333647503e-05, 'epoch': 0.76}
{'loss': 0.4673, 'grad_norm': 0.20747993886470795, 'learning_rate': 4.825636192271442e-05, 'epoch': 0.76}
{'loss': 0.4422, 'grad_norm': 0.20363837480545044, 'learning_rate': 4.806786050895382e-05, 'epoch': 0.76}
{'loss': 0.4966, 'grad_norm': 0.20456641912460327, 'learning_rate': 4.787935909519322e-05, 'epoch': 0.76}
{'loss': 0.5088, 'grad_norm': 0.22072024643421173, 'learning_rate': 4.7690857681432616e-05, 'epoch': 0.76}
{'loss': 0.4848, 'grad_norm': 0.21201734244823456, 'learning_rate': 4.750235626767201e-05, 'epoch': 0.76}
{'loss': 0.4806, 'grad_norm': 0.20321542024612427, 'learning_rate': 4.7313854853911406e-05, 'epoch': 0.76}
{'loss': 0.4859, 'grad_norm': 0.20267927646636963, 'learning_rate': 4.7125353440150804e-05, 'epoch': 0.77}
{'loss': 0.4997, 'grad_norm': 0.20861609280109406, 'learning_rate': 4.6936852026390196e-05, 'epoch': 0.77}
{'loss': 0.4563, 'grad_norm': 0.1972781866788864, 'learning_rate': 4.67483506126296e-05, 'epoch': 0.77}
{'loss': 0.4675, 'grad_norm': 0.19805283844470978, 'learning_rate': 4.655984919886899e-05, 'epoch': 0.77}
{'loss': 0.4689, 'grad_norm': 0.20943410694599152, 'learning_rate': 4.637134778510839e-05, 'epoch': 0.77}
{'loss': 0.4811, 'grad_norm': 0.19875451922416687, 'learning_rate': 4.618284637134779e-05, 'epoch': 0.77}
{'loss': 0.461, 'grad_norm': 0.2055647373199463, 'learning_rate': 4.599434495758718e-05, 'epoch': 0.77}
{'loss': 0.4674, 'grad_norm': 0.2052805870771408, 'learning_rate': 4.580584354382658e-05, 'epoch': 0.77}
{'loss': 0.4597, 'grad_norm': 0.21408799290657043, 'learning_rate': 4.561734213006598e-05, 'epoch': 0.77}
{'loss': 0.4718, 'grad_norm': 0.19618946313858032, 'learning_rate': 4.5428840716305376e-05, 'epoch': 0.77}
{'loss': 0.4736, 'grad_norm': 0.20789694786071777, 'learning_rate': 4.524033930254477e-05, 'epoch': 0.77}
{'loss': 0.4512, 'grad_norm': 0.20528286695480347, 'learning_rate': 4.505183788878417e-05, 'epoch': 0.78}
{'loss': 0.4847, 'grad_norm': 0.21248972415924072, 'learning_rate': 4.4863336475023564e-05, 'epoch': 0.78}
{'loss': 0.4815, 'grad_norm': 0.20906543731689453, 'learning_rate': 4.467483506126296e-05, 'epoch': 0.78}
{'loss': 0.4989, 'grad_norm': 0.20620165765285492, 'learning_rate': 4.448633364750236e-05, 'epoch': 0.78}
{'loss': 0.4629, 'grad_norm': 0.21551674604415894, 'learning_rate': 4.429783223374175e-05, 'epoch': 0.78}
{'loss': 0.5086, 'grad_norm': 0.22344675660133362, 'learning_rate': 4.410933081998115e-05, 'epoch': 0.78}
{'loss': 0.4841, 'grad_norm': 0.2033786177635193, 'learning_rate': 4.392082940622055e-05, 'epoch': 0.78}
{'loss': 0.4479, 'grad_norm': 0.2026718407869339, 'learning_rate': 4.373232799245995e-05, 'epoch': 0.78}
{'loss': 0.4568, 'grad_norm': 0.19687916338443756, 'learning_rate': 4.354382657869934e-05, 'epoch': 0.78}
{'loss': 0.4878, 'grad_norm': 0.20941661298274994, 'learning_rate': 4.335532516493874e-05, 'epoch': 0.78}
{'loss': 0.4909, 'grad_norm': 0.21217353641986847, 'learning_rate': 4.3166823751178136e-05, 'epoch': 0.78}
{'loss': 0.4746, 'grad_norm': 0.22200718522071838, 'learning_rate': 4.2978322337417535e-05, 'epoch': 0.79}
{'loss': 0.4462, 'grad_norm': 0.20354852080345154, 'learning_rate': 4.278982092365693e-05, 'epoch': 0.79}
{'loss': 0.4418, 'grad_norm': 0.20947451889514923, 'learning_rate': 4.2601319509896325e-05, 'epoch': 0.79}
{'loss': 0.4521, 'grad_norm': 0.21005797386169434, 'learning_rate': 4.241281809613572e-05, 'epoch': 0.79}
{'loss': 0.5015, 'grad_norm': 0.21291998028755188, 'learning_rate': 4.222431668237512e-05, 'epoch': 0.79}
{'loss': 0.4877, 'grad_norm': 0.2056725174188614, 'learning_rate': 4.203581526861451e-05, 'epoch': 0.79}
{'loss': 0.473, 'grad_norm': 0.20691239833831787, 'learning_rate': 4.184731385485391e-05, 'epoch': 0.79}
{'loss': 0.4479, 'grad_norm': 0.2060052752494812, 'learning_rate': 4.165881244109331e-05, 'epoch': 0.79}
{'loss': 0.5129, 'grad_norm': 0.2176605612039566, 'learning_rate': 4.147031102733271e-05, 'epoch': 0.79}
{'loss': 0.4613, 'grad_norm': 0.21089628338813782, 'learning_rate': 4.1281809613572106e-05, 'epoch': 0.79}
{'loss': 0.4894, 'grad_norm': 0.206416055560112, 'learning_rate': 4.1093308199811505e-05, 'epoch': 0.8}
{'loss': 0.47, 'grad_norm': 0.19816093146800995, 'learning_rate': 4.0904806786050896e-05, 'epoch': 0.8}
{'loss': 0.4609, 'grad_norm': 0.20245325565338135, 'learning_rate': 4.0716305372290295e-05, 'epoch': 0.8}
{'loss': 0.4578, 'grad_norm': 0.2104978859424591, 'learning_rate': 4.052780395852969e-05, 'epoch': 0.8}
{'loss': 0.5302, 'grad_norm': 0.22309933602809906, 'learning_rate': 4.0339302544769085e-05, 'epoch': 0.8}
{'loss': 0.4341, 'grad_norm': 0.20577184855937958, 'learning_rate': 4.015080113100848e-05, 'epoch': 0.8}
{'loss': 0.4598, 'grad_norm': 0.19901622831821442, 'learning_rate': 3.996229971724788e-05, 'epoch': 0.8}
{'loss': 0.5001, 'grad_norm': 0.20972223579883575, 'learning_rate': 3.977379830348728e-05, 'epoch': 0.8}
{'loss': 0.4859, 'grad_norm': 0.21264228224754333, 'learning_rate': 3.958529688972668e-05, 'epoch': 0.8}
{'loss': 0.4592, 'grad_norm': 0.2010226994752884, 'learning_rate': 3.939679547596607e-05, 'epoch': 0.8}
{'loss': 0.4846, 'grad_norm': 0.20801697671413422, 'learning_rate': 3.920829406220547e-05, 'epoch': 0.8}
{'loss': 0.4893, 'grad_norm': 0.20718421041965485, 'learning_rate': 3.901979264844487e-05, 'epoch': 0.81}
{'loss': 0.4606, 'grad_norm': 0.2078896164894104, 'learning_rate': 3.8831291234684265e-05, 'epoch': 0.81}
{'loss': 0.4619, 'grad_norm': 0.21287064254283905, 'learning_rate': 3.864278982092366e-05, 'epoch': 0.81}
{'loss': 0.5056, 'grad_norm': 0.21230317652225494, 'learning_rate': 3.8454288407163055e-05, 'epoch': 0.81}
{'loss': 0.4584, 'grad_norm': 0.2016456127166748, 'learning_rate': 3.8265786993402453e-05, 'epoch': 0.81}
{'loss': 0.4626, 'grad_norm': 0.2050369381904602, 'learning_rate': 3.8077285579641845e-05, 'epoch': 0.81}
{'loss': 0.4695, 'grad_norm': 0.20620085299015045, 'learning_rate': 3.788878416588125e-05, 'epoch': 0.81}
{'loss': 0.5075, 'grad_norm': 0.2169499546289444, 'learning_rate': 3.770028275212064e-05, 'epoch': 0.81}
{'loss': 0.4784, 'grad_norm': 0.2071460783481598, 'learning_rate': 3.751178133836004e-05, 'epoch': 0.81}
{'loss': 0.4815, 'grad_norm': 0.20464836061000824, 'learning_rate': 3.732327992459944e-05, 'epoch': 0.81}
{'loss': 0.4414, 'grad_norm': 0.1990930736064911, 'learning_rate': 3.713477851083884e-05, 'epoch': 0.82}
{'loss': 0.4768, 'grad_norm': 0.2020374834537506, 'learning_rate': 3.694627709707823e-05, 'epoch': 0.82}
{'loss': 0.488, 'grad_norm': 0.21338708698749542, 'learning_rate': 3.675777568331763e-05, 'epoch': 0.82}
{'loss': 0.4709, 'grad_norm': 0.2231857180595398, 'learning_rate': 3.6569274269557025e-05, 'epoch': 0.82}
{'loss': 0.4884, 'grad_norm': 0.21345041692256927, 'learning_rate': 3.638077285579642e-05, 'epoch': 0.82}
{'loss': 0.4867, 'grad_norm': 0.2103830873966217, 'learning_rate': 3.619227144203582e-05, 'epoch': 0.82}
{'loss': 0.4571, 'grad_norm': 0.20865479111671448, 'learning_rate': 3.6003770028275214e-05, 'epoch': 0.82}
{'loss': 0.4607, 'grad_norm': 0.19694821536540985, 'learning_rate': 3.581526861451461e-05, 'epoch': 0.82}
{'loss': 0.4594, 'grad_norm': 0.19515155255794525, 'learning_rate': 3.562676720075401e-05, 'epoch': 0.82}
{'loss': 0.495, 'grad_norm': 0.2116009145975113, 'learning_rate': 3.54382657869934e-05, 'epoch': 0.82}
{'loss': 0.4416, 'grad_norm': 0.198270782828331, 'learning_rate': 3.52497643732328e-05, 'epoch': 0.82}
{'loss': 0.4531, 'grad_norm': 0.20483161509037018, 'learning_rate': 3.50612629594722e-05, 'epoch': 0.83}
{'loss': 0.5045, 'grad_norm': 0.2117043137550354, 'learning_rate': 3.48727615457116e-05, 'epoch': 0.83}
{'loss': 0.4707, 'grad_norm': 0.2022992968559265, 'learning_rate': 3.468426013195099e-05, 'epoch': 0.83}
{'loss': 0.4768, 'grad_norm': 0.21802490949630737, 'learning_rate': 3.4495758718190394e-05, 'epoch': 0.83}
{'loss': 0.4633, 'grad_norm': 0.202398419380188, 'learning_rate': 3.4307257304429786e-05, 'epoch': 0.83}
{'loss': 0.4767, 'grad_norm': 0.2124701738357544, 'learning_rate': 3.411875589066918e-05, 'epoch': 0.83}
{'loss': 0.5, 'grad_norm': 0.2076014280319214, 'learning_rate': 3.393025447690858e-05, 'epoch': 0.83}
{'loss': 0.4933, 'grad_norm': 0.20766274631023407, 'learning_rate': 3.3741753063147974e-05, 'epoch': 0.83}
{'loss': 0.465, 'grad_norm': 0.20868045091629028, 'learning_rate': 3.355325164938737e-05, 'epoch': 0.83}
{'loss': 0.5053, 'grad_norm': 0.2109876126050949, 'learning_rate': 3.336475023562677e-05, 'epoch': 0.83}
{'loss': 0.4749, 'grad_norm': 0.211851105093956, 'learning_rate': 3.317624882186617e-05, 'epoch': 0.83}
{'loss': 0.4258, 'grad_norm': 0.2055225819349289, 'learning_rate': 3.298774740810556e-05, 'epoch': 0.84}
{'loss': 0.4727, 'grad_norm': 0.20285376906394958, 'learning_rate': 3.279924599434496e-05, 'epoch': 0.84}
{'loss': 0.47, 'grad_norm': 0.209726020693779, 'learning_rate': 3.261074458058436e-05, 'epoch': 0.84}
{'loss': 0.4633, 'grad_norm': 0.20432786643505096, 'learning_rate': 3.242224316682375e-05, 'epoch': 0.84}
{'loss': 0.4798, 'grad_norm': 0.2161015123128891, 'learning_rate': 3.2233741753063154e-05, 'epoch': 0.84}
{'loss': 0.4839, 'grad_norm': 0.2028072625398636, 'learning_rate': 3.2045240339302546e-05, 'epoch': 0.84}
{'loss': 0.4594, 'grad_norm': 0.2029089629650116, 'learning_rate': 3.1856738925541944e-05, 'epoch': 0.84}
{'loss': 0.4896, 'grad_norm': 0.20774120092391968, 'learning_rate': 3.166823751178134e-05, 'epoch': 0.84}
{'loss': 0.4563, 'grad_norm': 0.1927918642759323, 'learning_rate': 3.1479736098020734e-05, 'epoch': 0.84}
{'loss': 0.4378, 'grad_norm': 0.1974545419216156, 'learning_rate': 3.129123468426013e-05, 'epoch': 0.84}
{'loss': 0.4531, 'grad_norm': 0.211381733417511, 'learning_rate': 3.110273327049953e-05, 'epoch': 0.85}
{'loss': 0.5151, 'grad_norm': 0.20431570708751678, 'learning_rate': 3.091423185673893e-05, 'epoch': 0.85}
{'loss': 0.4332, 'grad_norm': 0.19257231056690216, 'learning_rate': 3.072573044297832e-05, 'epoch': 0.85}
{'loss': 0.4488, 'grad_norm': 0.20615586638450623, 'learning_rate': 3.0537229029217726e-05, 'epoch': 0.85}
{'loss': 0.4463, 'grad_norm': 0.2081323117017746, 'learning_rate': 3.0348727615457118e-05, 'epoch': 0.85}
{'loss': 0.4353, 'grad_norm': 0.2024383693933487, 'learning_rate': 3.0160226201696513e-05, 'epoch': 0.85}
{'loss': 0.4791, 'grad_norm': 0.21440841257572174, 'learning_rate': 2.997172478793591e-05, 'epoch': 0.85}
{'loss': 0.4643, 'grad_norm': 0.20338061451911926, 'learning_rate': 2.9783223374175306e-05, 'epoch': 0.85}
{'loss': 0.4785, 'grad_norm': 0.21376235783100128, 'learning_rate': 2.9594721960414708e-05, 'epoch': 0.85}
{'loss': 0.4464, 'grad_norm': 0.21031281352043152, 'learning_rate': 2.94062205466541e-05, 'epoch': 0.85}
{'loss': 0.4393, 'grad_norm': 0.2111048698425293, 'learning_rate': 2.92177191328935e-05, 'epoch': 0.85}
{'loss': 0.4903, 'grad_norm': 0.21740028262138367, 'learning_rate': 2.9029217719132896e-05, 'epoch': 0.86}
{'loss': 0.4371, 'grad_norm': 0.2008274644613266, 'learning_rate': 2.8840716305372288e-05, 'epoch': 0.86}
{'loss': 0.4705, 'grad_norm': 0.20504452288150787, 'learning_rate': 2.865221489161169e-05, 'epoch': 0.86}
{'loss': 0.511, 'grad_norm': 0.21646638214588165, 'learning_rate': 2.8463713477851085e-05, 'epoch': 0.86}
{'loss': 0.4969, 'grad_norm': 0.2084456980228424, 'learning_rate': 2.8275212064090483e-05, 'epoch': 0.86}
{'loss': 0.4726, 'grad_norm': 0.20905835926532745, 'learning_rate': 2.8086710650329878e-05, 'epoch': 0.86}
{'loss': 0.47, 'grad_norm': 0.21248625218868256, 'learning_rate': 2.789820923656928e-05, 'epoch': 0.86}
{'loss': 0.4599, 'grad_norm': 0.21182146668434143, 'learning_rate': 2.770970782280867e-05, 'epoch': 0.86}
{'loss': 0.4678, 'grad_norm': 0.20614823698997498, 'learning_rate': 2.7521206409048066e-05, 'epoch': 0.86}
{'loss': 0.4986, 'grad_norm': 0.22097666561603546, 'learning_rate': 2.7332704995287468e-05, 'epoch': 0.86}
{'loss': 0.488, 'grad_norm': 0.22837626934051514, 'learning_rate': 2.714420358152686e-05, 'epoch': 0.86}
{'loss': 0.4719, 'grad_norm': 0.20866824686527252, 'learning_rate': 2.695570216776626e-05, 'epoch': 0.87}
{'loss': 0.4928, 'grad_norm': 0.21469958126544952, 'learning_rate': 2.6767200754005657e-05, 'epoch': 0.87}
{'loss': 0.4537, 'grad_norm': 0.20683641731739044, 'learning_rate': 2.6578699340245055e-05, 'epoch': 0.87}
{'loss': 0.4648, 'grad_norm': 0.20897717773914337, 'learning_rate': 2.639019792648445e-05, 'epoch': 0.87}
{'loss': 0.4678, 'grad_norm': 0.19601887464523315, 'learning_rate': 2.6201696512723845e-05, 'epoch': 0.87}
{'loss': 0.457, 'grad_norm': 0.19222956895828247, 'learning_rate': 2.6013195098963243e-05, 'epoch': 0.87}
{'loss': 0.4993, 'grad_norm': 0.21278297901153564, 'learning_rate': 2.582469368520264e-05, 'epoch': 0.87}
{'loss': 0.465, 'grad_norm': 0.20679296553134918, 'learning_rate': 2.563619227144204e-05, 'epoch': 0.87}
{'loss': 0.4732, 'grad_norm': 0.20404402911663055, 'learning_rate': 2.5447690857681432e-05, 'epoch': 0.87}
{'loss': 0.4505, 'grad_norm': 0.2086198478937149, 'learning_rate': 2.5259189443920834e-05, 'epoch': 0.87}
{'loss': 0.5106, 'grad_norm': 0.21135003864765167, 'learning_rate': 2.507068803016023e-05, 'epoch': 0.88}
{'loss': 0.4659, 'grad_norm': 0.20418187975883484, 'learning_rate': 2.4882186616399623e-05, 'epoch': 0.88}
{'loss': 0.4497, 'grad_norm': 0.20561563968658447, 'learning_rate': 2.4693685202639022e-05, 'epoch': 0.88}
{'loss': 0.4855, 'grad_norm': 0.22041988372802734, 'learning_rate': 2.450518378887842e-05, 'epoch': 0.88}
{'loss': 0.4422, 'grad_norm': 0.19540627300739288, 'learning_rate': 2.4316682375117812e-05, 'epoch': 0.88}
{'loss': 0.4502, 'grad_norm': 0.19959543645381927, 'learning_rate': 2.412818096135721e-05, 'epoch': 0.88}
{'loss': 0.4729, 'grad_norm': 0.20576488971710205, 'learning_rate': 2.393967954759661e-05, 'epoch': 0.88}
{'loss': 0.4652, 'grad_norm': 0.20333844423294067, 'learning_rate': 2.3751178133836004e-05, 'epoch': 0.88}
{'loss': 0.4482, 'grad_norm': 0.20708729326725006, 'learning_rate': 2.3562676720075402e-05, 'epoch': 0.88}
{'loss': 0.4895, 'grad_norm': 0.2095920443534851, 'learning_rate': 2.33741753063148e-05, 'epoch': 0.88}
{'loss': 0.4319, 'grad_norm': 0.20148493349552155, 'learning_rate': 2.3185673892554195e-05, 'epoch': 0.88}
{'loss': 0.4924, 'grad_norm': 0.2123863846063614, 'learning_rate': 2.299717247879359e-05, 'epoch': 0.89}
{'loss': 0.4949, 'grad_norm': 0.2167704850435257, 'learning_rate': 2.280867106503299e-05, 'epoch': 0.89}
{'loss': 0.4716, 'grad_norm': 0.2203107625246048, 'learning_rate': 2.2620169651272384e-05, 'epoch': 0.89}
{'loss': 0.4578, 'grad_norm': 0.21081943809986115, 'learning_rate': 2.2431668237511782e-05, 'epoch': 0.89}
{'loss': 0.4764, 'grad_norm': 0.2025301158428192, 'learning_rate': 2.224316682375118e-05, 'epoch': 0.89}
{'loss': 0.4718, 'grad_norm': 0.21199364960193634, 'learning_rate': 2.2054665409990576e-05, 'epoch': 0.89}
{'loss': 0.4668, 'grad_norm': 0.21676000952720642, 'learning_rate': 2.1866163996229974e-05, 'epoch': 0.89}
{'loss': 0.4988, 'grad_norm': 0.2262120544910431, 'learning_rate': 2.167766258246937e-05, 'epoch': 0.89}
{'loss': 0.4325, 'grad_norm': 0.19828937947750092, 'learning_rate': 2.1489161168708767e-05, 'epoch': 0.89}
{'loss': 0.4985, 'grad_norm': 0.22803357243537903, 'learning_rate': 2.1300659754948162e-05, 'epoch': 0.89}
{'loss': 0.5021, 'grad_norm': 0.21138830482959747, 'learning_rate': 2.111215834118756e-05, 'epoch': 0.89}
{'loss': 0.4573, 'grad_norm': 0.205750972032547, 'learning_rate': 2.0923656927426956e-05, 'epoch': 0.9}
{'loss': 0.5074, 'grad_norm': 0.21950680017471313, 'learning_rate': 2.0735155513666354e-05, 'epoch': 0.9}
{'loss': 0.4653, 'grad_norm': 0.2157105952501297, 'learning_rate': 2.0546654099905752e-05, 'epoch': 0.9}
{'loss': 0.4619, 'grad_norm': 0.20572373270988464, 'learning_rate': 2.0358152686145147e-05, 'epoch': 0.9}
{'loss': 0.4635, 'grad_norm': 0.20462046563625336, 'learning_rate': 2.0169651272384542e-05, 'epoch': 0.9}
{'loss': 0.4835, 'grad_norm': 0.2199299931526184, 'learning_rate': 1.998114985862394e-05, 'epoch': 0.9}
{'loss': 0.4723, 'grad_norm': 0.2278466373682022, 'learning_rate': 1.979264844486334e-05, 'epoch': 0.9}
{'loss': 0.4762, 'grad_norm': 0.20575881004333496, 'learning_rate': 1.9604147031102734e-05, 'epoch': 0.9}
{'loss': 0.4608, 'grad_norm': 0.20146869122982025, 'learning_rate': 1.9415645617342133e-05, 'epoch': 0.9}
{'loss': 0.458, 'grad_norm': 0.21006828546524048, 'learning_rate': 1.9227144203581528e-05, 'epoch': 0.9}
{'loss': 0.4812, 'grad_norm': 0.21618355810642242, 'learning_rate': 1.9038642789820923e-05, 'epoch': 0.91}
{'loss': 0.4757, 'grad_norm': 0.2083536982536316, 'learning_rate': 1.885014137606032e-05, 'epoch': 0.91}
{'loss': 0.4508, 'grad_norm': 0.20490925014019012, 'learning_rate': 1.866163996229972e-05, 'epoch': 0.91}
{'loss': 0.4953, 'grad_norm': 0.20971250534057617, 'learning_rate': 1.8473138548539114e-05, 'epoch': 0.91}
{'loss': 0.4562, 'grad_norm': 0.1990428864955902, 'learning_rate': 1.8284637134778513e-05, 'epoch': 0.91}
{'loss': 0.4676, 'grad_norm': 0.21601499617099762, 'learning_rate': 1.809613572101791e-05, 'epoch': 0.91}
{'loss': 0.4889, 'grad_norm': 0.21967007219791412, 'learning_rate': 1.7907634307257306e-05, 'epoch': 0.91}
{'loss': 0.4978, 'grad_norm': 0.20302876830101013, 'learning_rate': 1.77191328934967e-05, 'epoch': 0.91}
{'loss': 0.5144, 'grad_norm': 0.21654780209064484, 'learning_rate': 1.75306314797361e-05, 'epoch': 0.91}
{'loss': 0.4882, 'grad_norm': 0.21171912550926208, 'learning_rate': 1.7342130065975494e-05, 'epoch': 0.91}
{'loss': 0.468, 'grad_norm': 0.20351240038871765, 'learning_rate': 1.7153628652214893e-05, 'epoch': 0.91}
{'loss': 0.5069, 'grad_norm': 0.21026888489723206, 'learning_rate': 1.696512723845429e-05, 'epoch': 0.92}
{'loss': 0.4723, 'grad_norm': 0.20761732757091522, 'learning_rate': 1.6776625824693686e-05, 'epoch': 0.92}
{'loss': 0.4863, 'grad_norm': 0.2080974131822586, 'learning_rate': 1.6588124410933085e-05, 'epoch': 0.92}
{'loss': 0.4809, 'grad_norm': 0.21589042246341705, 'learning_rate': 1.639962299717248e-05, 'epoch': 0.92}
{'loss': 0.4657, 'grad_norm': 0.20284593105316162, 'learning_rate': 1.6211121583411875e-05, 'epoch': 0.92}
{'loss': 0.5072, 'grad_norm': 0.2158283144235611, 'learning_rate': 1.6022620169651273e-05, 'epoch': 0.92}
{'loss': 0.4706, 'grad_norm': 0.20441602170467377, 'learning_rate': 1.583411875589067e-05, 'epoch': 0.92}
{'loss': 0.4814, 'grad_norm': 0.19954077899456024, 'learning_rate': 1.5645617342130066e-05, 'epoch': 0.92}
{'loss': 0.4823, 'grad_norm': 0.20740313827991486, 'learning_rate': 1.5457115928369465e-05, 'epoch': 0.92}
{'loss': 0.4891, 'grad_norm': 0.20760655403137207, 'learning_rate': 1.5268614514608863e-05, 'epoch': 0.92}
{'loss': 0.4637, 'grad_norm': 0.19834831357002258, 'learning_rate': 1.5080113100848256e-05, 'epoch': 0.92}
{'loss': 0.482, 'grad_norm': 0.2198263704776764, 'learning_rate': 1.4891611687087653e-05, 'epoch': 0.93}
{'loss': 0.4712, 'grad_norm': 0.20357003808021545, 'learning_rate': 1.470311027332705e-05, 'epoch': 0.93}
{'loss': 0.4832, 'grad_norm': 0.21571499109268188, 'learning_rate': 1.4514608859566448e-05, 'epoch': 0.93}
{'loss': 0.4586, 'grad_norm': 0.20747393369674683, 'learning_rate': 1.4326107445805845e-05, 'epoch': 0.93}
{'loss': 0.4727, 'grad_norm': 0.21510471403598785, 'learning_rate': 1.4137606032045242e-05, 'epoch': 0.93}
{'loss': 0.503, 'grad_norm': 0.21050046384334564, 'learning_rate': 1.394910461828464e-05, 'epoch': 0.93}
{'loss': 0.452, 'grad_norm': 0.20250961184501648, 'learning_rate': 1.3760603204524033e-05, 'epoch': 0.93}
{'loss': 0.4957, 'grad_norm': 0.20754709839820862, 'learning_rate': 1.357210179076343e-05, 'epoch': 0.93}
{'loss': 0.4836, 'grad_norm': 0.22263087332248688, 'learning_rate': 1.3383600377002828e-05, 'epoch': 0.93}
{'loss': 0.4556, 'grad_norm': 0.20570629835128784, 'learning_rate': 1.3195098963242225e-05, 'epoch': 0.93}
{'loss': 0.4921, 'grad_norm': 0.21593232452869415, 'learning_rate': 1.3006597549481622e-05, 'epoch': 0.94}
{'loss': 0.4553, 'grad_norm': 0.19795699417591095, 'learning_rate': 1.281809613572102e-05, 'epoch': 0.94}
{'loss': 0.4633, 'grad_norm': 0.20486953854560852, 'learning_rate': 1.2629594721960417e-05, 'epoch': 0.94}
{'loss': 0.4934, 'grad_norm': 0.21753059327602386, 'learning_rate': 1.2441093308199812e-05, 'epoch': 0.94}
{'loss': 0.4603, 'grad_norm': 0.20164787769317627, 'learning_rate': 1.225259189443921e-05, 'epoch': 0.94}
{'loss': 0.4492, 'grad_norm': 0.1922619789838791, 'learning_rate': 1.2064090480678605e-05, 'epoch': 0.94}
{'loss': 0.4458, 'grad_norm': 0.2015122026205063, 'learning_rate': 1.1875589066918002e-05, 'epoch': 0.94}
{'loss': 0.4679, 'grad_norm': 0.20885351300239563, 'learning_rate': 1.16870876531574e-05, 'epoch': 0.94}
{'loss': 0.4907, 'grad_norm': 0.20885485410690308, 'learning_rate': 1.1498586239396795e-05, 'epoch': 0.94}
{'loss': 0.473, 'grad_norm': 0.20005124807357788, 'learning_rate': 1.1310084825636192e-05, 'epoch': 0.94}
{'loss': 0.4669, 'grad_norm': 0.2114376723766327, 'learning_rate': 1.112158341187559e-05, 'epoch': 0.94}
{'loss': 0.4729, 'grad_norm': 0.2002728432416916, 'learning_rate': 1.0933081998114987e-05, 'epoch': 0.95}
{'loss': 0.4435, 'grad_norm': 0.2045728713274002, 'learning_rate': 1.0744580584354384e-05, 'epoch': 0.95}
{'loss': 0.4855, 'grad_norm': 0.2211935818195343, 'learning_rate': 1.055607917059378e-05, 'epoch': 0.95}
{'loss': 0.4994, 'grad_norm': 0.2186497449874878, 'learning_rate': 1.0367577756833177e-05, 'epoch': 0.95}
{'loss': 0.4458, 'grad_norm': 0.1941317915916443, 'learning_rate': 1.0179076343072574e-05, 'epoch': 0.95}
{'loss': 0.4643, 'grad_norm': 0.20284432172775269, 'learning_rate': 9.99057492931197e-06, 'epoch': 0.95}
{'loss': 0.4467, 'grad_norm': 0.19921784102916718, 'learning_rate': 9.802073515551367e-06, 'epoch': 0.95}
{'loss': 0.4758, 'grad_norm': 0.19862794876098633, 'learning_rate': 9.613572101790764e-06, 'epoch': 0.95}
{'loss': 0.4531, 'grad_norm': 0.20881976187229156, 'learning_rate': 9.42507068803016e-06, 'epoch': 0.95}
{'loss': 0.467, 'grad_norm': 0.21037021279335022, 'learning_rate': 9.236569274269557e-06, 'epoch': 0.95}
{'loss': 0.4349, 'grad_norm': 0.20683541893959045, 'learning_rate': 9.048067860508956e-06, 'epoch': 0.95}
{'loss': 0.4444, 'grad_norm': 0.19979742169380188, 'learning_rate': 8.85956644674835e-06, 'epoch': 0.96}
{'loss': 0.4422, 'grad_norm': 0.20577014982700348, 'learning_rate': 8.671065032987747e-06, 'epoch': 0.96}
{'loss': 0.471, 'grad_norm': 0.206263467669487, 'learning_rate': 8.482563619227146e-06, 'epoch': 0.96}
{'loss': 0.4884, 'grad_norm': 0.20924872159957886, 'learning_rate': 8.294062205466542e-06, 'epoch': 0.96}
{'loss': 0.4693, 'grad_norm': 0.21177750825881958, 'learning_rate': 8.105560791705937e-06, 'epoch': 0.96}
{'loss': 0.4866, 'grad_norm': 0.20737729966640472, 'learning_rate': 7.917059377945336e-06, 'epoch': 0.96}
{'loss': 0.4181, 'grad_norm': 0.2011696696281433, 'learning_rate': 7.728557964184732e-06, 'epoch': 0.96}
{'loss': 0.442, 'grad_norm': 0.21356287598609924, 'learning_rate': 7.540056550424128e-06, 'epoch': 0.96}
{'loss': 0.4579, 'grad_norm': 0.21744351089000702, 'learning_rate': 7.351555136663525e-06, 'epoch': 0.96}
{'loss': 0.4911, 'grad_norm': 0.2161037027835846, 'learning_rate': 7.1630537229029224e-06, 'epoch': 0.96}
{'loss': 0.4936, 'grad_norm': 0.2080751657485962, 'learning_rate': 6.97455230914232e-06, 'epoch': 0.97}
{'loss': 0.4882, 'grad_norm': 0.20853230357170105, 'learning_rate': 6.786050895381715e-06, 'epoch': 0.97}
{'loss': 0.4811, 'grad_norm': 0.20927287638187408, 'learning_rate': 6.5975494816211125e-06, 'epoch': 0.97}
{'loss': 0.4854, 'grad_norm': 0.21337082982063293, 'learning_rate': 6.40904806786051e-06, 'epoch': 0.97}
{'loss': 0.4603, 'grad_norm': 0.20123477280139923, 'learning_rate': 6.220546654099906e-06, 'epoch': 0.97}
{'loss': 0.4878, 'grad_norm': 0.20739451050758362, 'learning_rate': 6.0320452403393026e-06, 'epoch': 0.97}
{'loss': 0.4764, 'grad_norm': 0.21406789124011993, 'learning_rate': 5.8435438265787e-06, 'epoch': 0.97}
{'loss': 0.4664, 'grad_norm': 0.21755844354629517, 'learning_rate': 5.655042412818096e-06, 'epoch': 0.97}
{'loss': 0.4375, 'grad_norm': 0.2068920135498047, 'learning_rate': 5.4665409990574935e-06, 'epoch': 0.97}
{'loss': 0.4915, 'grad_norm': 0.23198531568050385, 'learning_rate': 5.27803958529689e-06, 'epoch': 0.97}
{'loss': 0.4788, 'grad_norm': 0.2109234780073166, 'learning_rate': 5.089538171536287e-06, 'epoch': 0.97}
{'loss': 0.4625, 'grad_norm': 0.2082822471857071, 'learning_rate': 4.9010367577756835e-06, 'epoch': 0.98}
{'loss': 0.4901, 'grad_norm': 0.21554337441921234, 'learning_rate': 4.71253534401508e-06, 'epoch': 0.98}
{'loss': 0.4598, 'grad_norm': 0.21090057492256165, 'learning_rate': 4.524033930254478e-06, 'epoch': 0.98}
{'loss': 0.4422, 'grad_norm': 0.20207896828651428, 'learning_rate': 4.335532516493874e-06, 'epoch': 0.98}
{'loss': 0.4623, 'grad_norm': 0.20911622047424316, 'learning_rate': 4.147031102733271e-06, 'epoch': 0.98}
{'loss': 0.4437, 'grad_norm': 0.19780570268630981, 'learning_rate': 3.958529688972668e-06, 'epoch': 0.98}
{'loss': 0.4806, 'grad_norm': 0.2082480937242508, 'learning_rate': 3.770028275212064e-06, 'epoch': 0.98}
{'loss': 0.4481, 'grad_norm': 0.19459538161754608, 'learning_rate': 3.5815268614514612e-06, 'epoch': 0.98}
{'loss': 0.4686, 'grad_norm': 0.20729555189609528, 'learning_rate': 3.3930254476908575e-06, 'epoch': 0.98}
{'loss': 0.4433, 'grad_norm': 0.19991637766361237, 'learning_rate': 3.204524033930255e-06, 'epoch': 0.98}
{'loss': 0.4558, 'grad_norm': 0.19927553832530975, 'learning_rate': 3.0160226201696513e-06, 'epoch': 0.98}
{'loss': 0.4453, 'grad_norm': 0.20170284807682037, 'learning_rate': 2.827521206409048e-06, 'epoch': 0.99}
{'loss': 0.4719, 'grad_norm': 0.2149229496717453, 'learning_rate': 2.639019792648445e-06, 'epoch': 0.99}
{'loss': 0.4739, 'grad_norm': 0.21764807403087616, 'learning_rate': 2.4505183788878418e-06, 'epoch': 0.99}
{'loss': 0.4899, 'grad_norm': 0.21913833916187286, 'learning_rate': 2.262016965127239e-06, 'epoch': 0.99}
{'loss': 0.4699, 'grad_norm': 0.20781244337558746, 'learning_rate': 2.0735155513666356e-06, 'epoch': 0.99}
{'loss': 0.4387, 'grad_norm': 0.21091994643211365, 'learning_rate': 1.885014137606032e-06, 'epoch': 0.99}
{'loss': 0.4917, 'grad_norm': 0.20270699262619019, 'learning_rate': 1.6965127238454287e-06, 'epoch': 0.99}
{'loss': 0.4975, 'grad_norm': 0.21478399634361267, 'learning_rate': 1.5080113100848256e-06, 'epoch': 0.99}
{'loss': 0.4566, 'grad_norm': 0.211093008518219, 'learning_rate': 1.3195098963242225e-06, 'epoch': 0.99}
{'loss': 0.4585, 'grad_norm': 0.20537921786308289, 'learning_rate': 1.1310084825636194e-06, 'epoch': 0.99}
{'loss': 0.4685, 'grad_norm': 0.20242023468017578, 'learning_rate': 9.42507068803016e-07, 'epoch': 1.0}
{'loss': 0.4842, 'grad_norm': 0.20822325348854065, 'learning_rate': 7.540056550424128e-07, 'epoch': 1.0}
{'loss': 0.4625, 'grad_norm': 0.20485763251781464, 'learning_rate': 5.655042412818097e-07, 'epoch': 1.0}
{'loss': 0.4482, 'grad_norm': 0.19721932709217072, 'learning_rate': 3.770028275212064e-07, 'epoch': 1.0}
{'loss': 0.4585, 'grad_norm': 0.21406717598438263, 'learning_rate': 1.885014137606032e-07, 'epoch': 1.0}
{'loss': 0.4869, 'grad_norm': 0.22245171666145325, 'learning_rate': 0.0, 'epoch': 1.0}
{'train_runtime': 12041.7186, 'train_samples_per_second': 0.708, 'train_steps_per_second': 0.089, 'train_loss': 0.49935456976210646, 'epoch': 1.0}
Saved model to https://huggingface.co/SynthDataGen_Benchmarking_mistral-7b-instruct-v0.3
Fri Aug 16 17:52:39 EDT 2024: Job 13127432 finished running, exit code: 0
