Disease Description|Scenario|Note|Polished Note|Abbreviated Note|Role|dial|polished_dial
ANTIPHOSPHOLIPID SYNDROME|"ROLE: Rheumatologist

**Demographic Information:**
- Age: 35
- Gender: Female
- Ethnicity: Caucasian
- Socio-economic Status: Middle class
- Education Level: Bachelor's degree
- Health Literacy: High
- Job Status: Employed as a marketing executive

**Geographical Location:**
- Big City: Yes (New York City)
- Urban vs Rural: Urban
- Neighborhood Type: Affluent
- Well-served by Transit: Yes
- Food Desert: No

**Clinical Setting:**
- Private Practice

**Type of Encounter:**
- Initial Consultation

**Medical History:**
- Previous Diagnoses: Systemic Lupus Erythematosus (SLE) diagnosed 5 years ago
- Family Medical History: Mother has Rheumatoid Arthritis
- Medication History: Hydroxychloroquine 200 mg once daily, Prednisone 5 mg once daily 
- Allergies: None
- Chronic Conditions: SLE

**Symptom Description:**
- Severity: Moderate
- Duration: 3 months
- Associated Symptoms: Recurrent miscarriages (three in the past two years), occasional headaches, and leg swelling
- Frequency: Intermittent
- Impact on Daily Activities: Difficulty with prolonged standing and walking, emotional distress due to repeated miscarriages

**Patient’s self-reported habits and lifestyle:**
- Sleep: 6-7 hours per night, occasionally disrupted
- Diet: Balanced, nutrient-rich diet
- Exercise: Light exercise such as walking 3 times per week
- Tobacco Use: None
- Alcohol Consumption: Social drinking, 1-2 drinks per week
- Drug Use: None
- Recreational Activities: Enjoys yoga and reading

**Patient's Behavior:**
- Cooperation Level: Highly cooperative and follows medical advice diligently

**Physical Exam:**
- Cardiovascular: Normal rhythm, no murmurs, no peripheral edema
- Musculoskeletal: Mild swelling in the right leg, no tenderness
- Neurological: Non-focal, normal reflexes
- Skin: No rashes, ulcers, or other dermatologic signs
- General: Well-nourished, no acute distress

**Investigation/Test results:**
- Awaiting: Blood work done for antiphospholipid antibodies (anticardiolipin antibodies, Lupus Anticoagulant, and beta-2 glycoprotein I antibodies)
- Imaging: NA

**Medical Outcome:**
- Diagnosis: Antiphospholipid Syndrome
- Prescribed treatment: Warfarin 5 mg oral once daily, adjust based on INR
- Follow-up recommendations: INR check in one week, and then monthly once stable
- Referral to specialists: Referral to a Reproductive Endocrinologist, Dr. Emma Collins, for management of recurrent miscarriages
- Lifestyle change: Encourage continued balanced diet and light exercise, emphasis on managing stress and emotional health. Avoid prolonged periods of immobility to reduce risk of DVT."|"#####
**1. Subjective:**

**Chief Complaint (CC):**
Recurrent miscarriages, leg swelling, and occasional headaches.

**History of Present Illness (HPI):**
A 35-year-old Caucasian female, employed as a marketing executive, presents for an initial consultation regarding her history of systemic lupus erythematosus (SLE) and associated symptoms. Patient reports moderate severity of symptoms persisting over the past three months, including three recurrent miscarriages in the past two years, occasional headaches, and intermittent leg swelling. These symptoms have impacted her daily activities, specifically causing difficulty with prolonged standing and walking, and have led to significant emotional distress.

**Review of Systems (ROS):**
- **Constitutional:** Denies fever, chills, or weight loss.
- **Cardiovascular:** Reports intermittent leg swelling, no chest pain or palpitations.
- **Neurological:** Reports occasional headaches, denies dizziness or weakness.
- **Musculoskeletal:** Reports leg swelling, no joint pain or stiffness.
- **Genitourinary:** Reports history of recurrent miscarriages, no current abnormal bleeding or discharge.
- **Skin:** Denies rash, ulcers, or other dermatologic symptoms.

**2. Objective:**

**Vital Signs:**
- Blood Pressure: 120/80 mmHg
- Heart Rate: 72 bpm
- Respiration Rate: 16 breaths per minute
- Temperature: 98.6°F

**Physical Examination:**
- **Cardiovascular:** Normal rhythm, no murmurs, no peripheral edema.
- **Musculoskeletal:** Mild swelling in the right leg, no tenderness.
- **Neurological:** Non-focal, normal reflexes.
- **Skin:** No rashes, ulcers, or other dermatologic signs.
- **General:** Well-nourished, no acute distress.

**3. Assessment:**

**Primary Diagnosis:**
Antiphospholipid Syndrome (APS)

- **Medical Reasoning:** The patient’s history of recurrent miscarriages, leg swelling, and SLE, in conjunction with her presenting symptoms and clinical findings, raise high suspicion for Antiphospholipid Syndrome. Awaiting blood work results for confirmation of antiphospholipid antibodies.

**Differential Diagnoses:**
1. Antiphospholipid Syndrome
2. Deep Vein Thrombosis (DVT)
3. SLE-related complications

**4. Plan:**

**Medical Treatment:**
1. **Warfarin 5 mg oral once daily**, adjust dosage based on International Normalized Ratio (INR). 
2. **Hydroxychloroquine 200 mg once daily** and **Prednisone 5 mg once daily** to be continued for SLE management.

**Follow-Up:**
1. INR check in one week, and then monthly once stable.
2. Follow up in 4 weeks or sooner if symptoms worsen.

**Referrals:**
Referral to Reproductive Endocrinologist, Dr. Emma Collins, for management of recurrent miscarriages.

**Lifestyle Recommendations:**
1. Encourage continued balanced diet and light exercise, such as walking 3 times per week.
2. Emphasis on managing stress and emotional health. Recommend considering counseling or support groups.
3. Avoid prolonged periods of immobility to reduce the risk of DVT.
4. Maintain good sleep hygiene to improve quality of sleep and overall wellbeing.

**Patient Education and Counseling:**
Discussed the diagnosis of Antiphospholipid Syndrome, the importance of INR monitoring, and potential complications. Educated on the importance of adherence to medication and lifestyle modifications. Ensured the patient understands the need for close monitoring and follow-up appointments.

**Patient Agreements:**
The patient understands and agrees with the recommended medical treatment plan. All questions were answered, and the patient expressed high cooperation and commitment to follow through with the management plan.
#####"|"#####
**1. Subjective:**

**Chief Complaint (CC):**
Recurrent miscarriages, leg swelling, and occasional headaches.

**History of Present Illness (HPI):**
A 35-year-old Caucasian female, employed as a marketing executive, presents for an initial consultation regarding her history of systemic lupus erythematosus (SLE) and associated symptoms. Patient reports moderate severity of symptoms persisting over the past three months, including three recurrent miscarriages in the past two years, occasional headaches, and intermittent leg swelling. These symptoms have impacted her daily activities, specifically causing difficulty with prolonged standing and walking, and have led to significant emotional distress.

**Review of Systems (ROS):**
- **Constitutional:** Denies fever, chills, or weight loss.
- **Cardiovascular:** Reports intermittent leg swelling, no chest pain or palpitations.
- **Neurological:** Reports occasional headaches, denies dizziness or weakness.
- **Musculoskeletal:** Reports leg swelling, no joint pain or stiffness.
- **Genitourinary:** Reports history of recurrent miscarriages, no current abnormal bleeding or discharge.
- **Skin:** Denies rash, ulcers, or other dermatologic symptoms.

**2. Objective:**

**Vital Signs:**
- Blood Pressure: 120/80 mmHg
- Heart Rate: 72 bpm
- Respiration Rate: 16 breaths per minute
- Temperature: 98.6°F

**Physical Examination:**
- **Cardiovascular:** Normal rhythm, no murmurs, no peripheral edema.
- **Musculoskeletal:** Mild swelling in the right leg, no tenderness.
- **Neurological:** Non-focal, normal reflexes.
- **Skin:** No rashes, ulcers, or other dermatologic signs.
- **General:** Well-nourished, no acute distress.

**3. Assessment:**

**Primary Diagnosis:**
Antiphospholipid Syndrome (APS)

- **Medical Reasoning:** The patient’s history of recurrent miscarriages, leg swelling, and SLE, in conjunction with her presenting symptoms and clinical findings, raise high suspicion for Antiphospholipid Syndrome. Awaiting blood work results for confirmation of antiphospholipid antibodies.

**Differential Diagnoses:**
1. Antiphospholipid Syndrome
2. Deep Vein Thrombosis (DVT)
3. SLE-related complications

**4. Plan:**

**Medical Treatment:**
1. **Warfarin 5 mg oral once daily**, adjust dosage based on International Normalized Ratio (INR). 
2. **Hydroxychloroquine 200 mg once daily** and **Prednisone 5 mg once daily** to be continued for SLE management.

**Follow-Up:**
1. INR check in one week, and then monthly once stable.
2. Follow up in 4 weeks or sooner if symptoms worsen.

**Referrals:**
Referral to Reproductive Endocrinologist, Dr. Emma Collins, for management of recurrent miscarriages.

**Lifestyle Recommendations:**
1. Encourage continued balanced diet and light exercise, such as walking 3 times per week.
2. Emphasis on managing stress and emotional health. Recommend considering counseling or support groups.
3. Avoid prolonged periods of immobility to reduce the risk of DVT.
4. Maintain good sleep hygiene to improve quality of sleep and overall wellbeing.

**Patient Education and Counseling:**
Discussed the diagnosis of Antiphospholipid Syndrome, the importance of INR monitoring, and potential complications. Educated on the importance of adherence to medication and lifestyle modifications. Ensured the patient understands the need for close monitoring and follow-up appointments.

**Patient Agreements:**
The patient understands and agrees with the recommended medical treatment plan. All questions were answered, and the patient expressed high cooperation and commitment to follow through with the management plan.
#####"|"#####
**1. Subjective:**

**CC:**
Recurrent miscarriages, leg swelling, and occasional headaches.

**HPI:**
A 35-year-old Caucasian female, employed as a marketing exec, presents for an initial consult regarding her hx of SLE and associated sx. Pt reports moderate severity of sx persisting over the past 3 months, including 3 recurrent miscarriages in the past 2 years, occasional HAs, and intermittent leg swelling. These sx have impacted her ADLs, specifically causing difficulty with prolonged standing and walking, and have led to significant emotional distress.

**ROS:**
- **Constitutional:** Denies fever, chills, or wt loss.
- **CV:** Reports intermittent leg swelling, no CP or palpitations.
- **Neuro:** Reports occasional HAs, denies dizziness or weakness.
- **MSK:** Reports leg swelling, no joint pain or stiffness.
- **GU:** Reports hx of recurrent miscarriages, no current abnormal bleeding or discharge.
- **Skin:** Denies rash, ulcers, or other dermatologic sx.

**2. Objective:**

**VS:**
- BP: 120/80 mmHg
- HR: 72 bpm
- RR: 16 bpm
- Temp: 98.6°F

**PE:**
- **CV:** Normal rhythm, no murmurs, no peripheral edema.
- **MSK:** Mild swelling in the R leg, no tenderness.
- **Neuro:** Non-focal, normal reflexes.
- **Skin:** No rashes, ulcers, or other dermatologic signs.
- **General:** Well-nourished, no acute distress.

**3. Assessment:**

**Primary Dx:**
APS

- **Medical Reasoning:** The pt’s hx of recurrent miscarriages, leg swelling, and SLE, in conjunction with her presenting sx and clinical findings, raise high suspicion for APS. Awaiting blood work results for confirmation of antiphospholipid antibodies.

**Differential Dx:**
1. APS
2. DVT
3. SLE-related complications

**4. Plan:**

**Medical Tx:**
1. **Warfarin 5 mg PO QD**, adjust dosage based on INR.
2. **Hydroxychloroquine 200 mg QD** and **Prednisone 5 mg QD** to be continued for SLE mgmt.

**Follow-Up:**
1. INR check in 1 week, and then monthly once stable.
2. Follow up in 4 weeks or sooner if sx worsen.

**Referrals:**
Referral to Reproductive Endocrinologist, Dr. Emma Collins, for mgmt of recurrent miscarriages.

**Lifestyle Recommendations:**
1. Encourage continued balanced diet and light exercise, such as walking 3x/week.
2. Emphasis on managing stress and emotional health. Recommend considering counseling or support groups.
3. Avoid prolonged periods of immobility to reduce the risk of DVT.
4. Maintain good sleep hygiene to improve quality of sleep and overall wellbeing.

**Pt Education and Counseling:**
Discussed the dx of APS, the importance of INR monitoring, and potential complications. Educated on the importance of adherence to medication and lifestyle modifications. Ensured the pt understands the need for close monitoring and follow-up appointments.

**Pt Agreements:**
The pt understands and agrees with the recommended medical tx plan. All questions were answered, and the pt expressed high cooperation and commitment to follow through with the mgmt plan.
#####"|Rheumatologist|"**Doctor:** Good morning! How are you doing today?

**Patient:** Good morning, Doctor. I've been better. I've been dealing with some troubling symptoms lately.

**Doctor:** I'm sorry to hear that. Can you tell me what has been bothering you?

**Patient:** Well, I've been having recurrent miscarriages, my legs swell up sometimes, and I get occasional headaches. It's been really tough.

**Doctor:** I understand. How long have these symptoms been going on?

**Patient:** The miscarriages have happened over the past two years, but the leg swelling and headaches have been more noticeable over the past three months.

**Doctor:** That sounds challenging. Have these symptoms been affecting your daily activities?

**Patient:** Yes, definitely. The leg swelling makes it hard to stand or walk for long periods, and the emotional toll from the miscarriages has been significant.

**Doctor:** I'm really sorry to hear that. Let's go through your symptoms one by one. How would you describe your headaches?

**Patient:** They're occasional, not too severe, but they come and go.

**Doctor:** Do you experience any dizziness or weakness with these headaches?

**Patient:** No, not really. Just the headaches.

**Doctor:** How about chest pain or palpitations? Have you experienced any of those?

**Patient:** No, I haven't had any chest pain or palpitations.

**Doctor:** And for your leg swelling, is it in both legs or just one?

**Patient:** It's mostly in my right leg.

**Doctor:** I see. Do you notice any pattern to the swelling? Does it get worse at certain times of the day?

**Patient:** It tends to get worse when I've been standing or walking for a long time.

**Doctor:** Alright. Have you had any joint pain or stiffness?

**Patient:** No, no joint pain or stiffness.

**Doctor:** Any abnormal bleeding or discharge recently?

**Patient:** No, nothing like that.

**Doctor:** Okay. Have you noticed any rashes, ulcers, or other skin problems?

**Patient:** No, my skin has been fine.

**Doctor:** Thank you for sharing all that. Now, let’s go over your medical history. I see you have systemic lupus erythematosus (SLE). How have you been managing that?

**Patient:** I've been taking my medications as prescribed, but these symptoms have made it harder to manage everything.

**Doctor:** Understood. Are you currently on any medications for SLE?

**Patient:** Yes, I'm on Hydroxychloroquine and Prednisone.

**Doctor:** Got it. Let’s check your vital signs and do a quick physical examination. Your blood pressure is 120/80 mmHg, heart rate is 72 bpm, respiration rate is 16 breaths per minute, and your temperature is 98.6°F. I see some mild swelling in your right leg, but no tenderness. Your heart rhythm is normal, and I don't detect any murmurs. Your reflexes are normal, and I don’t see any rashes or ulcers on your skin.

**Patient:** Okay, thank you.

**Doctor:** Based on your symptoms and medical history, I suspect you might have Antiphospholipid Syndrome (APS), which is often associated with SLE. This condition can cause recurrent miscarriages and leg swelling. We’ll need to confirm this with some blood tests to check for antiphospholipid antibodies.

**Patient:** Oh, I see. What does that mean for my treatment?

**Doctor:** If the tests confirm APS, we’ll start you on Warfarin to prevent blood clots. We’ll also continue your current SLE medications, Hydroxychloroquine and Prednisone. I’ll need you to have regular INR checks to monitor the effectiveness of Warfarin.

**Patient:** How often would I need to do these INR checks?

**Doctor:** Initially, we’ll check your INR in one week and then monthly once it’s stable. It’s crucial to keep a close eye on it.

**Patient:** Okay, I can do that.

**Doctor:** I’ll also refer you to a Reproductive Endocrinologist, Dr. Emma Collins, to help manage your recurrent miscarriages.

**Patient:** That sounds good. What else should I do in the meantime?

**Doctor:** I recommend maintaining a balanced diet and light exercise, like walking three times a week. Managing stress is also important, so consider counseling or support groups. Avoid prolonged periods of immobility to reduce the risk of deep vein thrombosis (DVT), and focus on good sleep hygiene to improve your overall well-being.

**Patient:** I’ll try to do that. Thank you for the advice.

**Doctor:** You’re welcome. We’ll discuss the diagnosis of Antiphospholipid Syndrome in more detail once the test results are back. It’s important to adhere to your medication and lifestyle modifications. Do you have any questions about what we’ve discussed so far?

**Patient:** No, you’ve been very thorough. I understand everything.

**Doctor:** Great. We’ll see you in four weeks for a follow-up, or sooner if your symptoms worsen. Remember, we’re here to support you through this.

**Patient:** Thank you so much, Doctor.

**Doctor:** You’re welcome. Take care, and we’ll be in touch soon."|"[doctor]: Good morning! How are you doing today?

[patient]: Good morning, Doctor. I've been better. I've been dealing with some troubling symptoms lately.

[doctor]: I'm sorry to hear that. Can you tell me what has been bothering you?

[patient]: Well, I've been having recurrent miscarriages, my legs swell up sometimes, and I get occasional headaches. It's been really tough.

[doctor]: I understand. How long have these symptoms been going on?

[patient]: The miscarriages have happened over the past two years, but the leg swelling and headaches have been more noticeable over the past three months.

[doctor]: That sounds challenging. Have these symptoms been affecting your daily activities?

[patient]: Yes, definitely. The leg swelling makes it hard to stand or walk for long periods, and the emotional toll from the miscarriages has been significant.

[doctor]: I'm really sorry to hear that. Let's go through your symptoms one by one. How would you describe your headaches?

[patient]: They're occasional, not too severe, but they come and go.

[doctor]: Do you experience any dizziness or weakness with these headaches?

[patient]: No, not really. Just the headaches.

[doctor]: How about chest pain or palpitations? Have you experienced any of those?

[patient]: No, I haven't had any chest pain or palpitations.

[doctor]: And for your leg swelling, is it in both legs or just one?

[patient]: It's mostly in my right leg.

[doctor]: I see. Do you notice any pattern to the swelling? Does it get worse at certain times of the day?

[patient]: It tends to get worse when I've been standing or walking for a long time.

[doctor]: Alright. Have you had any joint pain or stiffness?

[patient]: No, no joint pain or stiffness.

[doctor]: Any abnormal bleeding or discharge recently?

[patient]: No, nothing like that.

[doctor]: Okay. Have you noticed any rashes, ulcers, or other skin problems?

[patient]: No, my skin has been fine.

[doctor]: Thank you for sharing all that. Now, let’s go over your medical history. I see you have systemic lupus erythematosus (SLE). How have you been managing that?

[patient]: I've been taking my medications as prescribed, but these symptoms have made it harder to manage everything.

[doctor]: Understood. Are you currently on any medications for SLE?

[patient]: Yes, I'm on Hydroxychloroquine and Prednisone.

[doctor]: Got it. Let’s check your vital signs and do a quick physical examination. Your blood pressure is 120/80 mmHg, heart rate is 72 bpm, respiration rate is 16 breaths per minute, and your temperature is 98.6°F. I see some mild swelling in your right leg, but no tenderness. Your heart rhythm is normal, and I don't detect any murmurs. Your reflexes are normal, and I don’t see any rashes or ulcers on your skin.

[patient]: Okay, thank you.

[doctor]: Based on your symptoms and medical history, I suspect you might have Antiphospholipid Syndrome (APS), which is often associated with SLE. This condition can cause recurrent miscarriages and leg swelling. We’ll need to confirm this with some blood tests to check for antiphospholipid antibodies.

[patient]: Oh, I see. What does that mean for my treatment?

[doctor]: If the tests confirm APS, we’ll start you on Warfarin to prevent blood clots. We’ll also continue your current SLE medications, Hydroxychloroquine and Prednisone. I’ll need you to have regular INR checks to monitor the effectiveness of Warfarin.

[patient]: How often would I need to do these INR checks?

[doctor]: Initially, we’ll check your INR in one week and then monthly once it’s stable. It’s crucial to keep a close eye on it.

[patient]: Okay, I can do that.

[doctor]: I’ll also refer you to a Reproductive Endocrinologist, Dr. Emma Collins, to help manage your recurrent miscarriages.

[patient]: That sounds good. What else should I do in the meantime?

[doctor]: I recommend maintaining a balanced diet and light exercise, like walking three times a week. Managing stress is also important, so consider counseling or support groups. Avoid prolonged periods of immobility to reduce the risk of deep vein thrombosis (DVT), and focus on good sleep hygiene to improve your overall well-being.

[patient]: I’ll try to do that. Thank you for the advice.

[doctor]: You’re welcome. We’ll discuss the diagnosis of Antiphospholipid Syndrome in more detail once the test results are back. It’s important to adhere to your medication and lifestyle modifications. Do you have any questions about what we’ve discussed so far?

[patient]: No, you’ve been very thorough. I understand everything.

[doctor]: Great. We’ll see you in four weeks for a follow-up, or sooner if your symptoms worsen. Remember, we’re here to support you through this.

[patient]: Thank you so much, Doctor.

[doctor]: You’re welcome. Take care, and we’ll be in touch soon."
ANTIPHOSPHOLIPID SYNDROME|"**ROLE:** Rheumatologist

**SCENARIO:**

- **Medical Outcome:**
    - Diagnosis: Antiphospholipid Syndrome (APS)
    - Prescribed Treatment: Initiate treatment with Rivaroxaban 15 mg orally twice daily for 3 weeks, then 20 mg once daily.
    - Follow-up Recommendations: Schedule follow-up in 1 month for review and monitoring.
    - Blood Work: Order tests for Immunology (Antiphospholipid antibodies, lupus anticoagulant, anticardiolipin antibodies), Hematology (CBC, Platelet count), and Biochemistry (Kidney function tests).

- **Medical History:**
    - Previous Diagnoses: Myocardial infarction 2 months ago, venous thromboembolism 1 year ago.
    - Family Medical History: Father had a stroke at age 60.
    - Medication History: Currently using Metformin for diabetes.
    - Allergies: Allergic to shellfish.
    - Chronic Conditions: Type 2 diabetes, obesity.

- **Symptom Description:**
    - Severity: Moderate
    - Duration: 2 weeks
    - Associated Symptoms: Swelling in the left leg, intermittent headaches, and occasional dizziness.
    - Frequency: Intermittent
    - Impact on Daily Activities: Unable to walk long distances due to leg pain, reduced work productivity.

- **Patient’s self-reported habits and lifestyle:**
    - Sleep: Poor, trouble sleeping due to leg pain.
    - Diet: Consumes high sugar and high-fat foods, irregular meal times.
    - Exercise: Rarely exercises, sedentary lifestyle.
    - Tobacco Use: Smokes 1-2 cigarettes daily
    - Alcohol Consumption: Drinks 2-3 alcoholic beverages per night.
    - Drug Use: None
    - Recreational Activities: Enjoys watching television, minimal physical activity.

- **Demographic Information:**
    - Age: 55
    - Gender: Male
    - Ethnicity: African American
    - Socio-economic Status: Middle income
    - Education Level: College graduate
    - Health Literacy: High
    - Job Status: Manager at a retail store

- **Patient's Behavior:**
    - The level of patient's cooperation with medical advice: Cooperative but finds it difficult to make lifestyle changes.

- **Geographical Location:**
    - Big City vs Small City: Big City
    - Urban
    - Pollution and Environmental Health Risks: Moderate pollution
    - Neighborhood Type: Middle-class neighborhood, good access to healthcare facilities.

- **Clinical Setting:**
    - Specialty Clinic

- **Type of Encounter:**
    - Follow-up Visit

- **Treatment Disparities:**
    - None observed

- **Native or Non-Native English-Speaking Patient:**
    - Native English speaker

- **Physical exams:**
    - Cardiovascular: Normal heart sounds, no murmurs
    - Musculoskeletal: Swelling and tenderness in the left lower extremity, no erythema

- **Investigation/Test results:**
    - Awaiting results for the ordered blood work: Immunology (Antiphospholipid antibodies, lupus anticoagulant, anticardiolipin antibodies), Hematology (CBC, Platelet count), and Biochemistry (Kidney function tests)."|"#####

**1. Subjective:**

**Chief Complaint (CC):** 
Swelling in the left leg.

**History of Present Illness (HPI):**
The patient is a 55-year-old African American male presenting for a follow-up visit regarding recent diagnosis and management of Antiphospholipid Syndrome (APS). Symptoms have persisted for 2 weeks, with moderate severity and intermittent frequency. He reports swelling in the left leg, intermittent headaches, and occasional dizziness. These symptoms have significantly impacted his ability to walk long distances and reduced his work productivity as a retail store manager.

**Review of Systems (ROS):**
- **Constitutional:** Reports poor sleep due to leg pain.
- **Cardiovascular:** No chest pain, palpitations, or syncopal episodes. Previous myocardial infarction 2 months ago.
- **Neurologic:** Intermittent headaches and occasional dizziness.
- **Respiratory:** No shortness of breath or cough.
- **Gastrointestinal:** Normal appetite, no nausea or vomiting.
- **Musculoskeletal:** Swelling and tenderness in the left lower extremity, no erythema.
- **Endocrine:** Type 2 diabetes, currently taking Metformin.
- **Hematologic:** History of venous thromboembolism 1 year ago.

**Past Medical History:**
- Myocardial infarction 2 months ago.
- Venous thromboembolism 1 year ago.
- Type 2 diabetes.
- Obesity.

**Family Medical History:**
- Father had a stroke at age 60.

**Social History:**
- Tobacco use: Smokes 1-2 cigarettes daily.
- Alcohol consumption: Drinks 2-3 alcoholic beverages per night.
- Diet: High sugar and high-fat foods, irregular meal times.
- Exercise: Rarely exercises.
- Recreational activities: Enjoys watching television, minimal physical activity.

**Allergies:**
- Allergic to shellfish.

**2. Objective:**

**Vital Signs:**
- Blood Pressure: 140/90 mmHg
- Heart Rate: 78 beats per minute
- Respiratory Rate: 16 breaths per minute
- Temperature: 98.6°F
- Oxygen Saturation: 98% on room air

**Physical Exam:**
- **General:** Middle-aged African American male in no acute distress.
- **Cardiovascular:** Normal heart sounds, no murmurs.
- **Respiratory:** Lungs clear to auscultation bilaterally.
- **Abdomen:** Soft, non-tender, no hepatosplenomegaly.
- **Musculoskeletal:** Swelling and tenderness in the left lower extremity, no erythema.
- **Neurologic:** Alert and oriented, cranial nerves intact, no focal deficits.

**Pending Investigations:**
- Immunology: Antiphospholipid antibodies, lupus anticoagulant, anticardiolipin antibodies.
- Hematology: CBC, Platelet count.
- Biochemistry: Kidney function tests.

**3. Assessment:**

**Primary Diagnosis:** 
- Antiphospholipid Syndrome (APS)

**Secondary Diagnoses:**
- Type 2 diabetes
- Obesity
- History of myocardial infarction
- History of venous thromboembolism

**4. Plan:**

**Prescribed Treatment:**
- Initiate Rivaroxaban 15 mg orally twice daily for 3 weeks, then 20 mg once daily.

**Follow-up Recommendations:**
- Schedule follow-up in 1 month for review and monitoring.

**Blood Work:**
- Order tests for Immunology (Antiphospholipid antibodies, lupus anticoagulant, anticardiolipin antibodies), Hematology (CBC, Platelet count), and Biochemistry (Kidney function tests).

**Lifestyle Modifications:**
- Discussed importance of dietary changes: reducing high sugar and high-fat foods, increasing fruits, vegetables, and whole grains.
- Encouraged regular physical activity, starting with low-impact exercises such as walking.
- Advised smoking cessation and reduction of alcohol intake.

**Patient Education:**
- Explained the significance of APS and the need for anticoagulation therapy.
- Discussed potential side effects of Rivaroxaban and the importance of adherence to prescribed medication.
- Provided education on signs of bleeding and when to seek immediate medical attention.

**INSTRUCTIONS:**
- Continue current medication: Metformin.
- Begin Rivaroxaban as prescribed.
- Follow-up in 1 month.
- Modify diet and increase physical activity.
- Monitor for signs of bleeding and report any significant changes or symptoms.
  
This plan was discussed in detail with the patient, who is in agreement and cooperative but acknowledges difficulty in making lifestyle changes."|"**1. Subjective:**

**Chief Complaint (CC):** 
Swelling in the left leg.

**History of Present Illness (HPI):**
The patient, Mr. James Carter, is a 55-year-old African American male presenting for a follow-up visit regarding recent diagnosis and management of Antiphospholipid Syndrome (APS). Symptoms have persisted for 2 weeks, with moderate severity and intermittent frequency. He reports swelling in the left leg, intermittent headaches, and occasional dizziness. These symptoms have significantly impacted his ability to walk long distances and reduced his work productivity as a retail store manager.

**Review of Systems (ROS):**
- **Constitutional:** Reports poor sleep due to leg pain.
- **Cardiovascular:** No chest pain, palpitations, or syncopal episodes. Previous myocardial infarction 2 months ago.
- **Neurologic:** Intermittent headaches and occasional dizziness.
- **Respiratory:** No shortness of breath or cough.
- **Gastrointestinal:** Normal appetite, no nausea or vomiting.
- **Musculoskeletal:** Swelling and tenderness in the left lower extremity, no erythema.
- **Endocrine:** Type 2 diabetes, currently taking Metformin.
- **Hematologic:** History of venous thromboembolism 1 year ago.

**Past Medical History:**
- Myocardial infarction 2 months ago.
- Venous thromboembolism 1 year ago.
- Type 2 diabetes.
- Obesity.

**Family Medical History:**
- Father had a stroke at age 60.

**Social History:**
- Tobacco use: Smokes 1-2 cigarettes daily.
- Alcohol consumption: Drinks 2-3 alcoholic beverages per night.
- Diet: High sugar and high-fat foods, irregular meal times.
- Exercise: Rarely exercises.
- Recreational activities: Enjoys watching television, minimal physical activity.

**Allergies:**
- Allergic to shellfish.

**2. Objective:**

**Vital Signs:**
- Blood Pressure: 140/90 mmHg
- Heart Rate: 78 beats per minute
- Respiratory Rate: 16 breaths per minute
- Temperature: 98.6°F
- Oxygen Saturation: 98% on room air

**Physical Exam:**
- **General:** Middle-aged African American male in no acute distress.
- **Cardiovascular:** Normal heart sounds, no murmurs.
- **Respiratory:** Lungs clear to auscultation bilaterally.
- **Abdomen:** Soft, non-tender, no hepatosplenomegaly.
- **Musculoskeletal:** Swelling and tenderness in the left lower extremity, no erythema.
- **Neurologic:** Alert and oriented, cranial nerves intact, no focal deficits.

**3. Assessment:**

**Primary Diagnosis:** 
- Antiphospholipid Syndrome (APS)

**Secondary Diagnoses:**
- Type 2 diabetes
- Obesity
- History of myocardial infarction
- History of venous thromboembolism

**4. Plan:**

**Prescribed Treatment:**
- Initiate Rivaroxaban 15 mg orally twice daily for 3 weeks, then 20 mg once daily.

**Follow-up Recommendations:**
- Schedule follow-up in 1 month for review and monitoring.

**Blood Work:**
- Order tests for Immunology (Antiphospholipid antibodies, lupus anticoagulant, anticardiolipin antibodies), Hematology (CBC, Platelet count), and Biochemistry (Kidney function tests).

**Lifestyle Modifications:**
- Discussed importance of dietary changes: reducing high sugar and high-fat foods, increasing fruits, vegetables, and whole grains.
- Encouraged regular physical activity, starting with low-impact exercises such as walking.
- Advised smoking cessation and reduction of alcohol intake.

**Patient Education:**
- Explained the significance of APS and the need for anticoagulation therapy.
- Discussed potential side effects of Rivaroxaban and the importance of adherence to prescribed medication.
- Provided education on signs of bleeding and when to seek immediate medical attention.

**INSTRUCTIONS:**
- Continue current medication: Metformin.
- Begin Rivaroxaban as prescribed.
- Follow-up in 1 month.
- Modify diet and increase physical activity.
- Monitor for signs of bleeding and report any significant changes or symptoms.

This plan was discussed in detail with the patient, who is in agreement and cooperative but acknowledges difficulty in making lifestyle changes."|"**1. Subjective:**

**CC:** 
Swelling in the left leg.

**HPI:**
The pt, Mr. James Carter, is a 55 y/o AA male presenting for a f/u visit regarding recent dx and mgmt of APS. Sx have persisted for 2 wks, with moderate severity and intermittent frequency. He reports swelling in the left leg, intermittent HA, and occasional dizziness. These sx have significantly impacted his ability to walk long distances and reduced his work productivity as a retail store manager.

**ROS:**
- **Constitutional:** Reports poor sleep due to leg pain.
- **CV:** No CP, palpitations, or syncopal episodes. Previous MI 2 months ago.
- **Neuro:** Intermittent HA and occasional dizziness.
- **Resp:** No SOB or cough.
- **GI:** Normal appetite, no N/V.
- **MSK:** Swelling and tenderness in the LLE, no erythema.
- **Endo:** Type 2 DM, currently taking Metformin.
- **Heme:** Hx of VTE 1 year ago.

**PMH:**
- MI 2 months ago.
- VTE 1 year ago.
- Type 2 DM.
- Obesity.

**FMH:**
- Father had a stroke at age 60.

**SH:**
- Tobacco use: Smokes 1-2 cigarettes daily.
- Alcohol consumption: Drinks 2-3 alcoholic beverages per night.
- Diet: High sugar and high-fat foods, irregular meal times.
- Exercise: Rarely exercises.
- Recreational activities: Enjoys watching TV, minimal physical activity.

**Allergies:**
- Allergic to shellfish.

**2. Objective:**

**VS:**
- BP: 140/90 mmHg
- HR: 78 bpm
- RR: 16 bpm
- Temp: 98.6°F
- O2 Sat: 98% on RA

**PE:**
- **General:** Middle-aged AA male in no acute distress.
- **CV:** Normal heart sounds, no murmurs.
- **Resp:** Lungs clear to auscultation bilaterally.
- **Abd:** Soft, non-tender, no hepatosplenomegaly.
- **MSK:** Swelling and tenderness in the LLE, no erythema.
- **Neuro:** Alert and oriented, CNs intact, no focal deficits.

**3. Assessment:**

**Primary Dx:** 
- APS

**Secondary Dx:**
- Type 2 DM
- Obesity
- Hx of MI
- Hx of VTE

**4. Plan:**

**Rx:**
- Initiate Rivaroxaban 15 mg PO BID for 3 wks, then 20 mg QD.

**F/U Recommendations:**
- Schedule f/u in 1 month for review and monitoring.

**Labs:**
- Order tests for Immunology (Antiphospholipid antibodies, lupus anticoagulant, anticardiolipin antibodies), Hematology (CBC, Platelet count), and Biochemistry (Kidney function tests).

**Lifestyle Modifications:**
- Discussed importance of dietary changes: reducing high sugar and high-fat foods, increasing fruits, vegetables, and whole grains.
- Encouraged regular physical activity, starting with low-impact exercises such as walking.
- Advised smoking cessation and reduction of alcohol intake.

**Pt Education:**
- Explained the significance of APS and the need for anticoagulation therapy.
- Discussed potential side effects of Rivaroxaban and the importance of adherence to prescribed medication.
- Provided education on signs of bleeding and when to seek immediate medical attention.

**INSTRUCTIONS:**
- Continue current med: Metformin.
- Begin Rivaroxaban as prescribed.
- F/U in 1 month.
- Modify diet and increase physical activity.
- Monitor for signs of bleeding and report any significant changes or sx.

This plan was discussed in detail with the pt, who is in agreement and cooperative but acknowledges difficulty in making lifestyle changes."|Role not found in the first 5 lines.|"**CHIEF COMPLAINT**

Swelling in the left leg.

**HISTORY OF PRESENT ILLNESS**

[doctor] Good morning! How are you doing today?

[patient] Morning, Doctor. Not too well, honestly. My left leg is still swollen, and it’s been like this for two weeks now.

[doctor] I see. Can you tell me more about the swelling and any other symptoms you've been experiencing?

[patient] Sure. The swelling in my leg comes and goes, and it’s pretty painful. I've also had some headaches and dizziness off and on. It’s making it really hard to work and walk long distances.

[doctor] That sounds difficult. How has it affected your sleep?

[patient] I haven’t been sleeping well at all. The pain in my leg wakes me up.

[doctor] Okay. Have you noticed any chest pain, palpitations, or episodes of fainting?

[patient] No, none of that. But I had a heart attack two months ago.

[doctor] Understood. Any shortness of breath or cough?

[patient] No, my breathing’s been fine.

[doctor] What about your appetite? Any nausea or vomiting?

[patient] My appetite’s normal. No nausea or vomiting.

[doctor] Alright. Have you experienced any other symptoms, like redness in your leg or issues with your diabetes?

[patient] The leg isn't red, just swollen and tender. My diabetes is under control with Metformin.

[doctor] Have you had any recent issues with blood clots or thromboembolism?

[patient] I had a blood clot in my leg about a year ago.

[doctor] Thank you for that information. Now, let’s move on to some more detailed questions.

**PAST MEDICAL HISTORY**

[doctor] Can you provide a bit more detail on your medical history? You mentioned a myocardial infarction two months ago and a venous thromboembolism last year. Do you have any other medical conditions?

[patient] I also have Type 2 diabetes and I’m overweight.

[doctor] Thank you. Let’s talk about your family history. Did anyone in your family have similar issues?

[patient] My father had a stroke when he was 60.

**SOCIAL HISTORY**

[doctor] Do you smoke or drink alcohol?

[patient] Yes, I smoke about 1-2 cigarettes a day and drink 2-3 alcoholic beverages each night.

[doctor] Can you tell me about your diet and exercise habits?

[patient] My diet isn’t great. I eat a lot of high-sugar and high-fat foods and my meal times can be irregular. I rarely exercise.

[doctor] Do you have any hobbies or activities you enjoy?

[patient] I mostly watch TV. I don’t really do much physical activity.

**ALLERGIES**

[doctor] Do you have any allergies?

[patient] Yes, I’m allergic to shellfish.

**VITAL SIGNS**

[doctor] Let’s check your vital signs. Your blood pressure is 140/90 mmHg, your heart rate is 78 beats per minute, your respiratory rate is 16 breaths per minute, your temperature is 98.6°F, and your oxygen saturation is 98% on room air.

**PHYSICAL EXAM**

[doctor] Now, let me perform a physical exam. I see that you are a middle-aged African American male and appear to be in no acute distress. Your heart sounds are normal, and I don’t hear any murmurs. Your lungs are clear to auscultation bilaterally. Your abdomen feels soft and non-tender with no hepatosplenomegaly. There is noticeable swelling and tenderness in your left lower extremity, but no erythema. Neurologically, you are alert and oriented, and your cranial nerves are intact with no focal deficits.

**PENDING INVESTIGATIONS**

[doctor] I’m going to order some tests: antiphospholipid antibodies, lupus anticoagulant, anticardiolipin antibodies, a complete blood count, platelet count, and kidney function tests.

**ASSESSMENT AND PLAN**

[doctor] Based on your symptoms and history, it looks like you have Antiphospholipid Syndrome (APS). We need to manage this condition carefully.

[patient] What does that mean for me?

[doctor] It means you'll need anticoagulation therapy to prevent blood clots. I’m going to prescribe Rivaroxaban 15 mg twice daily for three weeks, then 20 mg once daily.

[patient] Okay, what else should I do?

[doctor] You should also make some lifestyle changes: reduce high sugar and high-fat foods, increase your intake of fruits, vegetables, and whole grains, and start engaging in regular physical activity, like walking. We also need you to quit smoking and cut down on alcohol.

[patient] That sounds like a lot, but I’ll try.

[doctor] I understand it’s a big change, but it’s important for your health. I’ll provide education on the significance of APS and the need for anticoagulation therapy. We’ll also discuss the potential side effects of Rivaroxaban and the importance of taking it regularly.

[patient] What should I look out for with this medication?

[doctor] Watch for signs of bleeding, like unusual bruising or blood in your urine or stool, and seek immediate medical attention if you notice any. Continue taking Metformin for your diabetes, and start Rivaroxaban as prescribed. We’ll follow up in one month to see how you’re doing.

[patient] Alright, I’ll do my best.

[doctor] Great. I’m here to support you. Let’s get those tests done and set up your follow-up appointment.

[patient] Thanks, Doctor. I appreciate it.

[doctor] You’re welcome. See you in a month. Take care."|"[doctor]: Good morning! How are you doing today?

[patient]: Morning, Doctor. Not too well, honestly. My left leg is still swollen, and it’s been like this for two weeks now.

[doctor]: I see. Can you tell me more about the swelling and any other symptoms you've been experiencing?

[patient]: Sure. The swelling in my leg comes and goes, and it’s pretty painful. I've also had some headaches and dizziness off and on. It’s making it really hard to work and walk long distances.

[doctor]: That sounds difficult. How has it affected your sleep?

[patient]: I haven’t been sleeping well at all. The pain in my leg wakes me up.

[doctor]: Okay. Have you noticed any chest pain, palpitations, or episodes of fainting?

[patient]: No, none of that. But I had a heart attack two months ago.

[doctor]: Understood. Any shortness of breath or cough?

[patient]: No, my breathing’s been fine.

[doctor]: What about your appetite? Any nausea or vomiting?

[patient]: My appetite’s normal. No nausea or vomiting.

[doctor]: Alright. Have you experienced any other symptoms, like redness in your leg or issues with your diabetes?

[patient]: The leg isn't red, just swollen and tender. My diabetes is under control with Metformin.

[doctor]: Have you had any recent issues with blood clots or thromboembolism?

[patient]: I had a blood clot in my leg about a year ago.

[doctor]: Thank you for that information. Now, let’s move on to some more detailed questions.

[doctor]: Can you provide a bit more detail on your medical history? You mentioned a myocardial infarction two months ago and a venous thromboembolism last year. Do you have any other medical conditions?

[patient]: I also have Type 2 diabetes and I’m overweight.

[doctor]: Thank you. Let’s talk about your family history. Did anyone in your family have similar issues?

[patient]: My father had a stroke when he was 60.

[doctor]: Do you smoke or drink alcohol?

[patient]: Yes, I smoke about 1-2 cigarettes a day and drink 2-3 alcoholic beverages each night.

[doctor]: Can you tell me about your diet and exercise habits?

[patient]: My diet isn’t great. I eat a lot of high-sugar and high-fat foods and my meal times can be irregular. I rarely exercise.

[doctor]: Do you have any hobbies or activities you enjoy?

[patient]: I mostly watch TV. I don’t really do much physical activity.

[doctor]: Do you have any allergies?

[patient]: Yes, I’m allergic to shellfish.

[doctor]: Let’s check your vital signs. Your blood pressure is 140/90 mmHg, your heart rate is 78 beats per minute, your respiratory rate is 16 breaths per minute, your temperature is 98.6°F, and your oxygen saturation is 98% on room air.

[doctor]: Now, let me perform a physical exam. I see that you are a middle-aged African American male and appear to be in no acute distress. Your heart sounds are normal, and I don’t hear any murmurs. Your lungs are clear to auscultation bilaterally. Your abdomen feels soft and non-tender with no hepatosplenomegaly. There is noticeable swelling and tenderness in your left lower extremity, but no erythema. Neurologically, you are alert and oriented, and your cranial nerves are intact with no focal deficits.

[doctor]: I’m going to order some tests: antiphospholipid antibodies, lupus anticoagulant, anticardiolipin antibodies, a complete blood count, platelet count, and kidney function tests.

[doctor]: Based on your symptoms and history, it looks like you have Antiphospholipid Syndrome (APS). We need to manage this condition carefully.

[patient]: What does that mean for me?

[doctor]: It means you'll need anticoagulation therapy to prevent blood clots. I’m going to prescribe Rivaroxaban 15 mg twice daily for three weeks, then 20 mg once daily.

[patient]: Okay, what else should I do?

[doctor]: You should also make some lifestyle changes: reduce high sugar and high-fat foods, increase your intake of fruits, vegetables, and whole grains, and start engaging in regular physical activity, like walking. We also need you to quit smoking and cut down on alcohol.

[patient]: That sounds like a lot, but I’ll try.

[doctor]: I understand it’s a big change, but it’s important for your health. I’ll provide education on the significance of APS and the need for anticoagulation therapy. We’ll also discuss the potential side effects of Rivaroxaban and the importance of taking it regularly.

[patient]: What should I look out for with this medication?

[doctor]: Watch for signs of bleeding, like unusual bruising or blood in your urine or stool, and seek immediate medical attention if you notice any. Continue taking Metformin for your diabetes, and start Rivaroxaban as prescribed. We’ll follow up in one month to see how you’re doing.

[patient]: Alright, I’ll do my best.

[doctor]: Great. I’m here to support you. Let’s get those tests done and set up your follow-up appointment.

[patient]: Thanks, Doctor. I appreciate it.

[doctor]: You’re welcome. See you in a month. Take care."
ANTIPHOSPHOLIPID SYNDROME|"ROLE: Rheumatologist

---

**1) Medical Outcome:**
   - Diagnosis: Antiphospholipid Syndrome
   - Prescribed Treatment: Rivaroxaban 20 mg tablets, oral, once daily, ongoing
   - Follow-up Recommendations: Bi-weekly INR monitoring for the first three months
   - Blood Work: Hematology Panel, Antiphospholipid antibodies, Complete Blood Count (CBC)
   - Referral to Specialist: Cardiologist, Dr. Mark Johnson, for suspected cardiac complications

**2) Medical History:**
   - Previous Diagnoses: Deep Vein Thrombosis (DVT), transient ischemic attack (TIA) two years ago
   - Family Medical History: Father with history of myocardial infarction at age 50
   - Medication History: Warfarin, discontinued due to poor INR control
   - Allergies: None known
   - Chronic Conditions: Asthma, well-controlled with inhalers

**3) Symptom Description:**
   - Severity: Severe leg pain and swelling
   - Duration: 10 months
   - Associated Symptoms: Shortness of breath, chest discomfort
   - Frequency: Daily
   - Impact on Daily Activities: Severe; frequent absenteeism from work, difficulty performing daily chores

**4) Patient’s Self-reported Habits and Lifestyle:**
   - Sleep: 3-4 hours per night, poor quality due to pain and anxiety
   - Diet: High-fat, low-fiber diet
   - Exercise: No regular exercise regimen
   - Tobacco Use: Smokes one pack daily
   - Alcohol Consumption: Consumes 2-3 beers daily
   - Drug Use: Occasional recreational marijuana use
   - Recreational Activities: Limited, mostly watches TV

**5) Demographic Information:**
   - Age: 37
   - Gender: Female
   - Ethnicity: Hispanic
   - Socio-economic Status: Lower class
   - Education Level: High school dropout
   - Health Literacy: Low, struggles to understand medical advice
   - Job Status: Unemployed, previously worked as a cashier

**6) Patient's Behavior:**
   - Cooperation with Medical Advice: Poor compliance, often misses follow-up appointments, inconsistent medication use

**7) Geographical Location:**
   - Big City vs Small City: Lives in a small city
   - Rural vs Urban: Rural
   - Pollution and Environmental Health Risks: Low pollution
   - Neighborhood Type: Underprivileged, limited access to healthcare facilities

**8) Clinical Setting:**
   - Urgent Care Center

**9) Type of Encounter:**
   - Emergency Visit

**10) Treatment Disparities:**
   - Financial constraints significantly impact access to regular healthcare and medication compliance

**11) Native or Non-Native English Speaking Patient:**
   - Non-Native English Speaking, primarily Spanish, relies on family for translation

**12) Physical exams:**
   - Cardiovascular Exam: Peripheral edema, decreased pulses, tachycardia
   - Respiratory Exam: Wheezes on auscultation, prolonged expiration

**13) Investigation/Test results:**
   - Awaiting Results: CBC, Hematology Panel, and Antiphospholipid antibodies tests
   - Recent X-ray: Chest X-ray pending results for suspected pulmonary embolism"|"#####
**1. Subjective:**

**Chief Complaint (CC):**
Severe leg pain and swelling.

**History of Present Illness (HPI):**
The patient is a 37-year-old Hispanic female who presents with severe leg pain and swelling persisting for the past 10 months. She reports associated symptoms of shortness of breath and chest discomfort, which have significantly impacted her daily activities, causing frequent absenteeism from work and difficulty performing daily chores. The severity of her symptoms is daily and debilitating.

**Review of Systems (ROS):**
- **Cardiovascular:** Reports severe leg pain and swelling. Complains of shortness of breath and chest discomfort.
- **Respiratory:** Reports wheezing and prolonged expiration.
- **General:** Poor sleep quality, getting only 3-4 hours per night due to pain and anxiety.
- **Gastrointestinal:** Diet high in fat and low in fiber.
- **Musculoskeletal:** Severe pain in the legs, accompanied by swelling.

**2. Objective:**

**Vital Signs:**
- Blood Pressure: 140/90 mmHg
- Heart Rate: 105 bpm
- Respirations: 18 breaths per minute
- Temperature: 98.6°F

**Physical Examination:**
- **Cardiovascular Exam:** Peripheral edema noted. Decreased peripheral pulses. Tachycardia observed.
- **Respiratory Exam:** Wheezing on auscultation, prolonged expiration.

**Pending Test Results:**
- Complete Blood Count (CBC)
- Hematology Panel
- Antiphospholipid antibodies
- Chest X-ray for suspected pulmonary embolism

**3. Assessment:**

**Primary Diagnosis:**
Antiphospholipid Syndrome.

**Differential Diagnoses:**
1. Deep Vein Thrombosis (DVT)
2. Pulmonary Embolism (PE)
3. Asthma Exacerbation

**Medical Reasoning:**
The patient's history of DVT and transient ischemic attack (TIA), combined with the current presentation of severe leg pain, swelling, and shortness of breath, strongly suggests Antiphospholipid Syndrome. The diagnosis is further supported by her poor control on warfarin and the need for consistent anticoagulation therapy. The cardiovascular and respiratory findings also align with complications arising from thrombotic events.

**4. Plan:**

**Medical Treatment:**
- Prescribe Rivaroxaban 20 mg tablets, oral, once daily, ongoing.
- Schedule bi-weekly INR monitoring for the first three months.
- Refer to a Cardiologist, Dr. Mark Johnson, for evaluation of suspected cardiac complications.

**Patient Education and Counseling:**
- Discuss the importance of medication adherence and consistent follow-up.
- Educate the patient on dietary modifications to include low-fat, high-fiber foods.
- Emphasize the need for smoking cessation and reducing alcohol consumption.
- Counsel on the necessity of regular physical activity tailored to her condition.

**Additional Tests and Referrals:**
- Blood work to include a hematology panel, antiphospholipid antibodies, and CBC.
- Immediate referral to a cardiologist for suspected cardiac complications.
- Follow up on pending chest X-ray results to rule out pulmonary embolism.

**Patient Agreements:**
The patient understands and agrees with the recommended medical treatment plan, though compliance may be impacted by her low health literacy and financial constraints. An interpreter will be arranged for future visits to ensure comprehension and adherence to medical advice.

**Social Support and Resource Management:**
- Arrange for a social worker to assist with financial aid applications and access to healthcare resources.
- Coordinate with local community health services to provide support and education translated into Spanish.

#####

This medical note covers the key aspects of the patient's subjective experience, objective findings, assessment, and plan while addressing the complexities of her socio-economic and language barriers."|"#####
**1. Subjective:**

**Chief Complaint (CC):**
Severe leg pain and swelling.

**History of Present Illness (HPI):**
The patient is a 37-year-old Hispanic female named Maria Gonzalez who presents with severe leg pain and swelling persisting for the past 10 months. She reports associated symptoms of shortness of breath and chest discomfort, which have significantly impacted her daily activities, causing frequent absenteeism from work and difficulty performing daily chores. The severity of her symptoms is daily and debilitating.

**Review of Systems (ROS):**
- **Cardiovascular:** Reports severe leg pain and swelling. Complains of shortness of breath and chest discomfort.
- **Respiratory:** Reports wheezing and prolonged expiration.
- **General:** Poor sleep quality, getting only 3-4 hours per night due to pain and anxiety.
- **Gastrointestinal:** Diet high in fat and low in fiber.
- **Musculoskeletal:** Severe pain in the legs, accompanied by swelling.

**2. Objective:**

**Vital Signs:**
- Blood Pressure: 140/90 mmHg
- Heart Rate: 105 bpm
- Respirations: 18 breaths per minute
- Temperature: 98.6°F

**Physical Examination:**
- **Cardiovascular Exam:** Peripheral edema noted. Decreased peripheral pulses. Tachycardia observed.
- **Respiratory Exam:** Wheezing on auscultation, prolonged expiration.

**Pending Test Results:**
- Complete Blood Count (CBC)
- Hematology Panel
- Antiphospholipid antibodies
- Chest X-ray for suspected pulmonary embolism

**3. Assessment:**

**Primary Diagnosis:**
Antiphospholipid Syndrome.

**Differential Diagnoses:**
1. Deep Vein Thrombosis (DVT)
2. Pulmonary Embolism (PE)
3. Asthma Exacerbation

**Medical Reasoning:**
The patient's history of DVT and transient ischemic attack (TIA), combined with the current presentation of severe leg pain, swelling, and shortness of breath, strongly suggests Antiphospholipid Syndrome. The diagnosis is further supported by her poor control on warfarin and the need for consistent anticoagulation therapy. The cardiovascular and respiratory findings also align with complications arising from thrombotic events.

**4. Plan:**

**Medical Treatment:**
- Prescribe Rivaroxaban 20 mg tablets, oral, once daily, ongoing.
- Schedule bi-weekly INR monitoring for the first three months.
- Refer to a Cardiologist, Dr. Mark Johnson, for evaluation of suspected cardiac complications.

**Patient Education and Counseling:**
- Discuss the importance of medication adherence and consistent follow-up.
- Educate the patient on dietary modifications to include low-fat, high-fiber foods.
- Emphasize the need for smoking cessation and reducing alcohol consumption.
- Counsel on the necessity of regular physical activity tailored to her condition.

**Additional Tests and Referrals:**
- Blood work to include a hematology panel, antiphospholipid antibodies, and CBC.
- Immediate referral to a cardiologist for suspected cardiac complications.
- Follow up on pending chest X-ray results to rule out pulmonary embolism.

**Patient Agreements:**
The patient understands and agrees with the recommended medical treatment plan, though compliance may be impacted by her low health literacy and financial constraints. An interpreter will be arranged for future visits to ensure comprehension and adherence to medical advice.

**Social Support and Resource Management:**
- Arrange for a social worker to assist with financial aid applications and access to healthcare resources.
- Coordinate with local community health services to provide support and education translated into Spanish.
#####"|"#####
**1. Subjective:**

**CC:**
Severe leg pain and swelling.

**HPI:**
The pt is a 37 y/o Hispanic F named Maria Gonzalez who presents with severe leg pain and swelling persisting for the past 10 mos. She reports assoc. sx of SOB and CP, which have significantly impacted her ADLs, causing frequent absenteeism from work and difficulty performing daily chores. The severity of her sx is daily and debilitating.

**ROS:**
- **CV:** Reports severe leg pain and swelling. Complains of SOB and CP.
- **Resp:** Reports wheezing and prolonged expiration.
- **Gen:** Poor sleep quality, getting only 3-4 hrs/night due to pain and anxiety.
- **GI:** Diet high in fat and low in fiber.
- **MSK:** Severe pain in the legs, accompanied by swelling.

**2. Objective:**

**VS:**
- BP: 140/90 mmHg
- HR: 105 bpm
- RR: 18 bpm
- Temp: 98.6°F

**PE:**
- **CV Exam:** Peripheral edema noted. Decreased peripheral pulses. Tachycardia observed.
- **Resp Exam:** Wheezing on auscultation, prolonged expiration.

**Pending Test Results:**
- CBC
- Hematology Panel
- Antiphospholipid antibodies
- CXR for suspected PE

**3. Assessment:**

**Primary Dx:**
Antiphospholipid Syndrome.

**Differential Dx:**
1. DVT
2. PE
3. Asthma Exacerbation

**Medical Reasoning:**
The pt's hx of DVT and TIA, combined with the current presentation of severe leg pain, swelling, and SOB, strongly suggests Antiphospholipid Syndrome. The dx is further supported by her poor control on warfarin and the need for consistent anticoagulation therapy. The CV and resp findings also align with complications arising from thrombotic events.

**4. Plan:**

**Medical Tx:**
- Rx Rivaroxaban 20 mg tabs, PO, QD, ongoing.
- Schedule bi-weekly INR monitoring for the first 3 mos.
- Refer to a Cardiologist, Dr. Mark Johnson, for eval of suspected cardiac complications.

**Pt Education and Counseling:**
- Discuss the importance of med adherence and consistent follow-up.
- Educate the pt on dietary modifications to include low-fat, high-fiber foods.
- Emphasize the need for smoking cessation and reducing EtOH consumption.
- Counsel on the necessity of regular physical activity tailored to her condition.

**Additional Tests and Referrals:**
- Blood work to include a hematology panel, antiphospholipid antibodies, and CBC.
- Immediate referral to a cardiologist for suspected cardiac complications.
- Follow up on pending CXR results to r/o PE.

**Pt Agreements:**
The pt understands and agrees with the recommended medical tx plan, though compliance may be impacted by her low health literacy and financial constraints. An interpreter will be arranged for future visits to ensure comprehension and adherence to medical advice.

**Social Support and Resource Mgmt:**
- Arrange for a social worker to assist with financial aid applications and access to healthcare resources.
- Coordinate with local community health services to provide support and education translated into Spanish.
#####"|Rheumatologist|"**Doctor:** Good morning. How are you doing today?

**Patient:** Good morning, Doctor. I’ve been better. I’m here because of severe leg pain and swelling.

**Doctor:** I see. Can you tell me more about this pain and swelling? How long have you been experiencing these symptoms?

**Patient:** It’s been about 10 months now. The pain is really bad, and my legs are swollen all the time. 

**Doctor:** I’m sorry to hear that. Have you noticed any other symptoms along with the leg pain and swelling?

**Patient:** Yes, I’ve been having shortness of breath and some chest discomfort. It’s making it really hard to do anything.

**Doctor:** That sounds quite severe. Has this impacted your daily activities and work?

**Patient:** Yes, definitely. I’ve missed a lot of work and it’s hard to do even simple chores at home.

**Doctor:** I'm sorry you're going through this. How severe would you say the pain and swelling are on a daily basis?

**Patient:** It’s very severe, Doctor. It’s debilitating and it’s there every day.

**Doctor:** It sounds like you’re really struggling with this. Can you also tell me about your sleep? Are you getting enough rest?

**Patient:** No, not at all. I only get about 3-4 hours of sleep each night because of the pain and anxiety.

**Doctor:** That’s concerning. Let’s also talk about your diet. What kinds of foods do you usually eat?

**Patient:** My diet isn’t great. I eat a lot of high-fat foods and not much fiber.

**Doctor:** Alright, I understand. Before we go further, can you give me your medical history record?

**Patient:** Here you are.

**Doctor:** Thank you. Based on your medical history, I see you have a history of Deep Vein Thrombosis (DVT) and a transient ischemic attack (TIA). Are you currently taking any medications?

**Patient:** Yes, I’ve been on warfarin, but it hasn’t been working well for me.

**Doctor:** Alright, thank you for sharing that. Let me take your vital signs. Your blood pressure is 140/90 mmHg, your heart rate is 105 bpm, and your respiratory rate is 18 breaths per minute. Your temperature is 98.6°F.

**Patient:** Is that okay?

**Doctor:** Your blood pressure and heart rate are a bit high. We’ll keep an eye on that. Now, let’s do a physical exam. I’m going to check your cardiovascular and respiratory systems.

**Patient:** Okay.

**Doctor:** I see there’s peripheral edema and decreased peripheral pulses. Your heart rate is fast. Let me listen to your lungs... I hear wheezing and prolonged expiration. 

**Patient:** What does that mean, Doctor?

**Doctor:** It means there’s some obstruction in your airways, which could be contributing to your shortness of breath. I’m also noting the swelling and pain in your legs. 

**Patient:** What could be causing all this?

**Doctor:** Given your history and current symptoms, I suspect Antiphospholipid Syndrome. It’s a condition that increases the risk of blood clots. We’ll need to run some tests to confirm this.

**Patient:** What kind of tests?

**Doctor:** We’ll do a Complete Blood Count (CBC), a hematology panel, and test for antiphospholipid antibodies. We’ll also get a chest X-ray to rule out a pulmonary embolism, which is a blood clot in the lungs.

**Patient:** That sounds like a lot. What happens next?

**Doctor:** For now, I’m going to prescribe Rivaroxaban 20 mg tablets. You’ll take one tablet daily. We’ll also monitor your INR levels bi-weekly for the first three months to ensure the medication is working properly.

**Patient:** Okay, and what about my chest discomfort?

**Doctor:** I’m referring you to a cardiologist, Dr. Mark Johnson, to evaluate any potential cardiac complications. It’s important to get a thorough assessment.

**Patient:** Thank you, Doctor. What else do I need to know?

**Doctor:** I’ll educate you on the importance of sticking to your medication and coming in for regular check-ups. We also need to discuss some dietary changes. You should aim for a low-fat, high-fiber diet.

**Patient:** I’ll try. It’s just hard to manage everything.

**Doctor:** I understand. We’ll also arrange for a social worker to help you with financial aid and access to healthcare resources. We can get support materials translated into Spanish as well.

**Patient:** That would be very helpful.

**Doctor:** We’re here to support you. I’m also recommending that you quit smoking and reduce alcohol consumption if you do either of those. Regular physical activity tailored to your condition will also help.

**Patient:** I’ll do my best.

**Doctor:** Great. Do you have any questions for me?

**Patient:** Will I ever feel better?

**Doctor:** With the right treatment and support, we aim to significantly improve your symptoms and quality of life. We’ll work together on this.

**Patient:** Thank you, Doctor. What should I do next?

**Doctor:** Follow the medication plan, attend your appointments with the cardiologist, and we’ll schedule your follow-up in six weeks. We’ll also get those tests done as soon as possible.

**Patient:** Okay, I’ll do that.

**Doctor:** Excellent. Take care, and we’ll see you soon.

**Patient:** Thank you, Doctor. Goodbye.

**Doctor:** Goodbye."|"[doctor]: Good morning. How are you doing today?

[patient]: Good morning, Doctor. I’ve been better. I’m here because of severe leg pain and swelling.

[doctor]: I see. Can you tell me more about this pain and swelling? How long have you been experiencing these symptoms?

[patient]: It’s been about 10 months now. The pain is really bad, and my legs are swollen all the time.

[doctor]: I’m sorry to hear that. Have you noticed any other symptoms along with the leg pain and swelling?

[patient]: Yes, I’ve been having shortness of breath and some chest discomfort. It’s making it really hard to do anything.

[doctor]: That sounds quite severe. Has this impacted your daily activities and work?

[patient]: Yes, definitely. I’ve missed a lot of work and it’s hard to do even simple chores at home.

[doctor]: I'm sorry you're going through this. How severe would you say the pain and swelling are on a daily basis?

[patient]: It’s very severe, Doctor. It’s debilitating and it’s there every day.

[doctor]: It sounds like you’re really struggling with this. Can you also tell me about your sleep? Are you getting enough rest?

[patient]: No, not at all. I only get about 3-4 hours of sleep each night because of the pain and anxiety.

[doctor]: That’s concerning. Let’s also talk about your diet. What kinds of foods do you usually eat?

[patient]: My diet isn’t great. I eat a lot of high-fat foods and not much fiber.

[doctor]: Alright, I understand. Before we go further, can you give me your medical history record?

[patient]: Here you are.

[doctor]: Thank you. Based on your medical history, I see you have a history of Deep Vein Thrombosis (DVT) and a transient ischemic attack (TIA). Are you currently taking any medications?

[patient]: Yes, I’ve been on warfarin, but it hasn’t been working well for me.

[doctor]: Alright, thank you for sharing that. Let me take your vital signs. Your blood pressure is 140/90 mmHg, your heart rate is 105 bpm, and your respiratory rate is 18 breaths per minute. Your temperature is 98.6°F.

[patient]: Is that okay?

[doctor]: Your blood pressure and heart rate are a bit high. We’ll keep an eye on that. Now, let’s do a physical exam. I’m going to check your cardiovascular and respiratory systems.

[patient]: Okay.

[doctor]: I see there’s peripheral edema and decreased peripheral pulses. Your heart rate is fast. Let me listen to your lungs... I hear wheezing and prolonged expiration.

[patient]: What does that mean, Doctor?

[doctor]: It means there’s some obstruction in your airways, which could be contributing to your shortness of breath. I’m also noting the swelling and pain in your legs.

[patient]: What could be causing all this?

[doctor]: Given your history and current symptoms, I suspect Antiphospholipid Syndrome. It’s a condition that increases the risk of blood clots. We’ll need to run some tests to confirm this.

[patient]: What kind of tests?

[doctor]: We’ll do a Complete Blood Count (CBC), a hematology panel, and test for antiphospholipid antibodies. We’ll also get a chest X-ray to rule out a pulmonary embolism, which is a blood clot in the lungs.

[patient]: That sounds like a lot. What happens next?

[doctor]: For now, I’m going to prescribe Rivaroxaban 20 mg tablets. You’ll take one tablet daily. We’ll also monitor your INR levels bi-weekly for the first three months to ensure the medication is working properly.

[patient]: Okay, and what about my chest discomfort?

[doctor]: I’m referring you to a cardiologist, Dr. Mark Johnson, to evaluate any potential cardiac complications. It’s important to get a thorough assessment.

[patient]: Thank you, Doctor. What else do I need to know?

[doctor]: I’ll educate you on the importance of sticking to your medication and coming in for regular check-ups. We also need to discuss some dietary changes. You should aim for a low-fat, high-fiber diet.

[patient]: I’ll try. It’s just hard to manage everything.

[doctor]: I understand. We’ll also arrange for a social worker to help you with financial aid and access to healthcare resources. We can get support materials translated into Spanish as well.

[patient]: That would be very helpful.

[doctor]: We’re here to support you. I’m also recommending that you quit smoking and reduce alcohol consumption if you do either of those. Regular physical activity tailored to your condition will also help.

[patient]: I’ll do my best.

[doctor]: Great. Do you have any questions for me?

[patient]: Will I ever feel better?

[doctor]: With the right treatment and support, we aim to significantly improve your symptoms and quality of life. We’ll work together on this.

[patient]: Thank you, Doctor. What should I do next?

[doctor]: Follow the medication plan, attend your appointments with the cardiologist, and we’ll schedule your follow-up in six weeks. We’ll also get those tests done as soon as possible.

[patient]: Okay, I’ll do that.

[doctor]: Excellent. Take care, and we’ll see you soon.

[patient]: Thank you, Doctor. Goodbye.

[doctor]: Goodbye."
ANTIPHOSPHOLIPID SYNDROME|"ROLE: Family Medicine Physician

**Scenario:**

**1) Medical Outcome:**
   - Diagnosis: Chronic Obstructive Pulmonary Disease (COPD)
   - Prescribed Treatment: Albuterol Inhaler 90 mcg, 2 puffs every 4-6 hours as needed for shortness of breath
   - Additional Medication: Tiotropium 18 mcg inhalation powder, 1 inhalation daily
   - Follow-up Recommendations: Follow-up in 1 month to assess symptom control and potential need for further intervention
   - Referral to Specialists: Pulmonologist for further evaluation and management of COPD, Dr. Michael Brown
   - Imaging: Chest X-ray to evaluate for any acute changes or complications of COPD

**2) Medical History:**
   - Previous Diagnoses: Hypertension
   - Family Medical History: Father had a history of lung cancer
   - Medication History: Lisinopril 10 mg oral once daily for hypertension
   - Allergies: Sulfa drugs

**3) Symptom Description:**
   - Severity: Severe
   - Duration: Past 2 years, with worsening over the last 3 months
   - Associated Symptoms: Chronic cough with sputum production, wheezing, frequent respiratory infections
   - Frequency: Daily symptoms
   - Impact on Daily Activities: Difficulty walking long distances, significantly affecting daily activities

**4) Patient’s Self-reported Habits and Lifestyle:**
   - Sleep: Poor sleep quality due to coughing and shortness of breath
   - Diet: High-fat, low-fiber diet
   - Exercise: Rarely exercises due to breathing difficulties
   - Tobacco Use: Smoked 1 pack per day for 30 years, quit 6 months ago
   - Alcohol Consumption: Moderate, 2-3 beers per week
   - Drug Use: None
   - Recreational Activities: Used to enjoy fishing but has stopped due to respiratory issues

**5) Demographic Information:**
   - Age: 60
   - Gender: Male
   - Ethnicity: White
   - Socio-economic Status: Lower-middle class
   - Education Level: Some college
   - Health Literacy: Moderate
   - Job Status: Retired factory worker

**6) Patient's Behavior:**
   - Cooperation: Highly cooperative and motivated after quitting smoking

**7) Geographical Location:**
   - Big City vs Small City: Rural
   - Neighborhood Type: Well-served by transit but in a high-pollution area due to nearby factories

**8) Clinical Setting:**
   - Primary Care Clinic

**9) Type of Encounter:**
   - Chronic Disease Management

**10) Treatment Disparities:**
   - Patient has financial constraints limiting access to high-cost medications and specialist visits

**11) Native or Non-Native English Speaking Patient:**
   - Native English Speaking Patient

**12) Physical exams:**
   - Respiratory: Diminished breath sounds, expiratory wheezing, and prolonged expiratory phase
   - Cardiovascular: Normal heart sounds, no murmurs

**13) Investigation/Test results:**
   - Awaiting: Chest X-ray

In this scenario, the physician, a Family Medicine Physician, conducts a thorough examination and tailors the medical plan to address the patient's presentation of chronic obstructive pulmonary disease (COPD)."|"#####

**1. Subjective:**

**Chief Complaint (CC):**
- Shortness of breath, chronic cough with sputum production, and wheezing.

**History of Present Illness (HPI):**
- The patient is a 60-year-old male with a history of hypertension and a significant smoking history, presenting with severe shortness of breath, chronic cough with sputum production, and wheezing. Symptoms have been present for the past 2 years but have worsened over the last 3 months. The patient reports frequent respiratory infections and difficulties in walking long distances, significantly affecting daily activities.

**Review of Systems (ROS):**
- **General:** Reports fatigue and poor sleep quality due to coughing and shortness of breath.
- **Respiratory:** Chronic cough with sputum production, daily wheezing, frequent respiratory infections.
- **Cardiovascular:** No chest pain or palpitations.
- **Gastrointestinal:** No significant changes noticed.
- **Musculoskeletal:** Muscle weakness due to limited physical activity.
- **Neurological:** No headaches, dizziness, or syncope.

**2. Objective:**

**Vital Signs:**
- Blood Pressure: 138/88 mmHg
- Heart Rate: 92 bpm
- Respiratory Rate: 22 breaths per minute
- Temperature: 98.6°F
- O2 Saturation: 92% on room air

**Physical Exam:**
- **General:** Alert, cooperative, moderately distressed due to shortness of breath.
- **Respiratory:** Diminished breath sounds bilaterally, expiratory wheezing, prolonged expiratory phase.
- **Cardiovascular:** Normal heart sounds, no murmurs, gallops, or rubs.
- **Gastrointestinal:** Normal bowel sounds, no tenderness.
- **Extremities:** No cyanosis or edema.

**Test Results:**
- Chest X-ray: Awaiting results.

**3. Assessment:**

- **Chronic Obstructive Pulmonary Disease (COPD):** 
  - Based on the patient's history of smoking, symptoms of chronic cough, wheezing, and physical exam findings, COPD is the most likely diagnosis.

- **Hypertension:**
  - Well-managed on current medication (Lisinopril 10 mg daily).

**4. Plan:**

**Medications:**
- Prescribe Albuterol Inhaler 90 mcg, 2 puffs every 4-6 hours as needed for shortness of breath.
- Initiate Tiotropium 18 mcg inhalation powder, 1 inhalation daily.

**Patient Education and Counseling:**
- Educate the patient on proper inhaler techniques and the importance of medication adherence.
- Discuss lifestyle modifications, including smoking cessation strategies and the importance of avoiding respiratory irritants.
- Advise on diet changes to incorporate more fiber and reduce fat intake.
- Encourage gentle, low-impact exercises as tolerated to improve respiratory function.

**Referral:**
- Referral to Dr. Michael Brown, Pulmonologist, for further evaluation and management of COPD.

**Follow-up:**
- Schedule a follow-up appointment in 1 month to assess symptom control and evaluate the need for further intervention or adjustment in therapy.

**Additional Testing:**
- Await chest X-ray results to evaluate for any acute changes or complications of COPD.

**Patient Agreement:**
- The patient understands and agrees with the recommended medical treatment plan. 

**Notes:**
- Discussed financial constraints with the patient and provided information on possible assistance programs to help cover the cost of medications and specialist visits.
"|"#####

**1. Subjective:**

**Chief Complaint (CC):**
- Shortness of breath, chronic cough with sputum production, and wheezing.

**History of Present Illness (HPI):**
- The patient is a 60-year-old male with a history of hypertension and a significant smoking history, presenting with severe shortness of breath, chronic cough with sputum production, and wheezing. Symptoms have been present for the past 2 years but have worsened over the last 3 months. The patient reports frequent respiratory infections and difficulties in walking long distances, significantly affecting daily activities.

**Review of Systems (ROS):**
- **General:** Reports fatigue and poor sleep quality due to coughing and shortness of breath.
- **Respiratory:** Chronic cough with sputum production, daily wheezing, frequent respiratory infections.
- **Cardiovascular:** No chest pain or palpitations.
- **Gastrointestinal:** No significant changes noticed.
- **Musculoskeletal:** Muscle weakness due to limited physical activity.
- **Neurological:** No headaches, dizziness, or syncope.

**2. Objective:**

**Vital Signs:**
- Blood Pressure: 138/88 mmHg
- Heart Rate: 92 bpm
- Respiratory Rate: 22 breaths per minute
- Temperature: 98.6°F
- O2 Saturation: 92% on room air

**Physical Exam:**
- **General:** Alert, cooperative, moderately distressed due to shortness of breath.
- **Respiratory:** Diminished breath sounds bilaterally, expiratory wheezing, prolonged expiratory phase.
- **Cardiovascular:** Normal heart sounds, no murmurs, gallops, or rubs.
- **Gastrointestinal:** Normal bowel sounds, no tenderness.
- **Extremities:** No cyanosis or edema.

**Test Results:**
- Awaiting chest X-ray results.

**3. Assessment:**

- **Chronic Obstructive Pulmonary Disease (COPD):** 
  - Based on the patient's history of smoking, symptoms of chronic cough, wheezing, and physical exam findings, COPD is the most likely diagnosis.

- **Hypertension:**
  - Well-managed on current medication (Lisinopril 10 mg daily).

**4. Plan:**

**Medications:**
- Prescribe Albuterol Inhaler 90 mcg, 2 puffs every 4-6 hours as needed for shortness of breath.
- Initiate Tiotropium 18 mcg inhalation powder, 1 inhalation daily.

**Patient Education and Counseling:**
- Educate the patient on proper inhaler techniques and the importance of medication adherence.
- Discuss lifestyle modifications, including smoking cessation strategies and the importance of avoiding respiratory irritants.
- Advise on diet changes to incorporate more fiber and reduce fat intake.
- Encourage gentle, low-impact exercises as tolerated to improve respiratory function.

**Referral:**
- Referral to Dr. Michael Brown, Pulmonologist, for further evaluation and management of COPD.

**Follow-up:**
- Schedule a follow-up appointment in 1 month to assess symptom control and evaluate the need for further intervention or adjustment in therapy.

**Additional Testing:**
- Await chest X-ray results to evaluate for any acute changes or complications of COPD.

**Patient Agreement:**
- The patient understands and agrees with the recommended medical treatment plan. 

**Notes:**
- Discussed financial constraints with the patient and provided information on possible assistance programs to help cover the cost of medications and specialist visits."|"#####

**1. Subjective:**

**CC:**
- SOB, chronic cough with sputum production, and wheezing.

**HPI:**
- The pt is a 60 y/o M with a hx of HTN and a significant smoking hx, presenting with severe SOB, chronic cough with sputum production, and wheezing. Sx have been present for the past 2 yrs but have worsened over the last 3 mos. The pt reports frequent resp infections and difficulties in walking long distances, significantly affecting ADLs.

**ROS:**
- **General:** Reports fatigue and poor sleep quality due to coughing and SOB.
- **Respiratory:** Chronic cough with sputum production, daily wheezing, frequent resp infections.
- **Cardiovascular:** No CP or palpitations.
- **Gastrointestinal:** No significant changes noticed.
- **Musculoskeletal:** Muscle weakness due to limited physical activity.
- **Neurological:** No HA, dizziness, or syncope.

**2. Objective:**

**VS:**
- BP: 138/88 mmHg
- HR: 92 bpm
- RR: 22 breaths/min
- Temp: 98.6°F
- O2 Sat: 92% on RA

**PE:**
- **General:** Alert, cooperative, moderately distressed due to SOB.
- **Respiratory:** Diminished breath sounds bilaterally, expiratory wheezing, prolonged expiratory phase.
- **Cardiovascular:** Normal heart sounds, no murmurs, gallops, or rubs.
- **Gastrointestinal:** Normal bowel sounds, no tenderness.
- **Extremities:** No cyanosis or edema.

**Test Results:**
- Awaiting CXR results.

**3. Assessment:**

- **COPD:** 
  - Based on the pt's hx of smoking, sx of chronic cough, wheezing, and PE findings, COPD is the most likely dx.

- **HTN:**
  - Well-managed on current med (Lisinopril 10 mg daily).

**4. Plan:**

**Medications:**
- Rx Albuterol Inhaler 90 mcg, 2 puffs q4-6h PRN for SOB.
- Initiate Tiotropium 18 mcg inhalation powder, 1 inhalation daily.

**Pt Education and Counseling:**
- Educate the pt on proper inhaler techniques and the importance of med adherence.
- Discuss lifestyle modifications, including smoking cessation strategies and the importance of avoiding resp irritants.
- Advise on diet changes to incorporate more fiber and reduce fat intake.
- Encourage gentle, low-impact exercises as tolerated to improve resp function.

**Referral:**
- Referral to Dr. Michael Brown, Pulmonologist, for further eval and mgmt of COPD.

**Follow-up:**
- Schedule a follow-up appt in 1 mo to assess sx control and evaluate the need for further intervention or adjustment in therapy.

**Additional Testing:**
- Await CXR results to evaluate for any acute changes or complications of COPD.

**Pt Agreement:**
- The pt understands and agrees with the recommended medical tx plan. 

**Notes:**
- Discussed financial constraints with the pt and provided info on possible assistance programs to help cover the cost of meds and specialist visits."|Family Medicine Physician|"[doctor] Good morning, how are you doing today?

[patient] Not too well, Doc. I've been having some trouble with shortness of breath and this chronic cough that just won't go away.

[doctor] I see. Can you tell me more about your symptoms? How long have you been experiencing them?

[patient] Well, it's been about 2 years now, but it's gotten a lot worse over the past 3 months. I'm coughing up sputum, and there's a lot of wheezing too.

[doctor] That sounds quite uncomfortable. Have you noticed any patterns or triggers for these symptoms?

[patient] Not really, it’s pretty constant. It just seems to get worse when I try to do anything active, like walking long distances.

[doctor] Okay, and how has this been affecting your daily activities?

[patient] It’s been pretty bad. I get tired easily and can’t sleep well because of the coughing and shortness of breath.

[doctor] I understand. Let's go over your medical history. Do you have any other chronic conditions?

[patient] Yes, I have hypertension, but it's under control with my medication.

[doctor] Good to know. Can you tell me about your smoking history?

[patient] I've been smoking for about 40 years, Doc. I know it’s bad, but it’s been hard to quit.

[doctor] That’s important information. Have you had any frequent respiratory infections lately?

[patient] Yes, I’ve had quite a few infections over the past year. They seem to come one after another.

[doctor] Okay. Let’s go over some other systems. Have you experienced any chest pain or palpitations?

[patient] No, none of that.

[doctor] Any changes in your gastrointestinal function, like changes in appetite or bowel habits?

[patient] No, everything's been normal in that regard.

[doctor] What about muscle weakness? How's your physical activity been?

[patient] I do feel weak, but I think that’s because I haven’t been able to be as active as I used to be.

[doctor] And have you noticed any headaches, dizziness, or episodes of fainting?

[patient] No, nothing like that.

[doctor] Alright. Thank you for sharing all that. Let me go ahead and check your vital signs. Your blood pressure is 138/88 mmHg, your heart rate is 92 beats per minute, your respiratory rate is 22 breaths per minute, and your temperature is 98.6°F. Your oxygen saturation is 92% on room air. 

[patient] Okay, Doctor. What does that mean?

[doctor] It means that your blood pressure and temperature are within normal limits, but your oxygen saturation is a bit low, which is expected with your symptoms. Let’s proceed with a physical examination. 

[doctor] I’m going to listen to your lungs now. I hear diminished breath sounds bilaterally, expiratory wheezing, and a prolonged expiratory phase. Your heart sounds normal, and I don’t hear any murmurs or extra sounds. Your bowel sounds are normal, and there is no tenderness in your abdomen. 

[patient] Okay, Doctor.

[doctor] Your extremities look good; there’s no cyanosis or edema. We’re still waiting for the results from your chest X-ray. 

[patient] Alright.

[doctor] Based on your history and what I’ve observed, it looks like you have Chronic Obstructive Pulmonary Disease, or COPD. This is likely due to your smoking history, and it explains your chronic cough, sputum production, and wheezing.

[patient] COPD? Is that serious?

[doctor] It is a chronic condition, but with proper management, we can control your symptoms and improve your quality of life. I’m going to prescribe an Albuterol inhaler, which you should use every 4-6 hours as needed for shortness of breath, and Tiotropium, which is an inhalation powder you should use once daily.

[patient] How do I use these inhalers?

[doctor] I’ll show you the proper inhaler techniques and it’s important to follow them to ensure you get the medication effectively. I’ll also discuss the importance of medication adherence with you.

[patient] Okay, I’ll try my best.

[doctor] I also want to discuss some lifestyle modifications with you. Quitting smoking is crucial. It’s the most important step you can take to improve your respiratory health. I can provide you with resources and strategies to help you quit.

[patient] I know I need to quit. It’s just been so hard.

[doctor] I understand. It’s not easy, but there are programs and medications that can help. Avoiding respiratory irritants like dust and strong fumes is also important. 

[patient] Alright, I’ll try to avoid those.

[doctor] I also recommend making some diet changes, such as incorporating more fiber and reducing your fat intake. Gentle, low-impact exercises like walking or swimming can help improve your respiratory function without putting too much strain on your body.

[patient] I can try that. 

[doctor] I’m going to refer you to Dr. Michael Brown, a pulmonologist, for further evaluation and management of your COPD. He’ll be able to provide more specialized care.

[patient] Okay, I’ll see him.

[doctor] We’ll also schedule a follow-up appointment in 1 month to assess your symptom control and see if we need to adjust your therapy. 

[patient] Alright, I’ll be here.

[doctor] We’re still awaiting the chest X-ray results, which will help us evaluate for any acute changes or complications of COPD. 

[patient] Got it.

[doctor] Are there any other questions or concerns you have at this moment?

[patient] Well, I’m worried about the cost of these medications and visits. Money’s been tight lately.

[doctor] I understand. We can discuss financial assistance programs that may help cover the cost of your medications and specialist visits. We’ll do our best to ensure you get the care you need without a heavy financial burden.

[patient] Thank you, Doctor. That means a lot.

[doctor] You’re welcome. We’ll make sure to take care of you. Do you agree with this plan of action?

[patient] Yes, I understand and agree with the plan.

[doctor] Excellent. My nurse will provide you with the prescriptions and set up your referral to Dr. Brown. We’ll also help you schedule your follow-up appointment.

[patient] Thank you so much.

[doctor] You’re welcome. Take care, and we’ll see you in a month. If you have any worsening symptoms or concerns before then, don’t hesitate to contact us.

[patient] Will do. Thanks again, Doctor.

[doctor] Goodbye, and take care.

[patient] Bye."|"[doctor] Good morning, how are you doing today?

[patient] Not too well, Doc. I've been having some trouble with shortness of breath and this chronic cough that just won't go away.

[doctor] I see. Can you tell me more about your symptoms? How long have you been experiencing them?

[patient] Well, it's been about 2 years now, but it's gotten a lot worse over the past 3 months. I'm coughing up sputum, and there's a lot of wheezing too.

[doctor] That sounds quite uncomfortable. Have you noticed any patterns or triggers for these symptoms?

[patient] Not really, it’s pretty constant. It just seems to get worse when I try to do anything active, like walking long distances.

[doctor] Okay, and how has this been affecting your daily activities?

[patient] It’s been pretty bad. I get tired easily and can’t sleep well because of the coughing and shortness of breath.

[doctor] I understand. Let's go over your medical history. Do you have any other chronic conditions?

[patient] Yes, I have hypertension, but it's under control with my medication.

[doctor] Good to know. Can you tell me about your smoking history?

[patient] I've been smoking for about 40 years, Doc. I know it’s bad, but it’s been hard to quit.

[doctor] That’s important information. Have you had any frequent respiratory infections lately?

[patient] Yes, I’ve had quite a few infections over the past year. They seem to come one after another.

[doctor] Okay. Let’s go over some other systems. Have you experienced any chest pain or palpitations?

[patient] No, none of that.

[doctor] Any changes in your gastrointestinal function, like changes in appetite or bowel habits?

[patient] No, everything's been normal in that regard.

[doctor] What about muscle weakness? How's your physical activity been?

[patient] I do feel weak, but I think that’s because I haven’t been able to be as active as I used to be.

[doctor] And have you noticed any headaches, dizziness, or episodes of fainting?

[patient] No, nothing like that.

[doctor] Alright. Thank you for sharing all that. Let me go ahead and check your vital signs. Your blood pressure is 138/88 mmHg, your heart rate is 92 beats per minute, your respiratory rate is 22 breaths per minute, and your temperature is 98.6°F. Your oxygen saturation is 92% on room air. 

[patient] Okay, Doctor. What does that mean?

[doctor] It means that your blood pressure and temperature are within normal limits, but your oxygen saturation is a bit low, which is expected with your symptoms. Let’s proceed with a physical examination. 

[doctor] I’m going to listen to your lungs now. I hear diminished breath sounds bilaterally, expiratory wheezing, and a prolonged expiratory phase. Your heart sounds normal, and I don’t hear any murmurs or extra sounds. Your bowel sounds are normal, and there is no tenderness in your abdomen. 

[patient] Okay, Doctor.

[doctor] Your extremities look good; there’s no cyanosis or edema. We’re still waiting for the results from your chest X-ray. 

[patient] Alright.

[doctor] Based on your history and what I’ve observed, it looks like you have Chronic Obstructive Pulmonary Disease, or COPD. This is likely due to your smoking history, and it explains your chronic cough, sputum production, and wheezing.

[patient] COPD? Is that serious?

[doctor] It is a chronic condition, but with proper management, we can control your symptoms and improve your quality of life. I’m going to prescribe an Albuterol inhaler, which you should use every 4-6 hours as needed for shortness of breath, and Tiotropium, which is an inhalation powder you should use once daily.

[patient] How do I use these inhalers?

[doctor] I’ll show you the proper inhaler techniques and it’s important to follow them to ensure you get the medication effectively. I’ll also discuss the importance of medication adherence with you.

[patient] Okay, I’ll try my best.

[doctor] I also want to discuss some lifestyle modifications with you. Quitting smoking is crucial. It’s the most important step you can take to improve your respiratory health. I can provide you with resources and strategies to help you quit.

[patient] I know I need to quit. It’s just been so hard.

[doctor] I understand. It’s not easy, but there are programs and medications that can help. Avoiding respiratory irritants like dust and strong fumes is also important. 

[patient] Alright, I’ll try to avoid those.

[doctor] I also recommend making some diet changes, such as incorporating more fiber and reducing your fat intake. Gentle, low-impact exercises like walking or swimming can help improve your respiratory function without putting too much strain on your body.

[patient] I can try that. 

[doctor] I’m going to refer you to Dr. Michael Brown, a pulmonologist, for further evaluation and management of your COPD. He’ll be able to provide more specialized care.

[patient] Okay, I’ll see him.

[doctor] We’ll also schedule a follow-up appointment in 1 month to assess your symptom control and see if we need to adjust your therapy. 

[patient] Alright, I’ll be here.

[doctor] We’re still awaiting the chest X-ray results, which will help us evaluate for any acute changes or complications of COPD. 

[patient] Got it.

[doctor] Are there any other questions or concerns you have at this moment?

[patient] Well, I’m worried about the cost of these medications and visits. Money’s been tight lately.

[doctor] I understand. We can discuss financial assistance programs that may help cover the cost of your medications and specialist visits. We’ll do our best to ensure you get the care you need without a heavy financial burden.

[patient] Thank you, Doctor. That means a lot.

[doctor] You’re welcome. We’ll make sure to take care of you. Do you agree with this plan of action?

[patient] Yes, I understand and agree with the plan.

[doctor] Excellent. My nurse will provide you with the prescriptions and set up your referral to Dr. Brown. We’ll also help you schedule your follow-up appointment.

[patient] Thank you so much.

[doctor] You’re welcome. Take care, and we’ll see you in a month. If you have any worsening symptoms or concerns before then, don’t hesitate to contact us.

[patient] Will do. Thanks again, Doctor.

[doctor] Goodbye, and take care.

[patient] Bye."
ANTIPHOSPHOLIPID SYNDROME|"ROLE: Rheumatologist

**1) Medical Outcome:**
   - Diagnosis: Antiphospholipid Syndrome (APS)
   - Prescribed Treatment: Aspirin 81 mg, oral, once daily; Warfarin 5 mg, oral, once daily with monitoring of INR levels, target range 2.0-3.0.
   - Follow-up Recommendations: Follow-up in 4 weeks for monitoring of INR levels and assessment of treatment effectiveness.
   - Referral to further tests: Order for blood work - Immunology: Anticardiolipin antibodies, Anti-β2 glycoprotein I antibodies, and Lupus anticoagulant.
   
**2) Medical History:**
   - Previous Diagnoses: History of lupus erythematosus diagnosed 5 years ago.
   - Family Medical History: Mother diagnosed with systemic lupus erythematosus.
   - Medication History: Currently on hydroxychloroquine 200 mg, oral, once daily for lupus.

**3) Symptom Description:**
   - Severity: Moderate severity.
   - Duration: Symptoms started 3 months ago.
   - Associated Symptoms: Joint pain, recurrent miscarriages.
   - Frequency: Frequent episodes of joint pain, three miscarriages in the past 2 years.
   - Impact on Daily Activities: Significant impact with difficulty in performing daily chores due to joint pain.

**4) Patient’s self-reported habits and lifestyle:**
   - Sleep: Reports difficulty sleeping due to joint pain.
   - Diet: Balanced diet.
   - Exercise: Light exercise due to joint pain.
   - Tobacco Use: None.
   - Alcohol Consumption: Occasional, 1-2 glasses of wine per week.
   - Drug Use: None.
   - Recreational Activities: Enjoys reading and gardening.

**5) Demographic Information:**
   - Age: 32
   - Gender: Female
   - Ethnicity: Hispanic
   - Socio-economic Status: Middle class.
   - Education Level: College graduate.
   - Health Literacy: Good understanding of her health condition.
   - Job Status: Works as a school teacher.

**6) Patient's Behavior:**
   - The patient is highly cooperative and adheres to medical advice and prescribed treatments.

**7) Geographical Location:**
   - Big City vs Small City: Resides in a big city.
   - Rural vs Urban: Urban.
   - Neighborhood Type: Well-served by transit.

**8) Clinical Setting:**
   - Private Practice.

**9) Type of Encounter:**
   - Initial Consultation.

**10) Treatment Disparities:**
   - No significant treatment disparities noted.

**11) Native or Non-Native English Speaking Patient:**
   - Native English-speaking patient.

**12) Physical exams:**
   - MSK: Joint examination revealed swelling and tenderness in bilateral knees and ankles.
   - N/A for the others.

**13) Investigation/Test results:**
   - Awaiting results from immunology blood work: Anticardiolipin antibodies, Anti-β2 glycoprotein I antibodies, and Lupus anticoagulant."|"#####
**1. Subjective:**

**Chief Complaint (CC):**
Joint pain and recurrent miscarriages.

**History of Present Illness (HPI):**
The patient is a 32-year-old Hispanic female with a history of lupus erythematosus diagnosed 5 years ago, presenting with moderate joint pain and a history of three miscarriages over the past 2 years. The joint pain started 3 months ago and is frequent, significantly impacting her daily activities, including her ability to perform chores and work as a school teacher. The patient has difficulty sleeping due to the joint pain.

**Review of Systems (ROS):**
- **Constitutional:** Denies fever or weight loss.
- **Eyes:** Denies vision changes.
- **HENT:** No sore throat or nasal congestion.
- **Respiratory:** No shortness of breath or cough.
- **Cardiovascular:** Denies chest pain or palpitations.
- **Gastrointestinal:** No nausea, vomiting, or diarrhea.
- **Neurological:** Denies headaches or dizziness.
- **Musculoskeletal:** Reports joint pain, swelling, and tenderness in bilateral knees and ankles.
- **Genitourinary:** History of recurrent miscarriages.
- **Skin:** No rashes or lesions.
- **Psychiatric:** Reports stress due to health issues but no depression or anxiety.

**2. Objective:**

**Vital Signs:**
- Blood Pressure: 120/80 mmHg
- Heart Rate: 72 bpm
- Respiratory Rate: 16 breaths per minute
- Temperature: 98.6°F
- Oxygen Saturation: 98% on room air

**Physical Examination:**

**Musculoskeletal (MSK):**
- Joint examination: Swelling and tenderness noted in bilateral knees and ankles.
- Range of motion: Restricted due to pain in affected joints.

**3. Assessment:**

- **Primary Diagnosis:**
  - Antiphospholipid Syndrome (APS)

- **Differential Diagnosis:**
  - Exacerbation of lupus erythematosus

- **Medical Reasoning:**
  The patient presents with a history of lupus erythematosus, recurrent miscarriages, and joint pain. Given her symptoms and clinical presentation, APS is highly suspected. Further immunology tests are pending to confirm the diagnosis.

**4. Plan:**

- **Medical Treatment:**
  - Prescribe Aspirin 81 mg, oral, once daily.
  - Prescribe Warfarin 5 mg, oral, once daily with monitoring of INR levels, target range 2.0-3.0.

- **Further Investigations:**
  - Order blood work: Anticardiolipin antibodies, Anti-β2 glycoprotein I antibodies, and Lupus anticoagulant.

- **Follow-up Recommendations:**
  - Follow-up in 4 weeks for INR monitoring and assessment of treatment effectiveness.

- **Patient Education and Counseling:**
  - Discussed the diagnosis of APS and the importance of anticoagulation therapy.
  - Advised on the potential side effects of warfarin and the need for regular INR monitoring.
  - Encouraged maintaining a balanced diet and light exercise as tolerated.
  - Advised on avoiding activities that may increase the risk of bleeding.

- **Referral:**
  - Referral to a hematologist if further specialized care is needed for APS management.

**Patient Agreements:**
The patient understands and agrees with the recommended medical treatment plan. She is motivated to follow through with the prescribed regimen and follow-up appointments.
#####

**Instructions:**
The patient will follow up in 4 weeks for monitoring of INR levels and assessment of treatment effectiveness. She can contact the clinic sooner if she experiences any adverse effects from the medication or if her symptoms worsen."|"#####
**1. Subjective:**

**Chief Complaint (CC):**
Joint pain and recurrent miscarriages.

**History of Present Illness (HPI):**
The patient, Maria Gonzalez, is a 32-year-old Hispanic female with a history of lupus erythematosus diagnosed 5 years ago, presenting with moderate joint pain and a history of three miscarriages over the past 2 years. The joint pain started 3 months ago and is frequent, significantly impacting her daily activities, including her ability to perform chores and work as a school teacher. The patient has difficulty sleeping due to the joint pain.

**Review of Systems (ROS):**
- **Constitutional:** Denies fever or weight loss.
- **Eyes:** Denies vision changes.
- **HENT:** No sore throat or nasal congestion.
- **Respiratory:** No shortness of breath or cough.
- **Cardiovascular:** Denies chest pain or palpitations.
- **Gastrointestinal:** No nausea, vomiting, or diarrhea.
- **Neurological:** Denies headaches or dizziness.
- **Musculoskeletal:** Reports joint pain, swelling, and tenderness in bilateral knees and ankles.
- **Genitourinary:** History of recurrent miscarriages.
- **Skin:** No rashes or lesions.
- **Psychiatric:** Reports stress due to health issues but no depression or anxiety.

**2. Objective:**

**Vital Signs:**
- Blood Pressure: 120/80 mmHg
- Heart Rate: 72 bpm
- Respiratory Rate: 16 breaths per minute
- Temperature: 98.6°F
- Oxygen Saturation: 98% on room air

**Physical Examination:**

**Musculoskeletal (MSK):**
- Joint examination: Swelling and tenderness noted in bilateral knees and ankles.
- Range of motion: Restricted due to pain in affected joints.

**3. Assessment:**

- **Primary Diagnosis:**
  - Antiphospholipid Syndrome (APS)

- **Differential Diagnosis:**
  - Exacerbation of lupus erythematosus

- **Medical Reasoning:**
  The patient presents with a history of lupus erythematosus, recurrent miscarriages, and joint pain. Given her symptoms and clinical presentation, APS is highly suspected. Further immunology tests are pending to confirm the diagnosis.

**4. Plan:**

- **Medical Treatment:**
  - Prescribe Aspirin 81 mg, oral, once daily.
  - Prescribe Warfarin 5 mg, oral, once daily with monitoring of INR levels, target range 2.0-3.0.

- **Further Investigations:**
  - Order blood work: Anticardiolipin antibodies, Anti-β2 glycoprotein I antibodies, and Lupus anticoagulant.

- **Follow-up Recommendations:**
  - Follow-up in 4 weeks for INR monitoring and assessment of treatment effectiveness.

- **Patient Education and Counseling:**
  - Discussed the diagnosis of APS and the importance of anticoagulation therapy.
  - Advised on the potential side effects of warfarin and the need for regular INR monitoring.
  - Encouraged maintaining a balanced diet and light exercise as tolerated.
  - Advised on avoiding activities that may increase the risk of bleeding.

- **Referral:**
  - Referral to Dr. John Smith, a hematologist, for specialized care in APS management.

**Patient Agreements:**
The patient understands and agrees with the recommended medical treatment plan. She is motivated to follow through with the prescribed regimen and follow-up appointments.

**Instructions:**
The patient will follow up in 4 weeks for monitoring of INR levels and assessment of treatment effectiveness. She can contact the clinic sooner if she experiences any adverse effects from the medication or if her symptoms worsen.
#####"|"#####
**1. Subjective:**

**CC:**
Joint pain and recurrent miscarriages.

**HPI:**
The patient, Maria Gonzalez, is a 32-year-old Hispanic female with a hx of SLE dx'd 5 years ago, presenting with moderate joint pain and a hx of three miscarriages over the past 2 years. The joint pain started 3 months ago and is frequent, significantly impacting her ADLs, including her ability to perform chores and work as a school teacher. The patient has difficulty sleeping due to the joint pain.

**ROS:**
- **Constitutional:** Denies fever or weight loss.
- **Eyes:** Denies vision changes.
- **HENT:** No sore throat or nasal congestion.
- **Respiratory:** No SOB or cough.
- **Cardiovascular:** Denies CP or palpitations.
- **Gastrointestinal:** No N/V/D.
- **Neurological:** Denies HA or dizziness.
- **MSK:** Reports joint pain, swelling, and tenderness in bilateral knees and ankles.
- **GU:** Hx of recurrent miscarriages.
- **Skin:** No rashes or lesions.
- **Psychiatric:** Reports stress due to health issues but no depression or anxiety.

**2. Objective:**

**VS:**
- BP: 120/80 mmHg
- HR: 72 bpm
- RR: 16 bpm
- Temp: 98.6°F
- O2 Sat: 98% on RA

**PE:**

**MSK:**
- Joint exam: Swelling and tenderness noted in bilateral knees and ankles.
- ROM: Restricted due to pain in affected joints.

**3. Assessment:**

- **Primary Dx:**
  - APS

- **Differential Dx:**
  - Exacerbation of SLE

- **Medical Reasoning:**
  The patient presents with a hx of SLE, recurrent miscarriages, and joint pain. Given her symptoms and clinical presentation, APS is highly suspected. Further immunology tests are pending to confirm the dx.

**4. Plan:**

- **Medical Tx:**
  - Rx Aspirin 81 mg PO QD.
  - Rx Warfarin 5 mg PO QD with monitoring of INR levels, target range 2.0-3.0.

- **Further Investigations:**
  - Order blood work: Anticardiolipin antibodies, Anti-β2 glycoprotein I antibodies, and Lupus anticoagulant.

- **Follow-up Recommendations:**
  - F/U in 4 weeks for INR monitoring and assessment of tx effectiveness.

- **Patient Education and Counseling:**
  - Discussed the dx of APS and the importance of anticoagulation therapy.
  - Advised on the potential side effects of warfarin and the need for regular INR monitoring.
  - Encouraged maintaining a balanced diet and light exercise as tolerated.
  - Advised on avoiding activities that may increase the risk of bleeding.

- **Referral:**
  - Referral to Dr. John Smith, a hematologist, for specialized care in APS mgmt.

**Patient Agreements:**
The patient understands and agrees with the recommended medical tx plan. She is motivated to follow through with the prescribed regimen and F/U appointments.

**Instructions:**
The patient will F/U in 4 weeks for monitoring of INR levels and assessment of tx effectiveness. She can contact the clinic sooner if she experiences any adverse effects from the medication or if her symptoms worsen.
#####"|Rheumatologist|"---
[doctor] Hello, how are you today? I understand you're here for some joint pain and recurrent miscarriages.

[patient] Yes, that's right. The joint pain has been really bothering me, and I've had three miscarriages over the past two years.

[doctor] I'm sorry to hear that. Let's start with the joint pain. Can you describe how it began and how it's affecting you?

[patient] The pain started about three months ago. It's moderate but very frequent. It makes it really hard for me to do my daily chores and even my work as a school teacher. It also affects my sleep.

[doctor] I understand. Does the pain affect specific joints?

[patient] Yes, it's mostly in my knees and ankles. Both sides are swollen and tender.

[doctor] I see. And the miscarriages, can you tell me more about them?

[patient] I've had three miscarriages in the last two years. It's been very stressful and heartbreaking.

[doctor] I'm very sorry to hear that. Have you had any other symptoms like fever, weight loss, vision changes, sore throat, or nasal congestion?

[patient] No, I haven't had any of those symptoms.

[doctor] What about shortness of breath, cough, chest pain, or palpitations?

[patient] No, none of those either.

[doctor] Any gastrointestinal issues like nausea, vomiting, or diarrhea?

[patient] No, my stomach has been fine.

[doctor] Have you experienced any headaches or dizziness?

[patient] No, I haven't.

[doctor] How about any rashes or skin lesions?

[patient] No, my skin is clear.

[doctor] And how are you feeling emotionally? Any depression or anxiety?

[patient] I've been stressed because of my health issues, but I wouldn't say I'm depressed or anxious.

[doctor] Okay, thank you for sharing that. Can you give me your medical history record?

[patient] Here you are.

[doctor] Based on your medical history record, you were diagnosed with lupus erythematosus five years ago. Is that correct?

[patient] Yes, that's right.

[doctor] Thank you. Now, let me take your vital signs. Your blood pressure is 120/80 mmHg, heart rate is 72 beats per minute, respiratory rate is 16 breaths per minute, and your temperature is 98.6°F. Your oxygen saturation is 98% on room air.

[patient] That sounds normal, right?

[doctor] Yes, those are normal readings. Now, let me perform a physical exam. I'll start with your joint examination. I see swelling and tenderness in your bilateral knees and ankles. Does that hurt?

[patient] Yes, it does.

[doctor] And your range of motion is restricted due to pain in these joints. I'm going to make a note of that. 

[patient] Okay.

[doctor] Given your history of lupus and your current symptoms, I suspect you might have Antiphospholipid Syndrome, or APS. This condition can cause both joint pain and recurrent miscarriages.

[patient] APS? What does that mean?

[doctor] APS is a disorder of the immune system that causes an increased risk of blood clots. It often occurs in people with autoimmune conditions like lupus. We need to run some tests to confirm this diagnosis.

[patient] What kind of tests?

[doctor] We will order blood work to check for specific antibodies: Anticardiolipin antibodies, Anti-β2 glycoprotein I antibodies, and Lupus anticoagulant. These will help us confirm whether you have APS.

[patient] Okay, that makes sense.

[doctor] In the meantime, we need to start some treatment. I'm going to prescribe Aspirin 81 mg to take once daily and Warfarin 5 mg to take once daily. Warfarin is a blood thinner that will help prevent blood clots, but it requires careful monitoring.

[patient] What kind of monitoring?

[doctor] We'll need to monitor your INR levels to ensure the Warfarin is working safely. The target INR range will be between 2.0 and 3.0. You'll need to have regular blood tests to check this.

[patient] How often do I need to get these tests?

[doctor] Initially, it may be weekly until we find the right dose for you. After that, it might be every few weeks.

[patient] Got it. What about side effects?

[doctor] Warfarin can increase the risk of bleeding, so it's important to avoid activities that might cause injuries. We'll discuss all potential side effects and how to manage them.

[patient] Okay, I understand.

[doctor] We'll also discuss lifestyle changes. Maintaining a balanced diet and engaging in light exercise as tolerated will be beneficial. Avoiding activities that might increase the risk of bleeding is crucial.

[patient] I can do that.

[doctor] If needed, I will refer you to a hematologist for specialized care in managing APS. And we'll schedule a follow-up appointment in 4 weeks to monitor your INR levels and assess the effectiveness of the treatment.

[patient] 4 weeks, okay.

[doctor] Do you have any questions about this plan?

[patient] No, I think I understand everything. Thank you for explaining.

[doctor] You're welcome. If you experience any adverse effects from the medication or if your symptoms worsen, please contact our clinic immediately.

[patient] I will.

[doctor] Great. The nurse will come in shortly to give you the prescriptions and schedule your follow-up appointment. 

[patient] Thank you so much.

[doctor] You're welcome. Take care, and we'll see you in 4 weeks."|"[doctor] Hello, how are you today? I understand you're here for some joint pain and recurrent miscarriages.

[patient] Yes, that's right. The joint pain has been really bothering me, and I've had three miscarriages over the past two years.

[doctor] I'm sorry to hear that. Let's start with the joint pain. Can you describe how it began and how it's affecting you?

[patient] The pain started about three months ago. It's moderate but very frequent. It makes it really hard for me to do my daily chores and even my work as a school teacher. It also affects my sleep.

[doctor] Hmm, I understand. Does the pain affect specific joints?

[patient] Yes, it's mostly in my knees and ankles. Both sides are swollen and tender.

[doctor] I see. And the miscarriages, can you tell me more about them?

[patient] I've had three miscarriages in the last two years. It's been very stressful and heartbreaking.

[doctor] I'm very sorry to hear that. Have you had any other symptoms like fever, weight loss, vision changes, sore throat, or nasal congestion?

[patient] No, I haven't had any of those symptoms.

[doctor] What about shortness of breath, cough, chest pain, or palpitations?

[patient] No, none of those either.

[doctor] Any gastrointestinal issues like nausea, vomiting, or diarrhea?

[patient] No, my stomach has been fine.

[doctor] Have you experienced any headaches or dizziness?

[patient] No, I haven't.

[doctor] How about any rashes or skin lesions?

[patient] No, my skin is clear.

[doctor] And how are you feeling emotionally? Any depression or anxiety?

[patient] I've been stressed because of my health issues, but I wouldn't say I'm depressed or anxious.

[doctor] Okay, thank you for sharing that. Can you give me your medical history record?

[patient] Here you are.

[doctor] Based on your medical history record, you were diagnosed with lupus erythematosus five years ago. Is that correct?

[patient] Yes, that's right.

[doctor] Thank you. Now, let me take your vital signs. Your blood pressure is 120/80 mmHg, heart rate is 72 beats per minute, respiratory rate is 16 breaths per minute, and your temperature is 98.6°F. Your oxygen saturation is 98% on room air.

[patient] That sounds normal, right?

[doctor] Yes, those are normal readings. Now, let me perform a physical exam. I'll start with your joint examination. I see swelling and tenderness in your bilateral knees and ankles. Does that hurt?

[patient] Yes, it does.

[doctor] And your range of motion is restricted due to pain in these joints. I'm going to make a note of that. 

[patient] Okay.

[doctor] Given your history of lupus and your current symptoms, I suspect you might have Antiphospholipid Syndrome, or APS. This condition can cause both joint pain and recurrent miscarriages.

[patient] APS? What does that mean?

[doctor] APS is a disorder of the immune system that causes an increased risk of blood clots. It often occurs in people with autoimmune conditions like lupus. We need to run some tests to confirm this diagnosis.

[patient] What kind of tests?

[doctor] We will order blood work to check for specific antibodies: Anticardiolipin antibodies, Anti-β2 glycoprotein I antibodies, and Lupus anticoagulant. These will help us confirm whether you have APS.

[patient] Okay, that makes sense.

[doctor] In the meantime, we need to start some treatment. I'm going to prescribe Aspirin 81 mg to take once daily and Warfarin 5 mg to take once daily. Warfarin is a blood thinner that will help prevent blood clots, but it requires careful monitoring.

[patient] What kind of monitoring?

[doctor] We'll need to monitor your INR levels to ensure the Warfarin is working safely. The target INR range will be between 2.0 and 3.0. You'll need to have regular blood tests to check this.

[patient] How often do I need to get these tests?

[doctor] Initially, it may be weekly until we find the right dose for you. After that, it might be every few weeks.

[patient] Got it. What about side effects?

[doctor] Warfarin can increase the risk of bleeding, so it's important to avoid activities that might cause injuries. We'll discuss all potential side effects and how to manage them.

[patient] Okay, I understand.

[doctor] We'll also discuss lifestyle changes. Maintaining a balanced diet and engaging in light exercise as tolerated will be beneficial. Avoiding activities that might increase the risk of bleeding is crucial.

[patient] I can do that.

[doctor] If needed, I will refer you to a hematologist for specialized care in managing APS. And we'll schedule a follow-up appointment in 4 weeks to monitor your INR levels and assess the effectiveness of the treatment.

[patient] 4 weeks, okay.

[doctor] Do you have any questions about this plan?

[patient] No, I think I understand everything. Thank you for explaining.

[doctor] You're welcome. If you experience any adverse effects from the medication or if your symptoms worsen, please contact our clinic immediately.

[patient] I will.

[doctor] Great. The nurse will come in shortly to give you the prescriptions and schedule your follow-up appointment. 

[patient] Thank you so much.

[doctor] You're welcome. Take care, and we'll see you in 4 weeks."
ANTIPHOSPHOLIPID SYNDROME|"**ROLE:** Rheumatologist

**SCENARIO:**

- **Medical Outcome:**
    - Diagnosis: Antiphospholipid Syndrome (APS)
    - Prescribed Treatment: Start Warfarin 5 mg orally once daily with a target INR of 2-3. Enoxaparin 1 mg/kg subcutaneously every 12 hours until INR is in the therapeutic range. 
    - Follow-up Recommendations: Follow-up in 2 weeks for INR check.
    - Referral: Refer to Hematologist Dr. Susan Clark for further evaluation and management.
    - Blood Work: Order tests for Immunology (Antiphospholipid antibodies, lupus anticoagulant, anticardiolipin antibodies), Hematology (CBC, Platelet count), and Biochemistry (Liver function tests, Renal function tests).

- **Medical History:**
    - Previous Diagnoses: History of recurrent miscarriages, a deep vein thrombosis (DVT) 1 year ago, and a mild stroke 3 months ago.
    - Family Medical History: Mother has a history of lupus.
    - Medication History: History of aspirin and heparin use during pregnancy.
    - Allergies: Penicillin allergy.
    - Chronic Conditions: Hypertension, mild hypothyroidism.

- **Symptom Description:**
    - Severity: Severe
    - Duration: 3 months
    - Associated Symptoms: Swelling and pain in the right leg, occasional headaches, visual disturbances.
    - Frequency: Daily
    - Impact on Daily Activities: Difficulty walking due to leg pain, missed work due to headaches and visual disturbances.

- **Patient’s self-reported habits and lifestyle:**
    - Sleep: Poor quality sleep, waking up frequently.
    - Diet: Balanced diet, avoids fatty foods, increased fruit and vegetable intake.
    - Exercise: Limited due to leg pain.
    - Tobacco Use: None
    - Alcohol Consumption: Social drinker, 1-2 glasses of wine per week.
    - Drug Use: None
    - Recreational Activities: Enjoys reading and gardening.

- **Demographic Information:**
    - Age: 36
    - Gender: Female
    - Ethnicity: Caucasian
    - Socio-economic Status: Middle class
    - Education Level: College graduate
    - Health Literacy: High
    - Job Status: Office administrator

- **Patient's Behavior:**
    - The level of patient's cooperation with medical advice: Highly cooperative, understands the importance of medication adherence.

- **Geographical Location:**
    - Big City vs Small City: Big City
    - Urban
    - Pollution and Environmental Health Risks: Moderate pollution
    - Neighborhood Type: Affluent, well-served by transit, not a food desert.

- **Clinical Setting:**
    - Specialty Clinic

- **Type of Encounter:**
    - Initial Consultation

- **Treatment Disparities:**
    - None observed

- **Native or Non-Native English-Speaking Patient:**
    - Native English speaker

- **Physical exams:**
    - Cardiovascular: Normal heart sounds, no murmurs
    - Musculoskeletal: Swelling and tenderness in the right lower extremity

- **Investigation/Test results:**
    - Awaiting results for the ordered blood work: Immunology (Antiphospholipid antibodies, lupus anticoagulant, anticardiolipin antibodies), Hematology (CBC, Platelet count), and Biochemistry (Liver function tests, Renal function tests)."|Rejected|Rejected|Rejected|Rejected||
ANTIPHOSPHOLIPID SYNDROME|"**ROLE:** Rheumatologist

**SCENARIO:**

- **Medical Outcome:**
    - Diagnosis: Antiphospholipid Syndrome (APS)
    - Prescribed Treatment: Start Warfarin 5 mg orally once daily with a target INR of 2-3. Enoxaparin 1 mg/kg subcutaneously every 12 hours until INR is therapeutic.
    - Follow-up Recommendations: Follow-up in 2 weeks for INR check.
    - Referral: Refer to Hematologist Dr. Susan Clark for further evaluation and management.
    - Blood Work: Order tests for Immunology (Antiphospholipid antibodies, lupus anticoagulant, anticardiolipin antibodies), Hematology (CBC, Platelet count), and Biochemistry (Liver function tests, Renal function tests).

- **Medical History:**
    - Previous Diagnoses: History of multiple miscarriages, pulmonary embolism 6 months ago, mild stroke 1 year ago.
    - Family Medical History: Father has a history of heart disease.
    - Medication History: History of heparin use post-pulmonary embolism.
    - Allergies: Latex allergy.
    - Chronic Conditions: Type 2 diabetes, hyperlipidemia.

- **Symptom Description:**
    - Severity: Moderate
    - Duration: 2 weeks
    - Associated Symptoms: Shortness of breath, chest pain, and fatigue.
    - Frequency: Several times a day
    - Impact on Daily Activities: Reduced ability to perform daily tasks due to fatigue and chest pain.

- **Patient’s self-reported habits and lifestyle:**
    - Sleep: Poor, waking up intermittently
    - Diet: High carbohydrate intake, often skips breakfast
    - Exercise: Rarely exercises due to shortness of breath and fatigue
    - Tobacco Use: Smokes half a pack of cigarettes daily
    - Alcohol Consumption: Consumes 3-4 beers every weekend
    - Drug Use: None
    - Recreational Activities: Enjoys watching sports and fishing

- **Demographic Information:**
    - Age: 52
    - Gender: Male
    - Ethnicity: African American
    - Socio-economic Status: Lower middle class
    - Education Level: High school graduate
    - Health Literacy: Moderate
    - Job Status: Factory worker

- **Patient's Behavior:**
    - The level of patient's cooperation with medical advice: Somewhat cooperative, acknowledges the need for medication adherence but struggles with lifestyle changes.

- **Geographical Location:**
    - Big City vs Small City: Small City
    - Rural
    - Pollution and Environmental Health Risks: Low pollution
    - Neighborhood Type: Impoverished, limited access to healthy food options.

- **Clinical Setting:**
    - Community Health Services

- **Type of Encounter:**
    - Initial Consultation

- **Treatment Disparities:**
    - Potential difficulty in accessing follow-up care due to socio-economic constraints.

- **Native or Non-Native English-Speaking Patient:**
    - Non-native English speaker (Spanish-speaking, uses an interpreter during consultation)

- **Physical exams:**
    - Cardiovascular: Elevated heart rate, irregular rhythm
    - Respiratory: Decreased breath sounds on the left lower lung fields

- **Investigation/Test results:**
    - Awaiting results for the ordered blood work: Immunology (Antiphospholipid antibodies, lupus anticoagulant, anticardiolipin antibodies), Hematology (CBC, Platelet count), and Biochemistry (Liver function tests, Renal function tests)."|Rejected|Rejected|Rejected|Rejected||
ANTIPHOSPHOLIPID SYNDROME|"**ROLE:** Rheumatologist

**SCENARIO:**

- **Medical Outcome:**
    - Diagnosis: Antiphospholipid Syndrome (APS)
    - Prescribed Treatment: Start Warfarin 5 mg orally once daily with a target INR of 2-3. Clopidogrel 75 mg orally once daily.
    - Follow-up Recommendations: Follow-up in 1 month for a comprehensive review and INR check.
    - Referral: Refer to Cardiologist Dr. Andrew Wilson for evaluation of chest pain and shortness of breath.
    - Imaging: Order a Chest CT scan to evaluate for underlying pulmonary issues.
    - Blood Work: Order tests for Immunology (Antiphospholipid antibodies, lupus anticoagulant, anticardiolipin antibodies), Hematology (CBC, Platelet count), and Biochemistry (Liver function tests, Renal function tests).

- **Medical History:**
    - Previous Diagnoses: Pulmonary embolism 1 year ago, ischemic stroke 6 months ago.
    - Family Medical History: Mother has a history of rheumatoid arthritis.
    - Medication History: Previous use of aspirin and enoxaparin.
    - Allergies: None
    - Chronic Conditions: Hypertension, hyperlipidemia.

- **Symptom Description:**
    - Severity: Severe
    - Duration: 1 week
    - Associated Symptoms: Persistent chest pain, shortness of breath, palpitations.
    - Frequency: Constant
    - Impact on Daily Activities: Unable to work, reduced physical activity, difficulty performing basic tasks.

- **Patient’s self-reported habits and lifestyle:**
    - Sleep: Poor sleep due to chest pain and shortness of breath.
    - Diet: High-fat diet, irregular meal patterns.
    - Exercise: No regular exercise due to symptoms.
    - Tobacco Use: None
    - Alcohol Consumption: Heavy drinking, 4-5 drinks per day.
    - Drug Use: None
    - Recreational Activities: Previously enjoyed hiking, now inactive.

- **Demographic Information:**
    - Age: 45
    - Gender: Female
    - Ethnicity: Hispanic
    - Socio-economic Status: Low-income
    - Education Level: High school dropout
    - Health Literacy: Low
    - Job Status: Unemployed due to health issues

- **Patient's Behavior:**
    - The level of patient's cooperation with medical advice: Low compliance, struggles with understanding medical advice due to low health literacy.

- **Geographical Location:**
    - Big City vs Small City: Big City
    - Urban
    - Pollution and Environmental Health Risks: High pollution
    - Neighborhood Type: Impoverished, limited access to healthcare services.

- **Clinical Setting:**
    - Hospital

- **Type of Encounter:**
    - Emergency Visit

- **Treatment Disparities:**
    - Financial constraints impacting the ability to adhere to prescribed medication and follow-up appointments.

- **Native or Non-Native English-Speaking Patient:**
    - Non-native English speaker (Spanish-speaking, uses interpreter during the consultation)

- **Physical exams:**
    - Cardiovascular: Elevated blood pressure, irregular heart rate
    - Respiratory: Reduced breath sounds in both lower lung fields

- **Investigation/Test results:**
    - Awaiting Chest CT scan results.
    - Blood work awaited for Immunology (Antiphospholipid antibodies, lupus anticoagulant, anticardiolipin antibodies), Hematology (CBC, Platelet count), and Biochemistry (Liver function tests, Renal function tests)."|Rejected|Rejected|Rejected|Rejected||
ANTIPHOSPHOLIPID SYNDROME|"ROLE: Rheumatologist

---

**1) Medical Outcome:**
   - Diagnosis: Antiphospholipid Syndrome
   - Prescribed Treatment: Warfarin 5 mg tablets, oral, once daily, ongoing
   - Follow-up Recommendations: Monthly INR (International Normalized Ratio) monitoring
   - Blood Work: Hematology Panel
   - Referral to Specialist: Hematologist, Dr. Karen Lee, for co-management

**2) Medical History:**
   - Previous Diagnoses: Deep Vein Thrombosis (DVT), recurrent miscarriages
   - Family Medical History: History of lupus in mother, heart disease in father
   - Medication History: Aspirin, Heparin (during pregnancy)
   - Allergies: Penicillin
   - Chronic Conditions: Primary hypertension

**3) Symptom Description:**
   - Severity: Moderate
   - Duration: 6 months
   - Associated Symptoms: Leg swelling, pain, recurrent miscarriages
   - Frequency: Intermittent
   - Impact on Daily Activities: Difficulty walking, emotional distress due to miscarriages

**4) Patient’s Self-reported Habits and Lifestyle:**
   - Sleep: 6-7 hours per night, often restless
   - Diet: Moderate, consumes a balanced diet with occasional indulgence in sweets
   - Exercise: Minimal due to leg pain
   - Tobacco Use: Non-smoker
   - Alcohol Consumption: Occasional, 1-2 glasses of wine per week
   - Drug Use: None
   - Recreational Activities: Enjoys reading and gardening

**5) Demographic Information:**
   - Age: 32
   - Gender: Female
   - Ethnicity: Caucasian
   - Socio-economic Status: Middle class
   - Education Level: College graduate
   - Health Literacy: High, researches her condition extensively
   - Job Status: Office worker, full-time

**6) Patient's Behavior:**
   - Cooperation with Medical Advice: Highly cooperative, adheres strictly to medical recommendations

**7) Geographical Location:**
   - Big City vs Small City: Lives in a big city
   - Rural vs Urban: Urban
   - Pollution and Environmental Health Risks: Moderate pollution
   - Neighborhood Type: Affluent, well-served by transit, close to medical facilities

**8) Clinical Setting:**
   - Private Practice

**9) Type of Encounter:**
   - Initial Consultation

**10) Treatment Disparities:**
   - Patient is well-insured and has access to a wide range of medical treatments

**11) Native or Non-Native English Speaking Patient:**
   - Native English Speaking

**12) Physical exams:**
   - Cardiovascular Exam: Presence of edema in the lower extremities
   - Musculoskeletal Exam: Leg tenderness on palpation

**13) Investigation/Test results:**
   - Awaiting Hematology Panel results: To be used for INR monitoring and coagulation status
   - Recent Ultrasound: Doppler ultrasound of the lower extremities confirming DVT"|Rejected|Rejected|Rejected|Rejected||
ANTIPHOSPHOLIPID SYNDROME|"ROLE: Rheumatologist 

---

**1) Medical Outcome:**
   - Diagnosis: Antiphospholipid Syndrome
   - Prescribed Treatment: Enoxaparin 1 mg/kg subcutaneously twice daily, ongoing
   - Follow-up Recommendations: Bi-weekly INR (International Normalized Ratio) monitoring for the first two months
   - Blood Work: Hematology Panel, including Anticardiolipin antibodies, Lupus anticoagulant, β2-Glycoprotein I antibodies

**2) Medical History:**
   - Previous Diagnoses: Systemic Lupus Erythematosus (SLE), transient ischemic attack (TIA) one year ago
   - Family Medical History: No significant family history of autoimmune disorders; father had a stroke at age 60
   - Medication History: Hydroxychloroquine for SLE, discontinued due to adverse effects
   - Allergies: Sulfa drugs
   - Chronic Conditions: Hypertension, controlled with Lisinopril

**3) Symptom Description:**
   - Severity: Severe
   - Duration: 8 months
   - Associated Symptoms: Chronic fatigue, headaches, joint pain
   - Frequency: Daily
   - Impact on Daily Activities: Markedly impaired, difficulty working full-time, unable to perform usual recreational activities

**4) Patient’s Self-reported Habits and Lifestyle:**
   - Sleep: 4-5 hours per night, frequent waking due to pain
   - Diet: Recently adopted a gluten-free diet on advice of a nutritionist
   - Exercise: Regular walking 3 times a week, reduced due to fatigue
   - Tobacco Use: Smokes half a pack of cigarettes daily
   - Alcohol Consumption: Rarely, 1 drink per month
   - Drug Use: None
   - Recreational Activities: Used to enjoy hiking and cycling, heavily reduced due to current health

**5) Demographic Information:**
   - Age: 45
   - Gender: Male
   - Ethnicity: African American
   - Socio-economic Status: Lower-middle-class
   - Education Level: High school diploma
   - Health Literacy: Moderate, relies on healthcare providers for information
   - Job Status: Manual laborer, currently on medical leave

**6) Patient's Behavior:**
   - Cooperation with Medical Advice: Moderate cooperation, sometimes misses follow-up appointments due to work commitments

**7) Geographical Location:**
   - Big City vs Small City: Lives in a small city
   - Rural vs Urban: Urban
   - Pollution and Environmental Health Risks: Low pollution
   - Neighborhood Type: Working-class, limited access to fresh produce (food desert)

**8) Clinical Setting:**
   - Community Health Services

**9) Type of Encounter:**
   - Chronic Disease Management

**10) Treatment Disparities:**
   - Financial constraints sometimes lead to irregular compliance with medication due to affordability issues

**11) Native or Non-Native English Speaking Patient:**
   - Non-Native English Speaking, speaks primarily Spanish

**12) Physical exams:**
   - Neurological Exam: Mild residual weakness in the left lower extremity from previous TIA
   - Cardiovascular Exam: No edema, but decreased peripheral pulses in lower extremities

**13) Investigation/Test results:**
   - Awaiting Results: Hematology Panel including Anticardiolipin antibodies, Lupus anticoagulant, β2-Glycoprotein I antibodies
   - Recent MRI: Brain MRI reviewed, showing small old infarct corresponding to previous TIA"|Rejected|Rejected|Rejected|Rejected||
ANTIPHOSPHOLIPID SYNDROME|"ROLE: Rheumatologist

---

**1) Medical Outcome:**
   - Diagnosis: Antiphospholipid Syndrome
   - Prescribed Treatment: Apixaban 5 mg tablets, oral, twice daily, ongoing
   - Follow-up Recommendations: Monthly blood tests to monitor coagulation profile
   - Blood Work: Hematology Panel and Antiphospholipid antibodies test
   - Referral to Specialist: Gynecologist, Dr. Sarah Thompson, for recurrent pregnancy loss management

**2) Medical History:**
   - Previous Diagnoses: Recurrent miscarriages, Chronic migraines
   - Family Medical History: No significant history of autoimmune disorders; grandfather had diabetes
   - Medication History: Has taken Ibuprofen for migraines
   - Allergies: Latex
   - Chronic Conditions: None

**3) Symptom Description:**
   - Severity: Moderate 
   - Duration: 5 months 
   - Associated Symptoms: Photosensitivity, occasional joint pain
   - Frequency: Weekly
   - Impact on Daily Activities: Mild; able to work but affected emotionally by pregnancy losses

**4) Patient’s Self-reported Habits and Lifestyle:**
   - Sleep: 7-8 hours per night, well-rested
   - Diet: Vegetarian, well-balanced including greens and proteins
   - Exercise: Yoga thrice a week
   - Tobacco Use: Never smoked
   - Alcohol Consumption: Occasional social drinker, 1-2 glasses of wine per month
   - Drug Use: None
   - Recreational Activities: Enjoys painting and gardening

**5) Demographic Information:**
   - Age: 29
   - Gender: Female
   - Ethnicity: Asian
   - Socio-economic Status: Upper-middle-class
   - Education Level: Master's degree
   - Health Literacy: High, well-informed and proactive about health
   - Job Status: Marketing Manager, full-time

**6) Patient's Behavior:**
   - Cooperation with Medical Advice: Highly cooperative, proactive in seeking medical advice

**7) Geographical Location:**
   - Big City vs Small City: Lives in a big city
   - Rural vs Urban: Urban
   - Pollution and Environmental Health Risks: High pollution
   - Neighborhood Type: Affluent, well-served by transit, access to organic food markets

**8) Clinical Setting:**
   - Private Practice

**9) Type of Encounter:**
   - Preventive Health Screening

**10) Treatment Disparities:**
   - None noted; patient has excellent healthcare coverage and access to treatment

**11) Native or Non-Native English Speaking Patient:**
   - Native English Speaking

**12) Physical exams:**
   - Dermatological Exam: Observed mild skin rash on face due to photosensitivity
   - Musculoskeletal Exam: Mild tenderness in joints, no significant swelling

**13) Investigation/Test results:**
   - Awaiting Results: Hematology Panel including Antiphospholipid antibodies test
   - Existing Test Results: Recent transvaginal ultrasound, reviewed by Gynecologist, confirming normal uterine anatomy"|Rejected|Rejected|Rejected|Rejected||
ANTIPHOSPHOLIPID SYNDROME|"ROLE: Rheumatologist

**Scenario:**

**1) Medical Outcome:**
   - Diagnosis: Antiphospholipid Syndrome
   - Prescribed Treatment: Aspirin 81 mg oral, once daily indefinitely
   - Prescribed Treatment: Warfarin 5 mg oral, once daily, with INR monitoring
   - Follow-up Recommendations: Follow-up in 1 month for INR level check and medication adjustment
   - Referral to Specialists: Hematologist for further evaluation of clotting risk and management, Dr. John Smith
   - Blood work: Complete blood count (CBC), Prothrombin Time (PT), Partial Thromboplastin Time (PTT), Anti-cardiolipin antibodies, Lupus anticoagulant, and Beta-2 glycoprotein I antibodies

**2) Medical History:**
   - Previous Diagnoses: Deep vein thrombosis (DVT) in 2019, Recurrent miscarriages
   - Family Medical History: Mother has a history of lupus
   - Medication History: Previously on anticoagulation therapy post-DVT, currently not on any medication
   - Allergies: Penicillin

**3) Symptom Description:**
   - Severity: Moderate to severe
   - Duration: Past 6 months
   - Associated Symptoms: Leg pain and swelling, skin rashes
   - Frequency: Intermittent leg pain, frequent with prolonged sitting
   - Impact on Daily Activities: Limiting mobility and causing significant distress

**4) Patient’s Self-reported Habits and Lifestyle:**
   - Sleep: Reports disturbances due to leg pain
   - Diet: Fairly balanced but high in red meat
   - Exercise: Infrequent due to leg pain
   - Tobacco Use: None
   - Alcohol Consumption: Moderate, 1-2 glasses of wine per week
   - Drug Use: None
   - Recreational Activities: Limited due to discomfort

**5) Demographic Information:**
   - Age: 32
   - Gender: Female
   - Ethnicity: Caucasian
   - Socio-economic Status: Middle class
   - Education Level: College graduate
   - Health Literacy: Moderate
   - Job Status: Works as an accountant

**6) Patient's Behavior:**
   - Cooperation: Highly cooperative and motivated to follow medical advice

**7) Geographical Location:**
   - Big City vs Small City: Urban
   - Neighborhood Type: Affluent
   - Well-served by Transit: Yes

**8) Clinical Setting:**
   - Specialty Clinics: Rheumatology Clinic

**9) Type of Encounter:**
   - Initial Consultation

**10) Treatment Disparities:**
   - NA

**11) Native or Non-Native English Speaking Patient:**
   - Native English Speaking Patient

**12) Physical exams:**
   - Cardiovascular: No abnormalities detected
   - Musculoskeletal: Swelling and tenderness in the left lower leg
   - Dermatological: Livedo reticularis rash noted on the lower extremities

**13) Investigation/Test results:**
   - Awaiting: CBC, PT, PTT, Anti-cardiolipin antibodies, Lupus anticoagulant, Beta-2 glycoprotein I antibodies

In this scenario, the physician, a Rheumatologist, conducts a thorough examination and tailors the medical plan to address the patient's presentation of antiphospholipid syndrome.
"|Rejected|Rejected|Rejected|Rejected||
ANTIPHOSPHOLIPID SYNDROME|"ROLE: Rheumatologist

**Scenario:**

**1) Medical Outcome:**
   - Diagnosis: Rheumatoid Arthritis
   - Prescribed Treatment: Methotrexate 15 mg oral once weekly, with folic acid 1 mg oral daily
   - Additional Medication: Prednisone 10 mg oral daily for the next 4 weeks, then taper as tolerated
   - Follow-up Recommendations: Follow-up in 6 weeks to assess response to therapy and potential adjustment of medication
   - Referral to Specialists: Ophthalmologist for baseline eye exam due to Methotrexate, Dr. Alice Green
   - Blood work: Comprehensive Metabolic Panel (CMP), Complete Blood Count (CBC), Rheumatoid Factor (RF), Anti-Cyclic Citrullinated Peptide (Anti-CCP) antibodies

**2) Medical History:**
   - Previous Diagnoses: Osteoarthritis in knees
   - Family Medical History: Mother has a history of rheumatoid arthritis
   - Medication History: Ibuprofen 600 mg oral as needed for knee pain, last dose taken 2 days ago
   - Allergies: No known drug allergies

**3) Symptom Description:**
   - Severity: Severe
   - Duration: Past 3 months
   - Associated Symptoms: Morning stiffness lasting more than 1 hour, joint swelling and tenderness in hands and wrists, fatigue
   - Frequency: Daily symptoms
   - Impact on Daily Activities: Difficulty performing daily household tasks and typing at work

**4) Patient’s Self-reported Habits and Lifestyle:**
   - Sleep: Poor quality of sleep due to joint pain
   - Diet: Balanced diet, trying to include more anti-inflammatory foods
   - Exercise: Limited exercise due to pain, mild stretching exercises done occasionally
   - Tobacco Use: Former smoker, quit 5 years ago
   - Alcohol Consumption: None
   - Drug Use: None
   - Recreational Activities: Enjoys knitting but has had to reduce due to hand pain

**5) Demographic Information:**
   - Age: 54
   - Gender: Female
   - Ethnicity: Hispanic
   - Socio-economic Status: Middle class
   - Education Level: High school graduate
   - Health Literacy: High
   - Job Status: Works as a receptionist

**6) Patient's Behavior:**
   - Cooperation: Highly cooperative and motivated to adhere to medical advice

**7) Geographical Location:**
   - Big City vs Small City: Suburban
   - Neighborhood Type: Well-served by transit
   - Pollution and Environmental Health Risks: Moderate pollution

**8) Clinical Setting:**
   - Specialty Clinics: Rheumatology Clinic

**9) Type of Encounter:**
   - Initial Consultation

**10) Treatment Disparities:**
   - NA

**11) Native or Non-Native English Speaking Patient:**
   - Native English Speaking Patient

**12) Physical exams:**
   - Musculoskeletal: Swelling and tenderness noted in the metacarpophalangeal and proximal interphalangeal joints of both hands, reduced grip strength
   - Cardiovascular: No abnormalities detected

**13) Investigation/Test results:**
   - Awaiting: CMP, CBC, RF, Anti-CCP antibodies

In this scenario, the physician, a Rheumatologist, conducts a thorough examination and tailors the medical plan to address the patient's presentation of rheumatoid arthritis."|Rejected|Rejected|Rejected|Rejected||
ANTIPHOSPHOLIPID SYNDROME|"ROLE: Family Medicine Physician

**Scenario:**

**1) Medical Outcome:**
   - Diagnosis: Hypothyroidism
   - Prescribed Treatment: Levothyroxine 50 mcg oral, once daily, to be taken in the morning on an empty stomach
   - Follow-up Recommendations: Follow-up in 6 weeks for TSH and Free T4 levels to adjust medication dosage as needed
   - Referral to Specialists: Endocrinologist for further evaluation and management of hypothyroidism, Dr. Sarah Lee
   - Blood work: Thyroid Stimulating Hormone (TSH), Free T4, Anti-thyroid Antibodies

**2) Medical History:**
   - Previous Diagnoses: Hypercholesterolemia
   - Family Medical History: Mother has a history of hypothyroidism
   - Medication History: Atorvastatin 20 mg oral once daily for hypercholesterolemia
   - Allergies: No known drug allergies

**3) Symptom Description:**
   - Severity: Moderate
   - Duration: Past 6 months
   - Associated Symptoms: Weight gain, fatigue, dry skin, constipation
   - Frequency: Daily symptoms
   - Impact on Daily Activities: Difficulty maintaining energy throughout the workday

**4) Patient’s Self-reported Habits and Lifestyle:**
   - Sleep: Poor sleep quality, feeling tired even after 8 hours of sleep
   - Diet: High carbohydrate and processed food intake
   - Exercise: Limited exercise, mostly sedentary lifestyle
   - Tobacco Use: None
   - Alcohol Consumption: Occasional, mostly on weekends
   - Drug Use: None
   - Recreational Activities: Enjoys gardening but has had to reduce due to fatigue

**5) Demographic Information:**
   - Age: 45
   - Gender: Male
   - Ethnicity: African American
   - Socio-economic Status: Lower-middle class
   - Education Level: High school diploma
   - Health Literacy: Moderate
   - Job Status: Works as a factory worker

**6) Patient's Behavior:**
   - Cooperation: Moderate cooperation, tends to forget taking his medications

**7) Geographical Location:**
   - Big City vs Small City: Small City
   - Neighborhood Type: Impoverished, limited access to fresh foods

**8) Clinical Setting:**
   - Primary Care Clinic

**9) Type of Encounter:**
   - Initial Consultation

**10) Treatment Disparities:**
   - Patient expresses concern about the cost of specialist visits due to financial constraints

**11) Native or Non-Native English Speaking Patient:**
   - Native English Speaking Patient

**12) Physical exams:**
   - General: Dry skin, mild facial puffiness
   - Neurological: Delayed reflexes
   - Cardiovascular: Normal heart rate, no murmurs

**13) Investigation/Test results:**
   - Awaiting: TSH, Free T4, Anti-thyroid Antibodies

In this scenario, the physician, a Family Medicine Physician, conducts a thorough examination and tailors the medical plan to address the patient's presentation of hypothyroidism."|Rejected|Rejected|Rejected|Rejected||
