Disease Description|Scenario|Note|Polished Note|Abbreviated Note|Role|dial|polished_dial
CHILLS (WITHOUT FEVER)|"ROLE: General Physician

1. Medical Outcome:
   - Diagnosis: R68.83 Chills (without fever)
   - Prescribed Treatment: Hydration and rest
   - Follow-up Recommendations: Follow-up appointment in one week
   - Referral: Referral to Hematologist, Dr. Sofia Nguyen, for further evaluation
   - Blood Work: Complete blood count (CBC) with differential, Basic Metabolic Panel (BMP), and Thyroid Function Test (TFT)
   
2. Medical History:
   - Previous Diagnoses: Mild hypothyroidism
   - Family Medical History: Father with hypothyroidism, mother with hypertension
   - Medication History: Currently taking Levothyroxine 50 mcg daily for hypothyroidism
   - Allergies: NKDA (No Known Drug Allergies)
   - Chronic Conditions: Hypothyroidism
   
3. Symptom Description:
   - Severity: Moderate
   - Duration: 2 weeks
   - Associated Symptoms: Mild fatigue, no fever, no weight loss, no night sweats
   - Frequency: Daily
   - Impact on Daily Activities: Reduced energy levels affecting work productivity
   
4. Patient’s self-reported habits and lifestyle:
   - Sleep: 6-7 hours per night, reports feeling unrested
   - Diet: Balanced diet with regular meals
   - Exercise: Light exercise 2-3 times a week
   - Tobacco Use: None
   - Alcohol Consumption: Occasional, 1-2 glasses of wine per week
   - Drug Use: None
   - Recreational Activities: Enjoys gardening and reading
   
5. Demographic Information:
   - Age: 35
   - Gender: Female
   - Ethnicity: Caucasian
   - Socio-economic Status: Middle-class
   - Education Level: Bachelor's degree
   - Health Literacy: High
   - Job Status: Full-time office manager
   
6. Patient's Behavior:
   - Cooperation Level: Highly cooperative and adherent to medical advice
   
7. Geographical Location:
   - Big City vs Small City: Urban
   - Pollution and Environmental Health Risks: Moderate pollution
   - Neighborhood Type: Suburban, well-served by transit, no food desert
   
8. Clinical Setting:
   - Primary Care Clinic
   
9. Type of Encounter:
   - Initial Consultation
   
10. Treatment Disparities:
   - None identified
   
11. Native or Non-Native English Speaking Patient:
   - Native English-speaking patient
   
12. Physical exams:
   - General Physical Examination: Normal, no signs of acute distress
   
13. Investigation/Test results:
   - Awaiting results: CBC, BMP, and TFT

"|"#####
**1. Subjective:**
   - **Chief Complaint (CC):** Chills without fever.
   - **History of Present Illness (HPI):** The patient is a 35-year-old Caucasian female presenting with a two-week history of chills without fever. She describes the chills as moderate in severity, occurring daily, and they have been associated with mild fatigue. She denies any weight loss or night sweats. These symptoms have notably reduced her energy levels, adversely affecting her work productivity. Despite maintaining a balanced diet, adequate hydration, and taking Levothyroxine 50 mcg daily for her mild hypothyroidism, her symptoms persist.
   - **Review of Systems (ROS):**
     - **General:** Chills, mild fatigue.
     - **Endocrine:** Known hypothyroidism, currently on Levothyroxine.
     - **Systemic:** Denies fever, weight loss, night sweats.

**2. Objective:**
   - **Vital Signs:** Temperature: 98.6°F, Blood Pressure: 120/80 mmHg, Heart Rate: 72 bpm, Respiratory Rate: 16 breaths/min.
   - **General Physical Examination:** The patient appears well-nourished and well-groomed. No signs of acute distress.
   - **HEENT:** Normocephalic, atraumatic. Pupils equal, round, reactive to light and accommodation (PERRLA). Oropharynx clear.
   - **Neck:** No lymphadenopathy, thyroid non-palpable.
   - **Cardiovascular:** Regular rate and rhythm, no murmurs, rubs, or gallops.
   - **Respiratory:** Clear to auscultation bilaterally, no wheezing or rhonchi.
   - **Abdomen:** Soft, non-tender, no hepatosplenomegaly.
   - **Extremities:** No edema, capillary refill less than 2 seconds.
   - **Neurological:** Alert and oriented, no focal deficits.

**3. Assessment:**
   - **Primary Diagnosis:** R68.83 Chills (without fever)
   - **Differential Diagnosis:**
     1. Hypothyroidism exacerbation
     2. Anemia
     3. Subclinical infection
     4. Anxiety-related symptoms

**4. Plan:**
   - **Medication/Treatment:**
     1. Continue current Levothyroxine 50 mcg daily.
     2. Encourage increased hydration and adequate rest.
   - **Diagnostics:**
     1. Order Complete Blood Count (CBC) with differential.
     2. Order Basic Metabolic Panel (BMP).
     3. Order Thyroid Function Test (TFT).
   - **Referrals:**
     1. Referral to Hematologist, Dr. Sofia Nguyen, for further evaluation of chills and potential underlying hematologic conditions.
   - **Follow-up:**
     1. Schedule follow-up appointment in one week to review blood work results and reassess symptoms.
     2. Advise the patient to monitor symptoms and report any new or worsening symptoms immediately.
   
**Environmental and Lifestyle Considerations:**
   - The patient lives in a suburban area of an urban city with moderate pollution, suggesting no immediate environmental health risks contributing to symptoms.
   - The patient maintains a balanced diet, exercises lightly 2-3 times per week, and has no history of tobacco or drug use.

**Patient Behavior and Communication:**
   - The patient is highly cooperative and adheres to medical advice.
   - The patient is a native English speaker with high health literacy.

**Clinical Setting:**
   - Primary care clinic in an urban setting

**Type of Encounter:**
   - Initial consultation"|"#####
**1. Subjective:**
   - **Chief Complaint (CC):** Chills without fever.
   - **History of Present Illness (HPI):** The patient, named Emily Johnson, is a 35-year-old Caucasian female presenting with a two-week history of chills without fever. She describes the chills as moderate in severity, occurring daily, and they have been associated with mild fatigue. She denies any weight loss or night sweats. These symptoms have notably reduced her energy levels, adversely affecting her work productivity. Despite maintaining a balanced diet, adequate hydration, and taking Levothyroxine 50 mcg daily for her mild hypothyroidism, her symptoms persist.
   - **Review of Systems (ROS):**
     - **General:** Chills, mild fatigue.
     - **Endocrine:** Known hypothyroidism, currently on Levothyroxine.
     - **Systemic:** Denies fever, weight loss, night sweats.

**2. Objective:**
   - **Vital Signs:** Temperature: 98.6°F, Blood Pressure: 120/80 mmHg, Heart Rate: 72 bpm, Respiratory Rate: 16 breaths/min.
   - **General Physical Examination:** The patient appears well-nourished and well-groomed. No signs of acute distress.
   - **HEENT:** Normocephalic, atraumatic. Pupils equal, round, reactive to light and accommodation (PERRLA). Oropharynx clear.
   - **Neck:** No lymphadenopathy, thyroid non-palpable.
   - **Cardiovascular:** Regular rate and rhythm, no murmurs, rubs, or gallops.
   - **Respiratory:** Clear to auscultation bilaterally, no wheezing or rhonchi.
   - **Abdomen:** Soft, non-tender, no hepatosplenomegaly.
   - **Extremities:** No edema, capillary refill less than 2 seconds.
   - **Neurological:** Alert and oriented, no focal deficits.

**3. Assessment:**
   - **Primary Diagnosis:** R68.83 Chills (without fever)
   - **Differential Diagnosis:**
     1. Hypothyroidism exacerbation
     2. Anemia
     3. Subclinical infection
     4. Anxiety-related symptoms

**4. Plan:**
   - **Medication/Treatment:**
     1. Continue current Levothyroxine 50 mcg daily.
     2. Encourage increased hydration and adequate rest.
   - **Diagnostics:**
     1. Order Complete Blood Count (CBC) with differential.
     2. Order Basic Metabolic Panel (BMP).
     3. Order Thyroid Function Test (TFT).
   - **Referrals:**
     1. Referral to Hematologist, Dr. Sofia Nguyen, for further evaluation of chills and potential underlying hematologic conditions.
   - **Follow-up:**
     1. Schedule follow-up appointment in one week to review blood work results and reassess symptoms.
     2. Advise the patient to monitor symptoms and report any new or worsening symptoms immediately."|"#####
**1. Subjective:**
   - **CC:** Chills without fever.
   - **HPI:** The pt, named Emily Johnson, is a 35 y/o Caucasian F presenting with a 2-week hx of chills without fever. She describes the chills as moderate in severity, occurring daily, and they have been associated with mild fatigue. She denies any weight loss or night sweats. These sx have notably reduced her energy levels, adversely affecting her work productivity. Despite maintaining a balanced diet, adequate hydration, and taking Levothyroxine 50 mcg daily for her mild hypothyroidism, her sx persist.
   - **ROS:**
     - **General:** Chills, mild fatigue.
     - **Endocrine:** Known hypothyroidism, currently on Levothyroxine.
     - **Systemic:** Denies fever, weight loss, night sweats.

**2. Objective:**
   - **VS:** Temp: 98.6°F, BP: 120/80 mmHg, HR: 72 bpm, RR: 16 breaths/min.
   - **Gen PE:** The pt appears well-nourished and well-groomed. No signs of acute distress.
   - **HEENT:** NCAT. PERRLA. Oropharynx clear.
   - **Neck:** No LAD, thyroid non-palpable.
   - **CV:** RRR, no murmurs, rubs, or gallops.
   - **Resp:** CTA bilaterally, no wheezing or rhonchi.
   - **Abd:** Soft, non-tender, no HSM.
   - **Ext:** No edema, cap refill <2 sec.
   - **Neuro:** A&O, no focal deficits.

**3. Assessment:**
   - **Primary Dx:** R68.83 Chills (without fever)
   - **DDx:**
     1. Hypothyroidism exacerbation
     2. Anemia
     3. Subclinical infection
     4. Anxiety-related symptoms

**4. Plan:**
   - **Meds/Treatment:**
     1. Continue current Levothyroxine 50 mcg daily.
     2. Encourage increased hydration and adequate rest.
   - **Dx:**
     1. Order CBC with diff.
     2. Order BMP.
     3. Order TFT.
   - **Referrals:**
     1. Referral to Hematologist, Dr. Sofia Nguyen, for further eval of chills and potential underlying hematologic conditions.
   - **F/U:**
     1. Schedule f/u appt in 1 week to review blood work results and reassess sx.
     2. Advise pt to monitor sx and report any new or worsening sx immediately."|General Physician|"### Conversation

**Doctor:** Hi, how are you doing today?

**Patient:** Hi, I'm alright, thank you. But I've been having some issues recently.

**Doctor:** I'm sorry to hear that. Can you tell me a bit more about what's been going on?

**Patient:** Sure, I've been experiencing chills for about two weeks now. They happen every day and are quite moderate. It's really affecting my energy levels and my work productivity.

**Doctor:** Hmm, that sounds quite bothersome. Have you noticed any fever along with these chills?

**Patient:** No, I haven't had any fever at all.

**Doctor:** Okay, that's helpful to know. Have you experienced any weight loss or night sweats?

**Patient:** No, none of those either.

**Doctor:** Alright. How has your diet and hydration been? Are you maintaining a balanced diet and drinking enough water?

**Patient:** Yes, I eat well and stay hydrated.

**Doctor:** And you're currently taking Levothyroxine 50 mcg daily for your mild hypothyroidism, correct?

**Patient:** Yes, that's right. I've been taking it regularly.

**Doctor:** Good to hear. Have you noticed any changes in your symptoms related to hypothyroidism?

**Patient:** Not really. Just the chills and mild fatigue.

**Doctor:** Okay, let me take a moment to review your vital signs and do a physical exam. Your temperature is 98.6°F, blood pressure is 120/80 mmHg, heart rate is 72 bpm, and respiratory rate is 16 breaths per minute. Everything seems normal so far.

**Patient:** That's good to hear.

**Doctor:** You appear well-nourished and well-groomed. There's no sign of acute distress. I'll examine your head and neck now. Your head and neck look normal, and your pupils are equal, round, and reactive to light and accommodation. Your oropharynx is clear.

**Patient:** Okay.

**Doctor:** There's no lymphadenopathy in your neck, and your thyroid is non-palpable. Your heart has a regular rate and rhythm, with no murmurs, rubs, or gallops. Your lungs are clear to auscultation bilaterally, with no wheezing or rhonchi.

**Patient:** That's a relief.

**Doctor:** Your abdomen is soft and non-tender, with no hepatosplenomegaly. Your extremities show no edema, and capillary refill is less than 2 seconds. Neurologically, you're alert and oriented, with no focal deficits.

**Patient:** Great. What's next?

**Doctor:** Based on your symptoms and the examination, it seems like you have chills without a fever. There are a few possible reasons for this, such as an exacerbation of your hypothyroidism, anemia, a subclinical infection, or anxiety-related symptoms.

**Patient:** Hmm, that makes sense. What should we do about it?

**Doctor:** We'll continue your current Levothyroxine 50 mcg daily. I also encourage you to increase your hydration and get adequate rest.

**Patient:** Okay, I can do that.

**Doctor:** For diagnostics, I'd like to order a Complete Blood Count (CBC) with differential, a Basic Metabolic Panel (BMP), and a Thyroid Function Test (TFT). This will help us get a clearer picture of what's going on.

**Patient:** Sure, that sounds good.

**Doctor:** Additionally, I'd like to refer you to Dr. Sofia Nguyen, a hematologist, for further evaluation of your chills and to rule out any underlying hematologic conditions.

**Patient:** Alright, I can do that. When should I follow up with you?

**Doctor:** Let's schedule a follow-up appointment in one week to review your blood work results and reassess your symptoms. In the meantime, please monitor your symptoms and report any new or worsening symptoms immediately.

**Patient:** Okay, I'll do that.

**Doctor:** Do you have any questions or concerns?

**Patient:** No, I think that's everything. Thank you for your help.

**Doctor:** You're welcome. Take care, and I'll see you in a week.

**Patient:** Will do. Thanks again. Bye.

**Doctor:** Bye.
"|"[doctor]: Hi, how are you doing today?

[patient]: Hi, I'm alright, thank you. But I've been having some issues recently.

[doctor]: I'm sorry to hear that. Can you tell me a bit more about what's been going on?

[patient]: Sure, I've been experiencing chills for about two weeks now. They happen every day and are quite moderate. It's really affecting my energy levels and my work productivity.

[doctor]: Hmm, that sounds quite bothersome. Have you noticed any fever along with these chills?

[patient]: No, I haven't had any fever at all.

[doctor]: Okay, that's helpful to know. Have you experienced any weight loss or night sweats?

[patient]: No, none of those either.

[doctor]: Alright. How has your diet and hydration been? Are you maintaining a balanced diet and drinking enough water?

[patient]: Yes, I eat well and stay hydrated.

[doctor]: And you're currently taking Levothyroxine 50 mcg daily for your mild hypothyroidism, correct?

[patient]: Yes, that's right. I've been taking it regularly.

[doctor]: Good to hear. Have you noticed any changes in your symptoms related to hypothyroidism?

[patient]: Not really. Just the chills and mild fatigue.

[doctor]: Okay, let me take a moment to review your vital signs and do a physical exam. Your temperature is 98.6°F, blood pressure is 120/80 mmHg, heart rate is 72 bpm, and respiratory rate is 16 breaths per minute. Everything seems normal so far.

[patient]: That's good to hear.

[doctor]: You appear well-nourished and well-groomed. There's no sign of acute distress. I'll examine your head and neck now. Your head and neck look normal, and your pupils are equal, round, and reactive to light and accommodation. Your oropharynx is clear.

[patient]: Okay.

[doctor]: There's no lymphadenopathy in your neck, and your thyroid is non-palpable. Your heart has a regular rate and rhythm, with no murmurs, rubs, or gallops. Your lungs are clear to auscultation bilaterally, with no wheezing or rhonchi.

[patient]: That's a relief.

[doctor]: Your abdomen is soft and non-tender, with no hepatosplenomegaly. Your extremities show no edema, and capillary refill is less than 2 seconds. Neurologically, you're alert and oriented, with no focal deficits.

[patient]: Great. What's next?

[doctor]: Based on your symptoms and the examination, it seems like you have chills without a fever. There are a few possible reasons for this, such as an exacerbation of your hypothyroidism, anemia, a subclinical infection, or anxiety-related symptoms.

[patient]: Hmm, that makes sense. What should we do about it?

[doctor]: We'll continue your current Levothyroxine 50 mcg daily. I also encourage you to increase your hydration and get adequate rest.

[patient]: Okay, I can do that.

[doctor]: For diagnostics, I'd like to order a Complete Blood Count (CBC) with differential, a Basic Metabolic Panel (BMP), and a Thyroid Function Test (TFT). This will help us get a clearer picture of what's going on.

[patient]: Sure, that sounds good.

[doctor]: Additionally, I'd like to refer you to Dr. Sofia Nguyen, a hematologist, for further evaluation of your chills and to rule out any underlying hematologic conditions.

[patient]: Alright, I can do that. When should I follow up with you?

[doctor]: Let's schedule a follow-up appointment in one week to review your blood work results and reassess your symptoms. In the meantime, please monitor your symptoms and report any new or worsening symptoms immediately.

[patient]: Okay, I'll do that.

[doctor]: Do you have any questions or concerns?

[patient]: No, I think that's everything. Thank you for your help.

[doctor]: You're welcome. Take care, and I'll see you in a week.

[patient]: Will do. Thanks again. Bye.

[doctor]: Bye."
CHILLS (WITHOUT FEVER)|"ROLE: General Physician

** 1) Medical Outcome: **
- Diagnosis: Chills (without fever)
- Follow-up recommendations: 1-week follow-up to monitor symptoms.
- Medication: Prescribe Ibuprofen 200 mg, oral, every 6-8 hours as needed for discomfort.
- Lifestyle change: Increase fluid intake, rest, and avoid sudden temperature changes.
- Blood work: Complete Blood Count (CBC) to rule out infection, Thyroid Function Test to rule out hypothyroidism.
- Imaging: Chest X-ray to rule out any respiratory issues.

** 2) Medical History: **
- Previous Diagnoses: Type 2 Diabetes, Osteoarthritis.
- Family Medical History: Mother has Rheumatoid Arthritis, Father has Coronary Artery Disease.
- Medication History: Currently on Metformin 1000 mg twice daily for Type 2 Diabetes, takes Ibuprofen as needed for Osteoarthritis.
- Allergies: None.
- Chronic Conditions: Type 2 Diabetes, Osteoarthritis.

** 3) Symptom Description: **
- Severity: Moderate chills.
- Duration: 3 days.
- Associated Symptoms: Mild headache, fatigue, slight dizziness.
- Frequency: Continuous, more noticeable in the evening.
- Impact on Daily Activities: Difficulty concentrating and performing daily activities.

** 4) Patient’s self-reported habits and lifestyle: **
- Sleep: Interrupted sleep due to chills, gets around 5-6 hours of sleep.
- Diet: Moderately healthy, includes vegetables and fruits but high in carbohydrates.
- Exercise: Limited due to osteoarthritis, mostly sedentary lifestyle.
- Tobacco Use: Never smoked.
- Alcohol Consumption: Occasionally, one drink per week.
- Drug Use: None.
- Recreational Activities: Enjoys reading and watching TV.

** 5) Demographic Information: **
- Age: 65
- Gender: Female
- Ethnicity: Caucasian
- Socio-economic Status: Middle class
- Education Level: High school diploma
- Health Literacy: Moderate, requires explanation for complex terms
- Job Status: Retired, previously a school teacher

** 6) Patient's Behavior: **
- Highly compliant with medical advice, ensures timely medication intake and follows physician's instructions.

** 7) Geographical Location: **
- Big City vs Small City: Rural
- Rural vs Urban: Rural
- Pollution and Environmental Health Risks: Low pollution, high pollen count during spring.
- Neighborhood Type: Small, close-knit community with limited healthcare facilities and food options.

** 8) Clinical Setting: **
- Telemedicine consultation due to remote location and limited mobility from osteoarthritis

** 9) Type of Encounter: **
- Initial Consultation

** 10) Treatment Disparities: **
- None, patient has access to telemedicine and relevant over-the-counter medications.

** 11) Native or Non-Native English Speaking Patient: **
- Native English-speaking patient.

** 12) Physical exams: **
- NA

** 13) Investigation/Test results: **
- Blood work: Complete Blood Count (CBC) to check for any signs of infection, Thyroid Function Test to rule out hypothyroidism.
- Imaging: Chest X-ray to rule out any respiratory issues.
- Awaiting results."|"#####
**Subjective**

**Chief Complaint (CC):**
Chills without fever.

**History of Present Illness (HPI):**
The patient is a 65-year-old Caucasian female presenting with moderate chills that have persisted for the past three days. The chills are more noticeable in the evening and are associated with mild headache, fatigue, and slight dizziness. The patient reports difficulty concentrating and performing daily activities due to these symptoms.

**Review of Systems (ROS):**
- **General:** Reports chills, mild headache, fatigue, and slight dizziness. No fever.
- **Cardiovascular:** No chest pain or palpitations.
- **Respiratory:** No cough, shortness of breath, or wheezing.
- **Gastrointestinal:** No nausea, vomiting, or abdominal pain.
- **Neurological:** Slight dizziness, no syncope or seizures.
- **Musculoskeletal:** Limited exercise due to osteoarthritis. 

**Objective**

- **General Appearance:** Patient appears tired but is in no acute distress.
- **Vital Signs:** Unable to measure via telemedicine; recommended patient self-monitor.
- **Review of Systems Excerpt:** 
  - **Head:** Mild headache reported.
  - **Throat:** No sore throat reported.
  - **Cardiovascular:** No abnormalities reported.
  - **Respiratory:** No respiratory distress reported.

**Assessment**

1. **Chills (without fever)**
   - Differential diagnoses include viral infection, hypothyroidism, or other systemic conditions. Awaiting CBC and Thyroid Function Test results.
  
2. **Type 2 Diabetes**
   - Well-controlled on current medication.
  
3. **Osteoarthritis**
   - Symptomatic management in place with Ibuprofen as needed.

**Plan**

1. **Management of Chills:**
   - Prescribe Ibuprofen 200 mg, oral, every 6-8 hours as needed for discomfort.
   - Increase fluid intake, rest, and avoid sudden temperature changes.

2. **Diagnostic Workup:**
   - Complete Blood Count (CBC) to rule out infection.
   - Thyroid Function Test to rule out hypothyroidism.
   - Chest X-ray to rule out any respiratory issues.

3. **Follow-Up:**
   - 1-week follow-up to monitor symptoms and review test results.

4. **Patient Education:**
   - Advised on importance of rest and adequate hydration.
   - Discussed potential impact of diet and encouraged a more balanced, low carbohydrate diet.
   - Emphasized the importance of medication adherence and monitoring of blood glucose levels.

**Instructions for the Patient:**
- Monitor for any new symptoms or worsening of current symptoms.
- Ensure regular intake of prescribed medications.
- Maintain fluid intake and rest as recommended.
- Schedule follow-up appointment in one week or sooner if symptoms worsen.

#####
"|"#####
**Subjective**

**Chief Complaint (CC):**
Chills without fever.

**History of Present Illness (HPI):**
The patient is a 65-year-old Caucasian female presenting with moderate chills that have persisted for the past three days. The chills are more noticeable in the evening and are associated with mild headache, fatigue, and slight dizziness. The patient reports difficulty concentrating and performing daily activities due to these symptoms.

**Review of Systems (ROS):**
- **General:** Reports chills, mild headache, fatigue, and slight dizziness. No fever.
- **Cardiovascular:** No chest pain or palpitations.
- **Respiratory:** No cough, shortness of breath, or wheezing.
- **Gastrointestinal:** No nausea, vomiting, or abdominal pain.
- **Neurological:** Slight dizziness, no syncope or seizures.
- **Musculoskeletal:** Limited exercise due to osteoarthritis. 

**Objective**

- **General Appearance:** Patient appears tired but is in no acute distress.
- **Vital Signs:** Unable to measure via telemedicine; recommended patient self-monitor.
- **Review of Systems Excerpt:** 
  - **Head:** Mild headache reported.
  - **Throat:** No sore throat reported.
  - **Cardiovascular:** No abnormalities reported.
  - **Respiratory:** No respiratory distress reported.

**Assessment**

1. **Chills (without fever)**
   - Differential diagnoses include viral infection, hypothyroidism, or other systemic conditions. Awaiting CBC and Thyroid Function Test results.
  
2. **Type 2 Diabetes**
   - Well-controlled on current medication.
  
3. **Osteoarthritis**
   - Symptomatic management in place with Ibuprofen as needed.

**Plan**

1. **Management of Chills:**
   - Prescribe Ibuprofen 200 mg, oral, every 6-8 hours as needed for discomfort.
   - Increase fluid intake, rest, and avoid sudden temperature changes.

2. **Diagnostic Workup:**
   - Complete Blood Count (CBC) to rule out infection.
   - Thyroid Function Test to rule out hypothyroidism.
   - Chest X-ray to rule out any respiratory issues.

3. **Follow-Up:**
   - 1-week follow-up to monitor symptoms and review test results.

4. **Patient Education:**
   - Advised on importance of rest and adequate hydration.
   - Discussed potential impact of diet and encouraged a more balanced, low carbohydrate diet.
   - Emphasized the importance of medication adherence and monitoring of blood glucose levels.

**Instructions for the Patient:**
- Monitor for any new symptoms or worsening of current symptoms.
- Ensure regular intake of prescribed medications.
- Maintain fluid intake and rest as recommended.
- Schedule follow-up appointment in one week or sooner if symptoms worsen.

#####"|"#####
**Subjective**

**CC:**
Chills without fever.

**HPI:**
The pt is a 65 y/o Caucasian F presenting with moderate chills that have persisted for the past 3 days. The chills are more noticeable in the evening and are associated with mild HA, fatigue, and slight dizziness. The pt reports difficulty concentrating and performing ADLs due to these sx.

**ROS:**
- **General:** Reports chills, mild HA, fatigue, and slight dizziness. No fever.
- **CV:** No CP or palpitations.
- **Resp:** No cough, SOB, or wheezing.
- **GI:** No N/V or abdominal pain.
- **Neuro:** Slight dizziness, no syncope or seizures.
- **MSK:** Limited exercise due to OA.

**Objective**

- **General Appearance:** Pt appears tired but is in no acute distress.
- **VS:** Unable to measure via telemedicine; recommended pt self-monitor.
- **ROS Excerpt:** 
  - **Head:** Mild HA reported.
  - **Throat:** No sore throat reported.
  - **CV:** No abnormalities reported.
  - **Resp:** No respiratory distress reported.

**Assessment**

1. **Chills (without fever)**
   - Differential dx include viral infection, hypothyroidism, or other systemic conditions. Awaiting CBC and TFT results.
  
2. **T2DM**
   - Well-controlled on current meds.
  
3. **OA**
   - Symptomatic mgmt in place with Ibuprofen PRN.

**Plan**

1. **Mgmt of Chills:**
   - Rx Ibuprofen 200 mg PO q6-8h PRN for discomfort.
   - Increase fluid intake, rest, and avoid sudden temperature changes.

2. **Diagnostic Workup:**
   - CBC to r/o infection.
   - TFT to r/o hypothyroidism.
   - CXR to r/o any respiratory issues.

3. **Follow-Up:**
   - 1-week f/u to monitor sx and review test results.

4. **Pt Education:**
   - Advised on importance of rest and adequate hydration.
   - Discussed potential impact of diet and encouraged a more balanced, low-carb diet.
   - Emphasized the importance of med adherence and monitoring of BG levels.

**Instructions for the Pt:**
- Monitor for any new sx or worsening of current sx.
- Ensure regular intake of prescribed meds.
- Maintain fluid intake and rest as recommended.
- Schedule f/u appt in one week or sooner if sx worsen.

#####"|General Physician|"```
[doctor] Hi there, good to see you today. How are you feeling?

[patient] Hi doctor, I'm not feeling too great, to be honest.

[doctor] I'm sorry to hear that. I see you're experiencing some chills, correct?

[patient] Yes, I've had moderate chills for the past three days. They seem to be worse in the evening.

[doctor] I see. Have you noticed any fever along with these chills?

[patient] No, no fever at all. Just the chills.

[doctor] Alright. Besides the chills, are you experiencing any other symptoms?

[patient] Yes, I've also had a mild headache, fatigue, and slight dizziness. It's making it hard to concentrate and do my daily activities.

[doctor] Hmm, that sounds uncomfortable. Let's go through a quick review of systems to get a better understanding. Do you have any chest pain or palpitations?

[patient] No, no chest pain or palpitations.

[doctor] How about any cough, shortness of breath, or wheezing?

[patient] No, none of those either.

[doctor] Any nausea, vomiting, or abdominal pain?

[patient] No, my stomach feels fine.

[doctor] Okay, and have you experienced any syncope or seizures?

[patient] No, just the slight dizziness but nothing major like fainting or seizures.

[doctor] Understood. How about your exercise levels? Are you able to be active?

[patient] Not really. I have osteoarthritis, so my exercise is pretty limited.

[doctor] I see. Thank you for that information. Now, can you describe your general condition? How do you feel overall?

[patient] I feel really tired, but I'm not in any acute distress.

[doctor] Got it. Since we're doing this via telemedicine, I'll need you to keep an eye on your vital signs at home. Can you do that?

[patient] Yes, I can do that.

[doctor] Great. About the headache, is it constant or does it come and go?

[patient] It's mostly mild and constant, but it's manageable.

[doctor] Okay. And you mentioned no sore throat, right?

[patient] That's correct, no sore throat.

[doctor] Good to know. I also see no abnormalities reported in your cardiovascular and respiratory systems. Is that right?

[patient] Yes, that's right. No issues there.

[doctor] Alright. Based on what you've told me, it could be a number of things causing these chills without a fever. We need to do some diagnostic workup to narrow it down.

[patient] What kind of tests will I need?

[doctor] We'll start with a Complete Blood Count (CBC) to rule out any infections and a Thyroid Function Test to check for any thyroid issues.

[patient] Okay, that sounds reasonable.

[doctor] We should also get a Chest X-ray to rule out any respiratory problems.

[patient] Alright, I can do that. 

[doctor] For now, I’ll prescribe you Ibuprofen 200 mg, to be taken every 6-8 hours as needed for discomfort.

[patient] Got it. 

[doctor] Also, make sure to increase your fluid intake, get plenty of rest, and avoid sudden temperature changes.

[patient] Will do. 

[doctor] In addition, I want to discuss a few things about your current conditions. Your Type 2 Diabetes seems well-controlled on your current medication, correct?

[patient] Yes, it is. I monitor my blood sugar levels regularly.

[doctor] Excellent. For your osteoarthritis, are you managing well with symptomatic treatment like Ibuprofen?

[patient] Yes, it helps when I need it.

[doctor] Great. I'll also need you to follow up with me in one week so we can monitor your symptoms and review your test results.

[patient] Okay, I'll make sure to schedule that.

[doctor] Don’t forget the importance of rest and adequate hydration. These will help you recover faster.

[patient] I’ll keep that in mind, thank you.

[doctor] Also, let's talk about your diet. A more balanced, low-carbohydrate diet could help manage your diabetes better. Have you been mindful of this?

[patient] I've been trying, but it's tough sometimes.

[doctor] I understand. Just do your best to make healthier choices, and it will help in the long run. Also, keep an eye on your medication adherence and blood glucose levels.

[patient] I'll do that. 

[doctor] One last thing, if you notice any new symptoms or if your current symptoms worsen, don't hesitate to seek medical attention immediately.

[patient] Okay, I will. Thank you for all the advice.

[doctor] You're welcome. Take care and get plenty of rest. I'll see you in a week.

[patient] Thank you, doctor. See you then.

[doctor] Goodbye.
```"|"[doctor]: Hi there, good to see you today. How are you feeling?

[patient]: Hi doctor, I'm not feeling too great, to be honest.

[doctor]: I'm sorry to hear that. I see you're experiencing some chills, correct?

[patient]: Yes, I've had moderate chills for the past three days. They seem to be worse in the evening.

[doctor]: I see. Have you noticed any fever along with these chills?

[patient]: No, no fever at all. Just the chills.

[doctor]: Alright. Besides the chills, are you experiencing any other symptoms?

[patient]: Yes, I've also had a mild headache, fatigue, and slight dizziness. It's making it hard to concentrate and do my daily activities.

[doctor]: Hmm, that sounds uncomfortable. Let's go through a quick review of systems to get a better understanding. Do you have any chest pain or palpitations?

[patient]: No, no chest pain or palpitations.

[doctor]: How about any cough, shortness of breath, or wheezing?

[patient]: No, none of those either.

[doctor]: Any nausea, vomiting, or abdominal pain?

[patient]: No, my stomach feels fine.

[doctor]: Okay, and have you experienced any syncope or seizures?

[patient]: No, just the slight dizziness but nothing major like fainting or seizures.

[doctor]: Understood. How about your exercise levels? Are you able to be active?

[patient]: Not really. I have osteoarthritis, so my exercise is pretty limited.

[doctor]: I see. Thank you for that information. Now, can you describe your general condition? How do you feel overall?

[patient]: I feel really tired, but I'm not in any acute distress.

[doctor]: Got it. Since we're doing this via telemedicine, I'll need you to keep an eye on your vital signs at home. Can you do that?

[patient]: Yes, I can do that.

[doctor]: Great. About the headache, is it constant or does it come and go?

[patient]: It's mostly mild and constant, but it's manageable.

[doctor]: Okay. And you mentioned no sore throat, right?

[patient]: That's correct, no sore throat.

[doctor]: Good to know. I also see no abnormalities reported in your cardiovascular and respiratory systems. Is that right?

[patient]: Yes, that's right. No issues there.

[doctor]: Alright. Based on what you've told me, it could be a number of things causing these chills without a fever. We need to do some diagnostic workup to narrow it down.

[patient]: What kind of tests will I need?

[doctor]: We'll start with a Complete Blood Count (CBC) to rule out any infections and a Thyroid Function Test to check for any thyroid issues.

[patient]: Okay, that sounds reasonable.

[doctor]: We should also get a Chest X-ray to rule out any respiratory problems.

[patient]: Alright, I can do that.

[doctor]: For now, I’ll prescribe you Ibuprofen 200 mg, to be taken every 6-8 hours as needed for discomfort.

[patient]: Got it.

[doctor]: Also, make sure to increase your fluid intake, get plenty of rest, and avoid sudden temperature changes.

[patient]: Will do.

[doctor]: In addition, I want to discuss a few things about your current conditions. Your Type 2 Diabetes seems well-controlled on your current medication, correct?

[patient]: Yes, it is. I monitor my blood sugar levels regularly.

[doctor]: Excellent. For your osteoarthritis, are you managing well with symptomatic treatment like Ibuprofen?

[patient]: Yes, it helps when I need it.

[doctor]: Great. I'll also need you to follow up with me in one week so we can monitor your symptoms and review your test results.

[patient]: Okay, I'll make sure to schedule that.

[doctor]: Don’t forget the importance of rest and adequate hydration. These will help you recover faster.

[patient]: I’ll keep that in mind, thank you.

[doctor]: Also, let's talk about your diet. A more balanced, low-carbohydrate diet could help manage your diabetes better. Have you been mindful of this?

[patient]: I've been trying, but it's tough sometimes.

[doctor]: I understand. Just do your best to make healthier choices, and it will help in the long run. Also, keep an eye on your medication adherence and blood glucose levels.

[patient]: I'll do that.

[doctor]: One last thing, if you notice any new symptoms or if your current symptoms worsen, don't hesitate to seek medical attention immediately.

[patient]: Okay, I will. Thank you for all the advice.

[doctor]: You're welcome. Take care and get plenty of rest. I'll see you in a week.

[patient]: Thank you, doctor. See you then.

[doctor]: Goodbye."
CHILLS (WITHOUT FEVER)|"ROLE: Family Medicine Physician

- **Medical Outcome:** Prescribed medication adjustment (Iron supplement: Ferrous sulfate 325 mg oral tablets twice daily); recommendation for dietary change to include more iron-rich foods; follow-up in four weeks to evaluate symptoms; order for blood work (Complete Blood Count with differential).
- **Medical History:** History of mild anemia, family history of cardiovascular disease, no current medications other than over-the-counter vitamins.
- **Symptom Description:** Patient reports experiencing chills without accompanying fever intermittently for the past month, severity varies from mild to moderate, occurring primarily in the afternoons and evenings, causing discomfort but not preventing daily activities.
- **Patient’s self-reported habits and lifestyle:** Reports a balanced diet but low in red meat, exercises three times a week (light jogging), sleeps 7-8 hours per night, denies tobacco and drug use, occasional alcohol consumption (1-2 drinks per month).
- **Demographic Information:** 30-year-old male, African American, low-income, high school diploma, limited health literacy, works in construction.
- **Patient's Behavior:** Initially hesitant to follow medical advice due to concerns about cost but generally cooperative once given explanations and reassurances.
- **Geographical Location:** Lives in a small city, neighborhood with minimal pollution and good access to fresh produce.
- **Clinical Setting:** Private Practice.
- **Type of Encounter:** Routine Check-up.
- **Treatment Disparities:** NA.
- **Native or Non-Native English Speaking Patient:** Native English speaker.
- **Physical exams:** Physical exam including vitals, skin and nail examination for signs of anemia, and cardiovascular and respiratory assessment.
- **Investigation/Test results:** Blood tests ordered: Complete Blood Count with differential to check for anemia. Results awaited."|"#####
**1. Subjective:**

**Chief Complaint (CC):**
Patient reports experiencing chills without fever over the past month.

**History of Present Illness (HPI):**
John Doe is a 30-year-old African American male presenting for a routine check-up. Over the past month, he reports having intermittent chills primarily in the afternoons and evenings, with severity ranging from mild to moderate. These chills cause discomfort but do not prevent him from engaging in daily activities. He denies associated fever, night sweats, or weight loss. 

**Review of Systems (ROS):**
- **Constitutional:** Intermittent chills, no fever, no weight changes.
- **Cardiovascular:** No chest pain, palpitations, or edema.
- **Respiratory:** No cough, shortness of breath, or wheezing.
- **Gastrointestinal:** No nausea, vomiting, or changes in bowel habits.
- **Neurological:** No headaches, dizziness, or loss of consciousness.
- **Hematologic:** History of mild anemia, reports feeling fatigued occasionally.

**Patient’s self-reported habits and lifestyle:**
John maintains a balanced diet low in red meat, exercises by light jogging three times a week, sleeps 7-8 hours per night, and denies tobacco and drug use. He consumes alcohol occasionally (1-2 drinks per month).

**2. Objective:**

**Vital Signs:**
- BP: 120/78 mmHg
- HR: 72 bpm, regular
- RR: 16 breaths per minute
- Temp: 98.6°F
- O2 Saturation: 98% on room air

**Physical Examination:**
- **General:** Alert, well-nourished, in no acute distress.
- **Skin:** No pallor, cyanosis, or jaundice; nails without koilonychia (spooning).
- **Cardiovascular:** Normal S1, S2; no murmurs, rubs, or gallops.
- **Respiratory:** Clear to auscultation bilaterally, no wheezes or rales.
- **Abdomen:** Soft, non-tender, no hepatosplenomegaly.
- **Neurological:** No focal deficits, cranial nerves II-XII intact.

**3. Assessment:**
John Doe is a 30-year-old male with a history of mild anemia, now presenting with intermittent chills of one month duration. Symptoms are suggestive of anemia exacerbation possibly due to dietary insufficiency in iron.

**Differential Diagnosis:**
1. Anemia exacerbation (likely iron-deficiency anemia)
2. Thyroid dysfunction (less likely given lack of other symptoms)
3. Infection (unlikely due to absence of fever or other systemic symptoms)

**4. Plan:**

- **Prescription:**
  - Ferrous sulfate 325 mg oral tablets twice daily.
  
- **Dietary Recommendations:**
  - Increase intake of iron-rich foods such as red meat, dark leafy greens, legumes, and fortified cereals.
  
- **Follow-Up:**
  - Schedule follow-up appointment in four weeks to evaluate symptom improvement and adherence to dietary changes.
  
- **Investigations:**
  - Order Complete Blood Count (CBC) with differential to monitor hemoglobin levels and evaluate for anemia.
  
- **Patient Education:**
  - Discussed the importance of iron supplementation and dietary adjustments in managing anemia.
  - Addressed cost concerns and reassured about the availability of affordable options.

**Instructions:**
- Follow prescribed medication and dietary changes.
- Return to clinic in four weeks for follow-up and blood test results.
- Contact the office if symptoms worsen or new symptoms develop.

#####"|"**1. Subjective:**

**Chief Complaint (CC):**
Patient reports experiencing chills without fever over the past month.

**History of Present Illness (HPI):**
John Doe is a 30-year-old African American male presenting for a routine check-up. Over the past month, he reports having intermittent chills primarily in the afternoons and evenings, with severity ranging from mild to moderate. These chills cause discomfort but do not prevent him from engaging in daily activities. He denies associated fever, night sweats, or weight loss. 

**Review of Systems (ROS):**
- **Constitutional:** Intermittent chills, no fever, no weight changes.
- **Cardiovascular:** No chest pain, palpitations, or edema.
- **Respiratory:** No cough, shortness of breath, or wheezing.
- **Gastrointestinal:** No nausea, vomiting, or changes in bowel habits.
- **Neurological:** No headaches, dizziness, or loss of consciousness.
- **Hematologic:** History of mild anemia, reports feeling fatigued occasionally.

**Patient’s self-reported habits and lifestyle:**
John maintains a balanced diet low in red meat, exercises by light jogging three times a week, sleeps 7-8 hours per night, and denies tobacco and drug use. He consumes alcohol occasionally (1-2 drinks per month).

**2. Objective:**

**Vital Signs:**
- BP: 120/78 mmHg
- HR: 72 bpm, regular
- RR: 16 breaths per minute
- Temp: 98.6°F
- O2 Saturation: 98% on room air

**Physical Examination:**
- **General:** Alert, well-nourished, in no acute distress.
- **Skin:** No pallor, cyanosis, or jaundice; nails without koilonychia (spooning).
- **Cardiovascular:** Normal S1, S2; no murmurs, rubs, or gallops.
- **Respiratory:** Clear to auscultation bilaterally, no wheezes or rales.
- **Abdomen:** Soft, non-tender, no hepatosplenomegaly.
- **Neurological:** No focal deficits, cranial nerves II-XII intact.

**3. Assessment:**
John Doe is a 30-year-old male with a history of mild anemia, now presenting with intermittent chills of one month duration. Symptoms are suggestive of anemia exacerbation possibly due to dietary insufficiency in iron.

**Differential Diagnosis:**
1. Anemia exacerbation (likely iron-deficiency anemia)
2. Thyroid dysfunction (less likely given lack of other symptoms)
3. Infection (unlikely due to absence of fever or other systemic symptoms)

**4. Plan:**

- **Prescription:**
  - Ferrous sulfate 325 mg oral tablets twice daily.
  
- **Dietary Recommendations:**
  - Increase intake of iron-rich foods such as red meat, dark leafy greens, legumes, and fortified cereals.
  
- **Follow-Up:**
  - Schedule follow-up appointment in four weeks to evaluate symptom improvement and adherence to dietary changes.
  
- **Investigations:**
  - Order Complete Blood Count (CBC) with differential to monitor hemoglobin levels and evaluate for anemia.
  
- **Patient Education:**
  - Discussed the importance of iron supplementation and dietary adjustments in managing anemia.
  - Addressed cost concerns and reassured about the availability of affordable options.

**Instructions:**
- Follow prescribed medication and dietary changes.
- Return to clinic in four weeks for follow-up and blood test results.
- Contact the office if symptoms worsen or new symptoms develop."|"**1. Subjective:**

**CC:**
Pt reports experiencing chills w/o fever over the past month.

**HPI:**
John Doe is a 30 y/o African American male presenting for a routine check-up. Over the past month, he reports having intermittent chills primarily in the afternoons and evenings, with severity ranging from mild to moderate. These chills cause discomfort but do not prevent him from engaging in daily activities. He denies associated fever, night sweats, or weight loss. 

**ROS:**
- **Constitutional:** Intermittent chills, afebrile, no weight changes.
- **CV:** No CP, palpitations, or edema.
- **Resp:** No cough, SOB, or wheezing.
- **GI:** No N/V, or changes in bowel habits.
- **Neuro:** No HA, dizziness, or LOC.
- **Heme:** Hx of mild anemia, reports feeling fatigued occasionally.

**Pt’s self-reported habits and lifestyle:**
John maintains a balanced diet low in red meat, exercises by light jogging 3x/week, sleeps 7-8 hrs/night, and denies tobacco and drug use. He consumes alcohol occasionally (1-2 drinks/month).

**2. Objective:**

**VS:**
- BP: 120/78 mmHg
- HR: 72 bpm, regular
- RR: 16 bpm
- Temp: 98.6°F
- O2 Sat: 98% on RA

**PE:**
- **General:** Alert, well-nourished, NAD.
- **Skin:** No pallor, cyanosis, or jaundice; nails w/o koilonychia.
- **CV:** Normal S1, S2; no murmurs, rubs, or gallops.
- **Resp:** CTA bilaterally, no wheezes or rales.
- **Abd:** Soft, non-tender, no HSM.
- **Neuro:** No focal deficits, CN II-XII intact.

**3. Assessment:**
John Doe is a 30 y/o male with a hx of mild anemia, now presenting with intermittent chills x1 month. Symptoms are suggestive of anemia exacerbation possibly due to dietary insufficiency in iron.

**Differential Dx:**
1. Anemia exacerbation (likely IDA)
2. Thyroid dysfunction (less likely given lack of other symptoms)
3. Infection (unlikely due to absence of fever or other systemic symptoms)

**4. Plan:**

- **Rx:**
  - Ferrous sulfate 325 mg PO BID.
  
- **Dietary Recs:**
  - Increase intake of iron-rich foods such as red meat, dark leafy greens, legumes, and fortified cereals.
  
- **F/U:**
  - Schedule f/u in 4 weeks to evaluate symptom improvement and adherence to dietary changes.
  
- **Investigations:**
  - Order CBC w/ diff to monitor Hgb levels and evaluate for anemia.
  
- **Pt Education:**
  - Discussed the importance of iron supplementation and dietary adjustments in managing anemia.
  - Addressed cost concerns and reassured about the availability of affordable options.

**Instructions:**
- Follow prescribed medication and dietary changes.
- Return to clinic in 4 weeks for f/u and blood test results.
- Contact the office if symptoms worsen or new symptoms develop."|Family Medicine Physician|"**Doctor:** Good morning, how are you doing today?

**Patient:** Good morning, Doctor. I'm doing alright, just here for my routine check-up.

**Doctor:** Great to hear. So, any concerns or issues you’ve been experiencing lately?

**Patient:** Well, over the past month, I've been having these chills. They come and go, mostly in the afternoons and evenings.

**Doctor:** Hmm, chills. That sounds uncomfortable. Do they come with a fever?

**Patient:** No, no fever at all. Just the chills.

**Doctor:** Alright. Can you describe the severity of these chills? Are they mild, moderate, or severe?

**Patient:** I’d say they range from mild to moderate. They’re uncomfortable but don’t really stop me from doing my daily activities.

**Doctor:** Understood. Any associated symptoms like night sweats or weight loss?

**Patient:** No, none of that. Just the chills.

**Doctor:** Okay, let’s go through some other systems to make sure we’re not missing anything. Any chest pain, palpitations, or swelling in your legs?

**Patient:** No, my heart’s been fine. No chest pain or anything like that.

**Doctor:** How about your breathing? Any cough, shortness of breath, or wheezing?

**Patient:** No, my breathing’s been fine too.

**Doctor:** Any issues with your stomach? Nausea, vomiting, or changes in your bowel habits?

**Patient:** No, my stomach’s been okay. No problems there.

**Doctor:** Alright. Any headaches, dizziness, or episodes of losing consciousness?

**Patient:** No, none of those either.

**Doctor:** How about feeling fatigued? Have you been more tired than usual?

**Patient:** Yeah, I do feel a bit more tired sometimes, but I figured it was just from work or something.

**Doctor:** I see. You mentioned in your history that you have mild anemia. Have you noticed any changes in your symptoms related to that?

**Patient:** Not really. Just the occasional fatigue, like I mentioned.

**Doctor:** Okay. Let’s talk a bit about your lifestyle. How’s your diet?

**Patient:** I try to maintain a balanced diet. I don’t eat much red meat though.

**Doctor:** Do you exercise regularly?

**Patient:** Yes, I do light jogging about three times a week.

**Doctor:** That’s good. How about your sleep? Are you getting enough rest?

**Patient:** I usually get around 7-8 hours of sleep per night.

**Doctor:** Excellent. Any tobacco or drug use?

**Patient:** No, I don’t smoke or use drugs.

**Doctor:** How about alcohol?

**Patient:** I drink occasionally, maybe 1-2 drinks per month.

**Doctor:** Alright, let’s go ahead and take your vital signs and do a physical examination.

(Doctor performs the physical examination)

**Doctor:** Your vital signs are looking good. Blood pressure is 120/78 mmHg, heart rate is 72 beats per minute, respiratory rate is 16 breaths per minute, temperature is 98.6°F, and your oxygen saturation is 98% on room air.

**Patient:** That sounds good.

**Doctor:** Yes, everything appears normal. On examination, you’re alert, well-nourished, and in no acute distress. Your skin looks healthy, and there’s no pallor, cyanosis, or jaundice. Your cardiovascular and respiratory exams are normal, and your abdomen is soft and non-tender.

**Patient:** Okay, great.

**Doctor:** Your neurological exam also looks good. No focal deficits, and your cranial nerves are intact. Reflexes are normal and symmetrical.

**Patient:** That’s a relief to hear.

**Doctor:** Based on your symptoms and history, I suspect that your chills might be related to your anemia. It’s possible that your iron levels are low, especially considering your diet.

**Patient:** That makes sense. What should I do about it?

**Doctor:** I’m going to prescribe you ferrous sulfate 325 mg oral tablets, to be taken twice daily.

**Patient:** Okay, I can do that.

**Doctor:** Additionally, I recommend you increase your intake of iron-rich foods. This includes red meat, dark leafy greens, legumes, and fortified cereals.

**Patient:** I can try to adjust my diet.

**Doctor:** Great. I’ll also order a Complete Blood Count (CBC) with differential to monitor your hemoglobin levels and evaluate the extent of your anemia.

**Patient:** Sounds good. When should I come back?

**Doctor:** Let’s schedule a follow-up appointment in four weeks to evaluate your symptoms and see how you’re responding to the dietary changes and medication.

**Patient:** Alright. Anything else I should know?

**Doctor:** Yes, it’s important to follow the prescribed medication and dietary changes. If your symptoms worsen or if you develop any new symptoms, contact the office immediately.

**Patient:** Will do. Thank you, Doctor.

**Doctor:** You’re welcome. Take care, and I’ll see you in four weeks.

**Patient:** Thanks. See you then."|"[doctor]: Good morning, how are you doing today?

[patient]: Good morning, Doctor. I'm doing alright, just here for my routine check-up.

[doctor]: Great to hear. So, any concerns or issues you’ve been experiencing lately?

[patient]: Well, over the past month, I've been having these chills. They come and go, mostly in the afternoons and evenings.

[doctor]: Hmm, chills. That sounds uncomfortable. Do they come with a fever?

[patient]: No, no fever at all. Just the chills.

[doctor]: Alright. Can you describe the severity of these chills? Are they mild, moderate, or severe?

[patient]: I’d say they range from mild to moderate. They’re uncomfortable but don’t really stop me from doing my daily activities.

[doctor]: Understood. Any associated symptoms like night sweats or weight loss?

[patient]: No, none of that. Just the chills.

[doctor]: Okay, let’s go through some other systems to make sure we’re not missing anything. Any chest pain, palpitations, or swelling in your legs?

[patient]: No, my heart’s been fine. No chest pain or anything like that.

[doctor]: How about your breathing? Any cough, shortness of breath, or wheezing?

[patient]: No, my breathing’s been fine too.

[doctor]: Any issues with your stomach? Nausea, vomiting, or changes in your bowel habits?

[patient]: No, my stomach’s been okay. No problems there.

[doctor]: Alright. Any headaches, dizziness, or episodes of losing consciousness?

[patient]: No, none of those either.

[doctor]: How about feeling fatigued? Have you been more tired than usual?

[patient]: Yeah, I do feel a bit more tired sometimes, but I figured it was just from work or something.

[doctor]: I see. You mentioned in your history that you have mild anemia. Have you noticed any changes in your symptoms related to that?

[patient]: Not really. Just the occasional fatigue, like I mentioned.

[doctor]: Okay. Let’s talk a bit about your lifestyle. How’s your diet?

[patient]: I try to maintain a balanced diet. I don’t eat much red meat though.

[doctor]: Do you exercise regularly?

[patient]: Yes, I do light jogging about three times a week.

[doctor]: That’s good. How about your sleep? Are you getting enough rest?

[patient]: I usually get around 7-8 hours of sleep per night.

[doctor]: Excellent. Any tobacco or drug use?

[patient]: No, I don’t smoke or use drugs.

[doctor]: How about alcohol?

[patient]: I drink occasionally, maybe 1-2 drinks per month.

[doctor]: Alright, let’s go ahead and take your vital signs and do a physical examination.

(Doctor performs the physical examination)

[doctor]: Your vital signs are looking good. Blood pressure is 120/78 mmHg, heart rate is 72 beats per minute, respiratory rate is 16 breaths per minute, temperature is 98.6°F, and your oxygen saturation is 98% on room air.

[patient]: That sounds good.

[doctor]: Yes, everything appears normal. On examination, you’re alert, well-nourished, and in no acute distress. Your skin looks healthy, and there’s no pallor, cyanosis, or jaundice. Your cardiovascular and respiratory exams are normal, and your abdomen is soft and non-tender.

[patient]: Okay, great.

[doctor]: Your neurological exam also looks good. No focal deficits, and your cranial nerves are intact. Reflexes are normal and symmetrical.

[patient]: That’s a relief to hear.

[doctor]: Based on your symptoms and history, I suspect that your chills might be related to your anemia. It’s possible that your iron levels are low, especially considering your diet.

[patient]: That makes sense. What should I do about it?

[doctor]: I’m going to prescribe you ferrous sulfate 325 mg oral tablets, to be taken twice daily.

[patient]: Okay, I can do that.

[doctor]: Additionally, I recommend you increase your intake of iron-rich foods. This includes red meat, dark leafy greens, legumes, and fortified cereals.

[patient]: I can try to adjust my diet.

[doctor]: Great. I’ll also order a Complete Blood Count (CBC) with differential to monitor your hemoglobin levels and evaluate the extent of your anemia.

[patient]: Sounds good. When should I come back?

[doctor]: Let’s schedule a follow-up appointment in four weeks to evaluate your symptoms and see how you’re responding to the dietary changes and medication.

[patient]: Alright. Anything else I should know?

[doctor]: Yes, it’s important to follow the prescribed medication and dietary changes. If your symptoms worsen or if you develop any new symptoms, contact the office immediately.

[patient]: Will do. Thank you, Doctor.

[doctor]: You’re welcome. Take care, and I’ll see you in four weeks.

[patient]: Thanks. See you then."
CHILLS (WITHOUT FEVER)|"ROLE: Family Medicine Physician

** Scenario Variables **

__1) Medical Outcome:__

- Recommended follow-up visit in one week.
- Ordered blood work for biochemistry (Complete Metabolic Panel), hematology (Complete Blood Count), and immunology (Antinuclear Antibody Test).
- Prescribed medication: Ibuprofen 200 mg, oral, every 6 hours as needed for chills and body aches.

__2) Medical History:__

- Previous Diagnoses: Asthma.
- Medication History: Albuterol inhaler as needed.
- Allergies: Peanuts.
- Chronic Conditions: Asthma.

__3) Symptom Description:__

- Severity: Severe chills without any fever.
- Duration: 4 days.
- Associated Symptoms: Body aches, fatigue, occasional shortness of breath.
- Frequency: Chills occurring 5-6 times per day.
- Impact on Daily Activities: Unable to perform usual household chores and taking leave from work.

__4) Patient’s self-reported habits and lifestyle:__

- Sleep: Poor quality sleep, disturbed due to chills and body aches.
- Diet: High intake of processed foods, rarely eats vegetables.
- Exercise: Inactive lifestyle, no regular exercise.
- Tobacco Use: Smokes 10 cigarettes per day.
- Alcohol Consumption: Heavy drinking on weekends, about 5-6 drinks each session.
- Drug Use: Occasionally uses marijuana.
- Recreational Activities: Enjoys socializing at bars and playing video games.

__5) Demographic Information:__

- Age: 35
- Gender: Male
- Ethnicity: Caucasian
- Socio-economic Status: Working class
- Education Level: High school dropout
- Health Literacy: Low
- Job Status: Construction Worker

__6) Patient's Behavior:__

- Occasionally non-compliant with medical advice and medication regimen; reluctant to quit smoking.

__7) Geographical Location:__

- Big City
- Pollution and Environmental Health Risks: High pollution, industrial area.
- Neighborhood Type: Lower-income, food desert, limited healthcare facilities.

__8) Clinical Setting:__

- Urgent Care Center

__9) Type of Encounter:__

- Initial Consultation

__10) Treatment Disparities:__

- Patient may face disparities due to low socio-economic status and limited access to healthcare facilities in the neighborhood.

__11) Native or Non-Native English Speaking Patient:__

- Native English Speaking Patient

__12) Physical exams:__

- General Physical Exam: Heart rate elevated (tachycardia), mild wheezing noted during lung auscultation.

__13) Investigation/Test results:__

- Awaiting blood work results for Complete Metabolic Panel, Complete Blood Count, and Antinuclear Antibody Test."|"#### MEDICAL NOTE

**1. Subjective**

**Chief Complaint (CC)**: Severe chills and body aches.

**History of Present Illness (HPI)**:
- The patient is a 35-year-old Caucasian male presenting to the urgent care center with severe chills without any fever, lasting for 4 days.
- The chills occur 5-6 times per day and are associated with body aches, fatigue, and occasional shortness of breath.
- The severity of symptoms has significantly impacted his ability to perform usual household chores, and he has taken leave from work.

**Review of Systems (ROS)**:
- **Constitutional**: Severe chills, body aches, fatigue.
- **Respiratory**: Occasional shortness of breath.
- **Sleep**: Poor quality sleep disturbed due to symptoms.
- **Diet**: High intake of processed foods, low vegetable consumption.
- **Exercise**: Inactive lifestyle.
- **Tobacco Use**: Smokes 10 cigarettes per day.
- **Alcohol Consumption**: Heavy drinking on weekends (~5-6 drinks/session).
- **Drug Use**: Occasional marijuana use.

**2. Objective**

**Vital Signs**:
- Heart rate: Tachycardia noted.
- Blood pressure: Not provided.
- Respirations: Not provided.
- Temperature: Not provided.

**Physical Exam**:
- **General Appearance**: Appears fatigued and uncomfortable.
- **Cardiovascular**: Tachycardia present.
- **Respiratory**: Mild wheezing noted on lung auscultation.
- **Musculoskeletal**: Generalized body aches.
- **Neurological**: Alert and oriented.

**Investigations**:
- Blood work ordered: Complete Metabolic Panel, Complete Blood Count, and Antinuclear Antibody Test (results pending).

**3. Assessment**

**Primary Diagnosis**:
- Severe chills and body aches, likely secondary to an underlying infection or inflammatory process.

**Secondary Diagnoses**:
- Asthma (chronic condition).
- Consideration of lifestyle factors contributing to overall health (heavy alcohol use, smoking, poor diet).

**4. Plan**

**Recommendations**:
- Prescribed Ibuprofen 200 mg, oral, every 6 hours as needed for chills and body aches.
- Encouraged the patient to maintain adequate hydration and rest.
- Discussed the importance of reducing tobacco and alcohol use.
- Advised to follow a more balanced diet with increased vegetable intake.
- Referred to a nutritionist for dietary counseling.
- Recommended regular physical activity to improve overall health.

**Follow-Up**:
- Scheduled a follow-up visit in one week to review blood work results and reassess symptoms.

**Patient Education and Counseling**:
- Explained the potential impact of smoking and heavy drinking on overall health, especially in the context of asthma.
- Provided information on resources for smoking cessation and alcohol reduction.
- Discussed the importance of compliance with prescribed medications and follow-up appointments.

**Patient Agreement**:
- The patient expressed understanding of the treatment plan and agreed to follow the recommendations. Reluctant but open to discuss smoking cessation on subsequent visits.

---

**Note**: Patient's socio-economic status and limited access to healthcare facilities were considered in the treatment plan. Efforts were made to provide realistic and accessible recommendations given the patient's circumstances and behaviors."|"**1. Subjective**

**Chief Complaint (CC)**: Severe chills and body aches.

**History of Present Illness (HPI)**:
- The patient, John Smith, is a 35-year-old Caucasian male presenting to the urgent care center with severe chills without any fever, lasting for 4 days.
- The chills occur 5-6 times per day and are associated with body aches, fatigue, and occasional shortness of breath.
- The severity of symptoms has significantly impacted his ability to perform usual household chores, and he has taken leave from work.

**Review of Systems (ROS)**:
- **Constitutional**: Severe chills, body aches, fatigue.
- **Respiratory**: Occasional shortness of breath.
- **Sleep**: Poor quality sleep disturbed due to symptoms.
- **Diet**: High intake of processed foods, low vegetable consumption.
- **Exercise**: Inactive lifestyle.
- **Tobacco Use**: Smokes 10 cigarettes per day.
- **Alcohol Consumption**: Heavy drinking on weekends (~5-6 drinks/session).
- **Drug Use**: Occasional marijuana use.

**2. Objective**

**Vital Signs**:
- Heart rate: Tachycardia noted.
- Blood pressure: Not provided.
- Respirations: Not provided.
- Temperature: Not provided.

**Physical Exam**:
- **General Appearance**: Appears fatigued and uncomfortable.
- **Cardiovascular**: Tachycardia present.
- **Respiratory**: Mild wheezing noted on lung auscultation.
- **Musculoskeletal**: Generalized body aches.
- **Neurological**: Alert and oriented.

**3. Assessment**

**Primary Diagnosis**:
- Severe chills and body aches, likely secondary to an underlying infection or inflammatory process.

**Secondary Diagnoses**:
- Asthma (chronic condition).
- Consideration of lifestyle factors contributing to overall health (heavy alcohol use, smoking, poor diet).

**4. Plan**

**Recommendations**:
- Prescribed Ibuprofen 200 mg, oral, every 6 hours as needed for chills and body aches.
- Encouraged the patient to maintain adequate hydration and rest.
- Discussed the importance of reducing tobacco and alcohol use.
- Advised to follow a more balanced diet with increased vegetable intake.
- Referred to a nutritionist for dietary counseling.
- Recommended regular physical activity to improve overall health.

**Follow-Up**:
- Scheduled a follow-up visit in one week to review blood work results and reassess symptoms.

**Patient Education and Counseling**:
- Explained the potential impact of smoking and heavy drinking on overall health, especially in the context of asthma.
- Provided information on resources for smoking cessation and alcohol reduction.
- Discussed the importance of compliance with prescribed medications and follow-up appointments.

**Patient Agreement**:
- The patient expressed understanding of the treatment plan and agreed to follow the recommendations. Reluctant but open to discuss smoking cessation on subsequent visits."|"**1. Subjective**

**CC**: Severe chills and body aches.

**HPI**:
- Pt, John Smith, 35 y/o Caucasian male, presents to UC with severe chills w/o fever, lasting 4 days.
- Chills occur 5-6x/day, assoc. w/ body aches, fatigue, and occasional SOB.
- Severity of sx has significantly impacted ADLs, and pt has taken leave from work.

**ROS**:
- **Constitutional**: Severe chills, body aches, fatigue.
- **Respiratory**: Occasional SOB.
- **Sleep**: Poor quality sleep disturbed due to sx.
- **Diet**: High intake of processed foods, low vegetable consumption.
- **Exercise**: Inactive lifestyle.
- **Tobacco Use**: Smokes 10 cigs/day.
- **Alcohol Consumption**: Heavy drinking on weekends (~5-6 drinks/session).
- **Drug Use**: Occasional marijuana use.

**2. Objective**

**VS**:
- HR: Tachy noted.
- BP: Not provided.
- RR: Not provided.
- Temp: Not provided.

**PE**:
- **General Appearance**: Appears fatigued and uncomfortable.
- **CV**: Tachy present.
- **Resp**: Mild wheezing noted on lung ausc.
- **MSK**: Generalized body aches.
- **Neuro**: A&O x3.

**3. Assessment**

**Primary Dx**:
- Severe chills and body aches, likely 2° to underlying infection or inflammatory process.

**Secondary Dx**:
- Asthma (chronic condition).
- Consideration of lifestyle factors contributing to overall health (heavy EtOH use, smoking, poor diet).

**4. Plan**

**Recommendations**:
- Rx Ibuprofen 200 mg PO q6h PRN chills and body aches.
- Encourage pt to maintain adequate hydration and rest.
- Discussed importance of reducing tobacco and EtOH use.
- Advised to follow a more balanced diet w/ increased vegetable intake.
- Referred to nutritionist for dietary counseling.
- Recommended regular physical activity to improve overall health.

**Follow-Up**:
- F/U visit in 1 week to review blood work results and reassess sx.

**Pt Education and Counseling**:
- Explained potential impact of smoking and heavy EtOH on overall health, especially in context of asthma.
- Provided info on resources for smoking cessation and EtOH reduction.
- Discussed importance of compliance w/ prescribed meds and F/U appts.

**Pt Agreement**:
- Pt expressed understanding of tx plan and agreed to follow recommendations. Reluctant but open to discuss smoking cessation on subsequent visits."|Family Medicine Physician|"[doctor] Hi there, I'm Dr. Smith. How are you doing today?

[patient] Not too well, to be honest. I've been having these terrible chills and body aches.

[doctor] I'm sorry to hear that. Can you tell me more about what's been going on?

[patient] Sure. For the past four days, I've had these severe chills, but no fever. They happen about 5-6 times a day and come with body aches, fatigue, and sometimes I get short of breath.

[doctor] That sounds really uncomfortable. Have these symptoms impacted your daily life?

[patient] Yes, a lot. I can’t do any of my usual household chores, and I had to take leave from work.

[doctor] I understand. Let's go through a few more details. Have you noticed any other symptoms? How's your sleep been?

[patient] My sleep has been terrible because of these chills. I wake up several times at night.

[doctor] I see. What about your diet? What have you been eating lately?

[patient] Mostly processed foods. I don’t eat a lot of vegetables.

[doctor] And how about exercise? How active are you?

[patient] I don’t really exercise much. I have an inactive lifestyle.

[doctor] Okay. Do you smoke or use any tobacco products?

[patient] Yes, I smoke about 10 cigarettes a day.

[doctor] And how about alcohol? Do you drink?

[patient] I do. I drink heavily on weekends, about 5-6 drinks each session.

[doctor] What about any recreational drug use?

[patient] Sometimes I use marijuana, but not very often.

[doctor] Thanks for providing all that information. Let's move on to a quick physical exam. 

[patient] Sure, go ahead.

[doctor] Alright, let me see... You appear quite fatigued and uncomfortable. Your heart rate is a bit high, indicating tachycardia. You also have mild wheezing in your lungs. 

[patient] I see.

[doctor] You did mention occasional shortness of breath. Have you had any issues with asthma or other respiratory conditions in the past?

[patient] Yes, I have asthma.

[doctor] Thanks for letting me know. Now, I’m going to order some blood tests to better understand what’s going on. We’ll do a Complete Metabolic Panel, Complete Blood Count, and an Antinuclear Antibody Test. 

[patient] Okay, sounds good.

[doctor] For now, I’m going to prescribe Ibuprofen 200 mg, which you can take orally every 6 hours as needed for the chills and body aches.

[patient] Got it.

[doctor] It’s very important that you stay hydrated and get plenty of rest. I also want to talk about some lifestyle changes.

[patient] Like what?

[doctor] Reducing tobacco and alcohol use will significantly help your overall health, especially with your asthma. I’d also recommend a more balanced diet with more vegetables.

[patient] That makes sense. 

[doctor] I’m going to refer you to a nutritionist for some dietary counseling. Regular physical activity can also improve your health.

[patient] I’ll try to get more active.

[doctor] Great. We’ll schedule a follow-up visit in one week to review your blood work results and reassess your symptoms.

[patient] Okay.

[doctor] One more thing, I want to discuss the potential impact of smoking and heavy drinking on your health. There are resources available for smoking cessation and alcohol reduction that can help.

[patient] I understand. I’ve been thinking about quitting smoking, but it's tough.

[doctor] I know it’s challenging, but we can work on it together. We can start discussing smoking cessation in our subsequent visits.

[patient] Alright, I’m open to that.

[doctor] Excellent. Do you have any other questions or concerns right now?

[patient] Not really. Thank you for the help.

[doctor] You're welcome. Just remember to follow the recommendations and take your medication as prescribed. I'll see you in a week.

[patient] Thanks, Doctor.

[doctor] Take care. Bye.

[patient] Bye."|"[doctor] Hi there, I'm Dr. Smith. How are you doing today?

[patient] Not too well, to be honest. I've been having these terrible chills and body aches.

[doctor] I'm sorry to hear that. Can you tell me more about what's been going on?

[patient] Sure. For the past four days, I've had these severe chills, but no fever. They happen about 5-6 times a day and come with body aches, fatigue, and sometimes I get short of breath.

[doctor] That sounds really uncomfortable. Have these symptoms impacted your daily life?

[patient] Yes, a lot. I can’t do any of my usual household chores, and I had to take leave from work.

[doctor] I understand. Let's go through a few more details. Have you noticed any other symptoms? How's your sleep been?

[patient] My sleep has been terrible because of these chills. I wake up several times at night.

[doctor] I see. What about your diet? What have you been eating lately?

[patient] Mostly processed foods. I don’t eat a lot of vegetables.

[doctor] And how about exercise? How active are you?

[patient] I don’t really exercise much. I have an inactive lifestyle.

[doctor] Okay. Do you smoke or use any tobacco products?

[patient] Yes, I smoke about 10 cigarettes a day.

[doctor] And how about alcohol? Do you drink?

[patient] I do. I drink heavily on weekends, about 5-6 drinks each session.

[doctor] What about any recreational drug use?

[patient] Sometimes I use marijuana, but not very often.

[doctor] Thanks for providing all that information. Let's move on to a quick physical exam. 

[patient] Sure, go ahead.

[doctor] Alright, let me see... You appear quite fatigued and uncomfortable. Your heart rate is a bit high, indicating tachycardia. You also have mild wheezing in your lungs. 

[patient] I see.

[doctor] You did mention occasional shortness of breath. Have you had any issues with asthma or other respiratory conditions in the past?

[patient] Yes, I have asthma.

[doctor] Thanks for letting me know. Now, I’m going to order some blood tests to better understand what’s going on. We’ll do a Complete Metabolic Panel, Complete Blood Count, and an Antinuclear Antibody Test. 

[patient] Okay, sounds good.

[doctor] For now, I’m going to prescribe Ibuprofen 200 mg, which you can take orally every 6 hours as needed for the chills and body aches.

[patient] Got it.

[doctor] It’s very important that you stay hydrated and get plenty of rest. I also want to talk about some lifestyle changes.

[patient] Like what?

[doctor] Reducing tobacco and alcohol use will significantly help your overall health, especially with your asthma. I’d also recommend a more balanced diet with more vegetables.

[patient] That makes sense. 

[doctor] I’m going to refer you to a nutritionist for some dietary counseling. Regular physical activity can also improve your health.

[patient] I’ll try to get more active.

[doctor] Great. We’ll schedule a follow-up visit in one week to review your blood work results and reassess your symptoms.

[patient] Okay.

[doctor] One more thing, I want to discuss the potential impact of smoking and heavy drinking on your health. There are resources available for smoking cessation and alcohol reduction that can help.

[patient] I understand. I’ve been thinking about quitting smoking, but it's tough.

[doctor] I know it’s challenging, but we can work on it together. We can start discussing smoking cessation in our subsequent visits.

[patient] Alright, I’m open to that.

[doctor] Excellent. Do you have any other questions or concerns right now?

[patient] Not really. Thank you for the help.

[doctor] You're welcome. Just remember to follow the recommendations and take your medication as prescribed. I'll see you in a week.

[patient] Thanks, Doctor.

[doctor] Take care. Bye.

[patient] Bye."
CHILLS (WITHOUT FEVER)|"ROLE: General Physician

AGE: 38
GENDER: Female
ETHNICITY: Caucasian
SOCIO-ECONOMIC STATUS: Middle Class
EDUCATION LEVEL: University degree
HEALTH LITERACY: High
JOB STATUS: Corporate Manager
GEOGRAPHICAL LOCATION: Urban
NEIGHBORHOOD TYPE: Affluent, Well-served by Transit
CLINICAL SETTING: Private Practice
TYPE OF ENCOUNTER: Initial Consultation
NATIVE OR NON-NATIVE ENGLISH SPEAKING PATIENT: Native English-speaking
TREATMENT DISPARITIES: NA
SYMPTOM DESCRIPTION: 
  - SEVERITY: Moderate
  - DURATION: 3 weeks
  - ASSOCIATED SYMPTOMS: Mild fatigue, occasional headaches, no fever, no weight loss
  - FREQUENCY: 2-3 times a day
  - IMPACT ON DAILY ACTIVITIES: Minor impact, able to continue work with discomfort
MEDICAL HISTORY:
  - PREVIOUS DIAGNOSES: Hypothyroidism
  - FAMILY MEDICAL HISTORY: Father with history of heart disease, mother with type 2 diabetes
  - MEDICATION HISTORY: Currently on Levothyroxine 75 mcg daily
  - ALLERGIES: No known allergies
  - CHRONIC CONDITIONS: Hypothyroidism
PATIENT'S SELF-REPORTED HABITS AND LIFESTYLE:
  - SLEEP: Sleeps 6-7 hours per night, but occasionally wakes up due to chills
  - DIET: Balanced with occasional indulgences
  - EXERCISE: Moderate exercise 3 times a week (yoga and brisk walking)
  - TOBACCO USE: None
  - ALCOHOL CONSUMPTION: Social drinker, about 1-2 glasses of wine per week
  - DRUG USE: None
  - RECREATIONAL ACTIVITIES: Enjoys reading and gardening
PATIENT'S BEHAVIOR: Highly cooperative with medical advice and adherent to prescribed treatments
PHYSICAL EXAMS:
  - CONSTITUTIONAL: Alert and well-appearing, no acute distress
  - NECK: Thyroid not enlarged, no lymphadenopathy
  - CARDIOVASCULAR: Regular rate and rhythm, no murmurs or gallops
  - RESPIRATORY: Lungs clear to auscultation bilaterally
  - ABDOMINAL: Soft, non-tender, no organomegaly
  - NEUROLOGICAL: Alert and oriented, no focal deficits
INVESTIGATION/TEST RESULTS:
  - BLOOD WORK: Ordered for biochemistry (CBC, thyroid function tests), awaiting results
  - IMAGING: NA
MEDICAL OUTCOME:
  - DIAGNOSIS: Chills (without fever)
  - PRESCRIBED TREATMENT: 
    - Medication adjustment: Increased Levothyroxine from 75 mcg to 100 mcg daily, orally
  - FOLLOW-UP RECOMMENDATIONS: Follow-up appointment in 4 weeks to review blood work and thyroid function tests
  - LIFE STYLE CHANGE: Advised to maintain adequate hydration and continue current exercise routine
  - ADDITIONAL TESTING: Awaiting blood work results to rule out other causes of chills"|"#####
CHIEF COMPLAINT

Chills.

HISTORY OF PRESENT ILLNESS

Anna Roberts is a 38-year-old female with a past medical history significant for hypothyroidism, who presents with chills persisting for 3 weeks.

The patient reports experiencing chills 2-3 times a day, accompanied by mild fatigue and occasional headaches. She denies any fever or weight loss. These symptoms have had a minor impact on her daily activities, and she has been able to continue working albeit with some discomfort.

In terms of her hypothyroidism, she has been on Levothyroxine 75 mcg daily, with good adherence to her medication regimen. She sleeps 6-7 hours per night but occasionally wakes up due to chills.

The patient denies any tobacco or drug use and drinks alcohol socially, about 1-2 glasses of wine per week. She engages in moderate exercise, such as yoga and brisk walking, three times a week.

FAMILY MEDICAL HISTORY

• Father with heart disease.
• Mother with type 2 diabetes.

REVIEW OF SYSTEMS

• Constitutional: Denies fevers, weight loss.
• Cardiovascular: Denies chest pain or palpitations.
• Respiratory: Denies shortness of breath or cough.
• Neurological: Endorses occasional headaches, denies any focal deficits.
• Endocrine: Positive for hypothyroidism, reports chills and mild fatigue.

PHYSICAL EXAMINATION

• Constitutional: Alert and well-appearing, no acute distress.
• Neck: Thyroid not enlarged, no lymphadenopathy.
• Cardiovascular: Regular rate and rhythm, no murmurs or gallops.
• Respiratory: Lungs clear to auscultation bilaterally.
• Abdominal: Soft, non-tender, no organomegaly.
• Neurological: Alert and oriented, no focal deficits.

RESULTS

Blood work ordered for CBC and thyroid function tests, results pending.

ASSESSMENT AND PLAN

Anna Roberts is a 38-year-old female with a history of hypothyroidism presenting with chills without fever persisting for 3 weeks.

Chills (without fever).
• Medical Reasoning: Symptoms may be related to suboptimal management of hypothyroidism.
• Additional Testing: Awaiting blood work results including thyroid function tests.
• Medical Treatment: Increase Levothyroxine from 75 mcg to 100 mcg daily.

Patient Management:
• Follow-Up: Schedule a follow-up appointment in 4 weeks to review blood work and thyroid function tests.
• Lifestyle Recommendations: Maintain adequate hydration and continue with current exercise routine.

The patient understands and agrees with the recommended medical treatment plan."|"**1. Subjective:**
Anna Roberts is a 38-year-old female with a past medical history significant for hypothyroidism, who presents with chills persisting for 3 weeks. The patient reports experiencing chills 2-3 times a day, accompanied by mild fatigue and occasional headaches. She denies any fever or weight loss. These symptoms have had a minor impact on her daily activities, and she has been able to continue working albeit with some discomfort. In terms of her hypothyroidism, she has been on Levothyroxine 75 mcg daily, with good adherence to her medication regimen. She sleeps 6-7 hours per night but occasionally wakes up due to chills. The patient denies any tobacco or drug use and drinks alcohol socially, about 1-2 glasses of wine per week. She engages in moderate exercise, such as yoga and brisk walking, three times a week.

**2. Objective:**
- **Physical Examination:**
  - Constitutional: Alert and well-appearing, no acute distress.
  - Neck: Thyroid not enlarged, no lymphadenopathy.
  - Cardiovascular: Regular rate and rhythm, no murmurs or gallops.
  - Respiratory: Lungs clear to auscultation bilaterally.
  - Abdominal: Soft, non-tender, no organomegaly.
  - Neurological: Alert and oriented, no focal deficits.
- **Results:**
  - Blood work ordered for CBC and thyroid function tests, results pending.

**3. Assessment:**
Anna Roberts is a 38-year-old female with a history of hypothyroidism presenting with chills without fever persisting for 3 weeks.
- **Chills (without fever):**
  - Medical Reasoning: Symptoms may be related to suboptimal management of hypothyroidism.

**4. Plan:**
- **Additional Testing:**
  - Awaiting blood work results including thyroid function tests.
- **Medical Treatment:**
  - Increase Levothyroxine from 75 mcg to 100 mcg daily.
- **Patient Management:**
  - Follow-Up: Schedule a follow-up appointment in 4 weeks to review blood work and thyroid function tests.
  - Lifestyle Recommendations: Maintain adequate hydration and continue with current exercise routine."|"**1. Subjective:**
Anna Roberts is a 38 y/o F with PMH significant for hypothyroidism, who presents with chills persisting for 3 wks. Pt reports experiencing chills 2-3x/day, accompanied by mild fatigue and occasional HAs. She denies any fever or weight loss. These symptoms have had a minor impact on her ADLs, and she has been able to continue working albeit with some discomfort. In terms of her hypothyroidism, she has been on Levothyroxine 75 mcg daily, with good adherence to her med regimen. She sleeps 6-7 hrs/night but occasionally wakes up due to chills. Pt denies any tobacco or drug use and drinks ETOH socially, about 1-2 glasses of wine per week. She engages in moderate exercise, such as yoga and brisk walking, 3x/wk.

**2. Objective:**
- **PE:**
  - Constitutional: Alert and well-appearing, NAD.
  - Neck: Thyroid not enlarged, no LAD.
  - CV: RRR, no murmurs or gallops.
  - Resp: Lungs CTA bilaterally.
  - Abd: Soft, NT, no organomegaly.
  - Neuro: A&O, no focal deficits.
- **Results:**
  - Blood work ordered for CBC and TFTs, results pending.

**3. Assessment:**
Anna Roberts is a 38 y/o F with a hx of hypothyroidism presenting with chills without fever persisting for 3 wks.
- **Chills (without fever):**
  - Medical Reasoning: Symptoms may be related to suboptimal mgmt of hypothyroidism.

**4. Plan:**
- **Additional Testing:**
  - Awaiting blood work results including TFTs.
- **Medical Treatment:**
  - Increase Levothyroxine from 75 mcg to 100 mcg daily.
- **Patient Management:**
  - F/U: Schedule a follow-up appt in 4 wks to review blood work and TFTs.
  - Lifestyle Recommendations: Maintain adequate hydration and continue with current exercise routine."|General Physician|"[doctor] Hi Anna, good to see you today. What brings you in?

[patient] Hi doctor. I've been having chills for the past three weeks.

[doctor] Oh, I'm sorry to hear that. Can you tell me more about these chills? How often are they happening?

[patient] I get them about 2-3 times a day. It's really been bothering me.

[doctor] I can imagine. Do you ever get a fever with these chills?

[patient] No, no fever at all.

[doctor] How about any weight loss? Have you noticed any changes there?

[patient] No, my weight has been pretty stable.

[doctor] Okay, that's good to know. What about fatigue? Are you feeling more tired than usual?

[patient] Yeah, I do feel mildly fatigued. It's not overwhelming, but it's there.

[doctor] I see. And any headaches?

[patient] Occasionally, yes. They come and go.

[doctor] Alright, have these symptoms affected your daily activities or work?

[patient] A little bit. I can still work, but it's uncomfortable.

[doctor] I understand. Are you currently taking any medication for your hypothyroidism?

[patient] Yes, I'm on Levothyroxine 75 mcg daily, and I take it regularly.

[doctor] That's good. How are you sleeping? Any issues there?

[patient] I sleep about 6-7 hours a night, but sometimes I wake up because of the chills.

[doctor] Got it. Do you smoke or use any recreational drugs?

[patient] No, I don't use any tobacco or drugs.

[doctor] How about alcohol? Do you drink?

[patient] I drink socially, maybe 1-2 glasses of wine a week.

[doctor] And how about exercise? Do you stay active?

[patient] Yes, I do yoga and brisk walking about three times a week.

[doctor] That's great. Let's talk about your family medical history. Does anyone in your family have any significant health issues?

[patient] Yes, my father has heart disease, and my mother has type 2 diabetes.

[doctor] Thank you for sharing that. Now, I'll run through a quick review of systems. Any chest pain or palpitations?

[patient] No, none at all.

[doctor] Any shortness of breath or cough?

[patient] No, my breathing is fine.

[doctor] Any other neurological symptoms besides the occasional headaches, like dizziness or weakness?

[patient] No, just the headaches.

[doctor] Alright, let's proceed with your physical exam. Please sit up straight and relax. Starting with your neck, I don't see any thyroid enlargement or lymphadenopathy.

[patient] Okay.

[doctor] Your heart rate and rhythm are regular. I don't hear any murmurs or gallops.

[patient] That's good.

[doctor] Listening to your lungs now... they are clear bilaterally.

[patient] Alright.

[doctor] Your abdomen is soft and non-tender. No signs of organ enlargement.

[patient] Okay.

[doctor] And neurologically, you seem alert and oriented. No focal deficits.

[patient] That's a relief.

[doctor] I've ordered some blood work, including a complete blood count and thyroid function tests. We need to wait for those results to come back.

[patient] Okay, how long will that take?

[doctor] It should take a few days. Once we have the results, we can get a better idea of what's going on.

[patient] Alright.

[doctor] Based on your symptoms and history, I suspect your chills might be related to your hypothyroidism. 

[patient] Oh, really?

[doctor] Yes, it’s possible. To manage this, I am going to increase your Levothyroxine dose from 75 mcg to 100 mcg daily.

[patient] Okay, I can do that.

[doctor] We’ll also schedule a follow-up appointment in 4 weeks to review your blood work and thyroid function tests.

[patient] Sounds good.

[doctor] In the meantime, make sure you maintain adequate hydration and continue your current exercise routine.

[patient] Will do.

[doctor] Do you have any questions or concerns about this plan?

[patient] No, I think I understand everything.

[doctor] Great. If you notice any new symptoms or if your chills worsen, please don't hesitate to contact us.

[patient] I will. Thank you, doctor.

[doctor] You’re welcome. Take care and see you in four weeks."|"[doctor] Hi Anna, good to see you today. What brings you in?

[patient] Hi doctor. I've been having chills for the past three weeks.

[doctor] Oh, I'm sorry to hear that. Can you tell me more about these chills? How often are they happening?

[patient] I get them about 2-3 times a day. It's really been bothering me.

[doctor] Hmm, I can imagine. Do you ever get a fever with these chills?

[patient] No, no fever at all.

[doctor] How about any weight loss? Have you noticed any changes there?

[patient] No, my weight has been pretty stable.

[doctor] Okay, that's good to know. What about fatigue? Are you feeling more tired than usual?

[patient] Yeah, I do feel mildly fatigued. It's not overwhelming, but it's there.

[doctor] I see. And any headaches?

[patient] Occasionally, yes. They come and go.

[doctor] Alright, have these symptoms affected your daily activities or work?

[patient] A little bit. I can still work, but it's uncomfortable.

[doctor] I understand. Are you currently taking any medication for your hypothyroidism?

[patient] Yes, I'm on Levothyroxine 75 mcg daily, and I take it regularly.

[doctor] That's good. How are you sleeping? Any issues there?

[patient] I sleep about 6-7 hours a night, but sometimes I wake up because of the chills.

[doctor] Got it. Do you smoke or use any recreational drugs?

[patient] No, I don't use any tobacco or drugs.

[doctor] How about alcohol? Do you drink?

[patient] I drink socially, maybe 1-2 glasses of wine a week.

[doctor] And how about exercise? Do you stay active?

[patient] Yes, I do yoga and brisk walking about three times a week.

[doctor] That's great. Let's talk about your family medical history. Does anyone in your family have any significant health issues?

[patient] Yes, my father has heart disease, and my mother has type 2 diabetes.

[doctor] Thank you for sharing that. Now, I'll run through a quick review of systems. Any chest pain or palpitations?

[patient] No, none at all.

[doctor] Any shortness of breath or cough?

[patient] No, my breathing is fine.

[doctor] Any other neurological symptoms besides the occasional headaches, like dizziness or weakness?

[patient] No, just the headaches.

[doctor] Alright, let's proceed with your physical exam. Please sit up straight and relax. Starting with your neck, I don't see any thyroid enlargement or lymphadenopathy.

[patient] Okay.

[doctor] Your heart rate and rhythm are regular. I don't hear any murmurs or gallops.

[patient] That's good.

[doctor] Listening to your lungs now... they are clear bilaterally.

[patient] Alright.

[doctor] Your abdomen is soft and non-tender. No signs of organ enlargement.

[patient] Okay.

[doctor] And neurologically, you seem alert and oriented. No focal deficits.

[patient] That's a relief.

[doctor] I've ordered some blood work, including a complete blood count and thyroid function tests. We need to wait for those results to come back.

[patient] Okay, how long will that take?

[doctor] It should take a few days. Once we have the results, we can get a better idea of what's going on.

[patient] Alright.

[doctor] Based on your symptoms and history, I suspect your chills might be related to your hypothyroidism. 

[patient] Oh, really?

[doctor] Yes, it’s possible. To manage this, I am going to increase your Levothyroxine dose from 75 mcg to 100 mcg daily.

[patient] Okay, I can do that.

[doctor] We’ll also schedule a follow-up appointment in 4 weeks to review your blood work and thyroid function tests.

[patient] Sounds good.

[doctor] In the meantime, make sure you maintain adequate hydration and continue your current exercise routine.

[patient] Will do.

[doctor] Do you have any questions or concerns about this plan?

[patient] No, I think I understand everything.

[doctor] Great. If you notice any new symptoms or if your chills worsen, please don't hesitate to contact us.

[patient] I will. Thank you, doctor.

[doctor] You’re welcome. Take care and see you in four weeks."
CHILLS (WITHOUT FEVER)|"ROLE: General Physician

** 1) Medical Outcome: **
- Diagnosis: Chills (without fever)
- Follow-up recommendations: 2-week follow-up to monitor symptoms.
- Medication: Prescribe Acetaminophen 500 mg, oral, 1 tablet every 6 hours as needed for discomfort.
- Lifestyle change: Increase fluid intake and rest.

** 2) Medical History: **
- Previous Diagnoses: Pre-diabetes, Hypertension.
- Family Medical History: Mother has Type 2 Diabetes, Father had Hypertension.
- Medication History: Currently on Metformin 500 mg twice a day for pre-diabetes and Lisinopril 10 mg once daily for hypertension.
- Allergies: No known drug allergies.
- Chronic Conditions: Hypertension, Pre-diabetes.

** 3) Symptom Description: **
- Severity: Moderate chills.
- Duration: 4 days.
- Associated Symptoms: Mild headache, slight fatigue.
- Frequency: Continuous but more prominent in the evening and night.
- Impact on Daily Activities: Reduced ability to concentrate at work and participate in recreational activities.

** 4) Patient’s self-reported habits and lifestyle: **
- Sleep: 5-6 hours per night, reports difficulty falling asleep due to chills.
- Diet: Balanced diet with reduced sugar intake.
- Exercise: Light exercise, walking for 30 minutes three times a week.
- Tobacco Use: None.
- Alcohol Consumption: Occasional, 1-2 drinks per month.
- Drug Use: None.
- Recreational Activities: Enjoys reading and gardening.

** 5) Demographic Information: **
- Age: 45
- Gender: Female
- Ethnicity: Hispanic
- Socio-economic Status: Middle class
- Education Level: Bachelor's degree
- Health Literacy: Moderate, understands basic medical concepts.
- Job Status: Full-time high school teacher.

** 6) Patient's Behavior: **
- Cooperative with medical advice, consistently follows prescribed treatment plans.

** 7) Geographical Location: **
- Big City vs Small City: Big City
- Rural vs Urban: Urban
- Pollution and Environmental Health Risks: High pollution levels in the city.
- Neighborhood Type: Affluent, well-served by transit, good access to healthcare facilities.

** 8) Clinical Setting: **
- Private Practice

** 9) Type of Encounter: **
- Initial Consultation

** 10) Treatment Disparities: **
- None noted, patient has good insurance coverage and access to healthcare.

** 11) Native or Non-Native English Speaking Patient: **
- Native English-speaking patient.

** 12) Physical exams: **
- NA

** 13) Investigation/Test results: **
- Ordered blood work: Biochemistry panel to rule out any underlying metabolic issues.
- Awaiting results."|Rejected|Rejected|Rejected|Rejected||
CHILLS (WITHOUT FEVER)|"ROLE: General Physician

** 1) Medical Outcome: **
- Diagnosis: Chills (without fever)
- Follow-up recommendations: 1-week follow-up to monitor symptoms.
- Medication: Prescribe Ibuprofen 400 mg, oral, every 6 hours as needed for discomfort.
- Lifestyle change: Increase fluid intake and rest.

** 2) Medical History: **
- Previous Diagnoses: Asthma, GERD.
- Family Medical History: Father has Type 2 Diabetes, Mother had breast cancer.
- Medication History: Currently on Albuterol inhaler as needed for asthma.
- Allergies: Allergic to Penicillin.
- Chronic Conditions: Asthma, GERD.

** 3) Symptom Description: **
- Severity: Mild to moderate chills.
- Duration: 2 days.
- Associated Symptoms: Mild headache, slight fatigue, slight sore throat.
- Frequency: Intermittent, mostly at night.
- Impact on Daily Activities: Slightly reduced ability to concentrate, especially in the evening.

** 4) Patient’s self-reported habits and lifestyle: **
- Sleep: 6-7 hours per night, somewhat disrupted by chills.
- Diet: Generally healthy, but high in spicy foods.
- Exercise: Regular exercise, running for 30 minutes five times a week.
- Tobacco Use: None.
- Alcohol Consumption: Social drinker, 1-2 glasses of wine per week.
- Drug Use: None.
- Recreational Activities: Enjoys playing the guitar and hiking.

** 5) Demographic Information: **
- Age: 32
- Gender: Male
- Ethnicity: Asian
- Socio-economic Status: Middle class
- Education Level: Master's degree
- Health Literacy: High, understands complex medical information.
- Job Status: Software engineer, works from home.

** 6) Patient's Behavior: **
- Proactive and cooperative with medical advice, adheres to prescribed treatment plans.

** 7) Geographical Location: **
- Big City vs Small City: Big City
- Rural vs Urban: Urban
- Pollution and Environmental Health Risks: Moderate pollution, lives near industrial area.
- Neighborhood Type: Middle-class neighborhood, well-served by transit, good access to healthcare, mild food deserts in nearby areas.

** 8) Clinical Setting: **
- Urgent Care Center

** 9) Type of Encounter: **
- Emergency Visit

** 10) Treatment Disparities: **
- None noted, patient has good insurance coverage and access to healthcare.

** 11) Native or Non-Native English Speaking Patient: **
- Non-Native English-speaking patient, very fluent in English.

** 12) Physical exams: **
- General Physical Examination.

** 13) Investigation/Test results: **
- Ordered blood work: Biochemistry panel to check for electrolyte imbalance, Complete Blood Count (CBC) to rule out infection.
- Ordered imaging: Chest X-ray to screen for any respiratory issues since the patient has asthma.
- Awaiting results."|Rejected|Rejected|Rejected|Rejected||
CHILLS (WITHOUT FEVER)|"ROLE: General Physician

** 1) Medical Outcome: **
- Diagnosis: Chills (without fever)
- Follow-up recommendations: 1-week follow-up for symptom reassessment.
- Medication: Prescribe Paracetamol 500 mg, oral, every 4-6 hours as needed for discomfort.
- Lifestyle change: Increase fluid intake, rest, and avoid exposure to cold environments.

** 2) Medical History: **
- Previous Diagnoses: Hyperlipidemia, Seasonal Allergies.
- Family Medical History: Mother has Hypertension, Father had a stroke at age 70.
- Medication History: Currently on Atorvastatin 20 mg daily for hyperlipidemia and Cetirizine 10 mg daily for allergies.
- Allergies: Allergic to Sulfa drugs.
- Chronic Conditions: Hyperlipidemia, Seasonal Allergies.

** 3) Symptom Description: **
- Severity: Moderate chills.
- Duration: 1 week.
- Associated Symptoms: Mild headache, no fever, no respiratory symptoms.
- Frequency: Occurs mostly at night.
- Impact on Daily Activities: Reduced ability to focus on work during late hours.

** 4) Patient’s self-reported habits and lifestyle: **
- Sleep: Reports 6-8 hours of sleep, disturbed due to chills.
- Diet: Recently started on a low-fat diet.
- Exercise: Exercises very little, mostly sedentary lifestyle.
- Tobacco Use: Smokes 5-6 cigarettes per day.
- Alcohol Consumption: Drinks socially, 2-3 times a week.
- Drug Use: None.
- Recreational Activities: Enjoys watching movies and painting.

** 5) Demographic Information: **
- Age: 58
- Gender: Male
- Ethnicity: African American
- Socio-economic Status: Lower middle-class
- Education Level: High school graduate
- Health Literacy: Low, has trouble understanding complex medical terminologies.
- Job Status: Works as a janitor in an office building.

** 6) Patient's Behavior: **
- Occasionally non-compliant with medical advice, often forgets to take medications on time.

** 7) Geographical Location: **
- Big City vs Small City: Small City
- Rural vs Urban: Urban
- Pollution and Environmental Health Risks: Low pollution, but high pollen count during allergy season.
- Neighborhood Type: Impoverished, limited access to healthy food options, poorly served by public transit.

** 8) Clinical Setting: **
- Community Health Services

** 9) Type of Encounter: **
- Routine Check-up

** 10) Treatment Disparities: **
- Limited access to specialist care due to financial constraints, often opts for over-the-counter medications.

** 11) Native or Non-Native English Speaking Patient: **
- Native English-speaking patient.

** 12) Physical exams: **
- General Physical Examination including auscultation of chest, palpation of lymph nodes, and inspection of the skin.

** 13) Investigation/Test results: **
- Ordered blood work: Complete Blood Count (CBC) to rule out infection, Basic Metabolic Panel (BMP) to check for potential electrolyte imbalances.
- Awaiting results."|Rejected|Rejected|Rejected|Rejected||
CHILLS (WITHOUT FEVER)|"ROLE: Family Medicine Physician

- **Medical Outcome:** Awaiting blood tests; recommendation for lifestyle change, such as improving diet and exercise; advice to increase fluid intake; follow-up in two weeks; referral to endocrinologist if symptoms persist without clear diagnosis.
- **Medical History:** Previous diagnosis of mild hypertension, family history of diabetes and thyroid disorders, current medication includes Lisinopril 10 mg oral tablet once daily.
- **Symptom Description:** Patient reports feeling chills without fever for the past 10 days. The severity is moderate and occurs several times a day, significantly impacting daily activities and causing fatigue.
- **Patient’s self-reported habits and lifestyle:** The patient reports a sedentary lifestyle, irregular diet high in processed foods, sleeps 5-6 hours per night, denies tobacco or drug use, and consumes alcohol socially (1-2 drinks per week).
- **Demographic Information:** 45-year-old female, Caucasian, middle-income, bachelor’s degree, relatively health literate, works as an accountant.
- **Patient's Behavior:** Generally cooperative but expresses difficulty in maintaining prescribed medication adherence due to a busy work schedule.
- **Geographical Location:** Lives in an urban area, well-served by public transportation; neighborhood has moderate air pollution and is not considered a food desert.
- **Clinical Setting:** Community Health Services.
- **Type of Encounter:** Initial Consultation.
- **Treatment Disparities:** NA.
- **Native or Non-Native English Speaking Patient:** Native English speaker.
- **Physical exams:** Full physical exam including vitals, thyroid examination, and heart and lung auscultation.
- **Investigation/Test results:** Blood tests: CBC with differential, thyroid function tests (TSH, Free T4), fasting glucose, Vitamin D levels, and comprehensive metabolic panel. Results awaited."|Rejected|Rejected|Rejected|Rejected||
CHILLS (WITHOUT FEVER)|"ROLE: Family Medicine Physician

** Scenario Variables **

__1) Medical Outcome:__

- Recommended follow-up visit in one week.
- Ordered blood work for biochemistry (Complete Metabolic Panel).
- Prescribed medication: Acetaminophen 500 mg, oral, every 6 hours as needed for chills.

__2) Medical History:__

- Previous Diagnoses: Seasonal allergies, mild hypertension.
- Medication History: Lisinopril 10 mg daily.
- Allergies: None.
- Chronic Conditions: Hypertension.

__3) Symptom Description:__

- Severity: Moderate chills experienced several times a day.
- Duration: 3 days.
- Associated Symptoms: Mild headache, no fever, no significant fatigue.
- Frequency: Intermittent, occurring 4-5 times per day.
- Impact on Daily Activities: Difficulty concentrating at work and disrupted sleep.

__4) Patient’s self-reported habits and lifestyle:__

- Sleep: Generally gets 7-8 hours of sleep, but currently disrupted.
- Diet: Balanced diet with occasional fast food.
- Exercise: Regularly exercises 3 times a week.
- Tobacco Use: None.
- Alcohol Consumption: Social drinking, approximately 2-3 drinks per week.
- Drug Use: None.
- Recreational Activities: Enjoys hiking and reading.

__5) Demographic Information:__

- Age: 45
- Gender: Female
- Ethnicity: Caucasian
- Socio-economic Status: Middle-class
- Education Level: College graduate
- Health Literacy: High
- Job Status: Office Manager

__6) Patient's Behavior:__

- Very cooperative with medical advice.

__7) Geographical Location:__

- Urban
- Pollution and Environmental Health Risks: Moderate pollution.
- Neighborhood Type: Middle-income, well-served by transit, access to grocery stores.

__8) Clinical Setting:__

- Community Health Services

__9) Type of Encounter:__

- Initial Consultation

__10) Treatment Disparities:__

- None

__11) Native or Non-Native English Speaking Patient:__

- Native English Speaking Patient

__12) Physical exams:__

- General Physical Exam: Unremarkable except for mild tachycardia (heart rate 98 bpm).

__13) Investigation/Test results:__

- Awaiting blood work results for Complete Metabolic Panel."|Rejected|Rejected|Rejected|Rejected||
CHILLS (WITHOUT FEVER)|"ROLE: Family Medicine Physician

** Scenario Variables **

__1) Medical Outcome:__

- Recommended follow-up visit in 3 days.
- Ordered blood work for hematology (Complete Blood Count) and thyroid function tests.
- Referral to an endocrinologist for potential thyroid issues, Dr. Jane Stewart.

__2) Medical History:__

- Previous Diagnoses: Hypothyroidism.
- Medication History: Levothyroxine 100 mcg daily.
- Allergies: Penicillin.
- Chronic Conditions: Hypothyroidism.

__3) Symptom Description:__

- Severity: Moderate chills without any fever.
- Duration: 7 days.
- Associated Symptoms: Fatigue, slight weight gain, dry skin.
- Frequency: Chills occurring 3-4 times per day.
- Impact on Daily Activities: Missing some work due to fatigue and disrupted sleep patterns.

__4) Patient’s self-reported habits and lifestyle:__

- Sleep: Poor quality sleep, waking up frequently.
- Diet: Predominantly vegetarian, eats fish occasionally.
- Exercise: Rarely exercises due to fatigue.
- Tobacco Use: Smokes 5 cigarettes per day.
- Alcohol Consumption: Occasionally drinks, 1-2 drinks per week.
- Drug Use: None.
- Recreational Activities: Enjoys knitting and watching TV.

__5) Demographic Information:__

- Age: 60
- Gender: Female
- Ethnicity: African American
- Socio-economic Status: Lower middle class
- Education Level: High school graduate
- Health Literacy: Moderate
- Job Status: Retired Schoolteacher

__6) Patient's Behavior:__

- Generally cooperative with medical advice but has a history of non-adherence to medication.

__7) Geographical Location:__

- Small City
- Pollution and Environmental Health Risks: Low pollution.
- Neighborhood Type: Lower-income, well-served by transit, limited access to healthcare facilities.

__8) Clinical Setting:__

- Private Practice

__9) Type of Encounter:__

- Follow-up for worsening symptoms after initial visit 3 days ago.

__10) Treatment Disparities:__

- Potential for disparities due to socio-economic status but none encountered in this visit.

__11) Native or Non-Native English Speaking Patient:__

- Native English Speaking Patient

__12) Physical exams:__

- Comprehensive physical exam including thyroid palpation—slightly enlarged thyroid noted.

__13) Investigation/Test results:__

- Awaiting blood work results for Complete Blood Count and thyroid function tests."|Rejected|Rejected|Rejected|Rejected||
CHILLS (WITHOUT FEVER)|"ROLE: Family Medicine Physician

** Scenario Variables **

__1) Medical Outcome:__

- Recommended follow-up visit in two weeks.
- Ordered imaging: Thyroid ultrasound.
- Prescribed medication: Metoprolol 25 mg, oral, once daily for palpitations.

__2) Medical History:__

- Previous Diagnoses: Type 2 Diabetes Mellitus.
- Medication History: Metformin 500 mg twice daily.
- Allergies: Sulfa drugs.
- Chronic Conditions: Type 2 Diabetes Mellitus.

__3) Symptom Description:__

- Severity: Moderate chills without any fever.
- Duration: 5 days.
- Associated Symptoms: Mild palpitations, sweating, dizziness.
- Frequency: Chills occurring 2-3 times per day.
- Impact on Daily Activities: Makes it difficult to perform daily activities due to dizziness.

__4) Patient’s self-reported habits and lifestyle:__

- Sleep: Disturbed sleep due to dizziness and palpitations.
- Diet: Balanced diet, adheres to a diabetic meal plan.
- Exercise: Light exercise, walks 30 minutes a day.
- Tobacco Use: None.
- Alcohol Consumption: None.
- Drug Use: None.
- Recreational Activities: Enjoys gardening and attending community events.

__5) Demographic Information:__

- Age: 55
- Gender: Male
- Ethnicity: Hispanic
- Socio-economic Status: Middle class
- Education Level: College graduate
- Health Literacy: High
- Job Status: Accountant

__6) Patient's Behavior:__

- Cooperative with medical advice, adherent to medication regimen.

__7) Geographical Location:__

- Rural
- Pollution and Environmental Health Risks: Low pollution.
- Neighborhood Type: Middle-income, limited access to public transportation.

__8) Clinical Setting:__

- Urgent Care Center

__9) Type of Encounter:__

- Initial Consultation

__10) Treatment Disparities:__

- None.

__11) Native or Non-Native English Speaking Patient:__

- Native English Speaking Patient

__12) Physical exams:__

- Comprehensive physical exam: Slightly elevated heart rate (tachycardia), otherwise unremarkable.

__13) Investigation/Test results:__

- Awaiting thyroid ultrasound results."|Rejected|Rejected|Rejected|Rejected||
