Disease Description|Scenario|Note|Polished Note|Abbreviated Note|Role|dial|polished_dial
PRESENCE OF LEFT ARTIFICIAL SHOULDER JOINT|"ROLE: Orthopedic Surgeon

CHIEF COMPLAINT

Follow-up evaluation of the left artificial shoulder joint.

HISTORY OF PRESENT ILLNESS

John Doe is a 68-year-old male who presents today for a follow-up visit concerning his left artificial shoulder joint, which was implanted 8 months ago. The patient reports mild discomfort and stiffness, especially in the morning, but no acute pain. He has noticed slight clicking sounds when moving his arm. He denies any fevers, swelling, redness, or discharge. He performs daily exercises as recommended by his physical therapist and takes pain medication only occasionally.

PAST MEDICAL HISTORY

1. Osteoarthritis leading to shoulder joint deterioration.
2. Hypertension.
3. Type 2 Diabetes Mellitus.
4. Gastroesophageal reflux disease (GERD).

SOCIAL HISTORY

Alcohol: Drinks occasionally.
Illicit drug use: None.
Tobacco: Former smoker; quit 15 years ago.
Marital Status: Married, with two adult children.
Employment: Retired.

FAMILY HISTORY

Father: Deceased, had hypertension and diabetes.
Mother: Alive, has osteoarthritis.

CURRENT MEDICATIONS

1. Losartan 50 mg, oral, once daily, 30 tablets.
2. Metformin 500 mg, oral, twice daily, 60 tablets.
3. Omeprazole 20 mg, oral, once daily, 30 tablets.
4. Acetaminophen as needed for pain.

ALLERGIES

1. No known drug allergies.

REVIEW OF SYSTEMS

The patient denies fever, chills, weight loss, or gain. Positive for mild stiffness and occasional discomfort in the left shoulder. Negative for significant pain, redness, or swelling.

PHYSICAL EXAM

Vital Signs: Blood pressure 130/85 mmHg; Heart rate 72 bpm; Respiratory rate 16 breaths/minute; Temperature 98.6°F.
Left Shoulder: Inspection reveals no swelling or redness; surgical scar is well-healed. Range of motion is slightly limited. There is a faint clicking sound on movement but no palpable crepitus.

ASSESSMENT

Presence of left artificial shoulder joint with mild discomfort and stiffness.

PLAN

1. Recommend continued physical therapy to maintain and improve range of motion.
2. Order X-ray of the left shoulder to evaluate the position of the prosthetic joint and ensure there are no signs of loosening or other complications.
3. Encourage the patient to continue using acetaminophen as needed for discomfort.
4. Follow-up appointment in 3 months for reassessment.
5. Advising lifestyle management to maintain blood sugar levels and blood pressure within recommended ranges and to avoid potential complications that might affect joint health.

The patient was cooperative and compliant with medical advice. He lives in an urban neighborhood well-served by transit and has good access to healthcare services. He continues to actively participate in both his physical therapy and home exercise routine."|"**Subjective:**

**Chief Complaint (CC):**
Follow-up evaluation of the left artificial shoulder joint.

**History of Present Illness (HPI):**
John Doe is a 68-year-old male who presents today for a follow-up visit concerning his left artificial shoulder joint, which was implanted 8 months ago. The patient reports mild discomfort and stiffness, especially in the morning, but no acute pain. He has noticed slight clicking sounds when moving his arm. He denies any fevers, swelling, redness, or discharge. He performs daily exercises as recommended by his physical therapist and takes pain medication only occasionally.

**Past Medical History:**
1. Osteoarthritis leading to shoulder joint deterioration.
2. Hypertension.
3. Type 2 Diabetes Mellitus.
4. Gastroesophageal reflux disease (GERD).

**Social History:**
Alcohol: Drinks occasionally.
Illicit drug use: None.
Tobacco: Former smoker; quit 15 years ago.
Marital Status: Married, with two adult children.
Employment: Retired.

**Family History:**
Father: Deceased, had hypertension and diabetes.
Mother: Alive, has osteoarthritis.

**Current Medications:**
1. Losartan 50 mg, oral, once daily, 30 tablets.
2. Metformin 500 mg, oral, twice daily, 60 tablets.
3. Omeprazole 20 mg, oral, once daily, 30 tablets.
4. Acetaminophen as needed for pain.

**Allergies:**
No known drug allergies.

**Review of Systems (ROS):**
The patient denies fever, chills, weight loss, or gain. Positive for mild stiffness and occasional discomfort in the left shoulder. Negative for significant pain, redness, or swelling.

**Objective:**

**Vital Signs:**
- Blood Pressure: 130/85 mmHg
- Heart Rate: 72 bpm
- Respiratory Rate: 16 breaths/minute
- Temperature: 98.6°F

**Physical Exam:**
- **Left Shoulder:**
  - Inspection: No swelling or redness; surgical scar is well-healed.
  - Range of Motion: Slightly limited.
  - Auscultation: Faint clicking sound on movement but no palpable crepitus.

**Assessment:**
Presence of left artificial shoulder joint with mild discomfort and stiffness.

**Plan:**
1. Recommend continued physical therapy to maintain and improve range of motion.
2. Order X-ray of the left shoulder to evaluate the position of the prosthetic joint and ensure there are no signs of loosening or other complications.
3. Encourage the patient to continue using acetaminophen as needed for discomfort.
4. Schedule follow-up appointment in 3 months for reassessment.
5. Advising lifestyle management to maintain blood sugar levels and blood pressure within recommended ranges and to avoid potential complications that might affect joint health.

The patient was cooperative and compliant with medical advice. He lives in an urban neighborhood well-served by transit and has good access to healthcare services. He continues to actively participate in both his physical therapy and home exercise routine."|"**Subjective:**

**Chief Complaint (CC):**
Follow-up evaluation of the left artificial shoulder joint.

**History of Present Illness (HPI):**
John Doe is a 68-year-old male who presents today for a follow-up visit concerning his left artificial shoulder joint, which was implanted 8 months ago. The patient reports mild discomfort and stiffness, especially in the morning, but no acute pain. He has noticed slight clicking sounds when moving his arm. He denies any fevers, swelling, redness, or discharge. He performs daily exercises as recommended by his physical therapist and takes pain medication only occasionally.

**Past Medical History:**
1. Osteoarthritis leading to shoulder joint deterioration.
2. Hypertension.
3. Type 2 Diabetes Mellitus.
4. Gastroesophageal reflux disease (GERD).

**Social History:**
Alcohol: Drinks occasionally.
Illicit drug use: None.
Tobacco: Former smoker; quit 15 years ago.
Marital Status: Married, with two adult children.
Employment: Retired.

**Family History:**
Father: Deceased, had hypertension and diabetes.
Mother: Alive, has osteoarthritis.

**Current Medications:**
1. Losartan 50 mg, oral, once daily, 30 tablets.
2. Metformin 500 mg, oral, twice daily, 60 tablets.
3. Omeprazole 20 mg, oral, once daily, 30 tablets.
4. Acetaminophen as needed for pain.

**Allergies:**
No known drug allergies.

**Review of Systems (ROS):**
The patient denies fever, chills, weight loss, or gain. Positive for mild stiffness and occasional discomfort in the left shoulder. Negative for significant pain, redness, or swelling.

**Objective:**

**Vital Signs:**
- Blood Pressure: 130/85 mmHg
- Heart Rate: 72 bpm
- Respiratory Rate: 16 breaths/minute
- Temperature: 98.6°F

**Physical Exam:**
- **Left Shoulder:**
  - Inspection: No swelling or redness; surgical scar is well-healed.
  - Range of Motion: Slightly limited.
  - Auscultation: Faint clicking sound on movement but no palpable crepitus.

**Assessment:**
Presence of left artificial shoulder joint with mild discomfort and stiffness.

**Plan:**
1. Recommend continued physical therapy to maintain and improve range of motion.
2. Order X-ray of the left shoulder to evaluate the position of the prosthetic joint and ensure there are no signs of loosening or other complications.
3. Encourage the patient to continue using acetaminophen as needed for discomfort.
4. Schedule follow-up appointment in 3 months for reassessment.
5. Advise lifestyle management to maintain blood sugar levels and blood pressure within recommended ranges and to avoid potential complications that might affect joint health.

The patient was cooperative and compliant with medical advice. He lives in an urban neighborhood well-served by transit and has good access to healthcare services. He continues to actively participate in both his physical therapy and home exercise routine."|"**Subjective:**

**CC:**
F/U eval of L artificial shoulder jt.

**HPI:**
John Doe is a 68 y/o M who presents today for F/U visit concerning his L artificial shoulder jt, implanted 8 mos ago. Pt reports mild discomfort and stiffness, especially in the AM, but no acute pain. He has noticed slight clicking sounds when moving his arm. Denies fevers, swelling, redness, or discharge. Performs daily exercises as recommended by PT and takes pain meds only occasionally.

**PMH:**
1. OA leading to shoulder jt deterioration.
2. HTN.
3. T2DM.
4. GERD.

**SH:**
EtOH: Drinks occasionally.
Illicit drug use: None.
Tob: Former smoker; quit 15 yrs ago.
Marital Status: Married, with 2 adult children.
Employment: Retired.

**FH:**
Father: Deceased, had HTN and DM.
Mother: Alive, has OA.

**Current Meds:**
1. Losartan 50 mg PO QD, 30 tabs.
2. Metformin 500 mg PO BID, 60 tabs.
3. Omeprazole 20 mg PO QD, 30 tabs.
4. Acetaminophen PRN for pain.

**Allergies:**
NKDA.

**ROS:**
Denies fever, chills, weight loss, or gain. Positive for mild stiffness and occasional discomfort in L shoulder. Negative for significant pain, redness, or swelling.

**Objective:**

**VS:**
- BP: 130/85 mmHg
- HR: 72 bpm
- RR: 16 breaths/min
- Temp: 98.6°F

**PE:**
- **L Shoulder:**
  - Inspection: No swelling or redness; surgical scar is well-healed.
  - ROM: Slightly limited.
  - Auscultation: Faint clicking sound on movement but no palpable crepitus.

**Assessment:**
Presence of L artificial shoulder jt with mild discomfort and stiffness.

**Plan:**
1. Recommend continued PT to maintain and improve ROM.
2. Order X-ray of L shoulder to eval position of prosthetic jt and ensure no signs of loosening or other complications.
3. Encourage pt to continue using acetaminophen PRN for discomfort.
4. Schedule F/U appt in 3 mos for reassessment.
5. Advise lifestyle mgmt to maintain blood sugar levels and BP within recommended ranges and to avoid potential complications that might affect jt health.

Pt was cooperative and compliant with medical advice. Lives in an urban neighborhood well-served by transit and has good access to healthcare services. Continues to actively participate in both PT and home exercise routine."|Orthopedic Surgeon|"**Conversation:**

**Doctor:** Hello, good morning! How are you doing today?

**Patient:** Good morning, doctor. I'm doing alright, thank you.

**Doctor:** Great to hear. So, you’re here for a follow-up on your left artificial shoulder joint, correct?

**Patient:** Yes, that's right.

**Doctor:** How has your shoulder been feeling since the surgery 8 months ago?

**Patient:** It's mostly okay. I have some mild discomfort and stiffness, especially in the morning, but no acute pain. 

**Doctor:** Hmm, I see. Have you noticed any other symptoms like fevers, swelling, redness, or discharge?

**Patient:** No, none of those.

**Doctor:** What about any sounds or sensations when you move your arm?

**Patient:** Yes, there’s a slight clicking sound when I move it.

**Doctor:** Alright. Are you still performing your daily exercises as recommended by your physical therapist?

**Patient:** Yes, I do them every day.

**Doctor:** And how often are you taking pain medication?

**Patient:** Only occasionally, when the discomfort gets a bit too much.

**Doctor:** That’s good to know. Let's review your past medical history for a moment. 

**Patient:** Sure.

**Doctor:** You have osteoarthritis which led to the deterioration of your shoulder joint, correct?

**Patient:** Yes, that’s right.

**Doctor:** And you also have hypertension, type 2 diabetes mellitus, and gastroesophageal reflux disease, right?

**Patient:** Yes, all of those.

**Doctor:** Okay, now let's talk about your social history. Do you drink alcohol?

**Patient:** Occasionally, yes.

**Doctor:** Any illicit drug use?

**Patient:** No, never.

**Doctor:** And you used to smoke but quit 15 years ago, correct?

**Patient:** Yes, that's correct.

**Doctor:** Alright, and you’re married with two adult children?

**Patient:** Yes, I am.

**Doctor:** Are you currently working?

**Patient:** No, I’m retired.

**Doctor:** Great. Now, regarding your family history, your father had hypertension and diabetes, and your mother has osteoarthritis, right?

**Patient:** Yes, that’s right.

**Doctor:** Let’s go over your current medications. You’re taking Losartan 50 mg once daily, Metformin 500 mg twice daily, Omeprazole 20 mg once daily, and Acetaminophen as needed for pain. Is that correct?

**Patient:** Yes, that’s accurate.

**Doctor:** Do you have any known drug allergies?

**Patient:** No, I don’t have any drug allergies.

**Doctor:** Alright, let’s do a quick review of systems. Have you experienced any fever, chills, weight loss, or weight gain?

**Patient:** No, none of those.

**Doctor:** Any significant pain, redness, or swelling in the left shoulder?

**Patient:** No, just mild stiffness and occasional discomfort.

**Doctor:** Okay, let’s check your vital signs now. Your blood pressure today is 130/85 mmHg, heart rate is 72 bpm, respiratory rate is 16 breaths per minute, and your temperature is 98.6°F. Everything looks stable.

**Patient:** That’s good to hear.

**Doctor:** Now, let’s do a physical exam of your left shoulder. There’s no swelling or redness, and your surgical scar is well-healed. How does it feel when I move your arm?

**Patient:** It’s a bit stiff, but not too bad.

**Doctor:** There’s a faint clicking sound when you move it, but no palpable crepitus. Your range of motion is slightly limited.

**Patient:** Okay.

**Doctor:** Based on your symptoms and the physical exam, it seems like your left artificial shoulder joint is doing fairly well, but we should take some precautions.

**Patient:** What should I do?

**Doctor:** First, I recommend you continue with physical therapy to maintain and improve your range of motion.

**Patient:** Sure, I can do that.

**Doctor:** I’m also going to order an X-ray of your left shoulder to evaluate the position of the prosthetic joint and ensure there are no signs of loosening or other complications.

**Patient:** That sounds good.

**Doctor:** Continue using Acetaminophen as needed for discomfort.

**Patient:** Will do.

**Doctor:** We’ll schedule a follow-up appointment in 3 months for reassessment.

**Patient:** Okay, I’ll make sure to come back.

**Doctor:** Additionally, it’s important to manage your lifestyle to keep your blood sugar levels and blood pressure within recommended ranges. This will help avoid potential complications that might affect your joint health.

**Patient:** I understand. I’ll keep working on that.

**Doctor:** Excellent. It sounds like you’re doing a good job staying active and following your home exercise routine.

**Patient:** Thank you, doctor.

**Doctor:** Do you have any other concerns or questions today?

**Patient:** No, I think that covers everything.

**Doctor:** Alright then. Stay on track with your physical therapy and medications, and we’ll see you in three months.

**Patient:** Thank you, doctor. I appreciate it.

**Doctor:** You’re welcome. Take care!

**Patient:** You too. Goodbye!"|"[doctor]: Hello, good morning! How are you doing today?

[patient]: Good morning, doctor. I'm doing alright, thank you.

[doctor]: Great to hear. So, you’re here for a follow-up on your left artificial shoulder joint, correct?

[patient]: Yes, that's right.

[doctor]: How has your shoulder been feeling since the surgery 8 months ago?

[patient]: It's mostly okay. I have some mild discomfort and stiffness, especially in the morning, but no acute pain. 

[doctor]: Hmm, I see. Have you noticed any other symptoms like fevers, swelling, redness, or discharge?

[patient]: No, none of those.

[doctor]: What about any sounds or sensations when you move your arm?

[patient]: Yes, there’s a slight clicking sound when I move it.

[doctor]: Alright. Are you still performing your daily exercises as recommended by your physical therapist?

[patient]: Yes, I do them every day.

[doctor]: And how often are you taking pain medication?

[patient]: Only occasionally, when the discomfort gets a bit too much.

[doctor]: That’s good to know. Let's review your past medical history for a moment. 

[patient]: Sure.

[doctor]: You have osteoarthritis which led to the deterioration of your shoulder joint, correct?

[patient]: Yes, that’s right.

[doctor]: And you also have hypertension, type 2 diabetes mellitus, and gastroesophageal reflux disease, right?

[patient]: Yes, all of those.

[doctor]: Okay, now let's talk about your social history. Do you drink alcohol?

[patient]: Occasionally, yes.

[doctor]: Any illicit drug use?

[patient]: No, never.

[doctor]: And you used to smoke but quit 15 years ago, correct?

[patient]: Yes, that's correct.

[doctor]: Alright, and you’re married with two adult children?

[patient]: Yes, I am.

[doctor]: Are you currently working?

[patient]: No, I’m retired.

[doctor]: Great. Now, regarding your family history, your father had hypertension and diabetes, and your mother has osteoarthritis, right?

[patient]: Yes, that’s right.

[doctor]: Let’s go over your current medications. You’re taking Losartan 50 mg once daily, Metformin 500 mg twice daily, Omeprazole 20 mg once daily, and Acetaminophen as needed for pain. Is that correct?

[patient]: Yes, that’s accurate.

[doctor]: Do you have any known drug allergies?

[patient]: No, I don’t have any drug allergies.

[doctor]: Alright, let’s do a quick review of systems. Have you experienced any fever, chills, weight loss, or weight gain?

[patient]: No, none of those.

[doctor]: Any significant pain, redness, or swelling in the left shoulder?

[patient]: No, just mild stiffness and occasional discomfort.

[doctor]: Okay, let’s check your vital signs now. Your blood pressure today is 130/85 mmHg, heart rate is 72 bpm, respiratory rate is 16 breaths per minute, and your temperature is 98.6°F. Everything looks stable.

[patient]: That’s good to hear.

[doctor]: Now, let’s do a physical exam of your left shoulder. There’s no swelling or redness, and your surgical scar is well-healed. How does it feel when I move your arm?

[patient]: It’s a bit stiff, but not too bad.

[doctor]: There’s a faint clicking sound when you move it, but no palpable crepitus. Your range of motion is slightly limited.

[patient]: Okay.

[doctor]: Based on your symptoms and the physical exam, it seems like your left artificial shoulder joint is doing fairly well, but we should take some precautions.

[patient]: What should I do?

[doctor]: First, I recommend you continue with physical therapy to maintain and improve your range of motion.

[patient]: Sure, I can do that.

[doctor]: I’m also going to order an X-ray of your left shoulder to evaluate the position of the prosthetic joint and ensure there are no signs of loosening or other complications.

[patient]: That sounds good.

[doctor]: Continue using Acetaminophen as needed for discomfort.

[patient]: Will do.

[doctor]: We’ll schedule a follow-up appointment in 3 months for reassessment.

[patient]: Okay, I’ll make sure to come back.

[doctor]: Additionally, it’s important to manage your lifestyle to keep your blood sugar levels and blood pressure within recommended ranges. This will help avoid potential complications that might affect your joint health.

[patient]: I understand. I’ll keep working on that.

[doctor]: Excellent. It sounds like you’re doing a good job staying active and following your home exercise routine.

[patient]: Thank you, doctor.

[doctor]: Do you have any other concerns or questions today?

[patient]: No, I think that covers everything.

[doctor]: Alright then. Stay on track with your physical therapy and medications, and we’ll see you in three months.

[patient]: Thank you, doctor. I appreciate it.

[doctor]: You’re welcome. Take care!

[patient]: You too. Goodbye!"
PRESENCE OF LEFT ARTIFICIAL SHOULDER JOINT|"ROLE: Family Medicine Physician

**1) Medical Outcome:**
- Follow-up recommendations: Follow-up in 4 weeks to review progress and reassess.
- Referral: Referral to an orthopedic surgeon for a detailed evaluation of the artificial joint.
- Blood Work: Ordered Complete Blood Count (CBC) to check for infection markers.
- Medication: Prescribed Tramadol 50 mg, oral, every 6 hours as needed for moderate to severe pain (quantity: 30 tablets).

**2) Medical History:**
- Previous Diagnoses: Rheumatoid arthritis, Total Left Shoulder Arthroplasty.
- Family Medical History: Family history of rheumatoid arthritis and hypertension.
- Medication History: Methotrexate 10 mg, oral, once weekly for rheumatoid arthritis.
- Allergies: Allergic to penicillin.
- Chronic Conditions: Asthma managed with inhaler.

**3) Symptom Description:**
- Severity: Severe pain.
- Duration: Persistent for the past two months.
- Associated Symptoms: Redness, warmth, occasional fever.
- Frequency: Daily.
- Impact on Daily Activities: Unable to perform tasks requiring lifting or moving the shoulder.

**4) Patient’s self-reported habits and lifestyle:**
- Sleep: Poor due to pain; wakes up several times a night.
- Diet: Uncontrolled, high in processed foods due to limited access to fresh produce.
- Exercise: None currently due to pain.
- Tobacco Use: Current smoker, 1 pack per day for the last 20 years.
- Alcohol Consumption: Heavy use, 3-4 drinks daily.
- Drug Use: Occasional use of marijuana for pain relief.
- Recreational Activities: Limited due to pain, previously enjoyed fishing.

**5) Demographic Information:**
- Age: 45
- Gender: Female
- Ethnicity: Hispanic
- Socio-economic Status: Lower-income
- Education Level: Partial high school, not completed.
- Health Literacy: Low, struggles to understand complex medical instructions.
- Job Status: Unemployed, previously worked as a manual laborer.

**6) Patient's Behavior:**
- The level of patient's cooperation with medical advice: Non-compliant, has missed several follow-up appointments and is inconsistent with medication adherence.

**7) Geographical Location:**
- Rural
- High levels of environmental allergens due to local agriculture.
- Neighborhood Type: Impoverished, limited healthcare access, high crime rate.

**8) Clinical Setting:**
- Urgent Care Center

**9) Type of Encounter:**
- Emergency Visit due to severe increase in pain and fever.

**10) Treatment Disparities:**
- The patient has experienced treatment disparities due to limited access to care, financial constraints, and language barriers.

**11) Native or Non-Native English Speaking Patient:**
- Non-Native English speaker, primarily Spanish-speaking, requiring a medical interpreter.

**12) Physical exams:**
- Left shoulder examination: Inspection reveals significant redness, warmth, and swelling. Palpation is extremely painful with marked tenderness. Range of motion is severely limited due to pain.

**13) Investigation/Test results:**
- Awaiting results of Complete Blood Count (CBC) to check for infection markers. Ordered emergency MRI of the left shoulder to evaluate the artificial joint for possible complications."|"#####
**1. Subjective:**

**Chief Complaint (CC):**
Severe left shoulder pain with associated redness, warmth, and occasional fever.

**History of Present Illness (HPI):**
Maria Gonzalez is a 45-year-old Hispanic female with a past medical history significant for rheumatoid arthritis and total left shoulder arthroplasty. She presents to the urgent care center for an emergency visit due to a severe increase in pain in her left shoulder over the past two months. The pain has been persistent, severe in nature, and impacts her ability to perform daily tasks that require lifting or moving her shoulder. She reports associated symptoms of redness, warmth, and occasional fever.

She states that her pain is so severe that it wakes her up several times a night, leading to poor sleep quality. Due to the pain, she has been unable to engage in any physical exercise.

**Review of Systems (ROS):**
- Musculoskeletal: Reports severe left shoulder pain, redness, warmth, and swelling. 
- General: Reports occasional fever.
- Respiratory: Denies shortness of breath.
- Gastrointestinal: Denies nausea or vomiting.
- Cardiovascular: Denies chest pain or palpitations.
- Psychological: Reports difficulty sleeping due to pain and distress.

**2. Objective:**

**Vital Signs:**
- Blood Pressure: 142/90 mmHg
- Heart Rate: 88 bpm
- Respiratory Rate: 18 breaths per minute
- Temperature: 38.2°C (100.8°F)

**Physical Examination:**
- General: Alert, in obvious distress due to pain.
- Left Shoulder Examination: 
    - Inspection: Significant redness and warmth.
    - Palpation: Marked tenderness and extreme pain.
    - Range of Motion: Severely limited due to pain.
- Respiratory: Clear to auscultation bilaterally.
- Cardiovascular: Regular rate and rhythm, no murmurs, rubs, or gallops.
- Gastrointestinal: Soft, non-tender, non-distended.
- Neurological: Grossly intact.

**Test Results:**
- Ordered: Complete Blood Count (CBC) to check for infection markers, emergency MRI of the left shoulder to evaluate the artificial joint for possible complications.

**3. Assessment:**

Maria Gonzalez is a 45-year-old Hispanic female with a significant past medical history of rheumatoid arthritis and total left shoulder arthroplasty who presents with severe left shoulder pain, redness, warmth, and occasional fever for the past two months. Given the clinical presentation and her symptoms, differential diagnoses include:

1. Acute prosthetic joint infection.
2. Rheumatoid arthritis flare.
3. Septic arthritis.

**4. Plan:**

**Treatment:**
- Prescribed Tramadol 50 mg, oral, every 6 hours as needed for moderate to severe pain (quantity: 30 tablets).

**Investigations:**
- Complete Blood Count (CBC) to check for infection markers.
- Emergency MRI of the left shoulder to evaluate the artificial joint for possible complications.

**Referrals:**
- Referral to an orthopedic surgeon for a detailed evaluation of the artificial joint.

**Follow-up and Monitoring:**
- Follow-up in 4 weeks to review progress and reassess.

**Patient Education and Counseling:**
- Discussed the importance of medication adherence, especially the Methotrexate for rheumatoid arthritis.
- Advised on lifestyle modifications including dietary changes to reduce processed food intake and to cease smoking.
- Provided resources for smoking cessation and alcohol use reduction programs.
- Emphasized the need for follow-up appointments.

**Language and Communication:**
- Provided all instructions and education through a medical interpreter in Spanish to ensure understanding.

The patient understands and agrees with the recommended medical treatment plan.

#####"|"#####
**1. Subjective:**

**Chief Complaint (CC):**
Severe left shoulder pain with associated redness, warmth, and occasional fever.

**History of Present Illness (HPI):**
Maria Gonzalez is a 45-year-old Hispanic female with a past medical history significant for rheumatoid arthritis and total left shoulder arthroplasty. She presents to the urgent care center for an emergency visit due to a severe increase in pain in her left shoulder over the past two months. The pain has been persistent, severe in nature, and impacts her ability to perform daily tasks that require lifting or moving her shoulder. She reports associated symptoms of redness, warmth, and occasional fever.

She states that her pain is so severe that it wakes her up several times a night, leading to poor sleep quality. Due to the pain, she has been unable to engage in any physical exercise.

**Review of Systems (ROS):**
- Musculoskeletal: Reports severe left shoulder pain, redness, warmth, and swelling. 
- General: Reports occasional fever.
- Respiratory: Denies shortness of breath.
- Gastrointestinal: Denies nausea or vomiting.
- Cardiovascular: Denies chest pain or palpitations.
- Psychological: Reports difficulty sleeping due to pain and distress.

**2. Objective:**

**Vital Signs:**
- Blood Pressure: 142/90 mmHg
- Heart Rate: 88 bpm
- Respiratory Rate: 18 breaths per minute
- Temperature: 38.2°C (100.8°F)

**Physical Examination:**
- General: Alert, in obvious distress due to pain.
- Left Shoulder Examination: 
    - Inspection: Significant redness and warmth.
    - Palpation: Marked tenderness and extreme pain.
    - Range of Motion: Severely limited due to pain.
- Respiratory: Clear to auscultation bilaterally.
- Cardiovascular: Regular rate and rhythm, no murmurs, rubs, or gallops.
- Gastrointestinal: Soft, non-tender, non-distended.
- Neurological: Grossly intact.

**3. Assessment:**

Maria Gonzalez is a 45-year-old Hispanic female with a significant past medical history of rheumatoid arthritis and total left shoulder arthroplasty who presents with severe left shoulder pain, redness, warmth, and occasional fever for the past two months. Given the clinical presentation and her symptoms, differential diagnoses include:

1. Acute prosthetic joint infection.
2. Rheumatoid arthritis flare.
3. Septic arthritis.

**4. Plan:**

**Treatment:**
- Prescribed Tramadol 50 mg, oral, every 6 hours as needed for moderate to severe pain (quantity: 30 tablets).

**Investigations:**
- Complete Blood Count (CBC) to check for infection markers.
- Emergency MRI of the left shoulder to evaluate the artificial joint for possible complications.

**Referrals:**
- Referral to an orthopedic surgeon, Dr. John Smith, for a detailed evaluation of the artificial joint due to suspected prosthetic joint infection.

**Follow-up and Monitoring:**
- Follow-up in 4 weeks to review progress and reassess.

**Patient Education and Counseling:**
- Discussed the importance of medication adherence, especially the Methotrexate for rheumatoid arthritis.
- Advised on lifestyle modifications including dietary changes to reduce processed food intake and to cease smoking.
- Provided resources for smoking cessation and alcohol use reduction programs.
- Emphasized the need for follow-up appointments.

**Language and Communication:**
- Provided all instructions and education through a medical interpreter in Spanish to ensure understanding.

The patient understands and agrees with the recommended medical treatment plan."|"#####
**1. Subjective:**

**CC:**
Severe L shoulder pain with assoc. redness, warmth, and occasional fever.

**HPI:**
Maria Gonzalez is a 45 y/o Hispanic F with PMH significant for RA and total L shoulder arthroplasty. She presents to the UC for an emergency visit due to a severe increase in pain in her L shoulder over the past 2 months. The pain has been persistent, severe in nature, and impacts her ability to perform ADLs that require lifting or moving her shoulder. She reports assoc. symptoms of redness, warmth, and occasional fever.

She states that her pain is so severe that it wakes her up several times a night, leading to poor sleep quality. Due to the pain, she has been unable to engage in any physical exercise.

**ROS:**
- MSK: Reports severe L shoulder pain, redness, warmth, and swelling. 
- Gen: Reports occasional fever.
- Resp: Denies SOB.
- GI: Denies N/V.
- CV: Denies CP or palpitations.
- Psych: Reports difficulty sleeping due to pain and distress.

**2. Objective:**

**VS:**
- BP: 142/90 mmHg
- HR: 88 bpm
- RR: 18 bpm
- Temp: 38.2°C (100.8°F)

**PE:**
- Gen: Alert, in obvious distress due to pain.
- L Shoulder Exam: 
    - Inspection: Significant redness and warmth.
    - Palpation: Marked tenderness and extreme pain.
    - ROM: Severely limited due to pain.
- Resp: Clear to auscultation bilaterally.
- CV: RRR, no murmurs, rubs, or gallops.
- GI: Soft, non-tender, non-distended.
- Neuro: Grossly intact.

**3. Assessment:**

Maria Gonzalez is a 45 y/o Hispanic F with a significant PMH of RA and total L shoulder arthroplasty who presents with severe L shoulder pain, redness, warmth, and occasional fever for the past 2 months. Given the clinical presentation and her symptoms, differential diagnoses include:

1. Acute PJI.
2. RA flare.
3. Septic arthritis.

**4. Plan:**

**Tx:**
- Rx'ed Tramadol 50 mg PO q6h PRN for moderate to severe pain (qty: 30 tabs).

**Investigations:**
- CBC to check for infection markers.
- Emergency MRI of the L shoulder to eval the artificial joint for possible complications.

**Referrals:**
- Referral to ortho, Dr. John Smith, for a detailed eval of the artificial joint due to suspected PJI.

**F/U and Monitoring:**
- F/U in 4 weeks to review progress and reassess.

**Pt Education and Counseling:**
- Discussed the importance of med adherence, especially the Methotrexate for RA.
- Advised on lifestyle modifications including dietary changes to reduce processed food intake and to cease smoking.
- Provided resources for smoking cessation and alcohol use reduction programs.
- Emphasized the need for F/U appointments.

**Language and Communication:**
- Provided all instructions and education through a med interpreter in Spanish to ensure understanding.

The pt understands and agrees with the recommended med tx plan."|Family Medicine Physician|"#####
**Doctor:** Hi Maria, how are you today?

**Patient:** Hello, Doctor. To be honest, I'm in a lot of pain.

**Doctor:** I'm sorry to hear that. I see you're here because of severe left shoulder pain. Can you tell me more about it?

**Patient:** Yes, my left shoulder has been hurting a lot for the past two months. It’s so bad that I wake up several times at night.

**Doctor:** That sounds very painful. What else have you noticed about your shoulder?

**Patient:** It's red and warm to the touch. Sometimes I even get a fever.

**Doctor:** Hmm, I see. Has the pain affected your daily activities?

**Patient:** Yes, I can't lift or move my shoulder properly. I can’t even do simple tasks around the house.

**Doctor:** Have you been able to exercise at all?

**Patient:** No, the pain is too much. I haven’t been able to do any physical activities.

**Doctor:** That must be very frustrating. How has this affected your sleep?

**Patient:** I can barely sleep. The pain wakes me up multiple times a night.

**Doctor:** I understand. Let's review your overall health. Have you experienced any shortness of breath?

**Patient:** No, I haven’t had any issues with breathing.

**Doctor:** What about nausea or vomiting?

**Patient:** No, none of that either.

**Doctor:** Any chest pain or palpitations?

**Patient:** No, my heart feels fine.

**Doctor:** And how about your psychological well-being? Have you been feeling distressed?

**Patient:** Yes, the pain and lack of sleep are making me very distressed.

**Doctor:** I can imagine. Do you have any other medical conditions we should be aware of?

**Patient:** I have rheumatoid arthritis, and I had a total shoulder replacement on this same shoulder.

**Doctor:** I see. Have you had any recent infections or illnesses?

**Patient:** No, nothing like that.

**Doctor:** Okay. Let me take a look at your shoulder. Your blood pressure is 142/90 mmHg, heart rate is 88 bpm, respiratory rate is 18 breaths per minute, and your temperature is 38.2°C (100.8°F).

**Patient:** Alright.

**Doctor:** I'm going to inspect your shoulder now. I see significant redness and warmth. Let me palpate it. Does this hurt?

**Patient:** Yes, it’s very tender and painful.

**Doctor:** I can tell. Your range of motion is severely limited because of the pain. Let's listen to your lungs. They sound clear. Your heart has a regular rate and rhythm, no murmurs, rubs, or gallops. Your abdomen is soft, non-tender, and non-distended. Neurologically, everything seems intact.

**Patient:** Okay.

**Doctor:** Given your symptoms and medical history, we need to check for possible infection or complications with your shoulder joint. I'll order a Complete Blood Count (CBC) to check for infection markers and an emergency MRI of your left shoulder to evaluate the artificial joint.

**Patient:** That sounds good. What do you think it might be?

**Doctor:** It could be an acute prosthetic joint infection, a rheumatoid arthritis flare, or septic arthritis. We need the tests to be sure.

**Patient:** Alright, I understand.

**Doctor:** In the meantime, I'll prescribe Tramadol 50 mg to help manage your pain. Take one tablet every six hours as needed.

**Patient:** Thank you, Doctor.

**Doctor:** I’ll also refer you to an orthopedic surgeon for a detailed evaluation of your artificial joint.

**Patient:** Okay, when will I see them?

**Doctor:** We’ll arrange that soon. Also, I’d like you to follow up in 4 weeks so we can review your progress.

**Patient:** Got it.

**Doctor:** It’s important that you adhere to your medication, especially Methotrexate for your rheumatoid arthritis. Also, consider making some lifestyle changes, like reducing processed food intake and quitting smoking.

**Patient:** I’ll try my best.

**Doctor:** We have resources to help you with smoking cessation and reducing alcohol use, if needed.

**Patient:** That would be helpful, thank you.

**Doctor:** And remember to come for your follow-up appointments.

**Patient:** I will, Doctor.

**Doctor:** We’ll provide all these instructions in Spanish through a medical interpreter to ensure you understand everything.

**Patient:** That’s very helpful, thank you.

**Doctor:** You’re welcome. Take care, Maria. We’ll see you soon for the tests and follow-up.

**Patient:** Thank you, Doctor. I appreciate it.

#####
"|"[doctor]: Hi Maria, how are you today?

[patient]: Hello, Doctor. To be honest, I'm in a lot of pain.

[doctor]: I'm sorry to hear that. I see you're here because of severe left shoulder pain. Can you tell me more about it?

[patient]: Yes, my left shoulder has been hurting a lot for the past two months. It’s so bad that I wake up several times at night.

[doctor]: That sounds very painful. What else have you noticed about your shoulder?

[patient]: It's red and warm to the touch. Sometimes I even get a fever.

[doctor]: Hmm, I see. Has the pain affected your daily activities?

[patient]: Yes, I can't lift or move my shoulder properly. I can’t even do simple tasks around the house.

[doctor]: Have you been able to exercise at all?

[patient]: No, the pain is too much. I haven’t been able to do any physical activities.

[doctor]: That must be very frustrating. How has this affected your sleep?

[patient]: I can barely sleep. The pain wakes me up multiple times a night.

[doctor]: I understand. Let's review your overall health. Have you experienced any shortness of breath?

[patient]: No, I haven’t had any issues with breathing.

[doctor]: What about nausea or vomiting?

[patient]: No, none of that either.

[doctor]: Any chest pain or palpitations?

[patient]: No, my heart feels fine.

[doctor]: And how about your psychological well-being? Have you been feeling distressed?

[patient]: Yes, the pain and lack of sleep are making me very distressed.

[doctor]: I can imagine. Do you have any other medical conditions we should be aware of?

[patient]: I have rheumatoid arthritis, and I had a total shoulder replacement on this same shoulder.

[doctor]: I see. Have you had any recent infections or illnesses?

[patient]: No, nothing like that.

[doctor]: Okay. Let me take a look at your shoulder. Your blood pressure is 142/90 mmHg, heart rate is 88 bpm, respiratory rate is 18 breaths per minute, and your temperature is 38.2°C (100.8°F).

[patient]: Alright.

[doctor]: I'm going to inspect your shoulder now. I see significant redness and warmth. Let me palpate it. Does this hurt?

[patient]: Yes, it’s very tender and painful.

[doctor]: I can tell. Your range of motion is severely limited because of the pain. Let's listen to your lungs. They sound clear. Your heart has a regular rate and rhythm, no murmurs, rubs, or gallops. Your abdomen is soft, non-tender, and non-distended. Neurologically, everything seems intact.

[patient]: Okay.

[doctor]: Given your symptoms and medical history, we need to check for possible infection or complications with your shoulder joint. I'll order a Complete Blood Count (CBC) to check for infection markers and an emergency MRI of your left shoulder to evaluate the artificial joint.

[patient]: That sounds good. What do you think it might be?

[doctor]: It could be an acute prosthetic joint infection, a rheumatoid arthritis flare, or septic arthritis. We need the tests to be sure.

[patient]: Alright, I understand.

[doctor]: In the meantime, I'll prescribe Tramadol 50 mg to help manage your pain. Take one tablet every six hours as needed.

[patient]: Thank you, Doctor.

[doctor]: I’ll also refer you to an orthopedic surgeon for a detailed evaluation of your artificial joint.

[patient]: Okay, when will I see them?

[doctor]: We’ll arrange that soon. Also, I’d like you to follow up in 4 weeks so we can review your progress.

[patient]: Got it.

[doctor]: It’s important that you adhere to your medication, especially Methotrexate for your rheumatoid arthritis. Also, consider making some lifestyle changes, like reducing processed food intake and quitting smoking.

[patient]: I’ll try my best.

[doctor]: We have resources to help you with smoking cessation and reducing alcohol use, if needed.

[patient]: That would be helpful, thank you.

[doctor]: And remember to come for your follow-up appointments.

[patient]: I will, Doctor.

[doctor]: We’ll provide all these instructions in Spanish through a medical interpreter to ensure you understand everything.

[patient]: That’s very helpful, thank you.

[doctor]: You’re welcome. Take care, Maria. We’ll see you soon for the tests and follow-up.

[patient]: Thank you, Doctor. I appreciate it."
PRESENCE OF LEFT ARTIFICIAL SHOULDER JOINT|"ROLE: Orthopedic Surgeon

Demographic Information:
- Age: 55
- Gender: Male
- Ethnicity: Asian
- Socio-economic Status: Upper middle class
- Education Level: Ph.D. in Engineering
- Health Literacy: High
- Job Status: University Professor

Symptom Description:
- Severity: Mild to moderate
- Duration: 1 month
- Associated Symptoms: Limited range of motion, occasional stiffness, mild discomfort
- Frequency: Sporadic, worsens at the end of the workday
- Impact on Daily Activities: Difficulty with certain teaching-related activities like writing on a whiteboard, mildly affects sleep

Medical History:
- Previous Diagnoses: Hypertension, Hyperlipidemia, Previous left shoulder surgery for rotator cuff repair
- Family Medical History: Brother with type 2 diabetes, mother with thyroid disease
- Medication History: Atorvastatin 20 mg oral tablet daily for hyperlipidemia, Amlodipine 5 mg oral tablet daily for hypertension
- Allergies: Sulfa drugs
- Chronic Conditions: Hypertension

Patient’s self-reported habits and lifestyle:
- Sleep: Generally good, around 7-8 hours per night
- Diet: Balanced
- Exercise: Regular gym visits 3 times a week
- Tobacco Use: None
- Alcohol Consumption: Social drinker, 1-2 drinks per week
- Drug Use: None
- Recreational Activities: Enjoys playing tennis, reading, and gardening

Geographical Location:
- Suburban
- Affluent neighborhood
- Well-served by healthcare facilities and specialists

Clinical Setting:
- Specialty Clinic

Type of Encounter:
- Routine Check-up

Medical Outcome:
- Diagnosis: Presence of left artificial shoulder joint 
- Prescribed Treatment: Recommend physical therapy to improve range of motion and manage stiffness, avoiding heavy lifting
- Follow-up Recommendations: Follow-up appointment in 1 month to assess progress with physical therapy
- Referral to Specialists: Referral to Dr. Emily Rogers, Physiotherapist, for a personalized rehabilitation plan
- Medication Adjustment: Continue current medications
- Lifestyle Change: Suggest incorporation of gentle stretching exercises and regular breaks during work to prevent stiffness

Patient's Behavior:
- Level of Cooperation: Highly cooperative and compliant with medical advice

Physical Exams:
- Inspection of left shoulder reveals well-healed surgical scar, no signs of infection or swelling
- Palpation indicates mild tenderness
- Limited range of motion, particularly in external rotation
- Neurovascular status of left arm intact

Investigation/Test results:
- NA

Native Language Status:
- Non-Native English Speaking, primary language is Mandarin

Treatment Disparities:
- Discussed any potential misunderstandings due to language barriers, and provided written instructions in Mandarin for better comprehension"|"#####
**Subjective:**

*Chief Complaint (CC):*
Follow-up for left shoulder discomfort and limited range of motion.

*History of Present Illness (HPI):*
The patient is a 55-year-old Asian male with a Ph.D. in Engineering, presenting for a routine check-up related to mild to moderate discomfort in the left shoulder, ongoing for one month. The discomfort includes limited range of motion, occasional stiffness, and mild sporadic discomfort that worsens toward the end of the workday. It has mildly affected his teaching activities, such as writing on a whiteboard, and sometimes disrupts his sleep.

*Review of Systems (ROS):*
Denies any fever, chills, night sweats, or weight loss. No numbness or tingling in the left arm.

**Objective:**

*Vital Signs:*
- Blood Pressure (BP): 130/85 mmHg
- Heart Rate (HR): 72 bpm
- Respiratory Rate (RR): 16 breaths per minute
- Temperature: 98.6°F (37°C)

*Physical Examination:*
- Inspection: Left shoulder reveals a well-healed surgical scar with no signs of infection or swelling.
- Palpation: Mild tenderness noted over the anterior and lateral aspects of the left shoulder.
- Range of Motion: Limited, especially in external rotation.
- Neurovascular: Intact neurovascular status of the left arm.

*Current Medications:*
- Atorvastatin 20 mg oral tablet daily
- Amlodipine 5 mg oral tablet daily

**Assessment:**

- Left shoulder discomfort secondary to previous rotator cuff surgery.
- Potential postoperative stiffness and limited range of motion of the left shoulder joint.
- Hypertension.
- Hyperlipidemia.

**Plan:**

1. **Physical Therapy:**
   - Referral to Dr. Emily Rogers, Physiotherapist, for a personalized rehabilitation plan to improve range of motion and manage stiffness.
   - Recommend gentle stretching exercises and regular breaks during work to prevent stiffness.

2. **Medication:**
   - Continue current medications (Atorvastatin and Amlodipine).
   
3. **Follow-up:**
   - Schedule a follow-up appointment in 1 month to assess progress with physical therapy.

4. **Lifestyle:**
   - Suggest incorporation of gentle stretching exercises and regular breaks during work to prevent stiffness.
   - Discuss potential language barriers and provided written instructions in Mandarin for better comprehension.

*Instructions:*
- Avoid heavy lifting with the left arm.
- Adhere to prescribed physical therapy regimen.
- Monitor for any signs of swelling, redness, or increased pain and report if these occur.

Compliance and cooperation are deemed excellent, and the patient has been provided with written instructions in Mandarin to ensure understanding."|"#####
**Subjective:**

*Chief Complaint (CC):*
Follow-up for left shoulder discomfort and limited range of motion.

*History of Present Illness (HPI):*
The patient, Dr. Li Wei, a 55-year-old Asian male with a Ph.D. in Engineering, presents for a routine check-up related to mild to moderate discomfort in the left shoulder, ongoing for one month. The discomfort includes limited range of motion, occasional stiffness, and mild sporadic discomfort that worsens toward the end of the workday. It has mildly affected his teaching activities, such as writing on a whiteboard, and sometimes disrupts his sleep.

*Review of Systems (ROS):*
Denies any fever, chills, night sweats, or weight loss. No numbness or tingling in the left arm.

**Objective:**

*Vital Signs:*
- Blood Pressure (BP): 130/85 mmHg
- Heart Rate (HR): 72 bpm
- Respiratory Rate (RR): 16 breaths per minute
- Temperature: 98.6°F (37°C)

*Physical Examination:*
- Inspection: Left shoulder reveals a well-healed surgical scar with no signs of infection or swelling.
- Palpation: Mild tenderness noted over the anterior and lateral aspects of the left shoulder.
- Range of Motion: Limited, especially in external rotation.
- Neurovascular: Intact neurovascular status of the left arm.

*Current Medications:*
- Atorvastatin 20 mg oral tablet daily
- Amlodipine 5 mg oral tablet daily

**Assessment:**

- Left shoulder discomfort secondary to previous rotator cuff surgery.
- Potential postoperative stiffness and limited range of motion of the left shoulder joint.
- Hypertension.
- Hyperlipidemia.

**Plan:**

1. **Physical Therapy:**
   - Referral to Dr. Emily Rogers, Physiotherapist, for a personalized rehabilitation plan to improve range of motion and manage stiffness.
   - Recommend gentle stretching exercises and regular breaks during work to prevent stiffness.

2. **Medication:**
   - Continue current medications (Atorvastatin and Amlodipine).
   
3. **Follow-up:**
   - Schedule a follow-up appointment in 1 month to assess progress with physical therapy.

4. **Lifestyle:**
   - Suggest incorporation of gentle stretching exercises and regular breaks during work to prevent stiffness.
   - Discuss potential language barriers and provide written instructions in Mandarin for better comprehension.

*Instructions:*
- Avoid heavy lifting with the left arm.
- Adhere to prescribed physical therapy regimen.
- Monitor for any signs of swelling, redness, or increased pain and report if these occur.

Compliance and cooperation are deemed excellent, and the patient has been provided with written instructions in Mandarin to ensure understanding."|"#####
**Subjective:**

*CC:*
F/U for L shoulder discomfort and limited ROM.

*HPI:*
Pt, Dr. Li Wei, a 55 y/o Asian male with a Ph.D. in Engineering, presents for a routine check-up related to mild to moderate discomfort in the L shoulder, ongoing for 1 month. The discomfort includes limited ROM, occasional stiffness, and mild sporadic discomfort that worsens toward the end of the workday. It has mildly affected his teaching activities, such as writing on a whiteboard, and sometimes disrupts his sleep.

*ROS:*
Denies any fever, chills, night sweats, or weight loss. No numbness or tingling in the L arm.

**Objective:**

*VS:*
- BP: 130/85 mmHg
- HR: 72 bpm
- RR: 16 bpm
- Temp: 98.6°F (37°C)

*PE:*
- Inspection: L shoulder reveals a well-healed surgical scar with no signs of infection or swelling.
- Palpation: Mild tenderness noted over the anterior and lateral aspects of the L shoulder.
- ROM: Limited, especially in external rotation.
- Neurovascular: Intact NV status of the L arm.

*Current Meds:*
- Atorvastatin 20 mg PO QD
- Amlodipine 5 mg PO QD

**Assessment:**

- L shoulder discomfort s/p rotator cuff surgery.
- Potential postop stiffness and limited ROM of the L shoulder joint.
- HTN.
- HLD.

**Plan:**

1. **PT:**
   - Referral to Dr. Emily Rogers, PT, for a personalized rehab plan to improve ROM and manage stiffness.
   - Recommend gentle stretching exercises and regular breaks during work to prevent stiffness.

2. **Meds:**
   - Continue current meds (Atorvastatin and Amlodipine).
   
3. **F/U:**
   - Schedule F/U in 1 month to assess progress with PT.

4. **Lifestyle:**
   - Suggest incorporation of gentle stretching exercises and regular breaks during work to prevent stiffness.
   - Discuss potential language barriers and provide written instructions in Mandarin for better comprehension.

*Instructions:*
- Avoid heavy lifting with the L arm.
- Adhere to prescribed PT regimen.
- Monitor for any signs of swelling, redness, or increased pain and report if these occur.

Compliance and cooperation are deemed excellent, and the pt has been provided with written instructions in Mandarin to ensure understanding."|Orthopedic Surgeon|"**Doctor:** Hi there! How are you doing today?

**Patient:** Hello, Doctor. I'm doing okay, thank you.

**Doctor:** Great to hear. So, what brings you in today?

**Patient:** I'm here for a follow-up on my left shoulder. I've been having some discomfort and limited movement.

**Doctor:** Okay, can you tell me more about the discomfort you're experiencing?

**Patient:** Sure. It's been going on for about a month now. I feel mild to moderate discomfort in my left shoulder, and it gets worse by the end of the day. There's also occasional stiffness.

**Doctor:** Hmm, I see. Has this affected your daily activities or work in any way?

**Patient:** Yes, I'm a teacher, and it's made it a bit difficult to write on the whiteboard. Sometimes, it even disrupts my sleep.

**Doctor:** That sounds uncomfortable. Have you noticed any other symptoms like fever, chills, night sweats, or weight loss?

**Patient:** No, none of those.

**Doctor:** How about numbness or tingling in your left arm?

**Patient:** No, I haven't felt any numbness or tingling.

**Doctor:** Alright, let's go over your vital signs. Your blood pressure is 130/85 mmHg, heart rate is 72 beats per minute, respiratory rate is 16 breaths per minute, and your temperature is 98.6°F (37°C). All seem within normal ranges.

**Patient:** That’s good to hear.

**Doctor:** Let's move on to the physical examination. I see you have a well-healed surgical scar on your left shoulder. Have you had surgery on it before?

**Patient:** Yes, I had rotator cuff surgery.

**Doctor:** Okay, let me check for any signs of infection or swelling. Everything looks good there. Now, I’ll gently palpate your shoulder. Any tenderness here?

**Patient:** Yes, it's a bit tender on the front and side of my shoulder.

**Doctor:** Alright. Let's check your range of motion. Can you try to rotate your shoulder externally?

**Patient:** It’s a bit difficult.

**Doctor:** I see. Your range of motion is limited, especially in external rotation. Let me check your neurovascular status. Everything seems intact there.

**Patient:** Okay.

**Doctor:** Are you currently taking any medications?

**Patient:** Yes, I take Atorvastatin 20 mg daily and Amlodipine 5 mg daily.

**Doctor:** Good to know. Based on what we’ve discussed and what I’ve observed, it seems like you have some postoperative stiffness and limited range of motion in your left shoulder, likely secondary to your previous rotator cuff surgery. You also have hypertension and hyperlipidemia.

**Patient:** That makes sense.

**Doctor:** Here’s what we’ll do. I’m going to refer you to Dr. Emily Rogers, a physiotherapist, for a personalized rehabilitation plan to improve your range of motion and manage the stiffness.

**Patient:** That sounds good.

**Doctor:** In the meantime, I recommend doing gentle stretching exercises and taking regular breaks during work to prevent stiffness. Avoid any heavy lifting with your left arm.

**Patient:** Got it.

**Doctor:** Continue taking your current medications, Atorvastatin and Amlodipine.

**Patient:** I will.

**Doctor:** We’ll schedule a follow-up appointment in one month to assess your progress with physical therapy.

**Patient:** Okay, that works.

**Doctor:** Also, I suggest incorporating gentle stretching exercises into your daily routine and make sure you take regular breaks to avoid stiffness. I’ll provide you with written instructions in Mandarin to ensure there are no language barriers.

**Patient:** Thank you, that will be very helpful.

**Doctor:** Lastly, monitor for any signs of swelling, redness, or increased pain. If you notice any of these, report them immediately.

**Patient:** I’ll keep an eye on that.

**Doctor:** Compliance and cooperation are key to your recovery. Do you have any questions or concerns?

**Patient:** No, I think you’ve covered everything. Thank you, Doctor.

**Doctor:** You’re welcome. Take care, and I’ll see you in a month.

**Patient:** Thank you. Goodbye.

**Doctor:** Goodbye."|"[doctor]: Hi there! How are you doing today?

[patient]: Hello, Doctor. I'm doing okay, thank you.

[doctor]: Great to hear. So, what brings you in today?

[patient]: I'm here for a follow-up on my left shoulder. I've been having some discomfort and limited movement.

[doctor]: Okay, can you tell me more about the discomfort you're experiencing?

[patient]: Sure. It's been going on for about a month now. I feel mild to moderate discomfort in my left shoulder, and it gets worse by the end of the day. There's also occasional stiffness.

[doctor]: Hmm, I see. Has this affected your daily activities or work in any way?

[patient]: Yes, I'm a teacher, and it's made it a bit difficult to write on the whiteboard. Sometimes, it even disrupts my sleep.

[doctor]: That sounds uncomfortable. Have you noticed any other symptoms like fever, chills, night sweats, or weight loss?

[patient]: No, none of those.

[doctor]: How about numbness or tingling in your left arm?

[patient]: No, I haven't felt any numbness or tingling.

[doctor]: Alright, let's go over your vital signs. Your blood pressure is 130/85 mmHg, heart rate is 72 beats per minute, respiratory rate is 16 breaths per minute, and your temperature is 98.6°F (37°C). All seem within normal ranges.

[patient]: That’s good to hear.

[doctor]: Let's move on to the physical examination. I see you have a well-healed surgical scar on your left shoulder. Have you had surgery on it before?

[patient]: Yes, I had rotator cuff surgery.

[doctor]: Okay, let me check for any signs of infection or swelling. Everything looks good there. Now, I’ll gently palpate your shoulder. Any tenderness here?

[patient]: Yes, it's a bit tender on the front and side of my shoulder.

[doctor]: Alright. Let's check your range of motion. Can you try to rotate your shoulder externally?

[patient]: It’s a bit difficult.

[doctor]: I see. Your range of motion is limited, especially in external rotation. Let me check your neurovascular status. Everything seems intact there.

[patient]: Okay.

[doctor]: Are you currently taking any medications?

[patient]: Yes, I take Atorvastatin 20 mg daily and Amlodipine 5 mg daily.

[doctor]: Good to know. Based on what we’ve discussed and what I’ve observed, it seems like you have some postoperative stiffness and limited range of motion in your left shoulder, likely secondary to your previous rotator cuff surgery. You also have hypertension and hyperlipidemia.

[patient]: That makes sense.

[doctor]: Here’s what we’ll do. I’m going to refer you to Dr. Emily Rogers, a physiotherapist, for a personalized rehabilitation plan to improve your range of motion and manage the stiffness.

[patient]: That sounds good.

[doctor]: In the meantime, I recommend doing gentle stretching exercises and taking regular breaks during work to prevent stiffness. Avoid any heavy lifting with your left arm.

[patient]: Got it.

[doctor]: Continue taking your current medications, Atorvastatin and Amlodipine.

[patient]: I will.

[doctor]: We’ll schedule a follow-up appointment in one month to assess your progress with physical therapy.

[patient]: Okay, that works.

[doctor]: Also, I suggest incorporating gentle stretching exercises into your daily routine and make sure you take regular breaks to avoid stiffness. I’ll provide you with written instructions in Mandarin to ensure there are no language barriers.

[patient]: Thank you, that will be very helpful.

[doctor]: Lastly, monitor for any signs of swelling, redness, or increased pain. If you notice any of these, report them immediately.

[patient]: I’ll keep an eye on that.

[doctor]: Compliance and cooperation are key to your recovery. Do you have any questions or concerns?

[patient]: No, I think you’ve covered everything. Thank you, Doctor.

[doctor]: You’re welcome. Take care, and I’ll see you in a month.

[patient]: Thank you. Goodbye.

[doctor]: Goodbye."
PRESENCE OF LEFT ARTIFICIAL SHOULDER JOINT|"ROLE: Orthopedic Surgeon

- **Medical Outcome**:
  - Follow-up recommendations: Monthly follow-up for next three months.
  - Referral to further tests: X-ray for left shoulder to check joint positioning and wear.
  - Referral to Physical Therapy: Dr. Jane Smith for rehabilitation exercises.
  - Medication: Prescribed acetaminophen 500 mg, oral, every 6 hours as needed for pain, quantity: 30 tablets.
  - Lifestyle change: Advice on gentle shoulder exercises and avoiding heavy lifting.

- **Medical History**:
  - Previous Diagnoses: Severe osteoarthritis in left shoulder, hypertension.
  - Family Medical History: History of osteoarthritis in mother.
  - Medication History: On amlodipine 10 mg daily for hypertension.
  - Allergies: No known drug allergies.
  - Chronic Conditions: Hypertension.

- **Symptom Description**:
  - Severity: Mild discomfort at the surgical site.
  - Duration: Discomfort present since surgery 2 weeks ago.
  - Associated Symptoms: Mild swelling, limited range of motion.
  - Frequency: Daily
  - Impact on Daily Activities: Difficulty in lifting objects, reaching overhead.

- **Patient’s self-reported habits and lifestyle**:
  - Sleep: Reports adequate sleep but discomfort when sleeping on left side.
  - Diet: Balanced diet with emphasis on vegetables and lean protein.
  - Exercise: Light walking daily but avoiding vigorous activities.
  - Tobacco Use: Non-smoker.
  - Alcohol Consumption: Consumes wine occasionally.
  - Drug Use: Denies any illicit drug use.
  - Recreational Activities: Enjoys reading and light gardening.

- **Demographic Information**:
  - Age: 68
  - Gender: Female
  - Ethnicity: Caucasian
  - Socio-economic Status: Middle-class, retired teacher.
  - Education Level: College-educated.
  - Health Literacy: High
  - Job Status: Retired

- **Patient's Behavior**:
  - Cooperative with medical advice and willing to follow recommended treatment plan.

- **Geographical Location**:
  - Big City: Lives in an urban area with good access to healthcare facilities.
  - Neighborhood Type: Affluent, well-served by public transit and amenities.

- **Clinical Setting**:
  - Specialty Clinics: Orthopedic surgery follow-up clinic.

- **Type of Encounter**:
  - Follow-up visit after recent shoulder replacement surgery.

- **Treatment Disparities**:
  - None observed. Patient has good access to healthcare and resources.

- **Native or Non-Native English Speaking Patient**:
  - Native English-speaking patient.

- **Physical exams**:
  - Examination of surgical site: Mild swelling, incision healing well, no signs of infection.
  - Range of motion test: Limited abduction and external rotation.

- **Investigation/Test results**:
  - Awaiting: X-ray of left shoulder to evaluate positioning and integrity of artificial joint."|"#####

1. **Subjective**:
   - **Chief Complaint (CC)**:
     Follow-up for left shoulder replacement surgery.
     
   - **History of Present Illness (HPI)**:
     The patient, a 68-year-old female, presents for a follow-up visit after undergoing left shoulder replacement surgery two weeks ago. She reports mild discomfort at the surgical site, present since the surgery. The discomfort is described as mild but consistent, with a limited range of motion in the shoulder. She experiences mild swelling and finds difficulty lifting objects and reaching overhead. The discomfort is causing issues while sleeping on her left side. She adheres to a balanced diet and light walking daily but avoids vigorous activities.

   - **Review of Systems (ROS)**:
     - **Constitutional**: Sleeps adequately but discomfort while sleeping on the left side. 
     - **Musculoskeletal**: Mild discomfort at the surgical site, mild swelling, limited range of motion.
     - **Cardiovascular**: No chest pain, palpitations.
     - **Respiratory**: No shortness of breath.
     - **Gastrointestinal**: Balanced diet.
     - **Neurological**: No numbness or tingling.
     - **Psychiatric**: Reports no anxiety or depression.
     - **Allergies**: No known drug allergies.

2. **Objective**:
   - **Vital Signs**: 
     - Blood Pressure: 126/78 mmHg
     - Heart Rate: 72 bpm
     - Respiratory Rate: 16 breaths/min
     - Temperature: 98.6°F
     - Oxygen Saturation: 98% on room air
   - **Physical Examination**:
     - **General**: Well-appearing, cooperative.
     - **Left Shoulder**: Mild swelling, incision healing well, no erythema or signs of infection. Limited abduction and external rotation.
   - **Other Systems**: 
     - **Cardiovascular**: Regular rate and rhythm, no murmurs.
     - **Respiratory**: Clear breath sounds bilaterally.
   - **Pending Investigations**:
     - X-ray of the left shoulder to evaluate joint positioning and integrity of the prosthesis.

3. **Assessment**:
   - Status post left shoulder replacement surgery with mild discomfort and limited range of motion.
   - No signs of infection at the surgical site.
   - Mild swelling likely due to recent surgery.
   - Hypertension, well-controlled on amlodipine.

4. **Plan**:
   - **Medications**: 
     - Prescribed acetaminophen 500 mg, oral, every 6 hours as needed for pain, quantity: 30 tablets.
   - **Referrals**: 
     - X-ray for the left shoulder to check joint positioning and wear.
     - Referral to Physical Therapy with Dr. Jane Smith for rehabilitation exercises.
   - **Follow-up**:
     - Schedule monthly follow-ups for the next three months to monitor progress and adjust the treatment plan as needed.
   - **Lifestyle Modifications**:
     - Advise the patient on gentle shoulder exercises to improve the range of motion while avoiding heavy lifting.
     - Encourage a balanced diet and continued light walking, avoiding strenuous activities.
     - Recommend different sleeping positions to avoid discomfort on the left side.
   - **Patient Education**:
     - Educate the patient about the importance of following the prescribed physical therapy regimen to aid in recovery.
     - Ensure understanding of medication use and potential side effects.
     - Discuss signs of infection or complications to watch for and when to seek immediate medical attention.
"|"#####

1. **Subjective**:
   - **Chief Complaint (CC)**:
     Follow-up for left shoulder replacement surgery.
     
   - **History of Present Illness (HPI)**:
     The patient, a 68-year-old female, presents for a follow-up visit after undergoing left shoulder replacement surgery two weeks ago. She reports mild discomfort at the surgical site, present since the surgery. The discomfort is described as mild but consistent, with a limited range of motion in the shoulder. She experiences mild swelling and finds difficulty lifting objects and reaching overhead. The discomfort is causing issues while sleeping on her left side. She adheres to a balanced diet and light walking daily but avoids vigorous activities.

   - **Review of Systems (ROS)**:
     - **Constitutional**: Sleeps adequately but discomfort while sleeping on the left side. 
     - **Musculoskeletal**: Mild discomfort at the surgical site, mild swelling, limited range of motion.
     - **Cardiovascular**: No chest pain, palpitations.
     - **Respiratory**: No shortness of breath.
     - **Gastrointestinal**: Balanced diet.
     - **Neurological**: No numbness or tingling.
     - **Psychiatric**: Reports no anxiety or depression.
     - **Allergies**: No known drug allergies.

2. **Objective**:
   - **Vital Signs**: 
     - Blood Pressure: 126/78 mmHg
     - Heart Rate: 72 bpm
     - Respiratory Rate: 16 breaths/min
     - Temperature: 98.6°F
     - Oxygen Saturation: 98% on room air
   - **Physical Examination**:
     - **General**: Well-appearing, cooperative.
     - **Left Shoulder**: Mild swelling, incision healing well, no erythema or signs of infection. Limited abduction and external rotation.
   - **Other Systems**: 
     - **Cardiovascular**: Regular rate and rhythm, no murmurs.
     - **Respiratory**: Clear breath sounds bilaterally.

3. **Assessment**:
   - Status post left shoulder replacement surgery with mild discomfort and limited range of motion.
   - No signs of infection at the surgical site.
   - Mild swelling likely due to recent surgery.
   - Hypertension, well-controlled on amlodipine.

4. **Plan**:
   - **Medications**: 
     - Prescribed acetaminophen 500 mg, oral, every 6 hours as needed for pain, quantity: 30 tablets.
   - **Referrals**: 
     - Referral to Physical Therapy with Dr. Jane Smith for rehabilitation exercises.
   - **Investigations**:
     - X-ray for the left shoulder to check joint positioning and wear.
   - **Follow-up**:
     - Schedule monthly follow-ups for the next three months to monitor progress and adjust the treatment plan as needed.
   - **Lifestyle Modifications**:
     - Advise the patient on gentle shoulder exercises to improve the range of motion while avoiding heavy lifting.
     - Encourage a balanced diet and continued light walking, avoiding strenuous activities.
     - Recommend different sleeping positions to avoid discomfort on the left side.
   - **Patient Education**:
     - Educate the patient about the importance of following the prescribed physical therapy regimen to aid in recovery.
     - Ensure understanding of medication use and potential side effects.
     - Discuss signs of infection or complications to watch for and when to seek immediate medical attention."|"#####

1. **Subjective**:
   - **CC**:
     F/U for L shoulder replacement sx.
     
   - **HPI**:
     The pt, a 68 y/o F, presents for a F/U visit after undergoing L shoulder replacement sx 2 wks ago. She reports mild discomfort at the surgical site, present since the sx. The discomfort is described as mild but consistent, with a limited ROM in the shoulder. She experiences mild swelling and finds difficulty lifting objects and reaching overhead. The discomfort is causing issues while sleeping on her L side. She adheres to a balanced diet and light walking daily but avoids vigorous activities.

   - **ROS**:
     - **Constitutional**: Sleeps adequately but discomfort while sleeping on the L side. 
     - **MSK**: Mild discomfort at the surgical site, mild swelling, limited ROM.
     - **CV**: No CP, palpitations.
     - **Resp**: No SOB.
     - **GI**: Balanced diet.
     - **Neuro**: No numbness or tingling.
     - **Psych**: Reports no anxiety or depression.
     - **Allergies**: NKDA.

2. **Objective**:
   - **VS**: 
     - BP: 126/78 mmHg
     - HR: 72 bpm
     - RR: 16 breaths/min
     - Temp: 98.6°F
     - O2 Sat: 98% on RA
   - **PE**:
     - **General**: Well-appearing, cooperative.
     - **L Shoulder**: Mild swelling, incision healing well, no erythema or signs of infection. Limited abduction and external rotation.
   - **Other Systems**: 
     - **CV**: RRR, no murmurs.
     - **Resp**: Clear breath sounds bilaterally.

3. **Assessment**:
   - S/P L shoulder replacement sx with mild discomfort and limited ROM.
   - No signs of infection at the surgical site.
   - Mild swelling likely due to recent sx.
   - HTN, well-controlled on amlodipine.

4. **Plan**:
   - **Meds**: 
     - Rx acetaminophen 500 mg PO q6h PRN pain, qty: 30 tabs.
   - **Referrals**: 
     - Referral to PT with Dr. Jane Smith for rehab exercises.
   - **Investigations**:
     - X-ray for the L shoulder to check joint positioning and wear.
   - **F/U**:
     - Schedule monthly F/U for the next 3 mos to monitor progress and adjust the tx plan as needed.
   - **Lifestyle Modifications**:
     - Advise the pt on gentle shoulder exercises to improve ROM while avoiding heavy lifting.
     - Encourage a balanced diet and continued light walking, avoiding strenuous activities.
     - Recommend different sleeping positions to avoid discomfort on the L side.
   - **Pt Education**:
     - Educate the pt about the importance of following the prescribed PT regimen to aid in recovery.
     - Ensure understanding of med use and potential SEs.
     - Discuss signs of infection or complications to watch for and when to seek immediate medical attention."|Orthopedic Surgeon|"### Conversation

**Doctor:** Hi there, how are you doing today?

**Patient:** Hi, I'm doing okay. I'm here for my follow-up after my left shoulder replacement surgery.

**Doctor:** Alright, let's talk about that. It's been two weeks since your surgery, correct?

**Patient:** Yes, that's right. Two weeks ago.

**Doctor:** How has your shoulder been feeling since the surgery?

**Patient:** I've been having some mild discomfort at the surgical site. It's been there since the surgery, and it's pretty consistent.

**Doctor:** I see. Can you describe this discomfort a bit more? 

**Patient:** It's mild but it's always there. I also have some trouble with my range of motion in that shoulder. 

**Doctor:** Alright, let's talk about what movements are difficult for you.

**Patient:** Lifting objects and reaching overhead are really hard. It also makes it difficult to sleep on my left side.

**Doctor:** I understand. Does the discomfort disturb your sleep a lot?

**Patient:** Yes, I sleep adequately overall, but it's uncomfortable if I try to sleep on my left side.

**Doctor:** And how about swelling? Have you noticed any?

**Patient:** Yes, there's some mild swelling around the surgical site.

**Doctor:** Okay. How about your daily activities? Are you able to do light walking or other gentle exercises?

**Patient:** Yes, I stick to a balanced diet and do some light walking every day, but I avoid any vigorous activities.

**Doctor:** That's good to hear. Have you experienced any chest pain, palpitations, or shortness of breath recently?

**Patient:** No, none of those.

**Doctor:** Any numbness or tingling in your shoulder or arm?

**Patient:** No, I haven’t noticed any numbness or tingling.

**Doctor:** How about your general mood? Any anxiety or depression?

**Patient:** No, I don't feel anxious or depressed.

**Doctor:** That’s good. And do you have any allergies to medications?

**Patient:** No known drug allergies.

**Doctor:** Excellent. Let’s go over your vital signs now. Your blood pressure is 126/78 mmHg, heart rate is 72 beats per minute, respiratory rate is 16 breaths per minute, temperature is 98.6°F, and oxygen saturation is 98% on room air. All of these are within normal limits.

**Patient:** That’s good to know.

**Doctor:** Now, I’m going to do a quick physical exam, starting with your shoulder. Let’s take a look at the left one.

**Patient:** Okay.

**Doctor:** Alright, I see some mild swelling, but your incision is healing well. There’s no redness or signs of infection, which is great. Can you try lifting your arm for me?

**Patient:** (Lifts arm) It’s a bit painful and stiff.

**Doctor:** I see that you have limited abduction and external rotation. How about your heart and lungs? Let’s listen.

**Patient:** Sure.

**Doctor:** Your heart has a regular rate and rhythm with no murmurs, and your lungs sound clear bilaterally. Everything looks good there.

**Patient:** That's a relief.

**Doctor:** Just to be thorough, I’m going to order an X-ray of your left shoulder to evaluate joint positioning and make sure the prosthesis is in good shape.

**Patient:** Okay, that sounds good.

**Doctor:** For the mild discomfort and swelling, I’m going to prescribe you acetaminophen 500 mg, to be taken orally every 6 hours as needed for pain. I’ll give you a quantity of 30 tablets.

**Patient:** Thank you. That should help.

**Doctor:** I’m also referring you to Physical Therapy with Dr. Jane Smith for some rehabilitation exercises. It’s crucial to start gentle exercises to improve your range of motion.

**Patient:** I understand. I'll follow up with Dr. Smith.

**Doctor:** Great. We’ll schedule monthly follow-ups for the next three months to monitor your progress and adjust your treatment plan as needed.

**Patient:** Okay, I’ll make sure to come back for those.

**Doctor:** In the meantime, I advise you to continue gentle shoulder exercises, avoid heavy lifting, and maintain your balanced diet and light walking. Also, try different sleeping positions to avoid discomfort on your left side.

**Patient:** I will. Thanks for the tips.

**Doctor:** It’s also important to follow the physical therapy regimen closely. It will really aid in your recovery. Make sure to understand the medication use and be aware of potential side effects.

**Patient:** Got it. I’ll pay attention to those.

**Doctor:** And if you notice any signs of infection or other complications like increased swelling, redness, or fever, please seek immediate medical attention.

**Patient:** I will, definitely.

**Doctor:** Do you have any questions or concerns right now?

**Patient:** No, I think that covers everything. Thank you so much for your help.

**Doctor:** You’re welcome. Take care and we’ll see you at your follow-up.

**Patient:** Thanks, goodbye.

**Doctor:** Goodbye."|"[doctor]: Hi there, how are you doing today?

[patient]: Hi, I'm doing okay. I'm here for my follow-up after my left shoulder replacement surgery.

[doctor]: Alright, let's talk about that. It's been two weeks since your surgery, correct?

[patient]: Yes, that's right. Two weeks ago.

[doctor]: How has your shoulder been feeling since the surgery?

[patient]: I've been having some mild discomfort at the surgical site. It's been there since the surgery, and it's pretty consistent.

[doctor]: Hmm, I see. Can you describe this discomfort a bit more?

[patient]: It's mild but it's always there. I also have some trouble with my range of motion in that shoulder.

[doctor]: Alright, let's talk about what movements are difficult for you.

[patient]: Lifting objects and reaching overhead are really hard. It also makes it difficult to sleep on my left side.

[doctor]: I understand. Does the discomfort disturb your sleep a lot?

[patient]: Yes, I sleep adequately overall, but it's uncomfortable if I try to sleep on my left side.

[doctor]: And how about swelling? Have you noticed any?

[patient]: Yes, there's some mild swelling around the surgical site.

[doctor]: Okay. How about your daily activities? Are you able to do light walking or other gentle exercises?

[patient]: Yes, I stick to a balanced diet and do some light walking every day, but I avoid any vigorous activities.

[doctor]: That's good to hear. Have you experienced any chest pain, palpitations, or shortness of breath recently?

[patient]: No, none of those.

[doctor]: Any numbness or tingling in your shoulder or arm?

[patient]: No, I haven’t noticed any numbness or tingling.

[doctor]: How about your general mood? Any anxiety or depression?

[patient]: No, I don't feel anxious or depressed.

[doctor]: That’s good. And do you have any allergies to medications?

[patient]: No known drug allergies.

[doctor]: Excellent. Let’s go over your vital signs now. Your blood pressure is 126/78 mmHg, heart rate is 72 beats per minute, respiratory rate is 16 breaths per minute, temperature is 98.6°F, and oxygen saturation is 98% on room air. All of these are within normal limits.

[patient]: That’s good to know.

[doctor]: Now, I’m going to do a quick physical exam, starting with your shoulder. Let’s take a look at the left one.

[patient]: Okay.

[doctor]: Alright, I see some mild swelling, but your incision is healing well. There’s no redness or signs of infection, which is great. Can you try lifting your arm for me?

[patient]: (Lifts arm) It’s a bit painful and stiff.

[doctor]: I see that you have limited abduction and external rotation. How about your heart and lungs? Let’s listen.

[patient]: Sure.

[doctor]: Your heart has a regular rate and rhythm with no murmurs, and your lungs sound clear bilaterally. Everything looks good there.

[patient]: That's a relief.

[doctor]: Just to be thorough, I’m going to order an X-ray of your left shoulder to evaluate joint positioning and make sure the prosthesis is in good shape.

[patient]: Okay, that sounds good.

[doctor]: For the mild discomfort and swelling, I’m going to prescribe you acetaminophen 500 mg, to be taken orally every 6 hours as needed for pain. I’ll give you a quantity of 30 tablets.

[patient]: Thank you. That should help.

[doctor]: I’m also referring you to Physical Therapy with Dr. Jane Smith for some rehabilitation exercises. It’s crucial to start gentle exercises to improve your range of motion.

[patient]: I understand. I'll follow up with Dr. Smith.

[doctor]: Great. We’ll schedule monthly follow-ups for the next three months to monitor your progress and adjust your treatment plan as needed.

[patient]: Okay, I’ll make sure to come back for those.

[doctor]: In the meantime, I advise you to continue gentle shoulder exercises, avoid heavy lifting, and maintain your balanced diet and light walking. Also, try different sleeping positions to avoid discomfort on your left side.

[patient]: I will. Thanks for the tips.

[doctor]: It’s also important to follow the physical therapy regimen closely. It will really aid in your recovery. Make sure to understand the medication use and be aware of potential side effects.

[patient]: Got it. I’ll pay attention to those.

[doctor]: And if you notice any signs of infection or other complications like increased swelling, redness, or fever, please seek immediate medical attention.

[patient]: I will, definitely.

[doctor]: Do you have any questions or concerns right now?

[patient]: No, I think that covers everything. Thank you so much for your help.

[doctor]: You’re welcome. Take care and we’ll see you at your follow-up.

[patient]: Thanks, goodbye.

[doctor]: Goodbye."
PRESENCE OF LEFT ARTIFICIAL SHOULDER JOINT|"ROLE: Orthopedic Surgeon

Medical Outcome:
- Follow-up recommendations: Routine annual check-ups to monitor the condition of the artificial shoulder joint.
- Imaging: Order an X-ray of the left shoulder to assess the position and integrity of the artificial joint.
- Medication adjustment: Pain management if required, e.g., Ibuprofen 400mg oral, every 6 hours as needed, 30 tablets.

Medical History:
- Previous Diagnoses: Osteoarthritis in the left shoulder.
- Surgery: Left shoulder joint replacement 6 months ago.
- Allergies: None.
- Chronic Conditions: NA.

Symptom Description:
- Severity: Mild discomfort.
- Duration: Occasional discomfort for the past month.
- Associated Symptoms: NA.
- Frequency: Infrequent, primarily after specific activities.
- Impact on Daily Activities: Does not significantly affect daily activities but slightly limits range of motion during physical exertion.

Patient’s self-reported habits and lifestyle:
- Sleep: 7-8 hours of sleep per night.
- Diet: Balanced diet, no specific restrictions.
- Exercise: Light exercise recommended, avoids heavy lifting.
- Tobacco Use: Non-smoker.
- Alcohol Consumption: Occasional, 1-2 times a week.
- Drug Use: None.
- Recreational Activities: Enjoys light sports like swimming and walking.

Demographic Information:
- Age: 68
- Gender: Male
- Ethnicity: Caucasian
- Socio-economic Status: Middle-class
- Education Level: College graduate
- Health Literacy: Good understanding of medical instructions.
- Job Status: Retired.

Patient's Behavior:
- Cooperation: Highly cooperative and follows medical advice diligently.

Geographical Location:
- Urban area
- Affluent neighborhood, well-served by transit, and has access to healthcare facilities.

Clinical Setting:
- Orthopedic Clinic

Type of Encounter:
- Follow-up

Treatment Disparities:
- NA

Native or Non-Native English Speaking Patient:
- Native English speaker

Physical exams:
- Musculoskeletal: Inspection of the left shoulder shows no swelling or redness. Palpation reveals mild tenderness. Range of motion assessment shows slight limitation in abduction and external rotation.

Investigation/Test results:
- Awaiting X-ray results for the left shoulder to evaluate the condition of the artificial joint."|"#####
**1. Subjective:**

**Chief Complaint (CC):**
Mild discomfort in the left shoulder.

**History of Present Illness (HPI):**
The patient is a 68-year-old male, Caucasian, retired, who returns for a follow-up visit post-left shoulder joint replacement surgery performed 6 months ago due to osteoarthritis. He reports occasional mild discomfort in the left shoulder, persisting for the past month. The discomfort primarily occurs after specific activities, such as light sports including swimming and walking. He notes that while the discomfort does not significantly affect his daily activities, it does slightly limit his range of motion during physical exertion.

**Review of Systems (ROS):**
- **Musculoskeletal:** Reports mild discomfort in the left shoulder. No swelling or redness observed.
- **General:** Denies fatigue, fever, or weight loss.
- **Neurological:** No numbness or tingling reported.

**2. Objective:**

**Vitals:**
- Temperature: 98.6°F
- Blood Pressure: 128/80 mmHg
- Heart Rate: 72 bpm
- Respiratory Rate: 16 breaths per minute

**Physical Examination:**
- **Musculoskeletal:** Inspection of the left shoulder shows no swelling or redness. Palpation reveals mild tenderness. Range of motion assessment shows slight limitation in abduction and external rotation.

**Investigation/Test results:**
- Awaiting X-ray results for the left shoulder to evaluate the condition of the artificial joint.

**3. Assessment:**

Post-left shoulder joint replacement surgery, patient presents with mild discomfort likely secondary to postoperative changes or activity-related stress on the joint. Await X-ray results to rule out any complications related to the artificial joint.

**4. Plan:**

- **Imaging:** Order an X-ray of the left shoulder to assess the position and integrity of the artificial joint.
- **Medication:** For pain management, prescribe Ibuprofen 400mg oral, to be taken every 6 hours as needed, with a dispensation of 30 tablets.
- **Follow-up:** Routine annual check-ups to monitor the condition of the artificial shoulder joint.
- **Lifestyle Recommendations:** Continue to engage in light exercise while avoiding heavy lifting. Maintain a balanced diet and adequate sleep (7-8 hours per night). Refrain from smoking and limit alcohol consumption to occasional use.
- **Instructions:** Patient to follow up with the clinic once the X-ray results are available for review and further discussion.

#####
"|"**1. Subjective:**

**Chief Complaint (CC):**
Mild discomfort in the left shoulder.

**History of Present Illness (HPI):**
The patient is a 68-year-old male, Caucasian, retired, who returns for a follow-up visit post-left shoulder joint replacement surgery performed 6 months ago due to osteoarthritis. He reports occasional mild discomfort in the left shoulder, persisting for the past month. The discomfort primarily occurs after specific activities, such as light sports including swimming and walking. He notes that while the discomfort does not significantly affect his daily activities, it does slightly limit his range of motion during physical exertion.

**Review of Systems (ROS):**
- **Musculoskeletal:** Reports mild discomfort in the left shoulder. No swelling or redness observed.
- **General:** Denies fatigue, fever, or weight loss.
- **Neurological:** No numbness or tingling reported.

**2. Objective:**

**Vitals:**
- Temperature: 98.6°F
- Blood Pressure: 128/80 mmHg
- Heart Rate: 72 bpm
- Respiratory Rate: 16 breaths per minute

**Physical Examination:**
- **Musculoskeletal:** Inspection of the left shoulder shows no swelling or redness. Palpation reveals mild tenderness. Range of motion assessment shows slight limitation in abduction and external rotation.

**3. Assessment:**

Post-left shoulder joint replacement surgery, patient presents with mild discomfort likely secondary to postoperative changes or activity-related stress on the joint. Await X-ray results to rule out any complications related to the artificial joint.

**4. Plan:**

- **Imaging:** Order an X-ray of the left shoulder to assess the position and integrity of the artificial joint.
- **Medication:** For pain management, prescribe Ibuprofen 400mg oral, to be taken every 6 hours as needed, with a dispensation of 30 tablets.
- **Follow-up:** Routine annual check-ups to monitor the condition of the artificial shoulder joint.
- **Lifestyle Recommendations:** Continue to engage in light exercise while avoiding heavy lifting. Maintain a balanced diet and adequate sleep (7-8 hours per night). Refrain from smoking and limit alcohol consumption to occasional use.
- **Instructions:** Patient to follow up with the clinic once the X-ray results are available for review and further discussion."|"**1. Subjective:**

**CC:**
Mild discomfort in the L shoulder.

**HPI:**
68 y/o M, Caucasian, retired, returns for F/U post-L shoulder joint replacement sx performed 6 mos ago due to OA. Reports occasional mild discomfort in the L shoulder, persisting for the past mo. Discomfort primarily occurs post-specific activities, such as light sports incl swimming and walking. Notes that while the discomfort does not significantly affect ADLs, it does slightly limit ROM during physical exertion.

**ROS:**
- **MSK:** Reports mild discomfort in the L shoulder. No swelling or redness observed.
- **Gen:** Denies fatigue, fever, or weight loss.
- **Neuro:** No numbness or tingling reported.

**2. Objective:**

**Vitals:**
- Temp: 98.6°F
- BP: 128/80 mmHg
- HR: 72 bpm
- RR: 16 bpm

**PE:**
- **MSK:** Inspection of the L shoulder shows no swelling or redness. Palpation reveals mild tenderness. ROM assessment shows slight limitation in abduction and external rotation.

**3. Assessment:**

Post-L shoulder joint replacement sx, pt presents with mild discomfort likely 2° to postop changes or activity-related stress on the joint. Await X-ray results to r/o any complications related to the artificial joint.

**4. Plan:**

- **Imaging:** Order X-ray of the L shoulder to assess the position and integrity of the artificial joint.
- **Rx:** For pain mgmt, prescribe Ibuprofen 400mg PO q6h PRN, dispense 30 tabs.
- **F/U:** Routine annual check-ups to monitor the condition of the artificial shoulder joint.
- **Lifestyle Recs:** Continue light exercise while avoiding heavy lifting. Maintain a balanced diet and adequate sleep (7-8 hrs/night). Refrain from smoking and limit EtOH consumption to occasional use.
- **Instructions:** Pt to F/U with the clinic once X-ray results are available for review and further discussion."|Orthopedic Surgeon|"[doctor] Hi, how have you been since your last visit?

[patient] Hi, doctor. I've been okay, but I'm experiencing some mild discomfort in my left shoulder.

[doctor] I see. How long has this discomfort been going on?

[patient] It's been about a month now.

[doctor] Can you describe the discomfort for me? Is it constant or does it come and go?

[patient] It's occasional. It mainly happens after certain activities.

[doctor] Which activities seem to trigger the discomfort?

[patient] Mostly light sports like swimming and walking.

[doctor] I see. Does it affect your daily activities in any significant way?

[patient] Not really. It doesn't stop me from doing things, but it does limit my range of motion a bit during physical exertion.

[doctor] Alright. Any swelling or redness around the shoulder?

[patient] No, nothing like that.

[doctor] What about numbness or tingling?

[patient] No, I haven't felt any numbness or tingling.

[doctor] Good to know. Have you experienced any fatigue, fever, or weight loss lately?

[patient] No, none of those.

[doctor] Okay, let's move on to the physical examination. Your vitals look good: temperature is 98.6°F, blood pressure is 128/80 mmHg, heart rate is 72 bpm, and respiratory rate is 16 breaths per minute.

[patient] Okay, that sounds good.

[doctor] Let me take a closer look at your left shoulder. I don't see any swelling or redness. How does it feel when I press here?

[patient] It's a bit tender, but not too bad.

[doctor] Alright. Let's check your range of motion. Can you lift your arm to the side for me?

[patient] Sure. (lifts arm) 

[doctor] I see there's a slight limitation in abduction. How about external rotation?

[patient] (rotates arm) It's a bit restricted too.

[doctor] Understood. We're awaiting X-ray results to further evaluate the condition of your artificial joint. 

[patient] Okay. What should I do in the meantime?

[doctor] For now, I'll prescribe you Ibuprofen 400mg to take every 6 hours as needed. I'll give you 30 tablets.

[patient] Thank you.

[doctor] Also, I recommend continuing with light exercise but avoid heavy lifting. Maintain a balanced diet and make sure you're getting enough sleep, around 7-8 hours per night.

[patient] Got it. Anything else?

[doctor] Yes, refrain from smoking and try to limit alcohol consumption to occasional use.

[patient] Will do.

[doctor] We'll need to follow up once your X-ray results are available. Based on those, we can discuss further steps.

[patient] Sounds good. When should I come back?

[doctor] Let's plan for your routine annual check-up to monitor the condition of your artificial shoulder joint, but come in sooner if the discomfort worsens or if the X-ray shows anything concerning.

[patient] Okay, I'll do that.

[doctor] Great. Is there anything else you'd like to discuss today?

[patient] No, that's all for now. Thanks, doctor.

[doctor] You're welcome. Take care and I'll see you soon.

[patient] Thanks. You too."|"[doctor] Hi, how have you been since your last visit?

[patient] Hi, doctor. I've been okay, but I'm experiencing some mild discomfort in my left shoulder.

[doctor] Hmm, I see. How long has this discomfort been going on?

[patient] It's been about a month now.

[doctor] Can you describe the discomfort for me? Is it constant or does it come and go?

[patient] It's occasional. It mainly happens after certain activities.

[doctor] Which activities seem to trigger the discomfort?

[patient] Mostly light sports like swimming and walking.

[doctor] I see. Does it affect your daily activities in any significant way?

[patient] Not really. It doesn't stop me from doing things, but it does limit my range of motion a bit during physical exertion.

[doctor] Alright. Any swelling or redness around the shoulder?

[patient] No, nothing like that.

[doctor] What about numbness or tingling?

[patient] No, I haven't felt any numbness or tingling.

[doctor] Good to know. Have you experienced any fatigue, fever, or weight loss lately?

[patient] No, none of those.

[doctor] Okay, let's move on to the physical examination. Your vitals look good: temperature is 98.6°F, blood pressure is 128/80 mmHg, heart rate is 72 bpm, and respiratory rate is 16 breaths per minute.

[patient] Okay, that sounds good.

[doctor] Let me take a closer look at your left shoulder. I don't see any swelling or redness. How does it feel when I press here?

[patient] It's a bit tender, but not too bad.

[doctor] Alright. Let's check your range of motion. Can you lift your arm to the side for me?

[patient] Sure. (lifts arm)

[doctor] I see there's a slight limitation in abduction. How about external rotation?

[patient] (rotates arm) It's a bit restricted too.

[doctor] Understood. We're awaiting X-ray results to further evaluate the condition of your artificial joint. 

[patient] Okay. What should I do in the meantime?

[doctor] For now, I'll prescribe you Ibuprofen 400mg to take every 6 hours as needed. I'll give you 30 tablets.

[patient] Thanks, doc.

[doctor] Also, I recommend continuing with light exercise but avoid heavy lifting. Maintain a balanced diet and make sure you're getting enough sleep, around 7-8 hours per night.

[patient] Got it. Anything else?

[doctor] Yes, refrain from smoking and try to limit alcohol consumption to occasional use.

[patient] Will do.

[doctor] We'll need to follow up once your X-ray results are available. Based on those, we can discuss further steps.

[patient] Sounds good. When should I come back?

[doctor] Let's plan for your routine annual check-up to monitor the condition of your artificial shoulder joint, but come in sooner if the discomfort worsens or if the X-ray shows anything concerning.

[patient] Okay, I'll do that.

[doctor] Great. Is there anything else you'd like to discuss today?

[patient] No, that's all for now. Thanks, doctor.

[doctor] You're welcome. Take care and I'll see you soon.

[patient] Thanks. You too."
PRESENCE OF LEFT ARTIFICIAL SHOULDER JOINT|"ROLE: Orthopedic Specialist

**1) Medical Outcome:**
- Follow-up recommendations: Continue routine follow-up every 6 months to monitor the condition of the artificial shoulder joint.
- Referral: Referral to physical therapy for shoulder strengthening and mobility exercises. 
- Imaging: Ordered an X-ray of the left shoulder to assess the positioning and condition of the artificial joint.
- Medication Adjustment: Recommended OTC pain relief if necessary, such as acetaminophen 500 mg, oral, as needed, maximum 4 times a day.

**2) Medical History:**
- Previous Diagnoses: Osteoarthritis, leading to shoulder replacement surgery.
- Family Medical History: Family history of osteoarthritis.
- Medication History: Previous use of NSAIDs for pain management.
- Allergies: No known drug allergies.
- Chronic Conditions: Hypertension, managed with medication.

**3) Symptom Description:**
- Severity: Mild discomfort.
- Duration: Persistent for the past month.
- Associated Symptoms: Slight swelling occasionally.
- Frequency: Intermittent.
- Impact on Daily Activities: Minor limitation in range of motion.

**4) Patient’s self-reported habits and lifestyle:**
- Sleep: Good, no issues reported.
- Diet: Balanced diet with emphasis on lean proteins and vegetables.
- Exercise: Regular low-impact exercises, avoiding heavy lifting.
- Tobacco Use: Non-smoker.
- Alcohol Consumption: Moderate, occasionally drinks socially.
- Drug Use: Denies any illicit drug use.
- Recreational Activities: Enjoys swimming and walking.

**5) Demographic Information:**
- Age: 67
- Gender: Female
- Ethnicity: Caucasian
- Socio-economic Status: Middle-class
- Education Level: College graduate
- Health Literacy: High, understands medical instructions well.
- Job Status: Retired

**6) Patient's Behavior:**
- The level of patient's cooperation with medical advice: Highly compliant.

**7) Geographical Location:**
- Big City
- Urban
- Pollution and Environmental Health Risks: Moderate pollution.
- Neighborhood Type: Affluent, well-served by transit, and close to medical facilities.

**8) Clinical Setting:**
- Specialty Clinic

**9) Type of Encounter:**
- Follow-up

**10) Treatment Disparities:**
- No treatment disparities observed; the patient has good access to healthcare services.

**11) Native or Non-Native English Speaking Patient:**
- Native English speaker

**12) Physical exams:**
- Left shoulder examination: Inspection reveals no overt deformities. Palpation shows mild tenderness at the joint edges. Range of motion is mildly restricted but passable within her functional activity range. No signs of acute inflammation or dislocation.

**13) Investigation/Test results:**
- Awaiting results of X-ray imaging of the left shoulder.

(Note: This scenario is a follow-up visit for a patient with a left artificial shoulder joint, focusing on monitoring the condition and addressing any mild discomfort they might have.)"|Rejected|Rejected|Rejected|Rejected||
PRESENCE OF LEFT ARTIFICIAL SHOULDER JOINT|"ROLE: Orthopedic Specialist

**1) Medical Outcome:**
- Initial Consultation: Discussed the presence of discomfort and the need for further imaging.
- Imaging: Ordered an MRI of the left shoulder to assess the integrity and positioning of the artificial shoulder joint.
- Medication: Prescribed Naproxen 250 mg, oral, twice daily, for 14 days, to manage inflammation and pain.

**2) Medical History:**
- Previous Diagnoses: Osteoarthritis leading to shoulder replacement surgery, Type 2 Diabetes.
- Family Medical History: Family history of osteoarthritis and diabetes.
- Medication History: Metformin 500 mg, oral, twice daily for diabetes management.
- Allergies: No known drug allergies.
- Chronic Conditions: Hypertension, Diabetes Mellitus Type 2.

**3) Symptom Description:**
- Severity: Moderate pain.
- Duration: Persistent for the past three weeks.
- Associated Symptoms: Occasional redness and increased warmth around the joint.
- Frequency: Almost daily.
- Impact on Daily Activities: Significant limitation in lifting and overhead activities.

**4) Patient’s self-reported habits and lifestyle:**
- Sleep: Difficulty sleeping due to shoulder pain.
- Diet: Moderate carbohydrate diet, attempts to control diabetes.
- Exercise: Limited due to shoulder pain, previously attended a fitness class bi-weekly.
- Tobacco Use: Former smoker, quit 10 years ago.
- Alcohol Consumption: None.
- Drug Use: Denies any illicit drug use.
- Recreational Activities: Enjoys gardening.

**5) Demographic Information:**
- Age: 65
- Gender: Male
- Ethnicity: African American
- Socio-economic Status: Lower-middle-class
- Education Level: High school graduate
- Health Literacy: Moderate, understands basic health instructions
- Job Status: Recently retired factory worker

**6) Patient's Behavior:**
- The level of patient's cooperation with medical advice: Partially compliant, occasionally misses medication doses.

**7) Geographical Location:**
- Small City
- Rural
- Pollution and Environmental Health Risks: Low pollution, high pollen levels.
- Neighborhood Type: Impoverished, limited access to healthcare facilities, food desert.

**8) Clinical Setting:**
- Primary Care Clinic

**9) Type of Encounter:**
- Initial Consultation

**10) Treatment Disparities:**
- Limited access to specialty care, hence initial evaluation managed within primary care setting.

**11) Native or Non-Native English Speaking Patient:**
- Native English speaker

**12) Physical exams:**
- Left shoulder examination: Inspection reveals slight redness and swelling. Palpation shows moderate tenderness at the joint edges. Range of motion significantly limited with moderate pain during movement.

**13) Investigation/Test results:**
- Awaiting MRI of the left shoulder to evaluate the artificial joint."|Rejected|Rejected|Rejected|Rejected||
PRESENCE OF LEFT ARTIFICIAL SHOULDER JOINT|"ROLE: Orthopedic Surgeon

Demographic Information:
- Age: 65
- Gender: Female
- Ethnicity: Caucasian
- Socio-economic Status: Middle class
- Education Level: College graduate
- Health Literacy: High
- Job Status: Retired

Symptom Description:
- Severity: Moderate
- Duration: 3 weeks
- Associated Symptoms: Mild swelling, limited range of motion
- Frequency: Constant
- Impact on Daily Activities: Difficulty performing household chores and personal care

Medical History:
- Previous Diagnoses: Osteoarthritis, Type 2 Diabetes
- Family Medical History: Mother had rheumatoid arthritis, father had hypertension
- Medication History: Metformin 500 mg oral tablet twice daily for diabetes, Lisinopril 10 mg oral tablet daily for hypertension
- Allergies: Penicillin
- Chronic Conditions: Hypertension, Type 2 Diabetes

Patient’s self-reported habits and lifestyle:
- Sleep: 6-7 hours per night, occasionally disturbed by pain
- Diet: Balanced diet, but sometimes high in sugar
- Exercise: Walks 3 times a week for 30 minutes
- Tobacco Use: None
- Alcohol Consumption: Occasional, 1-2 drinks per week
- Drug Use: None
- Recreational Activities: Gardening, reading

Geographical Location:
- Urban
- Affluent neighborhood
- Well-served by Transit

Clinical Setting:
- Hospital

Type of Encounter:
- Initial Consultation

Medical Outcome:
- Diagnosis: Presence of left artificial shoulder joint 
- Prescribed Treatment: Physical therapy for shoulder joint mobility, avoiding heavy lifting
- Follow-up Recommendations: Return in 4 weeks for a reassessment
- Referral to Specialists: Referred to Physical Therapy, Dr. Claire Thompson for rehabilitation exercises
- Medication Adjustment: Continue current medications
- Lifestyle Change: Emphasis on low-impact exercises like swimming, avoid activities that strain the shoulder

Physical Exams:
- Inspection of left shoulder reveals surgical scar, no signs of infection
- Palpation indicates mild tenderness and swelling
- Range of motion is limited
- Neurovascular status of left arm is intact

Investigation/Test results:
- Awaiting: X-ray of the left shoulder to assess the position and integrity of the artificial joint
- Order for Blood Work: Hematology and biochemistry panel to monitor for infection or inflammation markers"|Rejected|Rejected|Rejected|Rejected||
PRESENCE OF LEFT ARTIFICIAL SHOULDER JOINT|"ROLE: Orthopedic Surgeon

Demographic Information:
- Age: 43
- Gender: Male
- Ethnicity: Hispanic
- Socio-economic Status: Blue-collar worker
- Education Level: High school graduate
- Health Literacy: Moderate
- Job Status: Factory Worker

Symptom Description:
- Severity: Severe
- Duration: 5 months
- Associated Symptoms: Chronic pain, occasional clicking sounds, significant reduction in shoulder strength
- Frequency: Daily, worsens after work shifts
- Impact on Daily Activities: Difficulty lifting objects at work, unable to perform overhead activities, impaired sleep due to pain

Medical History:
- Previous Diagnoses: Rotator cuff tear, Hypertension
- Family Medical History: Father had coronary artery disease, mother had osteoporosis
- Medication History: Losartan 50 mg oral tablet daily for hypertension, Ibuprofen 400 mg oral tablet as needed for pain
- Allergies: None
- Chronic Conditions: Hypertension

Patient’s self-reported habits and lifestyle:
- Sleep: Poor, wakes up frequently due to shoulder pain
- Diet: Unbalanced diet, high in processed foods
- Exercise: Rarely exercises outside of work
- Tobacco Use: Smokes half a pack per day
- Alcohol Consumption: Drinks beer daily, about 2-3 cans
- Drug Use: None
- Recreational Activities: Used to play recreational soccer, now unable due to shoulder pain

Geographical Location:
- Rural
- Low-income neighborhood
- Limited medical facilities and specialists

Clinical Setting:
- Community Health Services

Type of Encounter:
- Follow-up Visit

Medical Outcome:
- Diagnosis: Presence of left artificial shoulder joint 
- Prescribed Treatment: Prescribed oxycodone 5 mg oral tablet every 6 hours as needed for severe pain, with a maximum of 30 tablets per month
- Follow-up Recommendations: Return in 6 weeks for pain reassessment and functional evaluation
- Referral to Specialists: Referral to Dr. Susan Hartman, Rehabilitation Specialist, for chronic pain management and shoulder strength training
- Follow-up Recommendations: Continue physical therapy at local rehab center, reevaluate in 6 weeks
- Lifestyle Change: Suggestions to quit smoking, reduce alcohol intake, and incorporate a balanced diet
- Imaging Requests: Order for an MRI of the left shoulder to check for any complications or structural issues with the artificial joint

Physical Exams:
- Inspection of left shoulder reveals a well-healed surgical scar with no signs of infection
- Palpation shows marked tenderness along the anterior and lateral shoulder
- Range of motion test shows severe limitation
- Neurovascular status of the left arm is diminished, decreased grip strength and sensation

Investigation/Test results:
- Awaiting: MRI results of the left shoulder

Treatment Disparities:
- Acknowledgement of limited access to advanced healthcare facilities in patient’s area. Discussed potential need for travel to a nearby city for specialized care if current treatment does not relieve symptoms."|Rejected|Rejected|Rejected|Rejected||
PRESENCE OF LEFT ARTIFICIAL SHOULDER JOINT|"ROLE: Orthopedic Surgeon

Demographic Information:
- Age: 29
- Gender: Female
- Ethnicity: African American
- Socio-economic Status: Low-income
- Education Level: Some college
- Health Literacy: Low
- Job Status: Unemployed

Symptom Description:
- Severity: Moderate
- Duration: 2 months
- Associated Symptoms: Intermittent sharp pain, occasional numbness in the arm
- Frequency: Daily, especially at night
- Impact on Daily Activities: Difficulty carrying groceries, impaired ability to care for her young child

Medical History:
- Previous Diagnoses: Juvenile rheumatoid arthritis, Depression
- Family Medical History: Mother had lupus, father had type 2 diabetes
- Medication History: Sertraline 50 mg oral tablet daily for depression, Acetaminophen 500 mg as needed for pain
- Allergies: None
- Chronic Conditions: Depression

Patient’s self-reported habits and lifestyle:
- Sleep: Poor, difficulty staying asleep due to shoulder pain
- Diet: High in fast food, low in fresh fruits and vegetables
- Exercise: Minimal exercise
- Tobacco Use: None
- Alcohol Consumption: None
- Drug Use: None
- Recreational Activities: Enjoys reading and watching TV

Geographical Location:
- Urban
- Impoverished neighborhood
- Limited access to healthy food options (food desert)

Clinical Setting:
- Urgent Care Center

Type of Encounter:
- Emergency Visit

Medical Outcome:
- Diagnosis: Presence of left artificial shoulder joint 
- Prescribed Treatment: Prescribe a short course of prednisone 10 mg oral tablets once daily for 5 days to reduce inflammation
- Referral to Specialists: Referral to Dr. Jonathan King, Pain Management Specialist, for chronic pain management 
- Follow-up Recommendations: Follow-up in 2 weeks at the local community health center to assess pain levels and functional improvement
- Order for Blood Work: Hematology panel to rule out infection or other complications
- Lifestyle Change: Advised to seek nutritional counseling to improve diet and manage weight for better joint health

Patient's Behavior:
- Level of Cooperation: Limited, frequently misses follow-up appointments and has difficulty adhering to medication schedules

Physical Exams:
- Inspection of left shoulder shows a well-healed surgical scar with no signs of infection
- Palpation reveals tenderness and moderate swelling
- Limited range of motion, especially in abduction and external rotation
- Neurovascular status of the left arm is intact

Investigation/Test results:
- Blood Work: Pending results from hematology panel 

Native Language Status:
- English-speaking

Treatment Disparities:
- Acknowledgement of limited resources in patient's neighborhood, discussed potential barriers to accessing prescribed treatments"|Rejected|Rejected|Rejected|Rejected||
