Disease Description|Scenario|Note|Polished Note|Abbreviated Note|Role|dial|polished_dial
TRIGGER FINGER, LEFT MIDDLE FINGER|"ROLE: Family Medicine Physician 

** Medical Outcome: ** 
    - Diagnosis: Trigger finger, left middle finger
    - Prescribed Treatment: Corticosteroid injection, Physical therapy, Oral NSAIDs 
    - Medication: 
        - Ibuprofen 400 mg, oral, 3 times daily for 2 weeks, 42 tablets
    - Follow-up: Return to the clinic in 4 weeks
    - Physical therapy: 2 times a week for 4 weeks

** Medical History: ** 
    - Previous Diagnoses: None
    - Family Medical History: Type 2 Diabetes in the patient's mother
    - Medication History: Occasional NSAID use for minor aches and pains 
    - Allergies: None
    - Chronic Conditions: None

** Symptom Description: ** 
    - Severity: Moderate to severe pain and stiffness
    - Duration: 3 months
    - Associated Symptoms: Clicking sensation upon flexion and extension of the left middle finger, occasional swelling
    - Frequency: Symptoms occur daily, with the most significant pain in the mornings
    - Impact on Daily Activities: Difficulty in gripping objects and typing at her job

** Patient’s self-reported habits and lifestyle: ** 
    - Sleep: 6-7 hours per night, reports occasional insomnia due to pain
    - Diet: Balanced diet, occasional fast food
    - Exercise: No regular exercise, sedentary lifestyle due to desk job
    - Tobacco Use: None 
    - Alcohol Consumption: Social drinker, about 3-4 drinks per month
    - Drug Use: None 
    - Recreational Activities: Enjoys knitting and gardening, but limited due to pain

** Demographic Information: ** 
    - Age: 45
    - Gender: Female
    - Ethnicity: Caucasian
    - Socio-economic Status: Middle class
    - Education Level: Bachelor's degree
    - Health Literacy: Moderate, understands basic health information and instructions
    - Job Status: Full-time office administrator

** Patient's Behavior: ** 
    - The patient is cooperative with medical advice and expresses a desire to manage her condition effectively.

** Geographical Location: ** 
    - Urban
    - Pollution and Environmental Health Risks: Low, living in a well-maintained residential area
    - Neighborhood Type: Affluent, well-served by public transit

** Clinical Setting: ** 
    - Private Practice

** Type of Encounter: ** 
    - Initial Consultation

** Treatment Disparities: ** 
    - None noted

** Native or Non-Native English Speaking Patient: ** 
    - Native English Speaker

** Physical exams: ** 
    - Tenderness and nodule felt at the base of the left middle finger
    - Pain and resistance felt on palpation and passive stretching 
    - Finger snaps or catches when flexed

** Investigation/Test results: ** 
    - NA"|"**1. Subjective:**

    **Chief Complaint (CC):** 
    - The patient, a 45-year-old Caucasian female, presents with moderate to severe pain and stiffness in her left middle finger.

    **History of Present Illness (HPI):** 
    - The patient reports that the symptoms started 3 months ago. She experiences a clicking sensation upon flexion and extension of the left middle finger, accompanied by occasional swelling. The symptoms are most pronounced in the mornings and occur daily. These symptoms have been significantly impacting her ability to grip objects and perform her job duties, which include typing.

    **Review of Systems (ROS):** 
    - Musculoskeletal: Moderate to severe pain and stiffness in the left middle finger, daily symptoms, and difficulty with gripping and typing.
    - General: No weight loss, fever, or fatigue reported.
    - Neurological: No numbness or tingling.
    - Gastrointestinal: Balanced diet, occasional fast food.
    - Lifestyle Factors: Sedentary lifestyle due to desk job, 6-7 hours of sleep per night with occasional insomnia due to pain, social alcohol consumption (3-4 drinks per month), and no tobacco or drug use.

**2. Objective:**

    **Vital Signs:**
    - Blood Pressure: 120/80 mmHg
    - Heart Rate: 72 bpm
    - Respiratory Rate: 16 breaths/min
    - Temperature: 98.6°F

    **Physical Examination:**
    - Musculoskeletal: 
        - Tenderness and nodule felt at the base of the left middle finger.
        - Pain and resistance felt on palpation and passive stretching of the left middle finger.
        - Finger snaps or catches when flexed.

**3. Assessment:**

    - The patient presents with clinical signs and symptoms consistent with a diagnosis of trigger finger in the left middle finger.

**4. Plan:**

    **Medical Treatment:**
    - Prescribed corticosteroid injection to the affected area to reduce inflammation.
    - Initiated physical therapy; recommended sessions twice a week for four weeks to improve range of motion and decrease pain.
    - Prescribed oral NSAIDs: Ibuprofen 400 mg, oral, three times daily for two weeks, totaling 42 tablets, to manage pain and inflammation.

    **Follow-Up:**
    - The patient should return to the clinic in 4 weeks for reassessment of her condition and response to treatment.

    **Recommendations:**
    - Advised the patient to avoid repetitive gripping or activities that strain the affected finger.
    - Recommended the use of a finger splint, especially during sleep, to keep the finger in a neutral position.
    - Encouraged the patient to perform gentle finger stretching exercises as demonstrated during the visit.

    **Patient Education:**
    - Explained the nature of trigger finger and its typical progression.
    - Discussed the potential benefits and side effects of the corticosteroid injection and NSAIDs.
    - Emphasized the importance of adhering to the physical therapy regimen.
    - Advised monitoring for any signs of infection at the injection site and to report any unusual symptoms immediately.

    **Patient Agreement:**
    - The patient understands and agrees with the proposed treatment plan and follow-up care."|"**1. Subjective:**

**Chief Complaint (CC):** 
- The patient, a 45-year-old Caucasian female, presents with moderate to severe pain and stiffness in her left middle finger.

**History of Present Illness (HPI):** 
- The patient reports that the symptoms started 3 months ago. She experiences a clicking sensation upon flexion and extension of the left middle finger, accompanied by occasional swelling. The symptoms are most pronounced in the mornings and occur daily. These symptoms have been significantly impacting her ability to grip objects and perform her job duties, which include typing.

**Review of Systems (ROS):** 
- Musculoskeletal: Moderate to severe pain and stiffness in the left middle finger, daily symptoms, and difficulty with gripping and typing.
- General: No weight loss, fever, or fatigue reported.
- Neurological: No numbness or tingling.
- Gastrointestinal: Balanced diet, occasional fast food.
- Lifestyle Factors: Sedentary lifestyle due to desk job, 6-7 hours of sleep per night with occasional insomnia due to pain, social alcohol consumption (3-4 drinks per month), and no tobacco or drug use.

**2. Objective:**

**Vital Signs:**
- Blood Pressure: 120/80 mmHg
- Heart Rate: 72 bpm
- Respiratory Rate: 16 breaths/min
- Temperature: 98.6°F

**Physical Examination:**
- Musculoskeletal: 
    - Tenderness and nodule felt at the base of the left middle finger.
    - Pain and resistance felt on palpation and passive stretching of the left middle finger.
    - Finger snaps or catches when flexed.

**3. Assessment:**

- The patient presents with clinical signs and symptoms consistent with a diagnosis of trigger finger in the left middle finger.

**4. Plan:**

**Medical Treatment:**
- Prescribed corticosteroid injection to the affected area to reduce inflammation.
- Initiated physical therapy; recommended sessions twice a week for four weeks to improve range of motion and decrease pain.
- Prescribed oral NSAIDs: Ibuprofen 400 mg, oral, three times daily for two weeks, totaling 42 tablets, to manage pain and inflammation.

**Follow-Up:**
- The patient should return to the clinic in 4 weeks for reassessment of her condition and response to treatment.

**Recommendations:**
- Advised the patient to avoid repetitive gripping or activities that strain the affected finger.
- Recommended the use of a finger splint, especially during sleep, to keep the finger in a neutral position.
- Encouraged the patient to perform gentle finger stretching exercises as demonstrated during the visit.

**Patient Education:**
- Explained the nature of trigger finger and its typical progression.
- Discussed the potential benefits and side effects of the corticosteroid injection and NSAIDs.
- Emphasized the importance of adhering to the physical therapy regimen.
- Advised monitoring for any signs of infection at the injection site and to report any unusual symptoms immediately.

**Patient Agreement:**
- The patient understands and agrees with the proposed treatment plan and follow-up care."|"**1. Subjective:**

**CC:** 
- The pt, a 45 y/o Caucasian F, presents with mod-severe pain and stiffness in her L middle finger.

**HPI:** 
- The pt reports that the sx started 3 mos ago. She experiences a clicking sensation upon flexion and extension of the L middle finger, accompanied by occasional swelling. The sx are most pronounced in the AMs and occur daily. These sx have been significantly impacting her ability to grip objects and perform her job duties, which include typing.

**ROS:** 
- MSK: Mod-severe pain and stiffness in the L middle finger, daily sx, and difficulty with gripping and typing.
- Gen: No wt loss, fever, or fatigue reported.
- Neuro: No numbness or tingling.
- GI: Balanced diet, occasional fast food.
- Lifestyle: Sedentary lifestyle due to desk job, 6-7 hrs of sleep per night with occasional insomnia due to pain, social EtOH consumption (3-4 drinks/mo), and no tobacco or drug use.

**2. Objective:**

**VS:**
- BP: 120/80 mmHg
- HR: 72 bpm
- RR: 16 breaths/min
- Temp: 98.6°F

**PE:**
- MSK: 
    - Tenderness and nodule felt at the base of the L middle finger.
    - Pain and resistance felt on palpation and passive stretching of the L middle finger.
    - Finger snaps or catches when flexed.

**3. Assessment:**

- The pt presents with clinical signs and sx consistent with a dx of trigger finger in the L middle finger.

**4. Plan:**

**Medical Tx:**
- Rx corticosteroid injection to the affected area to reduce inflammation.
- Initiated PT; recommended sessions BID for 4 wks to improve ROM and decrease pain.
- Rx oral NSAIDs: Ibuprofen 400 mg PO TID for 2 wks, totaling 42 tabs, to manage pain and inflammation.

**F/U:**
- The pt should return to the clinic in 4 wks for reassessment of her condition and response to tx.

**Recommendations:**
- Advised the pt to avoid repetitive gripping or activities that strain the affected finger.
- Recommended the use of a finger splint, especially during sleep, to keep the finger in a neutral position.
- Encouraged the pt to perform gentle finger stretching exercises as demonstrated during the visit.

**Pt Education:**
- Explained the nature of trigger finger and its typical progression.
- Discussed the potential benefits and SEs of the corticosteroid injection and NSAIDs.
- Emphasized the importance of adhering to the PT regimen.
- Advised monitoring for any signs of infection at the injection site and to report any unusual sx immediately.

**Pt Agreement:**
- The pt understands and agrees with the proposed tx plan and F/U care."|Family Medicine Physician |"**Conversation:**

**Doctor:** Hi there! How are you doing today?

**Patient:** Hi, Doctor. I'm doing okay, but I'm really struggling with this pain in my left middle finger.

**Doctor:** I see. So, it looks like you're experiencing moderate to severe pain and stiffness in your left middle finger?

**Patient:** Yes, that's correct. It's been really bothering me, especially in the mornings.

**Doctor:** Can you tell me when this started and how it's been affecting you?

**Patient:** It started about 3 months ago. I feel a clicking sensation whenever I flex or extend my finger. Sometimes it swells up too, and it's really affecting my ability to grip objects and type at work.

**Doctor:** That sounds quite uncomfortable. Do these symptoms occur daily?

**Patient:** Yes, every day. It's particularly bad in the mornings.

**Doctor:** I understand. Let's go through a quick review of your systems. Any weight loss, fever, or fatigue?

**Patient:** No, none of those.

**Doctor:** Any numbness or tingling in your fingers?

**Patient:** No, I haven't experienced any numbness or tingling.

**Doctor:** How about your diet? Are you eating balanced meals?

**Patient:** I try to eat a balanced diet, but I do have occasional fast food.

**Doctor:** Alright. How about your lifestyle? Do you have a sedentary lifestyle due to your desk job?

**Patient:** Yes, I do. I sit at a desk most of the day.

**Doctor:** How about your sleep? Are you getting enough rest?

**Patient:** I usually get around 6-7 hours of sleep per night, but sometimes I have insomnia because of the pain.

**Doctor:** Understood. Do you consume alcohol, smoke, or use any drugs?

**Patient:** I drink socially, maybe 3-4 drinks per month. I don't smoke or use drugs.

**Doctor:** Okay, thank you for that information. Let's move on to the physical examination. Your vitals are all within normal limits. Blood pressure is 120/80 mmHg, heart rate is 72 bpm, respiratory rate is 16 breaths/min, and your temperature is 98.6°F.

**Patient:** That sounds good.

**Doctor:** Now, let's examine your left middle finger. Hmm, I can feel tenderness and a nodule at the base of your finger. Does it hurt when I palpate it?

**Patient:** Yes, it does. And there's resistance when you stretch it too.

**Doctor:** I also notice that your finger snaps or catches when flexed. Based on these findings, it seems like you have trigger finger.

**Patient:** Trigger finger? What exactly is that?

**Doctor:** It's a condition where your finger gets stuck in a bent position. It can snap straight with a popping sensation. It often involves the tendons in the finger.

**Patient:** Oh, I see.

**Doctor:** For treatment, I recommend a corticosteroid injection to reduce inflammation. We'll also start you on physical therapy twice a week for four weeks to improve range of motion and decrease pain.

**Patient:** Okay, that sounds reasonable.

**Doctor:** Additionally, I'll prescribe oral NSAIDs. You'll take Ibuprofen 400 mg, three times daily for two weeks to manage pain and inflammation.

**Patient:** Got it.

**Doctor:** We'll need you to come back to the clinic in 4 weeks to reassess your condition and see how you're responding to the treatment.

**Patient:** Okay, I can do that.

**Doctor:** In the meantime, try to avoid repetitive gripping or activities that strain the affected finger. Using a finger splint, especially during sleep, can help keep your finger in a neutral position.

**Patient:** I'll make sure to do that.

**Doctor:** Also, perform gentle finger stretching exercises as demonstrated during this visit. It's important to adhere to the physical therapy regimen.

**Patient:** I will. Thank you for the advice.

**Doctor:** Lastly, if you notice any signs of infection at the injection site or experience any unusual symptoms, please report them immediately.

**Patient:** I understand.

**Doctor:** Great. Do you have any questions or concerns about the treatment plan?

**Patient:** No, I think you've covered everything.

**Doctor:** Excellent. So, you understand and agree with the proposed treatment plan and follow-up care?

**Patient:** Yes, I do.

**Doctor:** Perfect. We'll see you in 4 weeks. Take care and don't hesitate to reach out if you need anything before then.

**Patient:** Thank you, Doctor. I appreciate it.

**Doctor:** You're welcome. Take care!"|"[doctor]: Hi there! How are you doing today?

[patient]: Hi, Doctor. I'm doing okay, but I'm really struggling with this pain in my left middle finger.

[doctor]: Hmm, I see. So, it looks like you're experiencing moderate to severe pain and stiffness in your left middle finger?

[patient]: Yes, that's correct. It's been really bothering me, especially in the mornings.

[doctor]: I understand. Can you tell me when this started and how it's been affecting you?

[patient]: It started about 3 months ago. I feel a clicking sensation whenever I flex or extend my finger. Sometimes it swells up too, and it's really affecting my ability to grip objects and type at work.

[doctor]: That sounds quite uncomfortable. Do these symptoms occur daily?

[patient]: Yes, every day. It's particularly bad in the mornings.

[doctor]: Okay, I get it. Let's go through a quick review of your systems. Any weight loss, fever, or fatigue?

[patient]: No, none of those.

[doctor]: Any numbness or tingling in your fingers?

[patient]: No, I haven't experienced any numbness or tingling.

[doctor]: Alright. How about your diet? Are you eating balanced meals?

[patient]: I try to eat a balanced diet, but I do have occasional fast food.

[doctor]: Got it. How about your lifestyle? Do you have a sedentary lifestyle due to your desk job?

[patient]: Yes, I do. I sit at a desk most of the day.

[doctor]: Hmm, and how about your sleep? Are you getting enough rest?

[patient]: I usually get around 6-7 hours of sleep per night, but sometimes I have insomnia because of the pain.

[doctor]: Understood. Do you consume alcohol, smoke, or use any drugs?

[patient]: I drink socially, maybe 3-4 drinks per month. I don't smoke or use drugs.

[doctor]: Okay, thank you for that information. Let's move on to the physical examination. Your vitals are all within normal limits. Blood pressure is 120/80 mmHg, heart rate is 72 bpm, respiratory rate is 16 breaths/min, and your temperature is 98.6°F.

[patient]: That sounds good.

[doctor]: Now, let's examine your left middle finger. Hmm, I can feel tenderness and a nodule at the base of your finger. Does it hurt when I palpate it?

[patient]: Yes, it does. And there's resistance when you stretch it too.

[doctor]: I also notice that your finger snaps or catches when flexed. Based on these findings, it seems like you have trigger finger.

[patient]: Trigger finger? What exactly is that?

[doctor]: It's a condition where your finger gets stuck in a bent position and can snap straight with a popping sensation. It often involves the tendons in the finger.

[patient]: Oh, I see.

[doctor]: For treatment, I recommend a corticosteroid injection to reduce inflammation. We'll also start you on physical therapy twice a week for four weeks to improve range of motion and decrease pain.

[patient]: Okay, that sounds reasonable.

[doctor]: Additionally, I'll prescribe oral NSAIDs. You'll take Ibuprofen 400 mg, three times daily for two weeks to manage pain and inflammation.

[patient]: Got it.

[doctor]: We'll need you to come back to the clinic in 4 weeks to reassess your condition and see how you're responding to the treatment.

[patient]: Okay, I can do that.

[doctor]: In the meantime, try to avoid repetitive gripping or activities that strain the affected finger. Using a finger splint, especially during sleep, can help keep your finger in a neutral position.

[patient]: I'll make sure to do that.

[doctor]: Also, perform gentle finger stretching exercises as demonstrated during this visit. It's important to adhere to the physical therapy regimen.

[patient]: I will. Thank you for the advice.

[doctor]: Lastly, if you notice any signs of infection at the injection site or experience any unusual symptoms, please report them immediately.

[patient]: I understand.

[doctor]: Great. Do you have any questions or concerns about the treatment plan?

[patient]: No, I think you've covered everything.

[doctor]: Excellent. So, you understand and agree with the proposed treatment plan and follow-up care?

[patient]: Yes, I do.

[doctor]: Perfect. We'll see you in 4 weeks. Take care and don't hesitate to reach out if you need anything before then.

[patient]: Thank you, Doctor. I appreciate it.

[doctor]: You're welcome. Take care!"
TRIGGER FINGER, LEFT MIDDLE FINGER|"ROLE: Orthopedic Specialist

1. Medical Outcome:
    - Diagnosis: Trigger Finger, Left Middle Finger
    - Prescribed Treatment:
        - Medication: NSAID
          - Dosage: Naproxen 250 mg
          - Frequency: Twice daily with meals
          - Duration: 14 days
          - Route: Oral
        - Corticosteroid Injection:
          - Injection site: Left Middle Finger
        - Splinting of the affected finger
    - Follow-up Recommendations: Return in 2 weeks for reassessment
    - Referral to Imaging: MRI of the left hand to assess tendon and ligament status
    - Lifestyle Change: Utilize ergonomic tools, avoid repetitive gripping tasks, hand therapy exercises

2. Medical History:
    - Previous Diagnoses: Carpal Tunnel Syndrome, Hypothyroidism
    - Family Medical History: Mother with rheumatoid arthritis, sister with lupus
    - Medication History: Levothyroxine 75 mcg daily for hypothyroidism
    - Allergies: Sulfa drugs
    - Chronic Conditions: Hypothyroidism, Carpal Tunnel Syndrome

3. Symptom Description:
    - Severity: Severe
    - Duration: 4 months
    - Associated Symptoms: Clicking, snapping sensation, and painful locking of the left middle finger
    - Frequency: Several times a day, worse in the morning
    - Impact on Daily Activities: Unable to perform tasks requiring fine motor skills, difficulty holding objects

4. Patient’s self-reported habits and lifestyle:
    - Sleep: Insomnia, averaging 4-5 hours/night
    - Diet: High carbohydrate diet, low in fruits and vegetables
    - Exercise: None
    - Tobacco Use: Smokes 10 cigarettes/day
    - Alcohol Consumption: Daily (2-3 drinks)
    - Drug Use: Occasional marijuana use
    - Recreational Activities: None

5. Demographic Information:
    - Age: 50
    - Gender: Male
    - Ethnicity: African American
    - Socio-economic Status: Working-class
    - Education Level: Trade school graduate
    - Health Literacy: Low
    - Job Status: Construction worker

6. Patient's Behavior:
    - Occasionally non-compliant with medical advice, misses follow-up appointments

7. Geographical Location:
    - Rural area
    - Limited access to healthcare services
    - Neighborhood: Impoverished, food desert

8. Clinical Setting:
    - Community Health Services Clinic

9. Type of Encounter:
    - Emergency Visit

10. Treatment Disparities:
    - Limited access to advanced treatment options, financial constraints affecting medication adherence

11. Native or Non-Native English Speaking Patient:
    - Native English speaking

12. Physical exams:
    - Musculoskeletal: Noted triggering and locking of the left middle finger during flexion and extension, tenderness along the flexor tendon

13. Investigation/Test results:
    - Awaiting MRI results for the left hand to assess tendons and ligaments"|"**1. Subjective:**

**Chief Complaint (CC):**
Patient presents with severe pain and locking of the left middle finger.

**History of Present Illness (HPI):**
The patient, a 50-year-old African American male construction worker, reports experiencing a clicking and snapping sensation in his left middle finger for the past 4 months. The symptoms are worse in the morning and occur multiple times a day, significantly impacting his ability to perform tasks requiring fine motor skills or to hold objects.

**Review of Systems (ROS):**
- Musculoskeletal: Reports severe pain and locking of the left middle finger.
- Constitutional: Reports insomnia, averaging 4-5 hours/night.
- Respiratory: Smokes 10 cigarettes/day.
- Gastrointestinal: No significant complaints.
- Psychiatric: No significant complaints.

**2. Objective:**

**Vital Signs:**
- Blood Pressure: 150/90 mmHg
- Heart Rate: 82 bpm
- Respiratory Rate: 16 breaths/min
- Temperature: 98.6°F

**Physical Exam:**
- **Musculoskeletal:** 
  - Noted triggering and locking of the left middle finger during flexion and extension. 
  - Tenderness along the flexor tendon.

**Test Results:**
- MRI of the left hand ordered to assess tendon and ligament status (results pending).

**3. Assessment:**
- **Primary Diagnosis:** Trigger Finger, Left Middle Finger.
- **Differential Diagnosis:**
  - Flexor tendonitis
  - Rheumatoid arthritis (given family history)
  - Carpal Tunnel Syndrome exacerbation

**4. Plan:**

**Medical Treatment:**
- **Medication:** Naproxen 250 mg, twice daily with meals for 14 days.
- **Injection:** Corticosteroid injection to the left middle finger to reduce inflammation and pain.
- **Splinting:** Splint the affected finger to limit movement and prevent further triggering.

**Patient Education and Counseling:**
- Advised the patient on ergonomic tools and avoiding repetitive gripping tasks.
- Encouraged hand therapy exercises to improve finger mobility and strength.

**Referral:** 
- MRI of the left hand to assess tendon and ligament status.

**Follow-up:**
- Patient to return in 2 weeks for reassessment.

**Lifestyle Changes:**
- Suggested improvements in diet to include more fruits and vegetables.
- Recommended smoking cessation and reduction in alcohol intake.
- Encouraged moderate exercise to improve overall health.

**Instructions:**
- Patient instructed to adhere to prescribed medication and follow-up appointments despite financial and accessibility constraints.
- Emphasis placed on the importance of adherence to treatment and follow-up for optimal recovery and management of trigger finger.

**Patient Agreements:**
- The patient understands and agrees with the recommended medical treatment plan.

**INSTRUCTIONS:**
- Follow up in 2 weeks for reassessment and review MRI results."|"**1. Subjective:**

**Chief Complaint (CC):**
Patient presents with severe pain and locking of the left middle finger.

**History of Present Illness (HPI):**
The patient, a 50-year-old African American male construction worker, reports experiencing a clicking and snapping sensation in his left middle finger for the past 4 months. The symptoms are worse in the morning and occur multiple times a day, significantly impacting his ability to perform tasks requiring fine motor skills or to hold objects.

**Review of Systems (ROS):**
- Musculoskeletal: Reports severe pain and locking of the left middle finger.
- Constitutional: Reports insomnia, averaging 4-5 hours/night.
- Respiratory: Smokes 10 cigarettes/day.
- Gastrointestinal: No significant complaints.
- Psychiatric: No significant complaints.

**2. Objective:**

**Vital Signs:**
- Blood Pressure: 150/90 mmHg
- Heart Rate: 82 bpm
- Respiratory Rate: 16 breaths/min
- Temperature: 98.6°F

**Physical Exam:**
- **Musculoskeletal:** 
  - Noted triggering and locking of the left middle finger during flexion and extension. 
  - Tenderness along the flexor tendon.

**3. Assessment:**
- **Primary Diagnosis:** Trigger Finger, Left Middle Finger.
- **Differential Diagnosis:**
  - Flexor tendonitis
  - Rheumatoid arthritis (given family history)
  - Carpal Tunnel Syndrome exacerbation

**4. Plan:**

**Medical Treatment:**
- **Medication:** Naproxen 250 mg, twice daily with meals for 14 days.
- **Injection:** Corticosteroid injection to the left middle finger to reduce inflammation and pain.
- **Splinting:** Splint the affected finger to limit movement and prevent further triggering.

**Patient Education and Counseling:**
- Advised the patient on ergonomic tools and avoiding repetitive gripping tasks.
- Encouraged hand therapy exercises to improve finger mobility and strength.

**Referral:** 
- Referral to Dr. John Smith, Orthopedic Specialist, for further evaluation and management of trigger finger.

**Follow-up:**
- Patient to return in 2 weeks for reassessment.

**Lifestyle Changes:**
- Suggested improvements in diet to include more fruits and vegetables.
- Recommended smoking cessation and reduction in alcohol intake.
- Encouraged moderate exercise to improve overall health.

**Instructions:**
- Patient instructed to adhere to prescribed medication and follow-up appointments despite financial and accessibility constraints.
- Emphasis placed on the importance of adherence to treatment and follow-up for optimal recovery and management of trigger finger.

**Patient Agreements:**
- The patient understands and agrees with the recommended medical treatment plan.

**INSTRUCTIONS:**
- Follow up in 2 weeks for reassessment and review MRI results."|"**1. Subjective:**

**CC:**
Pt presents with severe pain and locking of the L middle finger.

**HPI:**
The pt, a 50 y/o African American male construction worker, reports experiencing a clicking and snapping sensation in his L middle finger for the past 4 mos. The sx are worse in the AM and occur multiple times/day, significantly impacting his ability to perform tasks requiring fine motor skills or to hold objects.

**ROS:**
- MSK: Reports severe pain and locking of the L middle finger.
- Constitutional: Reports insomnia, averaging 4-5 hrs/night.
- Resp: Smokes 10 cigs/day.
- GI: No significant complaints.
- Psych: No significant complaints.

**2. Objective:**

**VS:**
- BP: 150/90 mmHg
- HR: 82 bpm
- RR: 16 breaths/min
- Temp: 98.6°F

**PE:**
- **MSK:** 
  - Noted triggering and locking of the L middle finger during flexion and extension. 
  - Tenderness along the flexor tendon.

**3. Assessment:**
- **Primary Dx:** Trigger Finger, L Middle Finger.
- **DDx:**
  - Flexor tendonitis
  - RA (given FHx)
  - CTS exacerbation

**4. Plan:**

**Medical Tx:**
- **Rx:** Naproxen 250 mg, BID with meals for 14 days.
- **Injection:** Corticosteroid injection to the L middle finger to reduce inflammation and pain.
- **Splinting:** Splint the affected finger to limit movement and prevent further triggering.

**Pt Education and Counseling:**
- Advised the pt on ergonomic tools and avoiding repetitive gripping tasks.
- Encouraged hand therapy exercises to improve finger mobility and strength.

**Referral:** 
- Referral to Dr. John Smith, Ortho Specialist, for further eval and mgmt of trigger finger.

**F/U:**
- Pt to return in 2 wks for reassessment.

**Lifestyle Changes:**
- Suggested improvements in diet to include more fruits and veggies.
- Recommended smoking cessation and reduction in EtOH intake.
- Encouraged moderate exercise to improve overall health.

**Instructions:**
- Pt instructed to adhere to prescribed meds and F/U appts despite financial and accessibility constraints.
- Emphasis placed on the importance of adherence to tx and F/U for optimal recovery and mgmt of trigger finger.

**Pt Agreements:**
- The pt understands and agrees with the recommended medical tx plan.

**INSTRUCTIONS:**
- F/U in 2 wks for reassessment and review MRI results."|Orthopedic Specialist|"**[doctor]** Good morning, how are you today?

**[patient]** Good morning, doc. I’m in quite a bit of pain, to be honest.

**[doctor]** I see. I understand you’re experiencing severe pain and locking in your left middle finger. Can you tell me a bit more about that?

**[patient]** Yeah, it's been happening for the past 4 months. My finger just clicks and snaps when I try to move it. It's the worst in the mornings and happens multiple times a day.

**[doctor]** That sounds very uncomfortable. Does it affect your daily activities?

**[patient]** Absolutely. I’m a construction worker, so I need my hands to hold tools and perform fine motor tasks. This finger issue is really making my job difficult.

**[doctor]** I can imagine. Have you noticed any other symptoms or changes in your health?

**[patient]** Well, I’ve been having trouble sleeping too. I only get about 4-5 hours of sleep a night.

**[doctor]** Insomnia can definitely impact your overall well-being. What about any respiratory issues?

**[patient]** I do smoke about 10 cigarettes a day, but no other respiratory problems that I know of.

**[doctor]** Got it. How about your gastrointestinal and psychiatric health?

**[patient]** No issues there, everything seems fine in those areas.

**[doctor]** Alright, let’s take a look at your vital signs. Your blood pressure is 150/90 mmHg, heart rate is 82 bpm, respiratory rate is 16 breaths per minute, and your temperature is 98.6°F.

**[patient]** Okay, is that all normal?

**[doctor]** Your blood pressure is a bit high, which we’ll need to monitor. Now, let’s move on to the physical exam. I noticed some triggering and locking of your left middle finger during flexion and extension. You also have tenderness along the flexor tendon.

**[patient]** Yeah, it hurts a lot when I try to move it.

**[doctor]** Based on your symptoms and physical exam, it looks like you have trigger finger in your left middle finger. We’ll need to confirm with an MRI to assess the tendon and ligament status.

**[patient]** What’s trigger finger exactly?

**[doctor]** Trigger finger is when one of your fingers gets stuck in a bent position and may straighten with a snap, like a trigger being pulled and released. It’s caused by inflammation of the tendon.

**[patient]** That makes sense. What can we do about it?

**[doctor]** We’ll start with some treatments. I’m prescribing Naproxen 250 mg, twice daily with meals for 14 days to help with the pain and inflammation. We’ll also give you a corticosteroid injection in the affected finger to reduce inflammation.

**[patient]** Alright, what else?

**[doctor]** I’ll also provide a splint for your finger to limit movement and prevent further triggering. You should try to avoid repetitive gripping tasks and use ergonomic tools.

**[patient]** That’s gonna be tough with my job, but I’ll try.

**[doctor]** Understood. I’ll also refer you for hand therapy exercises to improve finger mobility and strength.

**[patient]** Sounds like a plan. Anything else I should do?

**[doctor]** Yes, some lifestyle changes could help. Try to improve your diet by including more fruits and vegetables. I also recommend you work on quitting smoking and reducing alcohol intake. Moderate exercise can improve overall health too.

**[patient]** Quitting smoking will be hard, but I’ll give it a shot.

**[doctor]** It’s a good step for your health. Make sure to follow the medication and attend all follow-up appointments despite any financial or accessibility constraints. It’s important for your recovery.

**[patient]** I’ll do my best, doc.

**[doctor]** Great. We’ll follow up in 2 weeks to reassess and review the MRI results. Do you have any questions for me?

**[patient]** Not right now. Thanks for explaining everything.

**[doctor]** You’re welcome. Take care and see you in 2 weeks.

**[patient]** Thanks, doc. See you then."|"**[doctor]** Good morning, how are you today?

**[patient]** Good morning, doc. I’m in quite a bit of pain, to be honest.

**[doctor]** I see. I understand you’re experiencing severe pain and locking in your left middle finger. Can you tell me a bit more about that?

**[patient]** Yeah, it's been happening for the past 4 months. My finger just clicks and snaps when I try to move it. It's the worst in the mornings and happens multiple times a day.

**[doctor]** That sounds very uncomfortable. Does it affect your daily activities?

**[patient]** Absolutely. I’m a construction worker, so I need my hands to hold tools and perform fine motor tasks. This finger issue is really making my job difficult.

**[doctor]** I can imagine. Have you noticed any other symptoms or changes in your health?

**[patient]** Well, I’ve been having trouble sleeping too. I only get about 4-5 hours of sleep a night.

**[doctor]** Insomnia can definitely impact your overall well-being. What about any respiratory issues?

**[patient]** I do smoke about 10 cigarettes a day, but no other respiratory problems that I know of.

**[doctor]** Got it. How about your gastrointestinal and psychiatric health?

**[patient]** No issues there, everything seems fine in those areas.

**[doctor]** Alright, let’s take a look at your vital signs. Your blood pressure is 150/90 mmHg, heart rate is 82 bpm, respiratory rate is 16 breaths per minute, and your temperature is 98.6°F.

**[patient]** Okay, is that all normal?

**[doctor]** Your blood pressure is a bit high, which we’ll need to monitor. Now, let’s move on to the physical exam. I noticed some triggering and locking of your left middle finger during flexion and extension. You also have tenderness along the flexor tendon.

**[patient]** Yeah, it hurts a lot when I try to move it.

**[doctor]** Based on your symptoms and physical exam, it looks like you have trigger finger in your left middle finger. We’ll need to confirm with an MRI to assess the tendon and ligament status.

**[patient]** What’s trigger finger exactly?

**[doctor]** Trigger finger is when one of your fingers gets stuck in a bent position and may straighten with a snap, like a trigger being pulled and released. It’s caused by inflammation of the tendon.

**[patient]** That makes sense. What can we do about it?

**[doctor]** We’ll start with some treatments. I’m prescribing Naproxen 250 mg, twice daily with meals for 14 days to help with the pain and inflammation. We’ll also give you a corticosteroid injection in the affected finger to reduce inflammation.

**[patient]** Alright, what else?

**[doctor]** I’ll also provide a splint for your finger to limit movement and prevent further triggering. You should try to avoid repetitive gripping tasks and use ergonomic tools.

**[patient]** That’s gonna be tough with my job, but I’ll try.

**[doctor]** Understood. I’ll also refer you for hand therapy exercises to improve finger mobility and strength.

**[patient]** Sounds like a plan. Anything else I should do?

**[doctor]** Yes, some lifestyle changes could help. Try to improve your diet by including more fruits and vegetables. I also recommend you work on quitting smoking and reducing alcohol intake. Moderate exercise can improve overall health too.

**[patient]** Quitting smoking will be hard, but I’ll give it a shot.

**[doctor]** It’s a good step for your health. Make sure to follow the medication and attend all follow-up appointments despite any financial or accessibility constraints. It’s important for your recovery.

**[patient]** I’ll do my best, doc.

**[doctor]** Great. We’ll follow up in 2 weeks to reassess and review the MRI results. Do you have any questions for me?

**[patient]** Not right now. Thanks for explaining everything.

**[doctor]** You’re welcome. Take care and see you in 2 weeks.

**[patient]** Thanks, doc. See you then."
TRIGGER FINGER, LEFT MIDDLE FINGER|"ROLE: Orthopedic Specialist

**Medical Outcome:**
- Diagnosis: Trigger finger, left middle finger (ICD-10 M65.332)
- Prescribed Treatment: 
  - Corticosteroid Injection: 20 mg triamcinolone acetonide, injected at the base of the affected finger, one-time administration.
  - Referral to Physical Therapy: For hand therapy, to improve range of motion and reduce inflammation. Referred to Jane Doe, PT, at City Hand Therapy Clinic.
- Follow-up Recommendations: Revisit in 6 weeks to assess response to treatment and discuss further management if symptoms persist or worsen.

**Medical History:**
- Previous Diagnoses: Type 2 diabetes mellitus, hypertension.
- Family Medical History: Mother with rheumatoid arthritis.
- Medication History: Metformin 500 mg twice daily, Lisinopril 10 mg daily.
- Allergies: None.
- Chronic Conditions: Type 2 diabetes mellitus, hypertension.

**Symptom Description:**
- Severity: Moderate pain and clicking in the left middle finger.
- Duration: Symptoms present for 3 months.
- Associated Symptoms: Morning stiffness, occasional swelling.
- Frequency: Daily occurrences, worsened with activity.
- Impact on Daily Activities: Difficulty in performing daily tasks such as grasping objects and typing.

**Patient’s Self-reported Habits and Lifestyle:**
- Sleep: 7 hours of sleep per night, occasionally disrupted due to finger pain.
- Diet: Generally balanced diet, follows diabetic diet recommendations.
- Exercise: Mild, occasional walking.
- Tobacco use: None.
- Alcohol consumption: Social drinking, about once a month.
- Drug use: None.
- Recreational Activities: Enjoys gardening and reading.

**Demographic Information:**
- Age: 55
- Gender: Female
- Ethnicity: Hispanic
- Socio-economic Status: Middle class
- Education Level: College graduate
- Health Literacy: Moderate understanding of health information
- Job Status: Office worker, administrative assistant

**Patient's Behavior:**
- Level of Cooperation: Highly cooperative with medical advice and treatment.

**Geographical Location:**
- Big City
- Urban
- Neighborhood Type: Mixed-income community, well-served by public transit, access to green spaces.

**Clinical Setting:**
- Specialty Clinic

**Type of Encounter:**
- Initial Consultation

**Treatment Disparities:**
- None

**Native or Non-Native English Speaking Patient:**
- Native English Speaking Patient

**Physical Exams:**
- Hand and Finger Exam: 
  - Palpable nodule at the base of the left middle finger.
  - Clicking sensation when moving the finger.
  - Pain elicited on palpation of the affected tendon.

**Investigation/Test Results:**
- X-ray of the Left Hand: No bony abnormalities, joint spaces within normal limits."|"Subjective: 
**Chief Complaint (CC):**
- Patient presents with moderate pain and clicking in the left middle finger.

**History of Present Illness (HPI):**
- Patient reports symptoms have been present for 3 months.
- Experiences daily occurrences of pain and clicking, worsened with activity.
- Associated symptoms include morning stiffness and occasional swelling.
- Difficulty in performing daily tasks such as grasping objects and typing.

**Review of Systems (ROS):**
- Musculoskeletal: Reports moderate pain and clicking in the left middle finger, morning stiffness, and occasional swelling.
- General: Adequate 7 hours of sleep per night, occasionally disrupted due to finger pain.
- Endocrine: History of type 2 diabetes mellitus, managed with medication.
- Cardiovascular: History of hypertension, managed with medication.

Objective:
**Vital Signs:**
- Blood Pressure: 130/85 mmHg
- Heart Rate: 72 beats per minute
- Respiratory Rate: 16 breaths per minute
- Temperature: 98.6°F

**Physical Exam:**
- General: Patient is well-appearing, in no acute distress.
- Hand and Finger Exam:
  - Palpable nodule at the base of the left middle finger.
  - Clicking sensation when moving the finger.
  - Pain elicited on palpation of the affected tendon.
  - No signs of infection or gross deformity.

**Investigation/Test Results:**
- X-ray of the Left Hand: No bony abnormalities, joint spaces within normal limits.

Assessment:
- Diagnosis: Trigger finger, left middle finger (ICD-10 M65.332).

Plan:
**Medical Treatment:**
- Administered Corticosteroid Injection: 20 mg triamcinolone acetonide, injected at the base of the affected finger.

**Referrals:**
- Referral to Physical Therapy: For hand therapy with Jane Doe, PT, at City Hand Therapy Clinic, to improve the range of motion and reduce inflammation.

**Follow-Up Recommendations:**
- Revisit in 6 weeks to assess the response to treatment and discuss further management if symptoms persist or worsen.

**Patient Education and Counseling:**
- Discussed the nature of trigger finger, treatment options, and expected outcomes.
- Advised on hand exercises and activity modifications to reduce strain on the affected finger.
- Explained potential side effects of the corticosteroid injection and the importance of follow-up care.

**Patient Agreements:**
- The patient understands and agrees with the recommended medical treatment plan. 

Instructions to Patient:
- Contact the clinic if symptoms significantly worsen or if there are signs of infection such as increased redness, swelling, or fever.
- Engage in prescribed hand therapy exercises and follow up with the physical therapist as scheduled. 
- Return for follow-up evaluation in 6 weeks."|"**Subjective:**
**Chief Complaint (CC):**
- Patient presents with moderate pain and clicking in the left middle finger.

**History of Present Illness (HPI):**
- Patient reports symptoms have been present for 3 months.
- Experiences daily occurrences of pain and clicking, worsened with activity.
- Associated symptoms include morning stiffness and occasional swelling.
- Difficulty in performing daily tasks such as grasping objects and typing.

**Review of Systems (ROS):**
- Musculoskeletal: Reports moderate pain and clicking in the left middle finger, morning stiffness, and occasional swelling.
- General: Adequate 7 hours of sleep per night, occasionally disrupted due to finger pain.
- Endocrine: History of type 2 diabetes mellitus, managed with medication.
- Cardiovascular: History of hypertension, managed with medication.

**Objective:**
**Vital Signs:**
- Blood Pressure: 130/85 mmHg
- Heart Rate: 72 beats per minute
- Respiratory Rate: 16 breaths per minute
- Temperature: 98.6°F

**Physical Exam:**
- General: Patient is well-appearing, in no acute distress.
- Hand and Finger Exam:
  - Palpable nodule at the base of the left middle finger.
  - Clicking sensation when moving the finger.
  - Pain elicited on palpation of the affected tendon.
  - No signs of infection or gross deformity.

**Investigation/Test Results:**
- X-ray of the Left Hand: No bony abnormalities, joint spaces within normal limits.

**Assessment:**
- Diagnosis: Trigger finger, left middle finger (ICD-10 M65.332).

**Plan:**
**Medical Treatment:**
- Administered Corticosteroid Injection: 20 mg triamcinolone acetonide, injected at the base of the affected finger.

**Referrals:**
- Referral to Physical Therapy: For hand therapy with Jane Doe, PT, at City Hand Therapy Clinic, to improve the range of motion and reduce inflammation.

**Follow-Up Recommendations:**
- Revisit in 6 weeks to assess the response to treatment and discuss further management if symptoms persist or worsen.

**Patient Education and Counseling:**
- Discussed the nature of trigger finger, treatment options, and expected outcomes.
- Advised on hand exercises and activity modifications to reduce strain on the affected finger.
- Explained potential side effects of the corticosteroid injection and the importance of follow-up care.

**Patient Agreements:**
- The patient understands and agrees with the recommended medical treatment plan.

**Instructions to Patient:**
- Contact the clinic if symptoms significantly worsen or if there are signs of infection such as increased redness, swelling, or fever.
- Engage in prescribed hand therapy exercises and follow up with the physical therapist as scheduled.
- Return for follow-up evaluation in 6 weeks."|"**Subjective:**
**CC:**
- Pt presents with moderate pain and clicking in the L middle finger.

**HPI:**
- Pt reports sx have been present for 3 mos.
- Experiences daily occurrences of pain and clicking, worsened with activity.
- Associated sx include AM stiffness and occasional swelling.
- Difficulty in performing ADLs such as grasping objects and typing.

**ROS:**
- MSK: Reports moderate pain and clicking in the L middle finger, AM stiffness, and occasional swelling.
- General: Adequate 7 hrs of sleep per night, occasionally disrupted due to finger pain.
- Endo: Hx of T2DM, managed with meds.
- CV: Hx of HTN, managed with meds.

**Objective:**
**VS:**
- BP: 130/85 mmHg
- HR: 72 bpm
- RR: 16 bpm
- Temp: 98.6°F

**PE:**
- General: Pt is well-appearing, in NAD.
- Hand and Finger Exam:
  - Palpable nodule at the base of the L middle finger.
  - Clicking sensation when moving the finger.
  - Pain elicited on palpation of the affected tendon.
  - No signs of infxn or gross deformity.

**Investigation/Test Results:**
- X-ray of the L Hand: No bony abnormalities, joint spaces WNL.

**Assessment:**
- Dx: Trigger finger, L middle finger (ICD-10 M65.332).

**Plan:**
**Medical Tx:**
- Administered Corticosteroid Injection: 20 mg triamcinolone acetonide, injected at the base of the affected finger.

**Referrals:**
- Referral to PT: For hand therapy with Jane Doe, PT, at City Hand Therapy Clinic, to improve ROM and reduce inflammation.

**Follow-Up Recommendations:**
- Revisit in 6 wks to assess the response to tx and discuss further mgmt if sx persist or worsen.

**Pt Education and Counseling:**
- Discussed the nature of trigger finger, tx options, and expected outcomes.
- Advised on hand exercises and activity modifications to reduce strain on the affected finger.
- Explained potential SEs of the corticosteroid injection and the importance of follow-up care.

**Pt Agreements:**
- The pt understands and agrees with the recommended medical tx plan.

**Instructions to Pt:**
- Contact the clinic if sx significantly worsen or if there are signs of infxn such as increased redness, swelling, or fever.
- Engage in prescribed hand therapy exercises and follow up with the PT as scheduled.
- Return for follow-up eval in 6 wks."|Orthopedic Specialist|"[Doctor] Hi there, how are you today?

[Patient] Hi, I'm okay. I've been having some trouble with my finger.

[Doctor] I see. Can you tell me more about what's been going on with your finger?

[Patient] Sure, I've been having moderate pain and clicking in my left middle finger. It's been like this for about three months now.

[Doctor] Hmm, that's quite some time. Does the pain and clicking happen every day?

[Patient] Yes, it happens daily, and it gets worse with activity.

[Doctor] Alright, are there any other symptoms that you've noticed?

[Patient] Yes, there's morning stiffness and sometimes it swells up a bit.

[Doctor] I see. Has this been affecting your ability to perform daily tasks?

[Patient] Definitely. It's hard to grasp objects and typing has become really difficult.

[Doctor] That's understandable. How has this been affecting your sleep?

[Patient] I usually get about 7 hours of sleep per night, but sometimes the finger pain wakes me up.

[Doctor] Okay, and how about your general health? Any other medical conditions?

[Patient] I have type 2 diabetes and hypertension, but both are managed with medication.

[Doctor] Alright, thanks for sharing that. Let's go over your symptoms once more. So, you have moderate pain and clicking in your left middle finger, morning stiffness, and occasional swelling. Is that correct?

[Patient] Yes, that's right.

[Doctor] Okay, let's move on to a physical exam. I'll start by checking your vital signs. Your blood pressure is 130/85 mmHg, heart rate is 72 beats per minute, respiratory rate is 16 breaths per minute, and your temperature is 98.6°F. Everything looks normal there.

[Patient] That's good to hear.

[Doctor] Now, let's take a closer look at your hand and finger. I can feel a palpable nodule at the base of your left middle finger. Do you feel any pain when I press here?

[Patient] Yes, that hurts.

[Doctor] There's definitely a clicking sensation when you move your finger. I don't see any signs of infection or gross deformity, which is good.

[Patient] Okay.

[Doctor] I'll also review the X-ray of your left hand. There are no bony abnormalities, and the joint spaces are within normal limits. That’s a positive sign.

[Patient] That’s a relief.

[Doctor] Based on your symptoms and the physical exam, it looks like you have a condition called trigger finger in your left middle finger.

[Patient] Trigger finger?

[Doctor] Yes, it's a condition where a finger gets stuck in a bent position and then snaps straight. It’s often caused by inflammation and narrowing of the sheath surrounding the tendon in the affected finger.

[Patient] Oh, I see.

[Doctor] For treatment, I'll administer a corticosteroid injection to help reduce the inflammation. This should help with the pain and clicking.

[Patient] Okay.

[Doctor] I’ll be using 20 mg triamcinolone acetonide, and I’ll inject it at the base of the affected finger. You might feel a little discomfort, but it should help in the long run.

[Patient] Alright, go ahead.

[Doctor] There you go. It's all done. Now, I’m going to refer you to physical therapy for hand therapy with Jane Doe at City Hand Therapy Clinic. The therapy will help improve your range of motion and reduce inflammation.

[Patient] That sounds good.

[Doctor] I’ll also need you to follow up with us in 6 weeks to assess the response to the treatment and discuss further management if your symptoms persist or worsen.

[Patient] Okay, I’ll do that.

[Doctor] Great. Let’s talk about some things you can do at home. Make sure to engage in the prescribed hand therapy exercises and modify activities to reduce strain on your finger.

[Patient] Got it.

[Doctor] Also, be aware of potential side effects from the corticosteroid injection like increased redness, swelling, or fever. If you notice any signs of infection, contact the clinic immediately.

[Patient] Will do.

[Doctor] Do you have any questions about the treatment or anything we've discussed today?

[Patient] No, I think I understand everything.

[Doctor] Excellent. Just remember to follow up with the physical therapist and come back in 6 weeks for a re-evaluation. 

[Patient] Okay, thank you.

[Doctor] You’re welcome. Take care and see you in six weeks."|"[Doctor] Hi there, how are you today?

[Patient] Hi, I'm okay. I've been having some trouble with my finger.

[Doctor] I see. Can you tell me more about what's been going on with your finger?

[Patient] Sure, I've been having moderate pain and clicking in my left middle finger. It's been like this for about three months now.

[Doctor] Hmm, that's quite some time. Does the pain and clicking happen every day?

[Patient] Yes, it happens daily, and it gets worse with activity.

[Doctor] Alright, are there any other symptoms that you've noticed?

[Patient] Yes, there's morning stiffness and sometimes it swells up a bit.

[Doctor] I see. Has this been affecting your ability to perform daily tasks?

[Patient] Definitely. It's hard to grasp objects and typing has become really difficult.

[Doctor] That's understandable. How has this been affecting your sleep?

[Patient] I usually get about 7 hours of sleep per night, but sometimes the finger pain wakes me up.

[Doctor] Okay, and how about your general health? Any other medical conditions?

[Patient] I have type 2 diabetes and hypertension, but both are managed with medication.

[Doctor] Alright, thanks for sharing that. Let's go over your symptoms once more. So, you have moderate pain and clicking in your left middle finger, morning stiffness, and occasional swelling. Is that correct?

[Patient] Yes, that's right.

[Doctor] Okay, let's move on to a physical exam. I'll start by checking your vital signs. Your blood pressure is 130/85 mmHg, heart rate is 72 beats per minute, respiratory rate is 16 breaths per minute, and your temperature is 98.6°F. Everything looks normal there.

[Patient] That's good to hear.

[Doctor] Now, let's take a closer look at your hand and finger. I can feel a palpable nodule at the base of your left middle finger. Do you feel any pain when I press here?

[Patient] Yes, that hurts.

[Doctor] There's definitely a clicking sensation when you move your finger. I don't see any signs of infection or gross deformity, which is good.

[Patient] Okay.

[Doctor] I'll also review the X-ray of your left hand. There are no bony abnormalities, and the joint spaces are within normal limits. That’s a positive sign.

[Patient] That’s a relief.

[Doctor] Based on your symptoms and the physical exam, it looks like you have a condition called trigger finger in your left middle finger.

[Patient] Trigger finger?

[Doctor] Yes, it's a condition where a finger gets stuck in a bent position and then snaps straight. It’s often caused by inflammation and narrowing of the sheath surrounding the tendon in the affected finger.

[Patient] Oh, I see.

[Doctor] For treatment, I'll administer a corticosteroid injection to help reduce the inflammation. This should help with the pain and clicking.

[Patient] Okay.

[Doctor] I’ll be using 20 mg triamcinolone acetonide, and I’ll inject it at the base of the affected finger. You might feel a little discomfort, but it should help in the long run.

[Patient] Alright, go ahead.

[Doctor] There you go. It's all done. Now, I’m going to refer you to physical therapy for hand therapy with Jane Doe at City Hand Therapy Clinic. The therapy will help improve your range of motion and reduce inflammation.

[Patient] That sounds good.

[Doctor] I’ll also need you to follow up with us in 6 weeks to assess the response to the treatment and discuss further management if your symptoms persist or worsen.

[Patient] Okay, I’ll do that.

[Doctor] Great. Let’s talk about some things you can do at home. Make sure to engage in the prescribed hand therapy exercises and modify activities to reduce strain on your finger.

[Patient] Got it.

[Doctor] Also, be aware of potential side effects from the corticosteroid injection like increased redness, swelling, or fever. If you notice any signs of infection, contact the clinic immediately.

[Patient] Will do.

[Doctor] Do you have any questions about the treatment or anything we've discussed today?

[Patient] No, I think I understand everything.

[Doctor] Excellent. Just remember to follow up with the physical therapist and come back in 6 weeks for a re-evaluation. 

[Patient] Okay, thank you.

[Doctor] You’re welcome. Take care and see you in six weeks."
TRIGGER FINGER, LEFT MIDDLE FINGER|"ROLE: Family Medicine Physician

** Scenario Values:**

1) Medical Outcome:
   - Diagnosis: Trigger Finger, Left Middle Finger (ICD-10: M65.332) with secondary diagnosis of Carpal Tunnel Syndrome (ICD-10: G56.00)
   - Prescribed Treatment: Oral anti-inflammatory medication – Celecoxib 200mg, oral, once daily for 10 days.
   - Follow-up Recommendations: Follow-up in 3 weeks to assess both conditions.
   - Possible Referral: If no improvement, referral to Hand Surgery with Dr. James Roberts for potential surgical intervention.
   - Physical Therapy: Referral to physical therapy for both trigger finger and carpal tunnel management strategies.
   - Imaging: Ultrasound of the left hand to evaluate tendon condition and median nerve compression.

2) Medical History:
   - Previous Diagnoses: Rheumatoid Arthritis, Asthma
   - Family Medical History: Mother with Rheumatoid Arthritis, Brother with Hypertension.
   - Medication History: Methotrexate 10mg weekly for rheumatoid arthritis, Albuterol inhaler as needed for asthma.
   - Allergies: Penicillin.
   - Chronic Conditions: Rheumatoid Arthritis, Asthma

3) Symptom Description:
   - Severity: Severe pain, significant discomfort.
   - Duration: 4 months for trigger finger, 1 month for carpal tunnel symptoms.
   - Associated Symptoms: Numbness and tingling in the affected finger and palm.
   - Frequency: Daily
   - Impact on Daily Activities: Severe difficulty in performing tasks such as holding a pen or typing, requires frequent breaks.

4) Patient’s self-reported habits and lifestyle:
   - Sleep: 5-6 hours per night, frequently interrupted by pain.
   - Diet: Vegan diet, high in fiber and low in processed foods.
   - Exercise: Practices light yoga weekly, limited due to hand pain.
   - Tobacco Use: Quit smoking 2 years ago.
   - Alcohol Consumption: Rarely drinks, about once a month.
   - Drug Use: Denies illicit drug use.
   - Recreational Activities: Enjoys painting and pottery.

5) Demographic Information:
   - Age: 45
   - Gender: Female
   - Ethnicity: African American
   - Socio-economic Status: Middle class
   - Education Level: High school diploma
   - Health Literacy: Moderate
   - Job Status: Self-employed artist

6) Patient's Behavior:
   - Cooperation with Medical Advice: Highly compliant with medications, sometimes misses physical therapy appointments due to work commitments.

7) Geographical Location:
   - Big City vs Small City: Rural
   - Pollution and Environmental Health Risks: Low pollution
   - Neighborhood Type: Impoverished, limited access to healthcare facilities, food desert.

8) Clinical Setting:
   - Community Health Services

9) Type of Encounter:
   - Chronic Disease Management (regular appointment for Rheumatoid Arthritis and follow-up for Carpal Tunnel Syndrome)

10) Treatment Disparities:
   - Faces limited access to advanced treatments due to geographic location and socio-economic barriers.

11) Native or Non-Native English Speaking Patient:
    - Native English Speaking Patient

12) Physical exams:
   - Hand examination: Tenderness over the A1 pulley of the left middle finger, significant swelling, and palpable nodules. Positive Tinel's and Phalen's signs for carpal tunnel syndrome.

13) Investigation/Test results:
   - Awaiting results of Ultrasound of the left hand ordered during the visit to assess tendon condition and median nerve compression."|"#####
**1. Subjective:**

**Chief Complaint (CC):**
Severe pain and significant discomfort in the left middle finger and hand.

**History of Present Illness (HPI):**
The patient, a 45-year-old African American female and self-employed artist, presents for a regular appointment for managing her chronic condition of rheumatoid arthritis and a follow-up for recent carpal tunnel syndrome symptoms. She reports severe pain in her left middle finger persisting for 4 months, which seems consistent with trigger finger. Additionally, she has experienced numbness and tingling in the affected finger and palm for the past month, suggestive of carpal tunnel syndrome.

The pain and discomfort are daily occurrences, significantly affecting her ability to perform daily activities such as holding a pen, typing, painting, and pottery. She requires frequent breaks due to the pain. Her sleep is disrupted, averaging only 5-6 hours per night. She follows a vegan diet, high in fiber and low in processed foods, and engages in light yoga weekly, but her hand pain limits her physical activity.

**Review of Systems (ROS):**
- **Musculoskeletal:** Severe pain, swelling, tenderness in the left hand, particularly the middle finger. 
- **Neurological:** Numbness and tingling in the left middle finger and palm.
- **General:** Interrupted sleep due to pain.

**2. Objective:**

**Physical Examination:**
- **General:** Alert, cooperative, and in no acute distress.
- **Vital Signs:** BP 130/85, HR 76 bpm, RR 16, Temp 98.6°F, O2 Sat 98% room air.
- **Hand Examination:** Tenderness over the A1 pulley of the left middle finger, significant swelling, and palpable nodules. Positive Tinel's and Phalen's signs for carpal tunnel syndrome.

**Results:**
- Awaiting results of the ultrasound of the left hand ordered during the visit to assess tendon condition and median nerve compression.

**3. Assessment:**
- **Primary Diagnosis:** Trigger Finger, Left Middle Finger (ICD-10: M65.332)
- **Secondary Diagnosis:** Carpal Tunnel Syndrome (ICD-10: G56.00)
- **Other Chronic Conditions:** Rheumatoid Arthritis, Asthma

**4. Plan:**

**Medications:**
- Prescribe oral Celecoxib 200mg, once daily for 10 days to reduce inflammation and pain.

**Physical Therapy:**
- Referral to physical therapy for management strategies for both trigger finger and carpal tunnel syndrome.

**Imaging:**
- Follow-up on ultrasound results of the left hand to evaluate tendon condition and median nerve compression.

**Follow-up Recommendations:**
- Scheduled follow-up in 3 weeks to assess both conditions.
- If no improvement, a referral to Dr. James Roberts, Hand Surgery, for potential surgical intervention.

**Lifestyle Modifications:**
- Recommend continuation of light yoga to maintain flexibility and stress management.
- Advise on ergonomic adjustments in daily activities to reduce strain on the hands.

**Patient Education:**
- Discussed the importance of adherence to physical therapy appointments despite work commitments to improve outcomes.
- Provided education on signs of worsening symptoms that would necessitate immediate medical attention.

**Community Resources:**
- Provided information on local support groups for individuals with rheumatoid arthritis and chronic pain management.

INSTRUCTIONS:

- Return to the clinic in 3 weeks for re-evaluation.
- Contact the clinic sooner if there is any worsening of symptoms or if there are any concerns with the medication.
#####"|"#####
**1. Subjective:**

**Chief Complaint (CC):**
Severe pain and significant discomfort in the left middle finger and hand.

**History of Present Illness (HPI):**
The patient, a 45-year-old African American female and self-employed artist, presents for a regular appointment for managing her chronic condition of rheumatoid arthritis and a follow-up for recent carpal tunnel syndrome symptoms. She reports severe pain in her left middle finger persisting for 4 months, which seems consistent with trigger finger. Additionally, she has experienced numbness and tingling in the affected finger and palm for the past month, suggestive of carpal tunnel syndrome.

The pain and discomfort are daily occurrences, significantly affecting her ability to perform daily activities such as holding a pen, typing, painting, and pottery. She requires frequent breaks due to the pain. Her sleep is disrupted, averaging only 5-6 hours per night. She follows a vegan diet, high in fiber and low in processed foods, and engages in light yoga weekly, but her hand pain limits her physical activity.

**Review of Systems (ROS):**
- **Musculoskeletal:** Severe pain, swelling, tenderness in the left hand, particularly the middle finger. 
- **Neurological:** Numbness and tingling in the left middle finger and palm.
- **General:** Interrupted sleep due to pain.

**2. Objective:**

**Physical Examination:**
- **General:** Alert, cooperative, and in no acute distress.
- **Vital Signs:** BP 130/85, HR 76 bpm, RR 16, Temp 98.6°F, O2 Sat 98% room air.
- **Hand Examination:** Tenderness over the A1 pulley of the left middle finger, significant swelling, and palpable nodules. Positive Tinel's and Phalen's signs for carpal tunnel syndrome.

**Results:**
- Awaiting results of the ultrasound of the left hand ordered during the visit to assess tendon condition and median nerve compression.

**3. Assessment:**
- **Primary Diagnosis:** Trigger Finger, Left Middle Finger (ICD-10: M65.332)
- **Secondary Diagnosis:** Carpal Tunnel Syndrome (ICD-10: G56.00)
- **Other Chronic Conditions:** Rheumatoid Arthritis, Asthma

**4. Plan:**

**Medications:**
- Prescribe oral Celecoxib 200mg, once daily for 10 days to reduce inflammation and pain.

**Physical Therapy:**
- Referral to physical therapy for management strategies for both trigger finger and carpal tunnel syndrome.

**Imaging:**
- Follow-up on ultrasound results of the left hand to evaluate tendon condition and median nerve compression.

**Follow-up Recommendations:**
- Scheduled follow-up in 3 weeks to assess both conditions.
- If no improvement, a referral to Dr. James Roberts, Hand Surgery, for potential surgical intervention.

**Lifestyle Modifications:**
- Recommend continuation of light yoga to maintain flexibility and stress management.
- Advise on ergonomic adjustments in daily activities to reduce strain on the hands.

**Patient Education:**
- Discussed the importance of adherence to physical therapy appointments despite work commitments to improve outcomes.
- Provided education on signs of worsening symptoms that would necessitate immediate medical attention.

**Community Resources:**
- Provided information on local support groups for individuals with rheumatoid arthritis and chronic pain management.

INSTRUCTIONS:

- Return to the clinic in 3 weeks for re-evaluation.
- Contact the clinic sooner if there is any worsening of symptoms or if there are any concerns with the medication.
#####"|"#####
**1. Subjective:**

**CC:**
Severe pain and significant discomfort in the left middle finger and hand.

**HPI:**
The pt, a 45 y/o African American F and self-employed artist, presents for a regular appt for managing her chronic condition of RA and a f/u for recent CTS symptoms. She reports severe pain in her left middle finger persisting for 4 mos, which seems consistent with trigger finger. Additionally, she has experienced numbness and tingling in the affected finger and palm for the past month, suggestive of CTS.

The pain and discomfort are daily occurrences, significantly affecting her ability to perform ADLs such as holding a pen, typing, painting, and pottery. She requires frequent breaks due to the pain. Her sleep is disrupted, averaging only 5-6 hrs per night. She follows a vegan diet, high in fiber and low in processed foods, and engages in light yoga weekly, but her hand pain limits her physical activity.

**ROS:**
- **MSK:** Severe pain, swelling, tenderness in the left hand, particularly the middle finger. 
- **Neuro:** Numbness and tingling in the left middle finger and palm.
- **Gen:** Interrupted sleep due to pain.

**2. Objective:**

**PE:**
- **Gen:** Alert, cooperative, and in no acute distress.
- **VS:** BP 130/85, HR 76 bpm, RR 16, Temp 98.6°F, O2 Sat 98% RA.
- **Hand Exam:** Tenderness over the A1 pulley of the left middle finger, significant swelling, and palpable nodules. Positive Tinel's and Phalen's signs for CTS.

**Results:**
- Awaiting results of the U/S of the left hand ordered during the visit to assess tendon condition and median nerve compression.

**3. Assessment:**
- **Primary Dx:** Trigger Finger, Left Middle Finger (ICD-10: M65.332)
- **Secondary Dx:** CTS (ICD-10: G56.00)
- **Other Chronic Conditions:** RA, Asthma

**4. Plan:**

**Meds:**
- Rx Celecoxib 200mg PO QD x10 days to reduce inflammation and pain.

**PT:**
- Referral to PT for mgmt strategies for both trigger finger and CTS.

**Imaging:**
- F/U on U/S results of the left hand to evaluate tendon condition and median nerve compression.

**F/U Recommendations:**
- Scheduled f/u in 3 wks to assess both conditions.
- If no improvement, referral to Dr. James Roberts, Hand Surgery, for potential surgical intervention.

**Lifestyle Mods:**
- Recommend continuation of light yoga to maintain flexibility and stress mgmt.
- Advise on ergonomic adjustments in daily activities to reduce strain on the hands.

**Pt Education:**
- Discussed the importance of adherence to PT appts despite work commitments to improve outcomes.
- Provided education on signs of worsening symptoms that would necessitate immediate medical attention.

**Community Resources:**
- Provided info on local support groups for individuals with RA and chronic pain mgmt.

**INSTRUCTIONS:**

- Return to the clinic in 3 wks for re-evaluation.
- Contact the clinic sooner if there is any worsening of symptoms or if there are any concerns with the medication.
#####"|Family Medicine Physician|"[doctor] Hello! Good to see you again. How have you been feeling lately?

[patient] Hi, Doctor. I've been managing, but I'm here because the pain in my left middle finger is really getting unbearable.

[doctor] I see. Can you tell me more about the pain you've been experiencing?

[patient] Yes, the pain has been severe and in my left middle finger and hand. It's been going on for about 4 months now, and it's really making things difficult for me.

[doctor] I'm sorry to hear that. Is the pain constant, or does it come and go?

[patient] It's pretty much a daily occurrence now. It’s affecting my ability to do simple things like holding a pen, typing, painting, and even pottery. I need to take frequent breaks because of the pain.

[doctor] That sounds very challenging. Have you noticed any other symptoms in your hand or finger?

[patient] Yes, I've had numbness and tingling in my left middle finger and palm for the past month.

[doctor] Hmm, that could be indicative of carpal tunnel syndrome. How has this been affecting your sleep?

[patient] My sleep has been really disrupted. I’m only getting about 5-6 hours of sleep per night because of the pain.

[doctor] I understand. Do you follow any specific diet or exercise routine?

[patient] Yes, I follow a vegan diet that's high in fiber and low in processed foods. I also do light yoga weekly, but my hand pain limits my physical activity.

[doctor] It’s good that you’re maintaining a healthy lifestyle despite the pain. Let's review your medical history. Can you remind me of any other chronic conditions you have?

[patient] Sure, I have rheumatoid arthritis and asthma.

[doctor] Thank you for that. Let’s move on to a physical examination. Your vital signs today are looking good. Your blood pressure is 130/85, heart rate is 76 beats per minute, respiratory rate is 16, and your temperature is 98.6°F. Your oxygen saturation is at 98% on room air, which is excellent.

[patient] That’s good to hear.

[doctor] Now, let's take a look at your hand. Can you show me where the pain is the worst?

[patient] It's mostly in my left middle finger, especially around the base.

[doctor] Okay, let's see. I’m going to press around the area. Tell me if it hurts. [palpates finger] Does this cause any pain?

[patient] Yes, that’s very tender.

[doctor] I'm feeling some significant swelling and palpable nodules here. I'm also going to test for carpal tunnel syndrome. We’ll start with Tinel's sign. [performs Tinel's test] Do you feel any tingling or pain?

[patient] Yes, I feel tingling.

[doctor] That indicates a positive Tinel's sign. Let's try the Phalen's test. [performs Phalen's test] Any numbness or tingling?

[patient] Yes, I feel it again.

[doctor] That’s another positive sign for carpal tunnel syndrome. We’re awaiting the results of the ultrasound we ordered to further assess the tendon condition and median nerve compression. 

[patient] Okay, what should we do in the meantime?

[doctor] Based on your symptoms and my findings, I believe you have trigger finger and carpal tunnel syndrome. I’m going to prescribe Celecoxib 200mg once daily for 10 days to help reduce the inflammation and pain. 

[patient] Alright, I can do that.

[doctor] Additionally, I’ll be referring you to physical therapy. They can help you with management strategies for both conditions. 

[patient] That sounds good. I hope it helps.

[doctor] I will also follow up on your ultrasound results of your left hand to get a clearer picture of what's going on. We need to evaluate the tendon condition and median nerve compression more thoroughly.

[patient] I appreciate that.

[doctor] We will schedule a follow-up appointment in 3 weeks to assess your progress. If there’s no improvement, I will refer you to Dr. James Roberts, who specializes in hand surgery, for potential surgical intervention.

[patient] Okay, I understand.

[doctor] I also recommend that you continue with light yoga to maintain flexibility and manage stress. However, you should be cautious to avoid any poses that strain your hands.

[patient] I’ll keep that in mind.

[doctor] It’s also important to make ergonomic adjustments in your daily activities. Simple changes can reduce the strain on your hands. 

[patient] I’ll look into that.

[doctor] Lastly, I want to stress the importance of adhering to your physical therapy appointments. I know you’re busy with work, but attending these sessions can significantly improve your outcomes.

[patient] I’ll make sure to go. 

[doctor] Great. I’m providing you with some information on local support groups for individuals with rheumatoid arthritis and chronic pain management. They can be a good resource for you.

[patient] Thank you, that could be helpful.

[doctor] You're welcome. Do you have any other questions or concerns?

[patient] No, I think that covers everything for now.

[doctor] Alright, if you experience any worsening of symptoms or have concerns with the medication, don’t hesitate to contact the clinic. Otherwise, I’ll see you in three weeks for a re-evaluation.

[patient] Thank you so much, Doctor.

[doctor] Take care, and I hope you feel better soon.

[patient] Thanks, bye.

[doctor] Goodbye."|"[doctor] Hello! Good to see you again. How have you been feeling lately?

[patient] Hi, Doctor. I've been managing, but I'm here because the pain in my left middle finger is really getting unbearable.

[doctor] I see. Can you tell me more about the pain you've been experiencing?

[patient] Yes, the pain has been severe and in my left middle finger and hand. It's been going on for about 4 months now, and it's really making things difficult for me.

[doctor] I'm sorry to hear that. Is the pain constant, or does it come and go?

[patient] It's pretty much a daily occurrence now. It’s affecting my ability to do simple things like holding a pen, typing, painting, and even pottery. I need to take frequent breaks because of the pain.

[doctor] That sounds very challenging. Have you noticed any other symptoms in your hand or finger?

[patient] Yes, I've had numbness and tingling in my left middle finger and palm for the past month.

[doctor] Hmm, that could be indicative of carpal tunnel syndrome. How has this been affecting your sleep?

[patient] My sleep has been really disrupted. I’m only getting about 5-6 hours of sleep per night because of the pain.

[doctor] I understand. Do you follow any specific diet or exercise routine?

[patient] Yes, I follow a vegan diet that's high in fiber and low in processed foods. I also do light yoga weekly, but my hand pain limits my physical activity.

[doctor] It’s good that you’re maintaining a healthy lifestyle despite the pain. Let's review your medical history. Can you remind me of any other chronic conditions you have?

[patient] Sure, I have rheumatoid arthritis and asthma.

[doctor] Thank you for that. Let’s move on to a physical examination. Your vital signs today are looking good. Your blood pressure is 130/85, heart rate is 76 beats per minute, respiratory rate is 16, and your temperature is 98.6°F. Your oxygen saturation is at 98% on room air, which is excellent.

[patient] That’s good to hear.

[doctor] Now, let's take a look at your hand. Can you show me where the pain is the worst?

[patient] It's mostly in my left middle finger, especially around the base.

[doctor] Okay, let's see. I’m going to press around the area. Tell me if it hurts. [palpates finger] Does this cause any pain?

[patient] Yes, that’s very tender.

[doctor] I'm feeling some significant swelling and palpable nodules here. I'm also going to test for carpal tunnel syndrome. We’ll start with Tinel's sign. [performs Tinel's test] Do you feel any tingling or pain?

[patient] Yes, I feel tingling.

[doctor] That indicates a positive Tinel's sign. Let's try the Phalen's test. [performs Phalen's test] Any numbness or tingling?

[patient] Yes, I feel it again.

[doctor] That’s another positive sign for carpal tunnel syndrome. We’re awaiting the results of the ultrasound we ordered to further assess the tendon condition and median nerve compression. 

[patient] Okay, what should we do in the meantime?

[doctor] Based on your symptoms and my findings, I believe you have trigger finger and carpal tunnel syndrome. I’m going to prescribe Celecoxib 200mg once daily for 10 days to help reduce the inflammation and pain. 

[patient] Alright, I can do that.

[doctor] Additionally, I’ll be referring you to physical therapy. They can help you with management strategies for both conditions. 

[patient] That sounds good. I hope it helps.

[doctor] I will also follow up on your ultrasound results of your left hand to get a clearer picture of what's going on. We need to evaluate the tendon condition and median nerve compression more thoroughly.

[patient] I appreciate that.

[doctor] We will schedule a follow-up appointment in 3 weeks to assess your progress. If there’s no improvement, I will refer you to Dr. James Roberts, who specializes in hand surgery, for potential surgical intervention.

[patient] Okay, I understand.

[doctor] I also recommend that you continue with light yoga to maintain flexibility and manage stress. However, you should be cautious to avoid any poses that strain your hands.

[patient] I’ll keep that in mind.

[doctor] It’s also important to make ergonomic adjustments in your daily activities. Simple changes can reduce the strain on your hands. 

[patient] I’ll look into that.

[doctor] Lastly, I want to stress the importance of adhering to your physical therapy appointments. I know you’re busy with work, but attending these sessions can significantly improve your outcomes.

[patient] I’ll make sure to go. 

[doctor] Great. I’m providing you with some information on local support groups for individuals with rheumatoid arthritis and chronic pain management. They can be a good resource for you.

[patient] Thank you, that could be helpful.

[doctor] You're welcome. Do you have any other questions or concerns?

[patient] No, I think that covers everything for now.

[doctor] Alright, if you experience any worsening of symptoms or have concerns with the medication, don’t hesitate to contact the clinic. Otherwise, I’ll see you in three weeks for a re-evaluation.

[patient] Thank you so much, Doctor.

[doctor] Take care, and I hope you feel better soon.

[patient] Thanks, bye.

[doctor] Goodbye."
TRIGGER FINGER, LEFT MIDDLE FINGER|"ROLE: Orthopedic Specialist

**1) Medical Outcome:**
- Diagnosis: Trigger finger, left middle finger (ICD-10: M65.32)
- Prescribed Treatment:
  - Corticosteroid injection: 1 mL of triamcinolone acetonide (40 mg/mL), injected into the tendon sheath
  - Referral: Hand therapy for physical therapy and range of motion exercises, with a specific request to see Dr. Karen Li, Certified Hand Therapist
  - Follow-up: Schedule a follow-up appointment in 4 weeks to assess progress
- Lifestyle Change: Increase hand exercises and stretches, avoid repetitive gripping activities

**2) Medical History:**
- Previous Diagnoses: Diabetes Mellitus Type 2, Hypertension
- Family Medical History: Father with osteoarthritis, mother with Type 2 diabetes
- Medication History: Metformin 500 mg BID, Lisinopril 10 mg daily
- Allergies: Penicillin

**3) Symptom Description:**
- Severity: Moderate to severe pain
- Duration: 3 months
- Associated Symptoms: Locking of the left middle finger, particularly in the morning
- Frequency: Daily
- Impact on Daily Activities: Difficulty in gripping objects, opening jars, and typing

**4) Patient's Self-reported Habits and Lifestyle:**
- Sleep: 6-7 hours per night, disrupted due to finger pain
- Diet: Balanced, follows a diabetic diet plan
- Exercise: Minimal exercise, mainly due to finger pain
- Tobacco Use: None
- Alcohol Consumption: Occasional, 1-2 drinks per week
- Drug Use: None
- Recreational Activities: Enjoys knitting and gardening but has reduced these activities due to pain

**5) Demographic Information:**
- Age: 55
- Gender: Female
- Ethnicity: Hispanic
- Socio-economic Status: Middle class
- Education Level: High school diploma
- Health Literacy: Moderate
- Job Status: Administrative assistant

**6) Patient's Behavior:**
- Level of Cooperation with Medical Advice: Generally compliant but expresses frustration over the persistent finger pain

**7) Geographical Location:**
- Big City vs Small City: Urban
- Pollution and Environmental Health Risks: Moderate pollution, no specific health risks
- Neighborhood Type: Middle-class suburb, well-served by public transit, not a food desert

**8) Clinical Setting:**
- Specialty Clinic: Orthopedic Clinic

**9) Type of Encounter:**
- Initial Consultation

**10) Treatment Disparities:**
- None noted; patient provided with standard treatment plan for trigger finger

**11) Native or Non-Native English Speaking Patient:**
- Native English Speaking

**12) Physical exams:**
- NA

**13) Investigation/Test results:**
- Diagnostic ultrasound of the left hand to visualize tendon inflammation and any structural abnormalities - results pending"|"#####
**1. Subjective:**

**Chief Complaint (CC):** 
Moderate to severe pain and locking in the left middle finger for 3 months.

**History of Present Illness (HPI):**
The patient, a 55-year-old Hispanic female, presents with complaints of moderate to severe pain and locking in her left middle finger, particularly in the mornings. The symptoms have been present for approximately 3 months and are described as significantly impacting her daily activities, including gripping objects, opening jars, and typing. She reports minimal exercise primarily due to the pain associated with her finger. 

**Review of Systems (ROS):**
- **Constitutional:** Denies fever or weight loss.
- **Musculoskeletal:** Reports locking and moderate to severe pain in left middle finger. 
- **Neurological:** Denies numbness or tingling.
- **Endocrine:** History of Type 2 diabetes, well-controlled on current medication.
- **General:** Sleep disrupted due to finger pain.

**2. Objective:**

**Vitals:**
- Blood pressure: 130/85 mmHg
- Heart rate: 74 bpm
- Respiration: 16 breaths/min
- Temperature: 98.6°F

**Physical Examination:**
- **Left Hand:**
  - Inspection: No visible deformities or swelling.
  - Palpation: Tenderness noted over the A1 pulley of the left middle finger.
  - Range of Motion: Painful clicking and locking observed upon flexion and extension.
  - Grip Strength: Decreased grip strength in the left hand.
- **Other Systems:**
  - Cardiovascular: Regular heart rate and rhythm, no murmurs.
  - Respiratory: Clear breath sounds bilaterally.

**Results:**
- Diagnostic ultrasound of the left hand: Pending results.

**3. Assessment:**

- **Trigger Finger, Left Middle Finger (ICD-10: M65.32)**
 
**4. Plan:**

- **Medical Treatment:**
  - **Corticosteroid Injection:** Administered 1 mL of triamcinolone acetonide (40 mg/mL) into the tendon sheath of the left middle finger today.
  
- **Referrals:**
  - **Hand Therapy:** Referral to physical therapy for range of motion exercises, with a specific request to see Dr. Karen Li, a Certified Hand Therapist.

- **Patient Education and Counseling:**
  - Advised the patient on increasing hand exercises and stretches.
  - Instructed to avoid repetitive gripping activities.
  - Discussed the nature of trigger finger and expected outcomes of treatment.
  
- **Follow-Up:**
  - Schedule a follow-up appointment in 4 weeks to assess progress.

**Patient Agreements:**
The patient understands and agrees with the recommended medical treatment plan.

#####
**INSTRUCTIONS:**
The patient will follow up in 4 weeks. Continue current medications for diabetes and hypertension. Increase hand exercises and stretches as tolerated. Avoid activities that involve repetitive gripping. Await diagnostic ultrasound results for further evaluation."|"#####
**1. Subjective:**

**Chief Complaint (CC):** 
Moderate to severe pain and locking in the left middle finger for 3 months.

**History of Present Illness (HPI):**
The patient, a 55-year-old Hispanic female, presents with complaints of moderate to severe pain and locking in her left middle finger, particularly in the mornings. The symptoms have been present for approximately 3 months and are described as significantly impacting her daily activities, including gripping objects, opening jars, and typing. She reports minimal exercise primarily due to the pain associated with her finger. 

**Review of Systems (ROS):**
- **Constitutional:** Denies fever or weight loss.
- **Musculoskeletal:** Reports locking and moderate to severe pain in left middle finger. 
- **Neurological:** Denies numbness or tingling.
- **Endocrine:** History of Type 2 diabetes, well-controlled on current medication.
- **General:** Sleep disrupted due to finger pain.

**2. Objective:**

**Vitals:**
- Blood pressure: 130/85 mmHg
- Heart rate: 74 bpm
- Respiration: 16 breaths/min
- Temperature: 98.6°F

**Physical Examination:**
- **Left Hand:**
  - Inspection: No visible deformities or swelling.
  - Palpation: Tenderness noted over the A1 pulley of the left middle finger.
  - Range of Motion: Painful clicking and locking observed upon flexion and extension.
  - Grip Strength: Decreased grip strength in the left hand.
- **Other Systems:**
  - Cardiovascular: Regular heart rate and rhythm, no murmurs.
  - Respiratory: Clear breath sounds bilaterally.

**Results:**
- Diagnostic ultrasound of the left hand: Pending results.

**3. Assessment:**

- **Trigger Finger, Left Middle Finger (ICD-10: M65.32)**
 
**4. Plan:**

- **Medical Treatment:**
  - **Corticosteroid Injection:** Administered 1 mL of triamcinolone acetonide (40 mg/mL) into the tendon sheath of the left middle finger today.
  
- **Referrals:**
  - **Hand Therapy:** Referral to physical therapy for range of motion exercises, with a specific request to see Dr. Karen Li, a Certified Hand Therapist.

- **Patient Education and Counseling:**
  - Advised the patient on increasing hand exercises and stretches.
  - Instructed to avoid repetitive gripping activities.
  - Discussed the nature of trigger finger and expected outcomes of treatment.
  
- **Follow-Up:**
  - Schedule a follow-up appointment in 4 weeks to assess progress.

**Patient Agreements:**
The patient understands and agrees with the recommended medical treatment plan.

#####
"|"#####
**1. Subjective:**

**CC:** 
Mod-severe pain and locking in L middle finger x3 months.

**HPI:**
The pt, a 55 y/o Hispanic F, presents with c/o mod-severe pain and locking in her L middle finger, esp in the AMs. Sx present x3 months, significantly impacting ADLs, including gripping objects, opening jars, and typing. Pt reports minimal exercise primarily due to pain in finger.

**ROS:**
- **Constitutional:** Denies fever or wt loss.
- **MSK:** Reports locking and mod-severe pain in L middle finger.
- **Neuro:** Denies numbness or tingling.
- **Endo:** Hx of T2DM, well-controlled on current meds.
- **General:** Sleep disrupted due to finger pain.

**2. Objective:**

**Vitals:**
- BP: 130/85 mmHg
- HR: 74 bpm
- RR: 16 breaths/min
- Temp: 98.6°F

**PE:**
- **L Hand:**
  - Inspection: No visible deformities or swelling.
  - Palpation: Tenderness noted over A1 pulley of L middle finger.
  - ROM: Painful clicking and locking observed upon flexion and extension.
  - Grip Strength: Decreased in L hand.
- **Other Systems:**
  - CV: RRR, no murmurs.
  - Resp: Clear B/L.

**Results:**
- Dx US of L hand: Pending results.

**3. Assessment:**

- **Trigger Finger, L Middle Finger (ICD-10: M65.32)**

**4. Plan:**

- **Medical Tx:**
  - **CS Injection:** Admin 1 mL of triamcinolone acetonide (40 mg/mL) into tendon sheath of L middle finger today.
  
- **Referrals:**
  - **Hand Therapy:** Referral to PT for ROM exercises, with specific request to see Dr. Karen Li, CHT.

- **Pt Ed and Counseling:**
  - Advised pt on increasing hand exercises and stretches.
  - Instructed to avoid repetitive gripping activities.
  - Discussed nature of trigger finger and expected outcomes of tx.
  
- **F/U:**
  - Schedule F/U appt in 4 weeks to assess progress.

**Pt Agreements:**
Pt understands and agrees with the recommended medical tx plan.

#####
"|Orthopedic Specialist|"**Doctor:** Hi there, how are you doing today?

**Patient:** Hello, Doctor. I've been better, to be honest.

**Doctor:** I'm sorry to hear that. What seems to be the problem?

**Patient:** It's my left middle finger. It's been hurting quite a bit and sometimes it locks up, especially in the mornings.

**Doctor:** I see. How long has this been going on?

**Patient:** About three months now.

**Doctor:** And you mentioned the pain is moderate to severe?

**Patient:** Yes, it's really impacting my daily activities. I can't grip objects properly, opening jars is a struggle, and even typing is painful.

**Doctor:** That sounds quite frustrating. Are you able to exercise at all?

**Patient:** Not really. The pain in my finger makes it difficult.

**Doctor:** Okay, let's review a few more things. Have you experienced any fever or weight loss recently?

**Patient:** No, none of that.

**Doctor:** How about any numbness or tingling in your finger or anywhere else?

**Patient:** No, I haven't felt any numbness or tingling.

**Doctor:** Alright. Do you have any history of medical conditions like diabetes or hypertension?

**Patient:** Yes, I have Type 2 diabetes, but it's well-controlled with my current medication.

**Doctor:** Good to know. Is your sleep being affected by the pain?

**Patient:** Yes, it does disrupt my sleep.

**Doctor:** Okay, thank you for sharing that. Let's take a look at your vitals. Your blood pressure is 130/85 mmHg, heart rate is 74 bpm, respiration is 16 breaths per minute, and your temperature is 98.6°F. All of these are within normal ranges.

**Patient:** That's good to hear.

**Doctor:** Now, let's move on to a physical examination of your left hand. Please show me your left middle finger.

**Patient:** Here it is.

**Doctor:** I don't see any visible deformities or swelling. Let me palpate the area. How does this feel?

**Patient:** Ouch, that’s tender.

**Doctor:** I see, tenderness over the A1 pulley. Now, I’m going to ask you to flex and extend your finger. Let me know if you feel any clicking or locking.

**Patient:** Yes, there it is. It clicks and sometimes locks.

**Doctor:** I noticed that. How about your grip strength? Can you squeeze my hand?

**Patient:** It's hard for me to grip firmly.

**Doctor:** Alright. Other than your finger, your cardiovascular and respiratory systems are functioning normally. I hear a regular heart rate and rhythm, and your breath sounds are clear.

**Patient:** That's a relief.

**Doctor:** We've also ordered a diagnostic ultrasound of your left hand, but we're still awaiting those results.

**Patient:** Okay, I understand.

**Doctor:** Based on what we've discussed and observed, it appears you have a condition called trigger finger in your left middle finger.

**Patient:** What exactly is that?

**Doctor:** Trigger finger is a condition where your finger gets stuck in a bent position due to inflammation of the tendon sheath. It can cause pain and locking, like what you're experiencing.

**Patient:** That makes sense.

**Doctor:** For treatment, we can start with a corticosteroid injection to reduce the inflammation. I’ll administer 1 mL of triamcinolone acetonide into the tendon sheath of your left middle finger. It should help with the pain and locking.

**Patient:** Will it hurt?

**Doctor:** There might be a slight discomfort, but it will be quick. We will also refer you to hand therapy for range of motion exercises. Dr. Karen Li, a Certified Hand Therapist, will be able to help you with that.

**Patient:** Okay, I can do that.

**Doctor:** Additionally, I advise you to increase hand exercises and stretches as tolerated, and avoid repetitive gripping activities.

**Patient:** Got it. Anything else I should know?

**Doctor:** We discussed the nature of trigger finger and what you can expect from the treatment. We'll schedule a follow-up appointment in 4 weeks to assess your progress.

**Patient:** I understand.

**Doctor:** Continue with your current medications for diabetes and hypertension. Increase hand exercises and stretches as much as you can tolerate, and avoid activities that involve repetitive gripping.

**Patient:** Alright, I’ll do that.

**Doctor:** We’ll also await the diagnostic ultrasound results for further evaluation. Do you have any questions?

**Patient:** No, I think I’m good for now. Thank you, Doctor.

**Doctor:** You’re welcome. See you in 4 weeks for your follow-up. Take care.

**Patient:** Thank you, Doctor. I'll see you then."|"[doctor]: Hi there, how are you doing today?

[patient]: Hello, Doctor. I've been better, to be honest.

[doctor]: I'm sorry to hear that. What seems to be the problem?

[patient]: It's my left middle finger. It's been hurting quite a bit and sometimes it locks up, especially in the mornings.

[doctor]: Hmm, I see. How long has this been going on?

[patient]: About three months now.

[doctor]: And you mentioned the pain is moderate to severe?

[patient]: Yes, it's really impacting my daily activities. I can't grip objects properly, opening jars is a struggle, and even typing is painful.

[doctor]: That sounds quite frustrating. Are you able to exercise at all?

[patient]: Not really. The pain in my finger makes it difficult.

[doctor]: Okay, let's review a few more things. Have you experienced any fever or weight loss recently?

[patient]: No, none of that.

[doctor]: How about any numbness or tingling in your finger or anywhere else?

[patient]: No, I haven't felt any numbness or tingling.

[doctor]: Alright. Do you have any history of medical conditions like diabetes or hypertension?

[patient]: Yes, I have Type 2 diabetes, but it's well-controlled with my current medication.

[doctor]: Good to know. Is your sleep being affected by the pain?

[patient]: Yes, it does disrupt my sleep.

[doctor]: Okay, thank you for sharing that. Let's take a look at your vitals. Your blood pressure is 130/85 mmHg, heart rate is 74 bpm, respiration is 16 breaths per minute, and your temperature is 98.6°F. All of these are within normal ranges.

[patient]: That's good to hear.

[doctor]: Now, let's move on to a physical examination of your left hand. Please show me your left middle finger.

[patient]: Here it is.

[doctor]: I don't see any visible deformities or swelling. Let me palpate the area. How does this feel?

[patient]: Ouch, that’s tender.

[doctor]: I see, tenderness over the A1 pulley. Now, I’m going to ask you to flex and extend your finger. Let me know if you feel any clicking or locking.

[patient]: Yes, there it is. It clicks and sometimes locks.

[doctor]: I noticed that. How about your grip strength? Can you squeeze my hand?

[patient]: It's hard for me to grip firmly.

[doctor]: Alright. Other than your finger, your cardiovascular and respiratory systems are functioning normally. I hear a regular heart rate and rhythm, and your breath sounds are clear.

[patient]: That's a relief.

[doctor]: We've also ordered a diagnostic ultrasound of your left hand, but we're still awaiting those results.

[patient]: Okay, I understand.

[doctor]: Based on what we've discussed and observed, it appears you have a condition called trigger finger in your left middle finger.

[patient]: What exactly is that?

[doctor]: Trigger finger is a condition where your finger gets stuck in a bent position due to inflammation of the tendon sheath. It can cause pain and locking, like what you're experiencing.

[patient]: That makes sense.

[doctor]: For treatment, we can start with a corticosteroid injection to reduce the inflammation. I’ll administer 1 mL of triamcinolone acetonide into the tendon sheath of your left middle finger. It should help with the pain and locking.

[patient]: Will it hurt?

[doctor]: There might be a slight discomfort, but it will be quick. We will also refer you to hand therapy for range of motion exercises. Dr. Karen Li, a Certified Hand Therapist, will be able to help you with that.

[patient]: Okay, I can do that.

[doctor]: Additionally, I advise you to increase hand exercises and stretches as tolerated, and avoid repetitive gripping activities.

[patient]: Got it. Anything else I should know?

[doctor]: We discussed the nature of trigger finger and what you can expect from the treatment. We'll schedule a follow-up appointment in 4 weeks to assess your progress.

[patient]: I understand.

[doctor]: Continue with your current medications for diabetes and hypertension. Increase hand exercises and stretches as much as you can tolerate, and avoid activities that involve repetitive gripping.

[patient]: Alright, I’ll do that.

[doctor]: We’ll also await the diagnostic ultrasound results for further evaluation. Do you have any questions?

[patient]: No, I think I’m good for now. Thank you, Doctor.

[doctor]: You’re welcome. See you in 4 weeks for your follow-up. Take care.

[patient]: Thank you, Doctor. I'll see you then."
TRIGGER FINGER, LEFT MIDDLE FINGER|"ROLE: Orthopedic Specialist

1. Medical Outcome:
    - Diagnosis: Trigger Finger, Left Middle Finger
    - Prescribed Treatment:
        - Medication: NSAID
          - Dosage: Ibuprofen 400 mg
          - Frequency: Every 6 hours as needed
          - Duration: 7 days
          - Route: Oral
        - Corticosteroid Injection:
          - Injection site: Left Middle Finger
    - Follow-up Recommendations: Return in 2 weeks for reassessment
    - Referral to Specialist: N/A
    - Referral to Imaging: N/A
    - Lifestyle Change: Avoid repetitive gripping activities, use ergonomic tools

2. Medical History:
    - Previous Diagnoses: Osteoarthritis, Hypertension
    - Family Medical History: Father with diabetes, Mother with rheumatoid arthritis
    - Medication History: Losartan 50 mg daily for Hypertension
    - Allergies: Penicillin
    - Chronic Conditions: Hypertension

3. Symptom Description:
    - Severity: Moderate
    - Duration: 3 months
    - Associated Symptoms: Pain, stiffness, snapping sensation in the left middle finger
    - Frequency: Daily, worse in the morning
    - Impact on Daily Activities: Difficulty gripping objects, pain during typing and household chores

4. Patient’s self-reported habits and lifestyle:
    - Sleep: 6 hours/night
    - Diet: Balanced diet, occasional fast food
    - Exercise: Walks 3 times a week
    - Tobacco Use: Former smoker, quit 5 years ago
    - Alcohol Consumption: Social drinker, 1-2 drinks per week
    - Drug Use: None
    - Recreational Activities: Gardening, knitting

5. Demographic Information:
    - Age: 55
    - Gender: Female
    - Ethnicity: Caucasian
    - Socio-economic Status: Middle class
    - Education Level: Bachelor's degree
    - Health Literacy: High
    - Job Status: Office administrator

6. Patient's Behavior:
    - Generally cooperative and follows medical advice

7. Geographical Location:
    - Urban area
    - Well-served by transit
    - Healthcare services readily available
    - Food options: Abundant healthy food stores, occasional fast food vicinity 

8. Clinical Setting:
    - Specialty Orthopedic Clinic

9. Type of Encounter:
    - Initial Consultation

10. Treatment Disparities:
    - None indicated; patient has good health insurance coverage

11. Native or Non-Native English Speaking Patient:
    - Native English speaking

12. Physical exams:
    - Musculoskeletal: Noted triggering and locking of the left middle finger during flexion and extension

13. Investigation/Test results:
    - Physical examination confirmed the diagnosis; no imaging required"|Rejected|Rejected|Rejected|Rejected||
TRIGGER FINGER, LEFT MIDDLE FINGER|"ROLE: Orthopedic Specialist

1. Medical Outcome:
    - Diagnosis: Trigger Finger, Left Middle Finger
    - Prescribed Treatment:
        - Medication: NSAID
          - Dosage: Ibuprofen 200 mg
          - Frequency: Twice daily
          - Duration: 10 days
          - Route: Oral
        - Corticosteroid Injection:
          - Injection site: Left Middle Finger
    - Follow-up Recommendations: Return in 3 weeks for reassessment
    - Referral to Specialist: N/A
    - Referral to Imaging: Hand X-Ray to rule out any underlying bone abnormalities
    - Lifestyle Change: Use of ergonomic tools, avoid repetitive gripping tasks

2. Medical History:
    - Previous Diagnoses: Carpal Tunnel Syndrome
    - Family Medical History: Mother with rheumatoid arthritis
    - Medication History: Acetaminophen as needed for headaches
    - Allergies: None
    - Chronic Conditions: Hypothyroidism

3. Symptom Description:
    - Severity: Severe
    - Duration: 6 weeks
    - Associated Symptoms: Swelling, morning stiffness in the left middle finger
    - Frequency: Daily, worsens with activity
    - Impact on Daily Activities: Significant difficulty with typing and gripping objects, affecting job performance

4. Patient’s self-reported habits and lifestyle:
    - Sleep: 8 hours/night
    - Diet: Vegetarian
    - Exercise: Yoga sessions twice a week
    - Tobacco Use: Non-smoker
    - Alcohol Consumption: None
    - Drug Use: None
    - Recreational Activities: Reading, hiking

5. Demographic Information:
    - Age: 43
    - Gender: Female
    - Ethnicity: Hispanic
    - Socio-economic Status: Lower-middle class
    - Education Level: High school diploma 
    - Health Literacy: Moderate
    - Job Status: Office worker

6. Patient's Behavior:
    - Occasionally forgets to follow medical advice but generally cooperative

7. Geographical Location:
    - Small City
    - Moderate access to healthcare services
    - Neighborhood: Middle-income residential area but with limited specialty services

8. Clinical Setting:
    - Private Orthopedic Practice

9. Type of Encounter:
    - Follow-up Consultation

10. Treatment Disparities:
    - Limited access to specialty services due to geographical location

11. Native or Non-Native English Speaking Patient:
    - Non-Native English Speaking (Spanish native speaker)

12. Physical exams:
    - Musculoskeletal: Noted significant swelling and triggering of the left middle finger during flexion and extension

13. Investigation/Test results:
    - Awaiting Hand X-Ray results to rule out underlying bone abnormalities"|Rejected|Rejected|Rejected|Rejected||
TRIGGER FINGER, LEFT MIDDLE FINGER|"ROLE: Orthopedic Surgeon

** Scenario Values:**

1) Medical Outcome:
   - Diagnosis: Trigger Finger, Left Middle Finger (ICD-10: M65.332)
   - Prescribed Treatment: Corticosteroid injection – Triamcinolone acetonide 40mg/mL, 0.5mL, single dose, administered via local injection.
   - Follow-up Recommendations: Follow-up in 4 weeks to assess response and determine need for further intervention.
   - Possible Referral: If no improvement, referral to Hand Surgery, Dr. Lisa Carter, for potential surgical release.
   - Medication Adjustment: Recommend NSAIDs for pain management – Ibuprofen 600mg, oral, every 6-8 hours as needed.

2) Medical History:
   - Previous Diagnoses: Hypertension, Type 2 Diabetes Mellitus
   - Family Medical History: Father with osteoarthritis, mother with Type 2 Diabetes Mellitus.
   - Medication History: Lisinopril 20mg daily, Metformin 500mg twice daily.
   - Allergies: None.
   - Chronic Conditions: Hypertension, Type 2 Diabetes Mellitus

3) Symptom Description:
   - Severity: Moderate pain and discomfort.
   - Duration: 3 months
   - Associated Symptoms: Clicking sensation when flexing the finger
   - Frequency: Daily
   - Impact on Daily Activities: Difficulty in performing fine motor tasks including typing and gripping objects.

4) Patient’s self-reported habits and lifestyle:
   - Sleep: 6-7 hours per night.
   - Diet: Balanced diet with occasional fast food.
   - Exercise: Walks 30 minutes twice a week.
   - Tobacco Use: Non-smoker.
   - Alcohol Consumption: Drinks occasionally on weekends.
   - Drug Use: Denies illicit drug use.
   - Recreational Activities: Enjoys gardening and reading.

5) Demographic Information:
   - Age: 50
   - Gender: Male
   - Ethnicity: Caucasian
   - Socio-economic Status: Middle class
   - Education Level: Bachelor's degree
   - Health Literacy: Good
   - Job Status: Office worker

6) Patient's Behavior:
   - Cooperation with Medical Advice: Generally compliant with medications and follow-up appointments.

7) Geographical Location:
   - Big City vs Small City: Urban
   - Pollution and Environmental Health Risks: Low
   - Neighborhood Type: Affluent, well-served by transit, not a food desert.

8) Clinical Setting:
   - Clinics

9) Type of Encounter:
   - Initial Consultation

10) Treatment Disparities:
   - NA

11) Native or Non-Native English Speaking Patient:
    - Native English Speaking Patient

12) Physical exams:
   - Hand examination: Palpation reveals tenderness over the A1 pulley of the left middle finger; visible catching and locking during finger flexion/extension.

13) Investigation/Test results:
   - NA"|Rejected|Rejected|Rejected|Rejected||
TRIGGER FINGER, LEFT MIDDLE FINGER|"ROLE: Orthopedic Surgeon

** Scenario Values:**

1) Medical Outcome:
   - Diagnosis: Trigger Finger, Left Middle Finger (ICD-10: M65.332)
   - Prescribed Treatment: Occupational therapy referral for hand exercises, splinting of the affected finger.
   - Follow-up Recommendations: Follow-up in 6 weeks to assess improvement and determine if corticosteroid injection or surgical intervention is required.
   - Possible Referral: If no improvement, referral to Hand Surgery, Dr. Karen Wong, for potential surgical release.
   - Medication Adjustment: Recommend Acetaminophen 500mg, oral, every 6-8 hours as needed for pain.

2) Medical History:
   - Previous Diagnoses: Hypothyroidism, Carpal Tunnel Syndrome
   - Family Medical History: Mother with rheumatoid arthritis, sibling with Type 1 Diabetes Mellitus.
   - Medication History: Levothyroxine 75mcg daily for hypothyroidism.
   - Allergies: Penicillin.
   - Chronic Conditions: Hypothyroidism, Carpal Tunnel Syndrome

3) Symptom Description:
   - Severity: Severe pain and significant discomfort.
   - Duration: 6 months
   - Associated Symptoms: Swelling and stiffness in the affected finger.
   - Frequency: Several times daily
   - Impact on Daily Activities: Difficulty performing daily tasks such as buttoning clothes and writing.

4) Patient’s self-reported habits and lifestyle:
   - Sleep: 5-6 hours per night, disrupted due to pain.
   - Diet: Vegetarian, balanced diet.
   - Exercise: Irregular, limited due to hand pain.
   - Tobacco Use: Smokes occasionally.
   - Alcohol Consumption: Moderate, 2-3 drinks per week.
   - Drug Use: Denies illicit drug use.
   - Recreational Activities: Enjoys knitting and puzzles.

5) Demographic Information:
   - Age: 65
   - Gender: Female
   - Ethnicity: Asian
   - Socio-economic Status: Lower middle class
   - Education Level: High school diploma
   - Health Literacy: Moderate
   - Job Status: Retired schoolteacher

6) Patient's Behavior:
   - Cooperation with Medical Advice: Generally compliant but forgets to take medication occasionally.

7) Geographical Location:
   - Big City vs Small City: Small City
   - Pollution and Environmental Health Risks: Moderate
   - Neighborhood Type: Suburban, moderate access to healthcare facilities.

8) Clinical Setting:
   - Community Health Services

9) Type of Encounter:
   - Follow-up

10) Treatment Disparities:
   - NA

11) Native or Non-Native English Speaking Patient:
    - Non-Native English Speaking Patient (Primary language: Mandarin)

12) Physical exams:
   - Hand examination: Palpation reveals marked tenderness over the A1 pulley of the left middle finger; significant swelling and stiffness observed; triggering during active finger flexion/extension confirmed.

13) Investigation/Test results:
   - NA"|Rejected|Rejected|Rejected|Rejected||
TRIGGER FINGER, LEFT MIDDLE FINGER|"ROLE: Family Medicine Physician

** Scenario Values:**

1) Medical Outcome:
   - Diagnosis: Trigger Finger, Left Middle Finger (ICD-10: M65.332)
   - Prescribed Treatment: Oral anti-inflammatory medication – Naproxen 500mg, oral, twice daily for 7 days.
   - Follow-up Recommendations: Follow-up in 2 weeks to assess improvement.
   - Possible Referral: If no improvement, referral to Physical Therapy with Dr. Sarah Johnson for hand exercises and ultrasonography treatment.
   - Imaging: Ultrasound of the left hand to evaluate tendon condition and inflammation.

2) Medical History:
   - Previous Diagnoses: Osteoarthritis, Hyperlipidemia
   - Family Medical History: Sister with Lupus, father with Parkinson’s Disease.
   - Medication History: Atorvastatin 10mg daily for hyperlipidemia.
   - Allergies: Sulfa drugs.
   - Chronic Conditions: Osteoarthritis

3) Symptom Description:
   - Severity: Mild pain, more discomfort than pain itself.
   - Duration: 2 months
   - Associated Symptoms: Mild redness and warmth over the affected area.
   - Frequency: Intermittent
   - Impact on Daily Activities: Occasional difficulty with typing and gripping smaller objects.

4) Patient’s self-reported habits and lifestyle:
   - Sleep: 7-8 hours per night.
   - Diet: High protein, low carbohydrate diet.
   - Exercise: Exercises regularly, including yoga and light weight lifting.
   - Tobacco Use: Non-smoker.
   - Alcohol Consumption: Does not drink alcohol.
   - Drug Use: Denies illicit drug use.
   - Recreational Activities: Frequent runner, enjoys hiking and biking.

5) Demographic Information:
   - Age: 32
   - Gender: Female
   - Ethnicity: Hispanic
   - Socio-economic Status: Upper middle class
   - Education Level: Master’s degree
   - Health Literacy: High
   - Job Status: Full-time software engineer

6) Patient's Behavior:
   - Cooperation with Medical Advice: Highly compliant, actively seeks medical advice and follows through with prescriptions and recommendations.

7) Geographical Location:
   - Big City vs Small City: Big City
   - Pollution and Environmental Health Risks: Moderate pollution
   - Neighborhood Type: Affluent, well-served by public transport, not a food desert

8) Clinical Setting:
   - Private Practice

9) Type of Encounter:
   - Initial Consultation

10) Treatment Disparities:
   - NA

11) Native or Non-Native English Speaking Patient:
    - Native English Speaking Patient

12) Physical exams:
   - Hand examination: Mild tenderness over the A1 pulley of the left middle finger, slight redness and warmth, minimal palpable nodules.

13) Investigation/Test results:
   - Awaiting results of Ultrasound of the left hand ordered during the visit."|Rejected|Rejected|Rejected|Rejected||
