Disease Description|Scenario|Note|Polished Note|Abbreviated Note|Role|dial|polished_dial
UNILATERAL PRIMARY OSTEOARTHRITIS OF FIRST CARPOMETACARPAL JOINT, LEFT HAND|"ROLE: Orthopedic Specialist

Demographic Information:
- Age: 63
- Gender: Female
- Ethnicity: Caucasian
- Socio-economic Status: Middle-class
- Education Level: High school graduate
- Health Literacy: Moderate
- Job Status: Retired accountant

Type of Encounter:
- Initial Consultation

Clinical Setting:
- Private Practice Orthopedic Clinic

Geographical Location:
- Urban, Big City
- Well-served by Transit

Patient’s Behavior:
- Cooperative with medical advice

Symptom Description:
- Severity: Moderate to Severe
- Duration: 8 months
- Associated Symptoms: Swelling and stiffness, particularly in the morning
- Frequency: Daily
- Impact on Daily Activities: Difficulty gripping objects, writing, and performing household chores

Medical History:
- Previous Diagnoses: Hypertension
- Family Medical History: Mother had osteoarthritis
- Medication History: On Amlodipine 5 mg daily for hypertension
- Allergies: None
- Chronic Conditions: Hypertension

Patient’s self-reported habits and lifestyle:
- Sleep: 7 hours per night, generally restful
- Diet: Balanced diet with low sodium intake
- Exercise: Walks 30 minutes daily
- Tobacco Use: None
- Alcohol Consumption: Occasional wine, 1-2 times a week
- Drug Use: None
- Recreational Activities: Enjoys gardening and knitting

Physical exams:
- Left hand: Tenderness at the base of the thumb, swelling, decreased range of motion, and crepitus on movement
- General: Normal blood pressure, no signs of acute distress

Investigation/Test results:
- Awaiting X-ray of the left hand to assess joint space narrowing, bone spurs, and other degenerative changes

Medical Outcome:
- Diagnosis: Unilateral primary osteoarthritis of first carpometacarpal joint, left hand
- Prescribed Treatment: 
  - Medications: 
    - NSAID: Ibuprofen 400 mg, oral, twice daily, as needed for pain
  - Physical Therapy: Referral for hand therapy to improve grip strength and range of motion
  - Lifestyle Change: Advise use of thumb braces to stabilize the joint, avoid aggravating activities, and use heat/cold therapy for symptom relief
  - Follow-up Recommendations: Return in 6 weeks for evaluation of pain and function, review of X-ray results
- Imaging: X-ray of the left hand to be done, focusing on the first carpometacarpal joint to assess for joint space narrowing and bone spurs"|"#####
**1. Subjective:**
- **Chief Complaint (CC):** Pain, swelling, and stiffness in the left hand, particularly at the base of the thumb.
- **History of Present Illness (HPI):**
  - A 63-year-old Caucasian female presents with moderate to severe pain, swelling, and stiffness in her left hand, especially at the base of the thumb.
  - Symptoms have been ongoing daily for the past 8 months.
  - Swelling and stiffness are notably worse in the morning.
  - The condition has significantly impacted her ability to grip objects, write, and perform household chores.
- **Review of Systems (ROS):**
  - **Constitutional:** No fever or weight loss.
  - **Musculoskeletal:** Positive for pain, swelling, and stiffness in the left hand.
  - **General:** No other joint pain or muscular weakness.
  - **Cardiovascular:** History of hypertension, managed with Amlodipine 5 mg daily.
  - **Neurological:** No numbness or tingling reported in the affected hand.
        
**2. Objective:**
- **Vital Signs:**
  - Blood Pressure: Normal
- **Physical Examination:**
  - **General:** No signs of acute distress.
  - **Left Hand:**
    - Tenderness at the base of the thumb.
    - Swelling and decreased range of motion observed.
    - Presence of crepitus upon movement.
- **Investigations:**
  - Awaiting results of X-ray of the left hand to assess joint space narrowing, bone spurs, and other degenerative changes.

**3. Assessment:**
- **Diagnosis:** Unilateral primary osteoarthritis of the first carpometacarpal joint, left hand, likely exacerbated by age and family history of osteoarthritis.

**4. Plan:**
- **Medications:**
  - NSAID: Ibuprofen 400 mg orally, twice daily, as needed for pain.
- **Therapy:**
  - Referral for hand therapy to improve grip strength and range of motion.
- **Lifestyle Recommendations:**
  - Advise the use of thumb braces to stabilize the joint.
  - Avoid activities that aggravate symptoms.
  - Utilize heat or cold therapy for symptom relief.
- **Follow-up Recommendations:**
  - Return for evaluation in 6 weeks to assess pain and function, and review X-ray results.
- **Imaging:**
  - Complete X-ray of the left hand focusing on the first carpometacarpal joint to assess for joint space narrowing and bone spurs.

#####

The above note captures a comprehensive, structured approach to documenting the initial consultation for a patient with suspected osteoarthritis of the thumb joint. Each section includes detailed observations and plans to ensure the patient receives appropriate care and follow-up."|"#####
**1. Subjective:**
- **Chief Complaint (CC):** Pain, swelling, and stiffness in the left hand, particularly at the base of the thumb.
- **History of Present Illness (HPI):**
  - A 63-year-old Caucasian female presents with moderate to severe pain, swelling, and stiffness in her left hand, especially at the base of the thumb.
  - Symptoms have been ongoing daily for the past 8 months.
  - Swelling and stiffness are notably worse in the morning.
  - The condition has significantly impacted her ability to grip objects, write, and perform household chores.
- **Review of Systems (ROS):**
  - **Constitutional:** No fever or weight loss.
  - **Musculoskeletal:** Positive for pain, swelling, and stiffness in the left hand.
  - **General:** No other joint pain or muscular weakness.
  - **Cardiovascular:** History of hypertension, managed with Amlodipine 5 mg daily.
  - **Neurological:** No numbness or tingling reported in the affected hand.
        
**2. Objective:**
- **Vital Signs:**
  - Blood Pressure: Normal
- **Physical Examination:**
  - **General:** No signs of acute distress.
  - **Left Hand:**
    - Tenderness at the base of the thumb.
    - Swelling and decreased range of motion observed.
    - Presence of crepitus upon movement.

**3. Assessment:**
- **Diagnosis:** Unilateral primary osteoarthritis of the first carpometacarpal joint, left hand, likely exacerbated by age and family history of osteoarthritis.

**4. Plan:**
- **Medications:**
  - NSAID: Ibuprofen 400 mg orally, twice daily, as needed for pain.
- **Therapy:**
  - Referral for hand therapy to improve grip strength and range of motion.
- **Lifestyle Recommendations:**
  - Advise the use of thumb braces to stabilize the joint.
  - Avoid activities that aggravate symptoms.
  - Utilize heat or cold therapy for symptom relief.
- **Follow-up Recommendations:**
  - Return for evaluation in 6 weeks to assess pain and function, and review X-ray results.
- **Imaging:**
  - Complete X-ray of the left hand focusing on the first carpometacarpal joint to assess for joint space narrowing and bone spurs."|"#####
**1. Subjective:**
- **CC:** Pain, swelling, and stiffness in the left hand, particularly at the base of the thumb.
- **HPI:**
  - A 63-year-old Caucasian F presents with mod-severe pain, swelling, and stiffness in her L hand, especially at the base of the thumb.
  - Sx have been ongoing daily for the past 8 mos.
  - Swelling and stiffness are notably worse in the AM.
  - The condition has significantly impacted her ability to grip objects, write, and perform household chores.
- **ROS:**
  - **Constitutional:** No fever or wt loss.
  - **MSK:** +pain, swelling, and stiffness in the L hand.
  - **General:** No other jt pain or muscular weakness.
  - **CV:** Hx of HTN, managed with Amlodipine 5 mg daily.
  - **Neuro:** No numbness or tingling reported in the affected hand.
        
**2. Objective:**
- **VS:**
  - BP: WNL
- **PE:**
  - **General:** No signs of acute distress.
  - **L Hand:**
    - Tenderness at the base of the thumb.
    - Swelling and decreased ROM observed.
    - Presence of crepitus upon movement.

**3. Assessment:**
- **Dx:** Unilateral primary OA of the first CMC jt, L hand, likely exacerbated by age and FHx of OA.

**4. Plan:**
- **Meds:**
  - NSAID: Ibuprofen 400 mg PO BID PRN for pain.
- **Therapy:**
  - Referral for hand PT to improve grip strength and ROM.
- **Lifestyle Recommendations:**
  - Advise the use of thumb braces to stabilize the jt.
  - Avoid activities that aggravate Sx.
  - Utilize heat or cold therapy for Sx relief.
- **F/U Recommendations:**
  - Return for eval in 6 wks to assess pain and function, and review X-ray results.
- **Imaging:**
  - Complete X-ray of the L hand focusing on the first CMC jt to assess for jt space narrowing and bone spurs."|Orthopedic Specialist|"```
[doctor] Hello, how are you today?
[patient] Hi, I'm doing okay, but I've been having a lot of trouble with my left hand.
[doctor] I'm sorry to hear that. What specifically is going on with your hand?
[patient] It's been really painful, swollen, and stiff, especially at the base of my thumb.
[doctor] How long have you been experiencing these symptoms?
[patient] It's been going on for about 8 months now, and it's getting worse.
[doctor] I see. Is the swelling and stiffness worse at any particular time of day?
[patient] Yes, it's definitely worse in the morning. It takes a while for my hand to loosen up.
[doctor] Does the condition affect your ability to grip objects or perform daily tasks?
[patient] Yes, it's become really hard to grip things, write, or even do simple chores around the house.
[doctor] That sounds very challenging. Have you noticed any other joint pain or muscular weakness elsewhere in your body?
[patient] No, it's just my left hand that's giving me trouble.
[doctor] Any fever or weight loss recently?
[patient] No, none of that.
[doctor] And have you experienced any numbness or tingling in your affected hand?
[patient] No, no numbness or tingling.
[doctor] Can you tell me about your medical history? Any conditions you're currently managing?
[patient] Yes, I have hypertension, and I take Amlodipine 5 mg daily for that.
[doctor] Thank you for sharing that. Let me take a look at your vital signs. Your blood pressure is normal today.
[patient] That's good to hear.
[doctor] Now, let's examine your left hand. I'll gently palpate the base of your thumb. Does this hurt?
[patient] Yes, that's very tender.
[doctor] I can see there's swelling and decreased range of motion. Let's move your thumb a bit to check for any crepitus.
[patient] I can feel a sort of grinding sensation when you do that.
[doctor] That grinding is what we call crepitus. It often indicates joint issues. I'm going to order an X-ray of your left hand to get a better look at what's going on inside the joint.
[patient] Okay, that sounds like a good idea.
[doctor] Based on your symptoms and my examination, it seems like you might have osteoarthritis in the first carpometacarpal joint of your left hand. This is often exacerbated by age and can run in families.
[patient] Oh, my mother had arthritis too. Does that mean I'll need surgery?
[doctor] Not necessarily. We'll start with some conservative treatments first. I'm going to prescribe you an NSAID, specifically Ibuprofen 400 mg, to take twice daily as needed for pain.
[patient] Alright, I can do that.
[doctor] I'll also refer you for hand therapy. This can help improve your grip strength and range of motion, and potentially reduce pain.
[patient] That sounds helpful.
[doctor] In addition to that, I recommend using a thumb brace to stabilize the joint. Try to avoid activities that make the pain worse.
[patient] Okay, I can try that.
[doctor] You might also find it helpful to use heat or cold therapy to manage your symptoms. Different people find relief with different methods, so you might need to experiment a bit.
[patient] I'll give that a try too.
[doctor] I'll want to see you again in 6 weeks to evaluate how you're doing and go over your X-ray results. Does that work for you?
[patient] Yes, that works. Thank you.
[doctor] Great. We'll review the X-ray results at that time to assess for any joint space narrowing or bone spurs, which are common in osteoarthritis.
[patient] Okay, thank you for your help.
[doctor] You're welcome. Do you have any other questions for me today?
[patient] No, I think that's all for now.
[doctor] Alright, take care and I'll see you in 6 weeks.
[patient] Thank you, see you then.
```"|"[doctor]: Hello, how are you today?

[patient]: Hi, I'm doing okay, but I've been having a lot of trouble with my left hand.

[doctor]: Hmm, I'm sorry to hear that. What specifically is going on with your hand?

[patient]: It's been really painful, swollen, and stiff, especially at the base of my thumb.

[doctor]: I see. How long have you been experiencing these symptoms?

[patient]: It's been going on for about 8 months now, and it's getting worse.

[doctor]: Oh, that's quite a while. Is the swelling and stiffness worse at any particular time of day?

[patient]: Yes, it's definitely worse in the morning. It takes a while for my hand to loosen up.

[doctor]: I understand. Does the condition affect your ability to grip objects or perform daily tasks?

[patient]: Yes, it's become really hard to grip things, write, or even do simple chores around the house.

[doctor]: That sounds very challenging. Have you noticed any other joint pain or muscular weakness elsewhere in your body?

[patient]: No, it's just my left hand that's giving me trouble.

[doctor]: Any fever or weight loss recently?

[patient]: No, none of that.

[doctor]: And have you experienced any numbness or tingling in your affected hand?

[patient]: No, no numbness or tingling.

[doctor]: Hmm, okay. Can you tell me about your medical history? Any conditions you're currently managing?

[patient]: Yes, I have hypertension, and I take Amlodipine 5 mg daily for that.

[doctor]: Thank you for sharing that. Let me take a look at your vital signs. Your blood pressure is normal today.

[patient]: That's good to hear.

[doctor]: Now, let's examine your left hand. I'll gently palpate the base of your thumb. Does this hurt?

[patient]: Yes, that's very tender.

[doctor]: I can see there's swelling and decreased range of motion. Let's move your thumb a bit to check for any crepitus.

[patient]: I can feel a sort of grinding sensation when you do that.

[doctor]: That grinding is what we call crepitus. It often indicates joint issues. I'm going to order an X-ray of your left hand to get a better look at what's going on inside the joint.

[patient]: Okay, that sounds like a good idea.

[doctor]: Based on your symptoms and my examination, it seems like you might have osteoarthritis in the first carpometacarpal joint of your left hand. This is often exacerbated by age and can run in families.

[patient]: Oh, my mother had arthritis too. Does that mean I'll need surgery?

[doctor]: Not necessarily. We'll start with some conservative treatments first. I'm going to prescribe you an NSAID, specifically Ibuprofen 400 mg, to take twice daily as needed for pain.

[patient]: Alright, I can do that.

[doctor]: I'll also refer you for hand therapy. This can help improve your grip strength and range of motion, and potentially reduce pain.

[patient]: That sounds helpful.

[doctor]: In addition to that, I recommend using a thumb brace to stabilize the joint. Try to avoid activities that make the pain worse.

[patient]: Okay, I can try that.

[doctor]: You might also find it helpful to use heat or cold therapy to manage your symptoms. Different people find relief with different methods, so you might need to experiment a bit.

[patient]: I'll give that a try too.

[doctor]: I'll want to see you again in 6 weeks to evaluate how you're doing and go over your X-ray results. Does that work for you?

[patient]: Yes, that works. Thank you.

[doctor]: Great. We'll review the X-ray results at that time to assess for any joint space narrowing or bone spurs, which are common in osteoarthritis.

[patient]: Okay, thank you for your help.

[doctor]: You're welcome. Do you have any other questions for me today?

[patient]: No, I think that's all for now.

[doctor]: Alright, take care and I'll see you in 6 weeks.

[patient]: Thank you, see you then."
UNILATERAL PRIMARY OSTEOARTHRITIS OF FIRST CARPOMETACARPAL JOINT, LEFT HAND|"ROLE: Orthopedic Specialist

- **Medical Outcome:**
    - Diagnosis: Unilateral Primary Osteoarthritis of First Carpometacarpal Joint, Left Hand (ICD-10 M18.12)
    - Prescribed Treatment: Oral NSAID (Naproxen 250 mg, oral, twice daily, 60 tablets)
    - Follow-up Recommendations: Follow-up in 6 weeks to assess pain and functionality
    - Referral to Specialist: Hand Therapy for occupational therapy (Mary Ellen, OT)
    - Imaging: X-ray of the left hand to evaluate the severity of osteoarthritis

- **Medical History:**
    - Previous Diagnoses: Hypertension
    - Family Medical History: Father had osteoarthritis, mother had type 2 diabetes
    - Medication History: Currently not taking any medication regularly
    - Allergies: Penicillin 

- **Symptom Description:**
    - Severity: Severe pain, particularly during movement
    - Duration: 3 years, significantly worsened over the last 6 months
    - Associated Symptoms: Stiffness and temporary numbness in the left hand
    - Frequency: Daily, with exacerbations during typing and gripping objects
    - Impact on Daily Activities: Difficulty in lifting and gripping objects, impacting both professional and personal activities

- **Patient’s self-reported habits and lifestyle:**
    - Sleep: 6-7 hours per night, sometimes disturbed by pain
    - Diet: Balanced diet, avoids red meat
    - Exercise: Light walking every day, basic hand exercises
    - Tobacco Use: Never smoked
    - Alcohol Consumption: Occasionally, 1-2 glasses of wine per week
    - Drug Use: None
    - Recreational Activities: Enjoys writing and knitting, both hindered by hand pain

- **Demographic Information:**
    - Age: 70
    - Gender: Male
    - Ethnicity: Asian
    - Socio-economic Status: Affluent
    - Education Level: PhD
    - Health Literacy: High
    - Job Status: Retired professor

- **Patient's Behavior:**
    - Highly cooperative with medical advice and proactive in managing health

- **Geographical Location:**
    - Big City
    - Urban setting with good access to healthcare

- **Clinical Setting:**
    - Hospital Outpatient Clinic

- **Type of Encounter:**
    - Follow-up for chronic condition management

- **Treatment Disparities:**
    - NA

- **Native or Non-Native English Speaking Patient:**
    - Non-Native English Speaking (fluent in English but primary language is Mandarin)

- **Physical exams:**
    - Examination of the left hand revealed tenderness at the base of the thumb, mild swelling, and pain with movement

- **Investigation/Test results:**
    - X-ray of the left hand to assess the extent of osteoarthritis: Awaiting results"|"#####

**SUBJECTIVE:**

**Chief Complaint (CC):**
Severe pain in the left hand, particularly during movement.

**History of Present Illness (HPI):**
Mr. Yung Li is a 70-year-old male with a past medical history significant for hypertension who presents for follow-up regarding severe pain in his left hand. He reports the pain has been present for 3 years but has significantly worsened over the last 6 months. The pain is exacerbated by typing and gripping objects, leading to difficulty in lifting and gripping, which impacts both his professional and personal activities.

He also notes associated symptoms of stiffness and temporary numbness in the left hand. He affirms that the pain is severe and occurs daily, frequently disturbing his sleep.

**Review of Systems (ROS):**
- **Constitutional:** Denies fevers, chills, or weight loss. Endorses fatigue due to disturbed sleep.
- **Musculoskeletal:** Endorses severe pain, stiffness, and temporary numbness in the left hand.
- **Neurological:** Denies any recent headaches, dizziness, or changes in vision.

**OBJECTIVE:**

**Physical Examination:**
- **Left Hand:**
  - Tenderness at the base of the thumb.
  - Mild swelling noted.
  - Pain with movement observed.

**Results:**
- **Imaging:** X-ray of the left hand to evaluate the severity of osteoarthritis. Results are pending.

**ASSESSMENT:**

Mr. Yung Li is a 70-year-old male with a history of hypertension presenting with severe unilateral primary osteoarthritis of the first carpometacarpal joint of the left hand (ICD-10 M18.12). The condition has significantly impacted his daily activities, including writing and knitting, which he enjoys.

**PLAN:**

1. **Medical Treatment:**
   - Prescribe oral NSAID: Naproxen 250 mg, oral, twice daily, 60 tablets.
   - Educate the patient on the importance of taking the medication with food to minimize gastrointestinal side effects.

2. **Imaging:**
   - Review the X-ray results of the left hand once available to further evaluate the severity of osteoarthritis.

3. **Referral:**
   - Refer to hand therapy for occupational therapy with Mary Ellen, OT, to optimize hand function and provide pain relief strategies.

4. **Follow-up:**
   - Schedule a follow-up appointment in 6 weeks to assess pain and functionality.

5. **Patient Education and Counseling:**
   - Advise the patient on the benefits of continuing light exercise, particularly those tailored to hand function.
   - Recommend ergonomic modifications for activities such as typing and gripping to reduce strain on the thumb.
   - Encourage the patient to maintain his balanced diet and continue avoiding red meat, as well as to monitor his alcohol consumption.
   
6. **Patient Agreements:**
   - Mr. Li understands and agrees with the recommended medical treatment plan, including medication management and engaging in occupational therapy.

---

**CLINICIAN NOTE:**
The patient is highly cooperative with medical advice and proactive in managing his health. He has high health literacy and is fluent in English, though his primary language is Mandarin.

---

**NEXT STEPS:**
- Await X-ray results.
- Follow-up in 6 weeks to re-evaluate the condition."|"**SUBJECTIVE:**

**Chief Complaint (CC):**
Severe pain in the left hand, particularly during movement.

**History of Present Illness (HPI):**
Mr. Yung Li is a 70-year-old male with a past medical history significant for hypertension who presents for follow-up regarding severe pain in his left hand. He reports the pain has been present for 3 years but has significantly worsened over the last 6 months. The pain is exacerbated by typing and gripping objects, leading to difficulty in lifting and gripping, which impacts both his professional and personal activities.

He also notes associated symptoms of stiffness and temporary numbness in the left hand. He affirms that the pain is severe and occurs daily, frequently disturbing his sleep.

**Review of Systems (ROS):**
- **Constitutional:** Denies fevers, chills, or weight loss. Endorses fatigue due to disturbed sleep.
- **Musculoskeletal:** Endorses severe pain, stiffness, and temporary numbness in the left hand.
- **Neurological:** Denies any recent headaches, dizziness, or changes in vision.

**OBJECTIVE:**

**Physical Examination:**
- **Left Hand:**
  - Tenderness at the base of the thumb.
  - Mild swelling noted.
  - Pain with movement observed.

**ASSESSMENT:**

Mr. Yung Li is a 70-year-old male with a history of hypertension presenting with severe unilateral primary osteoarthritis of the first carpometacarpal joint of the left hand (ICD-10 M18.12). The condition has significantly impacted his daily activities, including writing and knitting, which he enjoys.

**PLAN:**

1. **Medical Treatment:**
   - Prescribe oral NSAID: Naproxen 250 mg, oral, twice daily, 60 tablets.
   - Educate the patient on the importance of taking the medication with food to minimize gastrointestinal side effects.

2. **Imaging:**
   - Review the X-ray results of the left hand once available to further evaluate the severity of osteoarthritis.

3. **Referral:**
   - Refer to hand therapy for occupational therapy with Mary Ellen, OT, to optimize hand function and provide pain relief strategies.

4. **Follow-up:**
   - Schedule a follow-up appointment in 6 weeks to assess pain and functionality.

5. **Patient Education and Counseling:**
   - Advise the patient on the benefits of continuing light exercise, particularly those tailored to hand function.
   - Recommend ergonomic modifications for activities such as typing and gripping to reduce strain on the thumb.
   - Encourage the patient to maintain his balanced diet and continue avoiding red meat, as well as to monitor his alcohol consumption.
   
6. **Patient Agreements:**
   - Mr. Li understands and agrees with the recommended medical treatment plan, including medication management and engaging in occupational therapy."|"**SUBJECTIVE:**

**CC:**
Severe pain in the left hand, particularly during movement.

**HPI:**
Mr. Yung Li, a 70 y/o M with PMH significant for HTN, presents for f/u regarding severe pain in his left hand. He reports the pain has been present for 3 years but has significantly worsened over the last 6 months. The pain is exacerbated by typing and gripping objects, leading to difficulty in lifting and gripping, which impacts both his professional and personal activities.

He also notes associated sx of stiffness and temporary numbness in the left hand. He affirms that the pain is severe and occurs daily, frequently disturbing his sleep.

**ROS:**
- **Constitutional:** Denies fevers, chills, or weight loss. Endorses fatigue due to disturbed sleep.
- **MSK:** Endorses severe pain, stiffness, and temporary numbness in the left hand.
- **Neuro:** Denies any recent headaches, dizziness, or changes in vision.

**OBJECTIVE:**

**PE:**
- **Left Hand:**
  - Tenderness at the base of the thumb.
  - Mild swelling noted.
  - Pain with movement observed.

**ASSESSMENT:**

Mr. Yung Li is a 70 y/o M with a hx of HTN presenting with severe unilateral primary OA of the first CMC joint of the left hand (ICD-10 M18.12). The condition has significantly impacted his daily activities, including writing and knitting, which he enjoys.

**PLAN:**

1. **Medical Tx:**
   - Rx oral NSAID: Naproxen 250 mg PO BID, 60 tabs.
   - Educate pt on the importance of taking the med with food to minimize GI side effects.

2. **Imaging:**
   - Review X-ray results of the left hand once available to further evaluate the severity of OA.

3. **Referral:**
   - Refer to hand therapy for OT with Mary Ellen, OT, to optimize hand function and provide pain relief strategies.

4. **F/U:**
   - Schedule a f/u appt in 6 weeks to assess pain and functionality.

5. **Pt Education and Counseling:**
   - Advise pt on the benefits of continuing light exercise, particularly those tailored to hand function.
   - Recommend ergonomic modifications for activities such as typing and gripping to reduce strain on the thumb.
   - Encourage pt to maintain his balanced diet and continue avoiding red meat, as well as to monitor his EtOH consumption.

6. **Pt Agreements:**
   - Mr. Li understands and agrees with the recommended medical tx plan, including med mgmt and engaging in OT."|Orthopedic Specialist|"**Doctor**: Good morning, Mr. Li. How are you feeling today?

**Patient**: Good morning, doctor. I'm alright, but my left hand is still giving me a lot of trouble.

**Doctor**: I'm sorry to hear that. Can you describe the pain you're experiencing in your left hand?

**Patient**: Yes, the pain is really severe, especially when I try to move my hand. It's been bothering me for about 3 years, but it's gotten much worse in the last 6 months.

**Doctor**: I see. What kinds of activities make the pain worse?

**Patient**: Typing and gripping objects are the worst. It makes it hard to lift things or hold onto anything. It really affects my work and my daily life.

**Doctor**: That sounds difficult. Do you notice any other symptoms in your left hand?

**Patient**: Yes, there's stiffness and sometimes I feel numbness. The pain is really bad and it happens every day, often waking me up at night.

**Doctor**: I'm sorry to hear that. Let's go over a few more details. Have you had any fevers, chills, or weight loss recently?

**Patient**: No, no fevers or chills, and my weight has been stable. But I do feel quite tired because the pain keeps disturbing my sleep.

**Doctor**: Understood. How about headaches, dizziness, or any changes in your vision?

**Patient**: No, I haven't had any of those issues.

**Doctor**: Thank you for sharing that. Let's take a look at your hand. I'll start with a physical examination. Does that sound okay?

**Patient**: Sure, go ahead.

**Doctor**: (Examining the left hand) I can see there's some tenderness at the base of your thumb and mild swelling. Does it hurt when I move your thumb like this?

**Patient**: Yes, that hurts a lot.

**Doctor**: Alright, thank you for letting me know. I noticed pain with movement. We have ordered an X-ray of your left hand to get a better look at what's going on, but the results are still pending.

**Patient**: Okay, I understand.

**Doctor**: Based on what I see and your symptoms, it looks like you have severe osteoarthritis in the first carpometacarpal joint of your left hand. This can cause a lot of pain and affect daily activities like writing and knitting. Do you enjoy those activities?

**Patient**: Yes, I love writing and knitting. It's been really frustrating not being able to do them.

**Doctor**: I can imagine. Let's discuss a plan to help manage your pain and improve your hand function.

**Patient**: That would be great.

**Doctor**: First, I'm going to prescribe an oral NSAID called Naproxen. You'll take 250 mg twice a day. It's important to take it with food to minimize any stomach issues. 

**Patient**: Okay, I can do that.

**Doctor**: I'll also refer you to hand therapy for occupational therapy with Mary Ellen, OT. She can help you with exercises and strategies to reduce pain and improve your hand function.

**Patient**: Occupational therapy sounds helpful. I’ll give it a try.

**Doctor**: Excellent. We will also review the X-ray results once they are available to further evaluate the severity of the osteoarthritis.

**Patient**: Sounds good. What else should I do in the meantime?

**Doctor**: Continue with light exercises, particularly those that are tailored for hand function. We can provide you with some specific exercises to try at home.

**Patient**: Alright, I can do that.

**Doctor**: I also recommend making some ergonomic modifications for activities like typing and gripping to reduce strain on your thumb.

**Patient**: I'll look into that. Anything else?

**Doctor**: Yes, please continue to follow a balanced diet and avoid red meat. Also, monitor your alcohol consumption.

**Patient**: I will. How soon should I follow up with you?

**Doctor**: Let's schedule a follow-up appointment in 6 weeks to assess your pain and functionality.

**Patient**: Okay, that works for me.

**Doctor**: Great. Do you have any questions or concerns about the treatment plan?

**Patient**: No, I think I understand everything. I just hope the pain will get better.

**Doctor**: We will do our best to manage your pain. You are highly cooperative and proactive in managing your health, which is very helpful.

**Patient**: Thank you, doctor. I appreciate it.

**Doctor**: You're welcome. We'll await the X-ray results and I'll see you in 6 weeks. Take care and have a good day.

**Patient**: Thank you, doctor. You too."|"**Doctor**: Good morning, Mr. Li. How are you feeling today?

**Patient**: Good morning, doctor. I'm alright, but my left hand is still giving me a lot of trouble.

**Doctor**: I'm sorry to hear that. Can you describe the pain you're experiencing in your left hand?

**Patient**: Yes, the pain is really severe, especially when I try to move my hand. It's been bothering me for about 3 years, but it's gotten much worse in the last 6 months.

**Doctor**: I see. What kinds of activities make the pain worse?

**Patient**: Typing and gripping objects are the worst. It makes it hard to lift things or hold onto anything. It really affects my work and my daily life.

**Doctor**: That sounds difficult. Do you notice any other symptoms in your left hand?

**Patient**: Yes, there's stiffness and sometimes I feel numbness. The pain is really bad and it happens every day, often waking me up at night.

**Doctor**: I'm sorry to hear that. Let's go over a few more details. Have you had any fevers, chills, or weight loss recently?

**Patient**: No, no fevers or chills, and my weight has been stable. But I do feel quite tired because the pain keeps disturbing my sleep.

**Doctor**: Understood. How about headaches, dizziness, or any changes in your vision?

**Patient**: No, I haven't had any of those issues.

**Doctor**: Thank you for sharing that. Let's take a look at your hand. I'll start with a physical examination. Does that sound okay?

**Patient**: Sure, go ahead.

**Doctor**: (Examining the left hand) I can see there's some tenderness at the base of your thumb and mild swelling. Does it hurt when I move your thumb like this?

**Patient**: Yes, that hurts a lot.

**Doctor**: Alright, thank you for letting me know. I noticed pain with movement. We have ordered an X-ray of your left hand to get a better look at what's going on, but the results are still pending.

**Patient**: Okay, I understand.

**Doctor**: Based on what I see and your symptoms, it looks like you have severe osteoarthritis in the first carpometacarpal joint of your left hand. This can cause a lot of pain and affect daily activities like writing and knitting. Do you enjoy those activities?

**Patient**: Yes, I love writing and knitting. It's been really frustrating not being able to do them.

**Doctor**: I can imagine. Let's discuss a plan to help manage your pain and improve your hand function.

**Patient**: That would be great.

**Doctor**: First, I'm going to prescribe an oral NSAID called Naproxen. You'll take 250 mg twice a day. It's important to take it with food to minimize any stomach issues. 

**Patient**: Okay, I can do that.

**Doctor**: I'll also refer you to hand therapy for occupational therapy with Mary Ellen, OT. She can help you with exercises and strategies to reduce pain and improve your hand function.

**Patient**: Occupational therapy sounds helpful. I’ll give it a try.

**Doctor**: Excellent. We will also review the X-ray results once they are available to further evaluate the severity of the osteoarthritis.

**Patient**: Sounds good. What else should I do in the meantime?

**Doctor**: Continue with light exercises, particularly those that are tailored for hand function. We can provide you with some specific exercises to try at home.

**Patient**: Alright, I can do that.

**Doctor**: I also recommend making some ergonomic modifications for activities like typing and gripping to reduce strain on your thumb.

**Patient**: I'll look into that. Anything else?

**Doctor**: Yes, please continue to follow a balanced diet and avoid red meat. Also, monitor your alcohol consumption.

**Patient**: I will. How soon should I follow up with you?

**Doctor**: Let's schedule a follow-up appointment in 6 weeks to assess your pain and functionality.

**Patient**: Okay, that works for me.

**Doctor**: Great. Do you have any questions or concerns about the treatment plan?

**Patient**: No, I think I understand everything. I just hope the pain will get better.

**Doctor**: We will do our best to manage your pain. You are highly cooperative and proactive in managing your health, which is very helpful.

**Patient**: Thank you, doctor. I appreciate it.

**Doctor**: You're welcome. We'll await the X-ray results and I'll see you in 6 weeks. Take care and have a good day.

**Patient**: Thank you, doctor. You too."
UNILATERAL PRIMARY OSTEOARTHRITIS OF FIRST CARPOMETACARPAL JOINT, LEFT HAND|"ROLE: Orthopedic Specialist

**1) Medical Outcome:**
- Diagnosis: Achilles tendinitis (ICD-10 M76.60).
- Prescribed Treatment:
   - Pain Management: Naproxen 500 mg, oral, to be taken every 12 hours as needed for pain.
   - Physical Therapy: Referral for Achilles tendon stretching and strengthening exercises.
   - Orthotic Support: Recommendation for heel lifts in both shoes to reduce stress on the tendon.
- Follow-up Recommendations: Follow-up in 4 weeks to evaluate pain management and functional improvement.
- Referral to Specialist: Podiatrist, Dr. Susan Green, for custom orthotic evaluation.
- Imaging: Ultrasound of the right Achilles tendon to assess severity of tendinitis and any microtears.

**2) Medical History:**
- Previous Diagnoses: Migraine
- Family Medical History: Mother - Osteoarthritis, Father - Heart disease
- Medication History: Sumatriptan 50 mg as needed for migraine
- Allergies: Shellfish
- Chronic Conditions: Recurrent migraine

**3) Symptom Description:**
- Severity: Severe pain
- Duration: 4 weeks
- Associated Symptoms: Swelling and stiffness in the Achilles tendon
- Frequency: Constant pain, worsens after physical activity
- Impact on Daily Activities: Difficulty walking, running, and participating in sports activities

**4) Patient’s self-reported habits and lifestyle:**
- Sleep: Disrupted by pain
- Diet: Balanced diet rich in fruits and vegetables
- Exercise: Recently reduced, previously involved in high-impact sports like basketball
- Tobacco Use: None
- Alcohol Consumption: Social use on weekends
- Drug Use: None
- Recreational Activities: Enjoys hiking but currently unable to participate due to pain

**5) Demographic Information:**
- Age: 28
- Gender: Male
- Ethnicity: Asian
- Socio-economic Status: Lower-middle class
- Education Level: Associate degree in business administration
- Health Literacy: Moderate
- Job Status: Retail associate

**6) Patient's Behavior:**
- Cooperative but expresses frustration due to limitations in physical activity

**7) Geographical Location:**
- Small City, Suburban Area
- Well-served by public transportation but limited specialized healthcare facilities

**8) Clinical Setting:**
- Urgent Care Center

**9) Type of Encounter:**
- Initial Consultation

**12) Physical exams:**
- Inspection: Visible swelling and slight redness over the Achilles tendon
- Palpation: Significant tenderness, particularly 2-6 cm proximal to the Achilles tendon insertion
- Range of Motion: Painful dorsiflexion and plantarflexion

**13) Investigation/Test results:**
- Awaiting Ultrasound of the right Achilles tendon to determine the extent of the tendinitis and to rule out partial tears."|"#####
**1. Subjective:**

**Chief Complaint (CC):**
Severe right Achilles tendon pain.

**History of Present Illness (HPI):**
A 28-year-old Asian male presents with severe pain in the right Achilles tendon that has persisted for 4 weeks. The pain is constant and intensifies after physical activities. He reports significant swelling and stiffness in the affected area, which has affected his ability to walk, run, and participate in sports. His sleep is disrupted by pain, and he expresses frustration regarding his limited physical activity.

**Review of Systems (ROS):**
- Musculoskeletal: Reports severe pain, swelling, and stiffness in the right Achilles tendon.
- Neurological: Chronic migraines, for which he uses Sumatriptan 50 mg as needed.
- General: No other systemic complaints noted.

**2. Objective:**

**Vital Signs:**
- Temperature: 98.6°F
- Pulse: 76 bpm
- Respiratory Rate: 16 bpm
- Blood Pressure: 120/80 mm Hg
- Oxygen Saturation: 98% on room air

**Physical Examination:**
- **Inspection:** Visible swelling and slight redness over the right Achilles tendon.
- **Palpation:** Significant tenderness noted, particularly 2-6 cm proximal to the Achilles tendon insertion.
- **Range of Motion:** Painful dorsiflexion and plantarflexion.

**3. Assessment:**
Achilles tendinitis (ICD-10 M76.60).

**4. Plan:**

**Treatment:**
- **Pain Management:** Naproxen 500 mg, oral, to be taken every 12 hours as needed for pain.
- **Physical Therapy:** Referral for Achilles tendon stretching and strengthening exercises.
- **Orthotic Support:** Recommendation for heel lifts in both shoes to reduce stress on the tendon.
  
**Follow-up Recommendations:**
- Follow-up appointment scheduled in 4 weeks to evaluate pain management and functional improvement.

**Referral to Specialist:**
- Referral to Podiatrist, Dr. Susan Green, for custom orthotic evaluation.

**Imaging:**
- Ultrasound of the right Achilles tendon to assess the severity of tendinitis and any microtears.

**Patient Education and Instructions:**
- Advised on the importance of adhering to physical therapy and using orthotic supports.
- Instructed to avoid high-impact activities until reassessed.
- Educated on the benefits of anti-inflammatory medication and its proper use.

**Instructions for Follow-Up:**
- Return to the clinic in 4 weeks or sooner if symptoms worsen or new symptoms arise.

**Additional Notes:**
- Discussed the patient's frustration and provided reassurance regarding expected recovery timelines.
- Encouraged maintaining a balanced diet and gentle mobility exercises to aid recovery.

#####

This medical note provides a comprehensive overview of the patient's condition, the physician's findings, and the planned course of treatment. It adheres to the structured format, ensuring clarity for healthcare providers involved in the patient's care."|"#####
**1. Subjective:**

**Chief Complaint (CC):**
Severe right Achilles tendon pain.

**History of Present Illness (HPI):**
A 28-year-old Asian male presents with severe pain in the right Achilles tendon that has persisted for 4 weeks. The pain is constant and intensifies after physical activities. He reports significant swelling and stiffness in the affected area, which has affected his ability to walk, run, and participate in sports. His sleep is disrupted by pain, and he expresses frustration regarding his limited physical activity.

**Review of Systems (ROS):**
- Musculoskeletal: Reports severe pain, swelling, and stiffness in the right Achilles tendon.
- Neurological: Chronic migraines, for which he uses Sumatriptan 50 mg as needed.
- General: No other systemic complaints noted.

**2. Objective:**

**Vital Signs:**
- Temperature: 98.6°F
- Pulse: 76 bpm
- Respiratory Rate: 16 bpm
- Blood Pressure: 120/80 mm Hg
- Oxygen Saturation: 98% on room air

**Physical Examination:**
- **Inspection:** Visible swelling and slight redness over the right Achilles tendon.
- **Palpation:** Significant tenderness noted, particularly 2-6 cm proximal to the Achilles tendon insertion.
- **Range of Motion:** Painful dorsiflexion and plantarflexion.

**3. Assessment:**
Achilles tendinitis (ICD-10 M76.60).

**4. Plan:**

**Treatment:**
- **Pain Management:** Naproxen 500 mg, oral, to be taken every 12 hours as needed for pain.
- **Physical Therapy:** Referral for Achilles tendon stretching and strengthening exercises.
- **Orthotic Support:** Recommendation for heel lifts in both shoes to reduce stress on the tendon.
  
**Follow-up Recommendations:**
- Follow-up appointment scheduled in 4 weeks to evaluate pain management and functional improvement.

**Referral to Specialist:**
- Referral to Podiatrist, Dr. Susan Green, for custom orthotic evaluation due to persistent pain and functional limitations.

**Imaging:**
- Ultrasound of the right Achilles tendon to assess the severity of tendinitis and any microtears.

**Patient Education and Instructions:**
- Advised on the importance of adhering to physical therapy and using orthotic supports.
- Instructed to avoid high-impact activities until reassessed.
- Educated on the benefits of anti-inflammatory medication and its proper use.

**Instructions for Follow-Up:**
- Return to the clinic in 4 weeks or sooner if symptoms worsen or new symptoms arise.

**Additional Notes:**
- Discussed the patient's frustration and provided reassurance regarding expected recovery timelines.
- Encouraged maintaining a balanced diet and gentle mobility exercises to aid recovery.
#####"|"#####
**1. Subjective:**

**CC:**
Severe right Achilles tendon pain.

**HPI:**
A 28-year-old Asian male presents with severe pain in the right Achilles tendon that has persisted for 4 weeks. The pain is constant and intensifies post-physical activities. Reports significant swelling and stiffness in the affected area, impacting ambulation, running, and sports participation. Sleep is disrupted by pain, and he expresses frustration regarding limited physical activity.

**ROS:**
- MSK: Reports severe pain, swelling, and stiffness in the right Achilles tendon.
- Neuro: Chronic migraines, uses Sumatriptan 50 mg PRN.
- Gen: No other systemic complaints noted.

**2. Objective:**

**VS:**
- Temp: 98.6°F
- HR: 76 bpm
- RR: 16 bpm
- BP: 120/80 mm Hg
- SpO2: 98% on RA

**PE:**
- **Inspection:** Visible swelling and slight erythema over the right Achilles tendon.
- **Palpation:** Significant tenderness noted, particularly 2-6 cm proximal to the Achilles tendon insertion.
- **ROM:** Painful dorsiflexion and plantarflexion.

**3. Assessment:**
Achilles tendinitis (ICD-10 M76.60).

**4. Plan:**

**Tx:**
- **Pain Mgmt:** Naproxen 500 mg PO q12h PRN.
- **PT:** Referral for Achilles tendon stretching and strengthening exercises.
- **Orthotic Support:** Recommendation for heel lifts in both shoes to reduce stress on the tendon.
  
**F/U Recommendations:**
- F/U appointment scheduled in 4 weeks to evaluate pain mgmt and functional improvement.

**Referral to Specialist:**
- Referral to Podiatrist, Dr. Susan Green, for custom orthotic eval due to persistent pain and functional limitations.

**Imaging:**
- US of the right Achilles tendon to assess the severity of tendinitis and any microtears.

**Patient Education and Instructions:**
- Advised on the importance of adhering to PT and using orthotic supports.
- Instructed to avoid high-impact activities until reassessed.
- Educated on the benefits of anti-inflammatory meds and their proper use.

**Instructions for F/U:**
- Return to the clinic in 4 weeks or sooner if symptoms worsen or new symptoms arise.

**Additional Notes:**
- Discussed the patient's frustration and provided reassurance regarding expected recovery timelines.
- Encouraged maintaining a balanced diet and gentle mobility exercises to aid recovery.
#####"|Orthopedic Specialist|"**Doctor:** Hello! How are you doing today?

**Patient:** Hi, Doctor. Not so great, to be honest. I've been having severe pain in my right Achilles tendon for the past month.

**Doctor:** I see. How would you describe the pain? Is it constant or does it come and go?

**Patient:** It's pretty much constant, but it gets worse after I do any physical activities. 

**Doctor:** Hmm, that sounds painful. How long has this been going on?

**Patient:** It's been about four weeks now. 

**Doctor:** Alright. Anything else you've noticed along with the pain?

**Patient:** Yes, there's significant swelling and stiffness in the area. It's really affecting my ability to walk, run, and play sports.

**Doctor:** I can understand how frustrating that must be. Is the pain affecting your sleep too?

**Patient:** Yes, it's been disrupting my sleep quite a bit. I can't get comfortable.

**Doctor:** Okay. Let's review your systems. Besides the Achilles tendon pain, do you have any other musculoskeletal issues?

**Patient:** No, just the pain, swelling, and stiffness in the Achilles tendon.

**Doctor:** Any neurological issues we should know about?

**Patient:** I have chronic migraines, for which I take Sumatriptan 50 mg as needed.

**Doctor:** Got it. Have you experienced any other general symptoms or systemic complaints?

**Patient:** No, nothing else.

**Doctor:** Alright, let’s check your vital signs. Your temperature is 98.6°F, pulse 76 bpm, respiratory rate 16 bpm, blood pressure 120/80 mm Hg, and oxygen saturation is 98% on room air. Everything looks normal there.

**Doctor:** Now, let’s take a look at your Achilles tendon. I can see some visible swelling and slight redness over the right Achilles tendon. Is it tender when I press here?

**Patient:** Yes, that’s very tender.

**Doctor:** How about when I press 2-6 cm above the tendon insertion?

**Patient:** That’s even worse.

**Doctor:** Okay. How does it feel when you try to move your foot? Let's try dorsiflexion and plantarflexion.

**Patient:** Ouch, both of those hurt a lot.

**Doctor:** Alright, based on your symptoms and the exam, it looks like you have Achilles tendinitis. 

**Patient:** What does that mean?

**Doctor:** Essentially, it’s an inflammation of the Achilles tendon. It’s common with repetitive stress or overuse.

**Patient:** So, what’s the plan to treat this?

**Doctor:** First, we’ll manage your pain with Naproxen 500 mg, to be taken every 12 hours as needed. I’ll also refer you for physical therapy to focus on Achilles tendon stretching and strengthening exercises.

**Patient:** That sounds good. Anything else I should do?

**Doctor:** Yes, I recommend using heel lifts in both shoes to reduce stress on the tendon. We’ll also schedule an ultrasound to assess the severity of the tendinitis and check for any microtears.

**Patient:** Okay, I can do that.

**Doctor:** Great. I’ll refer you to Dr. Susan Green, a podiatrist, for a custom orthotic evaluation. She can help with specialized supports for your condition.

**Patient:** Alright, thank you.

**Doctor:** You’re welcome. It’s important to avoid high-impact activities until we reassess your condition. Stick to your physical therapy and use the orthotic supports. 

**Patient:** I will. When should I come back for a follow-up?

**Doctor:** Let's schedule a follow-up appointment in 4 weeks to evaluate your pain management and functional improvement. Return sooner if your symptoms worsen or if you experience any new issues.

**Patient:** Okay, I’ll do that.

**Doctor:** Also, I understand your frustration with the limited physical activity. Recovery can take time, but we’ll work through it. 

**Patient:** Thanks, Doctor. That means a lot.

**Doctor:** No problem. Make sure you maintain a balanced diet and engage in gentle mobility exercises to aid your recovery. Do you have any other questions?

**Patient:** No, I think that covers everything. Thank you.

**Doctor:** Great. We’ll see you in 4 weeks. Take care!

**Patient:** Thanks, Doctor. See you then."|"[doctor]: Hello! How are you doing today?

[patient]: Hi, Doctor. Not so great, to be honest. I've been having severe pain in my right Achilles tendon for the past month.

[doctor]: I see. How would you describe the pain? Is it constant or does it come and go?

[patient]: It's pretty much constant, but it gets worse after I do any physical activities.

[doctor]: Hmm, that sounds painful. How long has this been going on?

[patient]: It's been about four weeks now.

[doctor]: Alright. Anything else you've noticed along with the pain?

[patient]: Yes, there's significant swelling and stiffness in the area. It's really affecting my ability to walk, run, and play sports.

[doctor]: I can understand how frustrating that must be. Is the pain affecting your sleep too?

[patient]: Yes, it's been disrupting my sleep quite a bit. I can't get comfortable.

[doctor]: Okay. Let's review your systems. Besides the Achilles tendon pain, do you have any other musculoskeletal issues?

[patient]: No, just the pain, swelling, and stiffness in the Achilles tendon.

[doctor]: Any neurological issues we should know about?

[patient]: I have chronic migraines, for which I take Sumatriptan 50 mg as needed.

[doctor]: Got it. Have you experienced any other general symptoms or systemic complaints?

[patient]: No, nothing else.

[doctor]: Alright, let’s check your vital signs. Your temperature is 98.6°F, pulse 76 bpm, respiratory rate 16 bpm, blood pressure 120/80 mm Hg, and oxygen saturation is 98% on room air. Everything looks normal there.

[doctor]: Now, let’s take a look at your Achilles tendon. I can see some visible swelling and slight redness over the right Achilles tendon. Is it tender when I press here?

[patient]: Yes, that’s very tender.

[doctor]: How about when I press 2-6 cm above the tendon insertion?

[patient]: That’s even worse.

[doctor]: Okay. How does it feel when you try to move your foot? Let's try dorsiflexion and plantarflexion.

[patient]: Ouch, both of those hurt a lot.

[doctor]: Alright, based on your symptoms and the exam, it looks like you have Achilles tendinitis.

[patient]: What does that mean?

[doctor]: Essentially, it’s an inflammation of the Achilles tendon. It’s common with repetitive stress or overuse.

[patient]: So, what’s the plan to treat this?

[doctor]: First, we’ll manage your pain with Naproxen 500 mg, to be taken every 12 hours as needed. I’ll also refer you for physical therapy to focus on Achilles tendon stretching and strengthening exercises.

[patient]: That sounds good. Anything else I should do?

[doctor]: Yes, I recommend using heel lifts in both shoes to reduce stress on the tendon. We’ll also schedule an ultrasound to assess the severity of the tendinitis and check for any microtears.

[patient]: Okay, I can do that.

[doctor]: Great. I’ll refer you to Dr. Susan Green, a podiatrist, for a custom orthotic evaluation. She can help with specialized supports for your condition.

[patient]: Alright, thank you.

[doctor]: You’re welcome. It’s important to avoid high-impact activities until we reassess your condition. Stick to your physical therapy and use the orthotic supports.

[patient]: I will. When should I come back for a follow-up?

[doctor]: Let's schedule a follow-up appointment in 4 weeks to evaluate your pain management and functional improvement. Return sooner if your symptoms worsen or if you experience any new issues.

[patient]: Okay, I’ll do that.

[doctor]: Also, I understand your frustration with the limited physical activity. Recovery can take time, but we’ll work through it.

[patient]: Thanks, Doctor. That means a lot.

[doctor]: No problem. Make sure you maintain a balanced diet and engage in gentle mobility exercises to aid your recovery. Do you have any other questions?

[patient]: No, I think that covers everything. Thank you.

[doctor]: Great. We’ll see you in 4 weeks. Take care!

[patient]: Thanks, Doctor. See you then."
UNILATERAL PRIMARY OSTEOARTHRITIS OF FIRST CARPOMETACARPAL JOINT, LEFT HAND|"ROLE: Orthopedic Specialist

**1) Medical Outcome:** 
- Diagnosis: Unilateral primary osteoarthritis of the first carpometacarpal joint, left hand.
- Prescribed Treatment:
  - Medication: Acetaminophen 500 mg, oral tablet, take one tablet every 6 hours as needed for pain, quantity: 60 tablets.
  - Topical NSAID: Diclofenac 1% gel, apply a thin layer to the affected area 3 times a day, quantity: 1 tube.
- Follow-up Recommendations: Follow up in 4 weeks to reassess pain and functionality.
- Referral to Specialists: Referral to physical therapy for hand therapy, choose closer clinics for convenience.
- Imaging: Order for X-ray of the left hand to assess the extent of osteoarthritis.
  
**2) Medical History:**
- Previous Diagnoses: Degenerative joint disease, hypertension.
- Family Medical History: Mother with osteoarthritis.
- Medication History: Currently on Lisinopril 10 mg for hypertension.
- Allergies: No known drug allergies.
- Chronic Conditions: Hypertension.

**3) Symptom Description:**
- Severity: Moderate to severe pain.
- Duration: Past 6 months.
- Associated Symptoms: Stiffness, particularly in the morning.
- Frequency: Daily.
- Impact on Daily Activities: Difficulty gripping objects, opening jars, and writing.

**4) Patient’s self-reported habits and lifestyle:**
- Sleep: Generally good sleep but occasionally disturbed by hand pain.
- Diet: Balanced diet with occasional indulgence in fast food.
- Exercise: Limited due to hand pain, but takes daily walks.
- Tobacco Use: Non-smoker.
- Alcohol Consumption: Social drinker, 1-2 glasses of wine per week.
- Recreational Activities: Active gardener, difficulty with gardening tools due to hand pain.

**5) Demographic Information:**
- Age: 65.
- Gender: Female.
- Ethnicity: Caucasian.
- Socio-economic Status: Middle class.
- Education Level: College graduate.
- Health Literacy: High.
- Job Status: Retired teacher.

**6) Patient's Behavior:**
- Cooperation: Highly cooperative with medical advice and previous treatments.

**7) Geographical Location:**
- Big City: Chicago.
- Type: Urban.
- Pollution and Environmental Health Risks: Moderately high pollution.
- Neighborhood Type: Affluent, well-served by public transit.
  
**8) Clinical Setting:**
- Specialty Clinic: Orthopedic specialty clinic.
  
**9) Type of Encounter:**
- Initial Consultation.

**10) Treatment Disparities:**
- None observed; patient has full access to recommended treatments and resources.

**11) Native or Non-Native English Speaking Patient:**
- Native English speaking.

**12) Physical exams:**
- Musculoskeletal Exam: 
  - Inspection: Visible swelling and slight deformity at the base of the left thumb.
  - Palpation: Tenderness at the first carpometacarpal joint.
  - Range of Motion: Decreased at the left first carpometacarpal joint.
  - Strength: Slightly reduced grip strength in the left hand compared to the right.
  - Provocative Tests: Positive grind test for left CMC joint.

**13) Investigation/Test results:**
- Awaiting: X-ray imaging of the left hand to assess the extent of osteoarthritis."|"#####
**1. Subjective**

**Chief Complaint (CC)**

Pain and stiffness in the left hand, particularly at the base of the thumb.

**History of Present Illness (HPI)**

The patient is a 65-year-old Caucasian female who presents for evaluation of hand pain and stiffness, specifically at the base of her left thumb. She reports the symptoms have been moderate to severe over the past 6 months. The pain is described as aching and sometimes sharp, hindering her ability to perform daily activities such as gripping objects, opening jars, and writing. The stiffness is worse in the morning and can last for several hours. She occasionally wakes up at night due to the pain.

She has tried over-the-counter pain medications with limited relief. 

**Review of Systems (ROS)**

- Musculoskeletal: Positive for pain and stiffness in the left hand, particularly at the base of the thumb.
- General: Denies fever, chills, or weight loss.
- Neurological: No numbness or tingling in the upper extremities.
- Cardiovascular: No chest pain or palpitations.
- Respiratory: No shortness of breath or cough.

**2. Objective**

**Physical Examination**

- **Musculoskeletal Exam**: 
  - Inspection: Visible swelling and slight deformity at the base of the left thumb.
  - Palpation: Tenderness at the first carpometacarpal joint.
  - Range of Motion: Decreased at the left first carpometacarpal joint.
  - Strength: Slightly reduced grip strength in the left hand compared to the right.
  - Provocative Tests: Positive grind test for left CMC joint.

**Vital Signs**

- Blood Pressure: 130/80 mmHg
- Heart Rate: 72 bpm
- Respiratory Rate: 16 breaths per minute
- Temperature: 98.6°F
- Oxygen Saturation: 98% on room air

**Results**

Awaiting X-ray imaging of the left hand to assess the extent of osteoarthritis.

**3. Assessment**

The patient is a 65-year-old female presenting with symptoms consistent with unilateral primary osteoarthritis of the first carpometacarpal (CMC) joint of the left hand.

**Differential Diagnosis:**

1. Unilateral primary osteoarthritis of the first carpometacarpal joint, left hand.
2. De Quervain's tenosynovitis.
3. Rheumatoid arthritis (less likely given presentation and lack of systemic symptoms).

**4. Plan**

**Medical Treatment:**

- Acetaminophen 500 mg, oral tablet, take one tablet every 6 hours as needed for pain, quantity: 60 tablets.
- Diclofenac 1% gel, apply a thin layer to the affected area 3 times a day, quantity: 1 tube.

**Referrals:**

- Physical therapy for hand therapy, choosing closer clinics for convenience.

**Imaging:**

- Order for X-ray of the left hand to assess the extent of osteoarthritis.

**Follow-up Recommendations:**

- Follow up in 4 weeks to reassess pain and functionality.

**Patient Agreements:**

The patient understands and agrees with the recommended medical treatment plan.
#####"|"#####
**1. Subjective**

**Chief Complaint (CC)**

Pain and stiffness in the left hand, particularly at the base of the thumb.

**History of Present Illness (HPI)**

The patient is a 65-year-old Caucasian female named Margaret Thompson who presents for evaluation of hand pain and stiffness, specifically at the base of her left thumb. She reports the symptoms have been moderate to severe over the past 6 months. The pain is described as aching and sometimes sharp, hindering her ability to perform daily activities such as gripping objects, opening jars, and writing. The stiffness is worse in the morning and can last for several hours. She occasionally wakes up at night due to the pain.

She has tried over-the-counter pain medications with limited relief. 

**Review of Systems (ROS)**

- Musculoskeletal: Positive for pain and stiffness in the left hand, particularly at the base of the thumb.
- General: Denies fever, chills, or weight loss.
- Neurological: No numbness or tingling in the upper extremities.
- Cardiovascular: No chest pain or palpitations.
- Respiratory: No shortness of breath or cough.

**2. Objective**

**Physical Examination**

- **Musculoskeletal Exam**: 
  - Inspection: Visible swelling and slight deformity at the base of the left thumb.
  - Palpation: Tenderness at the first carpometacarpal joint.
  - Range of Motion: Decreased at the left first carpometacarpal joint.
  - Strength: Slightly reduced grip strength in the left hand compared to the right.
  - Provocative Tests: Positive grind test for left CMC joint.

**Vital Signs**

- Blood Pressure: 130/80 mmHg
- Heart Rate: 72 bpm
- Respiratory Rate: 16 breaths per minute
- Temperature: 98.6°F
- Oxygen Saturation: 98% on room air

**3. Assessment**

The patient is a 65-year-old female presenting with symptoms consistent with unilateral primary osteoarthritis of the first carpometacarpal (CMC) joint of the left hand.

**Differential Diagnosis:**

1. Unilateral primary osteoarthritis of the first carpometacarpal joint, left hand.
2. De Quervain's tenosynovitis.
3. Rheumatoid arthritis (less likely given presentation and lack of systemic symptoms).

**4. Plan**

**Medical Treatment:**

- Acetaminophen 500 mg, oral tablet, take one tablet every 6 hours as needed for pain, quantity: 60 tablets.
- Diclofenac 1% gel, apply a thin layer to the affected area 3 times a day, quantity: 1 tube.

**Referrals:**

- Physical therapy for hand therapy, choosing closer clinics for convenience.
- Referral to Dr. Emily Carter, a rheumatologist, for further evaluation to rule out rheumatoid arthritis.

**Imaging:**

- Order for X-ray of the left hand to assess the extent of osteoarthritis.

**Follow-up Recommendations:**

- Follow up in 4 weeks to reassess pain and functionality.

**Patient Agreements:**

The patient understands and agrees with the recommended medical treatment plan.
#####"|"#####
**1. Subjective**

**CC**

Pain and stiffness in the left hand, particularly at the base of the thumb.

**HPI**

The pt is a 65 y/o Caucasian F named Margaret Thompson who presents for eval of hand pain and stiffness, specifically at the base of her L thumb. She reports the sx have been moderate to severe over the past 6 mos. The pain is described as aching and sometimes sharp, hindering her ability to perform ADLs such as gripping objects, opening jars, and writing. The stiffness is worse in the AM and can last for several hrs. She occasionally wakes up at night due to the pain.

She has tried OTC pain meds with limited relief.

**ROS**

- MSK: +pain and stiffness in the L hand, particularly at the base of the thumb.
- Gen: Denies fever, chills, or weight loss.
- Neuro: No numbness or tingling in the UEs.
- CV: No CP or palpitations.
- Resp: No SOB or cough.

**2. Objective**

**PE**

- **MSK Exam**: 
  - Inspection: Visible swelling and slight deformity at the base of the L thumb.
  - Palpation: Tenderness at the 1st CMC joint.
  - ROM: Decreased at the L 1st CMC joint.
  - Strength: Slightly reduced grip strength in the L hand compared to the R.
  - Provocative Tests: +grind test for L CMC joint.

**VS**

- BP: 130/80 mmHg
- HR: 72 bpm
- RR: 16 bpm
- Temp: 98.6°F
- O2 Sat: 98% on RA

**3. Assessment**

The pt is a 65 y/o F presenting with sx consistent with unilateral primary OA of the 1st CMC joint of the L hand.

**Differential Dx:**

1. Unilateral primary OA of the 1st CMC joint, L hand.
2. De Quervain's tenosynovitis.
3. RA (less likely given presentation and lack of systemic sx).

**4. Plan**

**Medical Tx:**

- Acetaminophen 500 mg PO, take 1 tab q6h PRN for pain, qty: 60 tabs.
- Diclofenac 1% gel, apply a thin layer to the affected area TID, qty: 1 tube.

**Referrals:**

- PT for hand therapy, choosing closer clinics for convenience.
- Referral to Dr. Emily Carter, a rheum, for further eval to r/o RA.

**Imaging:**

- Order for X-ray of the L hand to assess the extent of OA.

**Follow-up Recommendations:**

- F/U in 4 wks to reassess pain and functionality.

**Patient Agreements:**

The pt understands and agrees with the recommended medical tx plan.
#####"|Orthopedic Specialist|"```
[doctor] Hi there, how are you doing today?

[patient] I’ve been better, Doctor. My left hand has been really bothering me.

[doctor] I understand you're here for pain and stiffness in your left hand, particularly at the base of the thumb. Is that correct?

[patient] Yes, that's right. It’s been pretty bad for the past 6 months.

[doctor] I'm sorry to hear that. Can you describe the pain for me? Is it constant, or does it come and go?

[patient] It’s mostly constant, but sometimes it gets really sharp. It's aching most of the time.

[doctor] Does it interfere with your daily activities?

[patient] Yes, it does. I have trouble gripping objects, opening jars, and even writing. It's really frustrating.

[doctor] I can imagine. Do you notice the stiffness more at any particular time of day?

[patient] It's definitely worse in the morning. It can last for several hours after I wake up.

[doctor] Do you ever wake up in the middle of the night because of the pain?

[patient] Sometimes, yes.

[doctor] Have you tried any treatments or medications so far?

[patient] I've tried over-the-counter pain medications, but they only help a little bit.

[doctor] I see. Let’s go through a quick review of your systems. Have you experienced any fever, chills, or weight loss recently?

[patient] No, none of those.

[doctor] Any numbness or tingling in your upper extremities?

[patient] No, I haven’t noticed any numbness or tingling.

[doctor] How about any chest pain or palpitations?

[patient] No, my heart feels fine.

[doctor] Any shortness of breath or cough?

[patient] No, nothing like that.

[doctor] Alright, thanks for that information. Let's proceed with a physical examination of your hand. Is that okay?

[patient] Sure, go ahead.

[doctor] Alright, I see some visible swelling and a slight deformity at the base of your left thumb. Does it hurt when I press here?

[patient] Yes, that’s quite tender.

[doctor] How about your range of motion? Can you try moving your thumb for me?

[patient] It’s hard to move it fully. There’s a lot of stiffness.

[doctor] I can see that. Your grip strength seems slightly reduced compared to your right hand. Let’s do a grind test. Does this cause pain?

[patient] Yes, that hurts.

[doctor] Okay, you have a positive grind test for the left carpometacarpal (CMC) joint. Let me check your vitals quickly. Your blood pressure is 130/80 mmHg, heart rate is 72 bpm, respiratory rate is 16 breaths per minute, temperature is 98.6°F, and oxygen saturation is 98% on room air. Everything looks normal there.

[patient] That’s good to know.

[doctor] Based on your symptoms and the physical examination, it seems like you have symptoms consistent with unilateral primary osteoarthritis of the first carpometacarpal joint of your left hand. However, we need to confirm this with an X-ray.

[patient] I see. What are the other possibilities?

[doctor] We’re mainly considering osteoarthritis, but we’ll also rule out conditions like De Quervain's tenosynovitis and rheumatoid arthritis, though the latter is less likely given your presentation and lack of systemic symptoms.

[patient] That makes sense.

[doctor] For now, I’m going to prescribe you some medications to help manage the pain. I’ll give you Acetaminophen 500 mg, take one tablet every 6 hours as needed for pain. I’ll also prescribe Diclofenac 1% gel. Apply a thin layer to the affected area 3 times a day.

[patient] Okay, I’ll try that.

[doctor] I’ll also refer you to physical therapy for hand therapy. They can help improve your functionality and reduce pain.

[patient] That sounds helpful.

[doctor] We’ll need to get an X-ray of your left hand to assess the extent of the osteoarthritis. I’ll put in that order today.

[patient] Alright, I’ll get that done.

[doctor] We’ll follow up in 4 weeks to reassess your pain and functionality. If things don’t improve, we may need to consider other treatments.

[patient] Okay, I understand.

[doctor] Do you have any other questions or concerns?

[patient] No, that covers everything. Thank you.

[doctor] Great. I’ll see you in 4 weeks then. Take care.

[patient] Thank you, Doctor.
```"|"[doctor] Hi there, how are you doing today?

[patient] I’ve been better, Doctor. My left hand has been really bothering me.

[doctor] Oh, I'm sorry to hear that. I understand you're here for pain and stiffness in your left hand, particularly at the base of the thumb. Is that correct?

[patient] Yes, that's right. It’s been pretty bad for the past 6 months.

[doctor] Hmm, that sounds uncomfortable. Can you describe the pain for me? Is it constant, or does it come and go?

[patient] It’s mostly constant, but sometimes it gets really sharp. It's aching most of the time.

[doctor] That must be tough. Does it interfere with your daily activities?

[patient] Yes, it does. I have trouble gripping objects, opening jars, and even writing. It's really frustrating.

[doctor] I can imagine. Do you notice the stiffness more at any particular time of day?

[patient] It's definitely worse in the morning. It can last for several hours after I wake up.

[doctor] I see. Do you ever wake up in the middle of the night because of the pain?

[patient] Sometimes, yes.

[doctor] Have you tried any treatments or medications so far?

[patient] I've tried over-the-counter pain medications, but they only help a little bit.

[doctor] Okay, thanks for sharing that. Let’s go through a quick review of your systems. Have you experienced any fever, chills, or weight loss recently?

[patient] No, none of those.

[doctor] Any numbness or tingling in your upper extremities?

[patient] No, I haven’t noticed any numbness or tingling.

[doctor] How about any chest pain or palpitations?

[patient] No, my heart feels fine.

[doctor] Any shortness of breath or cough?

[patient] No, nothing like that.

[doctor] Alright, thanks for that information. Let's proceed with a physical examination of your hand. Is that okay?

[patient] Sure, go ahead.

[doctor] Alright, I see some visible swelling and a slight deformity at the base of your left thumb. Does it hurt when I press here?

[patient] Yes, that’s quite tender.

[doctor] How about your range of motion? Can you try moving your thumb for me?

[patient] It’s hard to move it fully. There’s a lot of stiffness.

[doctor] I can see that. Your grip strength seems slightly reduced compared to your right hand. Let’s do a grind test. Does this cause pain?

[patient] Yes, that hurts.

[doctor] Okay, you have a positive grind test for the left carpometacarpal (CMC) joint. Let me check your vitals quickly. Your blood pressure is 130/80 mmHg, heart rate is 72 bpm, respiratory rate is 16 breaths per minute, temperature is 98.6°F, and oxygen saturation is 98% on room air. Everything looks normal there.

[patient] That’s good to know.

[doctor] Based on your symptoms and the physical examination, it seems like you have symptoms consistent with unilateral primary osteoarthritis of the first carpometacarpal joint of your left hand. However, we need to confirm this with an X-ray.

[patient] I see. What are the other possibilities?

[doctor] We’re mainly considering osteoarthritis, but we’ll also rule out conditions like De Quervain's tenosynovitis and rheumatoid arthritis, though the latter is less likely given your presentation and lack of systemic symptoms.

[patient] That makes sense.

[doctor] For now, I’m going to prescribe you some medications to help manage the pain. I’ll give you Acetaminophen 500 mg, take one tablet every 6 hours as needed for pain. I’ll also prescribe Diclofenac 1% gel. Apply a thin layer to the affected area 3 times a day.

[patient] Okay, I’ll try that.

[doctor] I’ll also refer you to physical therapy for hand therapy. They can help improve your functionality and reduce pain.

[patient] That sounds helpful.

[doctor] We’ll need to get an X-ray of your left hand to assess the extent of the osteoarthritis. I’ll put in that order today.

[patient] Alright, I’ll get that done.

[doctor] We’ll follow up in 4 weeks to reassess your pain and functionality. If things don’t improve, we may need to consider other treatments.

[patient] Okay, I understand.

[doctor] Do you have any other questions or concerns?

[patient] No, that covers everything. Thank you.

[doctor] Great. I’ll see you in 4 weeks then. Take care.

[patient] Thank you, Doctor."
UNILATERAL PRIMARY OSTEOARTHRITIS OF FIRST CARPOMETACARPAL JOINT, LEFT HAND|"**ROLE:** Orthopedic Specialist

- **Medical Outcome:**
  - Diagnosis: Unilateral primary osteoarthritis of the first carpometacarpal joint, left hand.
  - Prescribed Treatment: NSAID (Ibuprofen 400 mg, oral, every 8 hours as needed for pain, quantity: 30 tablets).
  - Follow-up Recommendations: Follow-up in 6 weeks to assess pain and functionality.
  - Referral: Physical Therapy, reason: to improve joint mobility and reduce pain, Physical Therapist: Jane Doe.
  - Imaging: Order for X-ray, modality: X-ray, area: Left hand, reason: to confirm the extent of osteoarthritis.

- **Medical History:**
  - Previous Diagnoses: Hypertension
  - Family Medical History: Father has osteoarthritis, mother has hypertension.
  - Medication History: Currently taking Lisinopril 10 mg daily for hypertension.
  - Allergies: No known drug allergies.
  - Chronic Conditions: Hypertension

- **Symptom Description:**
  - Severity: Moderate to severe
  - Duration: 6 months
  - Associated Symptoms: Joint stiffness, decreased range of motion, mild swelling
  - Frequency: Daily, worse in the morning
  - Impact on Daily Activities: Difficulty with tasks requiring grip strength, such as opening jars and writing

- **Patient’s self-reported habits and lifestyle:**
  - Sleep: Averages 6-7 hours per night, reports difficulty sleeping due to hand pain.
  - Diet: Balanced diet, low sodium intake.
  - Exercise: Regular walks, 30 minutes daily.
  - Tobacco Use: Non-smoker
  - Alcohol Consumption: 1-2 glasses of wine per week
  - Drug Use: Denies recreational drug use
  - Recreational Activities: Enjoys gardening and reading

- **Demographic Information:**
  - Age: 65
  - Gender: Female
  - Ethnicity: Caucasian
  - Socio-economic Status: Middle class, retired
  - Education Level: College graduate
  - Health Literacy: Good understanding of medical terms and conditions
  - Job Status: Retired teacher

- **Patient's Behavior:**
  - The level of patient's cooperation with medical advice: Highly cooperative, adheres to prescribed treatments and follow-up visits

- **Geographical Location:**
  - Urban setting, Big City
  - Neighborhood Type: Affluent
  - Pollution and Environmental Health Risks: Minimal
  - Well-served by Transit: Yes
  - Food Desert: No

- **Clinical Setting:**
  - Specialty Clinics

- **Type of Encounter:**
  - Initial Consultation

- **Treatment Disparities:**
  - No apparent treatment disparities, patient has insurance coverage

- **Native or Non-Native English Speaking Patient:**
  - Native English speaking

- **Physical exams:**
  - Examination of the left hand reveals tenderness at the base of the thumb, reduced range of motion, and visible swelling.

- **Investigation/Test results:**
  - Awaiting X-ray of the left hand"|"#####
1. **Subjective:**
   - **Chief Complaint (CC):** Pain and decreased functionality in the left thumb.
   - **History of Present Illness (HPI):** 
      - The patient reports experiencing moderate to severe pain in her left thumb for the past 6 months. 
      - She describes associated symptoms of joint stiffness, decreased range of motion, and mild swelling, particularly worse in the morning and improving somewhat as the day progresses.
      - The pain significantly impacts her daily activities, making tasks requiring grip strength, such as opening jars and writing, difficult.
   - **Review of Systems (ROS):** 
      - Musculoskeletal: Reports localized pain, stiffness, and swelling in the left thumb with no systemic symptoms.
      - Neurological: No numbness, tingling, or weakness reported.
      - General: Patient denies fever or weight loss.

2. **Objective:**
   - **Vital Signs:**
     - Blood Pressure: 130/80 mmHg
     - Heart Rate: 72 beats per minute
     - Respiratory Rate: 16 breaths per minute
     - Temperature: 98.6°F
   - **Physical Examination:**
     - **Left Hand:**
       - Inspection: Visible mild swelling at the base of the left thumb.
       - Palpation: Tenderness over the first carpometacarpal joint.
       - Range of Motion: Limited, with pain during thumb movement.
       - Functionality: Decreased grip strength.
     - **Other Musculoskeletal:**
       - No other joint abnormalities observed.
   - **Test Results:**
     - Awaiting X-ray imaging of the left hand for further evaluation.

3. **Assessment:**
   - Unilateral primary osteoarthritis of the first carpometacarpal joint, left hand.
     - **Medical Reasoning:** The patient's symptoms, physical exam findings, and family history suggest osteoarthritis. The severity and chronic nature of the symptoms point towards primary osteoarthritis, likely exacerbated by age-related joint wear and tear.

4. **Plan:**
   - **Medications:**
     - Prescribed NSAID (Ibuprofen 400 mg, oral, every 8 hours as needed for pain, quantity: 30 tablets).
   - **Referral:**
     - Physical Therapy: Referral to Physical Therapist Jane Doe to improve joint mobility and reduce pain.
   - **Imaging:**
     - Order for X-ray: Left hand to confirm the extent of osteoarthritis.
   - **Follow-up:**
     - Follow-up in 6 weeks to assess pain and functionality.
   - **Patient Education:**
     - Discussed the nature of osteoarthritis and the importance of adhering to the prescribed treatment plan, including medication and physical therapy.
     - Advised on joint protection techniques and the use of supportive devices if needed.
   - **Lifestyle Modifications:**
     - Encouraged to continue regular exercise, such as daily walks, while avoiding activities that exacerbate joint pain.
     - Suggested using ergonomic tools for gardening and other activities to reduce strain on the thumb.

Patient Agreements: The patient understands and agrees with the recommended medical treatment plan.
#####"|"1. **Subjective:**
   - **Chief Complaint (CC):** Pain and decreased functionality in the left thumb.
   - **History of Present Illness (HPI):** 
      - The patient, Ms. Emily Johnson, reports experiencing moderate to severe pain in her left thumb for the past 6 months. 
      - She describes associated symptoms of joint stiffness, decreased range of motion, and mild swelling, particularly worse in the morning and improving somewhat as the day progresses.
      - The pain significantly impacts her daily activities, making tasks requiring grip strength, such as opening jars and writing, difficult.
   - **Review of Systems (ROS):** 
      - Musculoskeletal: Reports localized pain, stiffness, and swelling in the left thumb with no systemic symptoms.
      - Neurological: No numbness, tingling, or weakness reported.
      - General: Patient denies fever or weight loss.

2. **Objective:**
   - **Vital Signs:**
     - Blood Pressure: 130/80 mmHg
     - Heart Rate: 72 beats per minute
     - Respiratory Rate: 16 breaths per minute
     - Temperature: 98.6°F
   - **Physical Examination:**
     - **Left Hand:**
       - Inspection: Visible mild swelling at the base of the left thumb.
       - Palpation: Tenderness over the first carpometacarpal joint.
       - Range of Motion: Limited, with pain during thumb movement.
       - Functionality: Decreased grip strength.
     - **Other Musculoskeletal:**
       - No other joint abnormalities observed.

3. **Assessment:**
   - Unilateral primary osteoarthritis of the first carpometacarpal joint, left hand.
     - **Medical Reasoning:** The patient's symptoms, physical exam findings, and family history suggest osteoarthritis. The severity and chronic nature of the symptoms point towards primary osteoarthritis, likely exacerbated by age-related joint wear and tear.

4. **Plan:**
   - **Medications:**
     - Prescribed NSAID (Ibuprofen 400 mg, oral, every 8 hours as needed for pain, quantity: 30 tablets).
   - **Referral:**
     - Physical Therapy: Referral to Physical Therapist Jane Doe to improve joint mobility and reduce pain.
   - **Imaging:**
     - Order for X-ray: Left hand to confirm the extent of osteoarthritis.
   - **Follow-up:**
     - Follow-up in 6 weeks to assess pain and functionality.
   - **Patient Education:**
     - Discussed the nature of osteoarthritis and the importance of adhering to the prescribed treatment plan, including medication and physical therapy.
     - Advised on joint protection techniques and the use of supportive devices if needed.
   - **Lifestyle Modifications:**
     - Encouraged to continue regular exercise, such as daily walks, while avoiding activities that exacerbate joint pain.
     - Suggested using ergonomic tools for gardening and other activities to reduce strain on the thumb.

Patient Agreements: The patient understands and agrees with the recommended medical treatment plan."|"1. **Subjective:**
   - **CC:** Pain and decreased functionality in the left thumb.
   - **HPI:** 
      - Pt, Ms. Emily Johnson, reports experiencing mod-severe pain in L thumb for the past 6 mos.
      - Describes assoc. sx of joint stiffness, ↓ ROM, and mild swelling, particularly worse in the AM and improving somewhat as the day progresses.
      - Pain significantly impacts ADLs, making tasks requiring grip strength, such as opening jars and writing, difficult.
   - **ROS:** 
      - MSK: Reports localized pain, stiffness, and swelling in L thumb with no systemic sx.
      - Neuro: No numbness, tingling, or weakness reported.
      - Gen: Pt denies fever or weight loss.

2. **Objective:**
   - **VS:**
     - BP: 130/80 mmHg
     - HR: 72 bpm
     - RR: 16 bpm
     - Temp: 98.6°F
   - **PE:**
     - **L Hand:**
       - Inspection: Visible mild swelling at the base of L thumb.
       - Palpation: Tenderness over 1st CMC joint.
       - ROM: Limited, with pain during thumb movement.
       - Functionality: ↓ grip strength.
     - **Other MSK:**
       - No other joint abnormalities observed.

3. **Assessment:**
   - Unilateral primary OA of 1st CMC joint, L hand.
     - **Medical Reasoning:** Pt's sx, PE findings, and FHx suggest OA. The severity and chronic nature of the sx point towards primary OA, likely exacerbated by age-related joint wear and tear.

4. **Plan:**
   - **Meds:**
     - Rx NSAID (Ibuprofen 400 mg PO q8h PRN pain, qty: 30 tabs).
   - **Referral:**
     - PT: Referral to PT Jane Doe to improve joint mobility and ↓ pain.
   - **Imaging:**
     - Order for X-ray: L hand to confirm extent of OA.
   - **F/U:**
     - F/U in 6 wks to assess pain and functionality.
   - **Pt Ed:**
     - Discussed nature of OA and importance of adhering to prescribed tx plan, incl. meds and PT.
     - Advised on joint protection techniques and use of supportive devices if needed.
   - **Lifestyle Mods:**
     - Encouraged to continue regular exercise, such as daily walks, while avoiding activities that exacerbate joint pain.
     - Suggested using ergonomic tools for gardening and other activities to ↓ strain on thumb.

Pt Agreements: Pt understands and agrees with the recommended medical tx plan."|Role not found in the first 5 lines.|"```
[doctor] Hello, how are you today?

[patient] Hi, I'm doing alright, thank you.

[doctor] Great to hear. So, I understand you're experiencing some pain and decreased functionality in your left thumb. Can you tell me more about what's been going on?

[patient] Yes, I've been having moderate to severe pain in my left thumb for the past 6 months. It's really been affecting my daily activities.

[doctor] I see. Can you describe any other symptoms you're experiencing with the pain?

[patient] Sure, there's joint stiffness and some mild swelling, especially in the morning. It gets a bit better as the day goes on, but it's still pretty painful.

[doctor] That sounds uncomfortable. How does this pain impact your daily activities?

[patient] It's really hard to do things that require grip strength, like opening jars or even writing.

[doctor] I can imagine that must be frustrating. Have you noticed any numbness, tingling, or weakness in your hand?

[patient] No, I haven't had any numbness or tingling, just the pain and stiffness.

[doctor] Okay, and have you experienced any fever or weight loss?

[patient] No, none of that.

[doctor] Alright, let me summarize what you've told me. You've been having moderate to severe pain in your left thumb for about 6 months, with associated joint stiffness and mild swelling, particularly worse in the mornings. This pain is significantly impacting your daily activities, especially those requiring grip strength. You haven't experienced any numbness, tingling, weakness, fever, or weight loss. Is that correct?

[patient] Yes, that's correct.

[doctor] Thank you for that information. Let’s move on to the physical examination now. Your vital signs look good: Blood Pressure is 130/80 mmHg, Heart Rate is 72 beats per minute, Respiratory Rate is 16 breaths per minute, and your Temperature is 98.6°F.

[patient] Okay.

[doctor] Now, I'm going to examine your left hand. I'll start by inspecting for any visible swelling.

[patient] Sure.

[doctor] (examining) I can see there's some mild swelling at the base of your left thumb. I'm going to palpate the area to check for tenderness.

[patient] Ouch, that's tender.

[doctor] I understand, I’ll be gentle. There’s tenderness over the first carpometacarpal joint. Let's check the range of motion now. Can you try moving your thumb?

[patient] (moving thumb) It hurts when I move it.

[doctor] I see, there's definitely limited range of motion with pain during thumb movement. How about your grip strength? Can you squeeze my fingers?

[patient] I'll try... It's weak, and it hurts.

[doctor] Alright, I can feel that your grip strength is decreased. How are the other joints in your body?

[patient] No issues with any other joints, just the thumb.

[doctor] Understood. Based on your symptoms and the physical exam findings, it seems like you might have unilateral primary osteoarthritis of the first carpometacarpal joint in your left hand. We’ll need to confirm this with some imaging.

[patient] What does that mean exactly?

[doctor] Osteoarthritis is a condition where the cartilage that cushions the ends of your bones wears down over time. This can cause pain, stiffness, and decreased functionality in the affected joint. In your case, it looks like it's happening in the base of your thumb.

[patient] Oh, I see. What can we do about it?

[doctor] We'll start with some medications to manage the pain. I'm going to prescribe Ibuprofen 400 mg, which you can take every 8 hours as needed for pain. 

[patient] Okay, that sounds good.

[doctor] I’ll also refer you to a physical therapist named Jane Doe. Physical therapy can help improve joint mobility and reduce pain.

[patient] Alright.

[doctor] We’ll need to get an X-ray of your left hand to confirm the extent of the osteoarthritis. I’ll place the order for that.

[patient] Okay, when should I do the X-ray?

[doctor] You can schedule it as soon as possible. We’ll follow up in 6 weeks to assess how you're doing with the pain and functionality.

[patient] Got it.

[doctor] In the meantime, it's important to adhere to the prescribed treatment plan, including taking your medication and attending physical therapy sessions. We’ll also discuss joint protection techniques and the use of supportive devices if needed.

[patient] That makes sense.

[doctor] I encourage you to continue regular exercise, like daily walks, but avoid activities that exacerbate the joint pain. Using ergonomic tools for activities like gardening can also reduce strain on your thumb.

[patient] I'll make sure to do that.

[doctor] Do you have any questions about any of this?

[patient] No, I understand everything.

[doctor] Excellent. Please remember that managing osteoarthritis is a continuous process, and it’s essential to follow the recommended treatment plan to maintain your quality of life.

[patient] I will. Thank you so much, doctor.

[doctor] You're welcome. Take care and I’ll see you in 6 weeks.

[patient] Thank you. See you then.
```"|"[doctor]: Hello, how are you today?

[patient]: Hi, I'm doing alright, thank you.

[doctor]: Great to hear. So, I understand you're experiencing some pain and decreased functionality in your left thumb. Can you tell me more about what's been going on?

[patient]: Yes, I've been having moderate to severe pain in my left thumb for the past 6 months. It's really been affecting my daily activities.

[doctor]: I see. Can you describe any other symptoms you're experiencing with the pain?

[patient]: Sure, there's joint stiffness and some mild swelling, especially in the morning. It gets a bit better as the day goes on, but it's still pretty painful.

[doctor]: That sounds uncomfortable. How does this pain impact your daily activities?

[patient]: It's really hard to do things that require grip strength, like opening jars or even writing.

[doctor]: I can imagine that must be frustrating. Have you noticed any numbness, tingling, or weakness in your hand?

[patient]: No, I haven't had any numbness or tingling, just the pain and stiffness.

[doctor]: Okay, and have you experienced any fever or weight loss?

[patient]: No, none of that.

[doctor]: Alright, let me summarize what you've told me. You've been having moderate to severe pain in your left thumb for about 6 months, with associated joint stiffness and mild swelling, particularly worse in the mornings. This pain is significantly impacting your daily activities, especially those requiring grip strength. You haven't experienced any numbness, tingling, weakness, fever, or weight loss. Is that correct?

[patient]: Yes, that's correct.

[doctor]: Thank you for that information. Let’s move on to the physical examination now. Your vital signs look good: Blood Pressure is 130/80 mmHg, Heart Rate is 72 beats per minute, Respiratory Rate is 16 breaths per minute, and your Temperature is 98.6°F.

[patient]: Okay.

[doctor]: Now, I'm going to examine your left hand. I'll start by inspecting for any visible swelling.

[patient]: Sure.

[doctor]: (examining) I can see there's some mild swelling at the base of your left thumb. I'm going to palpate the area to check for tenderness.

[patient]: Ouch, that's tender.

[doctor]: I understand, I’ll be gentle. There’s tenderness over the first carpometacarpal joint. Let's check the range of motion now. Can you try moving your thumb?

[patient]: (moving thumb) It hurts when I move it.

[doctor]: I see, there's definitely limited range of motion with pain during thumb movement. How about your grip strength? Can you squeeze my fingers?

[patient]: I'll try... It's weak, and it hurts.

[doctor]: Alright, I can feel that your grip strength is decreased. How are the other joints in your body?

[patient]: No issues with any other joints, just the thumb.

[doctor]: Understood. Based on your symptoms and the physical exam findings, it seems like you might have unilateral primary osteoarthritis of the first carpometacarpal joint in your left hand. We’ll need to confirm this with some imaging.

[patient]: What does that mean exactly?

[doctor]: Osteoarthritis is a condition where the cartilage that cushions the ends of your bones wears down over time. This can cause pain, stiffness, and decreased functionality in the affected joint. In your case, it looks like it's happening in the base of your thumb.

[patient]: Oh, I see. What can we do about it?

[doctor]: We'll start with some medications to manage the pain. I'm going to prescribe Ibuprofen 400 mg, which you can take every 8 hours as needed for pain. 

[patient]: Okay, that sounds good.

[doctor]: I’ll also refer you to a physical therapist named Jane Doe. Physical therapy can help improve joint mobility and reduce pain.

[patient]: Alright.

[doctor]: We’ll need to get an X-ray of your left hand to confirm the extent of the osteoarthritis. I’ll place the order for that.

[patient]: Okay, when should I do the X-ray?

[doctor]: You can schedule it as soon as possible. We’ll follow up in 6 weeks to assess how you're doing with the pain and functionality.

[patient]: Got it.

[doctor]: In the meantime, it's important to adhere to the prescribed treatment plan, including taking your medication and attending physical therapy sessions. We’ll also discuss joint protection techniques and the use of supportive devices if needed.

[patient]: That makes sense.

[doctor]: I encourage you to continue regular exercise, like daily walks, but avoid activities that exacerbate the joint pain. Using ergonomic tools for activities like gardening can also reduce strain on your thumb.

[patient]: I'll make sure to do that.

[doctor]: Do you have any questions about any of this?

[patient]: No, I understand everything.

[doctor]: Excellent. Please remember that managing osteoarthritis is a continuous process, and it’s essential to follow the recommended treatment plan to maintain your quality of life.

[patient]: I will. Thank you so much, doctor.

[doctor]: You're welcome. Take care and I’ll see you in 6 weeks.

[patient]: Thank you. See you then."
UNILATERAL PRIMARY OSTEOARTHRITIS OF FIRST CARPOMETACARPAL JOINT, LEFT HAND|"ROLE: Orthopedic Specialist

- **Medical Outcome:** 
    - Diagnosis: Unilateral Primary Osteoarthritis of First Carpometacarpal Joint, Left Hand (ICD-10 M18.12)
    - Prescribed Treatment: NSAID (Ibuprofen 400 mg, oral, every 6 hours as needed, 30 tablets)
    - Follow-up Recommendations: Follow-up in 4 weeks to assess pain and functionality
    - Referral to Specialist: Hand Therapy for occupational therapy to improve hand function (Jane Doe, OT)
    - Imaging: X-ray of the left hand to evaluate the severity of osteoarthritis

- **Medical History:** 
    - Previous Diagnoses: Mild Degenerative Joint Disease in both knees
    - Family Medical History: Mother with rheumatoid arthritis, father with hypertension
    - Medication History: Occasionally takes over-the-counter NSAIDs for knee pain
    - Allergies: Penicillin 

- **Symptom Description:** 
    - Severity: Moderate to severe pain
    - Duration: 6 months, progressively worsening
    - Associated Symptoms: Stiffness and reduced grip strength in the left hand
    - Frequency: Daily, with more intensity in the morning and after extensive use
    - Impact on Daily Activities: Difficulty in tasks requiring grip, like opening jars, writing, and turning door knobs

- **Patient’s self-reported habits and lifestyle:** 
    - Sleep: 6-7 hours per night, somewhat disturbed by hand pain
    - Diet: Balanced diet, no dietary restrictions
    - Exercise: Light walking 3 times a week, no structured exercise routine due to knee pain
    - Tobacco Use: None
    - Alcohol Consumption: Occasionally, 1-2 glasses of wine per week
    - Drug Use: None
    - Recreational Activities: Enjoys painting, which has become difficult due to hand pain

- **Demographic Information:** 
    - Age: 56
    - Gender: Female
    - Ethnicity: Hispanic
    - Socio-economic Status: Middle class
    - Education Level: College graduate
    - Health Literacy: High
    - Job Status: High school art teacher

- **Patient's Behavior:**
    - Generally cooperative with medical advice in the past

- **Geographical Location:** 
    - Big City
    - Urban
    - Affluent neighborhood with good access to healthcare facilities

- **Clinical Setting:** 
    - Private Practice

- **Type of Encounter:** 
    - Initial Consultation

- **Treatment Disparities:**
    - NA

- **Native or Non-Native English Speaking Patient:** 
    - Native English Speaking

- **Physical exams:**
    - Examination of the left hand revealed tenderness at the base of the thumb, mild swelling, and crepitus with movement

- **Investigation/Test results:**
    - X-ray of the left hand to assess the extent of osteoarthritis: Results pending."|Rejected|Rejected|Rejected|Rejected||
UNILATERAL PRIMARY OSTEOARTHRITIS OF FIRST CARPOMETACARPAL JOINT, LEFT HAND|"ROLE: Orthopedic Specialist

- **Medical Outcome:**
    - Diagnosis: Unilateral Primary Osteoarthritis of First Carpometacarpal Joint, Left Hand (ICD-10 M18.12)
    - Prescribed Treatment: Topical NSAID (Diclofenac 1% gel, apply to the left thumb joint 4 times daily, 100g tube)
    - Follow-up Recommendations: Follow-up in 6 weeks to assess pain and hand function
    - Referral to Specialist: Referral to Rheumatologist for potential joint injections (Dr. John Smith, Rheumatology)
    - Lifestyle Change: Recommended hand exercises and ergonomic adjustments at work
    
- **Medical History:**
    - Previous Diagnoses: Carpal Tunnel Syndrome, managed conservatively
    - Family Medical History: No known family history of osteoarthritis
    - Medication History: Currently not taking any medication regularly
    - Allergies: None reported

- **Symptom Description:**
    - Severity: Severe pain, particularly during movement
    - Duration: 1 year, significantly worsened over the last 3 months
    - Associated Symptoms: Swelling and occasional numbness in the left hand
    - Frequency: Daily, exacerbated with activities involving hand and thumb movement
    - Impact on Daily Activities: Difficulty typing and performing fine motor tasks, impacting job performance and personal care activities

- **Patient’s self-reported habits and lifestyle:**
    - Sleep: 5-6 hours per night, often disturbed by pain
    - Diet: Predominantly vegetarian, includes processed foods
    - Exercise: Limited due to hand and wrist pain, occasional short walks
    - Tobacco Use: Smoker, 1 pack per day
    - Alcohol Consumption: None
    - Drug Use: None
    - Recreational Activities: Enjoys knitting, which has become nearly impossible due to hand pain

- **Demographic Information:**
    - Age: 65
    - Gender: Male
    - Ethnicity: African American
    - Socio-economic Status: Low income
    - Education Level: High school diploma
    - Health Literacy: Moderate
    - Job Status: Retired manual laborer, previously worked in construction

- **Patient's Behavior:**
    - Moderately cooperative with medical advice but reports difficulty affording medications and treatments

- **Geographical Location:**
    - Small City
    - Urban
    - Impoverished neighborhood with limited access to specialized healthcare facilities

- **Clinical Setting:**
    - Community Health Services

- **Type of Encounter:**
    - Chronic Disease Management

- **Treatment Disparities:**
    - Could face challenges in accessing specialized care due to financial constraints

- **Native or Non-Native English Speaking Patient:**
    - Native English Speaking

- **Physical exams:**
    - Examination of the left hand reveals tenderness and swelling at the base of the thumb, with significant pain on thumb movement and grip weakness

- **Investigation/Test results:**
    - X-ray of the left hand: Awaiting results to assess osteoarthritis progression and to rule out other potential causes"|Rejected|Rejected|Rejected|Rejected||
UNILATERAL PRIMARY OSTEOARTHRITIS OF FIRST CARPOMETACARPAL JOINT, LEFT HAND|"ROLE: Orthopedic Specialist

- **Medical Outcome:**
    - Diagnosis: Unilateral Primary Osteoarthritis of First Carpometacarpal Joint, Left Hand (ICD-10 M18.12)
    - Prescribed Treatment: Acetaminophen 500 mg, oral, every 8 hours as needed for pain, 60 tablets
    - Follow-up Recommendations: Follow-up in 8 weeks to evaluate pain relief and hand function
    - Referral to Specialist: Referral to physical therapist specializing in hand rehabilitation (Dr. Laura Green, PT)
    - Imaging: MRI of the left hand to assess the joint and surrounding soft tissue

- **Medical History:**
    - Previous Diagnoses: Hypertension, Type 2 Diabetes Mellitus
    - Family Medical History: Paternal history of osteoarthritis and heart disease
    - Medication History: Metformin 500 mg twice daily for diabetes, Lisinopril 10 mg once daily for hypertension
    - Allergies: Sulfa drugs

- **Symptom Description:**
    - Severity: Moderate to severe pain, particularly when using the thumb
    - Duration: 9 months, worsening over the past 3 months
    - Associated Symptoms: Swelling and limited range of motion in the left thumb
    - Frequency: Nearly constant with exacerbations during tasks requiring grip and pinch
    - Impact on Daily Activities: Difficulty performing household chores, cooking, and dressing

- **Patient’s self-reported habits and lifestyle:**
    - Sleep: 7-8 hours per night, occasionally disrupted by hand pain
    - Diet: Low-sugar diet to manage diabetes, includes fresh fruits and vegetables
    - Exercise: Regular walks and water aerobics 3 times a week
    - Tobacco Use: Former smoker, quit 5 years ago
    - Alcohol Consumption: Occasional, 1-2 drinks per month
    - Drug Use: None
    - Recreational Activities: Enjoys gardening, which has become difficult due to hand pain

- **Demographic Information:**
    - Age: 62
    - Gender: Female
    - Ethnicity: Caucasian
    - Socio-economic Status: Middle class
    - Education Level: Bachelor’s degree 
    - Health Literacy: High
    - Job Status: Retired teacher

- **Patient's Behavior:**
    - Highly cooperative with medical advice and proactive in managing chronic conditions

- **Geographical Location:**
    - Rural Area
    - Low pollution, close-knit community with moderate access to healthcare facilities

- **Clinical Setting:**
    - Telemedicine consultation

- **Type of Encounter:**
    - Routine Check-up

- **Treatment Disparities:**
    - Potential difficulty in accessing specialized care due to rural location

- **Native or Non-Native English Speaking Patient:**
    - Native English Speaking

- **Physical exams:**
    - Examination via video call revealed visible swelling and limited thumb movement, patient reported pain upon certain movements

- **Investigation/Test results:**
    - MRI of the left hand to assess joint and surrounding soft tissue: Awaiting results"|Rejected|Rejected|Rejected|Rejected||
UNILATERAL PRIMARY OSTEOARTHRITIS OF FIRST CARPOMETACARPAL JOINT, LEFT HAND|"ROLE: Orthopedic Specialist

**1) Medical Outcome:** 
- Diagnosis: Unilateral primary osteoarthritis of the first carpometacarpal joint, left hand (ICD-10 M18.12).
- Prescribed Treatment: 
  - Pain Management: Acetaminophen 500 mg, oral, to be taken every 6 hours as needed for pain.
  - Topical NSAID: Diclofenac gel 1%, apply to the affected area 2-4 times per day.
  - Corticosteroid Injection: Methylprednisolone acetate injection, 40 mg/mL, injected into the first carpometacarpal joint of the left hand.
- Follow-up Recommendations: Follow-up in 4 weeks to assess pain and functional improvement.
- Referral to Specialist: Hand Therapy, Dr. Emily Turner for specialized exercises and splinting.
- Imaging: X-ray of the left hand to evaluate the extent of joint degeneration.

**2) Medical History:**
- Previous Diagnoses: Hypertension
- Family Medical History: Mother - Osteoarthritis, Father - Type 2 Diabetes
- Medication History: Lisinopril 10 mg once daily
- Allergies: None
- Chronic Conditions: Hypertension

**3) Symptom Description:**
- Severity: Moderate to severe pain
- Duration: 6 months
- Associated Symptoms: Swelling and stiffness in the left thumb joint
- Frequency: Daily, with increased pain during specific activities
- Impact on Daily Activities: Difficulty with gripping and pinching, affecting daily tasks like opening jars and buttoning shirts

**4) Patient’s self-reported habits and lifestyle:**
- Sleep: Poor quality, waking up frequently due to pain
- Diet: Balanced diet, follows a low-sodium diet for hypertension
- Exercise: Limited due to pain, mostly sedentary
- Tobacco Use: None
- Alcohol Consumption: Occasional, 1-2 drinks per week
- Drug Use: None
- Recreational Activities: Enjoys gardening, but has limited participation due to pain

**5) Demographic Information:**
- Age: 62
- Gender: Female
- Ethnicity: Caucasian
- Socio-economic Status: Middle class
- Education Level: Bachelor's degree in education
- Health Literacy: High
- Job Status: Retired teacher

**6) Patient's Behavior:**
- Highly cooperative with medical advice, consistently follows treatment recommendations

**7) Geographical Location:**
- Large City, Urban
- Neighborhood Type: Affluent, well-served by transit and amenities

**8) Clinical Setting:**
- Private Practice

**9) Type of Encounter:**
- Initial Consultation

**12) Physical exams:**
- Inspection: Swelling and slight deformity at the first carpometacarpal joint of the left hand
- Palpation: Tenderness over the first carpometacarpal joint, discomfort with axial loading of the thumb
- Range of Motion: Reduced range of motion in the left thumb, pain at end range

**13) Investigation/Test results:**
- Awaiting X-ray of the left hand to confirm the extent of osteoarthritis"|Rejected|Rejected|Rejected|Rejected||
UNILATERAL PRIMARY OSTEOARTHRITIS OF FIRST CARPOMETACARPAL JOINT, LEFT HAND|"ROLE: Orthopedic Specialist

**1) Medical Outcome:** 
- Diagnosis: Unilateral primary osteoarthritis of the first carpometacarpal joint, left hand (ICD-10 M18.12).
- Prescribed Treatment: 
  - Pain Management: Acetaminophen 500 mg, oral, to be taken every 6 hours as needed for pain.
  - Topical NSAID: Diclofenac gel 1%, apply to the affected area 2-4 times per day.
  - Corticosteroid Injection: Methylprednisolone acetate injection, 40 mg/mL, injected into the first carpometacarpal joint of the left hand.
- Follow-up Recommendations: Follow-up in 4 weeks to assess pain and functional improvement.
- Referral to Specialist: Hand Therapy, Dr. Emily Turner for specialized exercises and splinting.
- Imaging: MRI of the left hand to evaluate soft tissue involvement and joint degeneration in greater detail.

**2) Medical History:**
- Previous Diagnoses: Rheumatoid arthritis, diagnosed 5 years ago
- Family Medical History: Mother - Osteoarthritis, Sister - Rheumatoid arthritis
- Medication History: Methotrexate 15 mg once weekly
- Allergies: Penicillin
- Chronic Conditions: Rheumatoid arthritis

**3) Symptom Description:**
- Severity: Severe pain
- Duration: 8 months
- Associated Symptoms: Swelling, stiffness, occasional tingling in the left thumb
- Frequency: Daily, significantly worsens in the evening
- Impact on Daily Activities: Inability to perform fine motor tasks such as knitting, using a smartphone, and writing

**4) Patient’s self-reported habits and lifestyle:**
- Sleep: Poor quality, disturbed due to pain
- Diet: Moderately healthy, sometimes skips meals due to pain
- Exercise: Occasional gentle stretching, avoids strenuous activities due to pain
- Tobacco Use: None
- Alcohol Consumption: None
- Drug Use: None
- Recreational Activities: Used to enjoy knitting but has stopped due to pain

**5) Demographic Information:**
- Age: 58
- Gender: Female
- Ethnicity: Hispanic
- Socio-economic Status: Upper-middle class
- Education Level: High school diploma
- Health Literacy: Moderate
- Job Status: Homemaker

**6) Patient's Behavior:**
- Generally cooperative with medical advice, but struggles with following exercise recommendations due to pain

**7) Geographical Location:**
- Suburban Area, Affluent
- Well-served by public transit and medical facilities

**8) Clinical Setting:**
- Specialty Clinic

**9) Type of Encounter:**
- Chronic Disease Management

**12) Physical exams:**
- Inspection: Visible swelling, slight deformity, and erythema at the first carpometacarpal joint of the left hand
- Palpation: Significant tenderness and crepitus over the first carpometacarpal joint
- Range of Motion: Markedly reduced range of motion in the left thumb, severe pain with gentle movement

**13) Investigation/Test results:**
- Awaiting MRI of the left hand to confirm soft tissue involvement and the extent of joint degeneration"|Rejected|Rejected|Rejected|Rejected||
UNILATERAL PRIMARY OSTEOARTHRITIS OF FIRST CARPOMETACARPAL JOINT, LEFT HAND|"ROLE: Orthopedic Specialist

**1) Medical Outcome:**
- Diagnosis: Chondromalacia patellae (ICD-10 M22.2).
- Prescribed Treatment: 
  - Pain Management: Ibuprofen 400 mg, oral, to be taken every 8 hours as needed.
  - Physical Therapy: Referral to physiotherapy for quadriceps strengthening exercises and patellar taping techniques.
- Follow-up Recommendations: Follow-up in 6 weeks to assess improvement.
- Referral to Specialist: Orthopedic Surgeon, Dr. Michael Lee for potential arthroscopy evaluation.
- Blood Work: None.
- Imaging: MRI of the right knee to evaluate the extent of cartilage damage.

**2) Medical History:**
- Previous Diagnoses: None reported.
- Family Medical History: Father - Hypertension, Mother - Type 2 Diabetes.
- Medication History: Over-the-counter multivitamins.
- Allergies: None.
- Chronic Conditions: None reported.

**3) Symptom Description:**
- Severity: Moderate pain.
- Duration: 3 months.
- Associated Symptoms: Swelling and tenderness around the knee.
- Frequency: Daily, worsened with activity such as climbing stairs and squatting.
- Impact on Daily Activities: Difficulty performing physical activities and sports.

**4) Patient’s self-reported habits and lifestyle:**
- Sleep: Good sleep quality, 7-8 hours per night.
- Diet: Balanced diet with adequate protein and vegetables.
- Exercise: Regular jogging and gym workouts, but reduced due to knee pain.
- Tobacco Use: None.
- Alcohol Consumption: Socially, 1-2 drinks per week.
- Drug Use: None.
- Recreational Activities: Enjoys playing basketball, but has limited this due to knee pain.

**5) Demographic Information:**
- Age: 35
- Gender: Male
- Ethnicity: African American
- Socio-economic Status: Middle class
- Education Level: Bachelor's degree in Engineering
- Health Literacy: High
- Job Status: Software Engineer

**6) Patient's Behavior:**
- Highly cooperative, motivated to return to physical activity.

**7) Geographical Location:**
- Urban Area, well-developed with good access to healthcare facilities.

**8) Clinical Setting:**
- Community Health Service

**9) Type of Encounter:**
- Preventive Health Screening

**12) Physical exams:**
- Inspection: Mild swelling in the right knee, no visible deformity.
- Palpation: Tenderness over the patellar tendon and lateral aspects of the knee.
- Range of Motion: Full range of motion, but pain during terminal extension and flexion.

**13) Investigation/Test results:**
- Awaiting MRI of the right knee to confirm cartilage involvement and any other potential intra-articular pathology."|Rejected|Rejected|Rejected|Rejected||
