Disease Description|Scenario|Note|Polished Note|Abbreviated Note|Role|dial|polished_dial
UNSPECIFIED INJURY OF NECK, INITIAL ENCOUNTER|"ROLE: Orthopedic Specialist

**Scenario Variables:**

1. Medical Outcome: 
    - Diagnosis: Unspecified Injury of Neck (ICD-10 S19.9XXA)
    - Prescribed treatment: Physical therapy referral, muscle relaxants
    - Medication: Cyclobenzaprine 5mg, oral, three times a day for 10 days, quantity 30 tablets
    - Further tests: MRI of the cervical spine
    - Referral to further tests: MRI to rule out soft tissue damage

2. Medical History:
    - Previous Diagnoses: None notable
    - Family Medical History: Father with hypertension
    - Medication History: Over-the-counter pain relief
    - Allergies: None
    - Chronic Conditions: None

3. Symptom Description:
    - Severity: Moderate to severe
    - Duration: 3 days
    - Associated Symptoms: Stiffness, limited range of motion, occasional headache
    - Frequency: Continuous since injury
    - Impact on Daily Activities: Difficulty sleeping, turning head, and driving

4. Patient’s Self-Reported Habits and Lifestyle:
    - Sleep: Interrupted due to pain
    - Diet: Balanced
    - Exercise: Regular gym-goer, now on hold due to injury
    - Tobacco Use: Non-smoker
    - Alcohol Consumption: Occasional, socially
    - Drug Use: None
    - Recreational Activities: Likes hiking, currently not participating due to neck pain

5. Demographic Information:
    - Age: 45
    - Gender: Male
    - Ethnicity: Caucasian
    - Socio-economic Status: Middle-class
    - Education Level: College graduate
    - Health Literacy: High
    - Job Status: Office worker

6. Patient's Behavior:
    - Cooperation: Highly cooperative, adheres to medical advice

7. Geographical Location:
    - Urban, Big City
    - Neighborhood Type: Suburban
    - Well-served by Transit

8. Clinical Setting:
    - Specialty Clinic

9. Type of Encounter:
    - Initial Consultation

10. Treatment Disparities:
    - NA

11. Native or Non-Native English-Speaking Patient:
    - Native English Speaker

12. Physical exams:
    - NECK: Limited range of motion, tenderness on palpation of posterior cervical muscles, no visible swelling or deformity, normal alignment

13. Investigation/Test Results:
    - Awaiting MRI results of the cervical spine.
"|"#####
1. Subjective:

**Chief Complaint (CC):**
Neck pain and stiffness.

**History of Present Illness (HPI):**
- Severity: Moderate to severe
- Duration: 3 days
- Associated Symptoms: Stiffness, limited range of motion, occasional headache
- Frequency: Continuous since injury
- Impact on Daily Activities: Difficulty sleeping, turning head, and driving

**Review of Systems (ROS):**
- Musculoskeletal: Reports neck stiffness and limited range of motion
- Neurological: Occasional headache
- Constitutional: Denies fever, chills, or weight loss
- Respiratory: Denies shortness of breath
- Cardiovascular: Denies chest pain

2. Objective:

**VITALS:**
- Blood pressure: 128/78 mmHg
- Heart rate: 72 bpm
- Respiration: 16 bpm
- Temperature: 98.6 °F

**PHYSICAL EXAM:**
- **Neck:**
  - Limited range of motion
  - Tenderness on palpation of posterior cervical muscles
  - No visible swelling or deformity
  - Normal alignment
- **Neurological:**
  - Mental Status: Alert and oriented
  - Cranial Nerves: Intact
  - Motor: Normal strength in upper and lower extremities
  - Sensory: Intact to light touch and pinprick
  - Reflexes: +2/4 bilaterally

3. Assessment:

**Diagnosis:**
- Unspecified Injury of Neck (ICD-10 S19.9XXA)

**Differential Diagnosis:**
- Cervical muscle strain
- Cervical disc herniation

4. Plan:

**Medical Treatment:**
- Prescribed Cyclobenzaprine 5mg, oral, three times a day for 10 days, quantity 30 tablets

**Further Tests:**
- Ordered MRI of the cervical spine to rule out soft tissue damage

**Referral:**
- Referred patient to physical therapy to improve neck strength and flexibility

**Patient Education and Counseling:**
- Discussed the importance of rest and avoiding activities that exacerbate symptoms
- Advised on proper posture and ergonomics, especially at work to prevent further strain
- Instructed patient on gentle neck exercises to reduce stiffness

**Follow-Up:**
- Patient to follow up in 2 weeks or sooner if symptoms worsen
- Reviewed potential side effects of Cyclobenzaprine and advised patient to avoid driving or operating heavy machinery while on the medication

**Patient Agreements:**
- Patient understands and agrees with the recommended medical treatment plan

**Instructions:**
- Patient will follow up in 2 weeks
#####"|"#####
1. Subjective:

**Chief Complaint (CC):**
Neck pain and stiffness.

**History of Present Illness (HPI):**
- Severity: Moderate to severe
- Duration: 3 days
- Associated Symptoms: Stiffness, limited range of motion, occasional headache
- Frequency: Continuous since injury
- Impact on Daily Activities: Difficulty sleeping, turning head, and driving

**Review of Systems (ROS):**
- Musculoskeletal: Reports neck stiffness and limited range of motion
- Neurological: Occasional headache
- Constitutional: Denies fever, chills, or weight loss
- Respiratory: Denies shortness of breath
- Cardiovascular: Denies chest pain

2. Objective:

**VITALS:**
- Blood pressure: 128/78 mmHg
- Heart rate: 72 bpm
- Respiration: 16 bpm
- Temperature: 98.6 °F

**PHYSICAL EXAM:**
- **Neck:**
  - Limited range of motion
  - Tenderness on palpation of posterior cervical muscles
  - No visible swelling or deformity
  - Normal alignment
- **Neurological:**
  - Mental Status: Alert and oriented
  - Cranial Nerves: Intact
  - Motor: Normal strength in upper and lower extremities
  - Sensory: Intact to light touch and pinprick
  - Reflexes: +2/4 bilaterally

3. Assessment:

**Diagnosis:**
- Unspecified Injury of Neck (ICD-10 S19.9XXA)

**Differential Diagnosis:**
- Cervical muscle strain
- Cervical disc herniation

4. Plan:

**Medical Treatment:**
- Prescribed Cyclobenzaprine 5mg, oral, three times a day for 10 days, quantity 30 tablets

**Further Tests:**
- Ordered MRI of the cervical spine to rule out soft tissue damage

**Referral:**
- Referred patient to physical therapy to improve neck strength and flexibility
- Referred to Dr. Emily Johnson, Orthopedic Specialist, for further evaluation of potential cervical disc herniation

**Patient Education and Counseling:**
- Discussed the importance of rest and avoiding activities that exacerbate symptoms
- Advised on proper posture and ergonomics, especially at work to prevent further strain
- Instructed patient on gentle neck exercises to reduce stiffness

**Follow-Up:**
- Patient to follow up in 2 weeks or sooner if symptoms worsen
- Reviewed potential side effects of Cyclobenzaprine and advised patient to avoid driving or operating heavy machinery while on the medication

**Patient Agreements:**
- Patient understands and agrees with the recommended medical treatment plan

**Instructions:**
- Patient will follow up in 2 weeks
#####"|"#####
1. Subjective:

**CC:**
Neck pain and stiffness.

**HPI:**
- Severity: Mod to severe
- Duration: 3 days
- Assoc Sx: Stiffness, limited ROM, occasional HA
- Frequency: Continuous since injury
- Impact on ADLs: Difficulty sleeping, turning head, and driving

**ROS:**
- MSK: Reports neck stiffness and limited ROM
- Neuro: Occasional HA
- Constitutional: Denies fever, chills, or weight loss
- Resp: Denies SOB
- CV: Denies CP

2. Objective:

**VITALS:**
- BP: 128/78 mmHg
- HR: 72 bpm
- RR: 16 bpm
- Temp: 98.6 °F

**PE:**
- **Neck:**
  - Limited ROM
  - Tenderness on palpation of posterior cervical muscles
  - No visible swelling or deformity
  - Normal alignment
- **Neuro:**
  - MS: Alert and oriented
  - CN: Intact
  - Motor: Normal strength in UEs and LEs
  - Sensory: Intact to light touch and pinprick
  - Reflexes: +2/4 bilat

3. Assessment:

**Dx:**
- Unspecified Injury of Neck (ICD-10 S19.9XXA)

**DDx:**
- Cervical muscle strain
- Cervical disc herniation

4. Plan:

**Rx:**
- Cyclobenzaprine 5mg PO TID x10 days, qty 30 tabs

**Further Tests:**
- Ordered MRI c-spine to R/O soft tissue damage

**Referral:**
- Referred to PT to improve neck strength and flexibility
- Referred to Dr. Emily Johnson, Ortho, for further eval of potential cervical disc herniation

**Pt Ed and Counseling:**
- Discussed importance of rest and avoiding activities that exacerbate Sx
- Advised on proper posture and ergonomics, especially at work to prevent further strain
- Instructed pt on gentle neck exercises to reduce stiffness

**F/U:**
- Pt to F/U in 2 weeks or sooner if Sx worsen
- Reviewed potential SEs of Cyclobenzaprine and advised pt to avoid driving or operating heavy machinery while on the med

**Pt Agreements:**
- Pt understands and agrees with the recommended medical Tx plan

**Instructions:**
- Pt will F/U in 2 weeks
#####"|Orthopedic Specialist|"```
[doctor] Hi there, I see you're here for neck pain and stiffness. Could you tell me more about what's been going on?

[patient] Yes, I've been having a lot of pain in my neck. It started about three days ago and it's been pretty bad.

[doctor] I see. How would you rate the severity of your pain on a scale from 1 to 10?

[patient] It's probably around a 7 or 8. It's really uncomfortable.

[doctor] Hmm, that sounds painful. Have you noticed any associated symptoms like stiffness, headaches, or anything else?

[patient] Yes, my neck feels really stiff and I can't move it much. I also get occasional headaches.

[doctor] Alright. Is the pain constant, or does it come and go?

[patient] It's been pretty much constant since the injury.

[doctor] And how has this been impacting your daily activities?

[patient] It's been tough. I have difficulty sleeping, turning my head, and even driving.

[doctor] I understand. Have you had any fever, chills, or weight loss?

[patient] No, none of those.

[doctor] Any shortness of breath or chest pain?

[patient] No, I don't have any of that either.

[doctor] Okay, let's review your vitals. Your blood pressure is 128/78 mmHg, heart rate is 72 bpm, respiration is 16 bpm, and your temperature is 98.6 °F. 

[patient] Okay.

[doctor] Let's move on to the physical exam. I'll start with your neck. I'll need to check your range of motion and any tenderness, alright?

[patient] Sure, go ahead.

[doctor] Alright, your neck has a limited range of motion and there's tenderness on palpation of the posterior cervical muscles. I don't see any visible swelling or deformity, and the alignment looks normal. Now I'll check your neurological status.

[patient] Okay.

[doctor] Your mental status is alert and oriented, and your cranial nerves are intact. Let's test your motor strength. Can you push against my hands?

[patient] (Patient pushes against the doctor's hands) Like this?

[doctor] Yes, that's good. Your motor strength in upper and lower extremities is normal. Now, I'll test your sensation. Can you feel this? (Doctor lightly touches the patient's skin)

[patient] Yes, I can feel that.

[doctor] Great. Your sensory responses are intact to light touch and pinprick. Lastly, I'll check your reflexes. (Doctor tests reflexes) Reflexes are +2/4 bilaterally. 

[patient] So, what's wrong with my neck?

[doctor] Based on your symptoms and exam findings, it looks like you have an unspecified injury of the neck. It could be a cervical muscle strain or possibly a cervical disc herniation.

[patient] Oh no, that sounds serious.

[doctor] It can be uncomfortable, but we'll manage it. First, I'm going to prescribe you Cyclobenzaprine 5mg to take three times a day for 10 days. This will help relax your muscles.

[patient] Okay, will that help with the pain?

[doctor] Yes, it should help reduce the muscle spasms and pain. However, be careful while taking it—it can make you drowsy, so avoid driving or operating heavy machinery.

[patient] Got it. What else should I do?

[doctor] I'm also going to order an MRI of your cervical spine to rule out any soft tissue damage. Additionally, I'm referring you to physical therapy to improve your neck strength and flexibility.

[patient] Physical therapy? What will that involve?

[doctor] A physical therapist will guide you through exercises to strengthen your neck muscles and improve flexibility. It's important to follow their advice to prevent further strain.

[patient] Alright, I can do that.

[doctor] In the meantime, make sure to rest and avoid activities that make the pain worse. Proper posture and ergonomics, especially at work, can make a big difference.

[patient] Okay, I'll try to be more mindful of that.

[doctor] I'll also show you some gentle neck exercises to help reduce stiffness. It's important to do these regularly but gently.

[patient] Thanks, I'll try them out.

[doctor] We'll follow up in 2 weeks to see how you're doing, but if your symptoms worsen, come back sooner.

[patient] Alright, I will.

[doctor] One last thing: if you experience any side effects from the Cyclobenzaprine, like severe drowsiness or other issues, let us know immediately.

[patient] Sure, I'll keep an eye on that.

[doctor] Great. Do you have any other questions or concerns?

[patient] No, I think that's everything. Thank you!

[doctor] You're welcome. Take care and we'll see you in two weeks.

[patient] Thanks, doctor.

[doctor] Have a good day.

[patient] You too.
```"|"```
[doctor] Hi there, I see you're here for neck pain and stiffness. Could you tell me more about what's been going on?

[patient] Yes, I've been having a lot of pain in my neck. It started about three days ago and it's been pretty bad.

[doctor] Hmm, I see. How would you rate the severity of your pain on a scale from 1 to 10?

[patient] It's probably around a 7 or 8. It's really uncomfortable.

[doctor] Hmm, that sounds painful. Have you noticed any associated symptoms like stiffness, headaches, or anything else?

[patient] Yes, my neck feels really stiff and I can't move it much. I also get occasional headaches.

[doctor] Alright. Is the pain constant, or does it come and go?

[patient] It's been pretty much constant since the injury.

[doctor] And how has this been impacting your daily activities?

[patient] It's been tough. I have difficulty sleeping, turning my head, and even driving.

[doctor] I understand. Have you had any fever, chills, or weight loss?

[patient] No, none of those.

[doctor] Any shortness of breath or chest pain?

[patient] No, I don't have any of that either.

[doctor] Okay, let's review your vitals. Your blood pressure is 128/78 mmHg, heart rate is 72 bpm, respiration is 16 bpm, and your temperature is 98.6 °F. 

[patient] Okay.

[doctor] Let's move on to the physical exam. I'll start with your neck. I'll need to check your range of motion and any tenderness, alright?

[patient] Sure, go ahead.

[doctor] Alright, your neck has a limited range of motion and there's tenderness on palpation of the posterior cervical muscles. I don't see any visible swelling or deformity, and the alignment looks normal. Now I'll check your neurological status.

[patient] Okay.

[doctor] Your mental status is alert and oriented, and your cranial nerves are intact. Let's test your motor strength. Can you push against my hands?

[patient] (Patient pushes against the doctor's hands) Like this?

[doctor] Yes, that's good. Your motor strength in upper and lower extremities is normal. Now, I'll test your sensation. Can you feel this? (Doctor lightly touches the patient's skin)

[patient] Yes, I can feel that.

[doctor] Great. Your sensory responses are intact to light touch and pinprick. Lastly, I'll check your reflexes. (Doctor tests reflexes) Reflexes are +2/4 bilaterally. 

[patient] So, what's wrong with my neck?

[doctor] Based on your symptoms and exam findings, it looks like you have an unspecified injury of the neck. It could be a cervical muscle strain or possibly a cervical disc herniation.

[patient] Oh no, that sounds serious.

[doctor] It can be uncomfortable, but we'll manage it. First, I'm going to prescribe you Cyclobenzaprine 5mg to take three times a day for 10 days. This will help relax your muscles.

[patient] Okay, will that help with the pain?

[doctor] Yes, it should help reduce the muscle spasms and pain. However, be careful while taking it—it can make you drowsy, so avoid driving or operating heavy machinery.

[patient] Got it. What else should I do?

[doctor] I'm also going to order an MRI of your cervical spine to rule out any soft tissue damage. Additionally, I'm referring you to physical therapy to improve your neck strength and flexibility.

[patient] Physical therapy? What will that involve?

[doctor] A physical therapist will guide you through exercises to strengthen your neck muscles and improve flexibility. It's important to follow their advice to prevent further strain.

[patient] Alright, I can do that.

[doctor] In the meantime, make sure to rest and avoid activities that make the pain worse. Proper posture and ergonomics, especially at work, can make a big difference.

[patient] Okay, I'll try to be more mindful of that.

[doctor] I'll also show you some gentle neck exercises to help reduce stiffness. It's important to do these regularly but gently.

[patient] Thanks, I'll try them out.

[doctor] We'll follow up in 2 weeks to see how you're doing, but if your symptoms worsen, come back sooner.

[patient] Alright, I will.

[doctor] One last thing: if you experience any side effects from the Cyclobenzaprine, like severe drowsiness or other issues, let us know immediately.

[patient] Sure, I'll keep an eye on that.

[doctor] Great. Do you have any other questions or concerns?

[patient] No, I think that's everything. Thank you!

[doctor] You're welcome. Take care and we'll see you in two weeks.

[patient] Thanks, doctor.

[doctor] Have a good day.

[patient] You too.
```"
UNSPECIFIED INJURY OF NECK, INITIAL ENCOUNTER|"ROLE: Family Medicine Physician

**Medical Outcome:**
- Diagnosis: Unspecified injury of neck, initial encounter
- Prescribed treatment: Pain management with NSAIDs, muscle relaxants, application of ice packs
- Medication: Ibuprofen 400 mg, orally, every 6-8 hours as needed for pain, quantity: 30 tablets; Cyclobenzaprine 5 mg, orally, three times a day for muscle spasms, quantity: 21 tablets
- Referral: Orthopedic specialist, reason: further evaluation of neck injury and potential physical therapy, referred to: Dr. John Doe, Orthopedic Clinic
- Follow-up recommendation: Follow-up in 1 week to assess progress and adjust treatment if necessary
- Imaging: Ordered MRI of the cervical spine to evaluate soft tissue damage

**Medical History:**
- Previous Diagnoses: Chronic lower back pain, controlled hypertension
- Family Medical History: Father has a history of hypertension and mother has osteoporosis
- Medication History: Currently on Lisinopril 10 mg daily for hypertension
- Allergies: Penicillin (rash)
- Chronic Conditions: Hypertension

**Symptom Description:**
- Severity: Severe pain
- Duration: 3 days
- Associated Symptoms: Numbness and tingling in the right arm, headache, dizziness
- Frequency: Persistent, worsened with movement
- Impact on Daily Activities: Significant impact, unable to perform work duties, difficulty sleeping

**Patient’s self-reported habits and lifestyle:**
- Sleep: Poor, waking up frequently due to pain
- Diet: Consumes high-sodium diet, minimal fruits and vegetables
- Exercise: Sedentary lifestyle, no regular physical activity
- Tobacco Use: Smoker, 10 cigarettes per day
- Alcohol Consumption: Drinks socially, 1-2 times per week
- Drug Use: None
- Recreational Activities: Enjoys watching TV and occasional cooking

**Demographic Information:**
- Age: 45
- Gender: Male
- Ethnicity: African American
- Socio-economic Status: Lower-middle class
- Education Level: High school diploma
- Health Literacy: Moderate
- Job Status: Manual laborer

**Patient's Behavior:**
- Compliance: Generally irregular; partial compliance with long-term medication

**Geographical Location:**
- Small City
- Impoverished neighborhood
- Limited access to healthcare facilities

**Clinical Setting:**
- Community Health Services

**Type of Encounter:**
- Initial Consultation

**Treatment Disparities:**
- Potential issues with prescription cost and accessing specialist care due to financial constraints

**Native or Non-Native English Speaking Patient:**
- Native English-speaking

**Physical exam:**
- Musculoskeletal: Palpation reveals severe tenderness and muscle spasm in the cervical region with restricted range of motion, no visible deformities
- Neurological: Decreased sensation in the right arm, reduced grip strength, positive Spurling’s test

**Investigation/Test results:**
- Awaiting MRI Cervical Spine results to check for soft tissue damage

MRI modality: Cervical Spine

Location: Regional Medical Imaging Center"|"**Subjective:**

**Chief Complaint (CC):** 
The patient presents with severe neck pain, ongoing for 3 days, worsened with movement and significantly impacting daily activities.

**History of Present Illness (HPI):**
A 45-year-old African American male, manual laborer, reports severe neck pain that started 3 days ago following a work-related incident. The pain is persistent and exacerbates with movement. He also experiences numbness and tingling in the right arm, along with headaches and dizziness. The pain significantly affects his ability to work and sleep.

**Review of Systems (ROS):**
- **Musculoskeletal:** Reports severe neck pain, muscle spasm, restricted range of motion
- **Neurological:** Reports numbness and tingling in the right arm, decreased grip strength
- **Head:** Reports headaches and dizziness
- **Sleep:** Poor sleep due to pain, frequent awakenings

**Objective:**

**Vital Signs:**
- Blood Pressure: 135/85 mmHg (controlled on Lisinopril)
- Heart Rate: 76 bpm
- Respiratory Rate: 18 bpm
- Temperature: 98.6°F

**Physical Exam:**
- **Musculoskeletal:** Severe tenderness and muscle spasm in the cervical region, restricted range of motion, no visible deformities observed.
- **Neurological:** Decreased sensation in the right arm, reduced grip strength, positive Spurling’s test suggesting nerve root impingement.

**Assessment:**
- Unspecified injury of neck, initial encounter.
- Differential diagnoses include cervical strain, cervical radiculopathy, and possible herniated cervical disc.

**Plan:**
1. **Medications:**
   - Ibuprofen 400 mg, orally, every 6-8 hours as needed for pain, quantity: 30 tablets.
   - Cyclobenzaprine 5 mg, orally, three times a day for muscle spasms, quantity: 21 tablets.

2. **Non-Pharmacological Treatment:**
   - Application of ice packs to the neck for 20 minutes every 2 hours while awake.

3. **Referral:**
   - Referral to Dr. John Doe at the Orthopedic Clinic for further evaluation of the neck injury and potential physical therapy.

4. **Imaging:**
   - Ordered an MRI of the cervical spine at Regional Medical Imaging Center to evaluate for soft tissue damage and rule out herniated disc.

5. **Follow-Up:**
   - Follow-up in 1 week to assess progress and adjust treatment if necessary. Review MRI results at the follow-up appointment.

**Instructions to the Patient:**
- Adhere to the prescribed medication regimen and non-pharmacological treatments.
- Avoid heavy lifting and activities that exacerbate neck pain.
- Maintain a diary of symptoms and any side effects from medications.
- Contact the clinic if symptoms worsen or if new symptoms develop.
"|"**Subjective:**

**Chief Complaint (CC):** 
The patient presents with severe neck pain, ongoing for 3 days, worsened with movement and significantly impacting daily activities.

**History of Present Illness (HPI):**
A 45-year-old African American male, manual laborer, reports severe neck pain that started 3 days ago following a work-related incident. The pain is persistent and exacerbates with movement. He also experiences numbness and tingling in the right arm, along with headaches and dizziness. The pain significantly affects his ability to work and sleep.

**Review of Systems (ROS):**
- **Musculoskeletal:** Reports severe neck pain, muscle spasm, restricted range of motion
- **Neurological:** Reports numbness and tingling in the right arm, decreased grip strength
- **Head:** Reports headaches and dizziness
- **Sleep:** Poor sleep due to pain, frequent awakenings

**Objective:**

**Vital Signs:**
- Blood Pressure: 135/85 mmHg (controlled on Lisinopril)
- Heart Rate: 76 bpm
- Respiratory Rate: 18 bpm
- Temperature: 98.6°F

**Physical Exam:**
- **Musculoskeletal:** Severe tenderness and muscle spasm in the cervical region, restricted range of motion, no visible deformities observed.
- **Neurological:** Decreased sensation in the right arm, reduced grip strength, positive Spurling’s test suggesting nerve root impingement.

**Assessment:**
- Unspecified injury of neck, initial encounter.
- Differential diagnoses include cervical strain, cervical radiculopathy, and possible herniated cervical disc.

**Plan:**
1. **Medications:**
   - Ibuprofen 400 mg, orally, every 6-8 hours as needed for pain, quantity: 30 tablets.
   - Cyclobenzaprine 5 mg, orally, three times a day for muscle spasms, quantity: 21 tablets.

2. **Non-Pharmacological Treatment:**
   - Application of ice packs to the neck for 20 minutes every 2 hours while awake.

3. **Referral:**
   - Referral to Dr. John Doe at the Orthopedic Clinic for further evaluation of the neck injury and potential physical therapy.

4. **Imaging:**
   - Ordered an MRI of the cervical spine at Regional Medical Imaging Center to evaluate for soft tissue damage and rule out herniated disc.

5. **Follow-Up:**
   - Follow-up in 1 week to assess progress and adjust treatment if necessary. Review MRI results at the follow-up appointment.

**Instructions to the Patient:**
- Adhere to the prescribed medication regimen and non-pharmacological treatments.
- Avoid heavy lifting and activities that exacerbate neck pain.
- Maintain a diary of symptoms and any side effects from medications.
- Contact the clinic if symptoms worsen or if new symptoms develop."|"**Subjective:**

**CC:** 
The pt presents with severe neck pain, ongoing for 3 days, worsened with movement and significantly impacting ADLs.

**HPI:**
A 45 y/o AA male, manual laborer, reports severe neck pain that started 3 days ago post work-related incident. The pain is persistent and exacerbates with movement. He also experiences numbness and tingling in the R arm, along with HA and dizziness. The pain significantly affects his ability to work and sleep.

**ROS:**
- **MSK:** Reports severe neck pain, muscle spasm, restricted ROM
- **Neuro:** Reports numbness and tingling in the R arm, decreased grip strength
- **Head:** Reports HA and dizziness
- **Sleep:** Poor sleep due to pain, frequent awakenings

**Objective:**

**VS:**
- BP: 135/85 mmHg (controlled on Lisinopril)
- HR: 76 bpm
- RR: 18 bpm
- Temp: 98.6°F

**PE:**
- **MSK:** Severe tenderness and muscle spasm in the cervical region, restricted ROM, no visible deformities observed.
- **Neuro:** Decreased sensation in the R arm, reduced grip strength, +Spurling’s test suggesting nerve root impingement.

**Assessment:**
- Unspecified injury of neck, initial encounter.
- DDx includes cervical strain, cervical radiculopathy, and possible herniated cervical disc.

**Plan:**
1. **Meds:**
   - Ibuprofen 400 mg PO q6-8h PRN pain, qty: 30 tabs.
   - Cyclobenzaprine 5 mg PO TID for muscle spasms, qty: 21 tabs.

2. **Non-Pharm Tx:**
   - Application of ice packs to the neck for 20 mins q2h while awake.

3. **Referral:**
   - Referral to Dr. John Doe at the Ortho Clinic for further eval of the neck injury and potential PT.

4. **Imaging:**
   - Ordered MRI c-spine at Regional Medical Imaging Center to eval for soft tissue damage and r/o herniated disc.

5. **F/U:**
   - F/U in 1 week to assess progress and adjust tx if necessary. Review MRI results at the F/U appt.

**Instructions to the Pt:**
- Adhere to the prescribed med regimen and non-pharm tx.
- Avoid heavy lifting and activities that exacerbate neck pain.
- Maintain a diary of symptoms and any SEs from meds.
- Contact the clinic if symptoms worsen or if new symptoms develop."|Family Medicine Physician|"**Doctor:** Good morning, how are you doing today?

**Patient:** Not so great, honestly. I've been having this severe neck pain for the past three days, and it's just getting worse.

**Doctor:** I'm sorry to hear that. Can you tell me more about the pain? How did it start?

**Patient:** I was at work, lifting some heavy equipment, and suddenly felt a sharp pain in my neck. Since then, it's been constant and gets worse with any movement.

**Doctor:** I see. You mentioned the pain gets worse with movement. Are there any other symptoms you're experiencing?

**Patient:** Yes, I also feel numbness and tingling in my right arm. It’s really hard to grip anything. Plus, I've been having headaches and dizziness.

**Doctor:** That sounds quite uncomfortable. How is this affecting your daily activities?

**Patient:** It's really bad. I can't sleep well because of the pain, and I can barely work. It's affecting everything.

**Doctor:** That does sound difficult. Let’s go through a few more details. Have you had any issues with muscle spasms or restricted movement in your neck?

**Patient:** Yes, my neck muscles feel really tight and I can hardly move my neck without pain.

**Doctor:** And regarding your arm, you mentioned numbness and tingling. Have you noticed any change in your grip strength?

**Patient:** Yes, my grip strength in my right hand is definitely weaker.

**Doctor:** How about your sleep? You said it's been poor?

**Patient:** Yeah, I keep waking up because of the pain. I haven't had a good night's sleep in days.

**Doctor:** I understand. That must be very frustrating. Let’s go ahead and do a quick physical exam to check a few things. 

**Patient:** Alright.

**Doctor:** Your vital signs are stable, with a blood pressure of 135/85 mmHg, heart rate of 76 bpm, respiratory rate of 18, and temperature of 98.6°F. Now, I'll examine your neck. You have severe tenderness and muscle spasm in the cervical region, and I can see your range of motion is quite restricted. There's no visible deformity, which is good. Let’s test your arm now.

**Patient:** Okay.

**Doctor:** You have decreased sensation in your right arm and reduced grip strength. I’m going to perform a Spurling’s test now. This might cause some discomfort, but it helps us understand what's going on.

**Patient:** Alright, go ahead.

**Doctor:** (Performs Spurling’s test) This test is positive, which suggests nerve root impingement. Based on your symptoms and the examination, we have a few possibilities like cervical strain, cervical radiculopathy, or a herniated cervical disc. 

**Patient:** What does that mean for treatment?

**Doctor:** For now, I'm going to prescribe you Ibuprofen 400 mg to take every 6-8 hours as needed for pain, and Cyclobenzaprine 5 mg three times a day for muscle spasms. Does that sound alright?

**Patient:** Yes, that sounds good. 

**Doctor:** I also recommend applying ice packs to your neck for 20 minutes every 2 hours while you are awake. This should help reduce the inflammation and relieve some pain.

**Patient:** Okay, I can do that.

**Doctor:** I’m also referring you to Dr. John Doe at the Orthopedic Clinic for further evaluation. He may suggest physical therapy based on what he finds.

**Patient:** Sounds good. 

**Doctor:** Additionally, I’ll order an MRI of your cervical spine at the Regional Medical Imaging Center to get a closer look at any potential soft tissue damage or a herniated disc.

**Patient:** Alright, when can I get the MRI done?

**Doctor:** I’ll have the order placed today, and the imaging center will contact you to schedule an appointment. We’ll review the results at your follow-up appointment next week.

**Patient:** Okay, thanks.

**Doctor:** In the meantime, avoid heavy lifting or activities that make your neck pain worse. Keep a diary of your symptoms and any side effects from the medications. If your symptoms worsen or if you develop any new symptoms, please contact the clinic immediately.

**Patient:** Will do. 

**Doctor:** Great. I’ll see you in a week to assess your progress and review the MRI results. Take care, and try to rest as much as possible.

**Patient:** Thank you, doctor. I appreciate the help. 

**Doctor:** You're welcome. Take care."|"[doctor]: Good morning, how are you doing today?

[patient]: Not so great, honestly. I've been having this severe neck pain for the past three days, and it's just getting worse.

[doctor]: I'm sorry to hear that. Can you tell me more about the pain? How did it start?

[patient]: I was at work, lifting some heavy equipment, and suddenly felt a sharp pain in my neck. Since then, it's been constant and gets worse with any movement.

[doctor]: I see. You mentioned the pain gets worse with movement. Are there any other symptoms you're experiencing?

[patient]: Yes, I also feel numbness and tingling in my right arm. It’s really hard to grip anything. Plus, I've been having headaches and dizziness.

[doctor]: That sounds quite uncomfortable. How is this affecting your daily activities?

[patient]: It's really bad. I can't sleep well because of the pain, and I can barely work. It's affecting everything.

[doctor]: That does sound difficult. Let’s go through a few more details. Have you had any issues with muscle spasms or restricted movement in your neck?

[patient]: Yes, my neck muscles feel really tight and I can hardly move my neck without pain.

[doctor]: And regarding your arm, you mentioned numbness and tingling. Have you noticed any change in your grip strength?

[patient]: Yes, my grip strength in my right hand is definitely weaker.

[doctor]: How about your sleep? You said it's been poor?

[patient]: Yeah, I keep waking up because of the pain. I haven't had a good night's sleep in days.

[doctor]: I understand. That must be very frustrating. Let’s go ahead and do a quick physical exam to check a few things. 

[patient]: Alright.

[doctor]: Your vital signs are stable, with a blood pressure of 135/85 mmHg, heart rate of 76 bpm, respiratory rate of 18, and temperature of 98.6°F. Now, I'll examine your neck. You have severe tenderness and muscle spasm in the cervical region, and I can see your range of motion is quite restricted. There's no visible deformity, which is good. Let’s test your arm now.

[patient]: Okay.

[doctor]: You have decreased sensation in your right arm and reduced grip strength. I’m going to perform a Spurling’s test now. This might cause some discomfort, but it helps us understand what's going on.

[patient]: Alright, go ahead.

[doctor]: (Performs Spurling’s test) This test is positive, which suggests nerve root impingement. Based on your symptoms and the examination, we have a few possibilities like cervical strain, cervical radiculopathy, or a herniated cervical disc. 

[patient]: What does that mean for treatment?

[doctor]: For now, I'm going to prescribe you Ibuprofen 400 mg to take every 6-8 hours as needed for pain, and Cyclobenzaprine 5 mg three times a day for muscle spasms. Does that sound alright?

[patient]: Yes, that sounds good. 

[doctor]: I also recommend applying ice packs to your neck for 20 minutes every 2 hours while you are awake. This should help reduce the inflammation and relieve some pain.

[patient]: Okay, I can do that.

[doctor]: I’m also referring you to Dr. John Doe at the Orthopedic Clinic for further evaluation. He may suggest physical therapy based on what he finds.

[patient]: Sounds good. 

[doctor]: Additionally, I’ll order an MRI of your cervical spine at the Regional Medical Imaging Center to get a closer look at any potential soft tissue damage or a herniated disc.

[patient]: Alright, when can I get the MRI done?

[doctor]: I’ll have the order placed today, and the imaging center will contact you to schedule an appointment. We’ll review the results at your follow-up appointment next week.

[patient]: Okay, thanks.

[doctor]: In the meantime, avoid heavy lifting or activities that make your neck pain worse. Keep a diary of your symptoms and any side effects from the medications. If your symptoms worsen or if you develop any new symptoms, please contact the clinic immediately.

[patient]: Will do. 

[doctor]: Great. I’ll see you in a week to assess your progress and review the MRI results. Take care, and try to rest as much as possible.

[patient]: Thank you, doctor. I appreciate the help. 

[doctor]: You're welcome. Take care."
UNSPECIFIED INJURY OF NECK, INITIAL ENCOUNTER|"ROLE: General Physician

DEMOGRAPHIC INFORMATION
- Age: 58
- Gender: Female
- Ethnicity: Asian
- Socio-economic Status: Upper-middle class
- Education Level: Master's degree
- Health Literacy: High
- Job Status: Retired teacher

CLINICAL SETTING
- Community Health Services

TYPE OF ENCOUNTER
- Routine Check-up

MEDICAL HISTORY
- Previous Diagnoses: Osteoporosis, Hyperlipidemia
- Family Medical History: No significant family history
- Medication History: Atorvastatin 20 mg daily for hyperlipidemia, Calcium supplements
- Allergies: Seasonal pollen allergy
- Chronic Conditions: Osteoporosis, Hyperlipidemia

SYMPTOM DESCRIPTION
- Severity: Mild to moderate pain
- Duration: Persistent for 1 week after a minor motor vehicle accident
- Associated Symptoms: Mild dizziness, neck stiffness
- Frequency: Intermittent 
- Impact on Daily Activities: Some difficulty in turning the head while driving, but manageable

PATIENT’S SELF-REPORTED HABITS AND LIFESTYLE
- Sleep: Generally 7-8 hours of good quality sleep
- Diet: Well-balanced diet, includes plenty of fresh vegetables and fruits
- Exercise: Regular walker, participates in yoga twice a week
- Tobacco Use: Never smoked
- Alcohol Consumption: Occasional wine with dinner
- Drug Use: None
- Recreational Activities: Gardening and reading

PATIENT'S BEHAVIOR
- Highly cooperative and attentive to medical advice

GEOGRAPHICAL LOCATION
- Big City
- Urban
- Affluent neighborhood, low pollution, well-served by transit

PHYSICAL EXAMS
- Neurological: Alert and oriented x3, slight dizziness noted, no focal deficits
- Musculoskeletal: Mild tenderness on palpation of the cervical spine, moderate reduction in range of motion, Spurling test negative
- Cardiovascular: Blood pressure 125/75 mmHg, regular rate and rhythm, no murmurs
- Respiratory: Lungs clear to auscultation bilaterally

INVESTIGATION/TEST RESULTS
- Complete blood count, biochemistry panel, Vitamin D levels: All within normal limits, reviewed today
- Awaiting results for cervical spine X-ray to rule out fractures

MEDICAL OUTCOME 
- Diagnosis: Unspecified injury of neck (ICD-10 Code: S19.9XXA)
- Prescribed Treatment:
  - Tizanidine 4 mg oral tablets at bedtime for muscle spasm, maximum 14 tablets
  - Acetaminophen 500 mg oral tablets every 6 hours as needed for pain, maximum two weeks
- Follow-up Recommendations:
  - Follow-up in two weeks to reassess neck pain and overall improvement
- Referral to Specialists: Referral to Dr. Susan Lee, Physical Therapist, for neck mobility exercises and pain management
- Referral to Further Tests or Imaging: Cervical spine X-ray, pending results
- Medication Adjustment: N/A
- Lifestyle Change:
  - Encourage maintaining regular exercise and adding guided stretching routines for the neck
  - Continue current diet plan, but ensure adequate hydration

INSTRUCTIONS
- Patient to avoid any sudden neck movements or heavy lifting until next visit
- Recommended the use of a soft cervical collar intermittently for support
- Advised to maintain good posture, especially while reading or gardening 
- Contact the clinic immediately if symptoms worsen or new symptoms appear."|"### Medical Note

**1. Subjective:**

**Chief Complaint (CC):**
Mild to moderate neck pain and stiffness following a minor motor vehicle accident one week ago.

**History of Present Illness (HPI):**
The patient is a 58-year-old Asian female who presents for a routine check-up with a primary complaint of neck pain and stiffness. She reports that the pain has been persistent for one week following a minor motor vehicle accident. The pain is intermittent, with mild dizziness but no significant focal neurological deficits. She mentions difficulty in turning her head while driving, though it remains manageable. There is no history of recent unusual physical exertion or trauma apart from the accident. 

The patient has a history of osteoporosis and hyperlipidemia, for which she is on atorvastatin and calcium supplements. She has a high level of health literacy and adheres well to her prescribed medications.

**Review of Systems (ROS):**
- **Constitutional:** Denies fever, chills, or weight loss.
- **Neurological:** Positive for mild dizziness; denies headaches, vision changes, or focal neurological deficits.
- **Musculoskeletal:** Positive for neck stiffness and mild tenderness.
- **Cardiovascular:** Denies chest pain or palpitations.
- **Respiratory:** Denies shortness of breath or cough.

**2. Objective:**

**Vital Signs:**
- Blood Pressure: 125/75 mmHg
- Heart Rate: Regular
- Respiratory Rate: Normal
- Temperature: Afebrile

**Physical Examination:**
- **Neurological:** Alert and oriented x3. Slight dizziness noted. No focal deficits.
- **Musculoskeletal:** Mild tenderness on palpation of the cervical spine. Moderate reduction in range of motion. Spurling test negative.
- **Cardiovascular:** Regular rate and rhythm. No murmurs.
- **Respiratory:** Lungs clear to auscultation bilaterally.

**Test Results:**
- Complete blood count, biochemistry panel, and Vitamin D levels are within normal limits.
- Awaiting results of cervical spine X-ray.

**3. Assessment:**
- Primary diagnosis: Unspecified injury of neck (ICD-10 Code: S19.9XXA)
- The patient's symptoms are consistent with a soft tissue injury resulting from a recent minor vehicle accident.

**4. Plan:**
**Medications:**
- Tizanidine 4 mg oral tablets at bedtime for muscle spasm, maximum of 14 tablets.
- Acetaminophen 500 mg oral tablets every 6 hours as needed for pain, maximum duration of two weeks.

**Recommendations:**
- Follow-up in two weeks to reassess neck pain and overall improvement.
- Referral to Dr. Susan Lee, Physical Therapist, for neck mobility exercises and pain management.
- Pending cervical spine X-ray results to rule out fractures.

**Lifestyle and Activity Modifications:**
- Maintain regular exercise and add guided stretching routines for the neck.
- Continue current diet plan, but ensure adequate hydration.
- Avoid sudden neck movements or heavy lifting until the next visit.
- Use a soft cervical collar intermittently for support.
- Maintain good posture, especially while reading or gardening.

**Instructions:**
- Contact the clinic immediately if symptoms worsen or new symptoms appear.

**Patient Agreements:**
The patient understands and agrees with the recommended medical treatment plan.

---

**Follow-Up Plan:**
- Review in two weeks to monitor progress and evaluate X-ray results.
- Monitor symptom progression and adherence to physical therapy and medication regimen."|"### Medical Note

**1. Subjective:**

**Chief Complaint (CC):**
Mild to moderate neck pain and stiffness following a minor motor vehicle accident one week ago.

**History of Present Illness (HPI):**
The patient, a 58-year-old Asian female named Mei Lin, presents for a routine check-up with a primary complaint of neck pain and stiffness. She reports that the pain has been persistent for one week following a minor motor vehicle accident. The pain is intermittent, with mild dizziness but no significant focal neurological deficits. She mentions difficulty in turning her head while driving, though it remains manageable. There is no history of recent unusual physical exertion or trauma apart from the accident. 

The patient has a history of osteoporosis and hyperlipidemia, for which she is on atorvastatin and calcium supplements. She has a high level of health literacy and adheres well to her prescribed medications.

**Review of Systems (ROS):**
- **Constitutional:** Denies fever, chills, or weight loss.
- **Neurological:** Positive for mild dizziness; denies headaches, vision changes, or focal neurological deficits.
- **Musculoskeletal:** Positive for neck stiffness and mild tenderness.
- **Cardiovascular:** Denies chest pain or palpitations.
- **Respiratory:** Denies shortness of breath or cough.

**2. Objective:**

**Vital Signs:**
- Blood Pressure: 125/75 mmHg
- Heart Rate: Regular
- Respiratory Rate: Normal
- Temperature: Afebrile

**Physical Examination:**
- **Neurological:** Alert and oriented x3. Slight dizziness noted. No focal deficits.
- **Musculoskeletal:** Mild tenderness on palpation of the cervical spine. Moderate reduction in range of motion. Spurling test negative.
- **Cardiovascular:** Regular rate and rhythm. No murmurs.
- **Respiratory:** Lungs clear to auscultation bilaterally.

**Test Results:**
- Complete blood count, biochemistry panel, and Vitamin D levels are within normal limits.
- Awaiting results of cervical spine X-ray.

**3. Assessment:**
- Primary diagnosis: Unspecified injury of neck (ICD-10 Code: S19.9XXA)
- The patient's symptoms are consistent with a soft tissue injury resulting from a recent minor vehicle accident.

**4. Plan:**
**Medications:**
- Tizanidine 4 mg oral tablets at bedtime for muscle spasm, maximum of 14 tablets.
- Acetaminophen 500 mg oral tablets every 6 hours as needed for pain, maximum duration of two weeks.

**Recommendations:**
- Follow-up in two weeks to reassess neck pain and overall improvement.
- Referral to Dr. Susan Lee, Physical Therapist, for neck mobility exercises and pain management.
- Pending cervical spine X-ray results to rule out fractures.

**Lifestyle and Activity Modifications:**
- Maintain regular exercise and add guided stretching routines for the neck.
- Continue current diet plan, but ensure adequate hydration.
- Avoid sudden neck movements or heavy lifting until the next visit.
- Use a soft cervical collar intermittently for support.
- Maintain good posture, especially while reading or gardening.

**Instructions:**
- Contact the clinic immediately if symptoms worsen or new symptoms appear.

**Patient Agreements:**
The patient understands and agrees with the recommended medical treatment plan.

**Follow-Up Plan:**
- Review in two weeks to monitor progress and evaluate X-ray results.
- Monitor symptom progression and adherence to physical therapy and medication regimen."|"### Medical Note

**1. Subjective:**

**CC:**
Mild to moderate neck pain and stiffness following an MVA one week ago.

**HPI:**
The pt, a 58 y/o Asian F named Mei Lin, presents for a routine check-up with a primary complaint of neck pain and stiffness. She reports that the pain has been persistent for one week following a minor MVA. The pain is intermittent, with mild dizziness but no significant focal neuro deficits. She mentions difficulty in turning her head while driving, though it remains manageable. There is no hx of recent unusual physical exertion or trauma apart from the accident. 

The pt has a hx of osteoporosis and hyperlipidemia, for which she is on atorvastatin and Ca supplements. She has a high level of health literacy and adheres well to her prescribed meds.

**ROS:**
- **Constitutional:** Denies fever, chills, or weight loss.
- **Neuro:** Positive for mild dizziness; denies HA, vision changes, or focal neuro deficits.
- **MSK:** Positive for neck stiffness and mild tenderness.
- **CV:** Denies CP or palpitations.
- **Resp:** Denies SOB or cough.

**2. Objective:**

**VS:**
- BP: 125/75 mmHg
- HR: Regular
- RR: Normal
- Temp: Afebrile

**PE:**
- **Neuro:** A&O x3. Slight dizziness noted. No focal deficits.
- **MSK:** Mild tenderness on palpation of the c-spine. Moderate reduction in ROM. Spurling test negative.
- **CV:** Regular rate and rhythm. No murmurs.
- **Resp:** Lungs clear to auscultation bilaterally.

**Test Results:**
- CBC, BMP, and Vit D levels are WNL.
- Awaiting results of c-spine X-ray.

**3. Assessment:**
- Primary dx: Unspecified injury of neck (ICD-10 Code: S19.9XXA)
- The pt's symptoms are consistent with a soft tissue injury resulting from a recent minor MVA.

**4. Plan:**
**Meds:**
- Tizanidine 4 mg PO QHS for muscle spasm, max of 14 tabs.
- Acetaminophen 500 mg PO Q6H PRN for pain, max duration of two weeks.

**Recommendations:**
- F/U in two weeks to reassess neck pain and overall improvement.
- Referral to Dr. Susan Lee, PT, for neck mobility exercises and pain mgmt.
- Pending c-spine X-ray results to r/o fractures.

**Lifestyle and Activity Modifications:**
- Maintain regular exercise and add guided stretching routines for the neck.
- Continue current diet plan, but ensure adequate hydration.
- Avoid sudden neck movements or heavy lifting until the next visit.
- Use a soft cervical collar intermittently for support.
- Maintain good posture, especially while reading or gardening.

**Instructions:**
- Contact the clinic immediately if symptoms worsen or new symptoms appear.

**Patient Agreements:**
The pt understands and agrees with the recommended medical tx plan.

**Follow-Up Plan:**
- Review in two weeks to monitor progress and evaluate X-ray results.
- Monitor symptom progression and adherence to PT and med regimen."|General Physician|"**Doctor:** Good morning! How are you doing today?

**Patient:** Good morning, Doctor. I've been having some neck pain and stiffness lately.

**Doctor:** I'm sorry to hear that. Can you tell me more about this neck pain?

**Patient:** Sure. It started about a week ago after I was in a minor car accident. The pain has been pretty persistent since then.

**Doctor:** I see. How would you describe the pain? Is it constant, or does it come and go?

**Patient:** It's intermittent. It comes and goes, but it's quite bothersome when it does.

**Doctor:** Okay. Have you noticed any other symptoms along with the neck pain, like dizziness or numbness?

**Patient:** Yes, I've had some mild dizziness, but no numbness or anything like that.

**Doctor:** Hmm, alright. How about turning your head? Any difficulty there, especially while driving?

**Patient:** Yes, I've had some trouble turning my head while driving. It's manageable, but still a bit difficult.

**Doctor:** Got it. Apart from the accident, have you had any recent physical exertion or trauma?

**Patient:** No, nothing unusual apart from the accident.

**Doctor:** Alright. Can you tell me a bit about your medical history?

**Patient:** Sure. I have osteoporosis and hyperlipidemia. I'm currently taking atorvastatin and calcium supplements for those.

**Doctor:** Okay, thank you. It's good that you're adhering to your medications. Have you experienced any fever, chills, or weight loss recently?

**Patient:** No, none of those.

**Doctor:** Good to know. Any headaches, vision changes, or other neurological symptoms?

**Patient:** No, just the mild dizziness I mentioned earlier.

**Doctor:** Alright, any issues with chest pain, palpitations, shortness of breath, or cough?

**Patient:** No, none of those either.

**Doctor:** Great. Let's move on to a quick physical exam. We'll start with your vitals. Your blood pressure is 125/75 mmHg, heart rate is regular, and your respiratory rate is normal. You're afebrile as well.

**Patient:** That sounds good.

**Doctor:** Now, let's check your neurological status. You're alert and oriented times three. I do notice slight dizziness but no focal deficits.

**Patient:** Okay.

**Doctor:** Moving on to your musculoskeletal system, there's some mild tenderness on palpation of your cervical spine and moderate reduction in range of motion. The Spurling test is negative, which is good.

**Patient:** Alright.

**Doctor:** Cardiovascular exam shows a regular rate and rhythm with no murmurs, and your lungs are clear to auscultation bilaterally.

**Patient:** That's a relief.

**Doctor:** We have your complete blood count, biochemistry panel, and Vitamin D levels, and they're all within normal limits. We're still awaiting the results of your cervical spine X-ray.

**Patient:** Okay, thank you for letting me know.

**Doctor:** Based on your symptoms and the physical exam, it seems like you have a soft tissue injury resulting from the car accident. I'm going to recommend a few medications and lifestyle modifications to help you manage the pain and stiffness.

**Patient:** That sounds good. What medications will I need?

**Doctor:** I'll prescribe Tizanidine 4 mg oral tablets to take at bedtime for muscle spasm, with a maximum of 14 tablets. I'll also prescribe Acetaminophen 500 mg oral tablets to take every 6 hours as needed for pain, but only for a maximum duration of two weeks.

**Patient:** Got it. What about lifestyle changes?

**Doctor:** I recommend maintaining regular exercise and adding guided stretching routines for your neck. Continue your current diet plan but ensure you're staying well-hydrated. Avoid sudden neck movements or heavy lifting until your next visit. Using a soft cervical collar intermittently for support can also help. And make sure to maintain good posture, especially while reading or gardening.

**Patient:** Okay, I'll do that.

**Doctor:** I also want to refer you to Dr. Susan Lee, a physical therapist, for neck mobility exercises and pain management.

**Patient:** That sounds helpful.

**Doctor:** Lastly, we'll need to follow up in two weeks to reassess your neck pain and overall improvement. We'll also review the results of your cervical spine X-ray at that time.

**Patient:** Okay, I'll make sure to come back in two weeks.

**Doctor:** If your symptoms worsen or if you develop any new symptoms, please contact the clinic immediately.

**Patient:** I will. Thank you, Doctor.

**Doctor:** You're welcome. Do you have any questions or concerns about the treatment plan?

**Patient:** No, I understand everything. Thank you for your help.

**Doctor:** Great. I'll see you in two weeks then. Take care!

**Patient:** Thank you, Doctor. See you soon."|"[doctor]: Good morning! How are you doing today?

[patient]: Good morning, Doctor. I've been having some neck pain and stiffness lately.

[doctor]: I'm sorry to hear that. Can you tell me more about this neck pain?

[patient]: Sure. It started about a week ago after I was in a minor car accident. The pain has been pretty persistent since then.

[doctor]: I see. How would you describe the pain? Is it constant, or does it come and go?

[patient]: It's intermittent. It comes and goes, but it's quite bothersome when it does.

[doctor]: Okay. Have you noticed any other symptoms along with the neck pain, like dizziness or numbness?

[patient]: Yes, I've had some mild dizziness, but no numbness or anything like that.

[doctor]: Hmm, alright. How about turning your head? Any difficulty there, especially while driving?

[patient]: Yes, I've had some trouble turning my head while driving. It's manageable, but still a bit difficult.

[doctor]: Got it. Apart from the accident, have you had any recent physical exertion or trauma?

[patient]: No, nothing unusual apart from the accident.

[doctor]: Alright. Can you tell me a bit about your medical history?

[patient]: Sure. I have osteoporosis and hyperlipidemia. I'm currently taking atorvastatin and calcium supplements for those.

[doctor]: Okay, thank you. It's good that you're adhering to your medications. Have you experienced any fever, chills, or weight loss recently?

[patient]: No, none of those.

[doctor]: Good to know. Any headaches, vision changes, or other neurological symptoms?

[patient]: No, just the mild dizziness I mentioned earlier.

[doctor]: Alright, any issues with chest pain, palpitations, shortness of breath, or cough?

[patient]: No, none of those either.

[doctor]: Great. Let's move on to a quick physical exam. We'll start with your vitals. Your blood pressure is 125/75 mmHg, heart rate is regular, and your respiratory rate is normal. You're afebrile as well.

[patient]: That sounds good.

[doctor]: Now, let's check your neurological status. You're alert and oriented times three. I do notice slight dizziness but no focal deficits.

[patient]: Okay.

[doctor]: Moving on to your musculoskeletal system, there's some mild tenderness on palpation of your cervical spine and moderate reduction in range of motion. The Spurling test is negative, which is good.

[patient]: Alright.

[doctor]: Cardiovascular exam shows a regular rate and rhythm with no murmurs, and your lungs are clear to auscultation bilaterally.

[patient]: That's a relief.

[doctor]: We have your complete blood count, biochemistry panel, and Vitamin D levels, and they're all within normal limits. We're still awaiting the results of your cervical spine X-ray.

[patient]: Okay, thank you for letting me know.

[doctor]: Based on your symptoms and the physical exam, it seems like you have a soft tissue injury resulting from the car accident. I'm going to recommend a few medications and lifestyle modifications to help you manage the pain and stiffness.

[patient]: That sounds good. What medications will I need?

[doctor]: I'll prescribe Tizanidine 4 mg oral tablets to take at bedtime for muscle spasm, with a maximum of 14 tablets. I'll also prescribe Acetaminophen 500 mg oral tablets to take every 6 hours as needed for pain, but only for a maximum duration of two weeks.

[patient]: Got it. What about lifestyle changes?

[doctor]: I recommend maintaining regular exercise and adding guided stretching routines for your neck. Continue your current diet plan but ensure you're staying well-hydrated. Avoid sudden neck movements or heavy lifting until your next visit. Using a soft cervical collar intermittently for support can also help. And make sure to maintain good posture, especially while reading or gardening.

[patient]: Okay, I'll do that.

[doctor]: I also want to refer you to Dr. Susan Lee, a physical therapist, for neck mobility exercises and pain management.

[patient]: That sounds helpful.

[doctor]: Lastly, we'll need to follow up in two weeks to reassess your neck pain and overall improvement. We'll also review the results of your cervical spine X-ray at that time.

[patient]: Okay, I'll make sure to come back in two weeks.

[doctor]: If your symptoms worsen or if you develop any new symptoms, please contact the clinic immediately.

[patient]: I will. Thank you, Doctor.

[doctor]: You're welcome. Do you have any questions or concerns about the treatment plan?

[patient]: No, I understand everything. Thank you for your help.

[doctor]: Great. I'll see you in two weeks then. Take care!

[patient]: Thank you, Doctor. See you soon."
UNSPECIFIED INJURY OF NECK, INITIAL ENCOUNTER|"ROLE: Orthopedic Specialist

1) Medical Outcome:
   - Diagnosis: Unspecified Injury of Neck (ICD-10: S19.90XA)
   - Medical Treatment: Prescription for ibuprofen 400 mg orally every 8 hours as needed for pain, 20 tablets.
   - Follow-up Recommendations: Follow-up appointment in 1 week with orthopedic specialist for reassessment.
   - Referral: Referral to Physical Therapy for evaluation and treatment, Dr. Jane Smith, PT.
   - Imaging: Order for MRI of the cervical spine to evaluate for soft tissue damage.

2) Medical History:
   - Previous Diagnoses: Type 2 Diabetes Mellitus, Hypertension
   - Family Medical History: Father with coronary artery disease, mother with rheumatoid arthritis.
   - Medication History: Metformin 500 mg twice daily, Lisinopril 10 mg daily.
   - Allergies: Penicillin
   - Chronic Conditions: Type 2 Diabetes Mellitus, Hypertension

3) Symptom Description:
   - Severity: Severe
   - Duration: Started 24 hours ago
   - Associated Symptoms: Numbness and tingling in the right arm, severe headache
   - Frequency: Continuous since onset
   - Impact on Daily Activities: Unable to perform work duties, difficulty sleeping, restricted neck movements

4) Patient’s self-reported habits and lifestyle:
   - Sleep: 5-6 hours per night, poor quality
   - Diet: High in processed foods, low in vegetables
   - Exercise: Sedentary lifestyle, minimal physical activity
   - Tobacco Use: 1 pack of cigarettes per day
   - Alcohol Consumption: None
   - Drug Use: None
   - Recreational Activities: Limited due to health conditions

5) Demographic Information:
   - Age: 55
   - Gender: Male
   - Ethnicity: Hispanic
   - Socio-economic Status: Low-income
   - Education Level: High School Diploma
   - Health Literacy: Moderate
   - Job Status: Unemployed, previously worked as a construction worker

6) Patient's Behavior:
   - Moderate compliance with medical advice due to financial constraints

7) Geographical Location:
   - Rural area
   - Limited access to healthcare facilities
   - Low-income neighborhood

8) Clinical Setting:
   - Specialty Orthopedic Clinic

9) Type of Encounter:
   - Follow-up from Emergency Department visit

10) Treatment Disparities:
   - Difficulty accessing prescribed medications due to cost

11) Native or Non-Native English Speaking Patient:
   - Non-Native English speaker, primary language is Spanish

12) Physical exams:
   - Inspection: Visible swelling and bruising in the neck region
   - Range of Motion: Severely restricted range of motion in the neck
   - Neurological: Decreased sensation and motor weakness in the right upper limb

13) Investigation/Test results:
   - MRI of the cervical spine pending"|"#####
**1. Subjective:**
   - **Chief Complaint (CC):** Severe neck pain.
   - **History of Present Illness (HPI):** 
      - Duration: The patient reports the neck pain started 24 hours ago.
      - Severity: Describes the pain as severe.
      - Location: Localized to the neck, radiating to the right arm.
      - Associated Symptoms: Reports numbness and tingling in the right arm and severe headache.
      - Frequency: Pain has been continuous since the onset.
      - Impact on Daily Activities: Unable to perform work duties, difficulty sleeping, restricted neck movements.
   - **Review of Systems (ROS):**
      - Constitutional: Patient reports poor quality sleep, averaging 5-6 hours per night.
      - Musculoskeletal: Severe neck pain with numbness and tingling in the right arm.
      - Neurological: Severe headache, decreased sensation, and motor weakness in the right upper limb.
      - Cardiovascular: No chest pain or palpitations.
      - Respiratory: No shortness of breath or cough.
      - Gastrointestinal: No nausea, vomiting, or changes in bowel habits.

**2. Objective:**
   - **Vital Signs:**
      - Blood Pressure: 140/90 mmHg (hypertensive)
      - Heart Rate: 76 bpm
      - Respiratory Rate: 16 breaths per minute
      - Temperature: 98.6°F
   - **Physical Exam:**
      - Inspection: Visible swelling and bruising in the neck region.
      - Range of Motion: Severely restricted range of motion in the neck.
      - Neurological: Decreased sensation and motor weakness in the right upper limb.
      - General: Patient appears in mild distress due to pain.
   - **Investigations:**
      - MRI of the cervical spine is ordered and pending.

**3. Assessment:**
   - Primary Diagnosis: Unspecified Injury of Neck (ICD-10: S19.90XA)
     - Medical Reasoning: The patient's symptoms of severe neck pain, numbness, and tingling in the right arm, along with restricted neck movements, suggest a significant neck injury possibly involving soft tissue damage.

**4. Plan:**
   - **Medical Treatment:**
     - Prescription for ibuprofen 400 mg orally every 8 hours as needed for pain, 20 tablets.
   - **Referral:**
     - Referral to Physical Therapy for evaluation and treatment by Dr. Jane Smith, PT.
   - **Imaging:**
     - MRI of the cervical spine to evaluate for soft tissue damage.
   - **Follow-up Recommendations:**
     - Follow-up appointment in 1 week with the orthopedic specialist for reassessment.
   - **Patient Education and Counseling:**
     - Discussed the importance of medication adherence, rest, and gradual mobilization.
     - Advised on the potential benefits of physical therapy.
     - Informed about the need for follow-up imaging and reassessment.
   - **Patient Socioeconomic and Lifestyle Considerations:**
     - Acknowledged the patient's challenges with medication costs and discussed potential financial assistance programs.
     - Discussed the impact of smoking on healing and offered resources for smoking cessation.
     
**Patient Agreements:**
The patient understands and agrees with the recommended medical treatment plan and follow-up instructions.

**INSTRUCTIONS:**
Patient is advised to continue taking prescribed medications for diabetes and hypertension. He should avoid strenuous activities and follow up with the orthopedic specialist in 1 week.
#####"|"#####
**1. Subjective:**
   - **Chief Complaint (CC):** Severe neck pain.
   - **History of Present Illness (HPI):** 
      - Duration: The patient reports the neck pain started 24 hours ago.
      - Severity: Describes the pain as severe.
      - Location: Localized to the neck, radiating to the right arm.
      - Associated Symptoms: Reports numbness and tingling in the right arm and severe headache.
      - Frequency: Pain has been continuous since the onset.
      - Impact on Daily Activities: Unable to perform work duties, difficulty sleeping, restricted neck movements.
   - **Review of Systems (ROS):**
      - Constitutional: Patient reports poor quality sleep, averaging 5-6 hours per night.
      - Musculoskeletal: Severe neck pain with numbness and tingling in the right arm.
      - Neurological: Severe headache, decreased sensation, and motor weakness in the right upper limb.
      - Cardiovascular: No chest pain or palpitations.
      - Respiratory: No shortness of breath or cough.
      - Gastrointestinal: No nausea, vomiting, or changes in bowel habits.

**2. Objective:**
   - **Vital Signs:**
      - Blood Pressure: 140/90 mmHg (hypertensive)
      - Heart Rate: 76 bpm
      - Respiratory Rate: 16 breaths per minute
      - Temperature: 98.6°F
   - **Physical Exam:**
      - Inspection: Visible swelling and bruising in the neck region.
      - Range of Motion: Severely restricted range of motion in the neck.
      - Neurological: Decreased sensation and motor weakness in the right upper limb.
      - General: Patient appears in mild distress due to pain.

**3. Assessment:**
   - Primary Diagnosis: Unspecified Injury of Neck (ICD-10: S19.90XA)
     - Medical Reasoning: The patient's symptoms of severe neck pain, numbness, and tingling in the right arm, along with restricted neck movements, suggest a significant neck injury possibly involving soft tissue damage.

**4. Plan:**
   - **Medical Treatment:**
     - Prescription for ibuprofen 400 mg orally every 8 hours as needed for pain, 20 tablets.
   - **Referral:**
     - Referral to Physical Therapy for evaluation and treatment by Dr. Jane Smith, PT.
   - **Imaging:**
     - MRI of the cervical spine to evaluate for soft tissue damage.
   - **Follow-up Recommendations:**
     - Follow-up appointment in 1 week with the orthopedic specialist for reassessment.
   - **Patient Education and Counseling:**
     - Discussed the importance of medication adherence, rest, and gradual mobilization.
     - Advised on the potential benefits of physical therapy.
     - Informed about the need for follow-up imaging and reassessment.
   - **Patient Socioeconomic and Lifestyle Considerations:**
     - Acknowledged the patient's challenges with medication costs and discussed potential financial assistance programs.
     - Discussed the impact of smoking on healing and offered resources for smoking cessation.
   - **Instructions:**
     - Patient is advised to continue taking prescribed medications for diabetes and hypertension. He should avoid strenuous activities and follow up with the orthopedic specialist in 1 week.

**Patient Agreements:**
The patient understands and agrees with the recommended medical treatment plan and follow-up instructions.
#####"|"#####
**1. Subjective:**
   - **CC:** Severe neck pain.
   - **HPI:** 
      - Duration: The pt reports the neck pain started 24 hrs ago.
      - Severity: Describes the pain as severe.
      - Location: Localized to the neck, radiating to the R arm.
      - Associated Symptoms: Reports numbness and tingling in the R arm and severe HA.
      - Frequency: Pain has been continuous since onset.
      - Impact on Daily Activities: Unable to perform work duties, difficulty sleeping, restricted neck movements.
   - **ROS:**
      - Constitutional: Pt reports poor quality sleep, averaging 5-6 hrs per night.
      - MSK: Severe neck pain with numbness and tingling in the R arm.
      - Neuro: Severe HA, decreased sensation, and motor weakness in the R upper limb.
      - CV: No CP or palpitations.
      - Resp: No SOB or cough.
      - GI: No N/V or changes in bowel habits.

**2. Objective:**
   - **VS:**
      - BP: 140/90 mmHg (HTN)
      - HR: 76 bpm
      - RR: 16 bpm
      - Temp: 98.6°F
   - **PE:**
      - Inspection: Visible swelling and bruising in the neck region.
      - ROM: Severely restricted ROM in the neck.
      - Neuro: Decreased sensation and motor weakness in the R upper limb.
      - General: Pt appears in mild distress due to pain.

**3. Assessment:**
   - Primary Dx: Unspecified Injury of Neck (ICD-10: S19.90XA)
     - Medical Reasoning: The pt's symptoms of severe neck pain, numbness, and tingling in the R arm, along with restricted neck movements, suggest a significant neck injury possibly involving soft tissue damage.

**4. Plan:**
   - **Medical Tx:**
     - Rx ibuprofen 400 mg PO q8h PRN pain, 20 tabs.
   - **Referral:**
     - Referral to PT for eval and tx by Dr. Jane Smith, PT.
   - **Imaging:**
     - MRI c-spine to eval for soft tissue damage.
   - **Follow-up Recommendations:**
     - F/U appt in 1 wk with ortho specialist for reassessment.
   - **Pt Education and Counseling:**
     - Discussed the importance of med adherence, rest, and gradual mobilization.
     - Advised on the potential benefits of PT.
     - Informed about the need for F/U imaging and reassessment.
   - **Pt Socioeconomic and Lifestyle Considerations:**
     - Acknowledged the pt's challenges with med costs and discussed potential financial assistance programs.
     - Discussed the impact of smoking on healing and offered resources for smoking cessation.
   - **Instructions:**
     - Pt is advised to continue taking prescribed meds for DM and HTN. He should avoid strenuous activities and F/U with ortho specialist in 1 wk.

**Pt Agreements:**
The pt understands and agrees with the recommended medical tx plan and F/U instructions.
#####"|Orthopedic Specialist|"```plaintext
[doctor] Hi there, I understand you're here for severe neck pain. Can you tell me a bit about what's been going on?

[patient] Yes, doctor. My neck started hurting really badly about 24 hours ago.

[doctor] And how would you describe the severity of the pain?

[patient] It's really severe. I can barely move my neck.

[doctor] Okay, and is the pain localized to one area or does it radiate anywhere else?

[patient] It's mostly in my neck, but it also shoots down to my right arm.

[doctor] I see. Are you experiencing any numbness or tingling in your right arm as well?

[patient] Yes, there's numbness and tingling, and I also have a really bad headache.

[doctor] How often have you been experiencing this pain since it started?

[patient] It's been non-stop since it started. It hasn't let up at all.

[doctor] Has this pain impacted your daily activities in any way?

[patient] Yes, I can't perform my work duties and I'm having a hard time sleeping because of it.

[doctor] It sounds like it's been quite debilitating for you. How many hours of sleep are you getting on average?

[patient] Maybe 5 or 6 hours a night, and they're not quality hours.

[doctor] That's quite troubling. And besides the neck pain and arm symptoms, have you noticed any other issues like chest pain or palpitations?

[patient] No, none of that.

[doctor] Any shortness of breath or cough?

[patient] No, my breathing is fine.

[doctor] How about any gastrointestinal symptoms like nausea, vomiting, or changes in bowel habits?

[patient] No, nothing like that.

[doctor] Okay, thank you for that information. Now, I'll need to take some vital signs and perform a physical examination. Let's start with your blood pressure.

[doctor] Your blood pressure is 140/90 mmHg, which is a bit high. Your heart rate is 76 beats per minute, respiratory rate is 16 breaths per minute, and your temperature is 98.6°F.

[doctor] Now, let's have a look at your neck. I see there's visible swelling and bruising. Can you try to move your neck for me?

[patient] I can barely move it, it hurts too much.

[doctor] I can see your range of motion is severely restricted. How about your right arm? Can you feel this? [doctor touches patient's right arm]

[patient] It's hard to feel anything, there's a lot of numbness and weakness.

[doctor] Okay, thank you. I can see you're in quite a bit of distress due to the pain. Based on what we've discussed and my examination, I'm going to order an MRI of your cervical spine to get a better look at what's going on.

[patient] Alright, doctor. What do you think it could be?

[doctor] Given your severe neck pain, numbness, and tingling in your right arm, and the restricted movement, it suggests a significant neck injury. It could possibly involve soft tissue damage, but the MRI will give us more information.

[doctor] For now, I'm going to prescribe ibuprofen 400 mg for the pain. Take one tablet every 8 hours as needed.

[patient] Okay, I can do that.

[doctor] I'm also referring you to Dr. Jane Smith, a physical therapist, for evaluation and treatment. Physical therapy can help with your recovery.

[patient] Alright, I'll see Dr. Smith.

[doctor] We'll also follow up with an MRI of your cervical spine to evaluate for any soft tissue damage. 

[patient] Sounds good, doctor. 

[doctor] I want you to follow up with an orthopedic specialist in 1 week for reassessment. We'll review your MRI results and see how you're progressing.

[patient] Okay, I'll make sure to do that.

[doctor] It's important that you adhere to the medication regimen, rest, and gradually mobilize your neck as tolerated. Physical therapy will be crucial for your recovery.

[patient] I'll follow your advice, doctor.

[doctor] Also, I want to acknowledge that medication costs can be a challenge. We can discuss potential financial assistance programs if needed.

[patient] That would be helpful, thank you.

[doctor] And one more thing – smoking can impact your healing. I can offer resources for smoking cessation if you're interested.

[patient] I appreciate that. I might look into it.

[doctor] Great, remember to continue taking your prescribed medications for diabetes and hypertension. Avoid strenuous activities. Do you have any questions about the treatment plan?

[patient] No, I think I understand everything. Thank you, doctor.

[doctor] You're welcome. We'll see you in a week. Take care and try to rest as much as possible.

[patient] Thank you, doctor. I will.
```"|"[doctor]: Hi there, I understand you're here for severe neck pain. Can you tell me a bit about what's been going on?

[patient]: Yes, doctor. My neck started hurting really badly about 24 hours ago.

[doctor]: Hmm, I see. And how would you describe the severity of the pain?

[patient]: It's really severe. I can barely move my neck.

[doctor]: Okay, and is the pain localized to one area or does it radiate anywhere else?

[patient]: It's mostly in my neck, but it also shoots down to my right arm.

[doctor]: Got it. Are you experiencing any numbness or tingling in your right arm as well?

[patient]: Yes, there's numbness and tingling, and I also have a really bad headache.

[doctor]: How often have you been experiencing this pain since it started?

[patient]: It's been non-stop since it started. It hasn't let up at all.

[doctor]: That's quite intense. Has this pain impacted your daily activities in any way?

[patient]: Yes, I can't perform my work duties and I'm having a hard time sleeping because of it.

[doctor]: It sounds like it's been quite debilitating for you. How many hours of sleep are you getting on average?

[patient]: Maybe 5 or 6 hours a night, and they're not quality hours.

[doctor]: That's quite troubling. And besides the neck pain and arm symptoms, have you noticed any other issues like chest pain or palpitations?

[patient]: No, none of that.

[doctor]: Any shortness of breath or cough?

[patient]: No, my breathing is fine.

[doctor]: How about any gastrointestinal symptoms like nausea, vomiting, or changes in bowel habits?

[patient]: No, nothing like that.

[doctor]: Okay, thank you for that information. Now, I'll need to take some vital signs and perform a physical examination. Let's start with your blood pressure. 

[doctor]: Your blood pressure is 140/90 mmHg, which is a bit high. Your heart rate is 76 beats per minute, respiratory rate is 16 breaths per minute, and your temperature is 98.6°F.

[doctor]: Now, let's have a look at your neck. I see there's visible swelling and bruising. Can you try to move your neck for me?

[patient]: I can barely move it, it hurts too much.

[doctor]: I can see your range of motion is severely restricted. How about your right arm? Can you feel this? [doctor touches patient's right arm]

[patient]: It's hard to feel anything, there's a lot of numbness and weakness.

[doctor]: Okay, thank you. I can see you're in quite a bit of distress due to the pain. Based on what we've discussed and my examination, I'm going to order an MRI of your cervical spine to get a better look at what's going on.

[patient]: Alright, doctor. What do you think it could be?

[doctor]: Given your severe neck pain, numbness, and tingling in your right arm, and the restricted movement, it suggests a significant neck injury. It could possibly involve soft tissue damage, but the MRI will give us more information.

[patient]: Okay, I understand.

[doctor]: For now, I'm going to prescribe ibuprofen 400 mg for the pain. Take one tablet every 8 hours as needed.

[patient]: Okay, I can do that.

[doctor]: I'm also referring you to Dr. Jane Smith, a physical therapist, for evaluation and treatment. Physical therapy can help with your recovery.

[patient]: Alright, I'll see Dr. Smith.

[doctor]: We'll also follow up with an MRI of your cervical spine to evaluate for any soft tissue damage.

[patient]: Sounds good, doctor.

[doctor]: I want you to follow up with an orthopedic specialist in 1 week for reassessment. We'll review your MRI results and see how you're progressing.

[patient]: Okay, I'll make sure to do that.

[doctor]: It's important that you adhere to the medication regimen, rest, and gradually mobilize your neck as tolerated. Physical therapy will be crucial for your recovery.

[patient]: I'll follow your advice, doctor.

[doctor]: Also, I want to acknowledge that medication costs can be a challenge. We can discuss potential financial assistance programs if needed.

[patient]: That would be helpful, thank you.

[doctor]: And one more thing – smoking can impact your healing. I can offer resources for smoking cessation if you're interested.

[patient]: I appreciate that. I might look into it.

[doctor]: Great, remember to continue taking your prescribed medications for diabetes and hypertension. Avoid strenuous activities. Do you have any questions about the treatment plan?

[patient]: No, I think I understand everything. Thank you, doctor.

[doctor]: You're welcome. We'll see you in a week. Take care and try to rest as much as possible.

[patient]: Thank you, doctor. I will."
UNSPECIFIED INJURY OF NECK, INITIAL ENCOUNTER|"ROLE: Emergency Medicine Physician

Demographic Information:
- Age: 45
- Gender: Male
- Ethnicity: Caucasian
- Socio-economic Status: Middle class
- Education Level: College graduate
- Health Literacy: Average
- Job Status: Office worker

Symptom Description:
- Severity: Moderate
- Duration: 2 days
- Associated Symptoms: Stiffness, mild headache, and limited range of motion
- Frequency: Constant
- Impact on Daily Activities: Difficulty turning head, discomfort while working on computer

Medical History:
- Previous Diagnoses: Hypertension
- Family Medical History: Father had a history of cardiovascular disease, mother had osteoarthritis
- Medication History: Takes Lisinopril 10mg daily for hypertension
- Allergies: None
- Chronic Conditions: Hypertension

Patient’s self-reported habits and lifestyle:
- Sleep: 6-7 hours per night, reports occasional difficulty falling asleep
- Diet: Balanced, includes fruits, vegetables, lean proteins
- Exercise: Light exercise, walks three times a week
- Tobacco Use: None
- Alcohol Consumption: Social drinker, 1-2 drinks per week
- Drug Use: None
- Recreational Activities: Gardening, reading

Geographical Location:
- Big City vs Small City: Urban
- Pollution and Environmental Health Risks: Moderate pollution
- Neighborhood Type: Affluent, well-served by transit, access to green spaces

Clinical Setting:
- Hospitals: General Hospital

Type of Encounter:
- Initial Consultation

Treatment Disparities:
- None

Native or Non-Native English Speaking Patient:
- Native English Speaking Patient

Physical exams:
- Examination of the Neck: Tenderness on palpation, limited range of motion, no deformity or swelling observed
- Neurological Exam: Cranial nerves intact, no sensory or motor deficits

Investigation/Test results:
- NA (Initial encounter, awaiting further tests)

Medical Outcome:
- Diagnosis: Unspecified injury of neck
- Prescribed Treatment: Prescribe Ibuprofen 400 mg, oral, every 6 hours as needed for pain, quantity: 30 tablets, duration: one week
- Follow-up Recommendations: Follow-up in one week or sooner if symptoms worsen
- Referral to Specialists: Referral to orthopedic specialist, Dr. Jane Smith, for further evaluation if no improvement
- Additional Imaging: Order cervical spine X-ray due to unresolved pain and to rule out structural damage"|"#####
**1. Subjective:**

**Chief Complaint (CC):**
Patient presents with neck pain, stiffness, and mild headache with limited range of motion, ongoing for 2 days.

**History of Present Illness (HPI):**
A 45-year-old Caucasian male with a background of hypertension managed on Lisinopril 10mg daily, reports moderate neck pain and stiffness that started two days ago. The pain is constant and has been affecting his daily activities, especially turning his head and working on the computer. He also experiences a mild headache associated with the neck discomfort. He denies any recent trauma or injury to the area.

**Review of Systems (ROS):**
- **Constitutional**: No fever, chills, or weight loss.
- **Neurological**: Mild headache, no dizziness, no loss of consciousness, and no visual disturbances.
- **Respiratory**: No shortness of breath or cough.
- **Cardiovascular**: No chest pain, no palpitations.
- **Musculoskeletal**: Neck stiffness, moderate pain, limited range of motion.

**2. Objective:**

**Vital Signs:**
- Blood Pressure: 130/85 mmHg
- Heart Rate: 78 bpm
- Respiratory Rate: 16 breaths per minute
- Temperature: 98.6°F
- Pulse Oxygenation: 98% on room air

**Physical Exam:**

**Neck:**
- Tenderness on palpation noted.
- Limited range of motion in all directions, particularly on lateral rotation.
- No deformity or swelling observed.

**Neurological Exam:**
- Cranial nerves intact.
- No sensory or motor deficits.
- Reflexes are normal and symmetric.

**3. Assessment:**

**1. Unspecified injury of neck.**

**Medical Reasoning:**
Based on the patient’s history and physical examination findings, the neck pain is likely musculoskeletal in nature given the absence of neurological deficits and significant trauma. However, further imaging is warranted to rule out structural damage due to persistent symptoms.

**4. Plan:**

**Medical Treatment:**
- Prescribe Ibuprofen 400 mg, oral, every 6 hours as needed for pain, quantity: 30 tablets, duration: one week.

**Additional Investigations:**
- Order cervical spine X-ray to rule out any structural damage due to unresolved pain.

**Patient Education and Counseling:**
- Discussed the likely musculoskeletal origin of the pain and the importance of pain management with NSAIDs.
- Advised on neck exercises and proper ergonomics while working on the computer to reduce strain.
- Instructed to avoid heavy lifting and any activities that may exacerbate the pain.

**Follow-Up:**
- Follow-up in one week or sooner if symptoms worsen.
- Referral to orthopedic specialist, Dr. Jane Smith, for further evaluation if there is no improvement in symptoms within one week.

**Patient Agreements:**
The patient understands and agrees with the recommended medical treatment plan.
#####"|"#####
**1. Subjective:**

**Chief Complaint (CC):**
Patient presents with neck pain, stiffness, and mild headache with limited range of motion, ongoing for 2 days.

**History of Present Illness (HPI):**
A 45-year-old Caucasian male with a background of hypertension managed on Lisinopril 10mg daily, reports moderate neck pain and stiffness that started two days ago. The pain is constant and has been affecting his daily activities, especially turning his head and working on the computer. He also experiences a mild headache associated with the neck discomfort. He denies any recent trauma or injury to the area.

**Review of Systems (ROS):**
- **Constitutional**: No fever, chills, or weight loss.
- **Neurological**: Mild headache, no dizziness, no loss of consciousness, and no visual disturbances.
- **Respiratory**: No shortness of breath or cough.
- **Cardiovascular**: No chest pain, no palpitations.
- **Musculoskeletal**: Neck stiffness, moderate pain, limited range of motion.

**2. Objective:**

**Vital Signs:**
- Blood Pressure: 130/85 mmHg
- Heart Rate: 78 bpm
- Respiratory Rate: 16 breaths per minute
- Temperature: 98.6°F
- Pulse Oxygenation: 98% on room air

**Physical Exam:**

**Neck:**
- Tenderness on palpation noted.
- Limited range of motion in all directions, particularly on lateral rotation.
- No deformity or swelling observed.

**Neurological Exam:**
- Cranial nerves intact.
- No sensory or motor deficits.
- Reflexes are normal and symmetric.

**3. Assessment:**

**1. Unspecified injury of neck.**

**Medical Reasoning:**
Based on the patient’s history and physical examination findings, the neck pain is likely musculoskeletal in nature given the absence of neurological deficits and significant trauma. However, further imaging is warranted to rule out structural damage due to persistent symptoms.

**4. Plan:**

**Medical Treatment:**
- Prescribe Ibuprofen 400 mg, oral, every 6 hours as needed for pain, quantity: 30 tablets, duration: one week.

**Additional Investigations:**
- Order cervical spine X-ray to rule out any structural damage due to unresolved pain.

**Patient Education and Counseling:**
- Discussed the likely musculoskeletal origin of the pain and the importance of pain management with NSAIDs.
- Advised on neck exercises and proper ergonomics while working on the computer to reduce strain.
- Instructed to avoid heavy lifting and any activities that may exacerbate the pain.

**Follow-Up:**
- Follow-up in one week or sooner if symptoms worsen.
- Referral to orthopedic specialist, Dr. Jane Smith, for further evaluation if there is no improvement in symptoms within one week.

**Patient Agreements:**
The patient understands and agrees with the recommended medical treatment plan.
#####"|"#####
**1. Subjective:**

**CC:**
Pt presents with neck pain, stiffness, and mild HA with limited ROM, ongoing for 2 days.

**HPI:**
A 45 y/o Caucasian M with a hx of HTN managed on Lisinopril 10mg daily, reports moderate neck pain and stiffness that started 2 days ago. The pain is constant and has been affecting his ADLs, especially turning his head and working on the computer. He also experiences a mild HA associated with the neck discomfort. He denies any recent trauma or injury to the area.

**ROS:**
- **Constitutional**: No fever, chills, or weight loss.
- **Neuro**: Mild HA, no dizziness, no LOC, and no visual disturbances.
- **Resp**: No SOB or cough.
- **CV**: No CP, no palpitations.
- **MSK**: Neck stiffness, moderate pain, limited ROM.

**2. Objective:**

**VS:**
- BP: 130/85 mmHg
- HR: 78 bpm
- RR: 16 bpm
- Temp: 98.6°F
- SpO2: 98% on RA

**PE:**

**Neck:**
- TTP noted.
- Limited ROM in all directions, particularly on lateral rotation.
- No deformity or swelling observed.

**Neuro Exam:**
- CNs intact.
- No sensory or motor deficits.
- Reflexes are normal and symmetric.

**3. Assessment:**

**1. Unspecified injury of neck.**

**Medical Reasoning:**
Based on the pt’s hx and PE findings, the neck pain is likely MSK in nature given the absence of neuro deficits and significant trauma. However, further imaging is warranted to r/o structural damage due to persistent symptoms.

**4. Plan:**

**Medical Tx:**
- Rx Ibuprofen 400 mg PO q6h PRN for pain, qty: 30 tabs, duration: 1 week.

**Additional Investigations:**
- Order C-spine X-ray to r/o any structural damage due to unresolved pain.

**Pt Education and Counseling:**
- Discussed the likely MSK origin of the pain and the importance of pain mgmt with NSAIDs.
- Advised on neck exercises and proper ergonomics while working on the computer to reduce strain.
- Instructed to avoid heavy lifting and any activities that may exacerbate the pain.

**F/U:**
- F/U in 1 week or sooner if symptoms worsen.
- Referral to ortho, Dr. Jane Smith, for further eval if there is no improvement in symptoms within 1 week.

**Pt Agreements:**
The pt understands and agrees with the recommended medical tx plan.
#####"|Emergency Medicine Physician|"[doctor] Hi there, how can I help you today?

[patient] Hi, Doctor. I've been having some neck pain and stiffness, and also a mild headache for the last two days.

[doctor] Sorry to hear that. Can you tell me a bit more about your symptoms?

[patient] Sure. The neck pain is moderate and constant. It's really affecting my daily activities, especially when I'm trying to turn my head or work on the computer.

[doctor] I see. And you mentioned a mild headache. Is that associated with the neck discomfort?

[patient] Yes, it seems to be. The headache isn't too bad, but it’s definitely there.

[doctor] Alright. Have you experienced any recent trauma or injury to your neck?

[patient] No, nothing like that.

[doctor] Hmm, okay. Let's go through a quick review of systems to make sure we don't miss anything. Have you had any fever, chills, or weight loss?

[patient] No, none of those.

[doctor] Any dizziness, loss of consciousness, or visual disturbances?

[patient] No, none of that either.

[doctor] How about shortness of breath or cough?

[patient] No, my breathing is fine.

[doctor] Any chest pain or palpitations?

[patient] No, my heart feels normal.

[doctor] How’s the pain in your neck? Is it affecting your range of motion?

[patient] Yes, it’s pretty stiff, and I have a hard time turning my head in any direction.

[doctor] Alright, let's check your vital signs. Your blood pressure is 130/85 mmHg, heart rate is 78 bpm, respiratory rate is 16 breaths per minute, temperature is 98.6°F, and your pulse oxygenation is 98% on room air. All of these look good. Now, let’s move on to the physical exam. Can you show me where it hurts on your neck?

[patient] It hurts mostly here, at the back and sides of my neck.

[doctor] Okay, I’ll gently palpate the area. Let me know if it’s too painful. Does this hurt?

[patient] Yes, it's tender.

[doctor] I see. There's tenderness on palpation, and your range of motion seems limited in all directions, especially on lateral rotation. But I don't see any deformity or swelling. Now, let's check your neurological exam. Can you follow my finger with your eyes?

[patient] Sure.

[doctor] Good. Your cranial nerves are intact. Now, can you feel this touch on both sides of your face?

[patient] Yes, I can feel it.

[doctor] Great. No sensory or motor deficits. Let's check your reflexes. They seem normal and symmetric. Based on what I see, your neck pain is likely musculoskeletal in nature since there are no neurological deficits and no significant trauma. However, I think it would be prudent to get a cervical spine X-ray to rule out any structural damage due to your persistent symptoms.

[patient] That makes sense. What should I do about the pain in the meantime?

[doctor] I’ll prescribe you Ibuprofen 400 mg. You can take one tablet every 6 hours as needed for pain, for a week. 

[patient] Okay, thank you.

[doctor] Along with the medication, I recommend some neck exercises and proper ergonomics while you work on the computer to reduce strain. Avoid heavy lifting and any activities that may worsen the pain.

[patient] Alright, I’ll do that.

[doctor] We’ll schedule a follow-up appointment in one week to see how you’re doing. If your symptoms worsen before then, please come in sooner. If there’s no improvement within a week, I’ll refer you to an orthopedic specialist, Dr. Jane Smith, for further evaluation.

[patient] Got it. Thanks, Doctor.

[doctor] You're welcome. Do you have any questions about the plan?

[patient] No, that covers everything.

[doctor] Great. Take care, and I’ll see you in a week.

[patient] Thank you, Doctor. Bye.

[doctor] Bye, take care."|"[doctor] Hi there, how can I help you today?

[patient] Hi, Doctor. I've been having some neck pain and stiffness, and also a mild headache for the last two days.

[doctor] Sorry to hear that. Can you tell me a bit more about your symptoms?

[patient] Sure. The neck pain is moderate and constant. It's really affecting my daily activities, especially when I'm trying to turn my head or work on the computer.

[doctor] I see. And you mentioned a mild headache. Is that associated with the neck discomfort?

[patient] Yes, it seems to be. The headache isn't too bad, but it’s definitely there.

[doctor] Alright. Have you experienced any recent trauma or injury to your neck?

[patient] No, nothing like that.

[doctor] Hmm, okay. Let's go through a quick review of systems to make sure we don't miss anything. Have you had any fever, chills, or weight loss?

[patient] No, none of those.

[doctor] Any dizziness, loss of consciousness, or visual disturbances?

[patient] No, none of that either.

[doctor] How about shortness of breath or cough?

[patient] No, my breathing is fine.

[doctor] Any chest pain or palpitations?

[patient] No, my heart feels normal.

[doctor] How’s the pain in your neck? Is it affecting your range of motion?

[patient] Yes, it’s pretty stiff, and I have a hard time turning my head in any direction.

[doctor] Alright, let's check your vital signs. Your blood pressure is 130/85 mmHg, heart rate is 78 bpm, respiratory rate is 16 breaths per minute, temperature is 98.6°F, and your pulse oxygenation is 98% on room air. All of these look good. Now, let’s move on to the physical exam. Can you show me where it hurts on your neck?

[patient] It hurts mostly here, at the back and sides of my neck.

[doctor] Okay, I’ll gently palpate the area. Let me know if it’s too painful. Does this hurt?

[patient] Yes, it's tender.

[doctor] I see. There's tenderness on palpation, and your range of motion seems limited in all directions, especially on lateral rotation. But I don't see any deformity or swelling. Now, let's check your neurological exam. Can you follow my finger with your eyes?

[patient] Sure.

[doctor] Good. Your cranial nerves are intact. Now, can you feel this touch on both sides of your face?

[patient] Yes, I can feel it.

[doctor] Great. No sensory or motor deficits. Let's check your reflexes. They seem normal and symmetric. Based on what I see, your neck pain is likely musculoskeletal in nature since there are no neurological deficits and no significant trauma. However, I think it would be prudent to get a cervical spine X-ray to rule out any structural damage due to your persistent symptoms.

[patient] That makes sense. What should I do about the pain in the meantime?

[doctor] I’ll prescribe you Ibuprofen 400 mg. You can take one tablet every 6 hours as needed for pain, for a week. 

[patient] Okay, thank you.

[doctor] Along with the medication, I recommend some neck exercises and proper ergonomics while you work on the computer to reduce strain. Avoid heavy lifting and any activities that may worsen the pain.

[patient] Alright, I’ll do that.

[doctor] We’ll schedule a follow-up appointment in one week to see how you’re doing. If your symptoms worsen before then, please come in sooner. If there’s no improvement within a week, I’ll refer you to an orthopedic specialist, Dr. Jane Smith, for further evaluation.

[patient] Got it. Thanks, Doctor.

[doctor] You're welcome. Do you have any questions about the plan?

[patient] No, that covers everything.

[doctor] Great. Take care, and I’ll see you in a week.

[patient] Thank you, Doctor. Bye.

[doctor] Bye, take care."
UNSPECIFIED INJURY OF NECK, INITIAL ENCOUNTER|"ROLE: Family Medicine Physician

**Medical Outcome:**
- Diagnosis: Unspecified injury of neck, initial encounter
- Prescribed treatment: Physical therapy referral, pain management with NSAIDs, and follow-up recommendations
- Medication: Ibuprofen 400 mg, orally, every 6-8 hours as needed for pain, quantity: 30 tablets
- Referral: Physical therapy, reason: rehabilitation of neck injury, referred to: Smith Physiotherapy Center, Dr. Elizabeth Smith

**Medical History:**
- Previous Diagnoses: History of migraines and occasional tension headaches
- Allergies: None reported
- Chronic Conditions: None reported

**Symptom Description:**
- Severity: Moderate to severe pain
- Duration: 2 days
- Associated Symptoms: Limited range of motion, stiffness, and occasional headaches
- Frequency: Constant pain with movement aggravating symptoms
- Impact on Daily Activities: Difficulty with daily tasks such as driving and working on a computer

**Patient’s self-reported habits and lifestyle:**
- Sleep: Reports disturbed sleep due to pain
- Diet: Balanced diet
- Exercise: Irregular, occasional walks
- Tobacco Use: Non-smoker
- Alcohol Consumption: Occasional social drinking
- Drug Use: Denies
- Recreational Activities: Enjoys reading and gardening

**Demographic Information:**
- Age: 32
- Gender: Female
- Ethnicity: Caucasian
- Socio-economic Status: Middle class
- Education Level: Bachelor’s degree
- Health Literacy: High
- Job Status: Office worker

**Patient's Behavior:**
- Cooperative with the medical advice

**Geographical Location:**
- Urban
- Affluent neighborhood
- Well-served by transit

**Clinical Setting:**
- Private Practice

**Type of Encounter:**
- Initial Consultation

**Treatment Disparities:**
- None

**Native or Non-Native English Speaking Patient:**
- Native English-speaking

**Physical exam:**
- Musculoskeletal: Palpation reveals tenderness in the cervical region, limited range of motion, no visible deformities

**Investigation/Test results:**
- Awaiting cervical spine X-ray to rule out fractures or dislocations 

X-ray modality: Cervical Spine

Location: Local Imaging Center"|Rejected|Rejected|Rejected|Rejected||
UNSPECIFIED INJURY OF NECK, INITIAL ENCOUNTER|"ROLE: Emergency Medicine Physician

DEMOGRAPHIC INFORMATION
- Age: 32
- Gender: Male
- Ethnicity: Caucasian
- Socio-economic Status: Middle class
- Education Level: College graduate
- Health Literacy: High
- Job Status: Office worker

CLINICAL SETTING
- Emergency Department

TYPE OF ENCOUNTER
- Initial Consultation

MEDICAL HISTORY
- Previous Diagnoses: None
- Family Medical History: Father has hypertension, mother has type 2 diabetes
- Medication History: None
- Allergies: None
- Chronic Conditions: None

SYMPTOM DESCRIPTION
- Severity: Moderate to severe pain
- Duration: Started an hour ago 
- Associated Symptoms: Stiffness, reduced range of motion, slight headache
- Frequency: Continuous since onset
- Impact on Daily Activities: Unable to perform usual tasks, difficulty speaking

PATIENT’S SELF-REPORTED HABITS AND LIFESTYLE
- Sleep: 6-7 hours per night, good quality
- Diet: Balanced diet, includes fruits and vegetables
- Exercise: Regular, 3 times a week
- Tobacco Use: None
- Alcohol Consumption: Social drinker, weekends
- Drug Use: None
- Recreational Activities: Recreational basketball player

PATIENT'S BEHAVIOR
- Cooperating well with medical advice, visibly anxious due to pain

GEOGRAPHICAL LOCATION
- Big City
- Urban
- Well-served by transit, affluent neighborhood

PHYSICAL EXAMS
- Neurological: Alert and oriented x3, cranial nerves grossly intact
- Musculoskeletal: Tenderness in the cervical spine, limited range of motion
- Cardiovascular: Regular rate and rhythm, no murmurs
- Respiratory: Lungs clear to auscultation bilaterally

INVESTIGATION/TEST RESULTS
- NA (Awaiting imaging results)

MEDICAL OUTCOME
- Diagnosis: Unspecified injury of neck (ICD-10 Code: S19.9XXA)
- Prescribed Treatment: Ibuprofen 600 mg oral tablets every 6 hours as needed for pain, maximum 10 days 
- Follow-up Recommendations: Follow-up in one week with primary care physician
- Referral to Specialists: N/A
- Referral to Further Tests or Imaging: Cervical spine X-ray to rule out fractures or significant injury
- Medication Adjustment: N/A
- Lifestyle Change: N/A

INSTRUCTIONS
- Patient should rest and avoid any strenuous activities
- Use ice packs on the neck for 20 minutes several times a day for the next 48 hours
- Patient to follow up with primary care physician in one week for reassessment"|Rejected|Rejected|Rejected|Rejected||
UNSPECIFIED INJURY OF NECK, INITIAL ENCOUNTER|"ROLE: Family Medicine Physician

DEMOGRAPHIC INFORMATION
- Age: 45
- Gender: Female
- Ethnicity: African American
- Socio-economic Status: Lower-middle class
- Education Level: High school graduate
- Health Literacy: Moderate
- Job Status: Factory worker

CLINICAL SETTING
- Primary Care Clinic

TYPE OF ENCOUNTER
- Follow-up consultation

MEDICAL HISTORY
- Previous Diagnoses: Hypertension
- Family Medical History: Mother had cervical spondylitis, father had hypertension
- Medication History: Currently on Lisinopril 10 mg daily for hypertension
- Allergies: Allergic to penicillin
- Chronic Conditions: Hypertension

SYMPTOM DESCRIPTION
- Severity: Mild to moderate pain
- Duration: Persistent for 3 weeks since an initial minor incident 
- Associated Symptoms: Occasional numbness in the right arm, slight dizziness
- Frequency: Intermittent but frequent
- Impact on Daily Activities: Difficulty in certain neck movements affecting work performance

PATIENT’S SELF-REPORTED HABITS AND LIFESTYLE
- Sleep: Generally 6 hours per night, disturbed sleep due to neck pain
- Diet: Basic but imbalanced diet, high in carbohydrates
- Exercise: Rarely exercises due to workload
- Tobacco Use: Occasionally smokes, about 5 cigarettes per week
- Alcohol Consumption: None
- Drug Use: None
- Recreational Activities: Watches TV

PATIENT'S BEHAVIOR
- Cooperative with medical advice, but expressed frustration due to prolonged discomfort

GEOGRAPHICAL LOCATION
- Small City
- Urban
- Well-served by transit, average neighborhood, low pollution

PHYSICAL EXAMS
- Neurological: Patient is alert and oriented x3, cranial nerves II-XII intact
- Musculoskeletal: Mild tenderness on palpation of the cervical spine, limited range of motion, negative Spurling test
- Cardiovascular: Blood pressure 140/85 mmHg, regular rate and rhythm, no murmurs
- Respiratory: Lungs clear to auscultation bilaterally

INVESTIGATION/TEST RESULTS
- Awaiting lab results for routine blood work (complete blood count, erythrocyte sedimentation rate)

MEDICAL OUTCOME
- Diagnosis: Unspecified injury of neck (ICD-10 Code: S19.9XXA)
- Prescribed Treatment: Acetaminophen 500 mg oral tablets every 6 hours as needed for pain, maximum 2 weeks
- Follow-up Recommendations: Return visit in two weeks to reassess pain and functionality
- Referral to Specialists: Referral to a physical therapist, Dr. Karen Mitchell, for evaluation and therapeutic exercises to improve neck mobility
- Referral to Further Tests or Imaging: Cervical spine MRI if symptoms persist beyond two weeks
- Medication Adjustment: Adjustment to Lisinopril dosage if blood pressure readings remain high in the next visit
- Lifestyle Change: Advised to incorporate gentle neck exercises and stretches, encouraged smoking cessation

INSTRUCTIONS
- Patient advised to rest the neck as much as possible, avoid lifting heavy objects
- Apply a warm compress to the neck for 20 minutes twice daily
- Educated about proper posture both at work and home to avoid further strain."|Rejected|Rejected|Rejected|Rejected||
UNSPECIFIED INJURY OF NECK, INITIAL ENCOUNTER|"ROLE: Urgent Care Physician

DEMOGRAPHIC INFORMATION
- Age: 28
- Gender: Male
- Ethnicity: Hispanic
- Socio-economic Status: Middle class
- Education Level: Some college
- Health Literacy: Low
- Job Status: Construction worker

CLINICAL SETTING
- Urgent Care Center

TYPE OF ENCOUNTER
- Initial Consultation

MEDICAL HISTORY
- Previous Diagnoses: None
- Family Medical History: Mother has asthma, father is healthy
- Medication History: Over-the-counter pain relievers occasionally
- Allergies: None
- Chronic Conditions: None

SYMPTOM DESCRIPTION
- Severity: Severe pain
- Duration: 2 days since a fall from a ladder at work
- Associated Symptoms: Difficulty swallowing, headache, and dizziness
- Frequency: Continuous
- Impact on Daily Activities: Unable to work or perform self-care activities effectively

PATIENT’S SELF-REPORTED HABITS AND LIFESTYLE
- Sleep: 4-5 hours per night, poor quality due to pain
- Diet: Mostly fast food due to long working hours
- Exercise: Occasional, mostly heavy lifting at work
- Tobacco Use: Smokes half a pack per day
- Alcohol Consumption: Drinks socially on weekends
- Drug Use: None
- Recreational Activities: Plays soccer occasionally

PATIENT'S BEHAVIOR
- Cooperative but very anxious about the injury and potential impact on his ability to work

GEOGRAPHICAL LOCATION
- Suburban
- Located in a moderately-polluted area

PHYSICAL EXAMS
- Neurological: Alert and oriented x3, mild dizziness noted 
- Musculoskeletal: Severe tenderness and swelling over the cervical spine, limited range of motion, muscle spasm present
- Cardiovascular: Blood pressure 130/80 mmHg, regular rate and rhythm
- Respiratory: Moderate difficulty swallowing, clear lungs on auscultation

INVESTIGATION/TEST RESULTS
- Awaiting results for a cervical spine X-ray and MRI to rule out fractures and ligament injury

MEDICAL OUTCOME
- Diagnosis: Unspecified injury of neck (ICD-10 Code: S19.9XXA)
- Prescribed Treatment: 
  - Ibuprofen 800 mg oral tablets every 8 hours as needed for 7 days
  - Cyclobenzaprine 10 mg oral tablets every 12 hours as needed for muscle spasm, maximum 10 tablets
- Follow-up Recommendations: 
  - Follow-up in one week with primary care physician or orthopedic specialist
- Referral to Specialists: Referral to Dr. Robert Smith, Orthopedic Specialist, for further evaluation and management
- Referral to Further Tests or Imaging: 
  - Cervical spine X-ray and MRI to be performed immediately
- Medication Adjustment: N/A
- Lifestyle Change: 
  - Advised to avoid heavy lifting and strenuous activities
  - Encouraged to stop smoking and provided information on smoking cessation programs

INSTRUCTIONS
- Rest the neck, apply ice packs for 20 minutes every 3-4 hours for the next 48 hours
- Use a neck brace to support the neck and reduce movement
- Contact urgent care or visit ER if symptoms worsen or new symptoms appear."|Rejected|Rejected|Rejected|Rejected||
UNSPECIFIED INJURY OF NECK, INITIAL ENCOUNTER|"ROLE: Emergency Medicine Physician

1) Medical Outcome:
   - Diagnosis: Unspecified Injury of Neck (ICD-10: S19.90XA)
   - Medical Treatment: Prescription for ibuprofen 400 mg orally every 8 hours as needed for pain, 20 tablets.
   - Follow-up Recommendations: Follow-up appointment in 1 week with primary care physician.
   - Referral: Referral to Physical Therapy for evaluation and treatment, Dr. Jane Smith, PT.
   - Imaging: Order for cervical spine X-ray to rule out fracture or dislocation.

2) Medical History:
   - Previous Diagnoses: None reported
   - Family Medical History: Father with hypertension, mother with osteoarthritis.
   - Medication History: Over-the-counter multivitamins and occasional acetaminophen.
   - Allergies: NKDA (No known drug allergies)
   - Chronic Conditions: None reported

3) Symptom Description:
   - Severity: Moderate
   - Duration: Started 2 hours ago
   - Associated Symptoms: Mild headache, dizziness
   - Frequency: Continuous since onset
   - Impact on Daily Activities: Difficulty turning head, affecting ability to drive

4) Patient’s self-reported habits and lifestyle:
   - Sleep: 7-8 hours per night
   - Diet: Balanced diet
   - Exercise: Regular exercise, 3-4 times a week
   - Tobacco Use: None
   - Alcohol Consumption: Social drinking, 1-2 times per month
   - Drug Use: None
   - Recreational Activities: Enjoys hiking and biking

5) Demographic Information:
   - Age: 34
   - Gender: Female
   - Ethnicity: Caucasian
   - Socio-economic Status: Middle-class
   - Education Level: Bachelor's Degree
   - Health Literacy: High
   - Job Status: Employed as a software engineer

6) Patient's Behavior:
   - Cooperative and follows medical advice consistently

7) Geographical Location:
   - Urban area
   - Well-served by transit
   - Middle-income neighborhood with access to healthcare facilities

8) Clinical Setting:
   - Emergency Department

9) Type of Encounter:
   - Initial Consultation

10) Treatment Disparities:
   - None identified

11) Native or Non-Native English Speaking Patient:
   - Native English speaker

12) Physical exams:
   - Inspection: Mild swelling and tenderness in the cervical region
   - Range of Motion: Restricted range of motion in the neck
   - Neurological: No focal neurological deficits

13) Investigation/Test results:
   - Cervical spine X-ray pending"|Rejected|Rejected|Rejected|Rejected||
