Disease Description|Scenario|Note|Polished Note|Abbreviated Note|Role|dial|polished_dial
LONG TERM (CURRENT) USE OF ASPIRIN|"ROLE: Family Medicine Physician

** SCENARIO DETAILS: **
** 1) Medical Outcome: **
- Continue current aspirin therapy.
- Prescribed treatment: Review and counsel on potential side effects and safety of long-term use.
- Follow-up recommendations: Regular follow-ups every 6 months for monitoring.
- Blood work: Order for complete blood count (CBC) and liver function tests to monitor potential side effects.

** 2) Medical History: **
- Previous Diagnoses: Hypertension.
- Family Medical History: Father had a history of myocardial infarction; mother has a history of hypertension.
- Medication History: Chronic use of aspirin (81 mg daily) for 5 years.
- Allergies: NKDA (No known drug allergies).
- Chronic Conditions: Hypertension, hyperlipidemia.

** 3) Symptom Description: **
- NA (No new symptoms reported).

** 4) Patient’s Self-Reported Habits and Lifestyle: **
- Sleep: Averaging 6-7 hours per night.
- Diet: Balanced diet with a focus on low sodium intake.
- Exercise: Walks 30 minutes daily.
- Tobacco Use: Quit smoking 10 years ago.
- Alcohol Consumption: Consumes alcohol occasionally, 1-2 drinks per week.
- Drug Use: Denies any illicit drug use.

** 5) Demographic Information: **
- Age: 58 years
- Gender: Male
- Ethnicity: Caucasian
- Socio-economic Status: Middle class
- Education Level: College graduate
- Health Literacy: High
- Job Status: Retired accountant

** 6) Patient's Behavior: **
- Highly cooperative with medical advice and compliant with medication regimen.

** 7) Geographical Location: **
- Urban
- Pollution and Environmental Health Risks: Moderate air pollution.
- Neighborhood Type: Affluent.
- Well-served by Transit: Yes.
- Food Desert: No.

** 8) Clinical Setting: **
- Private Practice.

** 9) Type of Encounter: **
- Follow-up.

** 10) Treatment Disparities: **
- NA (Not applicable).

** 11) Native or Non-Native English Speaking Patient: **
- Native English-speaking patient.

** 12) Physical exams: **
- Cardiovascular: HR 70 bpm, regular rhythm, no murmurs or gallops, BP 130/85 mmHg.
- Abdomen: Non-tender, no hepatosplenomegaly.

** 13) Investigation/Test results: **
- NA (Blood work to be ordered at this visit)."|"### Subjective

#### Chief Complaint (CC)
Follow-up visit for ongoing management of hypertension and hyperlipidemia.

#### History of Present Illness (HPI)
The patient, a 58-year-old Caucasian male, returns for a follow-up appointment. He has no new symptoms to report and is here to continue his current aspirin therapy, review potential side effects, and undergo routine monitoring. He has been taking aspirin 81 mg daily for the past 5 years as part of his management plan for hypertension and hyperlipidemia. The patient reports good adherence to his medication regimen and has no issues with compliance.

#### Review of Systems (ROS)
- **Constitutional:** Denies fever, chills, or weight changes.
- **Cardiovascular:** Denies chest pain, palpitations, or dyspnea.
- **Respiratory:** Denies cough or shortness of breath.
- **Gastrointestinal:** Denies nausea, vomiting, or abdominal pain.
- **Genitourinary:** Denies dysuria or hematuria.
- **Musculoskeletal:** Reports no joint pain or muscle aches.
- **Neurological:** Denies headache or dizziness.
- **Dermatological:** No new rashes or lesions.

### Objective

#### Vital Signs
- Blood Pressure: 130/85 mmHg
- Heart Rate: 70 bpm, regular
- Respiratory Rate: 16 breaths/min
- Temperature: 98.6°F

#### Physical Exam
- **Cardiovascular:** Heart sounds are normal with no murmurs, gallops, or rubs. Regular rhythm.
- **Abdomen:** Non-tender, no hepatosplenomegaly. Normal bowel sounds.
- **Respiratory:** Clear to auscultation bilaterally, no wheezes or crackles.
- **Extremities:** No edema, pulses are 2+ and symmetric.

### Assessment
1. **Hypertension** - Well-controlled on current regimen.
2. **Hyperlipidemia** - Stable.
3. **Chronic aspirin therapy** - Monitoring for potential side effects such as gastrointestinal bleeding or liver dysfunction.

### Plan
1. **Continue Current Therapy:**
   - The patient should continue taking aspirin 81 mg daily.

2. **Review and Counseling:**
   - Discussed the potential side effects of long-term aspirin use, including gastrointestinal bleeding and liver function impairment. Emphasized the importance of reporting any unusual symptoms immediately.

3. **Follow-Up:**
   - Regular follow-up visits every 6 months to monitor the patient’s condition and response to ongoing therapy.

4. **Laboratory Work:**
   - Order Complete Blood Count (CBC) and Liver Function Tests (LFTs) to monitor for potential side effects from chronic aspirin use.

5. **Lifestyle Recommendations:**
   - Continue with the current balanced diet focusing on low sodium intake.
   - Maintain regular physical activity, such as walking 30 minutes daily.
   - Limit alcohol consumption to no more than 1-2 drinks per week.

6. **Additional Instructions:**
   - Reiterate the importance of medication adherence and keeping all follow-up appointments.

The patient was cooperative and understood the management plan. He agreed to the follow-up schedule and lab tests. No immediate concerns were noted during this visit.

The patient will be contacted with lab results and any necessary adjustments to his management plan will be discussed at the next follow-up appointment."|"### Subjective

#### Chief Complaint (CC)
Follow-up visit for ongoing management of hypertension and hyperlipidemia.

#### History of Present Illness (HPI)
The patient, Mr. John Smith, a 58-year-old Caucasian male, returns for a follow-up appointment. He has no new symptoms to report and is here to continue his current aspirin therapy, review potential side effects, and undergo routine monitoring. He has been taking aspirin 81 mg daily for the past 5 years as part of his management plan for hypertension and hyperlipidemia. The patient reports good adherence to his medication regimen and has no issues with compliance.

#### Review of Systems (ROS)
- **Constitutional:** Denies fever, chills, or weight changes.
- **Cardiovascular:** Denies chest pain, palpitations, or dyspnea.
- **Respiratory:** Denies cough or shortness of breath.
- **Gastrointestinal:** Denies nausea, vomiting, or abdominal pain.
- **Genitourinary:** Denies dysuria or hematuria.
- **Musculoskeletal:** Reports no joint pain or muscle aches.
- **Neurological:** Denies headache or dizziness.
- **Dermatological:** No new rashes or lesions.

### Objective

#### Vital Signs
- Blood Pressure: 130/85 mmHg
- Heart Rate: 70 bpm, regular
- Respiratory Rate: 16 breaths/min
- Temperature: 98.6°F

#### Physical Exam
- **Cardiovascular:** Heart sounds are normal with no murmurs, gallops, or rubs. Regular rhythm.
- **Abdomen:** Non-tender, no hepatosplenomegaly. Normal bowel sounds.
- **Respiratory:** Clear to auscultation bilaterally, no wheezes or crackles.
- **Extremities:** No edema, pulses are 2+ and symmetric.

### Assessment
1. **Hypertension** - Well-controlled on current regimen.
2. **Hyperlipidemia** - Stable.
3. **Chronic aspirin therapy** - Monitoring for potential side effects such as gastrointestinal bleeding or liver dysfunction.

### Plan
1. **Continue Current Therapy:**
   - The patient should continue taking aspirin 81 mg daily.

2. **Review and Counseling:**
   - Discussed the potential side effects of long-term aspirin use, including gastrointestinal bleeding and liver function impairment. Emphasized the importance of reporting any unusual symptoms immediately.

3. **Follow-Up:**
   - Regular follow-up visits every 6 months to monitor the patient’s condition and response to ongoing therapy.

4. **Laboratory Work:**
   - Order Complete Blood Count (CBC) and Liver Function Tests (LFTs) to monitor for potential side effects from chronic aspirin use.

5. **Lifestyle Recommendations:**
   - Continue with the current balanced diet focusing on low sodium intake.
   - Maintain regular physical activity, such as walking 30 minutes daily.
   - Limit alcohol consumption to no more than 1-2 drinks per week.

6. **Additional Instructions:**
   - Reiterate the importance of medication adherence and keeping all follow-up appointments.

The patient was cooperative and understood the management plan. He agreed to the follow-up schedule and lab tests. No immediate concerns were noted during this visit.

The patient will be contacted with lab results and any necessary adjustments to his management plan will be discussed at the next follow-up appointment."|"### Subjective

#### CC
F/U visit for ongoing mgmt of HTN and HLD.

#### HPI
The pt, Mr. John Smith, a 58 y/o Caucasian male, returns for a F/U appt. He has no new sx to report and is here to continue his current ASA therapy, review potential SEs, and undergo routine monitoring. He has been taking ASA 81 mg daily for the past 5 yrs as part of his mgmt plan for HTN and HLD. The pt reports good adherence to his med regimen and has no issues with compliance.

#### ROS
- **Constitutional:** Denies fever, chills, or wt changes.
- **CV:** Denies CP, palpitations, or dyspnea.
- **Resp:** Denies cough or SOB.
- **GI:** Denies N/V or abd pain.
- **GU:** Denies dysuria or hematuria.
- **MSK:** Reports no joint pain or muscle aches.
- **Neuro:** Denies HA or dizziness.
- **Derm:** No new rashes or lesions.

### Objective

#### Vitals
- BP: 130/85 mmHg
- HR: 70 bpm, regular
- RR: 16 breaths/min
- Temp: 98.6°F

#### PE
- **CV:** Heart sounds are normal with no murmurs, gallops, or rubs. Regular rhythm.
- **Abd:** Non-tender, no HSM. Normal BS.
- **Resp:** Clear to auscultation bilaterally, no wheezes or crackles.
- **Ext:** No edema, pulses are 2+ and symmetric.

### Assessment
1. **HTN** - Well-controlled on current regimen.
2. **HLD** - Stable.
3. **Chronic ASA therapy** - Monitoring for potential SEs such as GI bleeding or liver dysfunction.

### Plan
1. **Continue Current Therapy:**
   - The pt should continue taking ASA 81 mg daily.

2. **Review and Counseling:**
   - Discussed the potential SEs of long-term ASA use, including GI bleeding and liver function impairment. Emphasized the importance of reporting any unusual sx immediately.

3. **F/U:**
   - Regular F/U visits every 6 mos to monitor the pt’s condition and response to ongoing therapy.

4. **Labs:**
   - Order CBC and LFTs to monitor for potential SEs from chronic ASA use.

5. **Lifestyle Recommendations:**
   - Continue with the current balanced diet focusing on low Na intake.
   - Maintain regular physical activity, such as walking 30 mins daily.
   - Limit EtOH consumption to no more than 1-2 drinks per week.

6. **Additional Instructions:**
   - Reiterate the importance of med adherence and keeping all F/U appts.

The pt was cooperative and understood the mgmt plan. He agreed to the F/U schedule and labs. No immediate concerns were noted during this visit.

The pt will be contacted with lab results and any necessary adjustments to his mgmt plan will be discussed at the next F/U appt."|Family Medicine Physician|"[doctor] Hi, how are you today?

[patient] Hello, doctor. I'm doing well, thank you.

[doctor] Great to hear. What brings you in today?

[patient] I'm here for my follow-up appointment. Just continuing my management for hypertension and hyperlipidemia.

[doctor] Excellent. Are you experiencing any new symptoms?

[patient] No, I haven't noticed anything new.

[doctor] Okay. Let's review your current medications. You're still taking aspirin 81 mg daily, correct?

[patient] Yes, I've been taking it every day for the past five years.

[doctor] Good. Any issues with taking it or any side effects?

[patient] No, I've been pretty good with taking it regularly, and I haven't had any problems.

[doctor] That's great to hear. Let's go through some routine checks. Have you had any fever or chills recently?

[patient] No, none at all.

[doctor] Any weight changes?

[patient] No, my weight has been stable.

[doctor] How about chest pain or palpitations?

[patient] No chest pain or palpitations.

[doctor] Any shortness of breath?

[patient] No, I haven't had any trouble breathing.

[doctor] Any cough?

[patient] No cough.

[doctor] How about gastrointestinal symptoms like nausea, vomiting, or abdominal pain?

[patient] No, my stomach has been fine.

[doctor] Any issues with urination, like dysuria or hematuria?

[patient] No, everything's normal in that regard.

[doctor] Any joint pain or muscle aches?

[patient] No, no joint pain or muscle aches.

[doctor] Have you experienced any headaches or dizziness?

[patient] No, none at all.

[doctor] Any new rashes or skin lesions?

[patient] No, my skin's been clear.

[doctor] Wonderful. Let’s check your vital signs now. Your blood pressure is 130/85 mmHg, and your heart rate is 70 beats per minute, regular.

[patient] That sounds good.

[doctor] Your respiratory rate is 16 breaths per minute, and your temperature is 98.6°F. Everything looks normal.

[patient] That's a relief.

[doctor] Let me listen to your heart and lungs. [Doctor listens.] Your heart sounds are normal with no murmurs, gallops, or rubs. Your lungs are clear to auscultation bilaterally, no wheezes or crackles.

[patient] Great to hear.

[doctor] Now I’ll check your abdomen. [Doctor examines.] Your abdomen is non-tender, no hepatosplenomegaly, and bowel sounds are normal.

[patient] Good.

[doctor] And checking your extremities, I see no edema, and your pulses are 2+ and symmetric.

[patient] That's reassuring.

[doctor] Based on our review and the exam, your hypertension and hyperlipidemia are well-controlled on your current regimen.

[patient] Excellent.

[doctor] We need to continue monitoring for potential side effects from your aspirin therapy, such as gastrointestinal bleeding or liver dysfunction.

[patient] I understand.

[doctor] We’ll order some lab tests, specifically a Complete Blood Count (CBC) and Liver Function Tests (LFTs), to keep an eye on those potential side effects.

[patient] Okay, that makes sense.

[doctor] I also want to discuss the potential side effects of long-term aspirin use with you, including gastrointestinal bleeding and liver function impairment. It’s important to report any unusual symptoms immediately.

[patient] I will definitely keep that in mind.

[doctor] Continue taking the aspirin 81 mg daily, and maintain your current balanced diet with low sodium intake.

[patient] Sure, I've been sticking to that.

[doctor] Keep up with regular physical activity, like walking 30 minutes daily.

[patient] Yes, I've been doing that too.

[doctor] And limit alcohol consumption to no more than 1-2 drinks per week.

[patient] Got it. I’ll be careful with that.

[doctor] We’ll have regular follow-up visits every 6 months to monitor your condition and response to ongoing therapy.

[patient] Sounds good.

[doctor] Reiterate the importance of medication adherence and keeping all follow-up appointments.

[patient] Absolutely.

[doctor] Do you have any questions or concerns?

[patient] No, I think we've covered everything.

[doctor] Excellent. You’ve been very cooperative and seem to understand the management plan well. We’ll contact you with lab results and discuss any necessary adjustments at your next follow-up appointment.

[patient] Thank you, doctor.

[doctor] Thank you. Take care and see you at your next visit.

[patient] Will do. Thanks again."|"[doctor] Hi, how are you today?

[patient] Hello, doctor. I'm doing well, thank you.

[doctor] Great to hear. What brings you in today?

[patient] I'm here for my follow-up appointment. Just continuing my management for hypertension and hyperlipidemia.

[doctor] Excellent. Are you experiencing any new symptoms?

[patient] No, I haven't noticed anything new.

[doctor] Okay. Let's review your current medications. You're still taking aspirin 81 mg daily, correct?

[patient] Yes, I've been taking it every day for the past five years.

[doctor] Good. Any issues with taking it or any side effects?

[patient] No, I've been pretty good with taking it regularly, and I haven't had any problems.

[doctor] That's great to hear. Let's go through some routine checks. Have you had any fever or chills recently?

[patient] No, none at all.

[doctor] Any weight changes?

[patient] No, my weight has been stable.

[doctor] How about chest pain or palpitations?

[patient] No chest pain or palpitations.

[doctor] Any shortness of breath?

[patient] No, I haven't had any trouble breathing.

[doctor] Any cough?

[patient] No cough.

[doctor] How about gastrointestinal symptoms like nausea, vomiting, or abdominal pain?

[patient] No, my stomach has been fine.

[doctor] Any issues with urination, like dysuria or hematuria?

[patient] No, everything's normal in that regard.

[doctor] Any joint pain or muscle aches?

[patient] No, no joint pain or muscle aches.

[doctor] Have you experienced any headaches or dizziness?

[patient] No, none at all.

[doctor] Any new rashes or skin lesions?

[patient] No, my skin's been clear.

[doctor] Wonderful. Let’s check your vital signs now. Your blood pressure is 130/85 mmHg, and your heart rate is 70 beats per minute, regular.

[patient] That sounds good.

[doctor] Your respiratory rate is 16 breaths per minute, and your temperature is 98.6°F. Everything looks normal.

[patient] That's a relief.

[doctor] Let me listen to your heart and lungs. [Doctor listens.] Your heart sounds are normal with no murmurs, gallops, or rubs. Your lungs are clear to auscultation bilaterally, no wheezes or crackles.

[patient] Great to hear.

[doctor] Now I’ll check your abdomen. [Doctor examines.] Your abdomen is non-tender, no hepatosplenomegaly, and bowel sounds are normal.

[patient] Good.

[doctor] And checking your extremities, I see no edema, and your pulses are 2+ and symmetric.

[patient] That's reassuring.

[doctor] Based on our review and the exam, your hypertension and hyperlipidemia are well-controlled on your current regimen.

[patient] Excellent.

[doctor] We need to continue monitoring for potential side effects from your aspirin therapy, such as gastrointestinal bleeding or liver dysfunction.

[patient] I understand.

[doctor] We’ll order some lab tests, specifically a Complete Blood Count (CBC) and Liver Function Tests (LFTs), to keep an eye on those potential side effects.

[patient] Okay, that makes sense.

[doctor] I also want to discuss the potential side effects of long-term aspirin use with you, including gastrointestinal bleeding and liver function impairment. It’s important to report any unusual symptoms immediately.

[patient] I will definitely keep that in mind.

[doctor] Continue taking the aspirin 81 mg daily, and maintain your current balanced diet with low sodium intake.

[patient] Sure, I've been sticking to that.

[doctor] Keep up with regular physical activity, like walking 30 minutes daily.

[patient] Yes, I've been doing that too.

[doctor] And limit alcohol consumption to no more than 1-2 drinks per week.

[patient] Got it. I’ll be careful with that.

[doctor] We’ll have regular follow-up visits every 6 months to monitor your condition and response to ongoing therapy.

[patient] Sounds good.

[doctor] Reiterate the importance of medication adherence and keeping all follow-up appointments.

[patient] Absolutely.

[doctor] Do you have any questions or concerns?

[patient] No, I think we've covered everything.

[doctor] Excellent. You’ve been very cooperative and seem to understand the management plan well. We’ll contact you with lab results and discuss any necessary adjustments at your next follow-up appointment.

[patient] Thank you, doctor.

[doctor] Thank you. Take care and see you at your next visit.

[patient] Will do. Thanks again."
LONG TERM (CURRENT) USE OF ASPIRIN|"ROLE: Family Medicine Physician

- **Medical Outcome:**
  - Diagnosis: Long term (current) use of aspirin (ICD-10: Z79.82)
  - Prescribed Treatment: Continue current regimen of aspirin. Recommend concurrent use of omeprazole 20 mg once daily to prevent gastrointestinal irritation (30 tablets, oral route)
  - Follow-up Recommendations: Follow-up in 1 month to assess tolerance and efficacy of the added medication.
  - Referral to Specialists: Referral to an ophthalmologist (Dr. Alice Johnson) for an eye examination due to the potential risk of aspirin-related macular degeneration.
  - Medication Adjustment: Continue aspirin, add omeprazole as stated above.
  - Lifestyle Change: Encourage smoking cessation through a structured smoking cessation program, suggest dietary changes to reduce sodium intake, and promote moderate exercise.

- **Medical History:**
  - Previous Diagnoses: Gastroesophageal reflux disease (GERD) diagnosed 3 years ago.
  - Medication History: Currently taking 81 mg aspirin daily, metformin 1000 mg twice daily, and lisinopril 10 mg daily.
  - Allergies: Allergic to sulfa drugs.
  - Chronic Conditions: Hypertension and type 2 diabetes, both moderately controlled.

- **Symptom Description:**
  - Severity: Mild discomfort reported.
  - Duration: N/A.
  - Associated Symptoms: Mild epigastric discomfort occasionally.
  - Frequency: Several times per week.
  - Impact on Daily Activities: Mild impact, manages with dietary adjustments.

- **Patient’s Self-Reported Habits and Lifestyle:**
  - Sleep: 6-7 hours per night, occasionally wakes up due to acid reflux.
  - Diet: High in fast foods and sugary snacks.
  - Exercise: Rarely exercises, mostly sedentary lifestyle.
  - Tobacco Use: Smokes one pack of cigarettes per day for the past 30 years.
  - Alcohol Consumption: Rarely drinks alcohol.
  - Drug Use: Denies any non-prescribed drug use.
  - Recreational Activities: Limited, mostly watches TV.

- **Demographic Information:**
  - Age: 55
  - Gender: Male
  - Ethnicity: Hispanic
  - Socio-economic Status: Lower-middle class
  - Education Level: High school diploma
  - Health Literacy: Low
  - Job Status: Works as a construction worker

- **Patient's Behavior:**
  - Low cooperation with medical advice; frequently misses appointments and medication doses.

- **Geographical Location:**
  - Rural setting.
  - Limited access to healthcare facilities, nearest hospital is 30 miles away.
  - Neighborhood: Impoverished area with minimal public services.

- **Clinical Setting:**
  - Community Health Clinic.

- **Type of Encounter:**
  - Initial Consultation for Medication Management.

- **Treatment Disparities:**
  - Patient faces financial constraints limiting access to advanced treatments and specialty care.

- **Native or Non-Native English Speaking Patient:**
  - Non-Native English Speaker; primary language is Spanish.

- **Physical Exams:**
  - General exam: Overweight with a BMI of 29.
  - Abdominal examination: Mild epigastric tenderness, no masses or organomegaly.
  - Blood pressure: 150/92.

- **Investigation/Test Results:**
  - Recent blood tests: Hemoglobin A1c 8.2%, fasting glucose 140 mg/dL.
  - Comprehensive Metabolic Panel: Elevated liver enzymes, ALT 55 U/L, AST 48 U/L.
  - Lipid Panel: Total cholesterol 210 mg/dL, LDL 120 mg/dL, HDL 35 mg/dL, Triglycerides 145 mg/dL.
  - Awaiting results of a scheduled abdominal ultrasound to rule out any liver abnormalities."|"**1. Subjective:**

**Chief Complaint (CC):** 
- Long-term use of aspirin and recent mild epigastric discomfort.

**History of Present Illness (HPI):**
- A 55-year-old Hispanic male presents for an initial consultation for medication management. He has a history of hypertension, type 2 diabetes, and GERD. Recently, he has been experiencing mild epigastric discomfort several times per week, which he manages with dietary adjustments. He denies any new or worsening symptoms.

**Review of Systems (ROS):**
- **Constitutional:** Reports mild fatigue, overweight with a BMI of 29.
- **Gastrointestinal:** Mild epigastric discomfort noted, no nausea, vomiting, or changes in bowel habits.
- **Cardiovascular:** No chest pain, palpitations, or edema.
- **Respiratory:** No shortness of breath or cough.
- **Endocrine:** History of type 2 diabetes, current HbA1c is 8.2%.
- **Musculoskeletal:** No joint pain or swelling.
- **Neurological:** No headaches, dizziness, or changes in vision.
- **Psychiatric:** Reports low mood occasionally, likely related to chronic disease management and socioeconomic stressors.

**2. Objective:**

**Vital Signs:**
- Blood Pressure: 150/92 mmHg
- Heart Rate: 78 bpm
- Respiratory Rate: 16 breaths/min
- Temperature: 98.4°F
- BMI: 29 kg/m²

**Physical Examination:**

**General:**
- Overweight male in no acute distress.

**Abdomen:**
- Mild epigastric tenderness on palpation. No masses or organomegaly.

**Cardiovascular:**
- Regular rate and rhythm, no murmurs, gallops, or rubs.

**Respiratory:**
- Clear to auscultation bilaterally, no wheezes, rales, or rhonchi.

**Extremities:**
- No edema, normal capillary refill.

**Labs:**
- Hemoglobin A1c: 8.2%
- Fasting glucose: 140 mg/dL
- Comprehensive Metabolic Panel: ALT 55 U/L, AST 48 U/L
- Lipid Panel: Total cholesterol 210 mg/dL, LDL 120 mg/dL, HDL 35 mg/dL, Triglycerides 145 mg/dL

**3. Assessment:**

**Primary Diagnosis:**
- Long-term use of aspirin (ICD-10: Z79.82)

**Secondary Diagnoses:**
- Type 2 diabetes, moderately controlled
- Hypertension, poorly controlled
- Gastroesophageal reflux disease (GERD)
- Hyperlipidemia
- Overweight

**4. Plan:**

**Medication Management:**
- Continue current aspirin 81 mg daily.
- Add omeprazole 20 mg once daily to prevent gastrointestinal irritation (30 tablets, oral route).

**Lifestyle Modifications:**
- Encourage smoking cessation through a structured smoking cessation program.
- Recommend dietary changes to reduce sodium intake.
- Promote moderate exercise, starting with walking 20 minutes a day, 3 times a week.

**Referrals and Follow-up:**
- Referral to an ophthalmologist (Dr. Alice Johnson) for an eye examination due to the potential risk of aspirin-related macular degeneration.
- Follow-up in 1 month to assess tolerance and efficacy of the added omeprazole, blood pressure control, and glycemic management.
- Awaiting results of the abdominal ultrasound to rule out liver abnormalities.

**Patient Education:**
- Educated the patient about the importance of medication adherence and regular follow-up visits.
- Discussed the potential side effects of the added omeprazole and the necessity to continue aspirin therapy.
- Explained the risks associated with smoking and provided resources for smoking cessation.

**Instructions:**
- The patient will follow up in 1 month for re-evaluation and to discuss the results of the abdominal ultrasound. 
- Patient understands and agrees with the recommended medical treatment plan.

**Language and Communication:**
- Provided patient education materials in Spanish and used a Spanish-speaking medical assistant to ensure understanding and compliance."|"**1. Subjective:**

**Chief Complaint (CC):** 
- Long-term use of aspirin and recent mild epigastric discomfort.

**History of Present Illness (HPI):**
- A 55-year-old Hispanic male presents for an initial consultation for medication management. He has a history of hypertension, type 2 diabetes, and GERD. Recently, he has been experiencing mild epigastric discomfort several times per week, which he manages with dietary adjustments. He denies any new or worsening symptoms.

**Review of Systems (ROS):**
- **Constitutional:** Reports mild fatigue, overweight with a BMI of 29.
- **Gastrointestinal:** Mild epigastric discomfort noted, no nausea, vomiting, or changes in bowel habits.
- **Cardiovascular:** No chest pain, palpitations, or edema.
- **Respiratory:** No shortness of breath or cough.
- **Endocrine:** History of type 2 diabetes, current HbA1c is 8.2%.
- **Musculoskeletal:** No joint pain or swelling.
- **Neurological:** No headaches, dizziness, or changes in vision.
- **Psychiatric:** Reports low mood occasionally, likely related to chronic disease management and socioeconomic stressors.

**2. Objective:**

**Vital Signs:**
- Blood Pressure: 150/92 mmHg
- Heart Rate: 78 bpm
- Respiratory Rate: 16 breaths/min
- Temperature: 98.4°F
- BMI: 29 kg/m²

**Physical Examination:**

**General:**
- Overweight male in no acute distress.

**Abdomen:**
- Mild epigastric tenderness on palpation. No masses or organomegaly.

**Cardiovascular:**
- Regular rate and rhythm, no murmurs, gallops, or rubs.

**Respiratory:**
- Clear to auscultation bilaterally, no wheezes, rales, or rhonchi.

**Extremities:**
- No edema, normal capillary refill.

**Labs:**
- Hemoglobin A1c: 8.2%
- Fasting glucose: 140 mg/dL
- Comprehensive Metabolic Panel: ALT 55 U/L, AST 48 U/L
- Lipid Panel: Total cholesterol 210 mg/dL, LDL 120 mg/dL, HDL 35 mg/dL, Triglycerides 145 mg/dL

**3. Assessment:**

**Primary Diagnosis:**
- Long-term use of aspirin (ICD-10: Z79.82)

**Secondary Diagnoses:**
- Type 2 diabetes, moderately controlled
- Hypertension, poorly controlled
- Gastroesophageal reflux disease (GERD)
- Hyperlipidemia
- Overweight

**4. Plan:**

**Medication Management:**
- Continue current aspirin 81 mg daily.
- Add omeprazole 20 mg once daily to prevent gastrointestinal irritation (30 tablets, oral route).

**Lifestyle Modifications:**
- Encourage smoking cessation through a structured smoking cessation program.
- Recommend dietary changes to reduce sodium intake.
- Promote moderate exercise, starting with walking 20 minutes a day, 3 times a week.

**Referrals and Follow-up:**
- Referral to an ophthalmologist (Dr. Alice Johnson) for an eye examination due to the potential risk of aspirin-related macular degeneration.
- Follow-up in 1 month to assess tolerance and efficacy of the added omeprazole, blood pressure control, and glycemic management.
- Awaiting results of the abdominal ultrasound to rule out liver abnormalities.

**Patient Education:**
- Educated the patient about the importance of medication adherence and regular follow-up visits.
- Discussed the potential side effects of the added omeprazole and the necessity to continue aspirin therapy.
- Explained the risks associated with smoking and provided resources for smoking cessation.

**Instructions:**
- The patient will follow up in 1 month for re-evaluation and to discuss the results of the abdominal ultrasound. 
- Patient understands and agrees with the recommended medical treatment plan.

**Language and Communication:**
- Provided patient education materials in Spanish and used a Spanish-speaking medical assistant to ensure understanding and compliance."|"**1. Subjective:**

**CC:**
- Long-term ASA use and recent mild epigastric discomfort.

**HPI:**
- A 55 y/o Hispanic M presents for initial consult for med mgmt. Hx of HTN, T2DM, and GERD. Recently experiencing mild epigastric discomfort several times per week, managed with dietary adjustments. Denies any new or worsening sx.

**ROS:**
- **Constitutional:** Reports mild fatigue, overweight with a BMI of 29.
- **GI:** Mild epigastric discomfort noted, no N/V/D/C.
- **CV:** No CP, palpitations, or edema.
- **Resp:** No SOB or cough.
- **Endo:** Hx of T2DM, current HbA1c is 8.2%.
- **MSK:** No joint pain or swelling.
- **Neuro:** No HA, dizziness, or changes in vision.
- **Psych:** Reports low mood occasionally, likely related to chronic dz mgmt and socioeconomic stressors.

**2. Objective:**

**VS:**
- BP: 150/92 mmHg
- HR: 78 bpm
- RR: 16 breaths/min
- Temp: 98.4°F
- BMI: 29 kg/m²

**PE:**

**General:**
- Overweight M in NAD.

**Abd:**
- Mild epigastric tenderness on palpation. No masses or organomegaly.

**CV:**
- RRR, no murmurs, gallops, or rubs.

**Resp:**
- CTA bilaterally, no wheezes, rales, or rhonchi.

**Ext:**
- No edema, normal cap refill.

**Labs:**
- HbA1c: 8.2%
- Fasting glucose: 140 mg/dL
- CMP: ALT 55 U/L, AST 48 U/L
- Lipid Panel: Total cholesterol 210 mg/dL, LDL 120 mg/dL, HDL 35 mg/dL, Trig 145 mg/dL

**3. Assessment:**

**Primary Dx:**
- Long-term ASA use (ICD-10: Z79.82)

**Secondary Dx:**
- T2DM, moderately controlled
- HTN, poorly controlled
- GERD
- HLD
- Overweight

**4. Plan:**

**Med Mgmt:**
- Continue current ASA 81 mg daily.
- Add omeprazole 20 mg QD to prevent GI irritation (30 tabs, PO).

**Lifestyle Mods:**
- Encourage smoking cessation through a structured program.
- Recommend dietary changes to reduce Na intake.
- Promote moderate exercise, starting with walking 20 min/day, 3x/week.

**Referrals and F/U:**
- Referral to ophtho (Dr. Alice Johnson) for eye exam due to potential risk of ASA-related macular degeneration.
- F/U in 1 month to assess tolerance and efficacy of added omeprazole, BP control, and glycemic mgmt.
- Awaiting results of abd US to r/o liver abnormalities.

**Pt Education:**
- Educated pt about the importance of med adherence and regular F/U visits.
- Discussed potential SE of added omeprazole and necessity to continue ASA therapy.
- Explained risks associated with smoking and provided resources for smoking cessation.

**Instructions:**
- Pt will F/U in 1 month for re-evaluation and to discuss results of abd US.
- Pt understands and agrees with the recommended med tx plan.

**Language and Communication:**
- Provided pt education materials in Spanish and used a Spanish-speaking MA to ensure understanding and compliance."|Family Medicine Physician|"**Doctor:** Hello, it's good to see you today. How are you feeling?

**Patient:** Hi, Doctor. I've been feeling okay, but I've had some discomfort in my stomach recently.

**Doctor:** I see. Can you tell me more about this discomfort?

**Patient:** Sure. It's a mild pain, right in the middle of my stomach. It happens a few times a week, but I manage it by watching what I eat.

**Doctor:** Hmm, I understand. How long has this been going on?

**Patient:** It started a few weeks ago. I thought it was just something I ate, but it keeps happening.

**Doctor:** Okay, and do you have any other symptoms like nausea, vomiting, or changes in your bowel habits?

**Patient:** No, none of that. Just the discomfort.

**Doctor:** Alright. You mentioned managing it with dietary adjustments. What changes have you made?

**Patient:** I've tried to avoid spicy and greasy foods. That seems to help a bit.

**Doctor:** That’s good to hear. Now, how about your medications? I see you’re on long-term aspirin therapy. Are you taking it regularly?

**Patient:** Yes, I take 81 mg of aspirin daily as prescribed.

**Doctor:** Good. Have you noticed any new or worsening symptoms since starting the aspirin?

**Patient:** No, nothing new. Just the stomach discomfort.

**Doctor:** Alright. Let’s go through a quick review of your systems. Have you experienced any fatigue recently?

**Patient:** Yes, I do feel more tired than usual. I also know I'm a bit overweight.

**Doctor:** What’s your current weight and height?

**Patient:** I weigh about 180 pounds and I'm 5’6”.

**Doctor:** Hmm, okay. That puts your BMI at 29, which is considered overweight. We’ll need to address that. Any chest pain, palpitations, or swelling in your legs?

**Patient:** No, none of that.

**Doctor:** How about shortness of breath or cough?

**Patient:** No, my breathing is fine.

**Doctor:** Good to hear. How’s your diabetes management going?

**Patient:** Not great. My last HbA1c was 8.2%.

**Doctor:** Hmm, I see. What about your blood pressure? Have you been monitoring it?

**Patient:** Yes, but it's been high. Last time I checked, it was around 150/92.

**Doctor:** Okay, we’ll need to work on that too. Any joint pain or swelling?

**Patient:** No, my joints are fine.

**Doctor:** How about headaches, dizziness, or changes in vision?

**Patient:** No, none of those symptoms.

**Doctor:** Do you ever feel low or depressed?

**Patient:** Occasionally, especially with managing all these health issues.

**Doctor:** I understand. Now, let me take your vital signs and perform a physical exam. Your blood pressure today is 150/92 mmHg, heart rate is 78 bpm, respiratory rate is 16 breaths/min, and your temperature is 98.4°F. Your BMI is 29 kg/m².

**Patient:** Okay.

**Doctor:** Let’s start with your abdomen. I’m going to press around a bit. Do you feel any tenderness here?

**Patient:** Yes, a little bit in the middle.

**Doctor:** Alright. No masses or organ enlargement, which is good. Your heart sounds are regular with no murmurs, and your lungs are clear. No swelling in your extremities either. 

**Patient:** That’s good to hear.

**Doctor:** Your recent lab results show that your HbA1c is 8.2%, fasting glucose is 140 mg/dL, ALT is 55 U/L, AST is 48 U/L, total cholesterol is 210 mg/dL, LDL is 120 mg/dL, HDL is 35 mg/dL, and triglycerides are 145 mg/dL.

**Patient:** Hmm, okay.

**Doctor:** Based on your symptoms and lab results, we have a few things to address. First, for your stomach discomfort, we’ll add omeprazole 20 mg once daily to help with gastrointestinal irritation from the aspirin.

**Patient:** Okay, I can do that.

**Doctor:** We need to get your blood pressure under better control. I recommend reducing your sodium intake and starting a moderate exercise routine, like walking 20 minutes a day, 3 times a week.

**Patient:** I’ll try to do that.

**Doctor:** How about smoking? Do you smoke or live with anyone who smokes?

**Patient:** No, I don’t smoke, and no one in my house does either.

**Doctor:** That’s good. I also recommend seeing an ophthalmologist for an eye exam, as long-term aspirin use can sometimes affect the eyes.

**Patient:** Okay, I’ll make an appointment.

**Doctor:** We’ll follow up in a month to see how you’re doing with the new medication and lifestyle changes. We’re also waiting on the results of your abdominal ultrasound to rule out any liver issues.

**Patient:** Alright. I’ll come back in a month.

**Doctor:** It’s important to stick to your medication and follow-up visits. If you experience any side effects from the omeprazole or any other new symptoms, let us know right away.

**Patient:** I will, Doctor. Thank you.

**Doctor:** We’ll provide you with some educational materials in Spanish, and our Spanish-speaking medical assistant will help ensure you understand everything.

**Patient:** Thank you. That will be helpful.

**Doctor:** Great. Do you have any questions about your treatment plan?

**Patient:** No, I think I understand everything.

**Doctor:** Wonderful. We’ll see you in a month. Take care!

**Patient:** Thank you, Doctor. See you then."|"[doctor]: Hello, it's good to see you today. How are you feeling?

[patient]: Hi, Doctor. I've been feeling okay, but I've had some discomfort in my stomach recently.

[doctor]: Hmm, I see. Can you tell me more about this discomfort?

[patient]: Sure. It's a mild pain, right in the middle of my stomach. It happens a few times a week, but I manage it by watching what I eat.

[doctor]: I understand. How long has this been going on?

[patient]: It started a few weeks ago. I thought it was just something I ate, but it keeps happening.

[doctor]: Okay, and do you have any other symptoms like nausea, vomiting, or changes in your bowel habits?

[patient]: No, none of that. Just the discomfort.

[doctor]: Alright. You mentioned managing it with dietary adjustments. What changes have you made?

[patient]: I've tried to avoid spicy and greasy foods. That seems to help a bit.

[doctor]: That’s good to hear. Now, how about your medications? I see you’re on long-term aspirin therapy. Are you taking it regularly?

[patient]: Yes, I take 81 mg of aspirin daily as prescribed.

[doctor]: Good. Have you noticed any new or worsening symptoms since starting the aspirin?

[patient]: No, nothing new. Just the stomach discomfort.

[doctor]: Alright. Let’s go through a quick review of your systems. Have you experienced any fatigue recently?

[patient]: Yes, I do feel more tired than usual. I also know I'm a bit overweight.

[doctor]: Hmm, okay. That puts your BMI at 29, which is considered overweight. We’ll need to address that. Any chest pain, palpitations, or swelling in your legs?

[patient]: No, none of that.

[doctor]: How about shortness of breath or cough?

[patient]: No, my breathing is fine.

[doctor]: Good to hear. How’s your diabetes management going?

[patient]: Not great. My last HbA1c was 8.2%.

[doctor]: Hmm, I see. What about your blood pressure? Have you been monitoring it?

[patient]: Yes, but it's been high. Last time I checked, it was around 150/92.

[doctor]: Okay, we’ll need to work on that too. Any joint pain or swelling?

[patient]: No, my joints are fine.

[doctor]: How about headaches, dizziness, or changes in vision?

[patient]: No, none of those symptoms.

[doctor]: Do you ever feel low or depressed?

[patient]: Occasionally, especially with managing all these health issues.

[doctor]: I understand. Now, let me take your vital signs and perform a physical exam. Your blood pressure today is 150/92 mmHg, heart rate is 78 bpm, respiratory rate is 16 breaths/min, and your temperature is 98.4°F. Your BMI is 29 kg/m².

[patient]: Okay.

[doctor]: Let’s start with your abdomen. I’m going to press around a bit. Do you feel any tenderness here?

[patient]: Yes, a little bit in the middle.

[doctor]: Alright. No masses or organ enlargement, which is good. Your heart sounds are regular with no murmurs, and your lungs are clear. No swelling in your extremities either. 

[patient]: That’s good to hear.

[doctor]: Your recent lab results show that your HbA1c is 8.2%, fasting glucose is 140 mg/dL, ALT is 55 U/L, AST is 48 U/L, total cholesterol is 210 mg/dL, LDL is 120 mg/dL, HDL is 35 mg/dL, and triglycerides are 145 mg/dL.

[patient]: Hmm, okay.

[doctor]: Based on your symptoms and lab results, we have a few things to address. First, for your stomach discomfort, we’ll add omeprazole 20 mg once daily to help with gastrointestinal irritation from the aspirin.

[patient]: Okay, I can do that.

[doctor]: We need to get your blood pressure under better control. I recommend reducing your sodium intake and starting a moderate exercise routine, like walking 20 minutes a day, 3 times a week.

[patient]: I’ll try to do that.

[doctor]: How about smoking? Do you smoke or live with anyone who smokes?

[patient]: No, I don’t smoke, and no one in my house does either.

[doctor]: That’s good. I also recommend seeing an ophthalmologist for an eye exam, as long-term aspirin use can sometimes affect the eyes.

[patient]: Okay, I’ll make an appointment.

[doctor]: We’ll follow up in a month to see how you’re doing with the new medication and lifestyle changes. We’re also waiting on the results of your abdominal ultrasound to rule out any liver issues.

[patient]: Alright. I’ll come back in a month.

[doctor]: It’s important to stick to your medication and follow-up visits. If you experience any side effects from the omeprazole or any other new symptoms, let us know right away.

[patient]: I will, Doctor. Thank you.

[doctor]: We’ll provide you with some educational materials in Spanish, and our Spanish-speaking medical assistant will help ensure you understand everything.

[patient]: Thank you. That will be helpful.

[doctor]: Great. Do you have any questions about your treatment plan?

[patient]: No, I think I understand everything.

[doctor]: Wonderful. We’ll see you in a month. Take care!

[patient]: Thank you, Doctor. See you then."
LONG TERM (CURRENT) USE OF ASPIRIN|"ROLE: General Physician

**Scenario:**

1) Medical Outcome:
   - Diagnosis: Long-term (current) use of aspirin.
   - Prescribed Treatment: Continue current aspirin therapy.
   - Follow-up Recommendations: Follow-up visit in 12 months.
   - Referral to Specialists: NA.
   - Medication Adjustment: NA
   - Lifestyle Change: Encourage increased physical activity and smoking cessation.

2) Medical History:
   - Previous Diagnoses: Osteoarthritis, Hypothyroidism.
   - Family Medical History: Brother with ischemic heart disease, Mother with osteoarthritis.
   - Medication History: Aspirin 81 mg daily for 3 years, Levothyroxine 50 mcg daily, Acetaminophen 500 mg as needed for joint pain.
   - Allergies: Penicillin.
   - Chronic Conditions: Osteoarthritis, Hypothyroidism.

3) Symptom Description:
   - Severity: Mild intermittent joint pain.
   - Duration: On and off for 1 year.
   - Associated Symptoms: Occasional stiffness in the morning.
   - Frequency: 2-3 times a week.
   - Impact on Daily Activities: Moderate, affects mobility but manageable with rest and acetaminophen.

4) Patient’s self-reported habits and lifestyle:
   - Sleep: Averaging 6 hours of sleep per night.
   - Diet: High-fiber, low-fat diet.
   - Exercise: Walks 15-20 minutes daily.
   - Tobacco Use: Currently smokes half a pack per day.
   - Alcohol Consumption: None.
   - Drug Use: None.
   - Recreational Activities: Enjoys gardening and reading.

5) Demographic Information:
   - Age: 67
   - Gender: Female
   - Ethnicity: Caucasian
   - Socio-economic Status: Middle class
   - Education Level: Bachelor's degree
   - Health Literacy: High
   - Job Status: Retired librarian

6) Patient's Behavior:
   - Cooperation: Highly cooperative and adheres to medical advice.

7) Geographical Location:
   - Big City vs Small City: Big city
   - Rural vs Urban: Urban
   - Pollution and Environmental Health Risks: Moderate pollution levels.
   - Neighborhood Type: Affluent, well-served by transit, access to healthy foods.

8) Clinical Setting:
   - Clinics: Private practice.

9) Type of Encounter:
   - Type of Encounter: Annual Check-up

10) Treatment Disparities:
   - Treatment Disparities: None noted.

11) Native or Non-Native English Speaking Patient:
   - Native English Speaking Patient.

12) Physical exams:
   - Blood Pressure: 135/85 mm Hg
   - General Examination: Overweight, BMI 28.
   - Cardiovascular: Regular rate and rhythm, no murmurs.
   - Musculoskeletal: Mild tenderness in bilateral knees, no swelling.

13) Investigation/Test results:
   - Order for Blood Work: Complete blood count to monitor for any potential anemia."|"#####
**1. Subjective:**

**Chief Complaint (CC):**
Annual check-up.

**History of Present Illness (HPI):**
Jane Doe is a 67-year-old female who presents for her annual check-up. She reports mild intermittent joint pain, primarily in her knees, that has been on and off for approximately 1 year. The pain occurs about 2-3 times a week and is associated with occasional stiffness in the morning. The pain moderately affects her mobility but is manageable with rest and acetaminophen.

**Review of Systems (ROS):**
- **General:** Overweight, with a BMI of 28.
- **Musculoskeletal:** Mild tenderness in bilateral knees, no swelling.
- **Cardiovascular:** Regular rate and rhythm, no murmurs.
- **Hematologic:** No signs of anemia.
- **Respiratory:** No issues noted, non-productive cough.

**2. Objective:**
- **Vital Signs:** Blood Pressure: 135/85 mm Hg.
- **General Examination:** Overweight with a BMI of 28.
- **Musculoskeletal:** Mild tenderness in bilateral knees, no swelling noted.
- **Cardiovascular:** Regular rate and rhythm, no murmurs.

**3. Assessment:**
- Long-term (current) use of aspirin.
- Osteoarthritis.
- Hypothyroidism.
- Mild anemia (pending blood test results).

**4. Plan:**
- Continue the current aspirin therapy (81 mg daily).
- Follow-up visit in 12 months unless there are new symptoms or concerns.
- Discussed the importance of increased physical activity; advised to incrementally increase exercise duration to 30 minutes daily.
- Strongly advised smoking cessation; offered resources and support groups to assist with quitting.
- Encourage continuation of a high-fiber, low-fat diet.
- Continue Levothyroxine 50 mcg daily for hypothyroidism.
- Use acetaminophen 500 mg as needed for joint pain.
- Order complete blood count to monitor for any potential anemia.
- Patient agrees with the treatment plan and will return for follow-up in 12 months.

#####
"|"**1. Subjective:**

**Chief Complaint (CC):**
Annual check-up.

**History of Present Illness (HPI):**
Jane Doe is a 67-year-old female who presents for her annual check-up. She reports mild intermittent joint pain, primarily in her knees, that has been on and off for approximately 1 year. The pain occurs about 2-3 times a week and is associated with occasional stiffness in the morning. The pain moderately affects her mobility but is manageable with rest and acetaminophen.

**Review of Systems (ROS):**
- **General:** Overweight, with a BMI of 28.
- **Musculoskeletal:** Mild tenderness in bilateral knees, no swelling.
- **Cardiovascular:** Regular rate and rhythm, no murmurs.
- **Hematologic:** No signs of anemia.
- **Respiratory:** No issues noted, non-productive cough.

**2. Objective:**
- **Vital Signs:** Blood Pressure: 135/85 mm Hg.
- **General Examination:** Overweight with a BMI of 28.
- **Musculoskeletal:** Mild tenderness in bilateral knees, no swelling noted.
- **Cardiovascular:** Regular rate and rhythm, no murmurs.

**3. Assessment:**
- Long-term (current) use of aspirin.
- Osteoarthritis.
- Hypothyroidism.
- Mild anemia (pending blood test results).

**4. Plan:**
- Continue the current aspirin therapy (81 mg daily).
- Follow-up visit in 12 months unless there are new symptoms or concerns.
- Discussed the importance of increased physical activity; advised to incrementally increase exercise duration to 30 minutes daily.
- Strongly advised smoking cessation; offered resources and support groups to assist with quitting.
- Encourage continuation of a high-fiber, low-fat diet.
- Continue Levothyroxine 50 mcg daily for hypothyroidism.
- Use acetaminophen 500 mg as needed for joint pain.
- Order complete blood count to monitor for any potential anemia.
- Patient agrees with the treatment plan and will return for follow-up in 12 months."|"**1. Subjective:**

**CC:**
Annual check-up.

**HPI:**
Jane Doe is a 67 y/o F who presents for her annual check-up. She reports mild intermittent joint pain, primarily in her knees, that has been on and off for ~1 yr. The pain occurs ~2-3x/wk and is associated with occasional AM stiffness. The pain moderately affects her mobility but is manageable with rest and acetaminophen (APAP).

**ROS:**
- **General:** Overweight, BMI 28.
- **MSK:** Mild tenderness in B/L knees, no swelling.
- **CV:** RRR, no murmurs.
- **Heme:** No signs of anemia.
- **Resp:** No issues noted, non-productive cough.

**2. Objective:**
- **VS:** BP: 135/85 mm Hg.
- **Gen Exam:** Overweight, BMI 28.
- **MSK:** Mild tenderness in B/L knees, no swelling noted.
- **CV:** RRR, no murmurs.

**3. Assessment:**
- Long-term (current) ASA use.
- OA.
- Hypothyroidism.
- Mild anemia (pending CBC results).

**4. Plan:**
- Continue current ASA therapy (81 mg daily).
- F/U visit in 12 mos unless new sx or concerns.
- Discussed the importance of increased physical activity; advised to incrementally increase exercise duration to 30 mins daily.
- Strongly advised smoking cessation; offered resources and support groups to assist with quitting.
- Encourage continuation of a high-fiber, low-fat diet.
- Continue Levothyroxine 50 mcg daily for hypothyroidism.
- Use APAP 500 mg PRN for joint pain.
- Order CBC to monitor for any potential anemia.
- Pt agrees with the tx plan and will return for F/U in 12 mos."|General Physician|"**DOCTOR:** Hi Jane, it's good to see you today. How are you doing?

**PATIENT:** Hi, Doctor. I'm doing okay, thank you.

**DOCTOR:** Great to hear. So, I see you're here for your annual check-up. Anything specific you want to discuss today?

**PATIENT:** Well, I've been having some mild joint pain, mainly in my knees, for about a year now.

**DOCTOR:** Hmm, I see. How often does this pain occur?

**PATIENT:** About 2-3 times a week.

**DOCTOR:** Okay. Does it affect your mobility in any significant way?

**PATIENT:** It does, but it's manageable with rest and some acetaminophen.

**DOCTOR:** Alright. Is there any stiffness, especially in the morning?

**PATIENT:** Yes, occasionally.

**DOCTOR:** That sounds like it could be osteoarthritis. How long does the stiffness last?

**PATIENT:** Usually about 30 minutes or so.

**DOCTOR:** Got it. Have you noticed any swelling in your knees?

**PATIENT:** No, no swelling.

**DOCTOR:** Alright, let's go through a few more questions. Have you had any issues with coughing or respiratory problems?

**PATIENT:** No, none at all.

**DOCTOR:** How about your cardiovascular health? Any chest pain or irregular heartbeats?

**PATIENT:** No, my heart's been fine.

**DOCTOR:** Okay. Now, let me check your vital signs and do a quick physical exam. Your blood pressure is 135/85 mm Hg and your BMI is 28, indicating you're overweight. How's your general health otherwise?

**PATIENT:** I think it's okay. I try to maintain a decent diet.

**DOCTOR:** Good to hear. On your musculoskeletal exam, there's mild tenderness in both knees but no swelling. Cardiovascular exam shows a regular rate and rhythm, no murmurs. Everything looks good there. Any history of anemia?

**PATIENT:** Not that I'm aware of.

**DOCTOR:** Okay, we'll do a blood test to check for that. Now, let's talk about your current medications. Are you still taking aspirin daily?

**PATIENT:** Yes, I take 81 mg every day.

**DOCTOR:** Good. And how about your Levothyroxine for hypothyroidism?

**PATIENT:** Yes, I take 50 mcg daily.

**DOCTOR:** Excellent. We'll continue with those. Have you been experiencing any symptoms related to your thyroid?

**PATIENT:** No, I feel pretty stable on it.

**DOCTOR:** Great. Now, let's discuss your lifestyle. Are you getting any physical activity?

**PATIENT:** Not as much as I should, I guess.

**DOCTOR:** I understand. It's important to increase your exercise gradually. Aim for 30 minutes daily. How does that sound?

**PATIENT:** I can try that.

**DOCTOR:** Excellent. Also, I noticed you smoke. Have you thought about quitting?

**PATIENT:** Yes, but it's been tough.

**DOCTOR:** I understand. Smoking cessation is crucial for your overall health. We have resources and support groups that can help you. Would you be interested?

**PATIENT:** Yes, I think that would help.

**DOCTOR:** Great, I'll get you some information on that. Regarding your diet, it’s good to maintain a high-fiber, low-fat diet. How's your current diet?

**PATIENT:** It's okay, but there's room for improvement.

**DOCTOR:** Alright, let's focus on that as well. Now, for your joint pain, continue using acetaminophen 500 mg as needed. Does that work for you?

**PATIENT:** Yes, it helps.

**DOCTOR:** Perfect. I'm also going to order a complete blood count to monitor for any potential anemia. We'll follow up with those results.

**PATIENT:** Sounds good.

**DOCTOR:** Lastly, let’s schedule your next annual check-up for 12 months from now. Unless there are new symptoms or concerns, we’ll see you then. Does that work for you?

**PATIENT:** Yes, that’s fine.

**DOCTOR:** Great. Do you have any questions or concerns right now?

**PATIENT:** No, I think that covers everything.

**DOCTOR:** Alright, Jane. Take care, and we’ll see you in a year. Don’t hesitate to reach out if anything comes up.

**PATIENT:** Thank you, Doctor. Have a great day!

**DOCTOR:** You too, Jane. Goodbye!"|"[doctor]: Hi Jane, it's good to see you today. How are you doing?

[patient]: Hi, Doctor. I'm doing okay, thank you.

[doctor]: Great to hear. So, I see you're here for your annual check-up. Anything specific you want to discuss today?

[patient]: Well, I've been having some mild joint pain, mainly in my knees, for about a year now.

[doctor]: Hmm, I see. How often does this pain occur?

[patient]: About 2-3 times a week.

[doctor]: Okay. Does it affect your mobility in any significant way?

[patient]: It does, but it's manageable with rest and some acetaminophen.

[doctor]: Alright. Is there any stiffness, especially in the morning?

[patient]: Yes, occasionally.

[doctor]: That sounds like it could be osteoarthritis. How long does the stiffness last?

[patient]: Usually about 30 minutes or so.

[doctor]: Got it. Have you noticed any swelling in your knees?

[patient]: No, no swelling.

[doctor]: Alright, let's go through a few more questions. Have you had any issues with coughing or respiratory problems?

[patient]: No, none at all.

[doctor]: How about your cardiovascular health? Any chest pain or irregular heartbeats?

[patient]: No, my heart's been fine.

[doctor]: Okay. Now, let me check your vital signs and do a quick physical exam. Your blood pressure is 135/85 mm Hg and your BMI is 28, indicating you're overweight. How's your general health otherwise?

[patient]: I think it's okay. I try to maintain a decent diet.

[doctor]: Good to hear. On your musculoskeletal exam, there's mild tenderness in both knees but no swelling. Cardiovascular exam shows a regular rate and rhythm, no murmurs. Everything looks good there. Any history of anemia?

[patient]: Not that I'm aware of.

[doctor]: Okay, we'll do a blood test to check for that. Now, let's talk about your current medications. Are you still taking aspirin daily?

[patient]: Yes, I take 81 mg every day.

[doctor]: Good. And how about your Levothyroxine for hypothyroidism?

[patient]: Yes, I take 50 mcg daily.

[doctor]: Excellent. We'll continue with those. Have you been experiencing any symptoms related to your thyroid?

[patient]: No, I feel pretty stable on it.

[doctor]: Great. Now, let's discuss your lifestyle. Are you getting any physical activity?

[patient]: Not as much as I should, I guess.

[doctor]: I understand. It's important to increase your exercise gradually. Aim for 30 minutes daily. How does that sound?

[patient]: I can try that.

[doctor]: Excellent. Also, I noticed you smoke. Have you thought about quitting?

[patient]: Yes, but it's been tough.

[doctor]: I understand. Smoking cessation is crucial for your overall health. We have resources and support groups that can help you. Would you be interested?

[patient]: Yes, I think that would help.

[doctor]: Great, I'll get you some information on that. Regarding your diet, it’s good to maintain a high-fiber, low-fat diet. How's your current diet?

[patient]: It's okay, but there's room for improvement.

[doctor]: Alright, let's focus on that as well. Now, for your joint pain, continue using acetaminophen 500 mg as needed. Does that work for you?

[patient]: Yes, it helps.

[doctor]: Perfect. I'm also going to order a complete blood count to monitor for any potential anemia. We'll follow up with those results.

[patient]: Sounds good.

[doctor]: Lastly, let’s schedule your next annual check-up for 12 months from now. Unless there are new symptoms or concerns, we’ll see you then. Does that work for you?

[patient]: Yes, that’s fine.

[doctor]: Great. Do you have any questions or concerns right now?

[patient]: No, I think that covers everything.

[doctor]: Alright, Jane. Take care, and we’ll see you in a year. Don’t hesitate to reach out if anything comes up.

[patient]: Thank you, Doctor. Have a great day!

[doctor]: You too, Jane. Goodbye!"
LONG TERM (CURRENT) USE OF ASPIRIN|"ROLE: Family Medicine Physician

1. Medical Outcome:
   - Continue current aspirin regimen (81 mg oral daily)
   - Prescribed: Metformin 500 mg tablet, oral, twice daily, 3 months supply 
   - Blood work: Order Hemoglobin A1c, Comprehensive Metabolic Panel, and Lipid Panel
   - Follow-up: Appointment in 3 months to review blood work results

2. Medical History:
   - Previous Diagnoses: Type 2 Diabetes, Coronary Artery Disease
   - Family Medical History: Diabetes (mother), Hypertension (father)
   - Medication History: Aspirin 81 mg daily, Metoprolol 50 mg daily
   - Allergies: Penicillin
   - Chronic Conditions: Type 2 Diabetes, Coronary Artery Disease

3. Symptom Description:
   - Severity: Moderate
   - Duration: 2 weeks
   - Associated Symptoms: Increased fatigue, frequent urination
   - Frequency: Daily
   - Impact on Daily Activities: Difficulty performing daily physical activities

4. Patient’s self-reported habits and lifestyle:
   - Sleep: Poor, 5-6 hours per night
   - Diet: High in processed foods, low in vegetables
   - Exercise: Infrequent, sedentary lifestyle
   - Tobacco Use: History of smoking, quit 10 years ago
   - Alcohol Consumption: Social drinking, 1-2 drinks per week
   - Drug Use: None
   - Recreational Activities: Watching TV, occasional fishing

5. Demographic Information:
   - Age: 58
   - Gender: Female
   - Ethnicity: African American
   - Socio-economic Status: Lower-middle-class
   - Education Level: High school diploma
   - Health Literacy: Moderate
   - Job Status: Part-time cashier

6. Patient's Behavior: Variable compliance with medical advice, often misses follow-up appointments

7. Geographical Location:
   - Small City, Urban environment, high pollution
   - Neighborhood: Impoverished, food desert, limited access to fresh produce

8. Clinical Setting: Community Health Services

9. Type of Encounter: Chronic Disease Management

10. Treatment Disparities: Limited health insurance coverage affecting medication affordability and access to specialty care

11. Native or Non-Native English Speaking Patient: Native English Speaker

12. Physical Examination:
   - Cardiovascular: Mild pedal edema, positive for dorsalis pedis pulses
   - Gastrointestinal: Obese, tender to palpation in RUQ
   - Musculoskeletal: No signs of joint swelling or tenderness
   - Dermatological: Slight bruising over forearms, no other abnormalities

13. Investigation/Test results:
   - Awaiting Results: Hemoglobin A1c, Comprehensive Metabolic Panel (CMP), Lipid Panel"|"#####
**1. Subjective:**

**Chief Complaint (CC):**
Mrs. Elaine Robinson, a 58-year-old African American female, presents for chronic disease management and follow-up on her Type 2 Diabetes and Coronary Artery Disease.

**History of Present Illness (HPI):**
Mrs. Robinson reports experiencing increased fatigue and frequent urination over the past two weeks. The symptoms are moderate in severity and occur daily, significantly impacting her ability to perform daily physical activities. She has a history of variable compliance with medical advice and often misses follow-up appointments.

**Review of Systems (ROS):**
- **Constitutional:** Increased fatigue, poor sleep (5-6 hours per night).
- **Gastrointestinal:** Frequent urination, tender to palpation in the right upper quadrant (RUQ).
- **Cardiovascular:** Mild pedal edema, positive for dorsalis pedis pulses.
- **Musculoskeletal:** No joint swelling or tenderness.
- **Dermatological:** Slight bruising over forearms.

**2. Objective:**

**Physical Examination:**
- **Cardiovascular:** Mild pedal edema, positive for dorsalis pedis pulses.
- **Gastrointestinal:** Obese, tender to palpation in RUQ.
- **Musculoskeletal:** No signs of joint swelling or tenderness.
- **Dermatological:** Slight bruising over forearms, no other abnormalities.

**Results:**
Pending results for Hemoglobin A1c, Comprehensive Metabolic Panel (CMP), and Lipid Panel.

**3. Assessment:**

Mrs. Elaine Robinson is a 58-year-old female with a history of Type 2 Diabetes and Coronary Artery Disease. She presents with increased fatigue and frequent urination over the past two weeks, likely related to suboptimal glycemic control and possible complications of her chronic conditions.

**4. Plan:**

**Medications:**
- Continue current aspirin regimen (81 mg oral daily).
- Start Metformin 500 mg tablet, oral, twice daily, 3 months supply.

**Testing:**
- Blood work: Order Hemoglobin A1c, Comprehensive Metabolic Panel, and Lipid Panel.

**Patient Education and Counseling:**
- Advised the patient to improve dietary habits, particularly increasing intake of vegetables and reducing processed foods.
- Discussed the importance of regular exercise, even modest amounts such as walking.
- Emphasized the need for better medication compliance and regular follow-up appointments.
- Advised on the potential impact of her environment (high pollution, limited access to fresh produce).

**Follow-Up:**
- Schedule an appointment in 3 months to review blood work results.
- Discuss the results of pending laboratory tests upon follow-up.

**Patient Agreements:**
The patient understands and agrees with the recommended medical treatment plan.

**Additional Notes:**
Due to limited health insurance coverage, discussed potential resources for medication affordability and access to specialty care. Will assist patient in exploring community health resources and possible referrals to social services."|"#####
**1. Subjective:**

**Chief Complaint (CC):**
Mrs. Elaine Robinson, a 58-year-old African American female, presents for chronic disease management and follow-up on her Type 2 Diabetes and Coronary Artery Disease.

**History of Present Illness (HPI):**
Mrs. Robinson reports experiencing increased fatigue and frequent urination over the past two weeks. The symptoms are moderate in severity and occur daily, significantly impacting her ability to perform daily physical activities. She has a history of variable compliance with medical advice and often misses follow-up appointments.

**Review of Systems (ROS):**
- **Constitutional:** Increased fatigue, poor sleep (5-6 hours per night).
- **Gastrointestinal:** Frequent urination, tender to palpation in the right upper quadrant (RUQ).
- **Cardiovascular:** Mild pedal edema, positive for dorsalis pedis pulses.
- **Musculoskeletal:** No joint swelling or tenderness.
- **Dermatological:** Slight bruising over forearms.

**2. Objective:**

**Physical Examination:**
- **Cardiovascular:** Mild pedal edema, positive for dorsalis pedis pulses.
- **Gastrointestinal:** Obese, tender to palpation in RUQ.
- **Musculoskeletal:** No signs of joint swelling or tenderness.
- **Dermatological:** Slight bruising over forearms, no other abnormalities.

**Results:**
Pending results for Hemoglobin A1c, Comprehensive Metabolic Panel (CMP), and Lipid Panel.

**3. Assessment:**

Mrs. Elaine Robinson is a 58-year-old female with a history of Type 2 Diabetes and Coronary Artery Disease. She presents with increased fatigue and frequent urination over the past two weeks, likely related to suboptimal glycemic control and possible complications of her chronic conditions.

**4. Plan:**

**Medications:**
- Continue current aspirin regimen (81 mg oral daily).
- Start Metformin 500 mg tablet, oral, twice daily, 3 months supply.

**Testing:**
- Blood work: Order Hemoglobin A1c, Comprehensive Metabolic Panel, and Lipid Panel.

**Patient Education and Counseling:**
- Advised the patient to improve dietary habits, particularly increasing intake of vegetables and reducing processed foods.
- Discussed the importance of regular exercise, even modest amounts such as walking.
- Emphasized the need for better medication compliance and regular follow-up appointments.
- Advised on the potential impact of her environment (high pollution, limited access to fresh produce).

**Follow-Up:**
- Schedule an appointment in 3 months to review blood work results.
- Discuss the results of pending laboratory tests upon follow-up.

**Patient Agreements:**
The patient understands and agrees with the recommended medical treatment plan.

**Additional Notes:**
Due to limited health insurance coverage, discussed potential resources for medication affordability and access to specialty care. Will assist patient in exploring community health resources and possible referrals to social services."|"#####
**1. Subjective:**

**CC:**
Mrs. Elaine Robinson, a 58-year-old African American F, presents for chronic dz mgmt and f/u on her T2DM and CAD.

**HPI:**
Mrs. Robinson reports experiencing increased fatigue and polyuria over the past 2 wks. The sx are moderate in severity and occur daily, significantly impacting her ability to perform ADLs. She has a hx of variable compliance with medical advice and often misses f/u appts.

**ROS:**
- **Constitutional:** Increased fatigue, poor sleep (5-6 hrs/night).
- **GI:** Polyuria, tender to palpation in the RUQ.
- **CV:** Mild pedal edema, + for DP pulses.
- **MSK:** No joint swelling or tenderness.
- **Derm:** Slight bruising over forearms.

**2. Objective:**

**PE:**
- **CV:** Mild pedal edema, + for DP pulses.
- **GI:** Obese, tender to palpation in RUQ.
- **MSK:** No signs of joint swelling or tenderness.
- **Derm:** Slight bruising over forearms, no other abnormalities.

**Results:**
Pending results for HbA1c, CMP, and Lipid Panel.

**3. Assessment:**

Mrs. Elaine Robinson is a 58-year-old F with a hx of T2DM and CAD. She presents with increased fatigue and polyuria over the past 2 wks, likely related to suboptimal glycemic control and possible complications of her chronic conditions.

**4. Plan:**

**Meds:**
- Continue current ASA regimen (81 mg PO QD).
- Start Metformin 500 mg tab, PO BID, 3 mos supply.

**Testing:**
- Blood work: Order HbA1c, CMP, and Lipid Panel.

**Pt Ed and Counseling:**
- Advised the pt to improve dietary habits, particularly increasing intake of vegetables and reducing processed foods.
- Discussed the importance of regular exercise, even modest amounts such as walking.
- Emphasized the need for better med compliance and regular f/u appts.
- Advised on the potential impact of her environment (high pollution, limited access to fresh produce).

**F/U:**
- Schedule an appt in 3 mos to review blood work results.
- Discuss the results of pending lab tests upon f/u.

**Pt Agreements:**
The pt understands and agrees with the recommended medical tx plan.

**Additional Notes:**
Due to limited health insurance coverage, discussed potential resources for med affordability and access to specialty care. Will assist pt in exploring community health resources and possible referrals to social services."|Family Medicine Physician|"**Doctor:** Good morning, Mrs. Robinson. How are you today?

**Patient:** Good morning, Doctor. I'm doing okay, thank you.

**Doctor:** I understand you're here for a follow-up on your Type 2 Diabetes and Coronary Artery Disease. How have you been feeling lately?

**Patient:** Well, over the past two weeks, I've been feeling really tired and I've been urinating a lot more often.

**Doctor:** I see. Can you tell me more about the fatigue? How severe is it, and how often does it occur?

**Patient:** It's pretty moderate, and it happens every day. It's really affecting my ability to do my daily activities.

**Doctor:** I can imagine that must be very frustrating. How about your sleep? Are you getting enough rest at night?

**Patient:** No, not really. I usually get about 5 to 6 hours of sleep each night.

**Doctor:** Okay, thank you for sharing that. Has there been any change in your diet or medications recently?

**Patient:** Not really. I try to eat healthy, but it's hard sometimes. And I do my best to take my medications, but I miss doses occasionally.

**Doctor:** I understand. Let's talk about your symptoms in more detail. Besides the fatigue and frequent urination, have you noticed any other changes?

**Patient:** My right side feels tender when I touch it, and my legs have been a bit swollen.

**Doctor:** Alright. Have you experienced any joint swelling or tenderness?

**Patient:** No, my joints feel fine.

**Doctor:** How about any bruising or changes in your skin?

**Patient:** I have some slight bruising over my forearms, but nothing else unusual.

**Doctor:** Thank you for that information. Let's go over your physical examination. I noticed you have mild pedal edema, which means there's some swelling in your legs, but your dorsalis pedis pulses are positive, which is good.

**Patient:** What does that mean?

**Doctor:** It means the blood flow to your feet is still good. I also noticed tenderness in your right upper quadrant, which we'll need to keep an eye on. There's no joint swelling or tenderness, which is a positive sign. As for the slight bruising on your forearms, we'll monitor that as well. 

**Patient:** Okay.

**Doctor:** I've ordered some blood tests, including Hemoglobin A1c, a Comprehensive Metabolic Panel, and a Lipid Panel. We need to see how your diabetes and other conditions are being managed. 

**Patient:** Alright. How long will it take to get the results?

**Doctor:** We should have the results back before your next visit in three months. Now, let's talk about your treatment plan. We will continue your current aspirin regimen, 81 mg orally daily. Additionally, I am prescribing Metformin 500 mg tablets, to be taken twice daily.

**Patient:** Okay, I can do that.

**Doctor:** It's very important to improve your dietary habits. Try to increase your intake of vegetables and reduce processed foods. Also, even modest amounts of exercise, like walking, can make a big difference.

**Patient:** I'll try my best.

**Doctor:** And remember, it's crucial to be consistent with your medications and to keep your follow-up appointments. This will help us manage your conditions more effectively.

**Patient:** I'll make sure to do that. 

**Doctor:** Excellent. Due to limited health insurance coverage, I've discussed potential resources for medication affordability and access to specialty care. We can explore community health resources and possible referrals to social services together.

**Patient:** That would be really helpful. Thank you, Doctor.

**Doctor:** You're welcome. Do you have any questions or concerns before we finish up today?

**Patient:** No, I think that's everything. I just want to get better.

**Doctor:** I understand. We'll work together to manage your health. I'll see you in three months to review your blood work results and discuss any further steps. If you have any concerns before then, don't hesitate to reach out.

**Patient:** Thank you, Doctor. I'll see you in three months.

**Doctor:** Take care, Mrs. Robinson. Have a good day.

**Patient:** You too, Doctor. Goodbye."|"[doctor]: Good morning, Mrs. Robinson. How are you today?

[patient]: Good morning, Doctor. I'm doing okay, thank you.

[doctor]: I understand you're here for a follow-up on your Type 2 Diabetes and Coronary Artery Disease. How have you been feeling lately?

[patient]: Well, over the past two weeks, I've been feeling really tired and I've been urinating a lot more often.

[doctor]: Hmm, I see. Can you tell me more about the fatigue? How severe is it, and how often does it occur?

[patient]: It's pretty moderate, and it happens every day. It's really affecting my ability to do my daily activities.

[doctor]: I can imagine that must be very frustrating. How about your sleep? Are you getting enough rest at night?

[patient]: No, not really. I usually get about 5 to 6 hours of sleep each night.

[doctor]: Okay, thank you for sharing that. Has there been any change in your diet or medications recently?

[patient]: Not really. I try to eat healthy, but it's hard sometimes. And I do my best to take my medications, but I miss doses occasionally.

[doctor]: I understand. Let's talk about your symptoms in more detail. Besides the fatigue and frequent urination, have you noticed any other changes?

[patient]: My right side feels tender when I touch it, and my legs have been a bit swollen.

[doctor]: Alright. Have you experienced any joint swelling or tenderness?

[patient]: No, my joints feel fine.

[doctor]: How about any bruising or changes in your skin?

[patient]: I have some slight bruising over my forearms, but nothing else unusual.

[doctor]: Thank you for that information. Let's go over your physical examination. I noticed you have mild pedal edema, which means there's some swelling in your legs, but your dorsalis pedis pulses are positive, which is good.

[patient]: What does that mean?

[doctor]: It means the blood flow to your feet is still good. I also noticed tenderness in your right upper quadrant, which we'll need to keep an eye on. There's no joint swelling or tenderness, which is a positive sign. As for the slight bruising on your forearms, we'll monitor that as well. 

[patient]: Okay.

[doctor]: I've ordered some blood tests, including Hemoglobin A1c, a Comprehensive Metabolic Panel, and a Lipid Panel. We need to see how your diabetes and other conditions are being managed. 

[patient]: Alright. How long will it take to get the results?

[doctor]: We should have the results back before your next visit in three months. Now, let's talk about your treatment plan. We will continue your current aspirin regimen, 81 mg orally daily. Additionally, I am prescribing Metformin 500 mg tablets, to be taken twice daily.

[patient]: Okay, I can do that.

[doctor]: It's very important to improve your dietary habits. Try to increase your intake of vegetables and reduce processed foods. Also, even modest amounts of exercise, like walking, can make a big difference.

[patient]: I'll try my best.

[doctor]: And remember, it's crucial to be consistent with your medications and to keep your follow-up appointments. This will help us manage your conditions more effectively.

[patient]: I'll make sure to do that. 

[doctor]: Excellent. Due to limited health insurance coverage, I've discussed potential resources for medication affordability and access to specialty care. We can explore community health resources and possible referrals to social services together.

[patient]: That would be really helpful. Thank you, Doctor.

[doctor]: You're welcome. Do you have any questions or concerns before we finish up today?

[patient]: No, I think that's everything. I just want to get better.

[doctor]: I understand. We'll work together to manage your health. I'll see you in three months to review your blood work results and discuss any further steps. If you have any concerns before then, don't hesitate to reach out.

[patient]: Thank you, Doctor. I'll see you in three months.

[doctor]: Take care, Mrs. Robinson. Have a good day.

[patient]: You too, Doctor. Goodbye."
LONG TERM (CURRENT) USE OF ASPIRIN|"**ROLE: General Physician**

**Patient Demographics:**
- Age: 65
- Gender: Male
- Ethnicity: Caucasian
- Socio-economic Status: Retired, middle-class
- Education Level: College graduate
- Health Literacy: High
- Job Status: Retired

**Geographical Location:**
- Urban
- Pollution and Environmental Health Risks: Low
- Neighborhood Type: Affluent, well-served by transit

**Clinical Setting:**
- Private Practice

**Type of Encounter:**
- Routine Check-up

**Medical History:**
- Previous Diagnoses: Hypertension, hyperlipidemia, osteoarthritis
- Family Medical History: Father had coronary artery disease, mother had type 2 diabetes
- Medication History: Taking Lisinopril 10mg daily, Atorvastatin 20mg daily, Aspirin 81mg daily for the past 5 years
- Allergies: None
- Chronic Conditions: Hypertension, hyperlipidemia, osteoarthritis

**Symptom Description:**
- Severity: Mild complaint
- Duration: Recent onset
- Associated Symptoms: Occasional heartburn and gastritis
- Frequency: Weekly
- Impact on Daily Activities: Minimal

**Patient’s self-reported habits and lifestyle:**
- Sleep: 7-8 hours per night, no disturbances
- Diet: Balanced, includes vegetables, fruits, and lean proteins. Avoids red meat and excessive salt.
- Exercise: Walks 30 minutes daily, moderate intensity
- Tobacco Use: None
- Alcohol Consumption: Social drinking, 1-2 drinks per week
- Drug Use: None
- Recreational Activities: Gardening, reading

**Patient's Behavior:**
- Highly cooperative, adheres to medical advice

**Physical exams:**
- Vital Signs: Blood pressure 130/85 mmHg, Heart rate 72 bpm, Respiratory rate 16 breaths per minute, Temperature 98.6°F
- Cardiovascular: Auscultation of heart: Regular rhythm, no murmurs, gallops, or rubs
- Gastrointestinal: Mild epigastric tenderness on palpation, no rebound or guarding
- Musculoskeletal: Mild tenderness in knees due to osteoarthritis, no swelling

**Investigation/Test results:**
- Awaiting: Complete blood count (CBC) and Comprehensive metabolic panel (CMP)

**Medical Outcome:**
- Diagnosis: Long term (current) use of aspirin (ICD-10: Z79.82)
- Prescribed Treatment: Continue Aspirin 81mg orally once daily
- Referral: Gastroenterology for evaluation of gastritis; Dr. Elizabeth Turner, reason: to evaluate the need for gastroprotective therapy
- Blood Work: Biochemistry panel to monitor renal function and electrolytes 
- Follow-up Recommendations: Schedule a follow-up visit in 3 months
- Lifestyle Change: Suggested to take aspirin with meals to reduce gastrointestinal upset

**Treatment Disparities:**
- None noticed in this affluent urban setting

**Native or Non-Native English Speaking Patient:**
- Native English-speaking patient"|"**1. Subjective:**

**Chief Complaint (CC):**
Routine check-up with a mild complaint of occasional heartburn and gastritis.

**History of Present Illness (HPI):**
Mr. Johnson is a 65-year-old Caucasian male presenting for a routine check-up. He reports recent onset of occasional heartburn and gastritis occurring weekly. The symptoms are mild and have a minimal impact on his daily activities. He associates the symptoms with his regular aspirin use but hasn't experienced any severe complications. He follows a balanced diet, walks 30 minutes daily, and has a high level of health literacy.

**Review of Systems (ROS):**
- Cardiovascular: No chest pain, palpitations, or dyspnea.
- Gastrointestinal: Mild epigastric tenderness; occasional heartburn and gastritis.
- Musculoskeletal: Mild knee tenderness due to osteoarthritis; no swelling.
- General: Good overall health, no weight loss, fatigue, or fever.
- Sleep: 7-8 hours per night, no disturbances.
- Lifestyle: Non-smoker, social drinker with 1-2 drinks per week, no drug use.

**2. Objective:**

- **Vital Signs:** Blood pressure 130/85 mmHg, Heart rate 72 bpm, Respiratory rate 16 breaths per minute, Temperature 98.6°F.
- **Cardiovascular:** Auscultation of heart reveals regular rhythm; no murmurs, gallops, or rubs.
- **Gastrointestinal:** Mild epigastric tenderness on palpation without rebound or guarding.
- **Musculoskeletal:** Mild tenderness in knees attributed to osteoarthritis with no swelling.

**3. Assessment:**

- Hypertension (controlled with Lisinopril)
- Hyperlipidemia (controlled with Atorvastatin)
- Osteoarthritis (mild knee tenderness)
- Occasional heartburn and gastritis likely secondary to long-term aspirin use (ICD-10: Z79.82)

**4. Plan:**

- Continue current medications: Lisinopril 10mg daily, Atorvastatin 20mg daily, Aspirin 81mg daily.
- Recommended to take aspirin with meals to reduce gastrointestinal upset.
- Referral to Gastroenterology for evaluation of gastritis (Dr. Elizabeth Turner); consider need for gastroprotective therapy.
- Awaiting results of Complete Blood Count (CBC) and Comprehensive Metabolic Panel (CMP) to monitor renal function and electrolytes.
- Schedule a follow-up visit in 3 months to reassess symptoms and review lab results.
- Encourage continued adherence to a balanced diet and daily exercise routine.
- Advised patient to monitor for any new or worsening symptoms and report them immediately.

**Notes:**
No treatment disparities observed in this affluent urban setting. Patient is a native English speaker and highly cooperative in following medical advice."|"**1. Subjective:**

**Chief Complaint (CC):**
Routine check-up with a mild complaint of occasional heartburn and gastritis.

**History of Present Illness (HPI):**
Mr. Johnson is a 65-year-old Caucasian male presenting for a routine check-up. He reports recent onset of occasional heartburn and gastritis occurring weekly. The symptoms are mild and have a minimal impact on his daily activities. He associates the symptoms with his regular aspirin use but hasn't experienced any severe complications. He follows a balanced diet, walks 30 minutes daily, and has a high level of health literacy.

**Review of Systems (ROS):**
- Cardiovascular: No chest pain, palpitations, or dyspnea.
- Gastrointestinal: Mild epigastric tenderness; occasional heartburn and gastritis.
- Musculoskeletal: Mild knee tenderness due to osteoarthritis; no swelling.
- General: Good overall health, no weight loss, fatigue, or fever.
- Sleep: 7-8 hours per night, no disturbances.
- Lifestyle: Non-smoker, social drinker with 1-2 drinks per week, no drug use.

**2. Objective:**

- **Vital Signs:** Blood pressure 130/85 mmHg, Heart rate 72 bpm, Respiratory rate 16 breaths per minute, Temperature 98.6°F.
- **Cardiovascular:** Auscultation of heart reveals regular rhythm; no murmurs, gallops, or rubs.
- **Gastrointestinal:** Mild epigastric tenderness on palpation without rebound or guarding.
- **Musculoskeletal:** Mild tenderness in knees attributed to osteoarthritis with no swelling.

**3. Assessment:**

- Hypertension (controlled with Lisinopril)
- Hyperlipidemia (controlled with Atorvastatin)
- Osteoarthritis (mild knee tenderness)
- Occasional heartburn and gastritis likely secondary to long-term aspirin use (ICD-10: Z79.82)

**4. Plan:**

- Continue current medications: Lisinopril 10mg daily, Atorvastatin 20mg daily, Aspirin 81mg daily.
- Recommended to take aspirin with meals to reduce gastrointestinal upset.
- Referral to Gastroenterology for evaluation of gastritis (Dr. Elizabeth Turner); consider need for gastroprotective therapy.
- Awaiting results of Complete Blood Count (CBC) and Comprehensive Metabolic Panel (CMP) to monitor renal function and electrolytes.
- Schedule a follow-up visit in 3 months to reassess symptoms and review lab results.
- Encourage continued adherence to a balanced diet and daily exercise routine.
- Advised patient to monitor for any new or worsening symptoms and report them immediately."|"**1. Subjective:**

**CC:**
Routine check-up with a mild c/o occasional heartburn and gastritis.

**HPI:**
Mr. Johnson is a 65 y/o Caucasian male presenting for a routine check-up. He reports recent onset of occasional heartburn and gastritis occurring weekly. The symptoms are mild and have a minimal impact on his ADLs. He associates the symptoms with his regular ASA use but hasn't experienced any severe complications. He follows a balanced diet, walks 30 mins daily, and has a high level of health literacy.

**ROS:**
- CV: No CP, palpitations, or dyspnea.
- GI: Mild epigastric tenderness; occasional heartburn and gastritis.
- MSK: Mild knee tenderness due to OA; no swelling.
- General: Good overall health, no weight loss, fatigue, or fever.
- Sleep: 7-8 hrs per night, no disturbances.
- Lifestyle: Non-smoker, social drinker with 1-2 drinks per week, no drug use.

**2. Objective:**

- **VS:** BP 130/85 mmHg, HR 72 bpm, RR 16, Temp 98.6°F.
- **CV:** Auscultation of heart reveals regular rhythm; no murmurs, gallops, or rubs.
- **GI:** Mild epigastric tenderness on palpation without rebound or guarding.
- **MSK:** Mild tenderness in knees attributed to OA with no swelling.

**3. Assessment:**

- HTN (controlled with Lisinopril)
- HLD (controlled with Atorvastatin)
- OA (mild knee tenderness)
- Occasional heartburn and gastritis likely 2/2 long-term ASA use (ICD-10: Z79.82)

**4. Plan:**

- Continue current meds: Lisinopril 10mg daily, Atorvastatin 20mg daily, ASA 81mg daily.
- Recommended to take ASA with meals to reduce GI upset.
- Referral to GI for eval of gastritis (Dr. Elizabeth Turner); consider need for gastroprotective therapy.
- Awaiting results of CBC and CMP to monitor renal function and electrolytes.
- Schedule a f/u visit in 3 months to reassess symptoms and review lab results.
- Encourage continued adherence to a balanced diet and daily exercise routine.
- Advised pt to monitor for any new or worsening symptoms and report them immediately."|General Physician**|"[doctor] Hi Mr. Johnson, how are you doing today?

[patient] Hello, doctor. I'm doing well, thanks. Just here for my routine check-up.

[doctor] Great to hear. I see from your records that you mentioned some occasional heartburn and gastritis. Can you tell me a bit more about that?

[patient] Sure. I've been having some mild heartburn and gastritis about once a week. It's not too bad, but I think it might be related to my aspirin use.

[doctor] Okay, I see. How long have these symptoms been going on?

[patient] It's been a few months now. They’re mild and don’t really affect my daily activities much.

[doctor] Do you notice anything in particular that seems to trigger these symptoms?

[patient] Not really. It just seems to happen randomly. But I do take aspirin regularly, and I wonder if that might be causing it.

[doctor] That’s possible. Aspirin can sometimes cause gastrointestinal upset, especially with long-term use. Have you had any severe complications, like vomiting blood or very dark stools?

[patient] No, nothing like that. Just the mild heartburn and some tenderness in my stomach area.

[doctor] Alright. Let’s go through a few more details. Do you have any chest pain, palpitations, or shortness of breath?

[patient] No, I haven’t experienced any of those.

[doctor] And how about your gastrointestinal symptoms? Any changes in your bowel movements, severe abdominal pain, or nausea?

[patient] No, just the occasional heartburn and mild tenderness.

[doctor] Okay, let’s move on to your musculoskeletal system. You've mentioned mild knee tenderness due to osteoarthritis. Any swelling or increased pain recently?

[patient] No swelling, just the usual mild tenderness.

[doctor] How’s your general health been? Any weight loss, fatigue, or fever?

[patient] No, I feel good overall. No weight loss, fatigue, or fever.

[doctor] That’s good to hear. How about your sleep? Are you getting enough rest?

[patient] I usually get about 7-8 hours of sleep per night, and I don’t have any issues with disturbances.

[doctor] Excellent. And remind me, do you smoke or drink?

[patient] I don’t smoke, and I’m a social drinker. I have about 1-2 drinks per week.

[doctor] Any drug use?

[patient] No, none at all.

[doctor] Thanks for all that information, Mr. Johnson. Let’s take a look at your vitals now. Your blood pressure is 130/85 mmHg, your heart rate is 72 beats per minute, your respiratory rate is 16 breaths per minute, and your temperature is 98.6°F. All of these are within normal limits.

[patient] That’s good to hear.

[doctor] Let me perform a quick physical examination. First, I'll listen to your heart. Your heart rhythm is regular and I don't hear any murmurs, gallops, or rubs.

[patient] That’s a relief.

[doctor] Now, I’m going to check your abdomen. You mentioned some mild epigastric tenderness. I can feel that tenderness, but there’s no rebound or guarding, which is a good sign.

[patient] Okay.

[doctor] Finally, let’s check your knees. I can feel some mild tenderness but no swelling, consistent with your osteoarthritis.

[patient] Right, that’s what I’ve been feeling.

[doctor] Based on your symptoms and my examination, it looks like your hypertension and hyperlipidemia are well-controlled with Lisinopril and Atorvastatin. The mild knee tenderness is consistent with osteoarthritis, and your occasional heartburn and gastritis are likely secondary to your long-term aspirin use.

[patient] That makes sense.

[doctor] Here’s what I recommend: continue with your current medications—Lisinopril 10mg daily, Atorvastatin 20mg daily, and Aspirin 81mg daily. But try taking your aspirin with meals to reduce the chances of gastrointestinal upset.

[patient] I can do that.

[doctor] I’m also going to refer you to Dr. Elizabeth Turner, a gastroenterologist, for further evaluation of your gastritis. She might consider starting you on a gastroprotective therapy.

[patient] Sounds good. 

[doctor] We’re also awaiting the results of your Complete Blood Count and Comprehensive Metabolic Panel to monitor your renal function and electrolytes. We’ll review these results and your symptoms at your follow-up visit in three months.

[patient] Okay, I’ll be there.

[doctor] In the meantime, keep up with your balanced diet and daily exercise routine. Walking 30 minutes daily is great for your health.

[patient] I will. 

[doctor] If you notice any new or worsening symptoms, let us know right away.

[patient] I definitely will, doctor. 

[doctor] And just to confirm, you’re a non-smoker and a social drinker with 1-2 drinks per week, right?

[patient] That’s correct.

[doctor] Great. I’ll also make a note that there are no treatment disparities in your case, given that you’re in an affluent urban setting and highly cooperative with medical advice.

[patient] Yes, I understand.

[doctor] Excellent, Mr. Johnson. We’ll see you in three months, unless you need to come in sooner for any reason.

[patient] Alright, thank you, doctor.

[doctor] You’re welcome. Have a great day!

[patient] You too, doctor. Bye!

[doctor] Bye!"|"[doctor] Hi Mr. Johnson, how are you doing today?

[patient] Hello, doctor. I'm doing well, thanks. Just here for my routine check-up.

[doctor] Great to hear. I see from your records that you mentioned some occasional heartburn and gastritis. Can you tell me a bit more about that?

[patient] Sure. I've been having some mild heartburn and gastritis about once a week. It's not too bad, but I think it might be related to my aspirin use.

[doctor] Okay, I see. How long have these symptoms been going on?

[patient] It's been a few months now. They’re mild and don’t really affect my daily activities much.

[doctor] Do you notice anything in particular that seems to trigger these symptoms?

[patient] Not really. It just seems to happen randomly. But I do take aspirin regularly, and I wonder if that might be causing it.

[doctor] That’s possible. Aspirin can sometimes cause gastrointestinal upset, especially with long-term use. Have you had any severe complications, like vomiting blood or very dark stools?

[patient] No, nothing like that. Just the mild heartburn and some tenderness in my stomach area.

[doctor] Alright. Let’s go through a few more details. Do you have any chest pain, palpitations, or shortness of breath?

[patient] No, I haven’t experienced any of those.

[doctor] And how about your gastrointestinal symptoms? Any changes in your bowel movements, severe abdominal pain, or nausea?

[patient] No, just the occasional heartburn and mild tenderness.

[doctor] Okay, let’s move on to your musculoskeletal system. You've mentioned mild knee tenderness due to osteoarthritis. Any swelling or increased pain recently?

[patient] No swelling, just the usual mild tenderness.

[doctor] How’s your general health been? Any weight loss, fatigue, or fever?

[patient] No, I feel good overall. No weight loss, fatigue, or fever.

[doctor] That’s good to hear. How about your sleep? Are you getting enough rest?

[patient] I usually get about 7-8 hours of sleep per night, and I don’t have any issues with disturbances.

[doctor] Excellent. And remind me, do you smoke or drink?

[patient] I don’t smoke, and I’m a social drinker. I have about 1-2 drinks per week.

[doctor] Any drug use?

[patient] No, none at all.

[doctor] Thanks for all that information, Mr. Johnson. Let’s take a look at your vitals now. Your blood pressure is 130/85 mmHg, your heart rate is 72 beats per minute, your respiratory rate is 16 breaths per minute, and your temperature is 98.6°F. All of these are within normal limits.

[patient] That’s good to hear.

[doctor] Let me perform a quick physical examination. First, I'll listen to your heart. Your heart rhythm is regular and I don't hear any murmurs, gallops, or rubs.

[patient] That’s a relief.

[doctor] Now, I’m going to check your abdomen. You mentioned some mild epigastric tenderness. I can feel that tenderness, but there’s no rebound or guarding, which is a good sign.

[patient] Okay.

[doctor] Finally, let’s check your knees. I can feel some mild tenderness but no swelling, consistent with your osteoarthritis.

[patient] Right, that’s what I’ve been feeling.

[doctor] Based on your symptoms and my examination, it looks like your hypertension and hyperlipidemia are well-controlled with Lisinopril and Atorvastatin. The mild knee tenderness is consistent with osteoarthritis, and your occasional heartburn and gastritis are likely secondary to your long-term aspirin use.

[patient] That makes sense.

[doctor] Here’s what I recommend: continue with your current medications—Lisinopril 10mg daily, Atorvastatin 20mg daily, and Aspirin 81mg daily. But try taking your aspirin with meals to reduce the chances of gastrointestinal upset.

[patient] I can do that.

[doctor] I’m also going to refer you to Dr. Elizabeth Turner, a gastroenterologist, for further evaluation of your gastritis. She might consider starting you on a gastroprotective therapy.

[patient] Sounds good.

[doctor] We’re also awaiting the results of your Complete Blood Count and Comprehensive Metabolic Panel to monitor your renal function and electrolytes. We’ll review these results and your symptoms at your follow-up visit in three months.

[patient] Okay, I’ll be there.

[doctor] In the meantime, keep up with your balanced diet and daily exercise routine. Walking 30 minutes daily is great for your health.

[patient] I will.

[doctor] If you notice any new or worsening symptoms, let us know right away.

[patient] I definitely will, doctor.

[doctor] And just to confirm, you’re a non-smoker and a social drinker with 1-2 drinks per week, right?

[patient] That’s correct.

[doctor] Great. I’ll also make a note that there are no treatment disparities in your case, given that you’re in an affluent urban setting and highly cooperative with medical advice.

[patient] Yes, I understand.

[doctor] Excellent, Mr. Johnson. We’ll see you in three months, unless you need to come in sooner for any reason.

[patient] Alright, thank you, doctor.

[doctor] You’re welcome. Have a great day!

[patient] You too, doctor. Bye!

[doctor] Bye!"
LONG TERM (CURRENT) USE OF ASPIRIN|"ROLE: Family Medicine Physician

- **Medical Outcome:**
  - Diagnosis: Long term (current) use of aspirin (ICD-10: Z79.82)
  - Prescribed Treatment: Monitor for gastrointestinal issues, recommend concurrent use of a proton pump inhibitor (omeprazole 20 mg daily, 30 tablets, oral route) to prevent ulcers.
  - Follow-up Recommendations: Regular follow-up every 6 months to monitor for potential side effects.
  - Referral to Specialists: Referral to a gastroenterologist (Dr. Jane Smith) for upper gastrointestinal endoscopy due to the long-term aspirin use.
  - Medication Adjustment: Continue current regimen of aspirin, add omeprazole as stated above.
  - Lifestyle Change: Advise on diet modifications to minimize gastrointestinal irritation, recommend stopping smoking if the patient smokes (specific tailored advice to be provided).

- **Medical History:**
  - Previous Diagnoses: History of myocardial infarction 2 years ago.
  - Medication History: Currently taking 81 mg aspirin daily.
  - Allergies: No known allergies.
  - Chronic Conditions: Hypertension, well-controlled on medication.

- **Symptom Description:**
  - Severity: Currently asymptomatic.
  - Duration: N/A (preventative use of aspirin).
  - Associated Symptoms: N/A
  - Frequency: Daily.
  - Impact on Daily Activities: No significant impact reported.

- **Patient’s Self-Reported Habits and Lifestyle:**
  - Sleep: 7-8 hours per night.
  - Diet: Generally balanced, occasional spicy food.
  - Exercise: Walks 30 minutes daily.
  - Tobacco Use: Smokes half a pack of cigarettes per day.
  - Alcohol Consumption: Occasional social drinker.
  - Drug Use: Denies any non-prescribed drug use.
  - Recreational Activities: Enjoys gardening and reading.

- **Demographic Information:**
  - Age: 65
  - Gender: Male
  - Ethnicity: Caucasian
  - Socio-economic Status: Middle-class
  - Education Level: High school graduate
  - Health Literacy: Moderate
  - Job Status: Retired

- **Patient's Behavior:**
  - Moderate cooperation with medical advice; some resistance to medication changes.

- **Geographical Location:**
  - Urban setting.
  - Well-served by transit.
  - Neighborhood: Affluent area with good access to healthcare facilities.

- **Clinical Setting:**
  - Private Practice.

- **Type of Encounter:**
  - Routine Check-up.

- **Treatment Disparities:**
  - N/A (Patient has good insurance coverage and access to healthcare.)

- **Native or Non-Native English Speaking Patient:**
  - Native English Speaker.

- **Physical Exams:**
  - Measurement of vitals: Blood pressure 130/75.
  - Abdominal examination: Normal bowel sounds, non-tender, no organomegaly.

- **Investigation/Test Results:**
  - Recent blood tests (CBC, Liver Function Test, Renal Function) all within normal limits.
  - Hemoglobin: 14 g/dL
  - Platelets: 250,000 per microliter
  - Awaiting upper gastrointestinal endoscopy results."|Rejected|Rejected|Rejected|Rejected||
LONG TERM (CURRENT) USE OF ASPIRIN|"ROLE: Family Medicine Physician

- **Medical Outcome:**
  - Diagnosis: Long term (current) use of aspirin (ICD-10: Z79.82)
  - Prescribed Treatment: Continue current regimen of aspirin. Recommend concurrent use of famotidine 20 mg twice daily to prevent gastrointestinal irritation (60 tablets, oral route)
  - Follow-up Recommendations: Follow-up in 3 months to assess tolerance and efficacy of the added medication.
  - Referral to Specialists: Referral to a cardiologist (Dr. John Doe) for a routine cardiac evaluation due to the patient's cardiovascular history.
  - Medication Adjustment: Continue aspirin, add famotidine as stated above.
  - Lifestyle Change: Advise reduction in alcohol intake and encourage weight loss efforts through diet modification and increased physical activity.

- **Medical History:**
  - Previous Diagnoses: History of transient ischemic attack (TIA) 1 year ago.
  - Medication History: Currently taking 325 mg aspirin daily and atorvastatin 20 mg daily.
  - Allergies: Allergic to penicillin.
  - Chronic Conditions: Type 2 diabetes, moderately controlled.

- **Symptom Description:**
  - Severity: None reported.
  - Duration: N/A.
  - Associated Symptoms: N/A.
  - Frequency: Daily.
  - Impact on Daily Activities: No significant impact reported.

- **Patient’s Self-Reported Habits and Lifestyle:**
  - Sleep: 5-6 hours per night, has difficulty sleeping.
  - Diet: High in carbohydrates and processed foods.
  - Exercise: Minimal physical activity, occasional walking.
  - Tobacco Use: Non-smoker.
  - Alcohol Consumption: Drinks 2-3 glasses of wine daily.
  - Drug Use: Denies any non-prescribed drug use.
  - Recreational Activities: Limited due to physical inactivity.

- **Demographic Information:**
  - Age: 70
  - Gender: Female
  - Ethnicity: African American
  - Socio-economic Status: Lower-middle class
  - Education Level: Some college education
  - Health Literacy: Low to moderate
  - Job Status: Retired, previously worked as a school teacher

- **Patient's Behavior:**
  - Variable cooperation with medical advice, frequently forgets to take medications and follow dietary recommendations.

- **Geographical Location:**
  - Small city.
  - Variable access to healthcare facilities, relies on a community health center.
  - Neighborhood: Economically disadvantaged area with limited access to healthy food options.

- **Clinical Setting:**
  - Community Health Services.

- **Type of Encounter:**
  - Chronic Disease Management.

- **Treatment Disparities:**
  - Potential disparities due to limited financial resources and lower access to advanced healthcare.

- **Native or Non-Native English Speaking Patient:**
  - Native English Speaker.

- **Physical Exams:**
  - Blood pressure: 145/85.
  - Weight: 180 lbs; Height: 5'3"".
  - Abdominal examination: Slight tenderness in the epigastric region, no masses or organomegaly.

- **Investigation/Test Results:**
  - Recent blood tests: Hemoglobin A1c 7.8%, fasting glucose 130 mg/dL.
  - Basic Metabolic Panel: Within normal limits.
  - Lipid Panel: Total cholesterol 220 mg/dL, LDL 130 mg/dL, HDL 45 mg/dL, Triglycerides 160 mg/dL.
  - Awaiting non-urgent echocardiogram results ordered by the cardiologist."|Rejected|Rejected|Rejected|Rejected||
LONG TERM (CURRENT) USE OF ASPIRIN|"ROLE: Family Medicine Physician

- **Medical Outcome:**
  - Diagnosis: Long term (current) use of aspirin (ICD-10: Z79.82)
  - Prescribed Treatment: Continue current regimen of aspirin. Recommend concurrent use of ranitidine 150 mg twice daily to prevent gastrointestinal irritation (60 tablets, oral route)
  - Follow-up Recommendations: Follow-up in 1 month to assess tolerance and efficacy of the added medication.
  - Referral to Specialists: Referral to an ophthalmologist (Dr. Alice Johnson) for an eye examination due to the potential risk of aspirin-related macular degeneration.
  - Medication Adjustment: Continue aspirin, add ranitidine as stated above.
  - Lifestyle Change: Encourage smoking cessation through a structured smoking cessation program, suggest dietary changes to reduce sodium intake, and promote moderate exercise.

- **Medical History:**
  - Previous Diagnoses: Gastroesophageal reflux disease (GERD) diagnosed 3 years ago.
  - Medication History: Currently taking 81 mg aspirin daily, metformin 1000 mg twice daily, and lisinopril 10 mg daily.
  - Allergies: Allergic to sulfa drugs.
  - Chronic Conditions: Hypertension and type 2 diabetes, both moderately controlled.

- **Symptom Description:**
  - Severity: Mild discomfort reported.
  - Duration: N/A.
  - Associated Symptoms: Mild epigastric discomfort occasionally.
  - Frequency: Several times per week.
  - Impact on Daily Activities: Mild impact, manages with dietary adjustments.

- **Patient’s Self-Reported Habits and Lifestyle:**
  - Sleep: 6-7 hours per night, occasionally wakes up due to acid reflux.
  - Diet: High in fast foods and sugary snacks.
  - Exercise: Rarely exercises, mostly sedentary lifestyle.
  - Tobacco Use: Smokes one pack of cigarettes per day for the past 30 years.
  - Alcohol Consumption: Rarely drinks alcohol.
  - Drug Use: Denies any non-prescribed drug use.
  - Recreational Activities: Limited, mostly watches TV.

- **Demographic Information:**
  - Age: 55
  - Gender: Male
  - Ethnicity: Hispanic
  - Socio-economic Status: Lower-middle class
  - Education Level: High school diploma
  - Health Literacy: Low
  - Job Status: Works as a construction worker

- **Patient's Behavior:**
  - Low cooperation with medical advice; frequently misses appointments and medication doses.

- **Geographical Location:**
  - Rural setting.
  - Limited access to healthcare facilities, nearest hospital is 30 miles away.
  - Neighborhood: Impoverished area with minimal public services.

- **Clinical Setting:**
  - Community Health Clinic.

- **Type of Encounter:**
  - Initial Consultation for Medication Management.

- **Treatment Disparities:**
  - Patient faces financial constraints limiting access to advanced treatments and specialty care.

- **Native or Non-Native English Speaking Patient:**
  - Non-Native English Speaker; primary language is Spanish.

- **Physical Exams:**
  - General exam: Overweight with a BMI of 29.
  - Abdominal examination: Mild epigastric tenderness, no masses or organomegaly.
  - Blood pressure: 150/92.

- **Investigation/Test Results:**
  - Recent blood tests: Hemoglobin A1c 8.2%, fasting glucose 140 mg/dL.
  - Comprehensive Metabolic Panel: Elevated liver enzymes, ALT 55 U/L, AST 48 U/L.
  - Lipid Panel: Total cholesterol 210 mg/dL, LDL 120 mg/dL, HDL 35 mg/dL, Triglycerides 145 mg/dL.
  - Awaiting results of a scheduled abdominal ultrasound to rule out any liver abnormalities."|Rejected|Rejected|Rejected|Rejected||
LONG TERM (CURRENT) USE OF ASPIRIN|"ROLE: General Physician

**Scenario:**

1) Medical Outcome:
   - Diagnosis: Long-term (current) use of aspirin.
   - Prescribed Treatment: Continue current aspirin therapy.
   - Follow-up Recommendations: Routine follow-up in 3 months.
   - Referral to Specialists: Referral to Hematologist for evaluation of bleeding risks, Dr. Emily Harris.
   - Medication Adjustment: NA
   - Lifestyle Change: Encouraged to monitor any signs of bleeding or bruising.

2) Medical History:
   - Previous Diagnoses: Hypertension, Chronic Back Pain.
   - Family Medical History: Mother had stroke at age 68, Father has hypertension.
   - Medication History: Aspirin 81 mg daily for 5 years, Lisinopril 10 mg daily, Ibuprofen 400 mg as needed for back pain.
   - Allergies: No known drug allergies.
   - Chronic Conditions: Hypertension.

3) Symptom Description:
   - Severity: Mild headaches occasionally.
   - Duration: Headaches last 1-2 hours.
   - Associated Symptoms: None.
   - Frequency: Once or twice a week.
   - Impact on Daily Activities: Minimal impact, able to manage with rest.

4) Patient’s self-reported habits and lifestyle:
   - Sleep: Averaging 6-7 hours of sleep per night.
   - Diet: Balanced diet, low-sodium intake.
   - Exercise: Walks 30 minutes daily.
   - Tobacco Use: None.
   - Alcohol Consumption: 1-2 glasses of wine per week.
   - Drug Use: None.
   - Recreational Activities: Gardening and reading.

5) Demographic Information:
   - Age: 55
   - Gender: Male
   - Ethnicity: Caucasian
   - Socio-economic Status: Middle class
   - Education Level: College graduate
   - Health Literacy: Good
   - Job Status: Financial advisor, full-time employment

6) Patient's Behavior:
   - Cooperation: Highly cooperative and adheres to medical advice.

7) Geographical Location:
   - Big City vs Small City: Big city
   - Rural vs Urban: Urban
   - Pollution and Environmental Health Risks: Moderate pollution levels
   - Neighborhood Type: Affluent, well-served by transit, access to healthy foods

8) Clinical Setting:
   - Clinics: Private practice

9) Type of Encounter:
   - Type of Encounter: Follow-up

10) Treatment Disparities:
   - Treatment Disparities: None noted.

11) Native or Non-Native English Speaking Patient:
   - Native English Speaking Patient.

12) Physical exams:
   - Blood Pressure: 128/76 mm Hg
   - General Examination: Unremarkable
   - Cardiovascular: Regular rate and rhythm, no murmurs
   - Abdomen: Soft, non-tender

13) Investigation/Test results:
   - NA"|Rejected|Rejected|Rejected|Rejected||
LONG TERM (CURRENT) USE OF ASPIRIN|"ROLE: General Physician

**Scenario:**

1) Medical Outcome:
   - Diagnosis: Long-term (current) use of aspirin.
   - Prescribed Treatment: Continue current aspirin therapy.
   - Follow-up Recommendations: Routine follow-up in 3 months to monitor for GI issues.
   - Referral to Specialists: Referral to Gastroenterologist for evaluation of GI symptoms, Dr. Jane Smith.
   - Medication Adjustment: Consider adding a proton pump inhibitor if GI symptoms worsen.
   - Lifestyle Change: Encouraged to monitor for signs of GI bleeding or bruising.

2) Medical History:
   - Previous Diagnoses: Osteoarthritis, Hypothyroidism.
   - Family Medical History: Brother with ischemic heart disease, Mother had GERD.
   - Medication History: Aspirin 81 mg daily for 3 years, Levothyroxine 50 mcg daily, Ibuprofen 800 mg as needed for joint pain.
   - Allergies: Penicillin.
   - Chronic Conditions: Osteoarthritis, Hypothyroidism.

3) Symptom Description:
   - Severity: Mild epigastric discomfort occasionally.
   - Duration: Discomfort lasts 30 minutes to 1 hour.
   - Associated Symptoms: Mild nausea.
   - Frequency: Once or twice a week.
   - Impact on Daily Activities: Minimal, resolves with antacids.

4) Patient’s self-reported habits and lifestyle:
   - Sleep: Averaging 7-8 hours of sleep per night.
   - Diet: Balanced diet, focuses on anti-inflammatory foods.
   - Exercise: Low-impact exercises, yoga 3 times a week.
   - Tobacco Use: None.
   - Alcohol Consumption: None.
   - Drug Use: None.
   - Recreational Activities: Book club and painting.

5) Demographic Information:
   - Age: 62
   - Gender: Female
   - Ethnicity: African American
   - Socio-economic Status: Upper middle class
   - Education Level: Master's degree
   - Health Literacy: High
   - Job Status: Retired teacher

6) Patient's Behavior:
   - Cooperation: Highly cooperative and follows medical advice diligently.

7) Geographical Location:
   - Big City vs Small City: Small city
   - Rural vs Urban: Suburban
   - Pollution and Environmental Health Risks: Low pollution levels
   - Neighborhood Type: Affluent, access to organic markets and parks

8) Clinical Setting:
   - Clinics: Community Health Services

9) Type of Encounter:
   - Type of Encounter: Routine Check-up

10) Treatment Disparities:
   - Treatment Disparities: None noted.

11) Native or Non-Native English Speaking Patient:
   - Native English Speaking Patient.

12) Physical exams:
   - Blood Pressure: 130/80 mm Hg
   - General Examination: Slight tenderness in the epigastric region
   - Cardiovascular: Regular rate and rhythm, no murmurs
   - Abdomen: Soft, mild tenderness in epigastric area, no rebound tenderness

13) Investigation/Test results:
   - Order for Blood Work: Complete blood count to check for anemia due to potential GI bleeding.
   - Order for Imaging: Abdominal ultrasound to evaluate for any potential GI tract abnormalities."|Rejected|Rejected|Rejected|Rejected||
LONG TERM (CURRENT) USE OF ASPIRIN|"ROLE: General Physician

**Scenario:**

1) Medical Outcome:
   - Diagnosis: Long-term (current) use of aspirin.
   - Prescribed Treatment: Continue current aspirin therapy.
   - Follow-up Recommendations: Follow-up visit in 6 months.
   - Referral to Specialists: Referral to Cardiologist for routine evaluation of cardiovascular health, Dr. John Miller.
   - Medication Adjustment: Addition of a GI protectant if symptoms worsen.
   - Lifestyle Change: Encouraged to follow a heart-healthy diet.

2) Medical History:
   - Previous Diagnoses: GERD, Hypertension, Type 2 Diabetes.
   - Family Medical History: Father with coronary artery disease, Mother with type 2 diabetes.
   - Medication History: Aspirin 81 mg daily for 2 years, Metformin 500 mg twice daily, Lisinopril 10 mg daily, Omeprazole 20 mg daily.
   - Allergies: Sulfa drugs.
   - Chronic Conditions: GERD, Hypertension, Type 2 Diabetes.

3) Symptom Description:
   - Severity: Mild epigastric discomfort.
   - Duration: On and off for 3 months.
   - Associated Symptoms: Occasional heartburn.
   - Frequency: Weekly.
   - Impact on Daily Activities: Minimal, managed with dietary changes.

4) Patient’s self-reported habits and lifestyle:
   - Sleep: Averages 6 hours of sleep per night.
   - Diet: Predominantly high-fat and fast food.
   - Exercise: Limited, irregular.
   - Tobacco Use: Smokes 1 pack per day.
   - Alcohol Consumption: 2-3 beers per week.
   - Drug Use: None.
   - Recreational Activities: Watches TV, plays video games.

5) Demographic Information:
   - Age: 55
   - Gender: Male
   - Ethnicity: Hispanic
   - Socio-economic Status: Lower middle class
   - Education Level: High school graduate
   - Health Literacy: Moderate
   - Job Status: Factory worker

6) Patient's Behavior:
   - Cooperation: Low cooperation with medical advice, finds it hard to make lifestyle changes.

7) Geographical Location:
   - Big City vs Small City: Small city
   - Rural vs Urban: Rural
   - Pollution and Environmental Health Risks: Low pollution.
   - Neighborhood Type: Impoverished, food desert.

8) Clinical Setting:
   - Hospitals: Community hospital outpatient clinic

9) Type of Encounter:
   - Type of Encounter: Initial Consultation

10) Treatment Disparities:
   - Treatment Disparities: Financial constraints affect ability to access all recommended treatments.

11) Native or Non-Native English Speaking Patient:
   - Non-Native English Speaking Patient.

12) Physical exams:
   - Blood Pressure: 140/90 mm Hg
   - General Examination: Mild obesity, BMI 30
   - Cardiovascular: Regular rate and rhythm, no murmurs
   - Abdomen: Mild tenderness in the epigastric area, bowel sounds normoactive

13) Investigation/Test results:
   - Order for Blood Work: Comprehensive metabolic panel to monitor kidney function and blood glucose.
   - Order for Imaging: NA"|Rejected|Rejected|Rejected|Rejected||
LONG TERM (CURRENT) USE OF ASPIRIN|"ROLE: Family Medicine Physician

1. Medical Outcome: 
    - Continue current aspirin regimen (81 mg oral daily)
    - Follow-up recommendation: Regular monitoring of blood tests to check for any adverse effects, including bleeding risk
    - Lifestyle recommendation: Emphasis on balanced diet and moderate exercise

2. Medical History:
    - Previous Diagnoses: Hypertension, Hyperlipidemia
    - Family Medical History: History of cardiovascular disease (father)
    - Medication History: On aspirin 81 mg daily for the past 2 years, Atorvastatin 20 mg daily 
    - Allergies: None
    - Chronic Conditions: Hypertension, Hyperlipidemia

3. Symptom Description:
    - Severity: N/A (Asymptomatic)
    - Duration: N/A
    - Associated Symptoms: Occasional minor bruising
    - Frequency: N/A
    - Impact on Daily Activities: None reported

4. Patient’s self-reported habits and lifestyle:
    - Sleep: 7-8 hours per night
    - Diet: Balanced diet, includes fruits, vegetables, and whole grains
    - Exercise: Daily walks for 30 minutes
    - Tobacco Use: None
    - Alcohol Consumption: Occasionally, 1-2 glasses of wine per week
    - Drug Use: None
    - Recreational Activities: Gardening, walking

5. Demographic Information:
    - Age: 68
    - Gender: Male
    - Ethnicity: Caucasian
    - Socio-economic Status: Middle-class
    - Education Level: College graduate
    - Health Literacy: High
    - Job Status: Retired

6. Patient's Behavior: Highly cooperative and follows medical advice meticulously

7. Geographical Location:
    - Urban environment, moderate to low pollution
    - Neighborhood: Affluent, well-served by transit, plenty of access to grocery stores and fresh produce

8. Clinical Setting: Private Practice

9. Type of Encounter: Follow-up

10. Treatment Disparities: None noted, patient has insurance and access to medications

11. Native English Speaking Patient.

12. Physical Examination:
    - Cardiovascular: Normal heart sounds, no murmurs, or gallops
    - Gastrointestinal: Abdomen soft, non-tender, normal bowel sounds
    - Musculoskeletal: No signs of joint swelling or tenderness
    - Dermatological: Mild bruising on arms, no other abnormalities

13. Investigation/Test results:
    - Orders for blood work: CBC, PT/INR, and Metabolic Panel

"|Rejected|Rejected|Rejected|Rejected||
