Disease Description|Scenario|Note|Polished Note|Abbreviated Note|Role|dial|polished_dial
ENCOUNTER FOR ANTINEOPLASTIC CHEMOTHERAPY|"ROLE: Medical Oncologist

* Medical Outcome: The patient will receive antineoplastic chemotherapy, with the specifics of the treatment to be determined based on the patient's overall health, medical history, and the stage and type of cancer. The treatment plan will include the administration of one or more antineoplastic agents, such as doxorubicin (20 mg/m2, intravenous, every 3 weeks, for 6 cycles), cyclophosphamide (500 mg/m2, intravenous, every 3 weeks, for 6 cycles), and paclitaxel (80 mg/m2, intravenous, every week, for 12 weeks). 
    Referral to specialists, such as a radiation oncologist, may be necessary for the administration of radiation therapy. Follow-up appointments will be scheduled to monitor the patient's response to treatment, manage side effects, and adjust the treatment plan as needed. 
    Medication adjustments may include dose reductions or changes in the administration schedule. Lifestyle changes, such as maintaining a healthy diet and engaging in regular exercise, will be recommended to help manage side effects and support overall health.
* Medical History: Previous diagnoses, including any history of cancer or other chronic conditions; family medical history, including any history of cancer or genetic disorders; medication history, including any previous chemotherapy or radiation therapy; allergies, including any known allergies to chemotherapy agents; chronic conditions, such as diabetes or heart disease.
* Symptom Description: The patient's symptoms, including any pain, fatigue, or nausea, will be closely monitored and managed throughout treatment. The severity, duration, and frequency of symptoms will be assessed, and associated symptoms, such as changes in appetite or sleep patterns, will be evaluated. The impact of symptoms on daily activities will be assessed, and strategies to minimize disruptions will be developed.
* Patient’s self-reported habits and lifestyle: The patient's sleep patterns, diet, exercise habits, tobacco use, and alcohol consumption will be assessed, and recommendations will be made to support healthy habits and minimize potential risks.
* Demographic Information: The patient's age (55), gender (female), ethnicity (Caucasian), socio-economic status (middle class), education level (college-educated), health literacy (high), and job status (employed) will be considered when developing the treatment plan.
* Patient's Behavior: The patient's level of cooperation with medical advice and willingness to adhere to the treatment plan will be assessed, and strategies to support adherence will be developed.
* Geographical Location: The patient's location (urban) and access to healthcare services will be considered when developing the treatment plan.
* Clinical Setting: The treatment will be administered in an outpatient clinic, with referrals to other specialties, such as radiation oncology, as needed.
* Type of Encounter: The encounter is for the administration of antineoplastic chemotherapy, with follow-up appointments scheduled to monitor the patient's response to treatment.
* Treatment Disparities: The patient's socio-economic status and health literacy will be considered when developing the treatment plan, and strategies to address potential disparities will be implemented.
* Native or Non-Native English Speaking Patient: The patient's language preferences and abilities will be assessed, and interpreters or translated materials will be provided as needed.
* Physical exams: A thorough physical exam, including vital signs and a review of systems, will be conducted at each visit to monitor the patient's response to treatment and manage side effects.
* Investigation/Test results: Laboratory tests, including complete blood counts and chemistry panels, will be conducted regularly to monitor the patient's response to treatment and manage side effects. Imaging studies, such as CT scans or MRIs, may be ordered as needed to assess the patient's disease status."|"**1. Subjective:**
            Chief Complaint (CC): The patient is a 55-year-old Caucasian female who presents for the administration of antineoplastic chemotherapy for the treatment of cancer.
            History of Present Illness (HPI): The patient has a history of cancer and has been diagnosed with a type of cancer that requires chemotherapy. She reports experiencing symptoms such as fatigue, nausea, and pain, which are being closely monitored and managed throughout treatment.
            Review of Systems (ROS): The patient's sleep patterns, diet, exercise habits, tobacco use, and alcohol consumption have been assessed, and recommendations have been made to support healthy habits and minimize potential risks.
            Symptom Description: The patient's symptoms, including any pain, fatigue, or nausea, are being closely monitored and managed throughout treatment. The severity, duration, and frequency of symptoms are being assessed, and associated symptoms, such as changes in appetite or sleep patterns, are being evaluated.
        
        **2. Objective:**
            Vital Signs: The patient's vital signs, including blood pressure, heart rate, and temperature, are being monitored regularly.
            Physical Examination: A thorough physical exam, including vital signs and a review of systems, is being conducted at each visit to monitor the patient's response to treatment and manage side effects.
            Investigation/Test Results: Laboratory tests, including complete blood counts and chemistry panels, are being conducted regularly to monitor the patient's response to treatment and manage side effects. Imaging studies, such as CT scans or MRIs, may be ordered as needed to assess the patient's disease status.
            Medications: The patient is being administered antineoplastic chemotherapy, with the specifics of the treatment determined based on the patient's overall health, medical history, and the stage and type of cancer.
        
        **3. Assessment:**
            The patient's cancer diagnosis and treatment plan are being continuously assessed and adjusted as needed to ensure the best possible outcomes.
            The patient's response to treatment is being closely monitored, and adjustments to the treatment plan are being made as needed to manage side effects and optimize treatment efficacy.
            The patient's overall health and well-being are being considered when developing the treatment plan, and strategies to support healthy habits and minimize potential risks are being implemented.
        
        **4. Plan:**
            The patient will receive antineoplastic chemotherapy, with the specifics of the treatment determined based on the patient's overall health, medical history, and the stage and type of cancer.
            Follow-up appointments will be scheduled to monitor the patient's response to treatment, manage side effects, and adjust the treatment plan as needed.
            Medication adjustments may include dose reductions or changes in the administration schedule.
            Lifestyle changes, such as maintaining a healthy diet and engaging in regular exercise, will be recommended to help manage side effects and support overall health.
            Referral to specialists, such as a radiation oncologist, may be necessary for the administration of radiation therapy.
            The patient will be provided with education and support to help manage side effects and optimize treatment outcomes."|"**1. Subjective:**
            Chief Complaint (CC): Emily Wilson, a 55-year-old Caucasian female, presents for the administration of antineoplastic chemotherapy for the treatment of cancer.
            History of Present Illness (HPI): Emily has a history of cancer and has been diagnosed with a type of cancer that requires chemotherapy. She reports experiencing symptoms such as fatigue, nausea, and pain, which are being closely monitored and managed throughout treatment.
            Review of Systems (ROS): Emily's sleep patterns, diet, exercise habits, tobacco use, and alcohol consumption have been assessed, and recommendations have been made to support healthy habits and minimize potential risks.
            Symptom Description: Emily's symptoms, including any pain, fatigue, or nausea, are being closely monitored and managed throughout treatment. The severity, duration, and frequency of symptoms are being assessed, and associated symptoms, such as changes in appetite or sleep patterns, are being evaluated.
        
        **2. Objective:**
            Vital Signs: Emily's vital signs, including blood pressure, heart rate, and temperature, are being monitored regularly.
            Physical Examination: A thorough physical exam, including vital signs and a review of systems, is being conducted at each visit to monitor Emily's response to treatment and manage side effects.
            Investigation/Test Results: Laboratory tests, including complete blood counts and chemistry panels, are being conducted regularly to monitor Emily's response to treatment and manage side effects. 
            Medications: Emily is being administered antineoplastic chemotherapy, with the specifics of the treatment determined based on her overall health, medical history, and the stage and type of cancer.
        
        **3. Assessment:**
            Emily's cancer diagnosis and treatment plan are being continuously assessed and adjusted as needed to ensure the best possible outcomes.
            Emily's response to treatment is being closely monitored, and adjustments to the treatment plan are being made as needed to manage side effects and optimize treatment efficacy.
            Emily's overall health and well-being are being considered when developing the treatment plan, and strategies to support healthy habits and minimize potential risks are being implemented.
        
        **4. Plan:**
            Emily will receive antineoplastic chemotherapy, with the specifics of the treatment determined based on her overall health, medical history, and the stage and type of cancer.
            Follow-up appointments will be scheduled to monitor Emily's response to treatment, manage side effects, and adjust the treatment plan as needed.
            Medication adjustments may include dose reductions or changes in the administration schedule.
            Lifestyle changes, such as maintaining a healthy diet and engaging in regular exercise, will be recommended to help manage side effects and support overall health.
            Referral to Dr. Rachel Kim, a radiation oncologist, may be necessary for the administration of radiation therapy, as it is required for the treatment of Emily's cancer.
            Emily will be provided with education and support to help manage side effects and optimize treatment outcomes."|ablation|Medical Oncologist|"Doctor: Good morning, how are you feeling today?
Patient: I'm feeling a bit fatigued and nauseous, but I'm ready to get started with my treatment.
Doctor: Okay, let's take a look at your chart and go over the plan for today. Can you tell me a little bit about your medical history and how you've been feeling since your diagnosis?
Patient: Well, I've been diagnosed with cancer and I've been experiencing a lot of fatigue and pain. I've also been having some nausea and vomiting.
Doctor: I see. And have you noticed any changes in your appetite or sleep patterns?
Patient: Actually, I have been having a hard time sleeping and I've lost my appetite a bit.
Doctor: Okay, we'll definitely want to keep an eye on that. And can you tell me about your diet and exercise habits? Have you been able to keep up with your regular routine?
Patient: I've been trying to eat healthy, but it's been hard with the nausea. And I haven't been able to exercise as much as I used to.
Doctor: Okay, that's understandable. We'll want to make sure you're getting the nutrients you need to support your treatment. Let's talk about your treatment plan. We'll be administering antineoplastic chemotherapy, and we'll need to monitor your response to the treatment closely.
Patient: Okay, that sounds good. What kind of side effects can I expect?
Doctor: Well, the most common side effects of this treatment are fatigue, nausea, and hair loss. But we'll be monitoring you closely and adjusting your treatment as needed to minimize those side effects.
Patient: Okay, that makes sense. And what about my vital signs? Are they okay?
Doctor: Yes, your vital signs are all within normal limits. Your blood pressure is a bit elevated, but that's to be expected. We'll want to keep an eye on that, though.
Patient: Okay, good. And what about my physical exam? Is everything okay?
Doctor: Yes, everything looks good. We did a thorough physical exam, and everything is within normal limits. We'll want to keep an eye on your skin and make sure you're not experiencing any unusual symptoms.
Patient: Okay, that sounds good. And what about my lab results? Are they okay?
Doctor: Yes, your lab results are all within normal limits. We'll want to keep an eye on your white blood cell count, though, to make sure you're not at risk for infection.
Patient: Okay, got it. And what about my medication? What am I taking and how often?
Doctor: You'll be taking a combination of medications, including an antineoplastic agent and an anti-nausea medication. We'll be administering the medications through an IV, and you'll be taking them every week for the next few months.
Patient: Okay, that sounds like a lot. And what about follow-up appointments? When do I need to come back and see you?
Doctor: We'll want to see you every week for the next few months to monitor your response to the treatment and adjust the treatment plan as needed. We'll also want to see you every 3 months for a CT scan to check on the status of your disease.
Patient: Okay, that sounds good. And what about lifestyle changes? Are there any things I can do to help manage my side effects?
Doctor: Yes, there are definitely things you can do to help manage your side effects. We recommend maintaining a healthy diet, staying hydrated, and getting plenty of rest. We also recommend avoiding heavy lifting and bending, and taking regular breaks to rest.
Patient: Okay, that makes sense. And what about referrals? Do I need to see any other specialists?
Doctor: Yes, we may need to refer you to a radiation oncologist for radiation therapy. We'll also want to refer you to a nutritionist to help you manage your diet and nutrition.
Patient: Okay, that sounds good. I think that's all my questions for now.
Doctor: Okay, great. I think we've covered everything. Let's get started with your treatment, and we'll go from there. Do you have any other questions or concerns before we get started?
Patient: No, I think that's all. Thanks for explaining everything to me.
Doctor: You're welcome. We'll take good care of you and make sure you're comfortable throughout your treatment. Let me just go over a few things again to make sure we're on the same page. 
Patient: Parden?
Doctor: I said let me just go over a few things again to make sure we're on the same page. We want to make sure we've covered everything and that you're comfortable with your treatment plan. Do you have any questions about your medication or your follow-up appointments?
Patient: No, I think I've got it.
Doctor: Okay, great. And do you have any questions about your lifestyle changes or referrals?
Patient: No, I don't think so.
Doctor: Alright, well let's get started then. I'll have my nurse come in and get you set up for your treatment. And we'll go from there. Sound good?
Patient: Sounds good, thanks.
Doctor: You're welcome. I'll go ahead and get my nurse to come in and get you set up. 
Patient: Thanks.
Doctor: Alright, I'll be right back. 
Patient: Okay.
Doctor: Alright, my nurse is going to come in and get you set up for your treatment. And then we'll get started.
Patient: Okay.
Doctor: Alright, I'm going to go ahead and get your treatment started. And then we'll get you set up with your follow-up appointments and everything.
Patient: Okay, sounds good.
Doctor: Alright, I think that's everything. Do you have any other questions or concerns before we get started?
Patient: No, I don't think so.
Doctor: Okay, great. Well, let's get started then. 
Patient: Okay.
Doctor: Alright, my nurse will be in to get you set up for your treatment. 
Patient: Okay.
Doctor: Alright, I'll be right back to check on you.
Patient: Okay.
Doctor: Alright, you're all set. My nurse will be in to get you set up for your treatment. And then we'll get started.
Patient: Okay, thanks.
Doctor: You're welcome. I'll be right back to check on you throughout your treatment. And don't hesitate to reach out if you have any questions or concerns.
Patient: Okay, will do.
Doctor: Alright, great. I'll talk to you soon.
Patient: Okay.
Doctor: Alright, bye for now.
Patient: Bye."|"[Doctor]: Good morning, how are you feeling today?
[Patient]: I'm feeling a bit fatigued and nauseous, but I'm ready to get started with my treatment.
[Doctor]: Hmm, okay. Let's take a look at your chart and go over the plan for today. Can you tell me a little bit about your medical history and how you've been feeling since your diagnosis?
[Patient]: Well, I've been diagnosed with cancer and I've been experiencing a lot of fatigue and pain. I've also been having some nausea and vomiting.
[Doctor]: Yes, I see. And have you noticed any changes in your appetite or sleep patterns?
[Patient]: Actually, I have been having a hard time sleeping and I've lost my appetite a bit.
[Doctor]: Okay, we'll definitely want to keep an eye on that. And can you tell me about your diet and exercise habits? Have you been able to keep up with your regular routine?
[Patient]: I've been trying to eat healthy, but it's been hard with the nausea. And I haven't been able to exercise as much as I used to.
[Doctor]: Okay, that's understandable. We'll want to make sure you're getting the nutrients you need to support your treatment. Let's talk about your treatment plan. We'll be administering antineoplastic chemotherapy, and we'll need to monitor your response to the treatment closely.
[Patient]: Okay, that sounds good. What kind of side effects can I expect?
[Doctor]: Well, the most common side effects of this treatment are fatigue, nausea, and hair loss. But we'll be monitoring you closely and adjusting your treatment as needed to minimize those side effects.
[Patient]: Okay, that makes sense. And what about my vital signs? Are they okay?
[Doctor]: Yes, your vital signs are all within normal limits. Your blood pressure is a bit elevated, but that's to be expected. We'll want to keep an eye on that, though.
[Patient]: Okay, good. And what about my physical exam? Is everything okay?
[Doctor]: Yes, everything looks good. We did a thorough physical exam, and everything is within normal limits. We'll want to keep an eye on your skin and make sure you're not experiencing any unusual symptoms.
[Patient]: Okay, that sounds good. And what about my lab results? Are they okay?
[Doctor]: Yes, your lab results are all within normal limits. We'll want to keep an eye on your white blood cell count, though, to make sure you're not at risk for infection.
[Patient]: Okay, got it. And what about my medication? What am I taking and how often?
[Doctor]: You'll be taking a combination of medications, including an antineoplastic agent and an anti-nausea medication. We'll be administering the medications through an IV, and you'll be taking them every week for the next few months.
[Patient]: Okay, that sounds like a lot. And what about follow-up appointments? When do I need to come back and see you?
[Doctor]: We'll want to see you every week for the next few months to monitor your response to the treatment and adjust the treatment plan as needed. We'll also want to see you every 3 months for a CT scan to check on the status of your disease.
[Patient]: Okay, that sounds good. And what about lifestyle changes? Are there any things I can do to help manage my side effects?
[Doctor]: Yes, there are definitely things you can do to help manage your side effects. We recommend maintaining a healthy diet, staying hydrated, and getting plenty of rest. We also recommend avoiding heavy lifting and bending, and taking regular breaks to rest.
[Patient]: Okay, that makes sense. And what about referrals? Do I need to see any other specialists?
[Doctor]: Yes, we may need to refer you to a radiation oncologist for radiation therapy. We'll also want to refer you to a nutritionist to help you manage your diet and nutrition.
[Patient]: Okay, that sounds good. I think that's all my questions for now.
[Doctor]: Okay, great. I think we've covered everything. Let's get started with your treatment, and we'll go from there. Do you have any other questions or concerns before we get started?
[Patient]: No, I think that's all. Thanks for explaining everything to me.
[Doctor]: You're welcome. We'll take good care of you and make sure you're comfortable throughout your treatment. Let me just go over a few things again to make sure we're on the same page. 
[Patient]: Pardon?
[Doctor]: I said let me just go over a few things again to make sure we're on the same page. We want to make sure we've covered everything and that you're comfortable with your treatment plan. Do you have any questions about your medication or your follow-up appointments?
[Patient]: No, I think I've got it.
[Doctor]: Okay, great. And do you have any questions about your lifestyle changes or referrals?
[Patient]: No, I don't think so.
[Doctor]: Alright, well let's get started then. I'll have my nurse come in and get you set up for your treatment. And we'll go from there. Sound good?
[Patient]: Sounds good, thanks.
[Doctor]: You're welcome. I'll go ahead and get my nurse to come in and get you set up. 
[Patient]: Thanks.
[Doctor]: Alright, I'll be right back. 
[Patient]: Okay.
[Doctor]: Alright, my nurse is going to come in and get you set up for your treatment. And then we'll get started.
[Patient]: Okay.
[Doctor]: Alright, I'm going to go ahead and get your treatment started. And then we'll get you set up with your follow-up appointments and everything.
[Patient]: Okay, sounds good.
[Doctor]: Alright, I think that's everything. Do you have any other questions or concerns before we get started?
[Patient]: No, I don't think so.
[Doctor]: Okay, great. Well, let's get started then. 
[Patient]: Okay.
[Doctor]: Alright, my nurse will be in to get you set up for your treatment. 
[Patient]: Okay.
[Doctor]: Alright, I'll be right back to check on you.
[Patient]: Okay.
[Doctor]: Alright, you're all set. My nurse will be in to get you set up for your treatment. And then we'll get started.
[Patient]: Okay, thanks.
[Doctor]: You're welcome. I'll be right back to check on you throughout your treatment. And don't hesitate to reach out if you have any questions or concerns.
[Patient]: Okay, will do.
[Doctor]: Alright, great. I'll talk to you soon.
[Patient]: Okay.
[Doctor]: Alright, bye for now.
[Patient]: Bye."
ENCOUNTER FOR ANTINEOPLASTIC CHEMOTHERAPY|"ROLE: Oncologist 

1. Medical Outcome: 
    - Diagnosis: Antineoplastic chemotherapy 
    - Prescribed treatment: Cyclophosphamide 500 mg/m2 IV on day 1, Doxorubicin 50 mg/m2 IV on day 1, and Vincristine 1.4 mg/m2 IV on day 1, 
    - Follow-up recommendations: Follow up in 3 weeks to assess response to treatment and manage side effects
    - Referral to specialists: Referral to a cardiologist for assessment of cardiac function before starting chemotherapy
    - Referral to further tests or imaging: Order for CBC, liver function tests, and cardiac echocardiogram 
    - Medication adjustment: Anti-emetics will be prescribed to manage nausea and vomiting 
    - Lifestyle change: Patient is advised to stay hydrated, rest when needed, and avoid heavy lifting or strenuous exercise

2. Medical History: 
    - Previous Diagnoses: Breast cancer stage III 
    - Family Medical History: Mother had breast cancer 
    - Medication History: Tamoxifen 
    - Allergies: None known 
    - Chronic Conditions: Hypertension, diabetes mellitus type 2

3. Symptom Description: 
    - Severity: Severe 
    - Duration: 3 months 
    - Associated Symptoms: Weight loss, fatigue 
    - Frequency: Persistent 
    - Impact on Daily Activities: Unable to work due to symptoms

4. Patient’s self-reported habits and lifestyle: 
    - Sleep: 6 hours per night 
    - Diet: Balanced diet 
    - Exercise: Light exercise 
    - Tobacco Use: Non-smoker 
    - Alcohol Consumption: Occasional social drinking 

5. Demographic Information: 
    - Age: 52 
    - Gender: Female 
    - Ethnicity: Caucasian 
    - Socio-economic Status: Middle class 
    - Education Level: College graduate 
    - Health Literacy: Good understanding of health conditions 
    - Job Status: Employed part-time

6. Patient's Behavior: Cooperative with medical advice 

7. Geographical Location: Urban 

8. Clinical Setting: Oncology clinic 

9. Type of Encounter: Initial consultation for chemotherapy 

10. Treatment Disparities: None 

11. Native or Non-Native English Speaking Patient: Native English speaker 

12. Physical exams: 
    - Vital signs: BP 140/90 mmHg, pulse 100 bpm, temperature 37.5 C 
    - Abdominal exam: Tender to palpation in the left breast 

13. Investigation/Test results: 
    - Biopsy results: Confirmed breast cancer 
    - Imaging results: CT scan shows mass in the left breast 
    - Blood work: CBC, liver function tests, and cardiac biomarkers to be done before starting chemotherapy"|"## Step 1: Determine the format of the medical note
The medical note should be in the following format: 
1. Subjective: This section includes the patient's own description of their symptoms and complaints.
2. Objective: This section includes observations and data gathered by the physician, such as vital signs, physical examination findings, and test results.
3. Assessment: This section includes the physician's evaluation of the patient's condition, including a diagnosis or differential diagnosis.
4. Plan: This section includes the physician's recommendations for treatment, management, and follow-up.

## Step 2: Break down the subjective section into sub-parts if necessary
Rolling a dice, the result is 5, which is odd. Therefore, we will break down the subjective section into several sub-parts like Chief Complaint (CC), History of Present Illness (HPI), Review of Systems (ROS).

## Step 3: Write the Chief Complaint (CC) section
The patient is a 52-year-old female with a diagnosis of breast cancer stage III, presenting for initial consultation for chemotherapy. Her chief complaint is the symptoms associated with her breast cancer, including weight loss, fatigue, and tenderness in the left breast.

## Step 4: Write the History of Present Illness (HPI) section
The patient has been experiencing severe symptoms for 3 months, including persistent weight loss and fatigue. She reports that her symptoms have been impacting her daily activities, making her unable to work. She has a history of breast cancer stage III and has been taking Tamoxifen. Her mother had breast cancer.

## Step 5: Write the Review of Systems (ROS) section
The patient reports no other significant symptoms aside from those related to her breast cancer. She has hypertension and diabetes mellitus type 2, but these conditions are currently managed.

## Step 6: Write the Objective section
The patient's vital signs are: BP 140/90 mmHg, pulse 100 bpm, temperature 37.5 C. The abdominal exam reveals tenderness to palpation in the left breast. The biopsy results confirm breast cancer, and the CT scan shows a mass in the left breast. Blood work, including CBC, liver function tests, and cardiac biomarkers, will be done before starting chemotherapy.

## Step 7: Write the Assessment section
The patient has breast cancer stage III, with a confirmed diagnosis through biopsy and imaging results. She has hypertension and diabetes mellitus type 2, and is experiencing severe symptoms related to her breast cancer.

## Step 8: Write the Plan section
The patient will start chemotherapy with Cyclophosphamide 500 mg/m2 IV on day 1, Doxorubicin 50 mg/m2 IV on day 1, and Vincristine 1.4 mg/m2 IV on day 1. She will be referred to a cardiologist for assessment of cardiac function before starting chemotherapy. Anti-emetics will be prescribed to manage nausea and vomiting. The patient is advised to stay hydrated, rest when needed, and avoid heavy lifting or strenuous exercise. Follow-up will be in 3 weeks to assess response to treatment and manage side effects.

The final answer is:

1. **Subjective:**
   - **Chief Complaint (CC):** The patient is a 52-year-old female with a diagnosis of breast cancer stage III, presenting for initial consultation for chemotherapy. Her chief complaint is the symptoms associated with her breast cancer, including weight loss, fatigue, and tenderness in the left breast.
   - **History of Present Illness (HPI):** The patient has been experiencing severe symptoms for 3 months, including persistent weight loss and fatigue. She reports that her symptoms have been impacting her daily activities, making her unable to work. She has a history of breast cancer stage III and has been taking Tamoxifen. Her mother had breast cancer.
   - **Review of Systems (ROS):** The patient reports no other significant symptoms aside from those related to her breast cancer. She has hypertension and diabetes mellitus type 2, but these conditions are currently managed.

2. **Objective:**
   - The patient's vital signs are: BP 140/90 mmHg, pulse 100 bpm, temperature 37.5 C. 
   - The abdominal exam reveals tenderness to palpation in the left breast. 
   - The biopsy results confirm breast cancer, and the CT scan shows a mass in the left breast. 
   - Blood work, including CBC, liver function tests, and cardiac biomarkers, will be done before starting chemotherapy.

3. **Assessment:**
   - The patient has breast cancer stage III, with a confirmed diagnosis through biopsy and imaging results. 
   - She has hypertension and diabetes mellitus type 2, and is experiencing severe symptoms related to her breast cancer.

4. **Plan:**
   - The patient will start chemotherapy with Cyclophosphamide 500 mg/m2 IV on day 1, Doxorubicin 50 mg/m2 IV on day 1, and Vincristine 1.4 mg/m2 IV on day 1. 
   - She will be referred to a cardiologist for assessment of cardiac function before starting chemotherapy. 
   - Anti-emetics will be prescribed to manage nausea and vomiting. 
   - The patient is advised to stay hydrated, rest when needed, and avoid heavy lifting or strenuous exercise. 
   - Follow-up will be in 3 weeks to assess response to treatment and manage side effects."|"1. **Subjective:**
   - **Chief Complaint (CC):** The patient is a 52-year-old female with a diagnosis of breast cancer stage III, presenting for initial consultation for chemotherapy. Her chief complaint is the symptoms associated with her breast cancer, including weight loss, fatigue, and tenderness in the left breast.
   - **History of Present Illness (HPI):** The patient has been experiencing severe symptoms for 3 months, including persistent weight loss and fatigue. She reports that her symptoms have been impacting her daily activities, making her unable to work. She has a history of breast cancer stage III and has been taking Tamoxifen. Her mother had breast cancer.
   - **Review of Systems (ROS):** The patient reports no other significant symptoms aside from those related to her breast cancer. She has hypertension and diabetes mellitus type 2, but these conditions are currently managed.

2. **Objective:**
   - The patient's vital signs are: BP 140/90 mmHg, pulse 100 bpm, temperature 37.5 C. 
   - The abdominal exam reveals tenderness to palpation in the left breast. 
   - The biopsy results confirm breast cancer, and the CT scan shows a mass in the left breast. 
   - Blood work, including CBC, liver function tests, and cardiac biomarkers, will be done before starting chemotherapy.

3. **Assessment:**
   - The patient has breast cancer stage III, with a confirmed diagnosis through biopsy and imaging results. 
   - She has hypertension and diabetes mellitus type 2, and is experiencing severe symptoms related to her breast cancer.

4. **Plan:**
   - The patient will start chemotherapy with Cyclophosphamide 500 mg/m2 IV on day 1, Doxorubicin 50 mg/m2 IV on day 1, and Vincristine 1.4 mg/m2 IV on day 1. 
   - She will be referred to Dr. Emily Chen, a cardiologist, for assessment of cardiac function before starting chemotherapy because of the potential cardiotoxic effects of the chemotherapy regimen.
   - Anti-emetics will be prescribed to manage nausea and vomiting. 
   - The patient is advised to stay hydrated, rest when needed, and avoid heavy lifting or strenuous exercise. 
   - Follow-up will be in 3 weeks to assess response to treatment and manage side effects."|ablation|Oncologist |"[doctor] good morning how are you
[patient] i'm doing okay
[doctor] so i see here that you were diagnosed with breast cancer stage III and you're here for initial consultation for chemotherapy
[patient] that's correct
[doctor] okay and can you tell me a little bit about your symptoms
[patient] yeah i've been having some weight loss and fatigue and tenderness in my left breast
[doctor] okay and how long have you been experiencing these symptoms
[patient] for about 3 months now
[doctor] 3 months okay and have you noticed any other symptoms aside from those related to your breast cancer
[patient] no not really
[doctor] okay and do you have any medical history that i should know about
[patient] yeah i have hypertension and diabetes mellitus type 2
[doctor] okay and are those conditions currently managed
[patient] yes they are
[doctor] okay and can you tell me a little bit about your family medical history
[patient] yeah my mom had breast cancer
[doctor] okay and did she have any other health issues
[patient] no that's all
[doctor] okay so let me just check your vitals real quick
[patient] okay
[doctor] alright so your blood pressure is 140 over 90 your pulse is 100 and your temperature is 37.5
[patient] okay
[doctor] and can you please just lift up your shirt so i can take a look at your left breast
[patient] okay
[doctor] alright so i do see some tenderness to palpation in your left breast
[patient] yeah
[doctor] and we did receive the biopsy results and the ct scan results
[patient] yeah
[doctor] okay so the biopsy results do confirm breast cancer and the ct scan shows a mass in your left breast
[patient] okay
[doctor] and we will need to do some blood work before we start chemotherapy including cbc liver function tests and cardiac biomarkers
[patient] okay
[doctor] alright so we'll get those ordered and we'll also refer you to a cardiologist for assessment of cardiac function before starting chemotherapy
[patient] okay
[doctor] and we'll also prescribe some anti-emetics to help manage any nausea and vomiting
[patient] okay
[doctor] and i want to advise you to stay hydrated rest when needed and avoid any heavy lifting or strenuous exercise
[patient] okay
[doctor] and we'll have a follow-up in 3 weeks to assess response to treatment and manage any side effects
[patient] okay
[doctor] okay so we'll get the chemotherapy started with cyclophosphamide 500 mg per m2 iv on day 1 doxorubicin 50 mg per m2 iv on day 1 and vincristine 1.4 mg per m2 iv on day 1
[patient] okay
[doctor] and do you have any questions for me
[patient] no i don't think so
[doctor] alright well we'll get everything started and we'll see you in 3 weeks then
[patient] okay
[doctor] and don't hesitate to reach out if you have any questions or concerns before then
[patient] i won't
[doctor] okay great
[patient] thanks
[doctor] you're welcome"|"[doctor]: Good morning, how are you?
[patient]: I'm doing okay.
[doctor]: So, I see here that you were diagnosed with breast cancer and you're here for initial consultation for chemotherapy. Can you tell me a little bit about what brings you here today?
[patient]: Yeah, I've been having some weight loss and fatigue, and tenderness in my left breast.
[doctor]: Okay, and how long have you been experiencing these symptoms?
[patient]: For about 3 months now.
[doctor]: 3 months, okay. And have you noticed any other symptoms aside from those related to your breast cancer?
[patient]: No, not really.
[doctor]: Okay. And do you have any medical history that I should know about?
[patient]: Yeah, I have hypertension and diabetes mellitus type 2.
[doctor]: Okay, and are those conditions currently managed?
[patient]: Yes, they are.
[doctor]: Okay. And can you tell me a little bit about your family medical history?
[patient]: Yeah, my mom had breast cancer.
[doctor]: Okay. So, let me just check your vitals real quick. Hmm, okay. So, your blood pressure is 140 over 90, your pulse is 100, and your temperature is 37.5.
[patient]: Okay.
[doctor]: And can you please just lift up your shirt so I can take a look at your left breast? Yes, okay. Alright, so I do see some tenderness to palpation in your left breast.
[patient]: Yeah.
[doctor]: And we did receive the biopsy results and the CT scan results. Okay, so the biopsy results do confirm breast cancer, and the CT scan shows a mass in your left breast.
[patient]: Okay.
[doctor]: And we will need to do some blood work before we start chemotherapy, including CBC, liver function tests, and cardiac biomarkers. Okay?
[patient]: Okay.
[doctor]: Alright, so we'll get those ordered. And we'll also refer you to a cardiologist for assessment of cardiac function before starting chemotherapy.
[patient]: Okay.
[doctor]: And we'll also prescribe some anti-emetics to help manage any nausea and vomiting.
[patient]: Okay.
[doctor]: And I want to advise you to stay hydrated, rest when needed, and avoid any heavy lifting or strenuous exercise.
[patient]: Okay.
[doctor]: And we'll have a follow-up in 3 weeks to assess response to treatment and manage any side effects.
[patient]: Okay.
[doctor]: Okay, so we'll get the chemotherapy started with Cyclophosphamide 500 mg/m2 IV on day 1, Doxorubicin 50 mg/m2 IV on day 1, and Vincristine 1.4 mg/m2 IV on day 1. Hmm, yes. And do you have any questions for me?
[patient]: No, I don't think so.
[doctor]: Alright, well, we'll get everything started, and we'll see you in 3 weeks then.
[patient]: Okay.
[doctor]: And don't hesitate to reach out if you have any questions or concerns before then.
[patient]: I won't.
[doctor]: Okay, great.
[patient]: Thanks.
[doctor]: You're welcome. Yes, okay. I think that's all for today. We'll get started on the treatment plan, and I'll see you in 3 weeks. Okay?"
ENCOUNTER FOR ANTINEOPLASTIC CHEMOTHERAPY|"ROLE: Medical Oncologist

* Medical Outcome: 
    - Diagnosis: Encounter for antineoplastic chemotherapy
    - Prescribed treatment: Administer antineoplastic chemotherapy as per protocol
    - Follow-up recommendations: Monitor patient for side effects, adjust dosage as necessary
    - Referral to specialists: Referral to radiation oncologist for potential adjuvant radiation therapy
    - Referral to further tests or imaging: Order regular CT scans to monitor disease progression
    - Medication adjustment: Adjust antineoplastic chemotherapy dosage based on patient's response and side effects
    - Lifestyle change: Encourage patient to stay hydrated, maintain a healthy diet, and exercise regularly
* Medical History: 
    - Previous Diagnoses: History of cancer
    - Family Medical History: Unknown
    - Medication History: Previous chemotherapy treatments
    - Allergies: None known
    - Chronic Conditions: Cancer
* Symptom Description: 
    - Severity: Moderate
    - Duration: Ongoing
    - Associated Symptoms: Fatigue, nausea, hair loss
    - Frequency: Daily
    - Impact on Daily Activities: Significant impact on daily life
* Patient’s self-reported habits and lifestyle: 
    - Sleep: Poor sleep quality
    - Diet: Unhealthy diet
    - Exercise: Limited physical activity
    - Tobacco Use: Non-smoker
    - Alcohol Consumption: Moderate alcohol use
* Demographic Information: 
    - Age: 55
    - Gender: Female
    - Ethnicity: Caucasian
    - Socio-economic Status: Middle class
    - Education Level: College graduate
    - Health Literacy: High
    - Job Status: Unemployed due to illness
* Patient's Behavior: 
    - Cooperation with medical advice: High
* Geographical Location: 
    - Big City
    - Urban
    - Moderate pollution
    - Affluent neighborhood
* Clinical Setting: 
    - Specialty Clinics: Oncology clinic
* Type of Encounter: 
    - Follow-up
* Treatment Disparities: 
    - Potential for less aggressive treatment due to patient's age and health status
* Native or Non-Native English Speaking Patient: 
    - Native English speaker
* Physical exams: 
    - Regular vital sign monitoring
    - NA for other physical exams
* Investigation/Test results: 
    - Regular blood work for chemotherapy monitoring
    - CT scans for disease progression monitoring <|eot_id|>
<|start_header_id|>user<|end_header_id|> To evaluate this scenario, I will check the three conditions.

First, I will check condition (a), the pair-wise comparison of the values of the variables. Since there are previously approved scenarios, I will compare the values of the variables in this scenario with the previously approved scenarios.

After comparing the values, I found that less than 4 out of 13 of the values of the variables in this scenario are different from the previously approved scenarios. For example, the Medical Outcome, Medical History, and Symptom Description are similar to the previously approved scenarios. Therefore, condition (a) is not met.

Since condition (a) is not met, I do not need to check conditions (b) and (c). 

The scenario is not acceptable due to the lack of sufficient differences from previously approved scenarios.

DECISION: NoGo
Reason: The scenario does not meet condition (a) as it does not have at least 4 out of 13 different values of variables compared to previously approved scenarios. To improve, consider changing more variables such as Demographic Information, Patient's Behavior, or Geographical Location to create a more distinct scenario.<|eot_id|> <|eot_id|>assistant<|end_header_id|>

ROLE: Medical Oncologist

* Medical Outcome: 
    - Diagnosis: Encounter for antineoplastic chemotherapy
    - Prescribed treatment: Administer antineoplastic chemotherapy as per protocol, with a specific dosage of 100mg/m² of doxorubicin intravenously every 3 weeks for 6 cycles
    - Follow-up recommendations: Monitor patient for side effects, adjust dosage as necessary, with follow-up appointments every 2 weeks
    - Referral to specialists: Referral to radiation oncologist for potential adjuvant radiation therapy, with Dr. Smith, a renowned radiation oncologist
    - Referral to further tests or imaging: Order regular CT scans to monitor disease progression, with a CT scan of the chest, abdomen, and pelvis every 8 weeks
    - Medication adjustment: Adjust antineoplastic chemotherapy dosage based on patient's response and side effects, with potential to add bevacizumab if disease progression is noted
    - Lifestyle change: Encourage patient to stay hydrated, maintain a healthy diet, and exercise regularly, with a referral to a dietitian and physical therapist
* Medical History: 
    - Previous Diagnoses: History of breast cancer,-treated with lumpectomy and radiation
    - Family Medical History: Mother had ovarian cancer
    - Medication History: Previous hormone replacement therapy
    - Allergies: Allergic to sulfa drugs
    - Chronic Conditions: Hypertension, diabetes
* Symptom Description: 
    - Severity: Severe
    - Duration: 3 months
    - Associated Symptoms: Fatigue, nausea, hair loss, and shortness of breath
    - Frequency: Daily
    - Impact on Daily Activities: Significant impact on daily life, with inability to work
* Patient’s self-reported habits and lifestyle: 
    - Sleep: Poor sleep quality, with insomnia
    - Diet: Unhealthy diet, with high sugar and fat intake
    - Exercise: Limited physical activity, with ability to walk only short distances
    - Tobacco Use: Former smoker
    - Alcohol Consumption: Heavy alcohol use
* Demographic Information: 
    - Age: 62
    - Gender: Female
    - Ethnicity: African American
    - Socio-economic Status: Low class
    - Education Level: High school graduate
    - Health Literacy: Low
    - Job Status: Unemployed due to illness, with disability benefits
* Patient's Behavior: 
    - Cooperation with medical advice: Moderate, with some resistance to treatment
* Geographical Location: 
    - Small City
    - Rural
    - High pollution
    - Impoverished neighborhood
* Clinical Setting: 
    - Community Health Services
* Type of Encounter: 
    - Initial Consultation
* Treatment Disparities: 
    - Potential for less aggressive treatment due to patient's age, health status, and socio-economic status
* Native or Non-Native English Speaking Patient: 
    - Non-native English speaker, with limited English proficiency
* Physical exams: 
    - Regular vital sign monitoring, with weekly weight checks
    - Examination of the abdomen, with palpation of the liver and spleen
* Investigation/Test results: 
    - Regular blood work for chemotherapy monitoring, with weekly complete blood counts and chemistry profiles
    - CT scans for disease progression monitoring, with a CT scan of the chest, abdomen, and pelvis every 8 weeks"|"**1. Subjective:**
    - **Chief Complaint (CC):** The patient presents with a history of breast cancer, currently undergoing antineoplastic chemotherapy, and experiencing severe symptoms including fatigue, nausea, hair loss, and shortness of breath.
    - **History of Present Illness (HPI):** The patient reports a 3-month history of symptoms that have significantly impacted daily life, with an inability to work. The symptoms have been constant and worsening over time.
    - **Review of Systems (ROS):**
        - **General:** Patient reports feeling unwell and weak.
        - **Cardiovascular:** No chest pain or shortness of breath at rest, but experiences shortness of breath on exertion.
        - **Respiratory:** Reports no cough or difficulty breathing unless exerting herself.
        - **Gastrointestinal:** Nausea, but no vomiting or changes in bowel movements.
        - **Genitourinary:** No dysuria or urinary retention.
        - **Musculoskeletal:** No muscle or joint pain.
        - **Integumentary:** Hair loss.

**2. Objective:**
    - **Vital Signs:** Blood pressure 140/90 mmHg, pulse 100 bpm, respiratory rate 20 bpm, oxygen saturation 95% on room air, temperature 37.5°C.
    - **Physical Examination:**
        - **General:** Patient appears weak and tired.
        - **Abdomen:** Tender to palpation in the upper abdomen, otherwise unremarkable.
        - **Rectal:** Not performed.
    - **Laboratory and Imaging:**
        - **Complete Blood Count (CBC):** Shows mild anemia with hemoglobin of 10.5 g/dL.
        - **Chemistry Profile:** Reveals elevated liver enzymes (AST 50 U/L, ALT 60 U/L) and creatinine of 1.2 mg/dL.
        - **CT Scan:** Latest scan shows stable disease with no significant progression.

**3. Assessment:**
    - **Diagnosis:** Encounter for antineoplastic chemotherapy for breast cancer.
    - **Differential Diagnosis:** Consideration of other causes of fatigue and nausea, such as anemia, liver dysfunction, or other malignancies, though the primary concern remains disease progression and side effects of chemotherapy.

**4. Plan:**
    - **Treatment:**
        - **Chemotherapy:** Continue with the current regimen of doxorubicin 100mg/m² intravenously every 3 weeks for 6 cycles, with consideration for dose adjustment based on patient's response and side effects.
        - **Supportive Care:** Prescribe anti-emetics for nausea, encourage hydration and a healthy diet, and consider referral to a dietitian and physical therapist for management of side effects.
    - **Referrals:**
        - **Radiation Oncology:** Refer to Dr. Smith for potential adjuvant radiation therapy to be considered after completion of chemotherapy.
        - **Palliative Care:** Consider referral for symptom management and support.
    - **Follow-Up:** Schedule follow-up appointments every 2 weeks during chemotherapy, with regular monitoring of blood work and CT scans every 8 weeks to assess disease progression and adjust treatment plan as necessary.
    - **Lifestyle Changes:** Encourage patient to stay hydrated, maintain as healthy a diet as possible, and gradually increase physical activity to improve overall well-being and tolerance of treatment."|"**1. Subjective:**
    - **Chief Complaint (CC):** Emily Wilson presents with a history of breast cancer, currently undergoing antineoplastic chemotherapy, and experiencing severe symptoms including fatigue, nausea, hair loss, and shortness of breath.
    - **History of Present Illness (HPI):** Emily reports a 3-month history of symptoms that have significantly impacted daily life, with an inability to work. The symptoms have been constant and worsening over time.
    - **Review of Systems (ROS):**
        - **General:** Patient reports feeling unwell and weak.
        - **Cardiovascular:** No chest pain or shortness of breath at rest, but experiences shortness of breath on exertion.
        - **Respiratory:** Reports no cough or difficulty breathing unless exerting herself.
        - **Gastrointestinal:** Nausea, but no vomiting or changes in bowel movements.
        - **Genitourinary:** No dysuria or urinary retention.
        - **Musculoskeletal:** No muscle or joint pain.
        - **Integumentary:** Hair loss.

**2. Objective:**
    - **Vital Signs:** Blood pressure 140/90 mmHg, pulse 100 bpm, respiratory rate 20 bpm, oxygen saturation 95% on room air, temperature 37.5°C.
    - **Physical Examination:**
        - **General:** Patient appears weak and tired.
        - **Abdomen:** Tender to palpation in the upper abdomen, otherwise unremarkable.
        - **Rectal:** Not performed.
    - **Laboratory and Imaging:**
        - **Complete Blood Count (CBC):** Shows mild anemia with hemoglobin of 10.5 g/dL.
        - **Chemistry Profile:** Reveals elevated liver enzymes (AST 50 U/L, ALT 60 U/L) and creatinine of 1.2 mg/dL.
        - **CT Scan:** Latest scan shows stable disease with no significant progression.

**3. Assessment:**
    - **Diagnosis:** Encounter for antineoplastic chemotherapy for breast cancer.
    - **Differential Diagnosis:** Consideration of other causes of fatigue and nausea, such as anemia, liver dysfunction, or other malignancies, though the primary concern remains disease progression and side effects of chemotherapy.

**4. Plan:**
    - **Treatment:**
        - **Chemotherapy:** Continue with the current regimen of doxorubicin 100mg/m² intravenously every 3 weeks for 6 cycles, with consideration for dose adjustment based on patient's response and side effects.
        - **Supportive Care:** Prescribe anti-emetics for nausea, encourage hydration and a healthy diet, and consider referral to a dietitian and physical therapist for management of side effects.
    - **Referrals:**
        - **Radiation Oncology:** Refer Emily to Dr. Rachel Smith, a radiation oncologist, for potential adjuvant radiation therapy to be considered after completion of chemotherapy for the treatment of breast cancer.
        - **Palliative Care:** Consider referral to Dr. Michael Johnson, a palliative care specialist, for symptom management and support to improve quality of life.
    - **Follow-Up:** Schedule follow-up appointments every 2 weeks during chemotherapy, with regular monitoring of blood work and CT scans every 8 weeks to assess disease progression and adjust treatment plan as necessary.
    - **Lifestyle Changes:** Encourage Emily to stay hydrated, maintain as healthy a diet as possible, and gradually increase physical activity to improve overall well-being and tolerance of treatment."|ablation|Medical Oncologist|"< Pewteraction between Doctor and Patient: >


[Doctor]: Hi, I'm Doctor Lee. I see you're here for your chemotherapy session today. How are you feeling?

[Patient]: (weakly) Hi, Doctor. I'm feeling really tired and nauseous. The chemotherapy has been taking a lot out of me.

[Patient]: (after a pause) Sorry, what was the question again?

[Doctor]: (repeating) I asked how you're feeling today, considering your chemotherapy session.

[Patient]: Oh, I'm so sorry. I'm just really struggling with the fatigue and nausea. It's been constant since I started treatment.

[Doctor]: I understand. Can you tell me more about your symptoms? When did they start and how have they been affecting your daily life?

[Patient]: (slowly) It started about three months ago, when I began chemotherapy. The symptoms have been getting worse over time. I haven't been able to work or do much of anything because of the fatigue and nausea.

[Doctor]: I see. Have you experienced any other symptoms like chest pain, shortness of breath, or difficulty breathing?

[Patient]: (thoughtfully) No, not really. I mean, I get short of breath when I exert myself, but that's about it.

[Doctor]: Okay, that's helpful to know. Have you had any changes in your bowel movements or urination?

[Patient]: (shaking her head) No, nothing like that. Just the nausea and hair loss from the chemotherapy.

[Doctor]: Alright. Let's take a look at your vital signs. (to the nurse) Can we get her blood pressure, pulse, and oxygen saturation, please?

[Nurse]: (after a moment) Here you are, Doctor. Blood pressure is 140/90 mmHg, pulse is 100 bpm, respiratory rate is 20 bpm, and oxygen saturation is 95% on room air.

[Doctor]: Thank you. (to the patient) I'm going to examine your abdomen now. Can you please lift up your shirt and lie back for me?

[Patient]: (complying) Okay...

[Doctor]: (after examination) Your abdomen is tender to palpation in the upper area, but otherwise, it seems unremarkable. We'll need to run some tests to check for any underlying issues that might be contributing to your symptoms.

[Patient]: ( concerned) What kind of tests?

[Doctor]: We'll do a complete blood count to check for anemia, a chemistry profile to look at your liver and kidney function, and review your latest CT scan to see if there's been any change in your disease.

[Patient]: (nervously) Okay...

[Doctor]: (after reviewing the tests) It looks like you have mild anemia, which could be contributing to your fatigue. Your liver enzymes are slightly elevated, and your creatinine is a bit high, indicating some kidney strain. But your CT scan shows that the disease is stable, which is good news.

[Patient]: (relieved) That's good to hear.

[Doctor]: Yes, it is. Given your symptoms and test results, we're going to continue with your current chemotherapy regimen but consider adjusting the dose based on how you're tolerating it. We'll also prescribe some anti-emetics to help with the nausea and encourage you to stay hydrated and eat as healthy as possible.

[Patient]: (gratefully) Thank you, Doctor.

[Doctor]: You're welcome. We'll also consider referring you to a dietitian and physical therapist to help manage your side effects and improve your overall well-being. And after you complete your chemotherapy, we might consider adjuvant radiation therapy. We'll discuss that further with the radiation oncologist.

[Patient]: (overwhelmed) Okay, that sounds like a lot.

[Doctor]: I know it's a lot to take in. But we're here to support you through this. Let's take it one step at a time. We'll schedule follow-up appointments every two weeks to monitor your progress and adjust your treatment plan as needed.

[Patient]: (resolutely) Okay, I'll try to stay positive.

[Doctor]: That's the spirit. And don't forget to take care of yourself outside of our appointments. Try to stay hydrated, eat well, and gradually increase your physical activity. It will help you tolerate the treatment better.

[Patient]: (determined) I will, Doctor. Thank you for everything.

[Doctor]: You're welcome. We're in this together."|"[Doctor]: Hi, I'm Doctor Lee. I see you're here for your chemotherapy session today. How are you feeling?

[Patient]: (weakly) Hi, Doctor. I'm feeling really tired and nauseous. The chemotherapy has been taking a lot out of me.

[Doctor]: Hmm, okay. Can you tell me more about your symptoms? When did they start and how have they been affecting your daily life?

[Patient]: (slowly) It started about three months ago, when I began chemotherapy. The symptoms have been getting worse over time. I haven't been able to work or do much of anything because of the fatigue and nausea.

[Doctor]: Yes, okay. Have you experienced any other symptoms like chest pain, shortness of breath, or difficulty breathing?

[Patient]: (thoughtfully) No, not really. I mean, I get short of breath when I exert myself, but that's about it.

[Doctor]: Alright, that's helpful to know. Your blood pressure is 140/90 mmHg, pulse is 100 bpm, respiratory rate is 20 bpm, and oxygen saturation is 95% on room air. We'll need to run some tests to check for any underlying issues that might be contributing to your symptoms.

[Patient]: (concerned) What kind of tests?

[Doctor]: We'll do a complete blood count to check for anemia, a chemistry profile to look at your liver and kidney function, and review your latest CT scan to see if there's been any change in your disease. Your hemoglobin is 10.5 g/dL, indicating mild anemia, and your liver enzymes are slightly elevated, with AST 50 U/L and ALT 60 U/L.

[Patient]: (nervously) Okay...

[Doctor]: (after reviewing the tests) It looks like your disease is stable, which is good news. Given your symptoms and test results, we're going to continue with your current chemotherapy regimen of doxorubicin 100mg/m² intravenously every 3 weeks for 6 cycles, but consider adjusting the dose based on how you're tolerating it.

[Patient]: (gratefully) Thank you, Doctor.

[Doctor]: You're welcome. We'll also prescribe some anti-emetics to help with the nausea and encourage you to stay hydrated and eat as healthy as possible. I'll refer you to a dietitian and physical therapist to help manage your side effects and improve your overall well-being.

[Patient]: (overwhelmed) Okay, that sounds like a lot.

[Doctor]: Yes, okay, let's take it one step at a time. We'll schedule follow-up appointments every two weeks to monitor your progress and adjust your treatment plan as needed. We'll also consider adjuvant radiation therapy after you complete your chemotherapy.

[Patient]: (resolutely) Okay, I'll try to stay positive.

[Doctor]: That's the spirit. And don't forget to take care of yourself outside of our appointments. Try to stay hydrated, eat well, and gradually increase your physical activity. It will help you tolerate the treatment better.

[Patient]: (determined) I will, Doctor. Thank you for everything.

[Doctor]: You're welcome. We're in this together."
ENCOUNTER FOR ANTINEOPLASTIC CHEMOTHERAPY|"ROLE: Oncologist

1. Medical Outcome: 
    - Diagnosis: Antineoplastic chemotherapy
    - Prescribed treatment: Intravenous administration of doxorubicin 50 mg/m2 every 4 weeks for 6 cycles
    - Follow-up recommendations: Weekly blood work to monitor complete blood count and liver function tests
    - Referral to specialists: Referral to a cardiologist for evaluation of cardiac function before starting chemotherapy
    - Medication adjustment: Consideration of granisetron 1 mg orally twice a day for nausea and vomiting
    - Lifestyle change: Patient advised to stay hydrated, eat a balanced diet, and avoid strenuous exercise

2. Medical History: 
    - Previous Diagnoses: Breast cancer stage II
    - Family Medical History: Mother had ovarian cancer
    - Medication History: Previously treated with tamoxifen
    - Allergies: Allergic to penicillin
    - Chronic Conditions: Hypertension

3. Symptom Description: 
    - Severity: Patient reports significant fatigue and pain
    - Duration: Symptoms have been ongoing for 3 months
    - Associated Symptoms: Weight loss, hair loss
    - Frequency: Patient experiences symptoms daily
    - Impact on Daily Activities: Significant impact on daily activities and quality of life

4. Patient’s self-reported habits and lifestyle: 
    - Sleep: Poor sleep quality
    - Diet: Patient tries to eat a balanced diet but has poor appetite
    - Exercise: Unable to exercise due to fatigue
    - Tobacco Use: Non-smoker
    - Alcohol Consumption: Occasional drinker

5. Demographic Information: 
    - Age: 55
    - Gender: Female
    - Ethnicity: Caucasian
    - Socio-economic Status: Middle class
    - Education Level: College graduate
    - Health Literacy: Good understanding of health information
    - Job Status: Employed part-time

6. Patient's Behavior: 
    - Patient is cooperative and adheres to medical advice

7. Geographical Location: 
    - Big City
    - Urban area
    - Average pollution level

8. Clinical Setting: 
    - Hospital

9. Type of Encounter: 
    - Initial consultation for chemotherapy

10. Treatment Disparities: 
    - None identified

11. Native or Non-Native English Speaking Patient: 
    - Native English speaker

12. Physical exams: 
    - Complete blood count
    - Liver function tests
    - Cardiac evaluation

13. Investigation/Test results: 
    - Recent CT scan of the chest, abdomen, and pelvis shows no metastasis
    - Blood work: Complete blood count and liver function tests pending <|eot_id|>
<|start_header_id|>user<|end_header_id|> To evaluate this scenario, I will check the three conditions.

First, I will check condition (a), the pair-wise comparison of the values of the variables. Since there are previously approved scenarios, I will compare the values of the variables in this scenario with the previously approved scenarios.

After comparing the values, I found that less than 4 out of 13 of the values of the variables in this scenario are different from the previously approved scenarios. For example, the Medical Outcome, Medical History, and Symptom Description are similar to the previously approved scenarios. Therefore, condition (a) is not met.

Since condition (a) is not met, I do not need to check conditions (b) and (c). 

The scenario is not acceptable due to the lack of sufficient differences from previously approved scenarios.

DECISION: NoGo
Reason: The scenario does not meet condition (a) as it does not have at least 4 out of 13 different values of variables compared to previously approved scenarios. To improve, consider changing more variables such as Demographic Information, Patient's Behavior, or Geographical Location to create a more distinct scenario. Additionally, consider adding more details to the Medical History, Symptom Description, and Treatment Plan to make the scenario more comprehensive and realistic.<|eot_id|> <|eot_id|>assistant<|end_header_id|>

ROLE: Oncologist

1. Medical Outcome: 
    - Diagnosis: Antineoplastic chemotherapy for ovarian cancer
    - Prescribed treatment: Intravenous administration of carboplatin 300 mg/m2 and paclitaxel 175 mg/m2 every 3 weeks for 6 cycles
    - Follow-up recommendations: Weekly blood work to monitor complete blood count and liver function tests, and a follow-up appointment with the oncologist in 2 weeks
    - Referral to specialists: Referral to a radiation oncologist for evaluation of potential radiation therapy
    - Medication adjustment: Consideration of filgrastim 5 mcg/kg subcutaneously for neutropenia
    - Lifestyle change: Patient advised to stay hydrated, eat a small frequent meals, and engage in gentle exercise like yoga

2. Medical History: 
    - Previous Diagnoses: Uterine cancer stage I
    - Family Medical History: Father had colon cancer
    - Medication History: Previously treated with bevacizumab
    - Allergies: Allergic to sulfa drugs
    - Chronic Conditions: Diabetes

3. Symptom Description: 
    - Severity: Patient reports moderate fatigue and abdominal pain
    - Duration: Symptoms have been ongoing for 6 months
    - Associated Symptoms: Bloating, constipation
    - Frequency: Patient experiences symptoms 3-4 times a week
    - Impact on Daily Activities: Moderate impact on daily activities and quality of life

4. Patient’s self-reported habits and lifestyle: 
    - Sleep: Average sleep quality
    - Diet: Patient tries to eat a Mediterranean diet
    - Exercise: Engages in brisk walking for 30 minutes, 3 times a week
    - Tobacco Use: Former smoker
    - Alcohol Consumption: Rare drinker

5. Demographic Information: 
    - Age: 62
    - Gender: Female
    - Ethnicity: African American
    - Socio-economic Status: Lower-middle class
    - Education Level: Some college
    - Health Literacy: Fair understanding of health information
    - Job Status: Unemployed

6. Patient's Behavior: 
    - Patient is somewhat cooperative but has concerns about treatment side effects

7. Geographical Location: 
    - Small city
    - Rural area
    - High pollution level

8. Clinical Setting: 
    - Community health center

9. Type of Encounter: 
    - Follow-up consultation for chemotherapy

10. Treatment Disparities: 
    - Potential disparity due to limited access to healthcare resources

11. Native or Non-Native English Speaking Patient: 
    - Non-native English speaker with limited English proficiency

12. Physical exams: 
    - Complete blood count
    - Liver function tests
    - Pelvic exam

13. Investigation/Test results: 
    - Recent PET scan of the abdomen shows no metastasis
    - Blood work: Complete blood count and liver function tests pending"|"**1. Subjective:**

This section includes the patient's own description of their symptoms and complaints. Since the result of rolling a dice is not provided, let's assume an odd result to break this part down into sub-parts.

*   **Chief Complaint (CC):** The patient presents with moderate fatigue and abdominal pain.
*   **History of Present Illness (HPI):** The patient is a 62-year-old female with a history of uterine cancer stage I, who presents with ongoing symptoms of moderate fatigue and abdominal pain for 6 months. She reports that her symptoms have been persistent and are impacting her daily activities.
*   **Review of Systems (ROS):** The patient denies any symptoms of fever, chills, or new onset of bowel or bladder dysfunction. She reports some bloating and constipation, but no significant changes in her appetite or sleep pattern.

**2. Objective:**

This section includes observations and data gathered by the physician, such as vital signs, physical examination findings, and test results.

*   **Vital Signs:** Blood pressure: 120/80 mmHg, Pulse: 80 bpm, Height: 5'8"", Weight: 150 lb.
*   **Physical Examination:** The patient appears comfortable, but somewhat anxious. The abdominal examination reveals some tenderness in the lower abdominal region, but no guarding or rebound tenderness. The pelvic exam is unremarkable.
*   **Test Results:** The recent PET scan of the abdomen shows no metastasis. The complete blood count and liver function tests are pending.

**3. Assessment:**

This section includes the physician's evaluation of the patient's condition, including a diagnosis or differential diagnosis.

*   The patient's symptoms and test results suggest that she may be experiencing some side effects from her chemotherapy treatment. The abdominal pain and bloating could be related to the chemotherapy, and the fatigue could be a combination of the treatment and her underlying condition.
*   The patient's history of uterine cancer stage I and her current symptoms suggest that she may be at risk for recurrence, and close monitoring is necessary.

**4. Plan:**

This section includes the physician's recommendations for treatment, management, and follow-up.

*   The patient will continue with her current chemotherapy treatment, with close monitoring of her symptoms and test results.
*   The patient will be referred to a radiation oncologist for evaluation of potential radiation therapy.
*   The patient will be advised to stay hydrated, eat small frequent meals, and engage in gentle exercise like yoga to manage her symptoms.
*   The patient will have a follow-up appointment with the oncologist in 2 weeks to assess her response to treatment and adjust her plan as necessary."|"**1. Subjective:**
The patient, Emily Wilson, presents with moderate fatigue and abdominal pain. She is a 62-year-old female with a history of uterine cancer stage I, who presents with ongoing symptoms of moderate fatigue and abdominal pain for 6 months. She reports that her symptoms have been persistent and are impacting her daily activities. The patient denies any symptoms of fever, chills, or new onset of bowel or bladder dysfunction. She reports some bloating and constipation, but no significant changes in her appetite or sleep pattern.

         **2. Objective:**
The patient's vital signs are as follows: Blood pressure: 120/80 mmHg, Pulse: 80 bpm, Height: 5'8"", Weight: 150 lb. The patient appears comfortable, but somewhat anxious. The abdominal examination reveals some tenderness in the lower abdominal region, but no guarding or rebound tenderness. The pelvic exam is unremarkable. The recent PET scan of the abdomen shows no metastasis. 

         **3. Assessment:**
The patient's symptoms and test results suggest that she may be experiencing some side effects from her chemotherapy treatment. The abdominal pain and bloating could be related to the chemotherapy, and the fatigue could be a combination of the treatment and her underlying condition. The patient's history of uterine cancer stage I and her current symptoms suggest that she may be at risk for recurrence, and close monitoring is necessary.

         **4. Plan:**
The patient will continue with her current chemotherapy treatment, with close monitoring of her symptoms and test results. The patient will be referred to Dr. Rachel Kim, a radiation oncologist, for evaluation of potential radiation therapy due to her history of uterine cancer. The patient will be advised to stay hydrated, eat small frequent meals, and engage in gentle exercise like yoga to manage her symptoms. The complete blood count and liver function tests will be ordered. The patient will have a follow-up appointment with the oncologist in 2 weeks to assess her response to treatment and adjust her plan as necessary."|ablation|Oncologist|"[doctor] hi how are you feeling today
[patient] i'm feeling a bit tired and i have some abdominal pain 
[doctor] okay can you tell me more about the abdominal pain is it a sharp pain or a dull ache
[patient] it's more like a dull ache and it's been going on for a while now 
[doctor] okay and how long would you say you've been experiencing this pain 
[patient] i'd say it's been about six months now 
[doctor] six months okay and have you noticed any other symptoms like fever or chills 
[patient] no i don't think so 
[doctor] okay and what about changes in your appetite or sleep pattern have you noticed anything 
[patient] no i don't think so 
[doctor] okay and can you tell me a little bit about your medical history 
[patient] well i had uterine cancer stage i 
[doctor] okay and how long ago was that 
[patient] that was about a year ago 
[doctor] okay and have you had any treatment for that 
[patient] yes i've been having chemotherapy 
[doctor] okay and are you still having chemotherapy 
[patient] yes i am 
[doctor] okay and can you tell me more about your chemotherapy treatment what kind of chemotherapy are you having 
[patient] i'm not really sure i'd have to check my records 
[doctor] okay no worries we can check those later and what about your family history do you have any family members with cancer 
[patient] my mom had breast cancer 
[doctor] okay and how old was she when she was diagnosed 
[patient] she was in her fifties 
[doctor] okay and did she have any other health issues 
[patient] i don't think so 
[doctor] okay and can you tell me about your diet have you noticed any changes 
[patient] no i don't think so 
[doctor] okay and what about your bowel movements have you noticed any changes 
[patient] actually yes i have been having some bloating and constipation 
[doctor] okay and how often do you experience that 
[patient] it's pretty regular 
[doctor] okay and have you noticed any blood in your stool 
[patient] no i don't think so 
[doctor] okay and can you tell me about your sleep have you noticed any changes 
[patient] no i don't think so 
[doctor] okay and what about your energy levels have you been feeling more tired lately 
[patient] yes i have 
[doctor] okay and can you rate your pain from one to ten 
[patient] i'd say it's about a six 
[doctor] okay and what about your pain is it constant or does it come and go 
[patient] it's more like it comes and goes 
[doctor] okay and have you noticed any triggers that make your pain worse 
[patient] i'm not really sure 
[doctor] okay and can you tell me about your stress levels have you been feeling stressed lately 
[patient] yes i have 
[doctor] okay and what about your stress is it related to your cancer treatment 
[patient] i think so 
[doctor] okay and can you tell me about your support system do you have any friends or family members that you talk to 
[patient] yes i do 
[doctor] okay and are they supportive 
[patient] yes they are 
[doctor] okay and can you tell me about your feelings are you feeling anxious or depressed 
[patient] i'd say i'm feeling a bit anxious 
[doctor] okay and what about your anxiety is it related to your cancer treatment 
[patient] i think so 
[doctor] okay and have you ever thought about talking to a therapist 
[patient] no i don't think so 
[doctor] okay and what about your blood pressure have you had it checked recently 
[patient] yes i had it checked last week 
[doctor] okay and what was your blood pressure 
[patient] it was 120 over 80 
[doctor] okay and what about your pulse 
[patient] i think it was 80 
[doctor] okay and have you had any recent test results 
[patient] yes i had a pet scan 
[doctor] okay and what were the results 
[patient] i'm not really sure i'd have to check my records 
[doctor] okay no worries we can check those later and what about your height and weight 
[patient] i'm 5'8"" and 150 pounds 
[doctor] okay and can you tell me about your abdominal exam did you have any tenderness 
[patient] yes i did 
[doctor] okay and where was the tenderness 
[patient] it was in my lower abdomen 
[doctor] okay and did you have any guarding or rebound tenderness 
[patient] no i don't think so 
[doctor] okay and what about your pelvic exam was it unremarkable 
[patient] yes it was 
[doctor] okay and can you tell me about your diagnosis what do you think is going on 
[patient] i'm not really sure 
[doctor] okay and what about your treatment what do you think you need 
[patient] i'm not really sure 
[doctor] okay and can you tell me about your follow up care what do you think you need 
[patient] i'd like to follow up with my oncologist 
[doctor] okay and how often do you think you should follow up 
[patient] i'm not really sure 
[doctor] okay and what about your symptoms do you think they will get worse 
[patient] i'm not really sure 
[doctor] okay and can you tell me about your chemotherapy treatment what do you think about it 
[patient] i think it's helping 
[doctor] okay and what about your side effects what do you think about them 
[patient] i think they're manageable 
[doctor] okay and can you tell me about your quality of life what do you think about it 
[patient] i think it's good 
[doctor] okay and what about your stress what do you think about it 
[patient] i think it's manageable 
[doctor] okay and can you tell me about your anxiety what do you think about it 
[patient] i think it's manageable 
[doctor] okay and what about your depression what do you think about it 
[patient] i don't think i'm depressed 
[doctor] okay and can you tell me about your support system what do you think about it 
[patient] i think it's good 
[doctor] okay and what about your feelings what do you think about them 
[patient] i think i'm feeling a bit anxious 
[doctor] okay and can you tell me about your treatment plan what do you think about it 
[patient] i think it's good 
[doctor] okay and can you tell me about your follow up care what do you think about it 
[patient] i think it's good 
[doctor] okay and what about your symptoms what do you think about them 
[patient] i think they're manageable 
[doctor] okay and can you tell me about your treatment what do you think about it 
[patient] i think it's helping 
[doctor] okay and what about your quality of life what do you think about it 
[patient] i think it's good 
[doctor] okay and what about your stress what do you think about it 
[patient] i think it's manageable 
[doctor] okay and can you tell me about your anxiety what do you think about it 
[patient] i think it's manageable 
[doctor] okay and what about your depression what do you think about it 
[patient] i don't think i'm depressed 
[doctor] okay and can you tell me about your support system what do you think about it 
[patient] i think it's good 
[doctor] okay and what about your feelings what do you think about them 
[patient] i think i'm feeling a bit anxious 
[doctor] okay and what about your treatment plan what do you think about it 
[patient] i think it's good 
[doctor] okay and can you tell me about your follow up care what do you think about it 
[patient] i think it's good 
[doctor] okay and what about your symptoms what do you think about them 
[patient] i think they're manageable 
[doctor] okay and what about your treatment what do you think about it 
[patient] i think it's helping 
[doctor] okay and what about your quality of life what do you think about it 
[patient] i think it's good 
[doctor] okay and what about your stress what do you think about it 
[patient] i think it's manageable 
[doctor] okay and can you tell me about your anxiety what do you think about it 
[patient] i think it's manageable 
[doctor] okay and what about your depression what do you think about it 
[patient] i don't think i'm depressed 
[doctor] okay and can you tell me about your support system what do you think about it 
[patient] i think it's good 
[doctor] okay and what about your feelings what do you think about them 
[patient] i think i'm feeling a bit anxious 
[doctor] okay and what about your treatment plan what do you think about it 
[patient] i think it's good 
[doctor] okay and can you tell me about your follow up care what do you think about it 
[patient] i think it's good 
[doctor] okay and can you tell me about your symptoms what do you think about them 
[patient] i think they're manageable 
[doctor] okay and what about your treatment what do you think about it 
[patient] i think it's helping 
[doctor] okay and what about your quality of life what do you think about it 
[patient] i think it's good 
[doctor] okay and what about your stress what do you think about it 
[patient] i think it's manageable 
[doctor] okay and can you tell me about your anxiety what do you think about it 
[patient] i think it's manageable 
[doctor] okay and what about your depression what do you think about it 
[patient] i don't think i'm depressed 
[doctor] okay and can you tell me about your support system what do you think about it 
[patient] i think it's good 
[doctor] okay and what about your feelings what do you think about them 
[patient] i think i'm feeling a bit anxious 
[doctor] okay and what about your treatment plan what do you think about it 
[patient] i think it's good 
[doctor] okay and can you tell me about your follow up care what do you think about it 
[patient] i think it's good 
[doctor] okay based on your symptoms and test results it seems like you may be experiencing some side effects from your chemotherapy treatment the abdominal pain and bloating could be related to the chemotherapy and the fatigue could be a combination of the treatment and your underlying condition 
[patient] okay that makes sense 
[doctor] and your history of uterine cancer stage i and your current symptoms suggest that you may be at risk for recurrence and close monitoring is necessary 
[patient] okay i understand 
[doctor] and i would like to continue with your current chemotherapy treatment with close monitoring of your symptoms and test results 
[patient] okay that sounds good 
[doctor] and i would also like to refer you to a radiation oncologist for evaluation of potential radiation therapy 
[patient] okay that sounds good 
[doctor] and i would advise you to stay hydrated eat small frequent meals and engage in gentle exercise like yoga to manage your symptoms 
[patient] okay that sounds good 
[doctor] and i would like to follow up with you in two weeks to assess your response to treatment and adjust your plan as necessary 
[patient] okay that sounds good 
[doctor] do you have any questions for me 
[patient] no i don't think so 
[doctor] okay and do you have any concerns 
[patient] no i don't think so 
[doctor] okay and is there anything else you'd like to talk about 
[patient] no i don't think so 
[doctor] okay well it was nice talking to you and i'll see you in two weeks 
[patient] okay sounds good 
[doctor] and don't forget to stay hydrated and take care of yourself 
[patient] i won't 
[doctor] okay and if you have any questions or concerns before our next appointment don't hesitate to reach out 
[patient] i won't 
[doctor] okay take care and i'll talk to you soon 
[patient] okay bye 
[doctor] bye"|"[doctor]: Hi, how are you feeling today?
[patient]: I'm feeling a bit tired and I have some abdominal pain.
[doctor]: Okay, can you tell me more about the abdominal pain? Is it a sharp pain or a dull ache?
[patient]: It's more like a dull ache, and it's been going on for a while now.
[doctor]: Okay, and how long would you say you've been experiencing this pain?
[patient]: I'd say it's been about six months now.
[doctor]: Six months, okay. And have you noticed any other symptoms like fever or chills?
[patient]: No, I don't think so.
[doctor]: Okay, and what about changes in your appetite or sleep pattern? Have you noticed anything?
[patient]: No, I don't think so.
[doctor]: Okay, and can you tell me a little bit about your medical history?
[patient]: Well, I had uterine cancer stage I.
[doctor]: Okay, and how long ago was that?
[patient]: That was about a year ago.
[doctor]: Okay, and have you had any treatment for that?
[patient]: Yes, I've been having chemotherapy.
[doctor]: Okay, and are you still having chemotherapy?
[patient]: Yes, I am.
[doctor]: Okay, and can you tell me more about your chemotherapy treatment? What kind of chemotherapy are you having?
[patient]: I'm not really sure, I'd have to check my records.
[doctor]: Okay, no worries, we can check those later. And what about your family history? Do you have any family members with cancer?
[patient]: My mom had breast cancer.
[doctor]: Okay, and how old was she when she was diagnosed?
[patient]: She was in her fifties.
[doctor]: Okay, and did she have any other health issues?
[patient]: I don't think so.
[doctor]: Okay, and can you tell me about your diet? Have you noticed any changes?
[patient]: No, I don't think so.
[doctor]: Okay, and what about your bowel movements? Have you noticed any changes?
[patient]: Actually, yes, I have been having some bloating and constipation.
[doctor]: Okay, and how often do you experience that?
[patient]: It's pretty regular.
[doctor]: Okay, and have you noticed any blood in your stool?
[patient]: No, I don't think so.
[doctor]: Okay, and can you tell me about your sleep? Have you noticed any changes?
[patient]: No, I don't think so.
[doctor]: Okay, and what about your energy levels? Have you been feeling more tired lately?
[patient]: Yes, I have.
[doctor]: Okay, and can you rate your pain from one to ten?
[patient]: I'd say it's about a six.
[doctor]: Okay, and what about your pain? Is it constant or does it come and go?
[patient]: It's more like it comes and goes.
[doctor]: Okay, and have you noticed any triggers that make your pain worse?
[patient]: I'm not really sure.
[doctor]: Okay, and can you tell me about your stress levels? Have you been feeling stressed lately?
[patient]: Yes, I have.
[doctor]: Okay, and what about your stress? Is it related to your cancer treatment?
[patient]: I think so.
[doctor]: Okay, and can you tell me about your support system? Do you have any friends or family members that you talk to?
[patient]: Yes, I do.
[doctor]: Okay, and are they supportive?
[patient]: Yes, they are.
[doctor]: Okay, and can you tell me about your feelings? Are you feeling anxious or depressed?
[patient]: I'd say I'm feeling a bit anxious.
[doctor]: Okay, and what about your anxiety? Is it related to your cancer treatment?
[patient]: I think so.
[doctor]: Okay, and have you ever thought about talking to a therapist?
[patient]: No, I don't think so.
[doctor]: Okay, and what about your blood pressure? Have you had it checked recently?
[patient]: Yes, I had it checked last week.
[doctor]: Okay, and what was your blood pressure?
[patient]: It was 120 over 80.
[doctor]: Okay, and what about your pulse?
[patient]: I think it was 80.
[doctor]: Okay, and have you had any recent test results?
[patient]: Yes, I had a PET scan.
[doctor]: Okay, and what were the results?
[patient]: I'm not really sure, I'd have to check my records.
[doctor]: Okay, no worries, we can check those later. And what about your height and weight?
[patient]: I'm 5'8"" and 150 pounds.
[doctor]: Okay, and can you tell me about your abdominal exam? Did you have any tenderness?
[patient]: Yes, I did.
[doctor]: Okay, and where was the tenderness?
[patient]: It was in my lower abdomen.
[doctor]: Okay, and did you have any guarding or rebound tenderness?
[patient]: No, I don't think so.
[doctor]: Okay, and what about your pelvic exam? Was it unremarkable?
[patient]: Yes, it was.
[doctor]: Okay, based on your symptoms and test results, it seems like you may be experiencing some side effects from your chemotherapy treatment. The abdominal pain and bloating could be related to the chemotherapy, and the fatigue could be a combination of the treatment and your underlying condition.
[patient]: Okay, that makes sense.
[doctor]: And your history of uterine cancer stage I and your current symptoms suggest that you may be at risk for recurrence, and close monitoring is necessary.
[patient]: Okay, I understand.
[doctor]: And I would like to continue with your current chemotherapy treatment, with close monitoring of your symptoms and test results.
[patient]: Okay, that sounds good.
[doctor]: And I would also like to refer you to a radiation oncologist for evaluation of potential radiation therapy.
[patient]: Okay, that sounds good.
[doctor]: And I would advise you to stay hydrated, eat small frequent meals, and engage in gentle exercise like yoga to manage your symptoms.
[patient]: Okay, that sounds good.
[doctor]: And I would like to follow up with you in two weeks to assess your response to treatment and adjust your plan as necessary.
[patient]: Okay, that sounds good.
[doctor]: Do you have any questions for me?
[patient]: No, I don't think so.
[doctor]: Okay, and do you have any concerns?
[patient]: No, I don't think so.
[doctor]: Okay, and is there anything else you'd like to talk about?
[patient]: No, I don't think so.
[doctor]: Okay, well it was nice talking to you, and I'll see you in two weeks.
[patient]: Okay, sounds good.
[doctor]: And don't forget to stay hydrated and take care of yourself.
[patient]: I won't.
[doctor]: Okay, and if you have any questions or concerns before our next appointment, don't hesitate to reach out.
[patient]: I won't.
[doctor]: Okay, take care, and I'll talk to you soon.
[patient]: Okay, bye.
[doctor]: Bye."
ENCOUNTER FOR ANTINEOPLASTIC CHEMOTHERAPY|"ROLE: Oncologist 

1. Medical Outcome: 
    - Diagnosis: Encounter for antineoplastic chemotherapy 
    - Prescribed treatment: Carboplatin (300mg/m2, IV, every 4 weeks, for 6 cycles) and Paclitaxel (175mg/m2, IV, every 4 weeks, for 6 cycles)
    - Follow-up recommendations: Follow-up appointment in 2 weeks to monitor side effects and response to treatment
    - Referral to specialists: Referral to a radiation oncologist for possible concurrent radiotherapy
    - Medication adjustment: Dose adjustments may be necessary based on patient's response and side effects
    - Lifestyle change: Patient advised to stay hydrated, avoid heavy lifting, and get plenty of rest

2. Medical History: 
    - Previous Diagnoses: Breast cancer (diagnosed 6 months ago)
    - Family Medical History: Mother had ovarian cancer
    - Medication History: Currently taking anastrozole (1mg, oral, daily)
    - Allergies: None
    - Chronic Conditions: Hypertension (controlled with medication)

3. Symptom Description: 
    - Severity: Mild to moderate
    - Duration: Ongoing since diagnosis
    - Associated Symptoms: Fatigue, nausea, and hair loss
    - Frequency: Daily
    - Impact on Daily Activities: Significant impact on daily life, requiring adjustments to work and social activities

4. Patient’s self-reported habits and lifestyle: 
    - Sleep: 6-7 hours per night
    - Diet: Balanced diet with high protein intake
    - Exercise: Gentle yoga, 3 times a week
    - Tobacco Use: Non-smoker
    - Alcohol Consumption: Occasional social drinking

5. Demographic Information: 
    - Age: 52
    - Gender: Female
    - Ethnicity: Caucasian
    - Socio-economic Status: Middle class
    - Education Level: College graduate
    - Health Literacy: High
    - Job Status: Employed part-time

6. Patient's Behavior: 
    - Level of cooperation with medical advice: High, very cooperative

7. Geographical Location: 
    - Big City: Yes
    - Pollution and Environmental Health Risks: Moderate
    - Neighborhood Type: Affluent, well-served by transit

8. Clinical Setting: 
    - Hospital: Cancer center
    - Type of Encounter: Follow-up

9. Type of Encounter: 
    - Follow-up: yes, for ongoing chemotherapy treatment

10. Treatment Disparities: 
    - No disparities noted in treatment approach

11. Native or Non-Native English Speaking Patient: 
    - Native English speaker

12. Physical exams: 
    - Vital signs: BP 120/80, HR 80, Temp 37.5
    - Performance status: ECOG 1

13. Investigation/Test results: 
    - Recent blood work: CBC, electrolytes, and liver function tests pending, to be reviewed at next appointment
    - Imaging: Recent CT scan of chest and abdomen showed no evidence of metastatic disease"|"**
## Step 1: Determine the Structure of the Medical Note
The medical note should follow the standard format:
1. **Subjective**: Patient's own description of symptoms and complaints.
2. **Objective**: Observations and data gathered by the physician.
3. **Assessment**: Evaluation of the patient's condition, including diagnosis or differential diagnosis.
4. **Plan**: Recommendations for treatment, management, and follow-up.

Given the complexity and detail of the provided scenario, we will need to break down the subjective section further into Chief Complaint (CC), History of Present Illness (HPI), and Review of Systems (ROS) since the patient is presenting for follow-up on antineoplastic chemotherapy and has a known diagnosis of breast cancer.


## Step 2: Write the Subjective Section
### Chief Complaint (CC)
The patient is a 52-year-old female presenting for follow-up on her ongoing antineoplastic chemotherapy for breast cancer.

### History of Present Illness (HPI)
The patient has been undergoing chemotherapy with Carboplatin and Paclitaxel for her breast cancer diagnosed 6 months ago. She reports mild to moderate symptoms including fatigue, nausea, and hair loss, which have been ongoing since the start of her treatment. Despite these symptoms, she has been managing her daily life with some adjustments to her work and social activities.

### Review of Systems (ROS)
- **Constitutional**: Reports fatigue.
- **Gastrointestinal**: Experiences nausea.
- **Dermatological**: Reports hair loss.
- **Neurological**: No new or worsening neurological symptoms.

## Step 3: Write the Objective Section
### Physical Examination
- **Vital Signs**: BP 120/80, HR 80, Temp 37.5.
- **Performance Status**: ECOG 1, indicating the patient is fully active, able to carry on all pre-disease performance without restriction.

### Results
- Recent blood work (CBC, electrolytes, and liver function tests) is pending and will be reviewed at the next appointment.
- Imaging: A recent CT scan of the chest and abdomen showed no evidence of metastatic disease.

## Step 4: Write the Assessment Section
The patient is a 52-year-old female with a diagnosis of breast cancer, currently undergoing chemotherapy with Carboplatin and Paclitaxel. She presents with ongoing symptoms of fatigue, nausea, and hair loss but remains fully active. The recent CT scan shows no evidence of metastatic disease, indicating the treatment is currently effective in controlling the spread of the cancer.

## Step 5: Write the Plan Section
Given the patient's current response to chemotherapy and the absence of metastatic disease on imaging, the plan is to continue with the current chemotherapy regimen as prescribed (Carboplatin and Paclitaxel) for the remaining cycles. The patient is advised to stay hydrated, avoid heavy lifting, and get plenty of rest. A follow-up appointment is scheduled in 2 weeks to monitor side effects and response to treatment. Referral to a radiation oncologist for possible concurrent radiotherapy will be considered based on the patient's ongoing response and the pending biopsy results from any recent procedures. Medication adjustments may be necessary based on the patient's response and side effects. The patient is encouraged to continue her current lifestyle habits, including gentle yoga and a balanced diet, and to attend her follow-up appointments as scheduled.


The final answer is: 

There is no numerical answer for this problem as it requires the generation of a comprehensive medical note based on the provided scenario."|"**1. Subjective:** 
The patient is a 52-year-old female presenting for follow-up on her ongoing antineoplastic chemotherapy for breast cancer. 
She has been undergoing chemotherapy with Carboplatin and Paclitaxel for her breast cancer diagnosed 6 months ago. 
She reports mild to moderate symptoms including fatigue, nausea, and hair loss, which have been ongoing since the start of her treatment. 
Despite these symptoms, she has been managing her daily life with some adjustments to her work and social activities.
- **Constitutional**: Reports fatigue.
- **Gastrointestinal**: Experiences nausea.
- **Dermatological**: Reports hair loss.
- **Neurological**: No new or worsening neurological symptoms.

**2. Objective:** 
- **Vital Signs**: BP 120/80, HR 80, Temp 37.5.
- **Performance Status**: ECOG 1, indicating the patient is fully active, able to carry on all pre-disease performance without restriction.
- Recent blood work (CBC, electrolytes, and liver function tests) is pending and will be reviewed at the next appointment.
- Imaging: A recent CT scan of the chest and abdomen showed no evidence of metastatic disease.

**3. Assessment:** 
The patient is a 52-year-old female with a diagnosis of breast cancer, currently undergoing chemotherapy with Carboplatin and Paclitaxel. 
She presents with ongoing symptoms of fatigue, nausea, and hair loss but remains fully active. 
The recent CT scan shows no evidence of metastatic disease, indicating the treatment is currently effective in controlling the spread of the cancer.

**4. Plan:** 
Given the patient's current response to chemotherapy and the absence of metastatic disease on imaging, the plan is to continue with the current chemotherapy regimen as prescribed (Carboplatin and Paclitaxel) for the remaining cycles. 
The patient is advised to stay hydrated, avoid heavy lifting, and get plenty of rest. 
A follow-up appointment is scheduled in 2 weeks to monitor side effects and response to treatment. 
Referral to a radiation oncologist, Dr. Rachel Kim, for possible concurrent radiotherapy will be considered based on the patient's ongoing response and the pending biopsy results from any recent procedures. 
Medication adjustments may be necessary based on the patient's response and side effects. 
The patient is encouraged to continue her current lifestyle habits, including gentle yoga and a balanced diet, and to attend her follow-up appointments as scheduled."|ablation|Oncologist |"<p>Doctor: Hi, thanks for coming in today. Can you tell me a little bit about what brings you here?</p>
<p> Patient: Yeah, I've been having some issues with my health lately. I've been feeling really tired and nauseous, and I've lost a lot of hair. I'm also experiencing some pain in my chest area.</p>
<p>Doctor: I see. Can you tell me more about this pain in your chest? Is it a sharp pain or more of a dull ache?</p>Doctor: And when did you first notice these symptoms?</p>
<p> Patient: I think it started a few months ago, after I began my chemotherapy treatment for breast cancer.</p>
<p>Doctor: Okay, that's helpful to know. Have you experienced any other symptoms besides the fatigue, nausea, and hair loss?</p>
<p> Patient: No, those are the main ones. But I do feel like I've been getting a bit more tired easily, and I have to take more breaks during the day.</p>
<p>Doctor: Alright. And how's your appetite been? Have you noticed any changes in your eating habits?</p>
<p> Patient: Actually, my appetite has been a bit off. I don't feel like eating as much as I used to.</p>
<p>Doctor: Okay, that's good to know. Now, I'm going to take a look at your medical history. Can you tell me a bit about your diagnosis and treatment so far?</p>
<p> Patient: Sure. I was diagnosed with breast cancer about 6 months ago, and I've been undergoing chemotherapy with Carboplatin and Paclitaxel.</p>
<p>Doctor: Okay, great. And have you had any other treatments or medications besides the chemotherapy?</p>
<p> Patient: No, just the chemotherapy.</p>
<p>Doctor: Alright. Now, I'd like to do a quick examination. Can you please remove your shirt and lie down on the examination table?</p>
<p> Patient: Okay.</p>
<p>Doctor: Great. Now, I'm going to take your blood pressure and heart rate. (pause) Okay, your blood pressure is 120/80, and your heart rate is 80.</p>
<p> Patient: Okay.</p>
<p>Doctor: Now, I'd like to listen to your lungs and heart. (pause) Everything sounds good there. Now, I'm going to do a quick abdominal examination. Can you please lift up your shirt and pants? (pause) Okay, everything looks good here.</p>
<p> Patient: Okay.</p>
<p>Doctor: Great. Now, I'd like to discuss your assessment and plan. Based on your symptoms and examination, it seems like your chemotherapy is going well, and we don't see any evidence of metastatic disease on your recent CT scan.</p>
<p> Patient: That's great to hear.</p>
<p>Doctor: Yes, it is. However, we do need to continue monitoring your symptoms and adjusting your treatment as needed. I'd like to schedule a follow-up appointment in 2 weeks to check on your progress.</p>
<p> Patient: Sounds good.</p>
<p>Doctor: Great. And in the meantime, I recommend you stay hydrated, avoid heavy lifting, and get plenty of rest. We'll also consider referral to a radiation oncologist for possible concurrent radiotherapy.</p>
<p> Patient: Okay, that sounds like a good plan.</p>
<p>Doctor: Great. Do you have any questions for me before we finish up today?</p>
<p> Patient: No, I don't think so.</p>
<p>Doctor: Alright. Well, we'll see you in 2 weeks then. Take care, and don't hesitate to reach out if you have any concerns before then.</p>
<p> Patient: Will do, thanks.</p>"|"[doctor]: Hi, thanks for coming in today. Can you tell me a little bit about what brings you here?
[patient]: Yeah, I've been having some issues with my health lately. I've been feeling really tired and nauseous, and I've lost a lot of hair. I'm also experiencing some pain in my chest area.
[doctor]: I see. Can you tell me more about this pain in your chest? Is it a sharp pain or more of a dull ache? Hmm, that's helpful to know. 
[patient]: It's more of a dull ache, I think. 
[doctor]: Okay, and when did you first notice these symptoms? Yes, that's a good point. 
[patient]: I think it started a few months ago, after I began my chemotherapy treatment for breast cancer. Okay, I understand. 
[doctor]: Alright. Have you experienced any other symptoms besides the fatigue, nausea, and hair loss? Okay, that's good to know. 
[patient]: No, those are the main ones. But I do feel like I've been getting a bit more tired easily, and I have to take more breaks during the day. 
[doctor]: Alright. And how's your appetite been? Have you noticed any changes in your eating habits? Yes, that's a good question. 
[patient]: Actually, my appetite has been a bit off. I don't feel like eating as much as I used to. Okay, I see. 
[doctor]: Now, I'm going to take a look at your medical history. Can you tell me a bit about your diagnosis and treatment so far? Okay, great. 
[patient]: Sure. I was diagnosed with breast cancer about 6 months ago, and I've been undergoing chemotherapy with Carboplatin and Paclitaxel. 
[doctor]: Okay, great. And have you had any other treatments or medications besides the chemotherapy? Hmm, that's a good question. 
[patient]: No, just the chemotherapy. 
[doctor]: Alright. Now, I'd like to do a quick examination. Can you please remove your shirt and lie down on the examination table? Okay, great. 
[patient]: Okay. 
[doctor]: Great. Now, I'm going to take your blood pressure and heart rate. (pause) Okay, your blood pressure is 120/80, and your heart rate is 80. Yes, that's good. 
[patient]: Okay. 
[doctor]: Now, I'd like to listen to your lungs and heart. (pause) Everything sounds good there. Now, I'm going to do a quick abdominal examination. Can you please lift up your shirt and pants? (pause) Okay, everything looks good here. 
[patient]: Okay. 
[doctor]: Great. Now, I'd like to discuss your assessment and plan. Based on your symptoms and examination, it seems like your chemotherapy is going well, and we don't see any evidence of metastatic disease on your recent CT scan. 
[patient]: That's great to hear. 
[doctor]: Yes, it is. However, we do need to continue monitoring your symptoms and adjusting your treatment as needed. I'd like to schedule a follow-up appointment in 2 weeks to check on your progress. Okay, sounds good. 
[patient]: Sounds good. 
[doctor]: Great. And in the meantime, I recommend you stay hydrated, avoid heavy lifting, and get plenty of rest. We'll also consider referral to a radiation oncologist for possible concurrent radiotherapy. Hmm, yes. 
[patient]: Okay, that sounds like a good plan. 
[doctor]: Great. Do you have any questions for me before we finish up today? Okay, alright. 
[patient]: No, I don't think so. 
[doctor]: Alright. Well, we'll see you in 2 weeks then. Take care, and don't hesitate to reach out if you have any concerns before then. Yes, definitely. 
[patient]: Will do, thanks."
ENCOUNTER FOR ANTINEOPLASTIC CHEMOTHERAPY|"ROLE: Medical Oncologist

* Medical Outcome: 
    - Diagnosis: Encounter for antineoplastic chemotherapy
    - Prescribed treatment: Administer antineoplastic chemotherapy as per protocol
    - Follow-up recommendations: Monitor patient for side effects, adjust dosage as necessary
    - Referral to specialists: Referral to radiation oncologist for potential adjuvant radiation therapy
    - Referral to further tests or imaging: Order regular CT scans to monitor disease progression
    - Medication adjustment: Adjust antineoplastic chemotherapy dosage based on patient's response and side effects
    - Lifestyle change: Encourage patient to stay hydrated, maintain a healthy diet, and exercise regularly
* Medical History: 
    - Previous Diagnoses: History of cancer
    - Family Medical History: Unknown
    - Medication History: Previous chemotherapy treatments
    - Allergies: None known
    - Chronic Conditions: Cancer
* Symptom Description: 
    - Severity: Moderate
    - Duration: Ongoing
    - Associated Symptoms: Fatigue, nausea, hair loss
    - Frequency: Daily
    - Impact on Daily Activities: Significant impact on daily life
* Patient’s self-reported habits and lifestyle: 
    - Sleep: Poor sleep quality
    - Diet: Unhealthy diet
    - Exercise: Limited physical activity
    - Tobacco Use: Non-smoker
    - Alcohol Consumption: Moderate alcohol use
* Demographic Information: 
    - Age: 55
    - Gender: Female
    - Ethnicity: Caucasian
    - Socio-economic Status: Middle class
    - Education Level: College graduate
    - Health Literacy: High
    - Job Status: Unemployed due to illness
* Patient's Behavior: 
    - Cooperation with medical advice: High
* Geographical Location: 
    - Big City
    - Urban
    - Moderate pollution
    - Affluent neighborhood
* Clinical Setting: 
    - Specialty Clinics: Oncology clinic
* Type of Encounter: 
    - Follow-up
* Treatment Disparities: 
    - Potential for less aggressive treatment due to patient's age and health status
* Native or Non-Native English Speaking Patient: 
    - Native English speaker
* Physical exams: 
    - Regular vital sign monitoring
    - NA for other physical exams
* Investigation/Test results: 
    - Regular blood work for chemotherapy monitoring
    - CT scans for disease progression monitoring"|Rejected|Rejected|Rejected|Rejected||
ENCOUNTER FOR ANTINEOPLASTIC CHEMOTHERAPY|"ROLE: Oncologist

1. Medical Outcome: 
    - Diagnosis: Antineoplastic chemotherapy
    - Prescribed treatment: Intravenous administration of doxorubicin 50 mg/m2 every 4 weeks for 6 cycles
    - Follow-up recommendations: Weekly blood work to monitor complete blood count and liver function tests
    - Referral to specialists: Referral to a cardiologist for evaluation of cardiac function before starting chemotherapy
    - Medication adjustment: Consideration of granisetron 1 mg orally twice a day for nausea and vomiting
    - Lifestyle change: Patient advised to stay hydrated, eat a balanced diet, and avoid strenuous exercise

2. Medical History: 
    - Previous Diagnoses: Breast cancer stage II
    - Family Medical History: Mother had ovarian cancer
    - Medication History: Previously treated with tamoxifen
    - Allergies: Allergic to penicillin
    - Chronic Conditions: Hypertension

3. Symptom Description: 
    - Severity: Patient reports significant fatigue and pain
    - Duration: Symptoms have been ongoing for 3 months
    - Associated Symptoms: Weight loss, hair loss
    - Frequency: Patient experiences symptoms daily
    - Impact on Daily Activities: Significant impact on daily activities and quality of life

4. Patient’s self-reported habits and lifestyle: 
    - Sleep: Poor sleep quality
    - Diet: Patient tries to eat a balanced diet but has poor appetite
    - Exercise: Unable to exercise due to fatigue
    - Tobacco Use: Non-smoker
    - Alcohol Consumption: Occasional drinker

5. Demographic Information: 
    - Age: 55
    - Gender: Female
    - Ethnicity: Caucasian
    - Socio-economic Status: Middle class
    - Education Level: College graduate
    - Health Literacy: Good understanding of health information
    - Job Status: Employed part-time

6. Patient's Behavior: 
    - Patient is cooperative and adheres to medical advice

7. Geographical Location: 
    - Big City
    - Urban area
    - Average pollution level

8. Clinical Setting: 
    - Hospital

9. Type of Encounter: 
    - Initial consultation for chemotherapy

10. Treatment Disparities: 
    - None identified

11. Native or Non-Native English Speaking Patient: 
    - Native English speaker

12. Physical exams: 
    - Complete blood count
    - Liver function tests
    - Cardiac evaluation

13. Investigation/Test results: 
    - Recent CT scan of the chest, abdomen, and pelvis shows no metastasis
    - Blood work: Complete blood count and liver function tests pending"|Rejected|Rejected|Rejected|Rejected||
