Wed Feb  5 13:20:58 EST 2025: Job 14735555 is allocated resource
counter is: 1
ESSENTIAL (PRIMARY) HYPERTENSION
counter is: 2
ENCOUNTER FOR GENERAL ADULT MEDICAL EXAMINATION WITHOUT ABNORMAL FINDINGS
counter is: 3
ENCOUNTER FOR ROUTINE CHILD HEALTH EXAMINATION WITHOUT ABNORMAL FINDINGS
counter is: 4
ENCOUNTER FOR IMMUNIZATION
counter is: 5
TYPE 2 DIABETES MELLITUS WITHOUT COMPLICATIONS
counter is: 6
END STAGE RENAL DISEASE
counter is: 7
HYPERLIPIDEMIA, UNSPECIFIED
counter is: 8
LOW BACK PAIN
counter is: 9
OBSTRUCTIVE SLEEP APNEA (ADULT) (PEDIATRIC)
counter is: 10
ILLNESS, UNSPECIFIED
counter is: 11
HYPOTHYROIDISM, UNSPECIFIED
counter is: 12
ENCOUNTER FOR SCREENING MAMMOGRAM FOR MALIGNANT NEOPLASM OF BREAST
counter is: 13
ENCOUNTER FOR GYNECOLOGICAL EXAMINATION (GENERAL) (ROUTINE) WITHOUT ABNORMAL FINDINGS
counter is: 14
URINARY TRACT INFECTION, SITE NOT SPECIFIED
counter is: 15
OTHER LONG TERM (CURRENT) DRUG THERAPY
counter is: 16
CERVICALGIA
counter is: 17
ATHEROSCLEROTIC HEART DISEASE OF NATIVE CORONARY ARTERY WITHOUT ANGINA PECTORIS
counter is: 18
CHEST PAIN, UNSPECIFIED
counter is: 19
GASTRO-ESOPHAGEAL REFLUX DISEASE WITHOUT ESOPHAGITIS
counter is: 20
ACUTE KIDNEY FAILURE, UNSPECIFIED
counter is: 21
SEGMENTAL AND SOMATIC DYSFUNCTION OF CERVICAL REGION
counter is: 22
CHRONIC OBSTRUCTIVE PULMONARY DISEASE, UNSPECIFIED
counter is: 23
ANXIETY DISORDER, UNSPECIFIED
counter is: 24
TYPE 2 DIABETES MELLITUS WITH HYPERGLYCEMIA
counter is: 25
OTHER CHEST PAIN
counter is: 26
MUSCLE WEAKNESS (GENERALIZED)
counter is: 27
ANEMIA, UNSPECIFIED
counter is: 28
ACUTE PHARYNGITIS, UNSPECIFIED
counter is: 29
UNSPECIFIED ABDOMINAL PAIN
counter is: 30
ENCOUNTER FOR ANTINEOPLASTIC CHEMOTHERAPY
counter is: 31
OTHER FATIGUE
counter is: 32
ACUTE UPPER RESPIRATORY INFECTION, UNSPECIFIED
counter is: 33
CONTACT WITH AND (SUSPECTED) EXPOSURE TO COVID-19
counter is: 34
SEGMENTAL AND SOMATIC DYSFUNCTION OF LUMBAR REGION
counter is: 35
ENCOUNTER FOR SCREENING FOR MALIGNANT NEOPLASM OF COLON
counter is: 36
UNSPECIFIED ATRIAL FIBRILLATION
counter is: 37
COUGH
counter is: 38
PNEUMONIA, UNSPECIFIED ORGANISM
counter is: 39
GENERALIZED ANXIETY DISORDER
counter is: 40
OPIOID DEPENDENCE, UNCOMPLICATED
counter is: 41
MAJOR DEPRESSIVE DISORDER, SINGLE EPISODE, UNSPECIFIED
counter is: 42
PAIN IN RIGHT KNEE
counter is: 43
SHORTNESS OF BREATH
counter is: 44
PAIN IN RIGHT SHOULDER
len of scenario_provider_memory is: 0
Latest message: NoGo

Reasons:
1. **Pair-wise Comparison**: Insufficient information provided about previous scenarios to determine if at least 4 out of 13 variables are different from previously approved scenarios.
   
Feedback:
To ensure the scenario meets the criteria for approval, please review and adjust the scenario to ensure it differs in at least 4 out of the 13 variables from previously approved scenarios. Additionally, confirm that all aspects of the scenario are medically accurate and plausible.
Decision: plausible.
Updated conversation memory length: 1
plausible.
NoGo

Reasons:
1. **Pair-wise Comparison**: Insufficient information provided about previous scenarios to determine if at least 4 out of 13 variables are different from previously approved scenarios.
   
Feedback:
To ensure the scenario meets the criteria for approval, please review and adjust the scenario to ensure it differs in at least 4 out of the 13 variables from previously approved scenarios. Additionally, confirm that all aspects of the scenario are medically accurate and plausible.
len of scenario_provider_memory is: 2
Latest message: DECISION: Go
Decision: Go
Updated conversation memory length: 1
Go
DECISION: Go
Note number 1 has been generated!
len of scenario_provider_memory is: 0
Latest message: Given that this is the first scenario and there are no previously approved scenarios to compare against, we will only check conditions (b) and (c):

**Condition (b): Medically Correct**
- The symptoms described (dull ache, increased pain with certain movements, stiffness upon waking) are consistent with a shoulder strain.
- The proposed treatment plan (Mobic for pain, RICE protocol, avoiding heavy lifting, referral to a physiatrist) is appropriate for a suspected shoulder strain.
- The investigation (MRI) is reasonable to rule out more serious conditions like rotator cuff injuries.

**Condition (c): Plausibility**
- The scenario is plausible. It describes a common presentation in family medicine where a middle-aged man presents with shoulder pain following a heavy lifting episode at work.
- The patient's history, including hypertension and hyperlipidemia, is consistent with his age and lifestyle.
- The clinical setting and encounter type (follow-up) fit the context of ongoing care.

Since both conditions (b) and (c) are satisfied, the scenario is approved.

DECISION: Go
Decision: Go
Updated conversation memory length: 2
Go
Given that this is the first scenario and there are no previously approved scenarios to compare against, we will only check conditions (b) and (c):

**Condition (b): Medically Correct**
- The symptoms described (dull ache, increased pain with certain movements, stiffness upon waking) are consistent with a shoulder strain.
- The proposed treatment plan (Mobic for pain, RICE protocol, avoiding heavy lifting, referral to a physiatrist) is appropriate for a suspected shoulder strain.
- The investigation (MRI) is reasonable to rule out more serious conditions like rotator cuff injuries.

**Condition (c): Plausibility**
- The scenario is plausible. It describes a common presentation in family medicine where a middle-aged man presents with shoulder pain following a heavy lifting episode at work.
- The patient's history, including hypertension and hyperlipidemia, is consistent with his age and lifestyle.
- The clinical setting and encounter type (follow-up) fit the context of ongoing care.

Since both conditions (b) and (c) are satisfied, the scenario is approved.

DECISION: Go
Note number 2 has been generated!
len of scenario_provider_memory is: 0
Latest message: DECISION: Go
Decision: Go
Updated conversation memory length: 3
Go
DECISION: Go
Note number 3 has been generated!
len of scenario_provider_memory is: 0
Latest message: Given that this is the first scenario and there are no previously approved scenarios to compare against, we will only check conditions (b) and (c):

**Condition (b): Medically Correct**
- The symptoms described (sharp pain, worsening with movement, limited mobility) are consistent with an acute rotator cuff strain.
- The prescribed treatment (Ibuprofen for pain management) and follow-up recommendations (shoulder MRI, follow-up appointment) are appropriate for the diagnosis.
- The medical history and medication details are consistent with a patient managing hypertension.

**Condition (c): Plausibility**
- The scenario is plausible. It describes a common presentation in family medicine where a middle-aged man presents with shoulder pain following a heavy lifting episode during his routine workout.
- The patient's demographic information, lifestyle habits, and behavior are consistent with a typical patient profile.
- The clinical setting and encounter type (follow-up visit) fit the context of ongoing care.

Since both conditions (b) and (c) are satisfied, the scenario is approved.

DECISION: Go
Decision: Go
Updated conversation memory length: 4
Go
Given that this is the first scenario and there are no previously approved scenarios to compare against, we will only check conditions (b) and (c):

**Condition (b): Medically Correct**
- The symptoms described (sharp pain, worsening with movement, limited mobility) are consistent with an acute rotator cuff strain.
- The prescribed treatment (Ibuprofen for pain management) and follow-up recommendations (shoulder MRI, follow-up appointment) are appropriate for the diagnosis.
- The medical history and medication details are consistent with a patient managing hypertension.

**Condition (c): Plausibility**
- The scenario is plausible. It describes a common presentation in family medicine where a middle-aged man presents with shoulder pain following a heavy lifting episode during his routine workout.
- The patient's demographic information, lifestyle habits, and behavior are consistent with a typical patient profile.
- The clinical setting and encounter type (follow-up visit) fit the context of ongoing care.

Since both conditions (b) and (c) are satisfied, the scenario is approved.

DECISION: Go
Note number 4 has been generated!
len of scenario_provider_memory is: 0
Latest message: NoGo

Reasons:
1. **Condition (a):** Since there are no previously approved scenarios mentioned, we cannot perform a pairwise comparison to ensure at least 4 out of 13 variables are different. Therefore, this condition cannot be verified.

2. **Condition (b):** The scenario appears medically correct. The symptoms described align with rotator cuff tendonitis, and the prescribed treatment and follow-up recommendations are appropriate.

3. **Condition (c):** The scenario is plausible. The patient's history, symptoms, and examination findings are consistent with a diagnosis of rotator cuff tendonitis.

Feedback:
To meet condition (a), please ensure that at least 4 out of the 13 variables differ from any previously approved scenarios. If this is the first scenario being evaluated, please confirm that there are no prior approved scenarios so we can proceed with checking only conditions (b) and (c).
Decision: (c).
Updated conversation memory length: 1
(c).
NoGo

Reasons:
1. **Condition (a):** Since there are no previously approved scenarios mentioned, we cannot perform a pairwise comparison to ensure at least 4 out of 13 variables are different. Therefore, this condition cannot be verified.

2. **Condition (b):** The scenario appears medically correct. The symptoms described align with rotator cuff tendonitis, and the prescribed treatment and follow-up recommendations are appropriate.

3. **Condition (c):** The scenario is plausible. The patient's history, symptoms, and examination findings are consistent with a diagnosis of rotator cuff tendonitis.

Feedback:
To meet condition (a), please ensure that at least 4 out of the 13 variables differ from any previously approved scenarios. If this is the first scenario being evaluated, please confirm that there are no prior approved scenarios so we can proceed with checking only conditions (b) and (c).
len of scenario_provider_memory is: 2
Latest message: NoGo

Reasons:
1. **Pair-wise Comparison**: Insufficient information provided to compare against previous scenarios. Ensure at least 4 out of 13 variables differ from previously approved scenarios.
2. **Medical Correctness**: The scenario appears medically correct in terms of symptoms, tests, diagnosis, and treatment.
3. **Plausibility**: The scenario is plausible given the patient's history and symptoms.

Feedback:
- Please ensure that the new scenario differs from previous ones in at least 4 out of the 13 variables. This will help maintain diversity in the dataset.
- Double-check the geographical location description for consistency and clarity.
- Ensure all variables are clearly stated and consistent with the overall scenario.
Decision: scenario.
Updated conversation memory length: 1
scenario.
NoGo

Reasons:
1. **Pair-wise Comparison**: Insufficient information provided to compare against previous scenarios. Ensure at least 4 out of 13 variables differ from previously approved scenarios.
2. **Medical Correctness**: The scenario appears medically correct in terms of symptoms, tests, diagnosis, and treatment.
3. **Plausibility**: The scenario is plausible given the patient's history and symptoms.

Feedback:
- Please ensure that the new scenario differs from previous ones in at least 4 out of the 13 variables. This will help maintain diversity in the dataset.
- Double-check the geographical location description for consistency and clarity.
- Ensure all variables are clearly stated and consistent with the overall scenario.
len of scenario_provider_memory is: 4
Latest message: NoGo

Reasons:
1. The scenario does not meet the requirement of having at least 4 out of 13 variables different from previously approved scenarios. Without knowing the details of previous scenarios, it is difficult to confirm this condition.
2. The symptom description includes non-English text ("Pain加剧在夜间" and "影响日常活动：难以穿衣和梳头"), which needs to be translated into English for consistency.
3. Ensure all information is in English to maintain uniformity and clarity.

Feedback:
- Please ensure that at least 4 out of 13 variables differ from previously approved scenarios.
- Translate all non-English text into English for consistency.
- Double-check the plausibility and medical correctness of the scenario.
Decision: scenario.
Updated conversation memory length: 1
scenario.
NoGo

Reasons:
1. The scenario does not meet the requirement of having at least 4 out of 13 variables different from previously approved scenarios. Without knowing the details of previous scenarios, it is difficult to confirm this condition.
2. The symptom description includes non-English text ("Pain加剧在夜间" and "影响日常活动：难以穿衣和梳头"), which needs to be translated into English for consistency.
3. Ensure all information is in English to maintain uniformity and clarity.

Feedback:
- Please ensure that at least 4 out of 13 variables differ from previously approved scenarios.
- Translate all non-English text into English for consistency.
- Double-check the plausibility and medical correctness of the scenario.
len of scenario_provider_memory is: 6
Latest message: NoGo

Reasons:
1. **Pair-wise Comparison**: Insufficient unique variables compared to previous scenarios. At least 4 out of 13 variables need to differ from previously approved scenarios. Based on the provided details, it appears this scenario does not meet the required threshold for uniqueness.

Feedback:
To improve the scenario, consider altering at least four variables to ensure it differs significantly from previously approved scenarios. For example, you might change the demographic information, clinical setting, type of encounter, or the nature of the physical exam findings. Additionally, consider varying the medical history, symptom description, or the prescribed treatment to enhance the uniqueness of the scenario.
Decision: scenario.
Updated conversation memory length: 1
scenario.
NoGo

Reasons:
1. **Pair-wise Comparison**: Insufficient unique variables compared to previous scenarios. At least 4 out of 13 variables need to differ from previously approved scenarios. Based on the provided details, it appears this scenario does not meet the required threshold for uniqueness.

Feedback:
To improve the scenario, consider altering at least four variables to ensure it differs significantly from previously approved scenarios. For example, you might change the demographic information, clinical setting, type of encounter, or the nature of the physical exam findings. Additionally, consider varying the medical history, symptom description, or the prescribed treatment to enhance the uniqueness of the scenario.
len of scenario_provider_memory is: 8
Latest message: NoGo

Reasons:
1. **Variable Comparison**: Without knowing the details of previously approved scenarios, I cannot definitively state that this scenario differs in at least 4 out of 13 variables. However, given the specific nature of the scenario, it may not meet the required variability threshold if previous scenarios were similar in terms of demographic information, clinical setting, type of encounter, and medical outcome.

2. **Medically Correct**: The scenario appears medically correct. The diagnosis of Right Shoulder Impingement Syndrome aligns with the described symptoms, and the prescribed treatment (Ibuprofen) and follow-up recommendations are appropriate. The imaging order (X-ray) and lifestyle changes recommended are also consistent with standard care practices.

3. **Plausibility**: The scenario is plausible. The patient's age, sedentary lifestyle, and recent onset of shoulder pain are consistent with the diagnosis of shoulder impingement syndrome. The associated symptoms and impact on daily activities are realistic and align with the diagnosis.

Feedback:
To ensure the scenario meets the required variability threshold, consider altering some of the variables such as the demographic information (e.g., changing the gender, ethnicity, socioeconomic status), the clinical setting (e.g., moving from a community health center to an urban hospital), the type of encounter (e.g., changing from an initial consultation to a follow-up visit), or the medical outcome (e.g., changing the diagnosis to another musculoskeletal issue). This will help ensure the scenario is sufficiently distinct from previously approved ones.
Decision: ones.
Updated conversation memory length: 1
ones.
NoGo

Reasons:
1. **Variable Comparison**: Without knowing the details of previously approved scenarios, I cannot definitively state that this scenario differs in at least 4 out of 13 variables. However, given the specific nature of the scenario, it may not meet the required variability threshold if previous scenarios were similar in terms of demographic information, clinical setting, type of encounter, and medical outcome.

2. **Medically Correct**: The scenario appears medically correct. The diagnosis of Right Shoulder Impingement Syndrome aligns with the described symptoms, and the prescribed treatment (Ibuprofen) and follow-up recommendations are appropriate. The imaging order (X-ray) and lifestyle changes recommended are also consistent with standard care practices.

3. **Plausibility**: The scenario is plausible. The patient's age, sedentary lifestyle, and recent onset of shoulder pain are consistent with the diagnosis of shoulder impingement syndrome. The associated symptoms and impact on daily activities are realistic and align with the diagnosis.

Feedback:
To ensure the scenario meets the required variability threshold, consider altering some of the variables such as the demographic information (e.g., changing the gender, ethnicity, socioeconomic status), the clinical setting (e.g., moving from a community health center to an urban hospital), the type of encounter (e.g., changing from an initial consultation to a follow-up visit), or the medical outcome (e.g., changing the diagnosis to another musculoskeletal issue). This will help ensure the scenario is sufficiently distinct from previously approved ones.
len of scenario_provider_memory is: 10
Latest message: NoGo

Reasons:
1. **Condition (a):** Since this is the first scenario, we cannot perform a pairwise comparison with previous scenarios. Therefore, we will only check conditions (b) and (c).

2. **Condition (b):** Medically Correct Scenario:
   - The symptoms described (pain, stiffness, and swelling) are consistent with a rotator cuff strain.
   - The prescribed treatment (acetaminophen) and follow-up recommendations are appropriate.
   - The imaging order (MRI) is suitable for further evaluation of the shoulder injury.
   - The lifestyle changes recommended are reasonable and align with the diagnosis.

3. **Condition (c):** Plausibility:
   - The scenario is plausible given the patient's age, occupation (manual labor carpenter), and recreational activities (fishing and hiking), which could contribute to repetitive shoulder strain.
   - The patient's cooperation and commitment to the treatment plan add to the plausibility.

Feedback:
Since this is the first scenario, it meets the criteria for being medically correct and plausible. However, ensure future scenarios vary significantly from this one in at least four out of the thirteen variables to maintain diversity in the dataset.
Decision: dataset.
Updated conversation memory length: 1
dataset.
NoGo

Reasons:
1. **Condition (a):** Since this is the first scenario, we cannot perform a pairwise comparison with previous scenarios. Therefore, we will only check conditions (b) and (c).

2. **Condition (b):** Medically Correct Scenario:
   - The symptoms described (pain, stiffness, and swelling) are consistent with a rotator cuff strain.
   - The prescribed treatment (acetaminophen) and follow-up recommendations are appropriate.
   - The imaging order (MRI) is suitable for further evaluation of the shoulder injury.
   - The lifestyle changes recommended are reasonable and align with the diagnosis.

3. **Condition (c):** Plausibility:
   - The scenario is plausible given the patient's age, occupation (manual labor carpenter), and recreational activities (fishing and hiking), which could contribute to repetitive shoulder strain.
   - The patient's cooperation and commitment to the treatment plan add to the plausibility.

Feedback:
Since this is the first scenario, it meets the criteria for being medically correct and plausible. However, ensure future scenarios vary significantly from this one in at least four out of the thirteen variables to maintain diversity in the dataset.
len of scenario_provider_memory is: 12
Latest message: NoGo

Reasons:
1. **Variable Comparison**: Since this is the first scenario, we cannot perform a pairwise comparison with previous scenarios. Therefore, we will focus on conditions (b) and (c).

2. **Medical Correctness**: The scenario appears medically correct. The diagnosis of Right Shoulder Impingement Syndrome aligns with the symptoms described (pain, stiffness, and swelling), and the prescribed treatment (Meloxicam) and follow-up recommendations are appropriate. The imaging order (MRI) and lifestyle changes are also consistent with the diagnosis.

3. **Plausibility**: The scenario is plausible. The patient's description of symptoms, medical history, and lifestyle factors all support the diagnosis and treatment plan. However, the scenario lacks some details that would make it more robust and unique compared to potential future scenarios.

Feedback:
- To ensure future scenarios meet the variable comparison criteria, consider varying at least four out of the thirteen variables when creating new scenarios.
- Ensure that each scenario includes a diverse set of patient demographics, medical histories, and clinical settings to enhance variability.
- Consider adding more detailed descriptions of the patient’s behavior and cooperation, as well as any additional relevant investigations or test results that might be available.

By addressing these points, future scenarios will be more likely to meet all three conditions.
Decision: conditions.
Updated conversation memory length: 1
conditions.
NoGo

Reasons:
1. **Variable Comparison**: Since this is the first scenario, we cannot perform a pairwise comparison with previous scenarios. Therefore, we will focus on conditions (b) and (c).

2. **Medical Correctness**: The scenario appears medically correct. The diagnosis of Right Shoulder Impingement Syndrome aligns with the symptoms described (pain, stiffness, and swelling), and the prescribed treatment (Meloxicam) and follow-up recommendations are appropriate. The imaging order (MRI) and lifestyle changes are also consistent with the diagnosis.

3. **Plausibility**: The scenario is plausible. The patient's description of symptoms, medical history, and lifestyle factors all support the diagnosis and treatment plan. However, the scenario lacks some details that would make it more robust and unique compared to potential future scenarios.

Feedback:
- To ensure future scenarios meet the variable comparison criteria, consider varying at least four out of the thirteen variables when creating new scenarios.
- Ensure that each scenario includes a diverse set of patient demographics, medical histories, and clinical settings to enhance variability.
- Consider adding more detailed descriptions of the patient’s behavior and cooperation, as well as any additional relevant investigations or test results that might be available.

By addressing these points, future scenarios will be more likely to meet all three conditions.
len of scenario_provider_memory is: 14
Latest message: NoGo

Reasons:
1. **Variable Comparison**: Without knowing the details of previously approved scenarios, I cannot definitively state that this scenario differs in at least 4 out of 13 variables. Please ensure that the new scenario has at least four distinct differences compared to previous ones.
   
2. **Medically Correct**: The scenario appears medically correct. The diagnosis of right shoulder tendinitis aligns with the symptoms described, and the prescribed treatment (Celecoxib) and follow-up recommendations are appropriate. The imaging order (ultrasound) is also suitable for evaluating shoulder tendinitis.

3. **Plausibility**: The scenario is plausible. The patient's history, symptoms, and examination findings are consistent with a diagnosis of shoulder tendinitis. The patient's demographic information and lifestyle factors are realistic and relevant to the clinical context.

Feedback:
To meet condition (a), please review the previously approved scenarios and ensure that this new scenario differs in at least four variables. This will help maintain diversity in the scenarios used for generating synthetic medical notes.
Decision: notes.
Updated conversation memory length: 1
notes.
NoGo

Reasons:
1. **Variable Comparison**: Without knowing the details of previously approved scenarios, I cannot definitively state that this scenario differs in at least 4 out of 13 variables. Please ensure that the new scenario has at least four distinct differences compared to previous ones.
   
2. **Medically Correct**: The scenario appears medically correct. The diagnosis of right shoulder tendinitis aligns with the symptoms described, and the prescribed treatment (Celecoxib) and follow-up recommendations are appropriate. The imaging order (ultrasound) is also suitable for evaluating shoulder tendinitis.

3. **Plausibility**: The scenario is plausible. The patient's history, symptoms, and examination findings are consistent with a diagnosis of shoulder tendinitis. The patient's demographic information and lifestyle factors are realistic and relevant to the clinical context.

Feedback:
To meet condition (a), please review the previously approved scenarios and ensure that this new scenario differs in at least four variables. This will help maintain diversity in the scenarios used for generating synthetic medical notes.
len of scenario_provider_memory is: 16
Latest message: DECISION: Go
Decision: Go
Updated conversation memory length: 1
Go
DECISION: Go
Note number 5 has been generated!
counter is: 45
MIXED HYPERLIPIDEMIA
len of scenario_provider_memory is: 0
Latest message: **Scenario Analysis**

**Condition (a): Pair-wise Comparison**
Since this is the first scenario, we do not have previous scenarios to compare against. Therefore, this condition does not apply.

**Condition (b): Medical Correctness**
- **Symptoms**: The patient reports feeling tired after heavier meals, which is consistent with his high cholesterol levels and sedentary lifestyle.
- **Tests**: The biochemistry panel results are appropriate for assessing lipid profiles.
- **Diagnosis**: Mixed hyperlipidemia is correctly identified based on the lipid profile results.
- **Treatment**: The plan to increase atorvastatin dosage and refer to a nutritionist is medically sound.

**Condition (c): Plausibility**
- The scenario is plausible as it describes a common clinical encounter for a patient with dyslipidemia.
- The patient's history, social habits, and examination findings align with the diagnosis and proposed treatment plan.

**Decision: Go**
Decision: Go**
Updated conversation memory length: 1
Go**
**Scenario Analysis**

**Condition (a): Pair-wise Comparison**
Since this is the first scenario, we do not have previous scenarios to compare against. Therefore, this condition does not apply.

**Condition (b): Medical Correctness**
- **Symptoms**: The patient reports feeling tired after heavier meals, which is consistent with his high cholesterol levels and sedentary lifestyle.
- **Tests**: The biochemistry panel results are appropriate for assessing lipid profiles.
- **Diagnosis**: Mixed hyperlipidemia is correctly identified based on the lipid profile results.
- **Treatment**: The plan to increase atorvastatin dosage and refer to a nutritionist is medically sound.

**Condition (c): Plausibility**
- The scenario is plausible as it describes a common clinical encounter for a patient with dyslipidemia.
- The patient's history, social habits, and examination findings align with the diagnosis and proposed treatment plan.

**Decision: Go**
len of scenario_provider_memory is: 2
Latest message: NoGo

**Reasons:**
1. **Condition (a): Pair-wise Comparison**
   - Based on the information provided, it appears that this scenario may not differ sufficiently from previously approved scenarios. Specifically, the variables such as the chief complaint (high cholesterol), medical history (hypertension, mixed hyperlipidemia, hypothyroidism), social history (non-smoker, mild exercise), medications (losartan, levothyroxine, atorvastatin), and the overall clinical setting (annual checkup and management of dyslipidemia) seem quite similar to other scenarios. To meet condition (a), we would need at least four variables to be distinctly different.

2. **Condition (b): Medical Correctness**
   - The scenario is medically correct in terms of symptoms, tests, diagnosis, and treatment. The patient's presentation, vital signs, physical exam findings, and the proposed treatment plan all align with standard medical practice for managing high cholesterol and associated conditions.

3. **Condition (c): Plausibility**
   - The scenario is plausible. The patient's symptoms, medical history, and the proposed management plan are consistent with a realistic clinical encounter.

**Feedback:**
To improve the scenario and ensure it meets condition (a), consider changing at least four variables. For example:
- Change the chief complaint to something related but distinct, like "chest pain."
- Modify the medical history to include a new condition, such as diabetes.
- Adjust the social history to reflect different habits, such as smoking or a more sedentary lifestyle.
- Alter the medications to include different drugs or dosages.
- Vary the geographical location or demographic information to introduce new elements.

By making these changes, the scenario will likely meet the criteria for approval.
Decision: approval.
Updated conversation memory length: 1
approval.
NoGo

**Reasons:**
1. **Condition (a): Pair-wise Comparison**
   - Based on the information provided, it appears that this scenario may not differ sufficiently from previously approved scenarios. Specifically, the variables such as the chief complaint (high cholesterol), medical history (hypertension, mixed hyperlipidemia, hypothyroidism), social history (non-smoker, mild exercise), medications (losartan, levothyroxine, atorvastatin), and the overall clinical setting (annual checkup and management of dyslipidemia) seem quite similar to other scenarios. To meet condition (a), we would need at least four variables to be distinctly different.

2. **Condition (b): Medical Correctness**
   - The scenario is medically correct in terms of symptoms, tests, diagnosis, and treatment. The patient's presentation, vital signs, physical exam findings, and the proposed treatment plan all align with standard medical practice for managing high cholesterol and associated conditions.

3. **Condition (c): Plausibility**
   - The scenario is plausible. The patient's symptoms, medical history, and the proposed management plan are consistent with a realistic clinical encounter.

**Feedback:**
To improve the scenario and ensure it meets condition (a), consider changing at least four variables. For example:
- Change the chief complaint to something related but distinct, like "chest pain."
- Modify the medical history to include a new condition, such as diabetes.
- Adjust the social history to reflect different habits, such as smoking or a more sedentary lifestyle.
- Alter the medications to include different drugs or dosages.
- Vary the geographical location or demographic information to introduce new elements.

By making these changes, the scenario will likely meet the criteria for approval.
len of scenario_provider_memory is: 4
Latest message: NoGo

**Reasons:**
1. **Variable Comparison:** Without knowing the previously approved scenarios, I cannot definitively state that this scenario differs in at least 4 out of 13 variables. However, given the typical nature of the scenario, it seems likely that it may overlap significantly with other common family medicine scenarios involving chest pain and cardiovascular risk factors.
   
2. **Medical Correctness:** The scenario appears medically correct in terms of symptoms, tests, diagnosis, and treatment. The chest pain description, hypertension management, and the ordered investigations align well with clinical practice guidelines.

3. **Plausibility:** The scenario is plausible. The patient's history, symptoms, and the proposed diagnostic and treatment plan are consistent with a realistic clinical encounter.

**Feedback:**
To ensure the scenario meets the criteria for approval, consider altering more variables such as the patient’s demographic information, geographical location, or specific details in their social history (e.g., smoking habits, diet). Additionally, you might introduce unique aspects to the clinical setting or the type of encounter to differentiate it further from previously approved scenarios.
Decision: scenarios.
Updated conversation memory length: 1
scenarios.
NoGo

**Reasons:**
1. **Variable Comparison:** Without knowing the previously approved scenarios, I cannot definitively state that this scenario differs in at least 4 out of 13 variables. However, given the typical nature of the scenario, it seems likely that it may overlap significantly with other common family medicine scenarios involving chest pain and cardiovascular risk factors.
   
2. **Medical Correctness:** The scenario appears medically correct in terms of symptoms, tests, diagnosis, and treatment. The chest pain description, hypertension management, and the ordered investigations align well with clinical practice guidelines.

3. **Plausibility:** The scenario is plausible. The patient's history, symptoms, and the proposed diagnostic and treatment plan are consistent with a realistic clinical encounter.

**Feedback:**
To ensure the scenario meets the criteria for approval, consider altering more variables such as the patient’s demographic information, geographical location, or specific details in their social history (e.g., smoking habits, diet). Additionally, you might introduce unique aspects to the clinical setting or the type of encounter to differentiate it further from previously approved scenarios.
len of scenario_provider_memory is: 6
Latest message: NoGo

**Reasons:**

1. **Condition (a): Pair-wise Comparison**
   - Based on the information provided, it is unclear how many of the 13 variables differ from previously approved scenarios. However, given the details provided, it seems likely that fewer than 4 variables are sufficiently different. For example, the chief complaint (chest pain), medical history (hypertension, hyperlipidemia, diabetes), social history (heavy alcohol use, sedentary lifestyle), and clinical setting (family medicine clinic) are common and may not significantly differ from previous scenarios.

2. **Condition (b): Medical Correctness**
   - The scenario appears medically correct in terms of symptoms, tests, diagnosis, and treatment. The chest pain described as a tightening sensation after meals, along with hypertension, hyperlipidemia, and family history, suggests a potential cardiac etiology. The ordered investigations (echocardiogram, stress test) and management plan (increasing statin dose, lifestyle modifications) are appropriate.

3. **Condition (c): Plausibility**
   - The scenario is plausible. The patient's symptoms, medical history, and lifestyle factors align with a potential diagnosis of angina pectoris secondary to coronary artery disease. The management plan is reasonable and consistent with current guidelines.

**Feedback:**
To meet condition (a), consider altering more variables such as the demographic information, geographical location, type of encounter, or the specific details of the patient’s behavior and habits. For instance, changing the patient’s age, gender, or occupation, or specifying unique aspects of their lifestyle or environment, would help ensure the scenario is distinct from previously approved ones.
Decision: ones.
Updated conversation memory length: 1
ones.
NoGo

**Reasons:**

1. **Condition (a): Pair-wise Comparison**
   - Based on the information provided, it is unclear how many of the 13 variables differ from previously approved scenarios. However, given the details provided, it seems likely that fewer than 4 variables are sufficiently different. For example, the chief complaint (chest pain), medical history (hypertension, hyperlipidemia, diabetes), social history (heavy alcohol use, sedentary lifestyle), and clinical setting (family medicine clinic) are common and may not significantly differ from previous scenarios.

2. **Condition (b): Medical Correctness**
   - The scenario appears medically correct in terms of symptoms, tests, diagnosis, and treatment. The chest pain described as a tightening sensation after meals, along with hypertension, hyperlipidemia, and family history, suggests a potential cardiac etiology. The ordered investigations (echocardiogram, stress test) and management plan (increasing statin dose, lifestyle modifications) are appropriate.

3. **Condition (c): Plausibility**
   - The scenario is plausible. The patient's symptoms, medical history, and lifestyle factors align with a potential diagnosis of angina pectoris secondary to coronary artery disease. The management plan is reasonable and consistent with current guidelines.

**Feedback:**
To meet condition (a), consider altering more variables such as the demographic information, geographical location, type of encounter, or the specific details of the patient’s behavior and habits. For instance, changing the patient’s age, gender, or occupation, or specifying unique aspects of their lifestyle or environment, would help ensure the scenario is distinct from previously approved ones.
len of scenario_provider_memory is: 8
Latest message: NoGo

**Reasons:**
1. **Condition (a): Pair-wise Comparison**
   - This scenario does not provide enough unique variables compared to a hypothetical previously approved scenario. It shares many common elements such as the chief complaint, medical history, social history, and clinical setting, which may not meet the requirement of having at least 4 out of 13 variables different.

2. **Condition (b): Medical Correctness**
   - The scenario appears medically correct in terms of symptoms, tests, diagnosis, and treatment. However, the decision to increase atorvastatin dosage without a clear indication of inadequate control of lipids might need further justification. Additionally, the recommendation to add a beta-blocker based on echocardiogram findings should be clearly linked to the clinical context.

3. **Condition (c): Plausibility**
   - The scenario is plausible given the patient's history and symptoms. However, the combination of hypertension, hyperlipidemia, and diabetes increases the likelihood of cardiovascular disease, making the proposed investigations and management plan reasonable.

**Feedback:**
To improve the scenario and ensure it meets the criteria for approval:
- Ensure that at least 4 out of the 13 variables differ significantly from previous scenarios. For example, consider changing the demographic information, geographical location, or the type of encounter.
- Provide clearer justification for medication adjustments and additional treatments.
- Ensure the scenario includes a broader range of variables to enhance its uniqueness and plausibility.
Decision: plausibility.
Updated conversation memory length: 1
plausibility.
NoGo

**Reasons:**
1. **Condition (a): Pair-wise Comparison**
   - This scenario does not provide enough unique variables compared to a hypothetical previously approved scenario. It shares many common elements such as the chief complaint, medical history, social history, and clinical setting, which may not meet the requirement of having at least 4 out of 13 variables different.

2. **Condition (b): Medical Correctness**
   - The scenario appears medically correct in terms of symptoms, tests, diagnosis, and treatment. However, the decision to increase atorvastatin dosage without a clear indication of inadequate control of lipids might need further justification. Additionally, the recommendation to add a beta-blocker based on echocardiogram findings should be clearly linked to the clinical context.

3. **Condition (c): Plausibility**
   - The scenario is plausible given the patient's history and symptoms. However, the combination of hypertension, hyperlipidemia, and diabetes increases the likelihood of cardiovascular disease, making the proposed investigations and management plan reasonable.

**Feedback:**
To improve the scenario and ensure it meets the criteria for approval:
- Ensure that at least 4 out of the 13 variables differ significantly from previous scenarios. For example, consider changing the demographic information, geographical location, or the type of encounter.
- Provide clearer justification for medication adjustments and additional treatments.
- Ensure the scenario includes a broader range of variables to enhance its uniqueness and plausibility.
len of scenario_provider_memory is: 10
Latest message: NoGo

Reasons:
1. The scenario does not meet the requirement of having at least 4 out of 13 variables different from previously approved scenarios. Without knowing the details of previous scenarios, it is difficult to confirm this condition. Please ensure that the scenario differs sufficiently from previously approved ones.

2. The symptom description mentions chest discomfort and shortness of breath, but the physical exam findings are normal. This discrepancy needs to be addressed to make the scenario more plausible. Consider adding relevant physical exam findings that correlate with the symptoms.

3. The social history mentions a diet primarily consisting of traditional Latina cuisine, which includes more processed foods and fewer fruits and vegetables. This information should be translated into English for consistency and clarity.

4. Ensure all medical terms and descriptions are consistent in language (English) throughout the scenario. Mixing languages may lead to confusion and affect the plausibility of the scenario.

Feedback:
- Ensure the scenario has at least four differences from previously approved scenarios.
- Align the physical exam findings with the reported symptoms for plausibility.
- Translate all non-English text into English for consistency.
- Double-check the medical correctness and plausibility of the scenario.
Decision: scenario.
Updated conversation memory length: 1
scenario.
NoGo

Reasons:
1. The scenario does not meet the requirement of having at least 4 out of 13 variables different from previously approved scenarios. Without knowing the details of previous scenarios, it is difficult to confirm this condition. Please ensure that the scenario differs sufficiently from previously approved ones.

2. The symptom description mentions chest discomfort and shortness of breath, but the physical exam findings are normal. This discrepancy needs to be addressed to make the scenario more plausible. Consider adding relevant physical exam findings that correlate with the symptoms.

3. The social history mentions a diet primarily consisting of traditional Latina cuisine, which includes more processed foods and fewer fruits and vegetables. This information should be translated into English for consistency and clarity.

4. Ensure all medical terms and descriptions are consistent in language (English) throughout the scenario. Mixing languages may lead to confusion and affect the plausibility of the scenario.

Feedback:
- Ensure the scenario has at least four differences from previously approved scenarios.
- Align the physical exam findings with the reported symptoms for plausibility.
- Translate all non-English text into English for consistency.
- Double-check the medical correctness and plausibility of the scenario.
len of scenario_provider_memory is: 12
Latest message: **Condition (a):**
Since this is the first scenario, we do not have previous scenarios to compare against. Therefore, we will skip this condition.

**Condition (b):**
- **Symptoms:** Chest discomfort described as a pressing sensation, especially after meals, with shortness of breath and mild fatigue. These symptoms are consistent with angina pectoris.
- **Tests:** Biochemistry panel shows elevated total cholesterol, LDL cholesterol, triglycerides, and low HDL cholesterol, indicating mixed hyperlipidemia. ECG shows sinus rhythm with no significant abnormalities.
- **Diagnosis:** Likely angina pectoris secondary to coronary artery disease, pending further investigation.
- **Treatment:** Increasing atorvastatin, advising on alcohol consumption, encouraging physical activity, and ordering additional tests (echocardiogram, stress test) are appropriate steps.

**Condition (c):**
- **Plausibility:** The scenario is plausible given the patient's age, family history, and lifestyle factors. The symptoms and medical history align with potential cardiovascular issues, and the proposed management plan is reasonable.

DECISION: Go
Decision: Go
Updated conversation memory length: 1
Go
**Condition (a):**
Since this is the first scenario, we do not have previous scenarios to compare against. Therefore, we will skip this condition.

**Condition (b):**
- **Symptoms:** Chest discomfort described as a pressing sensation, especially after meals, with shortness of breath and mild fatigue. These symptoms are consistent with angina pectoris.
- **Tests:** Biochemistry panel shows elevated total cholesterol, LDL cholesterol, triglycerides, and low HDL cholesterol, indicating mixed hyperlipidemia. ECG shows sinus rhythm with no significant abnormalities.
- **Diagnosis:** Likely angina pectoris secondary to coronary artery disease, pending further investigation.
- **Treatment:** Increasing atorvastatin, advising on alcohol consumption, encouraging physical activity, and ordering additional tests (echocardiogram, stress test) are appropriate steps.

**Condition (c):**
- **Plausibility:** The scenario is plausible given the patient's age, family history, and lifestyle factors. The symptoms and medical history align with potential cardiovascular issues, and the proposed management plan is reasonable.

DECISION: Go
Note number 1 has been generated!
len of scenario_provider_memory is: 0
Latest message: Given that this is the first scenario, we do not have previous scenarios to compare against for condition (a). Therefore, we will only check conditions (b) and (c).

**Condition (b): Medically Correct**
- **Symptoms:** The patient reports no immediate symptoms but is concerned about long-term cardiovascular risk. This is consistent with the diagnosis of mixed hyperlipidemia.
- **Tests:** The prescribed blood work (lipid profile, biochemistry panel including liver function tests) is appropriate for evaluating and managing hyperlipidemia.
- **Diagnosis:** Mixed hyperlipidemia (E78.0) is correctly diagnosed based on the elevated lipids detected during the routine checkup.
- **Treatment:** The prescribed medications (Atorvastatin and Fenofibrate) are appropriate for managing cholesterol and triglycerides. The referral for nutrition counseling and follow-up recommendations are also appropriate.

**Condition (c): Plausible Scenario**
- **Medical History:** The patient has a history of hypertension and obesity, which are risk factors for hyperlipidemia. The family history of coronary artery disease and hyperlipidemia supports the diagnosis.
- **Lifestyle Factors:** The patient's sedentary lifestyle, high-fat diet, and smoking habit contribute to the development of hyperlipidemia.
- **Behavior:** The patient is highly cooperative and receptive to the treatment plan, making the scenario realistic.
- **Geographical and Clinical Setting:** The urban setting and private practice family medicine clinic are appropriate for the scenario.

Since both conditions (b) and (c) are satisfied, the scenario is approved.

DECISION: Go
Decision: Go
Updated conversation memory length: 2
Go
Given that this is the first scenario, we do not have previous scenarios to compare against for condition (a). Therefore, we will only check conditions (b) and (c).

**Condition (b): Medically Correct**
- **Symptoms:** The patient reports no immediate symptoms but is concerned about long-term cardiovascular risk. This is consistent with the diagnosis of mixed hyperlipidemia.
- **Tests:** The prescribed blood work (lipid profile, biochemistry panel including liver function tests) is appropriate for evaluating and managing hyperlipidemia.
- **Diagnosis:** Mixed hyperlipidemia (E78.0) is correctly diagnosed based on the elevated lipids detected during the routine checkup.
- **Treatment:** The prescribed medications (Atorvastatin and Fenofibrate) are appropriate for managing cholesterol and triglycerides. The referral for nutrition counseling and follow-up recommendations are also appropriate.

**Condition (c): Plausible Scenario**
- **Medical History:** The patient has a history of hypertension and obesity, which are risk factors for hyperlipidemia. The family history of coronary artery disease and hyperlipidemia supports the diagnosis.
- **Lifestyle Factors:** The patient's sedentary lifestyle, high-fat diet, and smoking habit contribute to the development of hyperlipidemia.
- **Behavior:** The patient is highly cooperative and receptive to the treatment plan, making the scenario realistic.
- **Geographical and Clinical Setting:** The urban setting and private practice family medicine clinic are appropriate for the scenario.

Since both conditions (b) and (c) are satisfied, the scenario is approved.

DECISION: Go
Note number 2 has been generated!
len of scenario_provider_memory is: 0
Latest message: Given that this is the first scenario, we do not have previous scenarios to compare against for condition (a). Therefore, we will only check conditions (b) and (c).

**Condition (b): Medically Correct**
- **Symptoms:** The patient is asymptomatic, which is common for hyperlipidemia. The detection during a routine check-up is plausible.
- **Tests:** Ordering a lipid profile is appropriate for diagnosing hyperlipidemia.
- **Diagnosis:** Mixed hyperlipidemia is correctly identified based on the context.
- **Treatment:** Prescribing Atorvastatin and referring to cardiology are appropriate actions.

**Condition (c): Plausible Scenario**
- **Medical History:** The patient has a history of hypertension and a family history of cardiovascular disease, which increases the likelihood of hyperlipidemia.
- **Lifestyle Factors:** The high-fat diet and sedentary lifestyle contribute to the condition.
- **Behavior:** The patient cooperates well with medical advice, making the scenario realistic.
- **Geographical and Clinical Setting:** An urban environment with limited access to fresh produce and a private practice outpatient clinic are plausible settings.

Since both conditions (b) and (c) are satisfied, the scenario is approved.

DECISION: Go
Decision: Go
Updated conversation memory length: 3
Go
Given that this is the first scenario, we do not have previous scenarios to compare against for condition (a). Therefore, we will only check conditions (b) and (c).

**Condition (b): Medically Correct**
- **Symptoms:** The patient is asymptomatic, which is common for hyperlipidemia. The detection during a routine check-up is plausible.
- **Tests:** Ordering a lipid profile is appropriate for diagnosing hyperlipidemia.
- **Diagnosis:** Mixed hyperlipidemia is correctly identified based on the context.
- **Treatment:** Prescribing Atorvastatin and referring to cardiology are appropriate actions.

**Condition (c): Plausible Scenario**
- **Medical History:** The patient has a history of hypertension and a family history of cardiovascular disease, which increases the likelihood of hyperlipidemia.
- **Lifestyle Factors:** The high-fat diet and sedentary lifestyle contribute to the condition.
- **Behavior:** The patient cooperates well with medical advice, making the scenario realistic.
- **Geographical and Clinical Setting:** An urban environment with limited access to fresh produce and a private practice outpatient clinic are plausible settings.

Since both conditions (b) and (c) are satisfied, the scenario is approved.

DECISION: Go
Note number 3 has been generated!
len of scenario_provider_memory is: 0
Latest message: Given that this is the first scenario, we do not have previous scenarios to compare against for condition (a). Therefore, we will only check conditions (b) and (c).

**Condition (b): Medically Correct**
- **Symptoms:** The patient reports mild fatigue, which can be associated with hyperlipidemia, though it is non-specific.
- **Tests:** Ordering a lipid panel is appropriate for evaluating cholesterol levels.
- **Diagnosis:** The diagnosis of hyperlipidemia is supported by the elevated cholesterol levels.
- **Treatment:** Prescribing Atorvastatin and referring to a dietitian for dietary counseling are appropriate steps.

**Condition (c): Plausible Scenario**
- **Medical History:** The patient has a history of hypertension and a family history of heart disease, which increases the risk of hyperlipidemia.
- **Lifestyle Factors:** The high-fat diet and lack of exercise contribute to the condition.
- **Behavior:** The patient cooperates well with medical advice, making the scenario realistic.
- **Geographical and Clinical Setting:** An urban area with moderate pollution and a primary care clinic are plausible settings.

Since both conditions (b) and (c) are satisfied, the scenario is approved.

DECISION: Go
Decision: Go
Updated conversation memory length: 4
Go
Given that this is the first scenario, we do not have previous scenarios to compare against for condition (a). Therefore, we will only check conditions (b) and (c).

**Condition (b): Medically Correct**
- **Symptoms:** The patient reports mild fatigue, which can be associated with hyperlipidemia, though it is non-specific.
- **Tests:** Ordering a lipid panel is appropriate for evaluating cholesterol levels.
- **Diagnosis:** The diagnosis of hyperlipidemia is supported by the elevated cholesterol levels.
- **Treatment:** Prescribing Atorvastatin and referring to a dietitian for dietary counseling are appropriate steps.

**Condition (c): Plausible Scenario**
- **Medical History:** The patient has a history of hypertension and a family history of heart disease, which increases the risk of hyperlipidemia.
- **Lifestyle Factors:** The high-fat diet and lack of exercise contribute to the condition.
- **Behavior:** The patient cooperates well with medical advice, making the scenario realistic.
- **Geographical and Clinical Setting:** An urban area with moderate pollution and a primary care clinic are plausible settings.

Since both conditions (b) and (c) are satisfied, the scenario is approved.

DECISION: Go
Note number 4 has been generated!
len of scenario_provider_memory is: 0
Latest message: NoGo

Reasons:
1. **Pair-wise Comparison**: This scenario does not meet the requirement of having at least 4 out of 13 variables different from previously approved scenarios. It appears to be quite similar to other scenarios involving hyperlipidemia management.
   
2. **Medical Correctness**: The scenario is medically correct in terms of symptoms, tests, diagnosis, and treatment. However, since the pairwise comparison condition is not met, this point alone does not suffice for approval.

3. **Plausibility**: The scenario is plausible given the patient's history and current presentation.

Feedback:
To improve the scenario and ensure it meets the criteria for approval, consider altering at least four variables. For example:
- Change the demographic information (e.g., age, gender, ethnicity).
- Modify the medical history (e.g., add a new chronic condition or change the family history).
- Adjust the patient’s self-reported habits and lifestyle (e.g., change dietary habits or exercise routine).
- Vary the geographical location (e.g., move from an urban to a rural setting).

By making these changes, the scenario will be more distinct from previous ones and increase its chances of approval.
Decision: approval.
Updated conversation memory length: 1
approval.
NoGo

Reasons:
1. **Pair-wise Comparison**: This scenario does not meet the requirement of having at least 4 out of 13 variables different from previously approved scenarios. It appears to be quite similar to other scenarios involving hyperlipidemia management.
   
2. **Medical Correctness**: The scenario is medically correct in terms of symptoms, tests, diagnosis, and treatment. However, since the pairwise comparison condition is not met, this point alone does not suffice for approval.

3. **Plausibility**: The scenario is plausible given the patient's history and current presentation.

Feedback:
To improve the scenario and ensure it meets the criteria for approval, consider altering at least four variables. For example:
- Change the demographic information (e.g., age, gender, ethnicity).
- Modify the medical history (e.g., add a new chronic condition or change the family history).
- Adjust the patient’s self-reported habits and lifestyle (e.g., change dietary habits or exercise routine).
- Vary the geographical location (e.g., move from an urban to a rural setting).

By making these changes, the scenario will be more distinct from previous ones and increase its chances of approval.
len of scenario_provider_memory is: 2
Latest message: NoGo

Reasons:
1. **Variable Comparison**: This scenario does not meet the requirement of having at least 4 out of 13 variables different from previously approved scenarios. Without knowing the details of previous scenarios, it appears that many variables (e.g., medical outcome, medical history, symptom description, patient behavior, geographical location, clinical setting, type of encounter, native language, physical exams, investigation/test results) are similar to typical scenarios involving hyperlipidemia and diabetes management.
   
2. **Medical Correctness**: The scenario is medically correct in terms of symptoms, tests, diagnosis, and treatment. However, the requirement for variable differences is not met.

3. **Plausibility**: The scenario is plausible given the patient's medical history and current symptoms.

Feedback:
To ensure the scenario meets the criteria for approval, consider altering at least four variables. For example:
- Change the medical outcome to a different condition related to hyperlipidemia.
- Modify the medical history to include a different chronic condition or family history.
- Adjust the symptom description to include more specific or varied symptoms.
- Alter the patient’s self-reported habits and lifestyle to reflect different behaviors.
- Change the demographic information to a different age group, gender, or socioeconomic status.
- Vary the geographical location to an urban setting with different healthcare access issues.
- Modify the type of encounter to a follow-up visit instead of an initial consultation.
- Introduce treatment disparities by noting potential barriers to care.

By making these changes, the scenario will likely meet the required conditions for approval.
Decision: approval.
Updated conversation memory length: 1
approval.
NoGo

Reasons:
1. **Variable Comparison**: This scenario does not meet the requirement of having at least 4 out of 13 variables different from previously approved scenarios. Without knowing the details of previous scenarios, it appears that many variables (e.g., medical outcome, medical history, symptom description, patient behavior, geographical location, clinical setting, type of encounter, native language, physical exams, investigation/test results) are similar to typical scenarios involving hyperlipidemia and diabetes management.
   
2. **Medical Correctness**: The scenario is medically correct in terms of symptoms, tests, diagnosis, and treatment. However, the requirement for variable differences is not met.

3. **Plausibility**: The scenario is plausible given the patient's medical history and current symptoms.

Feedback:
To ensure the scenario meets the criteria for approval, consider altering at least four variables. For example:
- Change the medical outcome to a different condition related to hyperlipidemia.
- Modify the medical history to include a different chronic condition or family history.
- Adjust the symptom description to include more specific or varied symptoms.
- Alter the patient’s self-reported habits and lifestyle to reflect different behaviors.
- Change the demographic information to a different age group, gender, or socioeconomic status.
- Vary the geographical location to an urban setting with different healthcare access issues.
- Modify the type of encounter to a follow-up visit instead of an initial consultation.
- Introduce treatment disparities by noting potential barriers to care.

By making these changes, the scenario will likely meet the required conditions for approval.
len of scenario_provider_memory is: 4
Latest message: NoGo

**Reasons:**

1. **Variable Comparison:** Without knowing the details of previously approved scenarios, it's impossible to definitively state whether this scenario meets the requirement of having at least 4 out of 13 variables different from previous scenarios. However, given the specific nature of the variables provided, it would be prudent to compare this scenario against the most recent ones to ensure diversity.

2. **Medical Correctness:**
   - The diagnosis of mixed hyperlipidemia and prescribed treatment with simvastatin are appropriate.
   - The referral to a cardiologist and follow-up recommendations are reasonable.
   - The lifestyle changes recommended are consistent with managing hyperlipidemia and asthma.

3. **Plausibility:**
   - The scenario is plausible given the patient's demographic information, medical history, and current symptoms.
   - The patient's behavior and cooperation level are realistic for someone dealing with multiple chronic conditions and low health literacy.
   - The clinical setting and geographical location align well with the patient's socio-economic status and potential disparities in care.

**Feedback:**
To ensure the scenario meets the criteria for approval, please review the following points:
- Ensure that at least 4 out of the 13 variables differ from previously approved scenarios.
- Double-check the medical correctness and plausibility, especially focusing on the consistency between symptoms, physical exam findings, and test results.
- Consider revising any variables that might overlap too closely with previous scenarios to enhance diversity.

Once these points are addressed, the scenario should be more likely to meet all the necessary conditions for approval.
Decision: approval.
Updated conversation memory length: 1
approval.
NoGo

**Reasons:**

1. **Variable Comparison:** Without knowing the details of previously approved scenarios, it's impossible to definitively state whether this scenario meets the requirement of having at least 4 out of 13 variables different from previous scenarios. However, given the specific nature of the variables provided, it would be prudent to compare this scenario against the most recent ones to ensure diversity.

2. **Medical Correctness:**
   - The diagnosis of mixed hyperlipidemia and prescribed treatment with simvastatin are appropriate.
   - The referral to a cardiologist and follow-up recommendations are reasonable.
   - The lifestyle changes recommended are consistent with managing hyperlipidemia and asthma.

3. **Plausibility:**
   - The scenario is plausible given the patient's demographic information, medical history, and current symptoms.
   - The patient's behavior and cooperation level are realistic for someone dealing with multiple chronic conditions and low health literacy.
   - The clinical setting and geographical location align well with the patient's socio-economic status and potential disparities in care.

**Feedback:**
To ensure the scenario meets the criteria for approval, please review the following points:
- Ensure that at least 4 out of the 13 variables differ from previously approved scenarios.
- Double-check the medical correctness and plausibility, especially focusing on the consistency between symptoms, physical exam findings, and test results.
- Consider revising any variables that might overlap too closely with previous scenarios to enhance diversity.

Once these points are addressed, the scenario should be more likely to meet all the necessary conditions for approval.
len of scenario_provider_memory is: 6
Latest message: NoGo

Reasons:
1. **Variable Comparison**: This scenario does not meet the requirement of having at least 4 out of 13 variables different from previously approved scenarios. It appears to be very similar to a previously approved scenario involving a patient with mixed hyperlipidemia and hypothyroidism.
   
2. **Medical Correctness**: The scenario is medically correct in terms of symptoms, tests, diagnosis, and treatment. However, since the variable comparison condition is not met, this scenario cannot proceed.

Feedback:
To generate a scenario that meets the criteria, consider changing at least four variables. For example:
- Change the diagnosis to another condition related to hyperlipidemia, such as coronary artery disease.
- Modify the patient’s demographic information, such as age, gender, or ethnicity.
- Adjust the patient’s behavior, such as making them more cooperative or less cooperative.
- Alter the geographical location to an urban setting with better access to healthcare facilities.
- Change the type of encounter to an initial visit instead of a follow-up visit.

By making these changes, the scenario will be sufficiently different from previous ones and can be reconsidered for approval.
Decision: approval.
Updated conversation memory length: 1
approval.
NoGo

Reasons:
1. **Variable Comparison**: This scenario does not meet the requirement of having at least 4 out of 13 variables different from previously approved scenarios. It appears to be very similar to a previously approved scenario involving a patient with mixed hyperlipidemia and hypothyroidism.
   
2. **Medical Correctness**: The scenario is medically correct in terms of symptoms, tests, diagnosis, and treatment. However, since the variable comparison condition is not met, this scenario cannot proceed.

Feedback:
To generate a scenario that meets the criteria, consider changing at least four variables. For example:
- Change the diagnosis to another condition related to hyperlipidemia, such as coronary artery disease.
- Modify the patient’s demographic information, such as age, gender, or ethnicity.
- Adjust the patient’s behavior, such as making them more cooperative or less cooperative.
- Alter the geographical location to an urban setting with better access to healthcare facilities.
- Change the type of encounter to an initial visit instead of a follow-up visit.

By making these changes, the scenario will be sufficiently different from previous ones and can be reconsidered for approval.
len of scenario_provider_memory is: 8
Latest message: NoGo

Reasons:
1. **Pair-wise Comparison**: This scenario does not meet the requirement of having at least 4 out of 13 variables different from previously approved scenarios. Without knowing the details of previous scenarios, it appears that many elements such as the diagnosis, treatment plan, patient behavior, and demographic information are similar to typical scenarios in family medicine.

2. **Medical Correctness**: The scenario is medically correct in terms of symptoms, tests, diagnosis, and treatment. However, since the first condition is not met, this point alone does not suffice for approval.

3. **Plausibility**: The scenario is plausible given the patient's history and current symptoms. However, the lack of sufficient differentiation from previous scenarios remains a critical issue.

Feedback:
To generate a scenario that meets all conditions, consider altering more variables to ensure uniqueness. For example:
- Change the diagnosis to another cardiovascular condition like hypertension.
- Modify the prescribed treatment to include lifestyle modifications alongside medication.
- Adjust the patient’s demographic information, such as changing their ethnicity or socioeconomic status.
- Vary the clinical setting to a community health center instead of a private practice.
- Alter the geographical location to a rural area with limited healthcare access.
- Introduce new symptoms or modify the frequency and severity of existing ones.
- Change the patient’s cooperation level with medical advice.
- Include different test results or pending investigations.

By making these changes, you can create a scenario that stands apart from previously approved ones while maintaining medical correctness and plausibility.
Decision: plausibility.
Updated conversation memory length: 1
plausibility.
NoGo

Reasons:
1. **Pair-wise Comparison**: This scenario does not meet the requirement of having at least 4 out of 13 variables different from previously approved scenarios. Without knowing the details of previous scenarios, it appears that many elements such as the diagnosis, treatment plan, patient behavior, and demographic information are similar to typical scenarios in family medicine.

2. **Medical Correctness**: The scenario is medically correct in terms of symptoms, tests, diagnosis, and treatment. However, since the first condition is not met, this point alone does not suffice for approval.

3. **Plausibility**: The scenario is plausible given the patient's history and current symptoms. However, the lack of sufficient differentiation from previous scenarios remains a critical issue.

Feedback:
To generate a scenario that meets all conditions, consider altering more variables to ensure uniqueness. For example:
- Change the diagnosis to another cardiovascular condition like hypertension.
- Modify the prescribed treatment to include lifestyle modifications alongside medication.
- Adjust the patient’s demographic information, such as changing their ethnicity or socioeconomic status.
- Vary the clinical setting to a community health center instead of a private practice.
- Alter the geographical location to a rural area with limited healthcare access.
- Introduce new symptoms or modify the frequency and severity of existing ones.
- Change the patient’s cooperation level with medical advice.
- Include different test results or pending investigations.

By making these changes, you can create a scenario that stands apart from previously approved ones while maintaining medical correctness and plausibility.
len of scenario_provider_memory is: 10
Latest message: NoGo

Reasons:
1. **Condition (a): Pair-wise Comparison**
   - This scenario does not provide enough information to compare against previous scenarios since no prior scenarios were provided. However, assuming this is the first scenario, we will proceed to evaluate conditions (b) and (c).

2. **Condition (b): Medical Correctness**
   - The scenario appears medically correct in terms of symptoms, tests, diagnosis, and treatment. The patient has hypertension and diabetes, which are well-documented and appropriately managed with medication and lifestyle changes. The referral to a nephrologist is also appropriate given the potential renal involvement.

3. **Condition (c): Plausibility**
   - The scenario is plausible. The patient's history, symptoms, and lifestyle factors align with the diagnosis of hypertension and the associated risks. The patient's willingness to make lifestyle changes and cooperate with medical advice is realistic.

Feedback:
- Ensure future scenarios include sufficient details to allow for a pair-wise comparison with previous scenarios.
- Continue to ensure medical correctness and plausibility in all scenarios.

To meet condition (a), please provide more unique details in future scenarios to differentiate them from previously approved ones.
Decision: ones.
Updated conversation memory length: 1
ones.
NoGo

Reasons:
1. **Condition (a): Pair-wise Comparison**
   - This scenario does not provide enough information to compare against previous scenarios since no prior scenarios were provided. However, assuming this is the first scenario, we will proceed to evaluate conditions (b) and (c).

2. **Condition (b): Medical Correctness**
   - The scenario appears medically correct in terms of symptoms, tests, diagnosis, and treatment. The patient has hypertension and diabetes, which are well-documented and appropriately managed with medication and lifestyle changes. The referral to a nephrologist is also appropriate given the potential renal involvement.

3. **Condition (c): Plausibility**
   - The scenario is plausible. The patient's history, symptoms, and lifestyle factors align with the diagnosis of hypertension and the associated risks. The patient's willingness to make lifestyle changes and cooperate with medical advice is realistic.

Feedback:
- Ensure future scenarios include sufficient details to allow for a pair-wise comparison with previous scenarios.
- Continue to ensure medical correctness and plausibility in all scenarios.

To meet condition (a), please provide more unique details in future scenarios to differentiate them from previously approved ones.
len of scenario_provider_memory is: 12
Latest message: DECISION: Go
Decision: Go
Updated conversation memory length: 1
Go
DECISION: Go
Note number 5 has been generated!
counter is: 46
DIZZINESS AND GIDDINESS
len of scenario_provider_memory is: 0
Latest message: DECISION: Go
Decision: Go
Updated conversation memory length: 1
Go
DECISION: Go
Note number 1 has been generated!
len of scenario_provider_memory is: 0
Latest message: **Reasons for Decision:**

Based on the provided scenario, here are the evaluations against the conditions:

**Condition (a): Pair-wise Comparison**
Since this is the first scenario being evaluated, we do not have previous scenarios to compare against. Therefore, this condition does not apply.

**Condition (b): Medical Correctness**
- **Symptoms**: Dizziness and unsteadiness are consistent with benign paroxysmal positional vertigo (BPPV), especially given the association with positional changes.
- **Tests**: No tests have been performed yet, which is plausible given the initial presentation.
- **Diagnosis**: BPPV and uncontrolled hypertension are reasonable given the symptoms and medical history.
- **Treatment**: Prescribing Metoprolol for hypertension and referring for vestibular rehabilitation training and an ENT specialist are appropriate steps.
- **Investigations**: Planning a cervical MRI is reasonable to rule out other causes.

**Condition (c): Plausibility**
- The scenario is plausible as it includes a detailed chief complaint, history of present illness, medical history, symptom description, lifestyle factors, demographic information, clinical setting, type of encounter, and potential treatment disparities.
- The patient's lifestyle and socioeconomic status contribute to the plausibility of the scenario, including the lack of access to fresh foods and potential barriers to healthcare.

Given that the scenario meets conditions (b) and (c), the decision is:

DECISION: Go
Decision: Go
Updated conversation memory length: 2
Go
**Reasons for Decision:**

Based on the provided scenario, here are the evaluations against the conditions:

**Condition (a): Pair-wise Comparison**
Since this is the first scenario being evaluated, we do not have previous scenarios to compare against. Therefore, this condition does not apply.

**Condition (b): Medical Correctness**
- **Symptoms**: Dizziness and unsteadiness are consistent with benign paroxysmal positional vertigo (BPPV), especially given the association with positional changes.
- **Tests**: No tests have been performed yet, which is plausible given the initial presentation.
- **Diagnosis**: BPPV and uncontrolled hypertension are reasonable given the symptoms and medical history.
- **Treatment**: Prescribing Metoprolol for hypertension and referring for vestibular rehabilitation training and an ENT specialist are appropriate steps.
- **Investigations**: Planning a cervical MRI is reasonable to rule out other causes.

**Condition (c): Plausibility**
- The scenario is plausible as it includes a detailed chief complaint, history of present illness, medical history, symptom description, lifestyle factors, demographic information, clinical setting, type of encounter, and potential treatment disparities.
- The patient's lifestyle and socioeconomic status contribute to the plausibility of the scenario, including the lack of access to fresh foods and potential barriers to healthcare.

Given that the scenario meets conditions (b) and (c), the decision is:

DECISION: Go
Note number 2 has been generated!
len of scenario_provider_memory is: 0
Latest message: DECISION: Go
Decision: Go
Updated conversation memory length: 3
Go
DECISION: Go
Note number 3 has been generated!
len of scenario_provider_memory is: 0
Latest message: **Reasons for Decision:**

Based on the provided scenario, here are the evaluations against the conditions:

**Condition (a): Pair-wise Comparison**
Since this is the first scenario being evaluated, we do not have previous scenarios to compare against. Therefore, this condition does not apply.

**Condition (b): Medical Correctness**
- **Symptoms**: The patient reports dizziness and giddiness, which are consistent with the diagnosis of benign paroxysmal positional vertigo (BPPV) or another inner ear disorder.
- **Tests**: Ordering blood work (biochemistry panel and vitamin D levels) is appropriate to rule out metabolic or nutritional deficiencies contributing to the symptoms.
- **Diagnosis**: The diagnosis of dizziness and giddiness is supported by the symptoms and the prescribed treatment (Meclizine).
- **Treatment**: Prescribing Meclizine for dizziness is medically sound, and ordering blood work is a reasonable next step.

**Condition (c): Plausibility**
- The scenario is plausible as it includes a detailed medical history, symptom description, lifestyle factors, demographic information, and clinical setting.
- The patient's history of hypertension and hyperlipidemia, along with her current symptoms, makes the scenario realistic.
- The prescribed treatment and recommended testing align with standard medical practice.

Given that the scenario meets conditions (b) and (c), the decision is:

DECISION: Go
Decision: Go
Updated conversation memory length: 4
Go
**Reasons for Decision:**

Based on the provided scenario, here are the evaluations against the conditions:

**Condition (a): Pair-wise Comparison**
Since this is the first scenario being evaluated, we do not have previous scenarios to compare against. Therefore, this condition does not apply.

**Condition (b): Medical Correctness**
- **Symptoms**: The patient reports dizziness and giddiness, which are consistent with the diagnosis of benign paroxysmal positional vertigo (BPPV) or another inner ear disorder.
- **Tests**: Ordering blood work (biochemistry panel and vitamin D levels) is appropriate to rule out metabolic or nutritional deficiencies contributing to the symptoms.
- **Diagnosis**: The diagnosis of dizziness and giddiness is supported by the symptoms and the prescribed treatment (Meclizine).
- **Treatment**: Prescribing Meclizine for dizziness is medically sound, and ordering blood work is a reasonable next step.

**Condition (c): Plausibility**
- The scenario is plausible as it includes a detailed medical history, symptom description, lifestyle factors, demographic information, and clinical setting.
- The patient's history of hypertension and hyperlipidemia, along with her current symptoms, makes the scenario realistic.
- The prescribed treatment and recommended testing align with standard medical practice.

Given that the scenario meets conditions (b) and (c), the decision is:

DECISION: Go
Note number 4 has been generated!
len of scenario_provider_memory is: 0
Latest message: NoGo

**Reasons for Rejection:**
1. **Condition (a): Pair-wise Comparison of Variables**
   - Based on the information provided, it appears this scenario does not differ sufficiently from previously approved scenarios. At least 4 out of 13 variables need to be different. Without knowing the details of the previously approved scenarios, it seems likely that fewer than 4 variables are distinct.

**Feedback for Improvement:**
- To meet condition (a), consider altering more variables such as the medical outcome, symptom description, patient’s self-reported habits and lifestyle, demographic information, geographical location, clinical setting, type of encounter, or investigation/test results. For example:
  - Change the diagnosis to something different like Vertigo (ICD-10 Code H81.0) instead of Dizziness.
  - Modify the symptom description to include new symptoms or change the duration and frequency.
  - Alter the patient’s self-reported habits and lifestyle, such as changing their diet or exercise routine.
  - Adjust demographic information, such as age, gender, ethnicity, or socio-economic status.
  - Vary the geographical location to a rural setting or a different neighborhood type.
  - Change the clinical setting to an emergency room visit instead of an outpatient clinic.
  - Modify the type of encounter to an initial consultation rather than a follow-up.
  - Include different investigations or test results, such as an EKG or a CT scan instead of an MRI.

By making these changes, you can ensure that the scenario meets the requirement of having at least 4 different variables compared to previously approved scenarios.
Decision: scenarios.
Updated conversation memory length: 1
scenarios.
NoGo

**Reasons for Rejection:**
1. **Condition (a): Pair-wise Comparison of Variables**
   - Based on the information provided, it appears this scenario does not differ sufficiently from previously approved scenarios. At least 4 out of 13 variables need to be different. Without knowing the details of the previously approved scenarios, it seems likely that fewer than 4 variables are distinct.

**Feedback for Improvement:**
- To meet condition (a), consider altering more variables such as the medical outcome, symptom description, patient’s self-reported habits and lifestyle, demographic information, geographical location, clinical setting, type of encounter, or investigation/test results. For example:
  - Change the diagnosis to something different like Vertigo (ICD-10 Code H81.0) instead of Dizziness.
  - Modify the symptom description to include new symptoms or change the duration and frequency.
  - Alter the patient’s self-reported habits and lifestyle, such as changing their diet or exercise routine.
  - Adjust demographic information, such as age, gender, ethnicity, or socio-economic status.
  - Vary the geographical location to a rural setting or a different neighborhood type.
  - Change the clinical setting to an emergency room visit instead of an outpatient clinic.
  - Modify the type of encounter to an initial consultation rather than a follow-up.
  - Include different investigations or test results, such as an EKG or a CT scan instead of an MRI.

By making these changes, you can ensure that the scenario meets the requirement of having at least 4 different variables compared to previously approved scenarios.
len of scenario_provider_memory is: 2
Latest message: NoGo

Reasons:
1. **Pair-wise Comparison**: This scenario does not meet the requirement of having at least 4 out of 13 variables different from previously approved scenarios. Without knowing the details of the previously approved scenarios, it's difficult to confirm this condition, but based on the information given, it seems likely that fewer than 4 variables are different.

Feedback:
To ensure the scenario meets the criteria for approval, please review and adjust the following variables to differentiate them from previously approved scenarios:
- **Medical Outcome**: Consider changing the diagnosis, prescribed treatment, follow-up recommendations, or referral details.
- **Medical History**: Modify the previous diagnoses, medication history, family medical history, allergies, or chronic conditions.
- **Symptom Description**: Adjust the severity, duration, associated symptoms, frequency, or impact on daily activities.
- **Patient’s Self-Reported Habits and Lifestyle**: Change sleep patterns, diet, exercise routine, tobacco use, alcohol consumption, or recreational activities.
- **Demographic Information**: Alter age, gender, ethnicity, socio-economic status, education level, health literacy, or job status.
- **Patient’s Behavior**: Vary the level of cooperation or adherence to medical advice.
- **Geographical Location**: Change the setting from rural to urban or suburban to rural.
- **Clinical Setting**: Switch from an Emergency Room visit to an outpatient clinic or primary care office.
- **Type of Encounter**: Change from initial consultation to follow-up visit.
- **Treatment Disparities**: Introduce or remove evidence of treatment disparities.
- **Native or Non-Native English Speaking Patient**: Change from native to non-native English speaker.
- **Physical Exams**: Modify the findings of the blood pressure, pulse, respiratory rate, neurological exam, or vestibular exam.
- **Investigation/Test Results**: Change the status of test results or the types of tests ordered.

By making these adjustments, you can ensure that the scenario meets the required criteria for approval.
Decision: approval.
Updated conversation memory length: 1
approval.
NoGo

Reasons:
1. **Pair-wise Comparison**: This scenario does not meet the requirement of having at least 4 out of 13 variables different from previously approved scenarios. Without knowing the details of the previously approved scenarios, it's difficult to confirm this condition, but based on the information given, it seems likely that fewer than 4 variables are different.

Feedback:
To ensure the scenario meets the criteria for approval, please review and adjust the following variables to differentiate them from previously approved scenarios:
- **Medical Outcome**: Consider changing the diagnosis, prescribed treatment, follow-up recommendations, or referral details.
- **Medical History**: Modify the previous diagnoses, medication history, family medical history, allergies, or chronic conditions.
- **Symptom Description**: Adjust the severity, duration, associated symptoms, frequency, or impact on daily activities.
- **Patient’s Self-Reported Habits and Lifestyle**: Change sleep patterns, diet, exercise routine, tobacco use, alcohol consumption, or recreational activities.
- **Demographic Information**: Alter age, gender, ethnicity, socio-economic status, education level, health literacy, or job status.
- **Patient’s Behavior**: Vary the level of cooperation or adherence to medical advice.
- **Geographical Location**: Change the setting from rural to urban or suburban to rural.
- **Clinical Setting**: Switch from an Emergency Room visit to an outpatient clinic or primary care office.
- **Type of Encounter**: Change from initial consultation to follow-up visit.
- **Treatment Disparities**: Introduce or remove evidence of treatment disparities.
- **Native or Non-Native English Speaking Patient**: Change from native to non-native English speaker.
- **Physical Exams**: Modify the findings of the blood pressure, pulse, respiratory rate, neurological exam, or vestibular exam.
- **Investigation/Test Results**: Change the status of test results or the types of tests ordered.

By making these adjustments, you can ensure that the scenario meets the required criteria for approval.
len of scenario_provider_memory is: 4
Latest message: DECISION: Go
Decision: Go
Updated conversation memory length: 1
Go
DECISION: Go
Note number 5 has been generated!
counter is: 47
PERSONAL HISTORY OF NICOTINE DEPENDENCE
len of scenario_provider_memory is: 0
Latest message: NoGo

Reasons:
1. **Variable Comparison**: This scenario does not meet the requirement of having at least 4 out of 13 variables different from previously approved scenarios. It appears to be quite similar to other typical smoking cessation scenarios.
   
2. **Medical Correctness**: The scenario is medically correct in terms of symptoms, tests, diagnosis, and treatment. However, this alone is not sufficient for approval given the similarity issue.

3. **Plausibility**: The scenario is plausible and realistic for a patient seeking smoking cessation and managing nicotine dependence.

Feedback:
To improve the scenario and ensure it meets the criteria for approval, consider altering at least 4 out of the 13 variables. For example:
- Change the patient’s age, gender, or ethnicity.
- Modify the medical history by adding or removing chronic conditions.
- Adjust the geographical location to a rural area.
- Introduce a new symptom or change the severity of existing symptoms.
- Alter the type of encounter to a follow-up visit instead of an initial consultation.
- Include a different medication regimen or add a new test result.

By making these changes, the scenario will be more distinct from previous ones and better meet the approval criteria.
Decision: criteria.
Updated conversation memory length: 1
criteria.
NoGo

Reasons:
1. **Variable Comparison**: This scenario does not meet the requirement of having at least 4 out of 13 variables different from previously approved scenarios. It appears to be quite similar to other typical smoking cessation scenarios.
   
2. **Medical Correctness**: The scenario is medically correct in terms of symptoms, tests, diagnosis, and treatment. However, this alone is not sufficient for approval given the similarity issue.

3. **Plausibility**: The scenario is plausible and realistic for a patient seeking smoking cessation and managing nicotine dependence.

Feedback:
To improve the scenario and ensure it meets the criteria for approval, consider altering at least 4 out of the 13 variables. For example:
- Change the patient’s age, gender, or ethnicity.
- Modify the medical history by adding or removing chronic conditions.
- Adjust the geographical location to a rural area.
- Introduce a new symptom or change the severity of existing symptoms.
- Alter the type of encounter to a follow-up visit instead of an initial consultation.
- Include a different medication regimen or add a new test result.

By making these changes, the scenario will be more distinct from previous ones and better meet the approval criteria.
len of scenario_provider_memory is: 2
Latest message: DECISION: Go
Decision: Go
Updated conversation memory length: 1
Go
DECISION: Go
Note number 1 has been generated!
len of scenario_provider_memory is: 0
Latest message: Given that there is no previously approved scenario to compare against, we will evaluate the scenario based on conditions (b) and (c):

**Condition (b): Medically Correct**
- The prescribed medication (Varenicline) is appropriate for nicotine dependence.
- The symptoms described (cravings, sore throat, cough, shortness of breath) align with smoking-related issues.
- The follow-up recommendations and lifestyle changes advised are consistent with standard practices for smoking cessation.
- The physical exam findings and test results are plausible given the patient's history.

**Condition (c): Plausibility**
- The scenario is plausible as it describes a realistic patient profile with a clear medical issue (nicotine dependence), relevant medical history, and appropriate clinical findings.
- The patient's demographic information and lifestyle habits are consistent with someone who has been smoking heavily for over a decade.
- The clinical setting and type of encounter are appropriate for the presented case.

Since both conditions (b) and (c) are satisfied, the scenario is approved.

DECISION: Go
Decision: Go
Updated conversation memory length: 2
Go
Given that there is no previously approved scenario to compare against, we will evaluate the scenario based on conditions (b) and (c):

**Condition (b): Medically Correct**
- The prescribed medication (Varenicline) is appropriate for nicotine dependence.
- The symptoms described (cravings, sore throat, cough, shortness of breath) align with smoking-related issues.
- The follow-up recommendations and lifestyle changes advised are consistent with standard practices for smoking cessation.
- The physical exam findings and test results are plausible given the patient's history.

**Condition (c): Plausibility**
- The scenario is plausible as it describes a realistic patient profile with a clear medical issue (nicotine dependence), relevant medical history, and appropriate clinical findings.
- The patient's demographic information and lifestyle habits are consistent with someone who has been smoking heavily for over a decade.
- The clinical setting and type of encounter are appropriate for the presented case.

Since both conditions (b) and (c) are satisfied, the scenario is approved.

DECISION: Go
Note number 2 has been generated!
len of scenario_provider_memory is: 0
Latest message: DECISION: Go
Decision: Go
Updated conversation memory length: 3
Go
DECISION: Go
Note number 3 has been generated!
len of scenario_provider_memory is: 0
Latest message: Given that there is no previously approved scenario to compare against, we will evaluate the scenario based on conditions (b) and (c):

**Condition (b): Medically Correct**
- The prescribed treatment (Bupropion SR 150 mg daily for three months) is appropriate for smoking cessation.
- The symptoms described (shortness of breath, chronic cough, exacerbations of COPD) are consistent with a heavy smoker with COPD.
- The follow-up recommendations and lifestyle changes are appropriate and align with best practices for smoking cessation and managing COPD.
- The physical exam findings (decreased breath sounds, prolonged expiratory phase, blood pressure 140/90 mmHg) are consistent with the patient's history and diagnosis.
- The spirometry test result (FEV1/FVC ratio <0.70) confirms the diagnosis of COPD.

**Condition (c): Plausibility**
- The scenario is plausible as it presents a realistic patient profile with a clear medical issue (smoking dependence and COPD), relevant medical history, and appropriate clinical findings.
- The patient's demographic information and lifestyle habits are consistent with someone who has been smoking heavily for over two decades.
- The clinical setting and type of encounter (follow-up visit for smoking cessation support) are appropriate for the presented case.

Since both conditions (b) and (c) are satisfied, the scenario is approved.

DECISION: Go
Decision: Go
Updated conversation memory length: 4
Go
Given that there is no previously approved scenario to compare against, we will evaluate the scenario based on conditions (b) and (c):

**Condition (b): Medically Correct**
- The prescribed treatment (Bupropion SR 150 mg daily for three months) is appropriate for smoking cessation.
- The symptoms described (shortness of breath, chronic cough, exacerbations of COPD) are consistent with a heavy smoker with COPD.
- The follow-up recommendations and lifestyle changes are appropriate and align with best practices for smoking cessation and managing COPD.
- The physical exam findings (decreased breath sounds, prolonged expiratory phase, blood pressure 140/90 mmHg) are consistent with the patient's history and diagnosis.
- The spirometry test result (FEV1/FVC ratio <0.70) confirms the diagnosis of COPD.

**Condition (c): Plausibility**
- The scenario is plausible as it presents a realistic patient profile with a clear medical issue (smoking dependence and COPD), relevant medical history, and appropriate clinical findings.
- The patient's demographic information and lifestyle habits are consistent with someone who has been smoking heavily for over two decades.
- The clinical setting and type of encounter (follow-up visit for smoking cessation support) are appropriate for the presented case.

Since both conditions (b) and (c) are satisfied, the scenario is approved.

DECISION: Go
Note number 4 has been generated!
len of scenario_provider_memory is: 0
Latest message: DECISION: Go
Decision: Go
Updated conversation memory length: 1
Go
DECISION: Go
Note number 5 has been generated!
counter is: 48
SEPSIS, UNSPECIFIED ORGANISM
len of scenario_provider_memory is: 0
Latest message: NoGo

Reasons:
1. **Condition (a): Pair-wise Comparison** - Since this is the first scenario, we cannot compare it to previous scenarios. Therefore, this condition does not apply here.
   
2. **Condition (b): Medically Correct** - The scenario appears medically correct. The symptoms, diagnosis, and prescribed treatments align with the clinical presentation of sepsis. The follow-up recommendations and referrals are appropriate given the severity of the condition.

3. **Condition (c): Plausibility** - The scenario is plausible. The combination of symptoms, medical history, and examination findings are consistent with a severe sepsis presentation. However, the scenario lacks some details that would make it more robust and realistic:

   - **Symptom Description**: While the symptoms are described, the scenario could benefit from more specific details about the onset and progression of symptoms.
   - **Patient’s Self-reported Habits and Lifestyle**: More detail on the patient’s dietary habits and sleep patterns could enhance the scenario.
   - **Investigation/Test Results**: The scenario mentions pending blood cultures but does not specify other test results that might be relevant, such as imaging studies or other lab results.

Feedback:
To improve the scenario and ensure it meets all conditions, consider adding more specific details to the symptom description, patient’s habits and lifestyle, and investigation/test results. This will make the scenario more comprehensive and realistic.
Decision: realistic.
Updated conversation memory length: 1
realistic.
NoGo

Reasons:
1. **Condition (a): Pair-wise Comparison** - Since this is the first scenario, we cannot compare it to previous scenarios. Therefore, this condition does not apply here.
   
2. **Condition (b): Medically Correct** - The scenario appears medically correct. The symptoms, diagnosis, and prescribed treatments align with the clinical presentation of sepsis. The follow-up recommendations and referrals are appropriate given the severity of the condition.

3. **Condition (c): Plausibility** - The scenario is plausible. The combination of symptoms, medical history, and examination findings are consistent with a severe sepsis presentation. However, the scenario lacks some details that would make it more robust and realistic:

   - **Symptom Description**: While the symptoms are described, the scenario could benefit from more specific details about the onset and progression of symptoms.
   - **Patient’s Self-reported Habits and Lifestyle**: More detail on the patient’s dietary habits and sleep patterns could enhance the scenario.
   - **Investigation/Test Results**: The scenario mentions pending blood cultures but does not specify other test results that might be relevant, such as imaging studies or other lab results.

Feedback:
To improve the scenario and ensure it meets all conditions, consider adding more specific details to the symptom description, patient’s habits and lifestyle, and investigation/test results. This will make the scenario more comprehensive and realistic.
len of scenario_provider_memory is: 2
Latest message: NoGo

Reasons:
1. **Variable Comparison**: This scenario does not meet the requirement of having at least 4 out of 13 variables different from previously approved scenarios. It appears to be very similar to a previously approved sepsis scenario in terms of medical outcome, medical history, symptom description, and clinical setting.
   
2. **Medically Correct**: While the scenario is medically correct in terms of symptoms, tests, diagnosis, and treatment, it fails the first condition which is crucial for diversity in the dataset.

Feedback:
To improve the scenario and ensure it meets the criteria for approval, consider altering at least four variables. For example:
- Change the **Medical Outcome** to a different diagnosis such as pneumonia.
- Modify the **Medical History** to include different chronic conditions.
- Adjust the **Symptom Description** to reflect a different set of symptoms.
- Alter the **Geographical Location** to a rural area with different environmental factors.
- Change the **Clinical Setting** to an outpatient visit instead of an emergency visit.

These changes will help ensure the scenario is sufficiently distinct from previous ones and meets the required conditions for approval.
Decision: approval.
Updated conversation memory length: 1
approval.
NoGo

Reasons:
1. **Variable Comparison**: This scenario does not meet the requirement of having at least 4 out of 13 variables different from previously approved scenarios. It appears to be very similar to a previously approved sepsis scenario in terms of medical outcome, medical history, symptom description, and clinical setting.
   
2. **Medically Correct**: While the scenario is medically correct in terms of symptoms, tests, diagnosis, and treatment, it fails the first condition which is crucial for diversity in the dataset.

Feedback:
To improve the scenario and ensure it meets the criteria for approval, consider altering at least four variables. For example:
- Change the **Medical Outcome** to a different diagnosis such as pneumonia.
- Modify the **Medical History** to include different chronic conditions.
- Adjust the **Symptom Description** to reflect a different set of symptoms.
- Alter the **Geographical Location** to a rural area with different environmental factors.
- Change the **Clinical Setting** to an outpatient visit instead of an emergency visit.

These changes will help ensure the scenario is sufficiently distinct from previous ones and meets the required conditions for approval.
len of scenario_provider_memory is: 4
Latest message: DECISION: Go
Decision: Go
Updated conversation memory length: 1
Go
DECISION: Go
Note number 1 has been generated!
len of scenario_provider_memory is: 0
Latest message: Given that this is the first scenario being evaluated, we will only check conditions (b) and (c):

**Condition (b): Medically Correct**
- Symptoms described (fever, chills, severe fatigue, shortness of breath) are consistent with sepsis.
- The prescribed treatment (intravenous antibiotics) and follow-up recommendations (daily blood cultures, CRP, procalcitonin, CBC) are appropriate for managing sepsis.
- The physical exam findings (temperature elevation, tachycardia, hypotension, decreased skin turgor) align with the clinical presentation of sepsis.
- The investigations ordered (blood cultures, electrolytes, CRP, WBC count, chest x-ray) are relevant and necessary for diagnosing and monitoring sepsis.

**Condition (c): Plausibility**
- The scenario is plausible given the patient's age, medical history (diabetes, hypertension), and current symptoms.
- The progression from emergency department to ICU is reasonable given the severity of sepsis.
- The patient's behavior (fully cooperative) and demographic information (native English speaker, sedentary lifestyle) add realism to the scenario.

Since both conditions (b) and (c) are satisfied, the scenario is approved.

DECISION: Go
Decision: Go
Updated conversation memory length: 2
Go
Given that this is the first scenario being evaluated, we will only check conditions (b) and (c):

**Condition (b): Medically Correct**
- Symptoms described (fever, chills, severe fatigue, shortness of breath) are consistent with sepsis.
- The prescribed treatment (intravenous antibiotics) and follow-up recommendations (daily blood cultures, CRP, procalcitonin, CBC) are appropriate for managing sepsis.
- The physical exam findings (temperature elevation, tachycardia, hypotension, decreased skin turgor) align with the clinical presentation of sepsis.
- The investigations ordered (blood cultures, electrolytes, CRP, WBC count, chest x-ray) are relevant and necessary for diagnosing and monitoring sepsis.

**Condition (c): Plausibility**
- The scenario is plausible given the patient's age, medical history (diabetes, hypertension), and current symptoms.
- The progression from emergency department to ICU is reasonable given the severity of sepsis.
- The patient's behavior (fully cooperative) and demographic information (native English speaker, sedentary lifestyle) add realism to the scenario.

Since both conditions (b) and (c) are satisfied, the scenario is approved.

DECISION: Go
Note number 2 has been generated!
len of scenario_provider_memory is: 0
Latest message: DECISION: Go
Decision: Go
Updated conversation memory length: 3
Go
DECISION: Go
Note number 3 has been generated!
len of scenario_provider_memory is: 0
Latest message: Given that this is the first scenario being evaluated, we will only check conditions (b) and (c):

**Condition (b): Medically Correct**
- The patient presents with fever and hypotension, which are consistent with suspected sepsis.
- The medical history includes hypertension and type 2 diabetes mellitus, which are chronic conditions that can complicate sepsis.
- The symptom description (fever, hypotension, chills, malaise, and nausea) aligns with the clinical presentation of sepsis.
- The physical exam findings (hypotension, tachycardia, cool extremities) are consistent with sepsis.
- The planned interventions (broad-spectrum antibiotics, fluid resuscitation) are appropriate for managing sepsis.
- The follow-up recommendations (monitoring vitals and labs, adjusting antibiotic therapy based on culture results) are medically sound.

**Condition (c): Plausibility**
- The scenario is plausible given the patient's age, medical history, and current symptoms.
- The clinical setting (ICU) and type of encounter (initial consultation for suspected sepsis) are appropriate for the severity of the patient's condition.
- The patient's behavior (cooperative but fatigued and anxious) and demographic information (native English speaker, middle-class, retired) add realism to the scenario.

Since both conditions (b) and (c) are satisfied, the scenario is approved.

DECISION: Go
Decision: Go
Updated conversation memory length: 4
Go
Given that this is the first scenario being evaluated, we will only check conditions (b) and (c):

**Condition (b): Medically Correct**
- The patient presents with fever and hypotension, which are consistent with suspected sepsis.
- The medical history includes hypertension and type 2 diabetes mellitus, which are chronic conditions that can complicate sepsis.
- The symptom description (fever, hypotension, chills, malaise, and nausea) aligns with the clinical presentation of sepsis.
- The physical exam findings (hypotension, tachycardia, cool extremities) are consistent with sepsis.
- The planned interventions (broad-spectrum antibiotics, fluid resuscitation) are appropriate for managing sepsis.
- The follow-up recommendations (monitoring vitals and labs, adjusting antibiotic therapy based on culture results) are medically sound.

**Condition (c): Plausibility**
- The scenario is plausible given the patient's age, medical history, and current symptoms.
- The clinical setting (ICU) and type of encounter (initial consultation for suspected sepsis) are appropriate for the severity of the patient's condition.
- The patient's behavior (cooperative but fatigued and anxious) and demographic information (native English speaker, middle-class, retired) add realism to the scenario.

Since both conditions (b) and (c) are satisfied, the scenario is approved.

DECISION: Go
Note number 4 has been generated!
len of scenario_provider_memory is: 0
Latest message: NoGo

**Reasons:**

1. **Variable Comparison (Condition a):** Without knowing the details of previously approved scenarios, it's impossible to determine if this scenario meets the requirement of having at least 4 out of 13 variables different from previous ones. Please ensure that the new scenario differs sufficiently from previously approved ones.

2. **Medical Correctness (Condition b):** The scenario appears medically correct in terms of symptoms, tests, diagnosis, and treatment. However, the combination of symptoms and test results should be consistent with the diagnosis of sepsis. Ensure that all elements align correctly.

3. **Plausibility (Condition c):** The scenario is plausible given the patient's history and current symptoms. However, the combination of symptoms and the progression of the disease should be carefully reviewed to ensure it reflects a realistic clinical presentation.

**Feedback:**
- Ensure that the scenario has at least 4 variables that differ from previously approved scenarios.
- Double-check the consistency between symptoms, test results, and the diagnosis.
- Confirm that the scenario is plausible and reflects a realistic clinical situation.
Decision: situation.
Updated conversation memory length: 1
situation.
NoGo

**Reasons:**

1. **Variable Comparison (Condition a):** Without knowing the details of previously approved scenarios, it's impossible to determine if this scenario meets the requirement of having at least 4 out of 13 variables different from previous ones. Please ensure that the new scenario differs sufficiently from previously approved ones.

2. **Medical Correctness (Condition b):** The scenario appears medically correct in terms of symptoms, tests, diagnosis, and treatment. However, the combination of symptoms and test results should be consistent with the diagnosis of sepsis. Ensure that all elements align correctly.

3. **Plausibility (Condition c):** The scenario is plausible given the patient's history and current symptoms. However, the combination of symptoms and the progression of the disease should be carefully reviewed to ensure it reflects a realistic clinical presentation.

**Feedback:**
- Ensure that the scenario has at least 4 variables that differ from previously approved scenarios.
- Double-check the consistency between symptoms, test results, and the diagnosis.
- Confirm that the scenario is plausible and reflects a realistic clinical situation.
len of scenario_provider_memory is: 2
Latest message: DECISION: Go
Decision: Go
Updated conversation memory length: 1
Go
DECISION: Go
Note number 5 has been generated!
counter is: 49
PAROXYSMAL ATRIAL FIBRILLATION
len of scenario_provider_memory is: 0
Latest message: NoGo

Reasons:
1. **Pair-wise Comparison**: This scenario does not meet the requirement of having at least 4 out of 13 variables different from previously approved scenarios. It appears to be very similar to a previously approved scenario involving a male patient with atrial fibrillation, hypertension, and coronary artery disease.
   
2. **Medically Correct**: The scenario is medically correct in terms of symptoms, tests, diagnosis, and treatment. However, this alone is not sufficient for approval given the similarity to previous scenarios.

3. **Plausibility**: The scenario is plausible as it aligns with typical clinical presentations and management plans for paroxysmal atrial fibrillation.

Feedback:
To generate a scenario that meets the criteria, consider altering at least four variables. For example:
- Change the demographic information (e.g., age, gender, ethnicity).
- Modify the medical history (e.g., add or remove chronic conditions).
- Adjust the symptom description (e.g., change the frequency or duration of episodes).
- Vary the geographical location (e.g., rural vs. urban setting).

By making these changes, the new scenario will be sufficiently distinct from previously approved ones.
Decision: ones.
Updated conversation memory length: 1
ones.
NoGo

Reasons:
1. **Pair-wise Comparison**: This scenario does not meet the requirement of having at least 4 out of 13 variables different from previously approved scenarios. It appears to be very similar to a previously approved scenario involving a male patient with atrial fibrillation, hypertension, and coronary artery disease.
   
2. **Medically Correct**: The scenario is medically correct in terms of symptoms, tests, diagnosis, and treatment. However, this alone is not sufficient for approval given the similarity to previous scenarios.

3. **Plausibility**: The scenario is plausible as it aligns with typical clinical presentations and management plans for paroxysmal atrial fibrillation.

Feedback:
To generate a scenario that meets the criteria, consider altering at least four variables. For example:
- Change the demographic information (e.g., age, gender, ethnicity).
- Modify the medical history (e.g., add or remove chronic conditions).
- Adjust the symptom description (e.g., change the frequency or duration of episodes).
- Vary the geographical location (e.g., rural vs. urban setting).

By making these changes, the new scenario will be sufficiently distinct from previously approved ones.
len of scenario_provider_memory is: 2
Latest message: NoGo

Reasons:
1. **Pair-wise Comparison**: The scenario does not meet the requirement of having at least 4 out of 13 variables different from previously approved scenarios. Based on the provided details, fewer than 4 variables are distinctly different. For example, the medical outcome, medical history, and type of encounter are similar to previous scenarios.

Feedback:
To improve the scenario and meet the criteria for approval, consider altering more variables such as:
- Changing the medical outcome to a different cardiac condition.
- Modifying the medical history to include different chronic conditions or family history.
- Adjusting the symptom description to reflect a different set of symptoms or severity.
- Varying the patient’s self-reported habits and lifestyle significantly.
- Altering the demographic information to a different age group, gender, or ethnicity.
- Changing the clinical setting to a different type of facility.
- Modifying the type of encounter to an initial visit instead of a follow-up.
- Adjusting the geographical location to a different setting with varying healthcare access.
- Ensuring the investigation/test results are different or include additional tests.

By making these changes, the scenario will be more distinct and meet the required criteria for approval.
Decision: approval.
Updated conversation memory length: 1
approval.
NoGo

Reasons:
1. **Pair-wise Comparison**: The scenario does not meet the requirement of having at least 4 out of 13 variables different from previously approved scenarios. Based on the provided details, fewer than 4 variables are distinctly different. For example, the medical outcome, medical history, and type of encounter are similar to previous scenarios.

Feedback:
To improve the scenario and meet the criteria for approval, consider altering more variables such as:
- Changing the medical outcome to a different cardiac condition.
- Modifying the medical history to include different chronic conditions or family history.
- Adjusting the symptom description to reflect a different set of symptoms or severity.
- Varying the patient’s self-reported habits and lifestyle significantly.
- Altering the demographic information to a different age group, gender, or ethnicity.
- Changing the clinical setting to a different type of facility.
- Modifying the type of encounter to an initial visit instead of a follow-up.
- Adjusting the geographical location to a different setting with varying healthcare access.
- Ensuring the investigation/test results are different or include additional tests.

By making these changes, the scenario will be more distinct and meet the required criteria for approval.
len of scenario_provider_memory is: 4
Latest message: DECISION: Go
Decision: Go
Updated conversation memory length: 1
Go
DECISION: Go
Note number 1 has been generated!
len of scenario_provider_memory is: 0
Latest message: Given that there are no previously approved scenarios to compare against, we will only evaluate conditions (b) and (c):

### Condition (b): Medical Correctness
- **Symptoms**: Palpitations, shortness of breath, and lightheadedness are consistent with paroxysmal atrial fibrillation.
- **Tests**: Ordering blood work (biochemistry panel, lipid panel, CBC) and an echocardiogram are appropriate for evaluating the patient's condition.
- **Diagnosis**: Paroxysmal Atrial Fibrillation (ICD-10 code: I48.9) is a reasonable diagnosis given the symptoms and medical history.
- **Treatment**: Prescribing propafenone for rhythm control and warfarin for anticoagulation is medically sound. Adjusting lisinopril based on BP monitoring is also appropriate.
- **Lifestyle Changes**: Increasing fiber intake and reducing salt and saturated fats align with managing hypertension and hyperlipidemia.

### Condition (c): Plausibility
- **Scenario**: The scenario is plausible as it describes a common clinical presentation of a patient with cardiovascular risk factors and symptoms consistent with paroxysmal atrial fibrillation.
- **Behavior and Lifestyle**: The patient's behavior and lifestyle details are realistic and relevant to the medical condition.
- **Geographical and Demographic Details**: The demographic and geographical information provided are consistent with a typical patient profile.

Since both conditions (b) and (c) are satisfied, the scenario is approved.

DECISION: Go
Decision: Go
Updated conversation memory length: 2
Go
Given that there are no previously approved scenarios to compare against, we will only evaluate conditions (b) and (c):

### Condition (b): Medical Correctness
- **Symptoms**: Palpitations, shortness of breath, and lightheadedness are consistent with paroxysmal atrial fibrillation.
- **Tests**: Ordering blood work (biochemistry panel, lipid panel, CBC) and an echocardiogram are appropriate for evaluating the patient's condition.
- **Diagnosis**: Paroxysmal Atrial Fibrillation (ICD-10 code: I48.9) is a reasonable diagnosis given the symptoms and medical history.
- **Treatment**: Prescribing propafenone for rhythm control and warfarin for anticoagulation is medically sound. Adjusting lisinopril based on BP monitoring is also appropriate.
- **Lifestyle Changes**: Increasing fiber intake and reducing salt and saturated fats align with managing hypertension and hyperlipidemia.

### Condition (c): Plausibility
- **Scenario**: The scenario is plausible as it describes a common clinical presentation of a patient with cardiovascular risk factors and symptoms consistent with paroxysmal atrial fibrillation.
- **Behavior and Lifestyle**: The patient's behavior and lifestyle details are realistic and relevant to the medical condition.
- **Geographical and Demographic Details**: The demographic and geographical information provided are consistent with a typical patient profile.

Since both conditions (b) and (c) are satisfied, the scenario is approved.

DECISION: Go
Note number 2 has been generated!
len of scenario_provider_memory is: 0
Latest message: Given that there are no previously approved scenarios to compare against, we will only evaluate conditions (b) and (c):

### Condition (b): Medical Correctness
- **Symptoms**: The patient reports moderate to severe palpitations, shortness of breath, and occasional chest tightness, which are consistent with paroxysmal atrial fibrillation.
- **Diagnosis**: Paroxysmal Atrial Fibrillation (ICD-10 code: I48.0) is correctly diagnosed based on the symptoms and previous ECG findings.
- **Prescribed Treatment**: Propafenone (an antiarrhythmic drug) is a reasonable choice for managing the arrhythmia.
- **Follow-up Recommendations**: Scheduling a follow-up for cardiac monitoring and echocardiography is appropriate.
- **Blood Work Ordered**: Biochemistry panel, electrolyte levels, and thyroid function tests are relevant investigations for this condition.
- **Imaging Ordered**: An echocardiography is a necessary test to assess cardiac structure and function.

### Condition (c): Plausibility
- **Medical History**: The patient has a history of hypertension and hyperlipidemia, which are common comorbidities in patients with atrial fibrillation.
- **Symptom Description**: The described symptoms and their impact on daily activities are plausible for someone experiencing paroxysmal atrial fibrillation.
- **Patient’s Self-reported Habits and Lifestyle**: The patient's lifestyle, including poor sleep quality, high-fat diet, sedentary lifestyle, and occasional alcohol consumption, are realistic and relevant to the condition.
- **Demographic Information**: The demographic details (age, gender, ethnicity, socioeconomic status, education level, health literacy, and job status) are consistent with a typical patient profile.
- **Geographical Location**: Living in a small suburban city with limited access to specialized healthcare providers is plausible.
- **Clinical Setting**: A private practice office setting is a common place for follow-up appointments.
- **Type of Encounter**: This is a follow-up appointment for managing arrhythmia, which is a realistic scenario.
- **Treatment Disparities**: No treatment disparities were identified, indicating a comprehensive management plan.
- **Native or Non-Native English Speaking Patient**: The patient is a native English speaker, which is plausible.
- **Physical Exams**: The recorded physical exam findings (BP, heart sounds, peripheral pulses) are consistent with the diagnosis.
- **Investigation/Test Results**: Previous ECG revealing atrial fibrillation and awaiting echocardiography results are plausible.

Since both conditions (b) and (c) are satisfied, the scenario is approved.

DECISION: Go
Decision: Go
Updated conversation memory length: 3
Go
Given that there are no previously approved scenarios to compare against, we will only evaluate conditions (b) and (c):

### Condition (b): Medical Correctness
- **Symptoms**: The patient reports moderate to severe palpitations, shortness of breath, and occasional chest tightness, which are consistent with paroxysmal atrial fibrillation.
- **Diagnosis**: Paroxysmal Atrial Fibrillation (ICD-10 code: I48.0) is correctly diagnosed based on the symptoms and previous ECG findings.
- **Prescribed Treatment**: Propafenone (an antiarrhythmic drug) is a reasonable choice for managing the arrhythmia.
- **Follow-up Recommendations**: Scheduling a follow-up for cardiac monitoring and echocardiography is appropriate.
- **Blood Work Ordered**: Biochemistry panel, electrolyte levels, and thyroid function tests are relevant investigations for this condition.
- **Imaging Ordered**: An echocardiography is a necessary test to assess cardiac structure and function.

### Condition (c): Plausibility
- **Medical History**: The patient has a history of hypertension and hyperlipidemia, which are common comorbidities in patients with atrial fibrillation.
- **Symptom Description**: The described symptoms and their impact on daily activities are plausible for someone experiencing paroxysmal atrial fibrillation.
- **Patient’s Self-reported Habits and Lifestyle**: The patient's lifestyle, including poor sleep quality, high-fat diet, sedentary lifestyle, and occasional alcohol consumption, are realistic and relevant to the condition.
- **Demographic Information**: The demographic details (age, gender, ethnicity, socioeconomic status, education level, health literacy, and job status) are consistent with a typical patient profile.
- **Geographical Location**: Living in a small suburban city with limited access to specialized healthcare providers is plausible.
- **Clinical Setting**: A private practice office setting is a common place for follow-up appointments.
- **Type of Encounter**: This is a follow-up appointment for managing arrhythmia, which is a realistic scenario.
- **Treatment Disparities**: No treatment disparities were identified, indicating a comprehensive management plan.
- **Native or Non-Native English Speaking Patient**: The patient is a native English speaker, which is plausible.
- **Physical Exams**: The recorded physical exam findings (BP, heart sounds, peripheral pulses) are consistent with the diagnosis.
- **Investigation/Test Results**: Previous ECG revealing atrial fibrillation and awaiting echocardiography results are plausible.

Since both conditions (b) and (c) are satisfied, the scenario is approved.

DECISION: Go
Note number 3 has been generated!
len of scenario_provider_memory is: 0
Latest message: Given that there are no previously approved scenarios to compare against, we will only evaluate conditions (b) and (c):

### Condition (b): Medical Correctness
- **Symptoms**: The patient reports palpitations, shortness of breath, and occasional dizziness, which are consistent with paroxysmal atrial fibrillation.
- **Diagnosis**: Paroxysmal Atrial Fibrillation is correctly diagnosed based on the symptoms and recent ECG findings.
- **Prescribed Treatment**: Metoprolol Tartrate for rate control and Dabigatran Etexilate for anticoagulation are appropriate treatments for this condition.
- **Follow-up Recommendations**: Scheduling a follow-up in 4 weeks for reassessment and an echocardiogram is medically sound.
- **Referral to Specialist**: Referral to a cardiologist specializing in arrhythmias is appropriate.
- **Medical History**: The patient has a history of hypertension and hyperlipidemia, which are common comorbidities.
- **Physical Exam**: The recorded physical exam findings (BP, HR, pulses, lung fields, heart sounds) are consistent with the diagnosis.
- **Investigation/Test Results**: Recent ECG showing episodes of atrial fibrillation and normal CBC and CMP results are medically correct.

### Condition (c): Plausibility
- **Symptom Description**: The described symptoms and their frequency are plausible for a patient with paroxysmal atrial fibrillation.
- **Patient’s Self-Reported Habits and Lifestyle**: The patient’s lifestyle details (sleep, diet, exercise, tobacco use, alcohol consumption, drug use, recreational activities) are realistic and relevant.
- **Demographic Information**: The demographic details (age, gender, ethnicity, socio-economic status, education level, health literacy, job status) are consistent with a typical patient profile.
- **Patient's Behavior**: High cooperation with medical advice is plausible.
- **Geographical Location**: Living in a big city with good public transit and low pollution levels is plausible.
- **Clinical Setting**: A specialty clinic is a plausible setting for this encounter.
- **Type of Encounter**: This is a follow-up visit after an initial consultation, which is a realistic scenario.
- **Treatment Disparities**: There are no treatment disparities noted.
- **Native or Non-Native English Speaking Patient**: The patient is a native English speaker, which is plausible.
- **Physical Exams**: The recorded physical exam findings are consistent with the diagnosis.
- **Investigation/Test Results**: The recent ECG and normal CBC/CMP results are plausible.

Since both conditions (b) and (c) are satisfied, the scenario is approved.

DECISION: Go
Decision: Go
Updated conversation memory length: 4
Go
Given that there are no previously approved scenarios to compare against, we will only evaluate conditions (b) and (c):

### Condition (b): Medical Correctness
- **Symptoms**: The patient reports palpitations, shortness of breath, and occasional dizziness, which are consistent with paroxysmal atrial fibrillation.
- **Diagnosis**: Paroxysmal Atrial Fibrillation is correctly diagnosed based on the symptoms and recent ECG findings.
- **Prescribed Treatment**: Metoprolol Tartrate for rate control and Dabigatran Etexilate for anticoagulation are appropriate treatments for this condition.
- **Follow-up Recommendations**: Scheduling a follow-up in 4 weeks for reassessment and an echocardiogram is medically sound.
- **Referral to Specialist**: Referral to a cardiologist specializing in arrhythmias is appropriate.
- **Medical History**: The patient has a history of hypertension and hyperlipidemia, which are common comorbidities.
- **Physical Exam**: The recorded physical exam findings (BP, HR, pulses, lung fields, heart sounds) are consistent with the diagnosis.
- **Investigation/Test Results**: Recent ECG showing episodes of atrial fibrillation and normal CBC and CMP results are medically correct.

### Condition (c): Plausibility
- **Symptom Description**: The described symptoms and their frequency are plausible for a patient with paroxysmal atrial fibrillation.
- **Patient’s Self-Reported Habits and Lifestyle**: The patient’s lifestyle details (sleep, diet, exercise, tobacco use, alcohol consumption, drug use, recreational activities) are realistic and relevant.
- **Demographic Information**: The demographic details (age, gender, ethnicity, socio-economic status, education level, health literacy, job status) are consistent with a typical patient profile.
- **Patient's Behavior**: High cooperation with medical advice is plausible.
- **Geographical Location**: Living in a big city with good public transit and low pollution levels is plausible.
- **Clinical Setting**: A specialty clinic is a plausible setting for this encounter.
- **Type of Encounter**: This is a follow-up visit after an initial consultation, which is a realistic scenario.
- **Treatment Disparities**: There are no treatment disparities noted.
- **Native or Non-Native English Speaking Patient**: The patient is a native English speaker, which is plausible.
- **Physical Exams**: The recorded physical exam findings are consistent with the diagnosis.
- **Investigation/Test Results**: The recent ECG and normal CBC/CMP results are plausible.

Since both conditions (b) and (c) are satisfied, the scenario is approved.

DECISION: Go
Note number 4 has been generated!
len of scenario_provider_memory is: 0
Latest message: NoGo

Reasons:
1. **Condition (a): Pair-wise Comparison** - Since this is the first scenario, we cannot compare it to previous scenarios. Therefore, this condition is not applicable.
   
2. **Condition (b): Medically Correct** - The scenario appears medically correct. The symptoms, tests, diagnosis, and treatment align well with the clinical presentation of paroxysmal atrial fibrillation. The prescribed medication (Dronedarone), referral to an electrophysiologist, and ordering of a cardiac MRI are all appropriate actions.

3. **Condition (c): Plausibility** - The scenario is plausible. The patient's history, symptoms, and management plan are consistent with a typical follow-up visit for recurrent atrial fibrillation.

Feedback:
Since this is the first scenario, focus on ensuring that future scenarios vary significantly from this one in at least 4 out of the 13 variables. For example, consider changing the medical outcome, demographic information, geographical location, or type of encounter to ensure diversity in the scenarios.
Decision: scenarios.
Updated conversation memory length: 1
scenarios.
NoGo

Reasons:
1. **Condition (a): Pair-wise Comparison** - Since this is the first scenario, we cannot compare it to previous scenarios. Therefore, this condition is not applicable.
   
2. **Condition (b): Medically Correct** - The scenario appears medically correct. The symptoms, tests, diagnosis, and treatment align well with the clinical presentation of paroxysmal atrial fibrillation. The prescribed medication (Dronedarone), referral to an electrophysiologist, and ordering of a cardiac MRI are all appropriate actions.

3. **Condition (c): Plausibility** - The scenario is plausible. The patient's history, symptoms, and management plan are consistent with a typical follow-up visit for recurrent atrial fibrillation.

Feedback:
Since this is the first scenario, focus on ensuring that future scenarios vary significantly from this one in at least 4 out of the 13 variables. For example, consider changing the medical outcome, demographic information, geographical location, or type of encounter to ensure diversity in the scenarios.
len of scenario_provider_memory is: 2
Latest message: NoGo

Reasons:
1. **Variable Comparison**: Without knowing the details of previously approved scenarios, I cannot definitively state that this scenario differs in at least 4 out of 13 variables. However, given the specific nature of the scenario, it seems likely that it may not meet this criterion unless the previous scenarios were quite different.

2. **Medically Correct**: The scenario appears medically correct in terms of symptoms, tests, diagnosis, and treatment. The prescribed medication (Amiodarone) and ordered blood work (CMP, thyroid function tests, lipid profile) are appropriate for managing paroxysmal atrial fibrillation and monitoring potential side effects.

3. **Plausibility**: The scenario is plausible. The patient's history of hypertension, COPD, and family history of atrial fibrillation supports the diagnosis. The symptoms described (shortness of breath, chest discomfort) are consistent with both atrial fibrillation and COPD exacerbations. The referral to a pulmonologist for respiratory symptoms is also reasonable.

Feedback:
To ensure the scenario meets the criteria for approval, please review and adjust the scenario to ensure it differs in at least 4 out of 13 variables from previously approved scenarios. Consider altering some of the demographic information, patient behavior, geographical location, or clinical setting to increase variability.
Decision: variability.
Updated conversation memory length: 1
variability.
NoGo

Reasons:
1. **Variable Comparison**: Without knowing the details of previously approved scenarios, I cannot definitively state that this scenario differs in at least 4 out of 13 variables. However, given the specific nature of the scenario, it seems likely that it may not meet this criterion unless the previous scenarios were quite different.

2. **Medically Correct**: The scenario appears medically correct in terms of symptoms, tests, diagnosis, and treatment. The prescribed medication (Amiodarone) and ordered blood work (CMP, thyroid function tests, lipid profile) are appropriate for managing paroxysmal atrial fibrillation and monitoring potential side effects.

3. **Plausibility**: The scenario is plausible. The patient's history of hypertension, COPD, and family history of atrial fibrillation supports the diagnosis. The symptoms described (shortness of breath, chest discomfort) are consistent with both atrial fibrillation and COPD exacerbations. The referral to a pulmonologist for respiratory symptoms is also reasonable.

Feedback:
To ensure the scenario meets the criteria for approval, please review and adjust the scenario to ensure it differs in at least 4 out of 13 variables from previously approved scenarios. Consider altering some of the demographic information, patient behavior, geographical location, or clinical setting to increase variability.
len of scenario_provider_memory is: 4
Latest message: NoGo

Reasons:
1. **Pair-wise Comparison**: Without previous scenarios to compare against, we cannot confirm if at least 4 out of 13 variables are different from previously approved scenarios. This condition cannot be verified.
   
2. **Medically Correct**: The scenario appears medically correct in terms of symptoms, tests, diagnosis, and treatment. The prescribed medication (Warfarin) and referral to a Cardiac Electrophysiologist are appropriate for paroxysmal atrial fibrillation. The ordered blood work (coagulation profile, lipid profile, CBC) is also appropriate given the patient's history and current condition.

3. **Plausibility**: The scenario is plausible. The patient's history of hypertension and coronary artery disease, along with his lifestyle factors (smoking, sedentary lifestyle), make the diagnosis of paroxysmal atrial fibrillation reasonable. The symptoms described (palpitations, dizziness, fatigue) are consistent with the diagnosis.

Feedback:
To ensure the scenario meets all criteria, please provide a comparison with previously approved scenarios to verify that at least 4 out of 13 variables are different. If this is the first scenario being evaluated, please confirm that it is indeed the first one so that we can proceed based on conditions (b) and (c) alone.
Decision: alone.
Updated conversation memory length: 1
alone.
NoGo

Reasons:
1. **Pair-wise Comparison**: Without previous scenarios to compare against, we cannot confirm if at least 4 out of 13 variables are different from previously approved scenarios. This condition cannot be verified.
   
2. **Medically Correct**: The scenario appears medically correct in terms of symptoms, tests, diagnosis, and treatment. The prescribed medication (Warfarin) and referral to a Cardiac Electrophysiologist are appropriate for paroxysmal atrial fibrillation. The ordered blood work (coagulation profile, lipid profile, CBC) is also appropriate given the patient's history and current condition.

3. **Plausibility**: The scenario is plausible. The patient's history of hypertension and coronary artery disease, along with his lifestyle factors (smoking, sedentary lifestyle), make the diagnosis of paroxysmal atrial fibrillation reasonable. The symptoms described (palpitations, dizziness, fatigue) are consistent with the diagnosis.

Feedback:
To ensure the scenario meets all criteria, please provide a comparison with previously approved scenarios to verify that at least 4 out of 13 variables are different. If this is the first scenario being evaluated, please confirm that it is indeed the first one so that we can proceed based on conditions (b) and (c) alone.
len of scenario_provider_memory is: 6
Latest message: NoGo

Reasons:
1. **Condition (a): Pair-wise Comparison** - Since this is the first scenario, we cannot compare it to previous scenarios. Therefore, we will proceed to check conditions (b) and (c).

2. **Condition (b): Medical Correctness** - The scenario appears medically correct. The symptoms, tests, diagnosis, and treatment plan align well with the clinical presentation of paroxysmal atrial fibrillation. The prescribed medication (Propafenone), ordered blood work, and referral to a cardiac electrophysiologist are appropriate steps for managing this condition.

3. **Condition (c): Plausibility** - The scenario is plausible. The patient's history of hypertension and type 2 diabetes mellitus increases her risk for atrial fibrillation. The symptoms described (palpitations, shortness of breath) are consistent with the diagnosis. The patient's lifestyle factors (poor diet, sedentary lifestyle) also contribute to the likelihood of developing atrial fibrillation. The geographical location and socio-economic status add realistic context to the scenario.

Feedback:
Since this is the first scenario, it automatically passes conditions (b) and (c). However, for future scenarios, ensure that at least four variables differ from this one to meet condition (a). Consider varying the medical outcome, symptom description, patient behavior, or demographic information to create distinct scenarios.
Decision: scenarios.
Updated conversation memory length: 1
scenarios.
NoGo

Reasons:
1. **Condition (a): Pair-wise Comparison** - Since this is the first scenario, we cannot compare it to previous scenarios. Therefore, we will proceed to check conditions (b) and (c).

2. **Condition (b): Medical Correctness** - The scenario appears medically correct. The symptoms, tests, diagnosis, and treatment plan align well with the clinical presentation of paroxysmal atrial fibrillation. The prescribed medication (Propafenone), ordered blood work, and referral to a cardiac electrophysiologist are appropriate steps for managing this condition.

3. **Condition (c): Plausibility** - The scenario is plausible. The patient's history of hypertension and type 2 diabetes mellitus increases her risk for atrial fibrillation. The symptoms described (palpitations, shortness of breath) are consistent with the diagnosis. The patient's lifestyle factors (poor diet, sedentary lifestyle) also contribute to the likelihood of developing atrial fibrillation. The geographical location and socio-economic status add realistic context to the scenario.

Feedback:
Since this is the first scenario, it automatically passes conditions (b) and (c). However, for future scenarios, ensure that at least four variables differ from this one to meet condition (a). Consider varying the medical outcome, symptom description, patient behavior, or demographic information to create distinct scenarios.
len of scenario_provider_memory is: 8
Latest message: NoGo

Reasons:
1. **Pair-wise Comparison**: This scenario does not meet the requirement of having at least 4 out of 13 variables different from previously approved scenarios. It appears to be very similar to a previously approved scenario involving atrial fibrillation management.
   
Feedback:
To improve this scenario, consider changing at least four variables. For example:
- Change the medical outcome to a different cardiac condition.
- Modify the medical history to include a different set of previous diagnoses.
- Adjust the symptom description to reflect a different severity or duration.
- Alter the patient’s self-reported habits and lifestyle, such as changing their diet or exercise routine.
- Vary the demographic information, such as age, gender, or ethnicity.
- Change the geographical location to a rural area or an urban setting.
- Modify the type of encounter to an initial consultation instead of a follow-up visit.
- Introduce treatment disparities by noting potential barriers to care.
- Change the native language status to a non-native English speaker.
- Include different physical exam findings or investigation/test results.

By making these changes, the scenario will be more distinct from previously approved ones and can be re-evaluated.
Decision: re-evaluated.
Updated conversation memory length: 1
re-evaluated.
NoGo

Reasons:
1. **Pair-wise Comparison**: This scenario does not meet the requirement of having at least 4 out of 13 variables different from previously approved scenarios. It appears to be very similar to a previously approved scenario involving atrial fibrillation management.
   
Feedback:
To improve this scenario, consider changing at least four variables. For example:
- Change the medical outcome to a different cardiac condition.
- Modify the medical history to include a different set of previous diagnoses.
- Adjust the symptom description to reflect a different severity or duration.
- Alter the patient’s self-reported habits and lifestyle, such as changing their diet or exercise routine.
- Vary the demographic information, such as age, gender, or ethnicity.
- Change the geographical location to a rural area or an urban setting.
- Modify the type of encounter to an initial consultation instead of a follow-up visit.
- Introduce treatment disparities by noting potential barriers to care.
- Change the native language status to a non-native English speaker.
- Include different physical exam findings or investigation/test results.

By making these changes, the scenario will be more distinct from previously approved ones and can be re-evaluated.
len of scenario_provider_memory is: 10
Latest message: NoGo

**Reasons:**

1. **Condition (a): Pair-wise Comparison**
   - Without knowing the details of previously approved scenarios, it's impossible to determine if this scenario meets the requirement of having at least 4 out of 13 variables different from previous scenarios. However, assuming this is the first scenario being evaluated, we will proceed to check conditions (b) and (c).

2. **Condition (b): Medical Correctness**
   - The scenario appears medically correct in terms of symptoms, tests, diagnosis, and treatment. The patient has paroxysmal atrial fibrillation, and the prescribed medications (Sotalol) and ordered tests (CMP, lipid panel, thyroid function tests) are appropriate. The referral to a cardiac electrophysiologist is also reasonable given the severity and recurrence of the symptoms.

3. **Condition (c): Plausibility**
   - The scenario is plausible. The patient's history of hypertension, heart failure, and family history of atrial fibrillation supports the diagnosis. The symptoms described (chest pain, palpitations, shortness of breath) are consistent with atrial fibrillation. The patient's lifestyle factors (irregular sleep, high sodium diet, smoking, heavy alcohol consumption) contribute to the likelihood of developing atrial fibrillation. The clinical setting (community health clinic) and geographical location (rural area with limited healthcare facilities) add to the plausibility of the scenario.

**Feedback:**
- Ensure that future scenarios vary significantly from this one in at least 4 out of the 13 variables to meet condition (a). This includes aspects such as medical outcome, medical history, symptom description, patient behavior, demographic information, etc.
- Continue to ensure that all scenarios are medically accurate and plausible.
Decision: plausible.
Updated conversation memory length: 1
plausible.
NoGo

**Reasons:**

1. **Condition (a): Pair-wise Comparison**
   - Without knowing the details of previously approved scenarios, it's impossible to determine if this scenario meets the requirement of having at least 4 out of 13 variables different from previous scenarios. However, assuming this is the first scenario being evaluated, we will proceed to check conditions (b) and (c).

2. **Condition (b): Medical Correctness**
   - The scenario appears medically correct in terms of symptoms, tests, diagnosis, and treatment. The patient has paroxysmal atrial fibrillation, and the prescribed medications (Sotalol) and ordered tests (CMP, lipid panel, thyroid function tests) are appropriate. The referral to a cardiac electrophysiologist is also reasonable given the severity and recurrence of the symptoms.

3. **Condition (c): Plausibility**
   - The scenario is plausible. The patient's history of hypertension, heart failure, and family history of atrial fibrillation supports the diagnosis. The symptoms described (chest pain, palpitations, shortness of breath) are consistent with atrial fibrillation. The patient's lifestyle factors (irregular sleep, high sodium diet, smoking, heavy alcohol consumption) contribute to the likelihood of developing atrial fibrillation. The clinical setting (community health clinic) and geographical location (rural area with limited healthcare facilities) add to the plausibility of the scenario.

**Feedback:**
- Ensure that future scenarios vary significantly from this one in at least 4 out of the 13 variables to meet condition (a). This includes aspects such as medical outcome, medical history, symptom description, patient behavior, demographic information, etc.
- Continue to ensure that all scenarios are medically accurate and plausible.
len of scenario_provider_memory is: 12
Latest message: DECISION: Go
Decision: Go
Updated conversation memory length: 1
Go
DECISION: Go
Note number 5 has been generated!
counter is: 50
VITAMIN D DEFICIENCY, UNSPECIFIED
len of scenario_provider_memory is: 0
Latest message: NoGo

Reasons:
1. **Variable Comparison**: Without knowing the details of previously approved scenarios, I cannot definitively state that this scenario differs in at least 4 out of 13 variables. Please ensure that the new scenario has at least four distinct differences compared to previous ones.
   
2. **Plausibility**: The scenario seems plausible overall, but there are some minor points to consider:
   - The patient's dietary habits (vegan diet) and limited sun exposure align well with the diagnosis of vitamin D deficiency.
   - The prescribed treatment and follow-up recommendations are appropriate for the diagnosis.
   
3. **Medical Correctness**: The scenario appears medically correct in terms of symptoms, tests, diagnosis, and treatment. However, the inclusion of a pending lipid panel result might add more detail and context to the scenario.

Feedback:
- Ensure that the scenario differs significantly from previously approved ones in at least four variables.
- Consider adding more detail about the pending lipid panel results to enhance the scenario's realism and completeness.
Decision: completeness.
Updated conversation memory length: 1
completeness.
NoGo

Reasons:
1. **Variable Comparison**: Without knowing the details of previously approved scenarios, I cannot definitively state that this scenario differs in at least 4 out of 13 variables. Please ensure that the new scenario has at least four distinct differences compared to previous ones.
   
2. **Plausibility**: The scenario seems plausible overall, but there are some minor points to consider:
   - The patient's dietary habits (vegan diet) and limited sun exposure align well with the diagnosis of vitamin D deficiency.
   - The prescribed treatment and follow-up recommendations are appropriate for the diagnosis.
   
3. **Medical Correctness**: The scenario appears medically correct in terms of symptoms, tests, diagnosis, and treatment. However, the inclusion of a pending lipid panel result might add more detail and context to the scenario.

Feedback:
- Ensure that the scenario differs significantly from previously approved ones in at least four variables.
- Consider adding more detail about the pending lipid panel results to enhance the scenario's realism and completeness.
len of scenario_provider_memory is: 2
Latest message: DECISION: Go
Decision: Go
Updated conversation memory length: 1
Go
DECISION: Go
Note number 1 has been generated!
len of scenario_provider_memory is: 0
Latest message: Given that this is the first scenario, we will only check conditions (b) and (c):

**Condition (b): Medically Correct**
- The symptoms described (mild fatigue and occasional muscle weakness) are consistent with Vitamin D deficiency.
- The prescribed treatment (Cholecalciferol 50,000 IU once weekly for 8 weeks) is appropriate for Vitamin D deficiency.
- The follow-up recommendations (rechecking vitamin D levels and scheduling a follow-up visit) are reasonable.
- The lifestyle changes suggested (increased outdoor activities and dietary modifications) are appropriate for managing Vitamin D deficiency.

**Condition (c): Plausibility**
- The scenario is plausible. The patient's history, symptoms, and examination findings align with a diagnosis of Vitamin D deficiency.
- The patient's lifestyle (mainly vegetarian diet, limited Vitamin D sources, and low sunlight exposure due to indoor work) supports the diagnosis.
- The patient's cooperation and the clinical setting (primary care clinic) are realistic.

Since both conditions (b) and (c) are satisfied, the scenario is approved.

DECISION: Go
Decision: Go
Updated conversation memory length: 2
Go
Given that this is the first scenario, we will only check conditions (b) and (c):

**Condition (b): Medically Correct**
- The symptoms described (mild fatigue and occasional muscle weakness) are consistent with Vitamin D deficiency.
- The prescribed treatment (Cholecalciferol 50,000 IU once weekly for 8 weeks) is appropriate for Vitamin D deficiency.
- The follow-up recommendations (rechecking vitamin D levels and scheduling a follow-up visit) are reasonable.
- The lifestyle changes suggested (increased outdoor activities and dietary modifications) are appropriate for managing Vitamin D deficiency.

**Condition (c): Plausibility**
- The scenario is plausible. The patient's history, symptoms, and examination findings align with a diagnosis of Vitamin D deficiency.
- The patient's lifestyle (mainly vegetarian diet, limited Vitamin D sources, and low sunlight exposure due to indoor work) supports the diagnosis.
- The patient's cooperation and the clinical setting (primary care clinic) are realistic.

Since both conditions (b) and (c) are satisfied, the scenario is approved.

DECISION: Go
Note number 2 has been generated!
len of scenario_provider_memory is: 0
Latest message: Given that this is the first scenario, we will only check conditions (b) and (c):

**Condition (b): Medically Correct**
- The symptoms described (generalized fatigue and weakness) are consistent with Vitamin D deficiency.
- The ordered blood work (biochemistry panel to determine 25-hydroxyvitamin D level) is appropriate for diagnosing Vitamin D deficiency.
- The follow-up appointment scheduled in two weeks to review test results and discuss potential treatment options is reasonable.
- There are no immediate treatments prescribed, which is appropriate given the need for further testing.

**Condition (c): Plausibility**
- The scenario is plausible. The patient's history, symptoms, and examination findings align with a diagnosis of Vitamin D deficiency.
- The patient's lifestyle (poor dietary intake of vitamin-rich foods, rarely taking supplements, limited exposure to sunlight due to indoor job) supports the diagnosis.
- The patient's behavior (cooperative, follows medical advice well) and the clinical setting (clinic) are realistic.

Since both conditions (b) and (c) are satisfied, the scenario is approved.

DECISION: Go
Decision: Go
Updated conversation memory length: 3
Go
Given that this is the first scenario, we will only check conditions (b) and (c):

**Condition (b): Medically Correct**
- The symptoms described (generalized fatigue and weakness) are consistent with Vitamin D deficiency.
- The ordered blood work (biochemistry panel to determine 25-hydroxyvitamin D level) is appropriate for diagnosing Vitamin D deficiency.
- The follow-up appointment scheduled in two weeks to review test results and discuss potential treatment options is reasonable.
- There are no immediate treatments prescribed, which is appropriate given the need for further testing.

**Condition (c): Plausibility**
- The scenario is plausible. The patient's history, symptoms, and examination findings align with a diagnosis of Vitamin D deficiency.
- The patient's lifestyle (poor dietary intake of vitamin-rich foods, rarely taking supplements, limited exposure to sunlight due to indoor job) supports the diagnosis.
- The patient's behavior (cooperative, follows medical advice well) and the clinical setting (clinic) are realistic.

Since both conditions (b) and (c) are satisfied, the scenario is approved.

DECISION: Go
Note number 3 has been generated!
len of scenario_provider_memory is: 0
Latest message: Given that this is the first scenario, we will only check conditions (b) and (c):

**Condition (b): Medically Correct**
- The symptoms described (severe, persistent fatigue for over 6 months, muscle weakness, and pain) are consistent with Vitamin D deficiency.
- The referral for a Vitamin D level blood test is appropriate for diagnosing Vitamin D deficiency.
- The prescribed treatment (Vitamin D3 50,000 IU once weekly for 8 weeks) is a standard treatment for Vitamin D deficiency.
- The patient's lifestyle factors (low dairy and fortified food intake, limited sunlight exposure) support the diagnosis.

**Condition (c): Plausibility**
- The scenario is plausible. The patient's history, symptoms, and examination findings align with a diagnosis of Vitamin D deficiency.
- The patient's lifestyle (diet low in dairy and fortified foods, rarely goes outside during daylight hours) supports the diagnosis.
- The patient's behavior (highly cooperative, motivated to improve her condition) and the clinical setting (private practice office visit) are realistic.

Since both conditions (b) and (c) are satisfied, the scenario is approved.

DECISION: Go
Decision: Go
Updated conversation memory length: 4
Go
Given that this is the first scenario, we will only check conditions (b) and (c):

**Condition (b): Medically Correct**
- The symptoms described (severe, persistent fatigue for over 6 months, muscle weakness, and pain) are consistent with Vitamin D deficiency.
- The referral for a Vitamin D level blood test is appropriate for diagnosing Vitamin D deficiency.
- The prescribed treatment (Vitamin D3 50,000 IU once weekly for 8 weeks) is a standard treatment for Vitamin D deficiency.
- The patient's lifestyle factors (low dairy and fortified food intake, limited sunlight exposure) support the diagnosis.

**Condition (c): Plausibility**
- The scenario is plausible. The patient's history, symptoms, and examination findings align with a diagnosis of Vitamin D deficiency.
- The patient's lifestyle (diet low in dairy and fortified foods, rarely goes outside during daylight hours) supports the diagnosis.
- The patient's behavior (highly cooperative, motivated to improve her condition) and the clinical setting (private practice office visit) are realistic.

Since both conditions (b) and (c) are satisfied, the scenario is approved.

DECISION: Go
Note number 4 has been generated!
len of scenario_provider_memory is: 0
Latest message: DECISION: Go
Decision: Go
Updated conversation memory length: 1
Go
DECISION: Go
Note number 5 has been generated!
Wed Feb 5 19:03:31 EST 2025: Job 14735555 finished running, exit code: 0
