Disease Description|Scenario|Note|Polished Note|Abbreviated Note|Role|dial|polished_dial
PRESENCE OF (INTRAUTERINE) CONTRACEPTIVE DEVICE|"ROLE: Gynecologist

- **Medical Outcome:**
  - Confirm presence of intrauterine contraceptive device (IUCD).
  - Prescribed treatment: Routine follow-up in 6 months.
  - Referral to further testing: Ultrasound of pelvis to confirm correct placement.
  - Lifestyle change: Recommendations for regular check-ups and monitoring signs of any unusual symptoms.

- **Medical History:**
  - Previous Diagnoses: History of irregular menstrual cycles.
  - Family Medical History: Mother had uterine fibroids.
  - Medication History: Currently on no other medications.
  - Allergies: No known drug allergies.
  - Chronic Conditions: NA.

- **Symptom Description:**
  - Severity: Mild pelvic discomfort.
  - Duration: Started 1 week ago.
  - Associated Symptoms: Mild spotting.
  - Frequency: Discomfort occurs off and on throughout the day.
  - Impact on Daily Activities: Minimal impact, can perform daily activities.

- **Patient’s Self-Reported Habits and Lifestyle:**
  - Sleep: Sleeps 7-8 hours per night.
  - Diet: Balanced diet.
  - Exercise: Regular exercise, 3 times a week.
  - Tobacco Use: Non-smoker.
  - Alcohol Consumption: Occasional social drinking.
  - Drug Use: Denies any illicit drug use.
  - Recreational Activities: Enjoys hiking and yoga.

- **Demographic Information:**
  - Age: 28
  - Gender: Female
  - Ethnicity: Caucasian
  - Socio-economic Status: Middle-class
  - Education Level: College graduate
  - Health Literacy: High
  - Job Status: Full-time marketing manager

- **Patient's Behavior:**
  - Highly cooperative with medical advice and follow-up recommendations.

- **Geographical Location:**
  - Urban area
  - Affluent neighborhood
  - Well-served by transit

- **Clinical Setting:**
  - Specialty Clinics

- **Type of Encounter:**
  - Follow-up visit

- **Treatment Disparities:**
  - NA

- **Native or Non-Native English Speaking Patient:**
  - Native English speaker

- **Physical Exams:**
  - Pelvic Exam: Mild tenderness on palpation, strings of IUCD are palpable.

- **Investigations/Test results:**
  - Awaiting ultrasound result for confirmation of IUCD placement.

"|"#####
**1. Subjective:**

**Chief Complaint (CC):**
Mild pelvic discomfort.

**History of Present Illness (HPI):**
The patient is a 28-year-old Caucasian female presenting for a follow-up visit regarding the presence of her intrauterine contraceptive device (IUCD). She reports experiencing mild pelvic discomfort that started a week ago. The discomfort is described as mild and occurs off and on throughout the day. She also notes mild spotting during this period. Despite these symptoms, she states that there is minimal impact on her daily activities.

**Review of Systems (ROS):**
- Gynecologic: Mild pelvic discomfort, mild spotting.
- General: No fever, no chills.
- Gastrointestinal: No nausea, no vomiting.
- Urinary: No dysuria, no hematuria.

**Patient’s Self-Reported Habits and Lifestyle:**
- Sleep: Sleeps 7-8 hours per night.
- Diet: Balanced diet.
- Exercise: Regular exercise, 3 times a week.
- Tobacco Use: Non-smoker.
- Alcohol Consumption: Occasional social drinking.
- Drug Use: Denies any illicit drug use.
- Recreational Activities: Enjoys hiking and yoga.

**2. Objective:**

**Physical Exam:**
- General: Alert and oriented, in no acute distress.
- Pelvic Exam: Mild tenderness on palpation, strings of IUCD are palpable.
- Abdomen: Soft, non-tender, no organomegaly.

**Investigations/Test Results:**
- Awaiting ultrasound result for confirmation of IUCD placement.

**3. Assessment:**

28-year-old female with a history of irregular menstrual cycles, presenting with mild pelvic discomfort and spotting. Clinical findings suggest the presence of an IUCD with no acute complications identified. Awaiting further confirmation for correct placement via ultrasound.

**4. Plan:**

1. **Ultrasound of pelvis**: To confirm correct placement of the IUCD.
2. **Routine follow-up**: Schedule a follow-up visit in 6 months to monitor for any changes or complications.
3. **Lifestyle recommendations**: Continue with regular check-ups and monitor for any unusual symptoms such as severe pain, heavy bleeding, or signs of infection.
4. **Patient education**: Discussed the importance of regular monitoring and advised on signs to watch for that would necessitate earlier medical evaluation.
5. **Referral**: No additional referrals at this time, pending ultrasound results.

The patient was highly cooperative with medical advice and follow-up recommendations. She is advised to return immediately if she experiences any acute symptoms or has any concerns before the scheduled follow-up.
#####"|"#####
**1. Subjective:**

**Chief Complaint (CC):**
Mild pelvic discomfort.

**History of Present Illness (HPI):**
The patient, named Emily Johnson, is a 28-year-old Caucasian female presenting for a follow-up visit regarding the presence of her intrauterine contraceptive device (IUCD). She reports experiencing mild pelvic discomfort that started a week ago. The discomfort is described as mild and occurs off and on throughout the day. She also notes mild spotting during this period. Despite these symptoms, she states that there is minimal impact on her daily activities.

**Review of Systems (ROS):**
- Gynecologic: Mild pelvic discomfort, mild spotting.
- General: No fever, no chills.
- Gastrointestinal: No nausea, no vomiting.
- Urinary: No dysuria, no hematuria.

**Patient’s Self-Reported Habits and Lifestyle:**
- Sleep: Sleeps 7-8 hours per night.
- Diet: Balanced diet.
- Exercise: Regular exercise, 3 times a week.
- Tobacco Use: Non-smoker.
- Alcohol Consumption: Occasional social drinking.
- Drug Use: Denies any illicit drug use.
- Recreational Activities: Enjoys hiking and yoga.

**2. Objective:**

**Physical Exam:**
- General: Alert and oriented, in no acute distress.
- Pelvic Exam: Mild tenderness on palpation, strings of IUCD are palpable.
- Abdomen: Soft, non-tender, no organomegaly.

**Investigations/Test Results:**
- Awaiting ultrasound result for confirmation of IUCD placement.

**3. Assessment:**

28-year-old female with a history of irregular menstrual cycles, presenting with mild pelvic discomfort and spotting. Clinical findings suggest the presence of an IUCD with no acute complications identified. Awaiting further confirmation for correct placement via ultrasound.

**4. Plan:**

1. **Ultrasound of pelvis**: To confirm correct placement of the IUCD.
2. **Routine follow-up**: Schedule a follow-up visit in 6 months to monitor for any changes or complications.
3. **Lifestyle recommendations**: Continue with regular check-ups and monitor for any unusual symptoms such as severe pain, heavy bleeding, or signs of infection.
4. **Patient education**: Discussed the importance of regular monitoring and advised on signs to watch for that would necessitate earlier medical evaluation.
5. **Referral**: No additional referrals at this time, pending ultrasound results.

The patient was highly cooperative with medical advice and follow-up recommendations. She is advised to return immediately if she experiences any acute symptoms or has any concerns before the scheduled follow-up.
#####"|"#####
**1. Subjective:**

**CC:**
Mild pelvic discomfort.

**HPI:**
The pt, Emily Johnson, a 28 y/o Caucasian F, presents for a f/u visit regarding her IUCD. She reports mild pelvic discomfort that started a week ago, described as mild and intermittent throughout the day. She also notes mild spotting during this period. Despite these sx, she states minimal impact on her ADLs.

**ROS:**
- Gyn: Mild pelvic discomfort, mild spotting.
- Gen: No fever, no chills.
- GI: No N/V.
- GU: No dysuria, no hematuria.

**Pt’s Self-Reported Habits and Lifestyle:**
- Sleep: Sleeps 7-8 hrs/night.
- Diet: Balanced.
- Exercise: Regular, 3x/week.
- Tobacco: Non-smoker.
- ETOH: Occasional social drinking.
- Drug Use: Denies illicit drug use.
- Rec Activities: Enjoys hiking and yoga.

**2. Objective:**

**PE:**
- Gen: Alert and oriented, NAD.
- Pelvic: Mild tenderness on palpation, IUCD strings palpable.
- Abd: Soft, non-tender, no organomegaly.

**Investigations/Test Results:**
- Awaiting U/S result for confirmation of IUCD placement.

**3. Assessment:**

28 y/o F with hx of irregular menstrual cycles, presenting with mild pelvic discomfort and spotting. Clinical findings suggest presence of IUCD with no acute complications identified. Awaiting further confirmation for correct placement via U/S.

**4. Plan:**

1. **U/S pelvis**: To confirm correct placement of IUCD.
2. **Routine f/u**: Schedule f/u visit in 6 months to monitor for any changes or complications.
3. **Lifestyle recs**: Continue with regular check-ups and monitor for any unusual sx such as severe pain, heavy bleeding, or signs of infection.
4. **Pt education**: Discussed importance of regular monitoring and advised on signs to watch for that would necessitate earlier medical eval.
5. **Referral**: No additional referrals at this time, pending U/S results.

The pt was highly cooperative with medical advice and f/u recommendations. She is advised to return immediately if she experiences any acute sx or has any concerns before the scheduled f/u.
#####"|Gynecologist|"**Doctor:** Hi there! How are you doing today?

**Patient:** Hi, I'm doing okay, thank you. I’m here for a follow-up on my IUCD.

**Doctor:** Great. So, I see you're experiencing some mild pelvic discomfort. Can you tell me more about that?

**Patient:** Yes, it started about a week ago. It's mild and comes and goes throughout the day.

**Doctor:** Hmm, okay. Have you noticed any other symptoms along with the discomfort?

**Patient:** I’ve had some mild spotting during this period as well.

**Doctor:** Got it. Has this discomfort or spotting impacted your daily activities in any way?

**Patient:** Not really. It’s there, but it hasn’t stopped me from doing anything.

**Doctor:** Alright. Let’s go over a few more things. Have you had any fever or chills?

**Patient:** No, nothing like that.

**Doctor:** Any nausea or vomiting?

**Patient:** No, I haven’t had any of that either.

**Doctor:** How about any issues with urination like pain or blood in your urine?

**Patient:** No, no problems there.

**Doctor:** Great. Now, let’s talk about your lifestyle a bit. How are you sleeping?

**Patient:** I usually get about 7 to 8 hours of sleep per night.

**Doctor:** That’s good. How’s your diet?

**Patient:** I try to maintain a balanced diet.

**Doctor:** Excellent. Do you exercise regularly?

**Patient:** Yes, I exercise about three times a week.

**Doctor:** That’s fantastic. Do you smoke or use any tobacco products?

**Patient:** No, I’m a non-smoker.

**Doctor:** How about alcohol? Do you drink?

**Patient:** I drink occasionally, but only socially.

**Doctor:** Any illicit drug use?

**Patient:** No, I don't use any drugs.

**Doctor:** And what do you do for fun? Any recreational activities?

**Patient:** I enjoy hiking and yoga.

**Doctor:** Wonderful. Now, let’s move on to the physical exam. You’re alert and oriented, and in no acute distress, which is good. I did a pelvic exam earlier, and there was mild tenderness on palpation, but the strings of your IUCD are palpable, which is a good sign.

**Patient:** Okay, that’s reassuring.

**Doctor:** Your abdomen is soft and non-tender, with no organomegaly. That's all good. We’re currently awaiting the ultrasound result to confirm the correct placement of your IUCD.

**Patient:** Got it. What happens next?

**Doctor:** Well, based on what we’ve discussed and examined, it seems like there are no acute complications. We’ll wait for the ultrasound to confirm everything.

**Patient:** Sounds good.

**Doctor:** In the meantime, we’ll schedule a routine follow-up visit in six months to monitor for any changes or complications.

**Patient:** That works for me.

**Doctor:** Continue with your regular check-ups and be vigilant about any unusual symptoms, such as severe pain, heavy bleeding, or signs of infection.

**Patient:** Okay, I will.

**Doctor:** It’s important to monitor your symptoms regularly. If you experience any acute symptoms or have any concerns before the scheduled follow-up, please come in immediately.

**Patient:** I’ll make sure to do that.

**Doctor:** We’ll discuss the importance of regular monitoring and signs to watch for that would necessitate earlier medical evaluation.

**Patient:** Thank you, I appreciate that.

**Doctor:** No problem. We’re not making any additional referrals at this time, pending the ultrasound results.

**Patient:** Alright, that makes sense.

**Doctor:** You’ve been very cooperative, and it’s important to keep up with the advice and follow-up recommendations.

**Patient:** I will. Thank you so much.

**Doctor:** You’re welcome. Take care and don’t hesitate to reach out if you need anything before our next visit.

**Patient:** I will. Thanks again!"|"**Doctor:** Hi there! How are you doing today?

**Patient:** Hi, I'm doing okay, thank you. I’m here for a follow-up on my IUCD.

**Doctor:** Great. So, I see you're experiencing some mild pelvic discomfort. Can you tell me more about that?

**Patient:** Yes, it started about a week ago. It's mild and comes and goes throughout the day.

**Doctor:** Hmm, okay. Have you noticed any other symptoms along with the discomfort?

**Patient:** I’ve had some mild spotting during this period as well.

**Doctor:** Got it. Has this discomfort or spotting impacted your daily activities in any way?

**Patient:** Not really. It’s there, but it hasn’t stopped me from doing anything.

**Doctor:** Alright. Let’s go over a few more things. Have you had any fever or chills?

**Patient:** No, nothing like that.

**Doctor:** Any nausea or vomiting?

**Patient:** No, I haven’t had any of that either.

**Doctor:** How about any issues with urination like pain or blood in your urine?

**Patient:** No, no problems there.

**Doctor:** Great. Now, let’s talk about your lifestyle a bit. How are you sleeping?

**Patient:** I usually get about 7 to 8 hours of sleep per night.

**Doctor:** That’s good. How’s your diet?

**Patient:** I try to maintain a balanced diet.

**Doctor:** Excellent. Do you exercise regularly?

**Patient:** Yes, I exercise about three times a week.

**Doctor:** That’s fantastic. Do you smoke or use any tobacco products?

**Patient:** No, I’m a non-smoker.

**Doctor:** How about alcohol? Do you drink?

**Patient:** I drink occasionally, but only socially.

**Doctor:** Any illicit drug use?

**Patient:** No, I don't use any drugs.

**Doctor:** And what do you do for fun? Any recreational activities?

**Patient:** I enjoy hiking and yoga.

**Doctor:** Wonderful. Now, let’s move on to the physical exam. You’re alert and oriented, and in no acute distress, which is good. I did a pelvic exam earlier, and there was mild tenderness on palpation, but the strings of your IUCD are palpable, which is a good sign.

**Patient:** Okay, that’s reassuring.

**Doctor:** Your abdomen is soft and non-tender, with no organomegaly. That's all good. We’re currently awaiting the ultrasound result to confirm the correct placement of your IUCD.

**Patient:** Got it. What happens next?

**Doctor:** Well, based on what we’ve discussed and examined, it seems like there are no acute complications. We’ll wait for the ultrasound to confirm everything.

**Patient:** Sounds good.

**Doctor:** In the meantime, we’ll schedule a routine follow-up visit in six months to monitor for any changes or complications.

**Patient:** That works for me.

**Doctor:** Continue with your regular check-ups and be vigilant about any unusual symptoms, such as severe pain, heavy bleeding, or signs of infection.

**Patient:** Okay, I will.

**Doctor:** It’s important to monitor your symptoms regularly. If you experience any acute symptoms or have any concerns before the scheduled follow-up, please come in immediately.

**Patient:** I’ll make sure to do that.

**Doctor:** We’ll discuss the importance of regular monitoring and signs to watch for that would necessitate earlier medical evaluation.

**Patient:** Thank you, I appreciate that.

**Doctor:** No problem. We’re not making any additional referrals at this time, pending the ultrasound results.

**Patient:** Alright, that makes sense.

**Doctor:** You’ve been very cooperative, and it’s important to keep up with the advice and follow-up recommendations.

**Patient:** I will. Thank you so much.

**Doctor:** You’re welcome. Take care and don’t hesitate to reach out if you need anything before our next visit.

**Patient:** I will. Thanks again!"
PRESENCE OF (INTRAUTERINE) CONTRACEPTIVE DEVICE|"ROLE: Gynecologist
    
    ** 1) Medical Outcome: 
    - Follow-up recommendations: Regular IUD check-up in 3 months.
    - Referral: Ultrasound Imaging for IUD positioning and to rule out any complications.
    
    ** 2) Medical History: 
    - Previous Diagnoses: Polycystic Ovary Syndrome (PCOS).
    - Family Medical History: Mother with diabetes; father with heart disease.
    - Medication History: Previously on oral contraceptives.
    - Allergies: Penicillin.
    - Chronic Conditions: Asthma.
    
    ** 3) Symptom Description: 
    - Severity: Moderate cramping.
    - Duration: 3 weeks.
    - Associated Symptoms: Heavy menstrual bleeding, occasional nausea.
    - Frequency: Cramping and bleeding have been off and on.
    - Impact on Daily Activities: Causing discomfort, affecting work and social activities.
    
    ** 4) Patient’s self-reported habits and lifestyle: 
    - Sleep: Irregular, 5-6 hours per night.
    - Diet: Vegetarian diet, lacking adequate iron.
    - Exercise: Light, once a week.
    - Tobacco Use: Occasional smoker, 1-2 cigarettes per week.
    - Alcohol Consumption: Moderate, weekends only.
    - Drug Use: None.
    - Recreational Activities: Enjoys reading and gardening.
    
    ** 5) Demographic Information: 
    - Age: 26
    - Gender: Female
    - Ethnicity: Hispanic
    - Socio-economic Status: Low-income
    - Education Level: High school graduate
    - Health Literacy: Moderate
    - Job Status: Part-time retail worker
    
    ** 6) Patient's Behavior: Generally cooperative but has some concerns about the IUD.
    
    ** 7) Geographical Location: 
    - Big City vs Small City: Small City
    - Rural vs Urban: Rural
    - Neighborhood Type: Limited access to healthcare services, food desert.
    
    ** 8) Clinical Setting: 
    - Community Health Center
    
    ** 9) Type of Encounter: 
    - Follow-up for issues related to newly placed intrauterine device.
    
    ** 10) Treatment Disparities: Patient expresses concern about the cost of follow-up imaging.
    
    ** 11) Native or Non-Native English Speaking Patient: 
    - Non-Native English Speaking Patient
    
    ** 12) Physical exams:
    - Pelvic Exam: Moderate cervical tenderness, noted slight abnormal discharge.
    
    ** 13) Investigation/Test results:
    - Ultrasound Imaging: Order for Abdominal and Transvaginal Ultrasound to check IUD positioning and rule out other complications. 
    - Results: Awaiting."|"#####
**1. Subjective:** 

**Chief Complaint (CC):** 
Moderate cramping, heavy menstrual bleeding.

**History of Present Illness (HPI):** 
The patient, a 26-year-old Hispanic female, presents for a follow-up regarding her newly placed intrauterine device (IUD). She has been experiencing moderate cramping and heavy menstrual bleeding for the past 3 weeks. She also reports occasional nausea. These symptoms have been intermittent and are significantly affecting her daily activities, including work and social interactions.

**Review of Systems (ROS):** 
- Gynecological: Reports moderate cramping, heavy menstrual bleeding, and occasional nausea. 
- General: Sleep is irregular, 5-6 hours per night.
- Gastrointestinal: Denies changes in bowel habits. 
- Respiratory: History of asthma; no recent exacerbations.
- Others: No recent fever or chills.

**Social History:**
- Diet: Vegetarian, lacking adequate iron.
- Exercise: Light exercise once a week.
- Tobacco Use: Occasional smoker, 1-2 cigarettes per week.
- Alcohol Consumption: Moderate, weekends only.
- Recreational Activities: Enjoys reading and gardening.
- Socio-economic Status: Low-income.
- Education: High school graduate.
- Job Status: Part-time retail worker.

**2. Objective:**

**Vitals:**
- Blood pressure: 118/76 mmHg
- Heart rate: 72 bpm
- Respirations: 16 per minute

**Physical Exam:**

**Pelvic Exam:**
- Cervical: Moderate tenderness, slight abnormal discharge noted.
- Uterus: No obvious enlargement or masses palpated.

**3. Assessment:**

**Primary Diagnosis:**
- Complications related to newly placed IUD.
  - Medical Reasoning: The patient's symptoms of moderate cramping, heavy menstrual bleeding, and occasional nausea may indicate a malpositioned IUD or a reaction to the device. Awaiting ultrasound results for confirmation.

**Differential Diagnosis:**
1. IUD displacement or malposition.
2. Possible infection related to IUD insertion.
3. Exacerbation of Polycystic Ovary Syndrome (PCOS) symptoms.

**4. Plan:**

**Diagnostic:**
- Ultrasound Imaging: Order for Abdominal and Transvaginal Ultrasound to check IUD positioning and rule out complications. Awaiting results.

**Treatment:**
- Pain Management: Advise the use of NSAIDs for pain relief as needed.
- Iron Supplementation: Recommend iron supplements to address potential anemia due to heavy menstrual bleeding.
- Medication: Continue monitoring asthma; refill inhaler if needed.

**Follow-Up:**
- Regular IUD check-up in 3 months or sooner if symptoms worsen.
- Referral: Ultrasound Imaging to confirm IUD positioning and rule out any complications.

**Patient Education and Counseling:**
- Discussed the importance of adequate iron intake given her vegetarian diet and heavy bleeding.
- Provided smoking cessation resources due to her occasional tobacco use.
- Discussed the need to improve sleep hygiene for better overall health.
- Addressed her concerns regarding the cost of follow-up imaging and will explore possible avenues for financial assistance.
- Encouraged the patient to seek immediate care if symptoms worsen or new symptoms develop.

**Patient Agreements:**
The patient understands and agrees with the recommended medical treatment plan and follow-up. She expresses concern about the cost of the imaging but is willing to proceed with the necessary investigations.
#####"|"#####
**1. Subjective:** 

**Chief Complaint (CC):** 
Moderate cramping, heavy menstrual bleeding.

**History of Present Illness (HPI):** 
The patient, a 26-year-old Hispanic female named Maria Gonzalez, presents for a follow-up regarding her newly placed intrauterine device (IUD). She has been experiencing moderate cramping and heavy menstrual bleeding for the past 3 weeks. She also reports occasional nausea. These symptoms have been intermittent and are significantly affecting her daily activities, including work and social interactions.

**Review of Systems (ROS):** 
- Gynecological: Reports moderate cramping, heavy menstrual bleeding, and occasional nausea. 
- General: Sleep is irregular, 5-6 hours per night.
- Gastrointestinal: Denies changes in bowel habits. 
- Respiratory: History of asthma; no recent exacerbations.
- Others: No recent fever or chills.

**Social History:**
- Diet: Vegetarian, lacking adequate iron.
- Exercise: Light exercise once a week.
- Tobacco Use: Occasional smoker, 1-2 cigarettes per week.
- Alcohol Consumption: Moderate, weekends only.
- Recreational Activities: Enjoys reading and gardening.
- Socio-economic Status: Low-income.
- Education: High school graduate.
- Job Status: Part-time retail worker.

**2. Objective:**

**Vitals:**
- Blood pressure: 118/76 mmHg
- Heart rate: 72 bpm
- Respirations: 16 per minute

**Physical Exam:**

**Pelvic Exam:**
- Cervical: Moderate tenderness, slight abnormal discharge noted.
- Uterus: No obvious enlargement or masses palpated.

**3. Assessment:**

**Primary Diagnosis:**
- Complications related to newly placed IUD.
  - Medical Reasoning: The patient's symptoms of moderate cramping, heavy menstrual bleeding, and occasional nausea may indicate a malpositioned IUD or a reaction to the device. Awaiting ultrasound results for confirmation.

**Differential Diagnosis:**
1. IUD displacement or malposition.
2. Possible infection related to IUD insertion.
3. Exacerbation of Polycystic Ovary Syndrome (PCOS) symptoms.

**4. Plan:**

**Diagnostic:**
- Ultrasound Imaging: Order for Abdominal and Transvaginal Ultrasound to check IUD positioning and rule out complications. Awaiting results.

**Treatment:**
- Pain Management: Advise the use of NSAIDs for pain relief as needed.
- Iron Supplementation: Recommend iron supplements to address potential anemia due to heavy menstrual bleeding.
- Medication: Continue monitoring asthma; refill inhaler if needed.

**Follow-Up:**
- Regular IUD check-up in 3 months or sooner if symptoms worsen.
- Referral: Refer to Dr. Emily Carter, a gynecologist, for further evaluation and management of IUD-related complications.

**Patient Education and Counseling:**
- Discussed the importance of adequate iron intake given her vegetarian diet and heavy bleeding.
- Provided smoking cessation resources due to her occasional tobacco use.
- Discussed the need to improve sleep hygiene for better overall health.
- Addressed her concerns regarding the cost of follow-up imaging and will explore possible avenues for financial assistance.
- Encouraged the patient to seek immediate care if symptoms worsen or new symptoms develop.

**Patient Agreements:**
The patient understands and agrees with the recommended medical treatment plan and follow-up. She expresses concern about the cost of the imaging but is willing to proceed with the necessary investigations.
#####"|"#####
**1. Subjective:** 

**CC:** 
Moderate cramping, heavy menstrual bleeding.

**HPI:** 
The pt, a 26 y/o Hispanic F named Maria Gonzalez, presents for f/u regarding her newly placed IUD. She has been experiencing moderate cramping and heavy menstrual bleeding for the past 3 wks. She also reports occasional nausea. These sx have been intermittent and are significantly affecting her ADLs, including work and social interactions.

**ROS:** 
- GYN: Reports moderate cramping, heavy menstrual bleeding, and occasional nausea. 
- Gen: Sleep is irregular, 5-6 hrs per night.
- GI: Denies changes in bowel habits. 
- Resp: Hx of asthma; no recent exacerbations.
- Others: No recent fever or chills.

**Social Hx:**
- Diet: Vegetarian, lacking adequate iron.
- Exercise: Light exercise once a wk.
- Tobacco Use: Occasional smoker, 1-2 cigarettes per wk.
- Alcohol Consumption: Moderate, wknds only.
- Recreational Activities: Enjoys reading and gardening.
- Socio-economic Status: Low-income.
- Education: HS graduate.
- Job Status: PT retail worker.

**2. Objective:**

**Vitals:**
- BP: 118/76 mmHg
- HR: 72 bpm
- RR: 16 per min

**Physical Exam:**

**Pelvic Exam:**
- Cervical: Moderate tenderness, slight abnormal discharge noted.
- Uterus: No obvious enlargement or masses palpated.

**3. Assessment:**

**Primary Dx:**
- Complications related to newly placed IUD.
  - Medical Reasoning: The pt's sx of moderate cramping, heavy menstrual bleeding, and occasional nausea may indicate a malpositioned IUD or a reaction to the device. Awaiting US results for confirmation.

**Differential Dx:**
1. IUD displacement or malposition.
2. Possible infection related to IUD insertion.
3. Exacerbation of PCOS sx.

**4. Plan:**

**Diagnostic:**
- US Imaging: Order for Abdominal and Transvaginal US to check IUD positioning and r/o complications. Awaiting results.

**Treatment:**
- Pain Mgmt: Advise the use of NSAIDs for pain relief PRN.
- Iron Supplementation: Recommend iron supplements to address potential anemia due to heavy menstrual bleeding.
- Meds: Continue monitoring asthma; refill inhaler if needed.

**Follow-Up:**
- Regular IUD check-up in 3 mos or sooner if sx worsen.
- Referral: Refer to Dr. Emily Carter, a GYN, for further eval and mgmt of IUD-related complications.

**Patient Education and Counseling:**
- Discussed the importance of adequate iron intake given her vegetarian diet and heavy bleeding.
- Provided smoking cessation resources due to her occasional tobacco use.
- Discussed the need to improve sleep hygiene for better overall health.
- Addressed her concerns regarding the cost of f/u imaging and will explore possible avenues for financial assistance.
- Encouraged the pt to seek immediate care if sx worsen or new sx develop.

**Patient Agreements:**
The pt understands and agrees with the recommended medical tx plan and f/u. She expresses concern about the cost of the imaging but is willing to proceed with the necessary investigations.
#####"|Gynecologist|"```
[doctor] Hi there, how are you feeling today?
[patient] Hi, I'm okay, I guess.
[doctor] So, I see you're here for a follow-up regarding your newly placed intrauterine device. Can you tell me more about how you've been feeling?
[patient] Yeah, I've been having really bad cramping and my periods have been super heavy for the past three weeks. It's been really tough.
[doctor] I'm sorry to hear that. How would you describe the cramping? Is it constant or does it come and go?
[patient] It's mostly intermittent but pretty moderate when it does happen. Sometimes it’s really bad.
[doctor] And this heavy menstrual bleeding, how heavy are we talking?
[patient] It's a lot more than usual. I have to change my pads every hour or two.
[doctor] That sounds quite severe. Have you noticed any other symptoms during this time?
[patient] I’ve had some occasional nausea too.
[doctor] Hmm, okay. How has this been affecting your daily life?
[patient] It's been really hard. I can barely focus at work and I've had to cancel plans with friends.
[doctor] That sounds really challenging. How is your sleep? Are you able to get enough rest?
[patient] Not really. I only sleep about 5-6 hours a night.
[doctor] That's not a lot of sleep. And how about your diet? Are you eating well?
[patient] I'm a vegetarian, but I think I might not be getting enough iron.
[doctor] I see. And what about exercise? Are you able to stay active?
[patient] I do some light exercise once a week.
[doctor] Okay. Do you smoke or drink?
[patient] I smoke occasionally, like 1-2 cigarettes a week, and I drink moderately, mostly on weekends.
[doctor] Thanks for sharing that. And any changes in your bowel habits?
[patient] No, nothing different there.
[doctor] How about your asthma? Any recent exacerbations?
[patient] No, my asthma has been fine.
[doctor] Alright, well, let's take a look at your vitals. Your blood pressure is 118/76 mmHg, heart rate is 72 bpm, and respirations are 16 per minute. Those are all within normal limits.
[patient] Okay, that sounds good.
[doctor] Now, during the pelvic exam, I noticed some moderate tenderness and a slight abnormal discharge from the cervix. The uterus felt normal, no obvious enlargement or masses.
[patient] What does that mean?
[doctor] It could be related to the IUD. We need to confirm its position and rule out any complications. We have ordered an abdominal and transvaginal ultrasound for that.
[patient] Okay, I understand.
[doctor] In the meantime, for the pain, I recommend using NSAIDs as needed. And considering your heavy bleeding, I think you should start taking iron supplements.
[patient] Alright, I can do that.
[doctor] Also, continue monitoring your asthma. Do you need a refill for your inhaler?
[patient] Yes, I think I might be running low.
[doctor] I’ll make sure we get that refilled for you. We’ll also have a regular IUD check-up in 3 months or sooner if your symptoms worsen.
[patient] Sounds good.
[doctor] We discussed the importance of iron intake given your vegetarian diet and heavy bleeding. Also, I have some smoking cessation resources for you since you mentioned you smoke occasionally.
[patient] I’ve been meaning to quit. That would be helpful.
[doctor] Great. Improving your sleep hygiene is also important for your overall health. Try to aim for 7-8 hours of sleep if possible.
[patient] I’ll try to work on that.
[doctor] Lastly, I know you're concerned about the cost of the ultrasound imaging. We can explore possible avenues for financial assistance.
[patient] Thank you, that’s been a big worry for me.
[doctor] I understand. Make sure to seek immediate care if your symptoms worsen or if new symptoms develop.
[patient] I will. Thank you.
[doctor] Alright, do you have any other questions or concerns?
[patient] No, I think that covers it.
[doctor] Excellent. Thank you for coming in today. We'll get you set up with the ultrasound and follow up as planned.
[patient] Thank you, doctor.
```"|"[doctor]: Hi there, how are you feeling today?

[patient]: Hi, I'm okay, I guess.

[doctor]: So, I see you're here for a follow-up regarding your newly placed intrauterine device. Can you tell me more about how you've been feeling?

[patient]: Yeah, I've been having really bad cramping and my periods have been super heavy for the past three weeks. It's been really tough.

[doctor]: I'm sorry to hear that. How would you describe the cramping? Is it constant or does it come and go?

[patient]: It's mostly intermittent but pretty moderate when it does happen. Sometimes it’s really bad.

[doctor]: And this heavy menstrual bleeding, how heavy are we talking?

[patient]: It's a lot more than usual. I have to change my pads every hour or two.

[doctor]: That sounds quite severe. Have you noticed any other symptoms during this time?

[patient]: I’ve had some occasional nausea too.

[doctor]: Hmm, okay. How has this been affecting your daily life?

[patient]: It's been really hard. I can barely focus at work and I've had to cancel plans with friends.

[doctor]: That sounds really challenging. How is your sleep? Are you able to get enough rest?

[patient]: Not really. I only sleep about 5-6 hours a night.

[doctor]: That's not a lot of sleep. And how about your diet? Are you eating well?

[patient]: I'm a vegetarian, but I think I might not be getting enough iron.

[doctor]: I see. And what about exercise? Are you able to stay active?

[patient]: I do some light exercise once a week.

[doctor]: Okay. Do you smoke or drink?

[patient]: I smoke occasionally, like 1-2 cigarettes a week, and I drink moderately, mostly on weekends.

[doctor]: Thanks for sharing that. And any changes in your bowel habits?

[patient]: No, nothing different there.

[doctor]: How about your asthma? Any recent exacerbations?

[patient]: No, my asthma has been fine.

[doctor]: Alright, well, let's take a look at your vitals. Your blood pressure is 118/76 mmHg, heart rate is 72 bpm, and respirations are 16 per minute. Those are all within normal limits.

[patient]: Okay, that sounds good.

[doctor]: Now, during the pelvic exam, I noticed some moderate tenderness and a slight abnormal discharge from the cervix. The uterus felt normal, no obvious enlargement or masses.

[patient]: What does that mean?

[doctor]: It could be related to the IUD. We need to confirm its position and rule out any complications. We have ordered an abdominal and transvaginal ultrasound for that.

[patient]: Okay, I understand.

[doctor]: In the meantime, for the pain, I recommend using NSAIDs as needed. And considering your heavy bleeding, I think you should start taking iron supplements.

[patient]: Alright, I can do that.

[doctor]: Also, continue monitoring your asthma. Do you need a refill for your inhaler?

[patient]: Yes, I think I might be running low.

[doctor]: I’ll make sure we get that refilled for you. We’ll also have a regular IUD check-up in 3 months or sooner if your symptoms worsen.

[patient]: Sounds good.

[doctor]: We discussed the importance of iron intake given your vegetarian diet and heavy bleeding. Also, I have some smoking cessation resources for you since you mentioned you smoke occasionally.

[patient]: I’ve been meaning to quit. That would be helpful.

[doctor]: Great. Improving your sleep hygiene is also important for your overall health. Try to aim for 7-8 hours of sleep if possible.

[patient]: I’ll try to work on that.

[doctor]: Lastly, I know you're concerned about the cost of the ultrasound imaging. We can explore possible avenues for financial assistance.

[patient]: Thank you, that’s been a big worry for me.

[doctor]: I understand. Make sure to seek immediate care if your symptoms worsen or if new symptoms develop.

[patient]: I will. Thank you.

[doctor]: Alright, do you have any other questions or concerns?

[patient]: No, I think that covers it.

[doctor]: Excellent. Thank you for coming in today. We'll get you set up with the ultrasound and follow up as planned.

[patient]: Thank you, doctor."
PRESENCE OF (INTRAUTERINE) CONTRACEPTIVE DEVICE|"ROLE: Obstetrician-Gynecologist (OB-GYN)

**Clinical Setting:** Telemedicine

**Type of Encounter:** Follow-up

**Medical Outcome:**
- Confirmed presence of intrauterine contraceptive device (IUD).
- Reassurance provided, no new medications prescribed.
- Referral for a physical exam at a local clinic to further evaluate symptoms.

**Medical History:**
- Previous Diagnoses: Hypothyroidism.
- Family Medical History: Mother has osteoporosis.
- Medication History: Levothyroxine 75 mcg daily.
- Allergies: None.
- Chronic Conditions: Hypothyroidism.

**Symptom Description:**
- Severity: Mild pelvic discomfort.
- Duration: 6 months.
- Associated Symptoms: Occasional bloating.
- Frequency: Happens sporadically, approximately 1-2 times a week.
- Impact on Daily Activities: Minor inconvenience, continues daily routines without major interruptions.

**Patient’s self-reported habits and lifestyle:**
- Sleep: Averages 7 hours per night, occasionally disrupted by discomfort.
- Diet: Follows a Mediterranean diet, includes plenty of fruits, vegetables, and lean proteins.
- Exercise: Regular low-impact exercise like swimming 3 times a week.
- Tobacco Use: Former smoker, quit 5 years ago.
- Alcohol Consumption: Moderate, enjoys a glass of wine with dinner a few times a week.
- Drug Use: None.
- Recreational Activities: Enjoys gardening and playing with her dog.

**Demographic Information:**
- Age: 55
- Gender: Female
- Ethnicity: Asian
- Socio-economic Status: Upper-middle class.
- Education Level: Master's degree.
- Health Literacy: High
- Job Status: Retired, previously a nurse.

**Patient's Behavior:**
- The patient is highly knowledgeable about her health and cooperative with medical advice.

**Geographical Location:**
- Suburban area
- Low pollution with good access to healthcare services.

**Physical exams:**
- NA (Telemedicine setting)

**Investigation/Test results:**
- Blood work done previously: Normal thyroid function tests. Last pelvic ultrasound (6 months ago) showed correctly positioned IUD."|"**1. Subjective:**

    **Chief Complaint (CC):**
    Mild pelvic discomfort.

    **History of Present Illness (HPI):**
    The patient is a 55-year-old female presenting via telemedicine for a follow-up regarding confirmed presence of an intrauterine contraceptive device (IUD). She reports experiencing mild pelvic discomfort for the past 6 months, occurring sporadically about 1-2 times a week. The discomfort occasionally disrupts her sleep but does not significantly impact her daily activities. She also notes occasional bloating but denies any other associated symptoms.

    **Review of Systems (ROS):**
    - **General:** No weight loss, fever, or fatigue.
    - **Gastrointestinal:** Occasional bloating.
    - **Genitourinary:** Mild pelvic discomfort, no abnormal discharge or bleeding.
    - **Musculoskeletal:** No joint pain or muscle weakness.
    - **Endocrine:** History of hypothyroidism, well-managed with levothyroxine.

**2. Objective:**
- **Medications:** Levothyroxine 75 mcg daily.
- **Allergies:** None.
- **Chronic Conditions:** Hypothyroidism.
- **Family History:** Mother has osteoporosis.
- **Physical Exam:** Not applicable (Telemedicine setting).
- **Previous Investigation/Test Results:** Normal thyroid function tests. Pelvic ultrasound (6 months ago) showed correctly positioned IUD.

**3. Assessment:**
The patient's mild pelvic discomfort is likely related to the presence of her correctly positioned IUD. Given the duration and sporadic nature of the symptoms, a physical exam is recommended to further evaluate the cause. Continued management of hypothyroidism appears to be effective, with normal thyroid function tests.

**4. Plan:**
1. **Reassurance:** The patient was reassured about the confirmed presence and correct positioning of the IUD.
2. **Referral:** The patient was referred to a local clinic for a physical exam to further evaluate the pelvic discomfort.
3. **Lifestyle and Diet:** Continue following a Mediterranean diet and regular low-impact exercise.
4. **Follow-Up:** Schedule a follow-up appointment after the physical exam or sooner if symptoms worsen or new symptoms develop.
5. **Patient Education:** Discuss the possible causes of pelvic discomfort related to IUD and other possible factors. Reinforced the importance of regular follow-up and adherence to current medication regimen for hypothyroidism."|"**1. Subjective:**

**Chief Complaint (CC):**
Mild pelvic discomfort.

**History of Present Illness (HPI):**
The patient, named Sarah Thompson, is a 55-year-old female presenting via telemedicine for a follow-up regarding confirmed presence of an intrauterine contraceptive device (IUD). She reports experiencing mild pelvic discomfort for the past 6 months, occurring sporadically about 1-2 times a week. The discomfort occasionally disrupts her sleep but does not significantly impact her daily activities. She also notes occasional bloating but denies any other associated symptoms.

**Review of Systems (ROS):**
- **General:** No weight loss, fever, or fatigue.
- **Gastrointestinal:** Occasional bloating.
- **Genitourinary:** Mild pelvic discomfort, no abnormal discharge or bleeding.
- **Musculoskeletal:** No joint pain or muscle weakness.
- **Endocrine:** History of hypothyroidism, well-managed with levothyroxine.

**2. Objective:**
- **Medications:** Levothyroxine 75 mcg daily.
- **Allergies:** None.
- **Chronic Conditions:** Hypothyroidism.
- **Family History:** Mother has osteoporosis.
- **Physical Exam:** Not applicable (Telemedicine setting).
- **Previous Investigation/Test Results:** Normal thyroid function tests. Pelvic ultrasound (6 months ago) showed correctly positioned IUD.

**3. Assessment:**
The patient's mild pelvic discomfort is likely related to the presence of her correctly positioned IUD. Given the duration and sporadic nature of the symptoms, a physical exam is recommended to further evaluate the cause. Continued management of hypothyroidism appears to be effective, with normal thyroid function tests.

**4. Plan:**
1. **Reassurance:** The patient was reassured about the confirmed presence and correct positioning of the IUD.
2. **Referral:** The patient was referred to Dr. Emily Carter, a gynecologist, at a local clinic for a physical exam to further evaluate the pelvic discomfort.
3. **Lifestyle and Diet:** Continue following a Mediterranean diet and regular low-impact exercise.
4. **Follow-Up:** Schedule a follow-up appointment after the physical exam or sooner if symptoms worsen or new symptoms develop.
5. **Patient Education:** Discuss the possible causes of pelvic discomfort related to IUD and other possible factors. Reinforced the importance of regular follow-up and adherence to current medication regimen for hypothyroidism."|"**1. Subjective:**

**CC:**
Mild pelvic discomfort.

**HPI:**
The pt, Sarah Thompson, is a 55 y/o F presenting via telemed for f/u regarding confirmed presence of an IUD. She reports experiencing mild pelvic discomfort for the past 6 mos, occurring sporadically about 1-2x/wk. The discomfort occasionally disrupts her sleep but does not significantly impact her ADLs. She also notes occasional bloating but denies any other associated sx.

**ROS:**
- **General:** No wt loss, fever, or fatigue.
- **GI:** Occasional bloating.
- **GU:** Mild pelvic discomfort, no abnl discharge or bleeding.
- **MSK:** No joint pain or muscle weakness.
- **Endo:** Hx of hypothyroidism, well-managed with levothyroxine.

**2. Objective:**
- **Meds:** Levothyroxine 75 mcg daily.
- **Allergies:** None.
- **Chronic Conditions:** Hypothyroidism.
- **FHx:** Mother has osteoporosis.
- **PE:** Not applicable (Telemed setting).
- **Previous Investigation/Test Results:** Normal TFTs. Pelvic US (6 mos ago) showed correctly positioned IUD.

**3. Assessment:**
The pt's mild pelvic discomfort is likely related to the presence of her correctly positioned IUD. Given the duration and sporadic nature of the sx, a PE is recommended to further evaluate the cause. Continued mgmt of hypothyroidism appears to be effective, with normal TFTs.

**4. Plan:**
1. **Reassurance:** The pt was reassured about the confirmed presence and correct positioning of the IUD.
2. **Referral:** The pt was referred to Dr. Emily Carter, a GYN, at a local clinic for a PE to further evaluate the pelvic discomfort.
3. **Lifestyle and Diet:** Continue following a Mediterranean diet and regular low-impact exercise.
4. **F/U:** Schedule a f/u appt after the PE or sooner if sx worsen or new sx develop.
5. **Pt Education:** Discuss the possible causes of pelvic discomfort related to IUD and other possible factors. Reinforced the importance of regular f/u and adherence to current med regimen for hypothyroidism."|Obstetrician-Gynecologist (OB-GYN)|"**Doctor:** Hi there, how are you doing today?

**Patient:** Hi, I'm doing okay, thank you.

**Doctor:** Great to hear. So, I see you scheduled a telemedicine follow-up. Can you tell me about any issues you've been experiencing?

**Patient:** Sure. I've been having some mild pelvic discomfort for the past 6 months. It happens about once or twice a week.

**Doctor:** Hmm, I see. How severe would you say the discomfort is?

**Patient:** It's mild. It doesn't really stop me from doing my daily activities, but it does sometimes wake me up at night.

**Doctor:** I understand. Any other symptoms that come along with the pelvic discomfort?

**Patient:** Occasionally, I feel bloated. But other than that, there are no other symptoms.

**Doctor:** No abnormal discharge or bleeding?

**Patient:** No, none of that.

**Doctor:** Okay. How about any weight loss, fever, or fatigue?

**Patient:** No, I haven't had any of those.

**Doctor:** That's good to know. How is your gastrointestinal system otherwise? Any issues there?

**Patient:** No, just the occasional bloating I mentioned.

**Doctor:** And your joints and muscles? Any pain or weakness?

**Patient:** No, my joints and muscles are fine.

**Doctor:** Alright. How about your thyroid condition? How are you managing that?

**Patient:** My hypothyroidism is well-managed with levothyroxine. I take 75 mcg daily.

**Doctor:** That's great to hear. Have you had any recent thyroid function tests?

**Patient:** Yes, my last tests were normal.

**Doctor:** Excellent. Any allergies I should be aware of?

**Patient:** No, I don't have any allergies.

**Doctor:** And your family history, any significant conditions?

**Patient:** My mother has osteoporosis.

**Doctor:** Thanks for sharing that. Now, I see you have an intrauterine contraceptive device (IUD). How long have you had it?

**Patient:** I've had it for about 6 months now.

**Doctor:** Did you have a pelvic ultrasound done when it was placed?

**Patient:** Yes, I did. It showed that the IUD was correctly positioned.

**Doctor:** Good. Given the duration and nature of your symptoms, I think it would be a good idea to have a physical exam. Unfortunately, we can't do that via telemedicine.

**Patient:** I understand. What should I do next?

**Doctor:** I'll refer you to a local clinic for a physical exam to further evaluate the pelvic discomfort. In the meantime, I want to reassure you that your IUD is correctly positioned, which is a good sign.

**Patient:** Okay, that sounds like a plan.

**Doctor:** Continue with your current lifestyle and diet, especially the Mediterranean diet and regular low-impact exercise. How are you finding that?

**Patient:** It's working well for me. I enjoy it.

**Doctor:** Great to hear. Also, it's important to keep up with your hypothyroidism medication and regular follow-ups.

**Patient:** Yes, I will.

**Doctor:** I'll schedule a follow-up appointment for you after your physical exam, or sooner if your symptoms worsen or if new symptoms develop.

**Patient:** Okay, thank you.

**Doctor:** Before we wrap up, let's discuss some possible causes of pelvic discomfort related to the IUD and other factors. Sometimes the IUD can cause mild irritation or discomfort, but it's important to rule out other causes through a physical exam.

**Patient:** I see, that makes sense.

**Doctor:** Is there anything else you’d like to ask or discuss?

**Patient:** No, I think you've covered everything. Thank you for your help.

**Doctor:** You're welcome. Take care and we'll talk again soon.

**Patient:** Okay, thanks. Bye!

**Doctor:** Goodbye!"|"[doctor]: Hi there, how are you doing today?

[patient]: Hi, I'm doing okay, thank you.

[doctor]: Great to hear. So, I see you scheduled a telemedicine follow-up. Can you tell me about any issues you've been experiencing?

[patient]: Sure. I've been having some mild pelvic discomfort for the past 6 months. It happens about once or twice a week.

[doctor]: Hmm, I see. How severe would you say the discomfort is?

[patient]: It's mild. It doesn't really stop me from doing my daily activities, but it does sometimes wake me up at night.

[doctor]: I understand. Any other symptoms that come along with the pelvic discomfort?

[patient]: Occasionally, I feel bloated. But other than that, there are no other symptoms.

[doctor]: No abnormal discharge or bleeding?

[patient]: No, none of that.

[doctor]: Okay. How about any weight loss, fever, or fatigue?

[patient]: No, I haven't had any of those.

[doctor]: That's good to know. How is your gastrointestinal system otherwise? Any issues there?

[patient]: No, just the occasional bloating I mentioned.

[doctor]: And your joints and muscles? Any pain or weakness?

[patient]: No, my joints and muscles are fine.

[doctor]: Alright. How about your thyroid condition? How are you managing that?

[patient]: My hypothyroidism is well-managed with levothyroxine. I take 75 mcg daily.

[doctor]: That's great to hear. Have you had any recent thyroid function tests?

[patient]: Yes, my last tests were normal.

[doctor]: Excellent. Any allergies I should be aware of?

[patient]: No, I don't have any allergies.

[doctor]: And your family history, any significant conditions?

[patient]: My mother has osteoporosis.

[doctor]: Thanks for sharing that. Now, I see you have an intrauterine contraceptive device (IUD). How long have you had it?

[patient]: I've had it for about 6 months now.

[doctor]: Did you have a pelvic ultrasound done when it was placed?

[patient]: Yes, I did. It showed that the IUD was correctly positioned.

[doctor]: Good. Given the duration and nature of your symptoms, I think it would be a good idea to have a physical exam. Unfortunately, we can't do that via telemedicine.

[patient]: I understand. What should I do next?

[doctor]: I'll refer you to a local clinic for a physical exam to further evaluate the pelvic discomfort. In the meantime, I want to reassure you that your IUD is correctly positioned, which is a good sign.

[patient]: Okay, that sounds like a plan.

[doctor]: Continue with your current lifestyle and diet, especially the Mediterranean diet and regular low-impact exercise. How are you finding that?

[patient]: It's working well for me. I enjoy it.

[doctor]: Great to hear. Also, it's important to keep up with your hypothyroidism medication and regular follow-ups.

[patient]: Yes, I will.

[doctor]: I'll schedule a follow-up appointment for you after your physical exam, or sooner if your symptoms worsen or if new symptoms develop.

[patient]: Okay, thank you.

[doctor]: Before we wrap up, let's discuss some possible causes of pelvic discomfort related to the IUD and other factors. Sometimes the IUD can cause mild irritation or discomfort, but it's important to rule out other causes through a physical exam.

[patient]: I see, that makes sense.

[doctor]: Is there anything else you’d like to ask or discuss?

[patient]: No, I think you've covered everything. Thank you for your help.

[doctor]: You're welcome. Take care and we'll talk again soon.

[patient]: Okay, thanks. Bye!

[doctor]: Goodbye!"
PRESENCE OF (INTRAUTERINE) CONTRACEPTIVE DEVICE|"ROLE: Family Medicine Physician

1) Medical Outcome: 
    - Diagnosis: Presence of (intrauterine) contraceptive device (Z97.5)
    - Follow-up recommendations: Annual check-up
    - Medication: NA
    - Referral to further tests or imaging: Ultrasound pelvis to confirm the placement of IUD and check for any migration or complications

2) Medical History:
    - Previous Diagnoses: No significant past medical history
    - Family Medical History: Mother with history of hypertension and diabetes
    - Medication History: Oral contraceptives (discontinued)
    - Allergies: None
    - Chronic Conditions: None

3) Symptom Description:
    - Severity: Mild discomfort intermittently
    - Duration: 2 months
    - Associated Symptoms: Occasional spotting
    - Frequency: Spotting once every few weeks
    - Impact on Daily Activities: Mild discomfort but no significant impact on daily activities

4) Patient’s self-reported habits and lifestyle:
    - Sleep: Average 7-8 hours per night
    - Diet: Balanced diet, high in vegetables and lean proteins
    - Exercise: Regular exercise, 3 times per week
    - Tobacco Use: None
    - Alcohol Consumption: Occasionally, around 2-3 drinks per month
    - Drug Use: None
    - Recreational Activities: Enjoys swimming and hiking

5) Demographic Information:
    - Age: 28
    - Gender: Female
    - Ethnicity: Hispanic
    - Socio-economic Status: Middle class
    - Education Level: College graduate
    - Health Literacy: High
    - Job Status: Full-time marketing executive

6) Patient's Behavior: 
    - Highly cooperative with medical advice; follows instructions carefully

7) Geographical Location:
    - Urban
    - Well-served by transit
    - Neighborhood: Safe and peaceful

8) Clinical Setting: 
    - Private Practice

9) Type of Encounter:
    - Initial Consultation

10) Treatment Disparities:
    - None observed, patient has good health insurance coverage

11) Native or Non-Native English Speaking Patient:
    - Native English speaking

12) Physical exams: 
    - General physical examination: Normal

13) Investigation/Test results:
    - Ultrasound pelvis ordered to confirm the placement and condition of the intrauterine device (IUD)
    - Awaiting results"|"**1. Subjective:** 

**Chief Complaint (CC):**
Presence of intrauterine contraceptive device with mild intermittent discomfort and occasional spotting.

**History of Present Illness (HPI):**
Patient is a 28-year-old Hispanic female presenting for an initial consultation regarding her intrauterine contraceptive device (IUD). She reports mild discomfort intermittently over the last 2 months, along with occasional spotting occurring once every few weeks. The discomfort is mild and does not significantly impact her daily activities.

**Review of Systems (ROS):**
- Constitutional: No fever, weight loss, or fatigue.
- Genitourinary: Mild intermittent discomfort, occasional spotting, no dysuria, no abnormal vaginal discharge.
- Gastrointestinal: No abdominal pain, nausea, or vomiting.
- Cardiovascular: No chest pain or palpitations.
- Respiratory: No cough or shortness of breath.
- Musculoskeletal: No joint pain or muscle weakness.

**2. Objective:**

**Vital Signs:**
- Blood Pressure: 120/80 mmHg
- Heart Rate: 72 bpm
- Respiratory Rate: 16 breaths per minute
- Temperature: 98.6°F

**Physical Examination:**
- General: Well-nourished, well-developed female in no apparent distress.
- Abdomen: Non-tender, no masses, no signs of guarding or rebound tenderness.
- Pelvic Examination: IUD string visible, no signs of infection, no cervical motion tenderness.

**3. Assessment:**

**Diagnosis:**
- Presence of (intrauterine) contraceptive device (Z97.5)

**4. Plan:**

1. **Follow-up recommendations:**
   - Annual check-up to monitor IUD placement and overall gynecological health.

2. **Referral to further tests or imaging:**
   - Ultrasound pelvis to confirm the placement of IUD and check for any migration or complications.

3. **Patient Education and Counseling:**
   - Educated the patient on the expected side effects of IUD, including the potential for mild discomfort and occasional spotting.
   - Advised the patient to monitor symptoms and report any increase in pain, excessive bleeding, or signs of infection such as fever or unusual discharge.
   
4. **General Recommendations:**
   - Continue maintaining a balanced diet and regular exercise.
   - Maintain regular sleep patterns and adequate hydration.
   - Follow standard guidelines for alcohol consumption and avoid tobacco and drug use.
   - Recommended continued participation in recreational activities like swimming and hiking for overall well-being.

The patient understands and agrees with the treatment plan. Follow-up will be scheduled after the ultrasound results are obtained.

**INSTRUCTIONS:**
- The patient will follow up in 1 month post-ultrasound to review the results and adjust the plan as needed."|"**1. Subjective:**

**Chief Complaint (CC):**
Presence of intrauterine contraceptive device with mild intermittent discomfort and occasional spotting.

**History of Present Illness (HPI):**
Patient is a 28-year-old Hispanic female presenting for an initial consultation regarding her intrauterine contraceptive device (IUD). She reports mild discomfort intermittently over the last 2 months, along with occasional spotting occurring once every few weeks. The discomfort is mild and does not significantly impact her daily activities.

**Review of Systems (ROS):**
- Constitutional: No fever, weight loss, or fatigue.
- Genitourinary: Mild intermittent discomfort, occasional spotting, no dysuria, no abnormal vaginal discharge.
- Gastrointestinal: No abdominal pain, nausea, or vomiting.
- Cardiovascular: No chest pain or palpitations.
- Respiratory: No cough or shortness of breath.
- Musculoskeletal: No joint pain or muscle weakness.

**2. Objective:**

**Vital Signs:**
- Blood Pressure: 120/80 mmHg
- Heart Rate: 72 bpm
- Respiratory Rate: 16 breaths per minute
- Temperature: 98.6°F

**Physical Examination:**
- General: Well-nourished, well-developed female in no apparent distress.
- Abdomen: Non-tender, no masses, no signs of guarding or rebound tenderness.
- Pelvic Examination: IUD string visible, no signs of infection, no cervical motion tenderness.

**3. Assessment:**

**Diagnosis:**
- Presence of (intrauterine) contraceptive device (Z97.5)

**4. Plan:**

1. **Follow-up recommendations:**
   - Annual check-up to monitor IUD placement and overall gynecological health.

2. **Referral to further tests or imaging:**
   - Ultrasound pelvis to confirm the placement of IUD and check for any migration or complications.

3. **Patient Education and Counseling:**
   - Educated the patient on the expected side effects of IUD, including the potential for mild discomfort and occasional spotting.
   - Advised the patient to monitor symptoms and report any increase in pain, excessive bleeding, or signs of infection such as fever or unusual discharge.
   
4. **General Recommendations:**
   - Continue maintaining a balanced diet and regular exercise.
   - Maintain regular sleep patterns and adequate hydration.
   - Follow standard guidelines for alcohol consumption and avoid tobacco and drug use.
   - Recommended continued participation in recreational activities like swimming and hiking for overall well-being.

The patient understands and agrees with the treatment plan. Follow-up will be scheduled after the ultrasound results are obtained.

**INSTRUCTIONS:**
- The patient will follow up in 1 month post-ultrasound to review the results and adjust the plan as needed."|"**1. Subjective:**

**CC:**
Presence of IUD with mild intermittent discomfort and occasional spotting.

**HPI:**
Pt is a 28 y/o Hispanic F presenting for an initial consult regarding her IUD. She reports mild discomfort intermittently over the last 2 mos, along with occasional spotting occurring once every few weeks. The discomfort is mild and does not significantly impact her daily activities.

**ROS:**
- Constitutional: No fever, weight loss, or fatigue.
- GU: Mild intermittent discomfort, occasional spotting, no dysuria, no abnormal vaginal discharge.
- GI: No abdominal pain, nausea, or vomiting.
- CV: No chest pain or palpitations.
- Resp: No cough or SOB.
- MSK: No joint pain or muscle weakness.

**2. Objective:**

**VS:**
- BP: 120/80 mmHg
- HR: 72 bpm
- RR: 16 bpm
- Temp: 98.6°F

**PE:**
- General: Well-nourished, well-developed F in no apparent distress.
- Abd: Non-tender, no masses, no signs of guarding or rebound tenderness.
- Pelvic Exam: IUD string visible, no signs of infection, no CMT.

**3. Assessment:**

**Dx:**
- Presence of IUD (Z97.5)

**4. Plan:**

1. **F/U recommendations:**
   - Annual check-up to monitor IUD placement and overall GYN health.

2. **Referral to further tests or imaging:**
   - US pelvis to confirm the placement of IUD and check for any migration or complications.

3. **Pt Education and Counseling:**
   - Educated the pt on the expected SEs of IUD, including the potential for mild discomfort and occasional spotting.
   - Advised the pt to monitor symptoms and report any increase in pain, excessive bleeding, or signs of infection such as fever or unusual discharge.
   
4. **General Recommendations:**
   - Continue maintaining a balanced diet and regular exercise.
   - Maintain regular sleep patterns and adequate hydration.
   - Follow standard guidelines for alcohol consumption and avoid tobacco and drug use.
   - Recommended continued participation in recreational activities like swimming and hiking for overall well-being.

The pt understands and agrees with the treatment plan. F/U will be scheduled after the US results are obtained.

**INSTRUCTIONS:**
- The pt will F/U in 1 mo post-US to review the results and adjust the plan as needed."|Family Medicine Physician|"```
[doctor] Hi, nice to meet you. I'm Dr. Smith. How are you doing today?
[patient] Hello, nice to meet you too. I'm doing okay, thank you.
[doctor] Great. So, I understand you're here for some concerns regarding your intrauterine contraceptive device, or IUD. Can you tell me a bit more about what you've been experiencing?
[patient] Yes, I've had some mild discomfort on and off for the past two months. And occasionally, I have some spotting, maybe once every few weeks.
[doctor] I see. Can you describe the discomfort a bit more? Is it a sharp pain, cramping, or something else?
[patient] It feels more like mild cramping. It's not too bad, and it doesn't really stop me from doing anything.
[doctor] Okay, that's good to know. When did you first notice these symptoms?
[patient] Around two months ago. It just started out of the blue.
[doctor] Have you noticed any patterns or specific times when the discomfort or spotting occurs?
[patient] Not really, it's pretty random. Sometimes I won't feel anything for a while, and then it just comes back.
[doctor] Got it. Have you experienced any other symptoms like fever, weight loss, or fatigue?
[patient] No, none of those.
[doctor] How about any issues with urination, like pain or frequent urges?
[patient] No, everything's normal there.
[doctor] Any unusual vaginal discharge or any other changes?
[patient] No, nothing unusual.
[doctor] What about your gastrointestinal system? Any abdominal pain, nausea, or vomiting?
[patient] No, no problems there either.
[doctor] And your cardiovascular system? Any chest pain or palpitations?
[patient] No, my heart seems fine.
[doctor] Okay, how about respiratory symptoms like cough or shortness of breath?
[patient] No, I haven't had any of those.
[doctor] Any joint pain or muscle weakness?
[patient] No, my muscles and joints feel fine.
[doctor] Alright, let's take a look at your vital signs. I see your blood pressure is 120/80 mmHg, heart rate is 72 beats per minute, respiratory rate is 16 breaths per minute, and your temperature is 98.6°F. Everything looks good there.
[patient] Okay, that's good to hear.
[doctor] I'm going to perform a quick physical examination now. I'll start with your abdomen. Let me know if you feel any discomfort.
[patient] Sure.
[doctor] Your abdomen is non-tender, and I don't feel any masses. There's no guarding or rebound tenderness. Now, let's move on to a pelvic examination. I'll be checking the IUD string to ensure it's in place and look for any signs of infection.
[patient] Okay.
[doctor] I can see the IUD string, and there are no signs of infection. There's no cervical motion tenderness either. Everything looks normal on the examination.
[patient] That's a relief.
[doctor] Based on your symptoms and the examination, it seems like your IUD is still in place, but we should make sure. I'd like to schedule an ultrasound of your pelvis to confirm the placement of the IUD and check for any migration or complications.
[patient] Alright, that sounds good. 
[doctor] In the meantime, I want to educate you about the expected side effects of the IUD. Mild discomfort and occasional spotting can be normal. However, you should monitor your symptoms and report any increase in pain, excessive bleeding, or signs of infection like fever or unusual discharge.
[patient] Okay, I'll keep an eye on it.
[doctor] It's also important to maintain a balanced diet and regular exercise. Regular sleep patterns and adequate hydration are essential too. Follow standard guidelines for alcohol consumption and avoid tobacco and drug use.
[patient] Got it, I can do that.
[doctor] For your overall well-being, continue participating in recreational activities like swimming and hiking, if you enjoy those.
[patient] Yes, I love swimming and hiking.
[doctor] Excellent. We'll schedule a follow-up appointment in one month after the ultrasound to review the results and adjust the plan as needed.
[patient] Okay, that makes sense.
[doctor] Do you have any questions or concerns?
[patient] No, I think that's everything.
[doctor] Great. Thank you for coming in today. We'll get the ultrasound scheduled and see you in a month.
[patient] Thank you, Dr. Smith.
[doctor] You're welcome. Take care and see you soon.
[patient] Thanks, you too.
```"|"[doctor]: Hi, nice to meet you. I'm Dr. Smith. How are you doing today?

[patient]: Hello, nice to meet you too. I'm doing okay, thank you.

[doctor]: Great. So, I understand you're here for some concerns regarding your intrauterine contraceptive device, or IUD. Can you tell me a bit more about what you've been experiencing?

[patient]: Yes, I've had some mild discomfort on and off for the past two months. And occasionally, I have some spotting, maybe once every few weeks.

[doctor]: Hmm, I see. Can you describe the discomfort a bit more? Is it a sharp pain, cramping, or something else?

[patient]: It feels more like mild cramping. It's not too bad, and it doesn't really stop me from doing anything.

[doctor]: Okay, that's good to know. When did you first notice these symptoms?

[patient]: Around two months ago. It just started out of the blue.

[doctor]: Have you noticed any patterns or specific times when the discomfort or spotting occurs?

[patient]: Not really, it's pretty random. Sometimes I won't feel anything for a while, and then it just comes back.

[doctor]: Got it. Have you experienced any other symptoms like fever, weight loss, or fatigue?

[patient]: No, none of those.

[doctor]: How about any issues with urination, like pain or frequent urges?

[patient]: No, everything's normal there.

[doctor]: Any unusual vaginal discharge or any other changes?

[patient]: No, nothing unusual.

[doctor]: What about your gastrointestinal system? Any abdominal pain, nausea, or vomiting?

[patient]: No, no problems there either.

[doctor]: And your cardiovascular system? Any chest pain or palpitations?

[patient]: No, my heart seems fine.

[doctor]: Okay, how about respiratory symptoms like cough or shortness of breath?

[patient]: No, I haven't had any of those.

[doctor]: Any joint pain or muscle weakness?

[patient]: No, my muscles and joints feel fine.

[doctor]: Alright, let's take a look at your vital signs. I see your blood pressure is 120/80 mmHg, heart rate is 72 beats per minute, respiratory rate is 16 breaths per minute, and your temperature is 98.6°F. Everything looks good there.

[patient]: Okay, that's good to hear.

[doctor]: I'm going to perform a quick physical examination now. I'll start with your abdomen. Let me know if you feel any discomfort.

[patient]: Sure.

[doctor]: Your abdomen is non-tender, and I don't feel any masses. There's no guarding or rebound tenderness. Now, let's move on to a pelvic examination. I'll be checking the IUD string to ensure it's in place and look for any signs of infection.

[patient]: Okay.

[doctor]: I can see the IUD string, and there are no signs of infection. There's no cervical motion tenderness either. Everything looks normal on the examination.

[patient]: That's a relief.

[doctor]: Based on your symptoms and the examination, it seems like your IUD is still in place, but we should make sure. I'd like to schedule an ultrasound of your pelvis to confirm the placement of the IUD and check for any migration or complications.

[patient]: Alright, that sounds good. 

[doctor]: In the meantime, I want to educate you about the expected side effects of the IUD. Mild discomfort and occasional spotting can be normal. However, you should monitor your symptoms and report any increase in pain, excessive bleeding, or signs of infection like fever or unusual discharge.

[patient]: Okay, I'll keep an eye on it.

[doctor]: It's also important to maintain a balanced diet and regular exercise. Regular sleep patterns and adequate hydration are essential too. Follow standard guidelines for alcohol consumption and avoid tobacco and drug use.

[patient]: Got it, I can do that.

[doctor]: For your overall well-being, continue participating in recreational activities like swimming and hiking, if you enjoy those.

[patient]: Yes, I love swimming and hiking.

[doctor]: Excellent. We'll schedule a follow-up appointment in one month after the ultrasound to review the results and adjust the plan as needed.

[patient]: Okay, that makes sense.

[doctor]: Do you have any questions or concerns?

[patient]: No, I think that's everything.

[doctor]: Great. Thank you for coming in today. We'll get the ultrasound scheduled and see you in a month.

[patient]: Thank you, Dr. Smith.

[doctor]: You're welcome. Take care and see you soon.

[patient]: Thanks, you too."
PRESENCE OF (INTRAUTERINE) CONTRACEPTIVE DEVICE|"ROLE: Obstetrician-Gynecologist (Ob-Gyn)

1) Medical Outcome: 
    - Prescription: Ibuprofen 200 mg tablets, take 1 tablet orally every 6 hours as needed for pain (20 tablets).
    - Follow-up Recommendations: Routine check-up after 4 weeks.
    - Referral: Referral to Family Medicine Physician for primary care follow-up.

2) Medical History: 
    - Previous Diagnoses: Mild dysmenorrhea.
    - Family Medical History: Mother with hypertension.
    - Medication History: Oral contraceptives (discontinued 6 months ago).
    - Allergies: None.
    - Chronic Conditions: None.

3) Symptom Description: 
    - Severity: Mild to moderate cramping.
    - Duration: Since insertion of the IUD 2 weeks ago.
    - Associated Symptoms: Mild spotting.
    - Frequency: Daily.
    - Impact on Daily Activities: Minimal, manageable with over-the-counter analgesics.

4) Patient’s self-reported habits and lifestyle: 
    - Sleep: 7-8 hours per night, uninterrupted.
    - Diet: Balanced diet, no specific restrictions.
    - Exercise: 3-4 times per week, light to moderate intensity.
    - Tobacco Use: Non-smoker.
    - Alcohol Consumption: Occasional, social events only.
    - Drug Use: None.
    - Recreational Activities: Gardening, book club.

5) Demographic Information: 
    - Age: 28
    - Gender: Female
    - Ethnicity: Hispanic
    - Socio-economic Status: Middle class
    - Education Level: Bachelor's degree
    - Health Literacy: High
    - Job Status: Full-time accountant

6) Patient's Behavior: 
    - Level of cooperation: Highly cooperative with medical advice.

7) Geographical Location: 
    - Big City vs Small City: Big City
    - Rural vs Urban: Urban
    - Pollution and Environmental Health Risks: Low pollution, clean environment.
    - Neighborhood Type: Affluent, well-served by transit, good access to healthcare.

8) Clinical Setting: 
    - Setting: Private Practice

9) Type of Encounter: 
    - Initial Consultation

10) Treatment Disparities: 
    - None identified.

11) Native or Non-Native English Speaking Patient:
    - Native English-speaking patient.

12) Physical exams:
    - Pelvic Exam: Normal external genitalia, IUD strings visualized, no abnormal discharge, cervix appears healthy, no tenderness.
    - Abdominal Exam: Soft, non-tender, no masses.

13) Investigation/Test results:
    - NA"|"#####
SUBJECTIVE:
**Chief Complaint (CC):** 
28-year-old Hispanic female presents with mild to moderate cramping since the insertion of her IUD 2 weeks ago. 

**History of Present Illness (HPI):**
- Duration: Cramping began immediately after IUD insertion.
- Severity: Mild to moderate.
- Associated Symptoms: Mild spotting.
- Frequency: Daily.
- Impact on Daily Activities: Minimal, manageable with over-the-counter analgesics.

**Review of Systems (ROS):**
- Gynecological: Mild to moderate cramping, mild spotting post-IUD insertion.
- General: No fever, no weight loss, no night sweats.
- Gastrointestinal: No nausea or vomiting.

**Social History:**
- Sleep: 7-8 hours per night, uninterrupted.
- Diet: Balanced diet, no specific restrictions.
- Exercise: 3-4 times per week, light to moderate intensity.
- Tobacco Use: Non-smoker.
- Alcohol Consumption: Occasional, social events only.
- Drug Use: None.
- Recreational Activities: Enjoys gardening, part of a book club.

OBJECTIVE:
**Vital Signs:**
- Blood Pressure: 118/72 mmHg
- Heart Rate: 70 bpm
- Respirations: 16 per minute
- Temperature: 98.6°F

**Physical Exam:**
- **Pelvic Exam:** Normal external genitalia, IUD strings visualized, no abnormal discharge, cervix appears healthy, no tenderness.
- **Abdominal Exam:** Soft, non-tender, no masses.

ASSESSMENT:
1. Post-IUD insertion cramping with mild spotting.
- Medical Reasoning: Symptoms are consistent with post-insertion effects of an intrauterine device, which can include cramping and light spotting as the body adjusts to the foreign object.
  
PLAN:
1. Medical Treatment:
   - Prescribe: Ibuprofen 200 mg tablets, take 1 tablet orally every 6 hours as needed for pain (20 tablets).
   - Patient Education and Counseling: Discussed expected timeline for adjustment to IUD. Advised on using warm packs for additional relief.
   - Referral: Referral to Family Medicine Physician for primary care follow-up.
   - Follow-up: Routine check-up after 4 weeks.

Patient Agreements: The patient understands and agrees with the recommended medical treatment plan. 

#####
"|"**1. Subjective:**
**Chief Complaint (CC):** 
28-year-old Hispanic female presents with mild to moderate cramping since the insertion of her IUD 2 weeks ago.

**History of Present Illness (HPI):**
- Duration: Cramping began immediately after IUD insertion.
- Severity: Mild to moderate.
- Associated Symptoms: Mild spotting.
- Frequency: Daily.
- Impact on Daily Activities: Minimal, manageable with over-the-counter analgesics.

**Review of Systems (ROS):**
- Gynecological: Mild to moderate cramping, mild spotting post-IUD insertion.
- General: No fever, no weight loss, no night sweats.
- Gastrointestinal: No nausea or vomiting.

**Social History:**
- Sleep: 7-8 hours per night, uninterrupted.
- Diet: Balanced diet, no specific restrictions.
- Exercise: 3-4 times per week, light to moderate intensity.
- Tobacco Use: Non-smoker.
- Alcohol Consumption: Occasional, social events only.
- Drug Use: None.
- Recreational Activities: Enjoys gardening, part of a book club.

**2. Objective:**
**Vital Signs:**
- Blood Pressure: 118/72 mmHg
- Heart Rate: 70 bpm
- Respirations: 16 per minute
- Temperature: 98.6°F

**Physical Exam:**
- **Pelvic Exam:** Normal external genitalia, IUD strings visualized, no abnormal discharge, cervix appears healthy, no tenderness.
- **Abdominal Exam:** Soft, non-tender, no masses.

**3. Assessment:**
1. Post-IUD insertion cramping with mild spotting.
- Medical Reasoning: Symptoms are consistent with post-insertion effects of an intrauterine device, which can include cramping and light spotting as the body adjusts to the foreign object.

**4. Plan:**
1. Medical Treatment:
   - Prescribe: Ibuprofen 200 mg tablets, take 1 tablet orally every 6 hours as needed for pain (20 tablets).
   - Patient Education and Counseling: Discussed expected timeline for adjustment to IUD. Advised on using warm packs for additional relief.
   - Referral: Referral to Family Medicine Physician, Dr. Emily Rodriguez, for primary care follow-up to monitor post-IUD insertion symptoms.
   - Follow-up: Routine check-up after 4 weeks.

Patient Agreements: The patient understands and agrees with the recommended medical treatment plan."|"**1. Subjective:**
**CC:** 
28 y/o Hispanic F presents with mild to moderate cramping since IUD insertion 2 weeks ago.

**HPI:**
- Duration: Cramping began immediately post-IUD insertion.
- Severity: Mild to moderate.
- Associated Symptoms: Mild spotting.
- Frequency: Daily.
- Impact on ADLs: Minimal, manageable with OTC analgesics.

**ROS:**
- GYN: Mild to moderate cramping, mild spotting post-IUD insertion.
- General: No fever, no weight loss, no night sweats.
- GI: No N/V.

**Social Hx:**
- Sleep: 7-8 hrs/night, uninterrupted.
- Diet: Balanced, no specific restrictions.
- Exercise: 3-4x/week, light to moderate intensity.
- Tobacco: Non-smoker.
- ETOH: Occasional, social events only.
- Drug Use: None.
- Recreational Activities: Enjoys gardening, part of a book club.

**2. Objective:**
**VS:**
- BP: 118/72 mmHg
- HR: 70 bpm
- RR: 16/min
- Temp: 98.6°F

**PE:**
- **Pelvic Exam:** Normal external genitalia, IUD strings visualized, no abnormal discharge, cervix appears healthy, no tenderness.
- **Abdominal Exam:** Soft, non-tender, no masses.

**3. Assessment:**
1. Post-IUD insertion cramping with mild spotting.
- Medical Reasoning: Symptoms are consistent with post-insertion effects of an IUD, which can include cramping and light spotting as the body adjusts to the foreign object.

**4. Plan:**
1. Medical Tx:
   - Rx: Ibuprofen 200 mg tabs, take 1 tab PO q6h PRN pain (20 tabs).
   - Pt Ed and Counseling: Discussed expected timeline for adjustment to IUD. Advised on using warm packs for additional relief.
   - Referral: Referral to FM Physician, Dr. Emily Rodriguez, for primary care F/U to monitor post-IUD insertion symptoms.
   - F/U: Routine check-up after 4 weeks.

Pt Agreements: The pt understands and agrees with the recommended medical Tx plan."|Obstetrician-Gynecologist (Ob-Gyn)|"Sure, let's start the conversation:

---

Doctor: Good morning! How are you doing today?

Patient: Good morning, doctor. I've been better, to be honest.

Doctor: I'm sorry to hear that. Can you tell me what brings you in today?

Patient: I've been having some mild to moderate cramping since I had my IUD inserted two weeks ago.

Doctor: I see. When did the cramping start?

Patient: It started immediately after the IUD was inserted.

Doctor: And how would you describe the severity of the cramping?

Patient: It's mild to moderate. It's not unbearable, but it's definitely noticeable.

Doctor: Got it. Are you experiencing any other symptoms along with the cramping?

Patient: Yes, I've had some mild spotting.

Doctor: Hmm, okay. How often are you experiencing the cramping and spotting?

Patient: It's been daily since the insertion.

Doctor: Daily, okay. How is it affecting your daily activities?

Patient: It's minimal. I can manage it with over-the-counter painkillers.

Doctor: Alright. Let's go over a few more details to get a complete picture. Have you experienced any fever, weight loss, or night sweats?

Patient: No, none of those.

Doctor: Any nausea or vomiting?

Patient: No, I haven’t had any of that either.

Doctor: Okay, thanks for that information. Now, let's talk a bit about your lifestyle. How much sleep are you getting?

Patient: I usually get about 7 to 8 hours of sleep each night, and it's uninterrupted.

Doctor: That sounds good. How about your diet? 

Patient: I follow a balanced diet, no specific restrictions.

Doctor: Excellent. Do you exercise regularly?

Patient: I do, about 3 to 4 times a week, light to moderate intensity.

Doctor: Good to know. Do you smoke or use any tobacco products?

Patient: No, I'm a non-smoker.

Doctor: How about alcohol? Do you consume it?

Patient: Occasionally, but only during social events.

Doctor: Any recreational drug use?

Patient: No, none at all.

Doctor: Alright. What do you enjoy doing in your free time?

Patient: I enjoy gardening and I'm part of a book club.

Doctor: That sounds lovely. Now, let's check your vital signs. Your blood pressure is 118/72 mmHg, heart rate is 70 bpm, respirations are 16 per minute, and your temperature is 98.6°F. All looks good there. 

Patient: Great to hear.

Doctor: I also need to do a pelvic exam. Is that okay with you?

Patient: Sure, that's fine.

Doctor: Alright. The pelvic exam shows that your external genitalia are normal, IUD strings are visualized, there's no abnormal discharge, and your cervix appears healthy. There's no tenderness. Your abdominal exam is also normal—soft, non-tender, and no masses.

Patient: That's a relief to hear.

Doctor: Based on what you've told me and the examination, it looks like you're experiencing post-IUD insertion cramping with mild spotting. These symptoms are consistent with the body's adjustment to the IUD.

Patient: So, this is normal?

Doctor: Yes, it's quite common. The cramping and spotting should subside as your body adjusts to the IUD.

Patient: Okay, that makes me feel better.

Doctor: I’ll prescribe you ibuprofen 200 mg tablets. You can take 1 tablet orally every 6 hours as needed for pain. I'll give you 20 tablets to start with.

Patient: Thank you.

Doctor: You're welcome. Besides the medication, you can also use warm packs to help relieve the cramping.

Patient: I'll try that.

Doctor: I'd also like to refer you to a Family Medicine Physician for a primary care follow-up. It's important to have a routine check-up after 4 weeks to ensure everything is settling in well.

Patient: Alright, that sounds good.

Doctor: Do you have any questions about the treatment plan or anything else?

Patient: No, I think you've covered everything. Thank you so much.

Doctor: You're welcome. If you experience any severe pain or other unusual symptoms, please don't hesitate to contact us. Otherwise, we'll see you in four weeks.

Patient: I'll do that. Thanks again.

Doctor: Take care and have a great day.

Patient: You too. Goodbye.

Doctor: Goodbye.

---"|"[doctor]: Good morning! How are you doing today?

[patient]: Good morning, doctor. I've been better, to be honest.

[doctor]: I'm sorry to hear that. Can you tell me what brings you in today?

[patient]: I've been having some mild to moderate cramping since I had my IUD inserted two weeks ago.

[doctor]: I see. When did the cramping start?

[patient]: It started immediately after the IUD was inserted.

[doctor]: And how would you describe the severity of the cramping?

[patient]: It's mild to moderate. It's not unbearable, but it's definitely noticeable.

[doctor]: Got it. Are you experiencing any other symptoms along with the cramping?

[patient]: Yes, I've had some mild spotting.

[doctor]: Hmm, okay. How often are you experiencing the cramping and spotting?

[patient]: It's been daily since the insertion.

[doctor]: Daily, okay. How is it affecting your daily activities?

[patient]: It's minimal. I can manage it with over-the-counter painkillers.

[doctor]: Alright. Let's go over a few more details to get a complete picture. Have you experienced any fever, weight loss, or night sweats?

[patient]: No, none of those.

[doctor]: Any nausea or vomiting?

[patient]: No, I haven’t had any of that either.

[doctor]: Okay, thanks for that information. Now, let's talk a bit about your lifestyle. How much sleep are you getting?

[patient]: I usually get about 7 to 8 hours of sleep each night, and it's uninterrupted.

[doctor]: That sounds good. How about your diet?

[patient]: I follow a balanced diet, no specific restrictions.

[doctor]: Excellent. Do you exercise regularly?

[patient]: I do, about 3 to 4 times a week, light to moderate intensity.

[doctor]: Good to know. Do you smoke or use any tobacco products?

[patient]: No, I'm a non-smoker.

[doctor]: How about alcohol? Do you consume it?

[patient]: Occasionally, but only during social events.

[doctor]: Any recreational drug use?

[patient]: No, none at all.

[doctor]: Alright. What do you enjoy doing in your free time?

[patient]: I enjoy gardening and I'm part of a book club.

[doctor]: That sounds lovely. Now, let's check your vital signs. Your blood pressure is 118/72 mmHg, heart rate is 70 bpm, respirations are 16 per minute, and your temperature is 98.6°F. All looks good there.

[patient]: Great to hear.

[doctor]: I also need to do a pelvic exam. Is that okay with you?

[patient]: Sure, that's fine.

[doctor]: Alright. The pelvic exam shows that your external genitalia are normal, IUD strings are visualized, there's no abnormal discharge, and your cervix appears healthy. There's no tenderness. Your abdominal exam is also normal—soft, non-tender, and no masses.

[patient]: That's a relief to hear.

[doctor]: Based on what you've told me and the examination, it looks like you're experiencing post-IUD insertion cramping with mild spotting. These symptoms are consistent with the body's adjustment to the IUD.

[patient]: So, this is normal?

[doctor]: Yes, it's quite common. The cramping and spotting should subside as your body adjusts to the IUD.

[patient]: Okay, that makes me feel better.

[doctor]: I’ll prescribe you ibuprofen 200 mg tablets. You can take 1 tablet orally every 6 hours as needed for pain. I'll give you 20 tablets to start with.

[patient]: Thank you.

[doctor]: You're welcome. Besides the medication, you can also use warm packs to help relieve the cramping.

[patient]: I'll try that.

[doctor]: I'd also like to refer you to a Family Medicine Physician for a primary care follow-up. It's important to have a routine check-up after 4 weeks to ensure everything is settling in well.

[patient]: Alright, that sounds good.

[doctor]: Do you have any questions about the treatment plan or anything else?

[patient]: No, I think you've covered everything. Thank you so much.

[doctor]: You're welcome. If you experience any severe pain or other unusual symptoms, please don't hesitate to contact us. Otherwise, we'll see you in four weeks.

[patient]: I'll do that. Thanks again.

[doctor]: Take care and have a great day.

[patient]: You too. Goodbye.

[doctor]: Goodbye."
PNEUMONIA DUE TO METHICILLIN RESISTANT STAPHYLOCOCCUS AUREUS|"**ROLE:** Infectious Disease Specialist

- **Medical Outcome:**
  - Diagnosis: Pneumonia due to methicillin-resistant Staphylococcus aureus (MRSA)
  - Prescribed Treatment: Vancomycin, 1 gram, IV, every 12 hours for 10 days, quantity 20 vials
  - Follow-up Recommendations: Follow-up appointment in one week to reassess symptoms and response to treatment
  - Referral: Referral to pulmonologist Dr. Smith for further evaluation and management of pneumonia due to severe symptoms
  - Orders for Imaging: Chest CT scan to evaluate the extent of the pneumonia
  - Orders for Blood Work: Complete Blood Count (CBC), C-Reactive Protein (CRP), Blood Cultures for microbiology

- **Medical History:**
  - Previous Diagnoses: Hypertension, Type 2 Diabetes
  - Family Medical History: Mother with chronic obstructive pulmonary disease (COPD), Father with coronary artery disease
  - Medication History: Metformin, Lisinopril
  - Allergies: Penicillin allergy (rash)
  - Chronic Conditions: Hypertension, Diabetes Mellitus Type 2

- **Symptom Description:**
  - Severity: Severe
  - Duration: 5 days
  - Associated Symptoms: Fever, chills, productive cough with purulent sputum, shortness of breath
  - Frequency: Continuous
  - Impact on Daily Activities: Unable to perform daily activities, bedridden for the past two days

- **Patient’s Self-Reported Habits and Lifestyle:**
  - Sleep: Irregular, disturbed due to coughing
  - Diet: High-carb diet, occasionally skips meals
  - Exercise: Sedentary lifestyle, no regular exercise
  - Tobacco Use: Smokes 1 pack per day for 20 years
  - Alcohol Consumption: Social drinker, 1-2 drinks per week
  - Drug Use: Denies any illicit drug use
  - Recreational Activities: None currently due to illness

- **Demographic Information:**
  - Age: 56
  - Gender: Male
  - Ethnicity: Caucasian
  - Socio-economic Status: Middle class
  - Education Level: High school graduate
  - Health Literacy: Moderate, understands basic medical terms
  - Job Status: Accountant, currently on sick leave

- **Patient's Behavior:**
  - Cooperation: Generally cooperative but shows some anxiety about hospital admission and IV treatment

- **Geographical Location:**
  - Urban, lives in a moderately polluted area
  - Neighborhood: Middle-income, well-served by public transit, access to several pharmacies

- **Clinical Setting:**
  - Hospital setting, initially evaluated in the Emergency Department, currently admitted for inpatient care

- **Type of Encounter:**
  - Initial Consultation

- **Treatment Disparities:**
  - None noted; patient has insurance and access to necessary treatments

- **Native or Non-Native English Speaking Patient:**
  - Native English-speaking patient

- **Physical Exams:**
  - General appearance: Ill-looking male, febrile
  - Respiratory: Decreased breath sounds over the right lower lobe, crackles, and wheezing
  - Cardiovascular: Tachycardia
  - Integumentary: No rashes or lesions noted

- **Investigation/Test Results:**
  - Chest X-ray (initial): Right lower lobe consolidation consistent with pneumonia, no pleural effusion
  - Pending: Chest CT scan, blood cultures"|"#####
**1. Subjective:**

**Chief Complaint (CC):**
Severe shortness of breath, fever, and productive cough with purulent sputum for 5 days.

**History of Present Illness (HPI):**
John Doe is a 56-year-old Caucasian male who presents with a 5-day history of severe shortness of breath, fever, chills, and a productive cough producing purulent sputum. He reports being bedridden for the past two days due to overwhelming fatigue and respiratory distress. He denies experiencing any chest pain but mentions his sleep has been irregular and disturbed due to persistent coughing. He has a history of hypertension and type 2 diabetes, managed with Metformin and Lisinopril. He is allergic to penicillin, which causes a rash.

**Review of Systems (ROS):**
- **General:** Reports fever, chills, and significant fatigue.
- **Respiratory:** Reports severe shortness of breath, productive cough with yellow-green sputum.
- **Cardiovascular:** Denies chest pain or palpitations.
- **Gastrointestinal:** Denies nausea, vomiting, or diarrhea.
- **Musculoskeletal:** Denies muscle pain but reports general weakness.
- **Neurological:** Denies headaches, dizziness, or confusion.

**Social History:**
- **Sleep:** Irregular, disturbed by coughing.
- **Diet:** High-carb diet, occasionally skips meals.
- **Exercise:** Sedentary lifestyle, no regular exercise.
- **Tobacco Use:** Smokes 1 pack per day for 20 years.
- **Alcohol Consumption:** Social drinker, 1-2 drinks per week.
- **Drug Use:** Denies illicit drug use.
- **Recreational Activities:** None currently due to illness.

**2. Objective:**

**Vital Signs:**
- Temperature: 102.3°F (39.1°C)
- Heart Rate: 110 bpm (tachycardia)
- Respiratory Rate: 24 breaths per minute
- Blood Pressure: 140/85 mmHg
- Oxygen Saturation: 88% on room air

**Physical Examination:**
- **General Appearance:** Ill-looking male, febrile, appears anxious.
- **Respiratory:** Decreased breath sounds over the right lower lobe, crackles and wheezing noted.
- **Cardiovascular:** Tachycardia, no murmurs.
- **Integumentary:** No rashes or lesions noted.
- **Abdomen:** Soft, non-tender, no organomegaly.

**Investigations:**
- **Chest X-ray:** Right lower lobe consolidation consistent with pneumonia, no pleural effusion.
- **Pending:** Chest CT scan, CBC, CRP, Blood Cultures.

**3. Assessment:**

Pneumonia due to methicillin-resistant Staphylococcus aureus (MRSA).

**4. Plan:**

- **Treatment:** 
  - Start Vancomycin, 1 gram IV every 12 hours for 10 days, quantity 20 vials.
  
- **Follow-up:**
  - Schedule a follow-up appointment in one week to reassess symptoms and response to treatment.

- **Referral:**
  - Refer to pulmonologist Dr. Smith for further evaluation and management of pneumonia due to severe symptoms.

- **Imaging Orders:**
  - Order a Chest CT scan to evaluate the extent of the pneumonia.

- **Blood Work Orders:**
  - Complete Blood Count (CBC)
  - C-Reactive Protein (CRP)
  - Blood Cultures for microbiology

- **Instructions:**
  - Monitor blood glucose levels closely due to diabetes.
  - Encourage smoking cessation.
  - Advise patient to stay hydrated and rest.
  - Educate on the importance of adherence to antibiotic regimen and symptoms of potential adverse reactions to Vancomycin.

#####"|"#####
**1. Subjective:**

**Chief Complaint (CC):**
Severe shortness of breath, fever, and productive cough with purulent sputum for 5 days.

**History of Present Illness (HPI):**
John Doe is a 56-year-old Caucasian male who presents with a 5-day history of severe shortness of breath, fever, chills, and a productive cough producing purulent sputum. He reports being bedridden for the past two days due to overwhelming fatigue and respiratory distress. He denies experiencing any chest pain but mentions his sleep has been irregular and disturbed due to persistent coughing. He has a history of hypertension and type 2 diabetes, managed with Metformin and Lisinopril. He is allergic to penicillin, which causes a rash.

**Review of Systems (ROS):**
- **General:** Reports fever, chills, and significant fatigue.
- **Respiratory:** Reports severe shortness of breath, productive cough with yellow-green sputum.
- **Cardiovascular:** Denies chest pain or palpitations.
- **Gastrointestinal:** Denies nausea, vomiting, or diarrhea.
- **Musculoskeletal:** Denies muscle pain but reports general weakness.
- **Neurological:** Denies headaches, dizziness, or confusion.

**Social History:**
- **Sleep:** Irregular, disturbed by coughing.
- **Diet:** High-carb diet, occasionally skips meals.
- **Exercise:** Sedentary lifestyle, no regular exercise.
- **Tobacco Use:** Smokes 1 pack per day for 20 years.
- **Alcohol Consumption:** Social drinker, 1-2 drinks per week.
- **Drug Use:** Denies illicit drug use.
- **Recreational Activities:** None currently due to illness.

**2. Objective:**

**Vital Signs:**
- Temperature: 102.3°F (39.1°C)
- Heart Rate: 110 bpm (tachycardia)
- Respiratory Rate: 24 breaths per minute
- Blood Pressure: 140/85 mmHg
- Oxygen Saturation: 88% on room air

**Physical Examination:**
- **General Appearance:** Ill-looking male, febrile, appears anxious.
- **Respiratory:** Decreased breath sounds over the right lower lobe, crackles and wheezing noted.
- **Cardiovascular:** Tachycardia, no murmurs.
- **Integumentary:** No rashes or lesions noted.
- **Abdomen:** Soft, non-tender, no organomegaly.

**Investigations:**
- **Chest X-ray:** Right lower lobe consolidation consistent with pneumonia, no pleural effusion.

**3. Assessment:**

Pneumonia due to methicillin-resistant Staphylococcus aureus (MRSA).

**4. Plan:**

- **Treatment:** 
  - Start Vancomycin, 1 gram IV every 12 hours for 10 days, quantity 20 vials.
  
- **Follow-up:**
  - Schedule a follow-up appointment in one week to reassess symptoms and response to treatment.

- **Referral:**
  - Refer to pulmonologist Dr. Smith for further evaluation and management of pneumonia due to severe symptoms.

- **Imaging Orders:**
  - Order a Chest CT scan to evaluate the extent of the pneumonia.

- **Blood Work Orders:**
  - Complete Blood Count (CBC)
  - C-Reactive Protein (CRP)
  - Blood Cultures for microbiology

- **Instructions:**
  - Monitor blood glucose levels closely due to diabetes.
  - Encourage smoking cessation.
  - Advise patient to stay hydrated and rest.
  - Educate on the importance of adherence to antibiotic regimen and symptoms of potential adverse reactions to Vancomycin."|"#####
**1. Subjective:**

**CC:**
Severe SOB, fever, and productive cough with purulent sputum for 5 days.

**HPI:**
John Doe is a 56 y/o Caucasian M who presents with a 5-day hx of severe SOB, fever, chills, and a productive cough producing purulent sputum. He reports being bedridden for the past 2 days due to overwhelming fatigue and respiratory distress. He denies CP but mentions his sleep has been irregular and disturbed due to persistent coughing. He has a hx of HTN and T2DM, managed with Metformin and Lisinopril. He is allergic to PCN, which causes a rash.

**ROS:**
- **General:** Reports fever, chills, and significant fatigue.
- **Respiratory:** Reports severe SOB, productive cough with yellow-green sputum.
- **Cardiovascular:** Denies CP or palpitations.
- **Gastrointestinal:** Denies N/V/D.
- **Musculoskeletal:** Denies muscle pain but reports general weakness.
- **Neurological:** Denies HA, dizziness, or confusion.

**Social Hx:**
- **Sleep:** Irregular, disturbed by coughing.
- **Diet:** High-carb diet, occasionally skips meals.
- **Exercise:** Sedentary lifestyle, no regular exercise.
- **Tobacco Use:** Smokes 1 PPD for 20 years.
- **Alcohol Consumption:** Social drinker, 1-2 drinks per week.
- **Drug Use:** Denies illicit drug use.
- **Recreational Activities:** None currently due to illness.

**2. Objective:**

**VS:**
- Temp: 102.3°F (39.1°C)
- HR: 110 bpm (tachycardia)
- RR: 24 breaths/min
- BP: 140/85 mmHg
- O2 Sat: 88% on RA

**PE:**
- **General Appearance:** Ill-looking M, febrile, appears anxious.
- **Respiratory:** Decreased breath sounds over the RLL, crackles and wheezing noted.
- **Cardiovascular:** Tachycardia, no murmurs.
- **Integumentary:** No rashes or lesions noted.
- **Abdomen:** Soft, non-tender, no organomegaly.

**Investigations:**
- **CXR:** RLL consolidation consistent with PNA, no pleural effusion.

**3. Assessment:**

PNA due to MRSA.

**4. Plan:**

- **Tx:** 
  - Start Vanc, 1g IV q12h for 10 days, qty 20 vials.
  
- **F/U:**
  - Schedule a F/U appointment in 1 week to reassess symptoms and response to tx.

- **Referral:**
  - Refer to pulm Dr. Smith for further eval and mgmt of PNA due to severe symptoms.

- **Imaging Orders:**
  - Order a Chest CT to eval the extent of the PNA.

- **Blood Work Orders:**
  - CBC
  - CRP
  - Blood Cultures for micro

- **Instructions:**
  - Monitor BG levels closely due to T2DM.
  - Encourage smoking cessation.
  - Advise pt to stay hydrated and rest.
  - Educate on the importance of adherence to abx regimen and symptoms of potential adverse reactions to Vanc."|Role not found in the first 5 lines.|"```plaintext
[doctor] Hi John, I see you're here because of severe shortness of breath, fever, and a productive cough. Can you tell me a little more about what's been going on?
[patient] Yes, doctor. It's been about five days now. I've been having a really hard time breathing, I have a fever, and I'm coughing up a lot of nasty, yellow-green stuff.
[doctor] I see. And have you noticed any other symptoms like chills or fatigue?
[patient] Yes, I have chills too and I'm really tired. I've been stuck in bed for the last two days because I just don't have the energy to get up.
[doctor] That sounds rough. Have you had any chest pain?
[patient] No, no chest pain, but I can't sleep well at all because the coughing keeps waking me up.
[doctor] I understand. Now, you mentioned that you have a history of hypertension and type 2 diabetes. Are you taking any medications for those conditions?
[patient] Yes, I take Metformin for my diabetes and Lisinopril for my blood pressure.
[doctor] Okay, and are you allergic to any medications?
[patient] Yes, I'm allergic to penicillin. It gives me a rash.
[doctor] Got it. Let me just go over a few more things. Have you experienced any nausea, vomiting, or diarrhea?
[patient] No, none of that.
[doctor] How about muscle pain or general weakness?
[patient] Just a lot of weakness. No specific muscle pain though.
[doctor] Any headaches, dizziness, or confusion?
[patient] No, none of those.
[doctor] Alright, let's talk a bit about your lifestyle. How has your sleep been aside from being disturbed by coughing?
[patient] It's been all over the place. I can't get a good night's sleep at all.
[doctor] What about your diet? Do you eat regularly?
[patient] I usually have a high-carb diet, but I sometimes skip meals, especially now since I've been sick.
[doctor] Do you get any exercise?
[patient] No, I usually don't exercise much.
[doctor] I see. Do you smoke or drink alcohol?
[patient] Yes, I smoke about a pack a day and I drink socially, maybe 1-2 drinks a week.
[doctor] Have you ever used any illicit drugs?
[patient] No, I've never used drugs.
[doctor] Alright, thanks for sharing that with me. Now, let's take a look at your vital signs and do a physical exam. Your temperature is 102.3°F, heart rate is 110 beats per minute, respiratory rate is 24 breaths per minute, blood pressure is 140/85 mmHg, and your oxygen saturation is 88% on room air.
[patient] That doesn't sound good.
[doctor] You're right, it's concerning. On your physical exam, you appear ill and febrile. Your breath sounds are decreased over the right lower lobe, and I hear crackles and wheezing. Your heart rate is fast but regular, and your abdomen is soft and non-tender. No rashes or lesions are noted on your skin.
[patient] What does that mean?
[doctor] It means you likely have pneumonia. Your chest X-ray shows consolidation in the right lower lobe, which is consistent with pneumonia. We need to do a few more tests to confirm and understand the extent of the infection.
[patient] Oh no, pneumonia?
[doctor] Yes, and based on your symptoms and history, it's likely caused by methicillin-resistant Staphylococcus aureus, or MRSA. We'll start you on Vancomycin, 1 gram IV every 12 hours for 10 days.
[patient] Okay, what else do I need to do?
[doctor] We need to follow up in one week to see how you're responding to the treatment. I'll also refer you to a pulmonologist, Dr. Smith, for further evaluation. We need to get a Chest CT scan, complete blood count (CBC), C-reactive protein (CRP), and blood cultures.
[patient] Alright, what should I do in the meantime?
[doctor] Monitor your blood glucose levels closely because of your diabetes. Try to quit smoking, stay hydrated, and get plenty of rest. It's also crucial to take the antibiotics as prescribed and watch for any adverse reactions to Vancomycin.
[patient] I understand, doctor. I'll do my best.
[doctor] Great. My nurse will come in shortly to get everything started. We'll take good care of you, John.
[patient] Thank you, doctor. I appreciate it.
[doctor] You're welcome. We'll see you in a week. Take care.
[patient] Will do. Thanks again.
```"|"```plaintext
[doctor] Hi John, I see you're here because of severe shortness of breath, fever, and a productive cough. Can you tell me a little more about what's been going on?
[patient] Yes, doctor. It's been about five days now. I've been having a really hard time breathing, I have a fever, and I'm coughing up a lot of nasty, yellow-green stuff.
[doctor] I see. And have you noticed any other symptoms like chills or fatigue?
[patient] Yes, I have chills too and I'm really tired. I've been stuck in bed for the last two days because I just don't have the energy to get up.
[doctor] That sounds rough. Have you had any chest pain?
[patient] No, no chest pain, but I can't sleep well at all because the coughing keeps waking me up.
[doctor] I understand. Now, you mentioned that you have a history of hypertension and type 2 diabetes. Are you taking any medications for those conditions?
[patient] Yes, I take Metformin for my diabetes and Lisinopril for my blood pressure.
[doctor] Okay, and are you allergic to any medications?
[patient] Yes, I'm allergic to penicillin. It gives me a rash.
[doctor] Got it. Let me just go over a few more things. Have you experienced any nausea, vomiting, or diarrhea?
[patient] No, none of that.
[doctor] How about muscle pain or general weakness?
[patient] Just a lot of weakness. No specific muscle pain though.
[doctor] Any headaches, dizziness, or confusion?
[patient] No, none of those.
[doctor] Alright, let's talk a bit about your lifestyle. How has your sleep been aside from being disturbed by coughing?
[patient] It's been all over the place. I can't get a good night's sleep at all.
[doctor] What about your diet? Do you eat regularly?
[patient] I usually have a high-carb diet, but I sometimes skip meals, especially now since I've been sick.
[doctor] Do you get any exercise?
[patient] No, I usually don't exercise much.
[doctor] I see. Do you smoke or drink alcohol?
[patient] Yes, I smoke about a pack a day and I drink socially, maybe 1-2 drinks a week.
[doctor] Have you ever used any illicit drugs?
[patient] No, I've never used drugs.
[doctor] Alright, thanks for sharing that with me. Now, let's take a look at your vital signs and do a physical exam. Your temperature is 102.3°F, heart rate is 110 beats per minute, respiratory rate is 24 breaths per minute, blood pressure is 140/85 mmHg, and your oxygen saturation is 88% on room air.
[patient] That doesn't sound good.
[doctor] You're right, it's concerning. On your physical exam, you appear ill and febrile. Your breath sounds are decreased over the right lower lobe, and I hear crackles and wheezing. Your heart rate is fast but regular, and your abdomen is soft and non-tender. No rashes or lesions are noted on your skin.
[patient] What does that mean?
[doctor] It means you likely have pneumonia. Your chest X-ray shows consolidation in the right lower lobe, which is consistent with pneumonia. We need to do a few more tests to confirm and understand the extent of the infection.
[patient] Oh no, pneumonia?
[doctor] Yes, and based on your symptoms and history, it's likely caused by methicillin-resistant Staphylococcus aureus, or MRSA. We'll start you on Vancomycin, 1 gram IV every 12 hours for 10 days.
[patient] Okay, what else do I need to do?
[doctor] We need to follow up in one week to see how you're responding to the treatment. I'll also refer you to a pulmonologist, Dr. Smith, for further evaluation. We need to get a Chest CT scan, complete blood count (CBC), C-reactive protein (CRP), and blood cultures.
[patient] Alright, what should I do in the meantime?
[doctor] Monitor your blood glucose levels closely because of your diabetes. Try to quit smoking, stay hydrated, and get plenty of rest. It's also crucial to take the antibiotics as prescribed and watch for any adverse reactions to Vancomycin.
[patient] I understand, doctor. I'll do my best.
[doctor] Great. My nurse will come in shortly to get everything started. We'll take good care of you, John.
[patient] Thank you, doctor. I appreciate it.
[doctor] You're welcome. We'll see you in a week. Take care.
[patient] Will do. Thanks again.
```"
PNEUMONIA DUE TO METHICILLIN RESISTANT STAPHYLOCOCCUS AUREUS|"ROLE: Infectious Disease Specialist

**1) Medical Outcome:**
- Diagnosis: Pneumonia due to Methicillin-resistant Staphylococcus aureus (MRSA)
- Medical Treatment: Prescribe Daptomycin 500 mg IV daily for 14 days
- Follow-up Recommendations: Follow-up appointment via home healthcare visit in 5 days to assess treatment adherence and symptom progression
- Referral to Specialists: Referral to a Pulmonologist, Dr. Michael Anderson, for evaluation due to poor respiratory status
- Imaging: Order an Ultrasound for pleural effusion assessment
- Blood Work: Order CBC with differential, BNP, and Procalcitonin to monitor inflammatory response

**2) Medical History:**
- Chronic Conditions: History of Chronic Kidney Disease Stage 3
- Allergies: Severe allergy to Penicillin
- Previous Diagnoses: Recurring Urinary Tract Infections (UTIs)

**3) Symptom Description:**
- Severity: Moderate
- Duration: 4 days
- Associated Symptoms: Low-grade fever, productive cough with rust-colored sputum, mild chest discomfort, dyspnea on exertion
- Frequency: Intermittent
- Impact on Daily Activities: Requires frequent rests during simple tasks, mainly housebound

**4) Patient’s Self-Reported Habits and Lifestyle:**
- Sleep: Currently poor due to nighttime cough
- Diet: High in processed foods and sugar, low vegetable intake
- Exercise: Minimal, does not engage in regular physical activity
- Tobacco Use: No smoking history
- Alcohol Consumption: Light, 1 drink weekly
- Drug Use: No illicit drug use
- Recreational Activities: Enjoys knitting and puzzle-solving, limited physical activities

**5) Demographic Information:**
- Age: 68
- Gender: Female
- Ethnicity: Asian
- Socio-economic Status: Upper-middle class
- Education Level: Master's degree in Education
- Health Literacy: High, actively engages in understanding her health
- Job Status: Retired school administrator

**6) Patient's Behavior:**
- The patient is highly adherent to medical advice and meticulously tracks symptoms

**7) Geographical Location:**
- Small City: Resides in a suburban area with clean air and minimal traffic congestion
- Neighborhood Type: Lives in a well-maintained community, easily accessible healthcare services

**8) Clinical Setting:**
- Home Healthcare Services: Received initial assessment at home due to mobility issues

**9) Type of Encounter:**
- Follow-up Visit: Initial treatment was in the emergency department, now receiving subsequent care at home

**10) Treatment Disparities:**
- The patient has access to private health insurance, ensuring availability of advanced treatments and home healthcare support

**11) Native or Non-Native English Speaking Patient:**
- Native English Speaking Patient

**12) Physical Exams:**
- Physical Exam: NA due to home healthcare setting; recent vitals stable, will rely on follow-up reports for assessment

**13) Investigation/Test Results:**
- Awaiting Ultrasound results for pleural effusion
- Awaiting results from CBC with differential, BNP, and Procalcitonin"|"### Infectious Disease Specialist Medical Note

**1. Subjective:**
#### Chief Complaint (CC)
Productive cough with rust-colored sputum and mild chest discomfort.

#### History of Present Illness (HPI)
Mrs. Linda Tan is a 68-year-old female with a history of Chronic Kidney Disease Stage 3 and recurring UTIs, who presents today with symptoms suggestive of pneumonia. She reports a moderate productive cough with rust-colored sputum, low-grade fever, mild chest discomfort, and dyspnea on exertion for the past 4 days. The cough has notably disrupted her sleep, and she requires frequent rest during simple tasks, making her mainly housebound.

#### Review of Systems (ROS)
- **Constitutional:** Reports low-grade fever, poor sleep due to coughing.
- **Respiratory:** Productive cough with rust-colored sputum, dyspnea on exertion.
- **Cardiovascular:** No chest pain apart from occasional mild discomfort.
- **Gastrointestinal:** No nausea or vomiting.
- **Genitourinary:** No current UTI symptoms.
- **Musculoskeletal:** No significant musculoskeletal pain.
- **Neurological:** No headaches or dizziness.
- **Integumentary:** No skin rashes or lesions.
- **Endocrine:** No symptoms of thyroid dysfunction.
- **Hematologic/Lymphatic:** No bleeding or bruising.
- **Immunologic:** No history of immunodeficiency.

**2. Objective:**
- **Vital Signs (recent):** Stable
- **Physical Examination:** Not performed due to home healthcare setting; will rely on follow-up reports.
- **Recent Tests:** Awaiting results of CBC with differential, BNP, and Procalcitonin.
- **Imaging:** Ultrasound for pleural effusion assessment ordered, results pending.

**3. Assessment:**
- **Pneumonia due to Methicillin-resistant Staphylococcus aureus (MRSA).**
  - **Medical Reasoning:** Symptoms and history suggest bacterial pneumonia, supported by productive cough with rust-colored sputum and poor respiratory status.
  - **Chronic Kidney Disease Stage 3:** This condition requires careful consideration of nephrotoxic medications.
  - **Severe Penicillin Allergy:** Alternative antibiotics must be used.
  
**4. Plan:**
- **Medical Treatment:** Prescribe Daptomycin 500 mg IV daily for 14 days.
- **Follow-up Recommendations:** Schedule a follow-up appointment via home healthcare visit in 5 days to assess treatment adherence and symptom progression.
- **Referral to Specialists:** Refer to Pulmonologist Dr. Michael Anderson for evaluation due to poor respiratory status.
- **Imaging:** Await the results of the Ultrasound for pleural effusion assessment.
- **Blood Work:** Order CBC with differential, BNP, and Procalcitonin to monitor inflammatory response.
- **Patient Agreements:** Mrs. Tan understands and agrees with the treatment plan, including the home healthcare setup and follow-up procedures.

**Instructions:**
- Ensure adequate hydration and rest. 
- Monitor for any signs of worsening respiratory distress or side effects from Daptomycin.
- Maintain a symptom diary to track changes and report to healthcare providers during visits.
- Follow-up with Dr. Anderson as soon as possible.

**Patient Education:**
- Discussed the importance of adhering to the antibiotic regimen despite improvements in symptoms.
- Advised dietary modifications to include more vegetables and reduce processed foods.
- Encourage light physical activity as tolerated, such as brief walks within the home to prevent deconditioning.

Mrs. Tan's case will be closely monitored with appropriate adjustments based on follow-up assessments and test results. She has a high level of health literacy and is proactive in understanding her health, which will aid in managing her condition effectively. 

**Next Follow-up Appointment:**
- 5 days via home healthcare visit."|"### Infectious Disease Specialist Medical Note

**1. Subjective:**
#### Chief Complaint (CC)
Productive cough with rust-colored sputum and mild chest discomfort.

#### History of Present Illness (HPI)
Mrs. Linda Tan is a 68-year-old female with a history of Chronic Kidney Disease Stage 3 and recurring UTIs, who presents today with symptoms suggestive of pneumonia. She reports a moderate productive cough with rust-colored sputum, low-grade fever, mild chest discomfort, and dyspnea on exertion for the past 4 days. The cough has notably disrupted her sleep, and she requires frequent rest during simple tasks, making her mainly housebound.

#### Review of Systems (ROS)
- **Constitutional:** Reports low-grade fever, poor sleep due to coughing.
- **Respiratory:** Productive cough with rust-colored sputum, dyspnea on exertion.
- **Cardiovascular:** No chest pain apart from occasional mild discomfort.
- **Gastrointestinal:** No nausea or vomiting.
- **Genitourinary:** No current UTI symptoms.
- **Musculoskeletal:** No significant musculoskeletal pain.
- **Neurological:** No headaches or dizziness.
- **Integumentary:** No skin rashes or lesions.
- **Endocrine:** No symptoms of thyroid dysfunction.
- **Hematologic/Lymphatic:** No bleeding or bruising.
- **Immunologic:** No history of immunodeficiency.

**2. Objective:**
- **Vital Signs (recent):** Stable
- **Physical Examination:** Not performed due to home healthcare setting; will rely on follow-up reports.
- **Recent Tests:** Awaiting results of CBC with differential, BNP, and Procalcitonin.
- **Imaging:** Ultrasound for pleural effusion assessment ordered, results pending.

**3. Assessment:**
- **Pneumonia due to Methicillin-resistant Staphylococcus aureus (MRSA).**
  - **Medical Reasoning:** Symptoms and history suggest bacterial pneumonia, supported by productive cough with rust-colored sputum and poor respiratory status.
  - **Chronic Kidney Disease Stage 3:** This condition requires careful consideration of nephrotoxic medications.
  - **Severe Penicillin Allergy:** Alternative antibiotics must be used.

**4. Plan:**
- **Medical Treatment:** Prescribe Daptomycin 500 mg IV daily for 14 days.
- **Follow-up Recommendations:** Schedule a follow-up appointment via home healthcare visit in 5 days to assess treatment adherence and symptom progression.
- **Referral to Specialists:** Refer to Pulmonologist Dr. Michael Anderson for evaluation due to poor respiratory status.
- **Imaging:** Await the results of the Ultrasound for pleural effusion assessment.
- **Blood Work:** Order CBC with differential, BNP, and Procalcitonin to monitor inflammatory response.
- **Patient Agreements:** Mrs. Tan understands and agrees with the treatment plan, including the home healthcare setup and follow-up procedures.

**Instructions:**
- Ensure adequate hydration and rest.
- Monitor for any signs of worsening respiratory distress or side effects from Daptomycin.
- Maintain a symptom diary to track changes and report to healthcare providers during visits.
- Follow-up with Dr. Anderson as soon as possible.

**Patient Education:**
- Discussed the importance of adhering to the antibiotic regimen despite improvements in symptoms.
- Advised dietary modifications to include more vegetables and reduce processed foods.
- Encourage light physical activity as tolerated, such as brief walks within the home to prevent deconditioning.

Mrs. Tan's case will be closely monitored with appropriate adjustments based on follow-up assessments and test results. She has a high level of health literacy and is proactive in understanding her health, which will aid in managing her condition effectively.

**Next Follow-up Appointment:**
- 5 days via home healthcare visit."|"### Infectious Disease Specialist Medical Note

**1. Subjective:**
#### CC
Productive cough with rust-colored sputum and mild chest discomfort.

#### HPI
Mrs. Linda Tan is a 68 y/o F with a hx of CKD Stage 3 and recurring UTIs, who presents today with sx suggestive of PNA. She reports a moderate productive cough with rust-colored sputum, low-grade fever, mild chest discomfort, and DOE for the past 4 days. The cough has notably disrupted her sleep, and she requires frequent rest during simple tasks, making her mainly housebound.

#### ROS
- **Constitutional:** Reports low-grade fever, poor sleep due to coughing.
- **Respiratory:** Productive cough with rust-colored sputum, DOE.
- **Cardiovascular:** No CP apart from occasional mild discomfort.
- **Gastrointestinal:** No N/V.
- **Genitourinary:** No current UTI sx.
- **Musculoskeletal:** No significant MSK pain.
- **Neurological:** No HA or dizziness.
- **Integumentary:** No skin rashes or lesions.
- **Endocrine:** No sx of thyroid dysfunction.
- **Hematologic/Lymphatic:** No bleeding or bruising.
- **Immunologic:** No hx of immunodeficiency.

**2. Objective:**
- **VS (recent):** Stable
- **PE:** Not performed due to home healthcare setting; will rely on follow-up reports.
- **Recent Tests:** Awaiting results of CBC w/ diff, BNP, and Procalcitonin.
- **Imaging:** US for pleural effusion assessment ordered, results pending.

**3. Assessment:**
- **PNA due to MRSA.**
  - **Medical Reasoning:** Sx and hx suggest bacterial PNA, supported by productive cough with rust-colored sputum and poor respiratory status.
  - **CKD Stage 3:** This condition requires careful consideration of nephrotoxic meds.
  - **Severe PCN Allergy:** Alternative abx must be used.

**4. Plan:**
- **Medical Treatment:** Rx Daptomycin 500 mg IV daily for 14 days.
- **Follow-up Recommendations:** Schedule a f/u appointment via home healthcare visit in 5 days to assess tx adherence and sx progression.
- **Referral to Specialists:** Refer to Pulmonologist Dr. Michael Anderson for eval due to poor respiratory status.
- **Imaging:** Await the results of the US for pleural effusion assessment.
- **Blood Work:** Order CBC w/ diff, BNP, and Procalcitonin to monitor inflammatory response.
- **Patient Agreements:** Mrs. Tan understands and agrees with the tx plan, including the home healthcare setup and f/u procedures.

**Instructions:**
- Ensure adequate hydration and rest.
- Monitor for any signs of worsening respiratory distress or SEs from Daptomycin.
- Maintain a sx diary to track changes and report to healthcare providers during visits.
- F/u with Dr. Anderson ASAP.

**Patient Education:**
- Discussed the importance of adhering to the abx regimen despite improvements in sx.
- Advised dietary modifications to include more vegetables and reduce processed foods.
- Encourage light physical activity as tolerated, such as brief walks within the home to prevent deconditioning.

Mrs. Tan's case will be closely monitored with appropriate adjustments based on f/u assessments and test results. She has a high level of health literacy and is proactive in understanding her health, which will aid in managing her condition effectively.

**Next Follow-up Appointment:**
- 5 days via home healthcare visit."|Infectious Disease Specialist|"```
[doctor] Hi Mrs. Tan, it's nice to see you today. I understand you are having some issues with a cough and chest discomfort. Can you tell me more about what's been going on?

[patient] Yes, doctor. I've had a moderate productive cough with rust-colored sputum and some mild chest discomfort for the past four days. It's been really disruptive, especially at night.

[doctor] Hmm, I see. You mentioned the cough has been affecting your sleep. How much sleep are you getting these days?

[patient] Not much, doctor. The coughing wakes me up multiple times during the night, and I'm really tired during the day because of it.

[doctor] I’m sorry to hear that. Have you noticed any fever?

[patient] Yes, I've had a low-grade fever.

[doctor] Alright, and how about your breathing? Do you feel short of breath?

[patient] Yes, I do. I get out of breath easily, even with simple tasks. I've been needing to rest frequently.

[doctor] Understood. So, the cough has been going on for four days, and you also have some chest discomfort. Is the chest discomfort constant or does it come and go?

[patient] It's mostly mild and occasional, not constant.

[doctor] Okay. Have you experienced any nausea or vomiting?

[patient] No, none at all.

[doctor] And how about any current symptoms of a urinary tract infection?

[patient] No, I don't have any symptoms of a UTI right now.

[doctor] Great. Any significant musculoskeletal pain?

[patient] No, nothing significant there.

[doctor] How about headaches or dizziness?

[patient] No headaches or dizziness.

[doctor] Any skin rashes or lesions?

[patient] No, my skin seems fine.

[doctor] Have you noticed any symptoms related to your thyroid, like changes in weight, energy levels, or temperature sensitivity?

[patient] No, nothing like that.

[doctor] Any unusual bleeding or bruising?

[patient] No, doctor.

[doctor] And lastly, any history of immunodeficiency?

[patient] No, I don't have any history of that.

[doctor] Alright, Mrs. Tan, thank you for providing all that information. Based on what you've told me, it sounds like you might have pneumonia. 

[patient] Oh, I see. What makes you think it's pneumonia?

[doctor] Your symptoms—productive cough with rust-colored sputum, low-grade fever, and shortness of breath—are all suggestive of pneumonia. Given your age and medical history, it’s important to treat this promptly.

[patient] I understand. What do we do next?

[doctor] We'll start with some initial treatments and tests. First, I’ll prescribe Daptomycin 500 mg IV daily for 14 days. This medication is effective against Methicillin-resistant Staphylococcus aureus (MRSA), which we suspect might be the cause.

[patient] Okay, I remember you said I have a severe penicillin allergy, so we're avoiding those medications, right?

[doctor] Exactly. We are avoiding penicillin and related antibiotics due to your severe allergy. Daptomycin is a good alternative.

[patient] Alright, that makes sense.

[doctor] We'll also schedule a follow-up appointment via a home healthcare visit in 5 days to check on your progress and ensure you’re adhering to the treatment.

[patient] That sounds good. What about any tests?

[doctor] Yes, I'm awaiting the results of your CBC with differential, BNP, and Procalcitonin tests, which will help us monitor your inflammatory response. We’ve also ordered an ultrasound to assess for any pleural effusion, which is fluid around the lungs.

[patient] Okay, what should I be doing at home until then?

[doctor] Ensure you stay hydrated and get plenty of rest. Monitor yourself for any signs of worsening respiratory distress or side effects from the medication. Keep a symptom diary to track any changes and report them during our follow-up visits.

[patient] That sounds manageable. Is there anything else I should know?

[doctor] Yes, I’d like you to follow up with Dr. Michael Anderson, a pulmonologist, due to your current respiratory status. We need to make sure your lung function is closely monitored.

[patient] Okay, I’ll make sure to do that.

[doctor] Also, I recommend some dietary modifications—try to include more vegetables and reduce processed foods. Light physical activity, like brief walks around your home, can help prevent deconditioning.

[patient] I’ll do my best to follow those recommendations.

[doctor] Excellent. Do you have any other questions or concerns right now, Mrs. Tan?

[patient] No, I think you've covered everything. Thank you for explaining it all.

[doctor] You’re welcome. We’ll see you for the follow-up in 5 days, and please reach out if you notice any worsening symptoms or have any concerns before then.

[patient] I will. Thank you, doctor.

[doctor] Take care, Mrs. Tan. I’ll send the nurse in with your prescription and instructions.

[patient] Thank you. Goodbye.

[doctor] Goodbye.
```"|"```
[doctor] Hi Mrs. Tan, it's nice to see you today. I understand you are having some issues with a cough and chest discomfort. Can you tell me more about what's been going on?

[patient] Yes, doctor. I've had a moderate productive cough with rust-colored sputum and some mild chest discomfort for the past four days. It's been really disruptive, especially at night.

[doctor] Hmm, I see. You mentioned the cough has been affecting your sleep. How much sleep are you getting these days?

[patient] Not much, doctor. The coughing wakes me up multiple times during the night, and I'm really tired during the day because of it.

[doctor] I’m sorry to hear that. Have you noticed any fever?

[patient] Yes, I've had a low-grade fever.

[doctor] Alright, and how about your breathing? Do you feel short of breath?

[patient] Yes, I do. I get out of breath easily, even with simple tasks. I've been needing to rest frequently.

[doctor] Understood. So, the cough has been going on for four days, and you also have some chest discomfort. Is the chest discomfort constant or does it come and go?

[patient] It's mostly mild and occasional, not constant.

[doctor] Okay. Have you experienced any nausea or vomiting?

[patient] No, none at all.

[doctor] And how about any current symptoms of a urinary tract infection?

[patient] No, I don't have any symptoms of a UTI right now.

[doctor] Great. Any significant musculoskeletal pain?

[patient] No, nothing significant there.

[doctor] How about headaches or dizziness?

[patient] No headaches or dizziness.

[doctor] Any skin rashes or lesions?

[patient] No, my skin seems fine.

[doctor] Have you noticed any symptoms related to your thyroid, like changes in weight, energy levels, or temperature sensitivity?

[patient] No, nothing like that.

[doctor] Any unusual bleeding or bruising?

[patient] No, doctor.

[doctor] And lastly, any history of immunodeficiency?

[patient] No, I don't have any history of that.

[doctor] Alright, Mrs. Tan, thank you for providing all that information. Based on what you've told me, it sounds like you might have pneumonia. 

[patient] Oh, I see. What makes you think it's pneumonia?

[doctor] Your symptoms—productive cough with rust-colored sputum, low-grade fever, and shortness of breath—are all suggestive of pneumonia. Given your age and medical history, it’s important to treat this promptly.

[patient] I understand. What do we do next?

[doctor] We'll start with some initial treatments and tests. First, I’ll prescribe Daptomycin 500 mg IV daily for 14 days. This medication is effective against Methicillin-resistant Staphylococcus aureus (MRSA), which we suspect might be the cause.

[patient] Okay, I remember you said I have a severe penicillin allergy, so we're avoiding those medications, right?

[doctor] Exactly. We are avoiding penicillin and related antibiotics due to your severe allergy. Daptomycin is a good alternative.

[patient] Alright, that makes sense.

[doctor] We'll also schedule a follow-up appointment via a home healthcare visit in 5 days to check on your progress and ensure you’re adhering to the treatment.

[patient] That sounds good. What about any tests?

[doctor] Yes, I'm awaiting the results of your CBC with differential, BNP, and Procalcitonin tests, which will help us monitor your inflammatory response. We’ve also ordered an ultrasound to assess for any pleural effusion, which is fluid around the lungs.

[patient] Okay, what should I be doing at home until then?

[doctor] Ensure you stay hydrated and get plenty of rest. Monitor yourself for any signs of worsening respiratory distress or side effects from the medication. Keep a symptom diary to track any changes and report them during our follow-up visits.

[patient] That sounds manageable. Is there anything else I should know?

[doctor] Yes, I’d like you to follow up with Dr. Michael Anderson, a pulmonologist, due to your current respiratory status. We need to make sure your lung function is closely monitored.

[patient] Okay, I’ll make sure to do that.

[doctor] Also, I recommend some dietary modifications—try to include more vegetables and reduce processed foods. Light physical activity, like brief walks around your home, can help prevent deconditioning.

[patient] I’ll do my best to follow those recommendations.

[doctor] Excellent. Do you have any other questions or concerns right now, Mrs. Tan?

[patient] No, I think you've covered everything. Thank you for explaining it all.

[doctor] You’re welcome. We’ll see you for the follow-up in 5 days, and please reach out if you notice any worsening symptoms or have any concerns before then.

[patient] I will. Thank you, doctor.

[doctor] Take care, Mrs. Tan. I’ll send the nurse in with your prescription and instructions.

[patient] Thank you. Goodbye.

[doctor] Goodbye.
```"
PNEUMONIA DUE TO METHICILLIN RESISTANT STAPHYLOCOCCUS AUREUS|"ROLE: Infectious Disease Specialist

**Scenario Values:**

Medical Outcome:
- Diagnosis: Pneumonia due to Methicillin-Resistant Staphylococcus Aureus (MRSA)
- Prescribed Treatment: Clindamycin 600mg IV every 8 hours for 10 days
- Follow-up recommendations: Re-evaluation in 5 days
- Referral to further tests: Sputum culture for MRSA confirmation, Chest X-ray
- Blood Work: Hematology (Complete Blood Count), Biochemistry (Electrolytes, Kidney Function Tests)

Medical History:
- Previous Diagnoses: Asthma, Hyperlipidemia
- Family Medical History: Father with diabetes, mother with hypertension
- Medication History: Atorvastatin 20mg once daily, Albuterol inhaler as needed
- Allergies: None reported

Symptom Description:
- Severity: Severe
- Duration: 10 days
- Associated Symptoms: High fever, productive cough with yellow-green sputum, shortness of breath, wheezing
- Frequency: Constant
- Impact on Daily Activities: Severe impact, unable to work, confined to bed

Patient’s self-reported habits and lifestyle:
- Sleep: Poor, interrupted by coughing
- Diet: Reduced appetite, mainly liquid intake
- Exercise: None currently due to symptoms
- Tobacco Use: Non-smoker
- Alcohol Consumption: Rare, once a month or less
- Drug Use: NA
- Recreational Activities: NA due to illness

Demographic Information:
- Age: 45
- Gender: Male
- Ethnicity: Hispanic
- Socio-economic Status: Lower-middle income
- Education Level: College degree
- Health Literacy: High
- Job Status: Employed, software developer

Patient's Behavior:
- Cooperation Level: Highly compliant with current medical advice

Geographical Location:
- Big City vs Small City: Small City
- Rural vs Urban: Rural
- Pollution and Environmental Health Risks: Low pollution, some agricultural-related risks
- Neighborhood Type: Economically disadvantaged, underserved by healthcare facilities

Clinical Setting:
- Clinical Setting: Urgent Care Center

Type of Encounter:
- Type of Encounter: Initial Consultation

Treatment Disparities:
- None noted

Native or Non-Native English Speaking Patient:
- Non-Native English Speaking (Spanish-speaking, using translator)

Physical exams:
- General: Patient appears acutely ill, febrile, sweating
- Respiratory: Decreased breath sounds bilaterally, significant wheezing, and crackles
- Cardiovascular: Regular rate and rhythm, no murmurs
- Abdominal: Soft, non-tender, no organomegaly

Investigation/Test results:
- Awaiting: Sputum culture
- Ready: Chest X-ray showing patchy infiltrates in both lungs"|"#####
**1. Subjective:**

**Chief Complaint (CC):**
High fever, productive cough, and shortness of breath.

**History of Present Illness (HPI):**
A 45-year-old Hispanic male, non-native English speaker, presents to the urgent care center with severe symptoms including high fever, productive cough with yellow-green sputum, shortness of breath, and wheezing for the past 10 days. His symptoms have significantly impacted his daily activities, confining him to bed and preventing him from working. He reports poor sleep due to frequent coughing and reduced appetite, mainly consuming liquids. He denies tobacco, alcohol, or drug use. The patient is highly cooperative and has a college degree, but resides in an economically disadvantaged rural area with low pollution but some agricultural risks.

**Review of Systems (ROS):**
- **Constitutional:** High fever, feeling very unwell, poor sleep.
- **Respiratory:** Productive cough, shortness of breath, wheezing.
- **Gastrointestinal:** Reduced appetite.
- **General:** No significant weight loss noted.

**2. Objective:**

**Vital Signs:**
- Temperature: Febrile
- Respiratory Rate: Rapid
- Heart Rate: Elevated

**Physical Examination:**
- **General:** Patient appears acutely ill, febrile, sweating.
- **Respiratory:** Decreased breath sounds bilaterally, significant wheezing, and crackles noted.
- **Cardiovascular:** Regular rate and rhythm, no murmurs.
- **Abdominal:** Soft, non-tender, no organomegaly.

**Investigation/Test Results:**
- **Chest X-ray:** Patchy infiltrates in both lungs.
- **Pending:** Sputum culture.
- **Blood Work:** Complete Blood Count and Biochemistry results pending.

**3. Assessment:**

**Diagnosis:**
Pneumonia due to Methicillin-Resistant Staphylococcus Aureus (MRSA).

**4. Plan:**

**Treatment:**
- Start Clindamycin 600mg IV every 8 hours for 10 days.

**Recommendations:**
- Re-evaluation in 5 days.
- Referral for sputum culture to confirm MRSA.
- Follow-up Chest X-ray and repeat Complete Blood Count and Biochemistry tests to monitor progress.

**Education and Counseling:**
- Discussed the importance of completing the full course of antibiotics.
- Advised to stay well-hydrated and maintain as much rest as possible.
- Explained signs of potential complications (e.g., worsening shortness of breath, increasing fever) and instructed to seek immediate medical attention if they occur.
- Provided education on proper use of the Albuterol inhaler as needed for asthma management.

**Follow-up:**
- Patient to return for follow-up in 5 days to assess response to treatment and adjust management if necessary.

**Referrals:**
- Consider referral to a pulmonologist if significant symptoms persist or worsen upon follow-up.
#####

This template ensures comprehensive documentation that covers all essential clinical details and provides clear instructions for ongoing care and follow-up."|"#####
**1. Subjective:**

**Chief Complaint (CC):**
High fever, productive cough, and shortness of breath.

**History of Present Illness (HPI):**
A 45-year-old Hispanic male, non-native English speaker, presents to the urgent care center with severe symptoms including high fever, productive cough with yellow-green sputum, shortness of breath, and wheezing for the past 10 days. His symptoms have significantly impacted his daily activities, confining him to bed and preventing him from working. He reports poor sleep due to frequent coughing and reduced appetite, mainly consuming liquids. He denies tobacco, alcohol, or drug use. The patient is highly cooperative and has a college degree, but resides in an economically disadvantaged rural area with low pollution but some agricultural risks.

**Review of Systems (ROS):**
- **Constitutional:** High fever, feeling very unwell, poor sleep.
- **Respiratory:** Productive cough, shortness of breath, wheezing.
- **Gastrointestinal:** Reduced appetite.
- **General:** No significant weight loss noted.

**2. Objective:**

**Vital Signs:**
- Temperature: Febrile
- Respiratory Rate: Rapid
- Heart Rate: Elevated

**Physical Examination:**
- **General:** Patient appears acutely ill, febrile, sweating.
- **Respiratory:** Decreased breath sounds bilaterally, significant wheezing, and crackles noted.
- **Cardiovascular:** Regular rate and rhythm, no murmurs.
- **Abdominal:** Soft, non-tender, no organomegaly.

**Investigation/Test Results:**
- **Chest X-ray:** Patchy infiltrates in both lungs.
- **Pending:** Sputum culture.
- **Blood Work:** Complete Blood Count and Biochemistry results pending.

**3. Assessment:**

**Diagnosis:**
Pneumonia due to Methicillin-Resistant Staphylococcus Aureus (MRSA).

**4. Plan:**

**Treatment:**
- Start Clindamycin 600mg IV every 8 hours for 10 days.

**Recommendations:**
- Re-evaluation in 5 days.
- Follow-up Chest X-ray and repeat Complete Blood Count and Biochemistry tests to monitor progress.

**Education and Counseling:**
- Discussed the importance of completing the full course of antibiotics.
- Advised to stay well-hydrated and maintain as much rest as possible.
- Explained signs of potential complications (e.g., worsening shortness of breath, increasing fever) and instructed to seek immediate medical attention if they occur.
- Provided education on proper use of the Albuterol inhaler as needed for asthma management.

**Follow-up:**
- Patient to return for follow-up in 5 days to assess response to treatment and adjust management if necessary.

**Referrals:**
- Referral to Dr. John Smith, Pulmonologist, for further evaluation if significant symptoms persist or worsen upon follow-up.
#####"|"#####
**1. Subjective:**

**CC:**
High fever, productive cough, and SOB.

**HPI:**
A 45 y/o Hispanic male, non-native English speaker, presents to the urgent care center with severe sx including high fever, productive cough with yellow-green sputum, SOB, and wheezing for the past 10 days. His sx have significantly impacted his ADLs, confining him to bed and preventing him from working. He reports poor sleep due to frequent coughing and reduced appetite, mainly consuming liquids. He denies tobacco, ETOH, or drug use. The pt is highly cooperative and has a college degree, but resides in an economically disadvantaged rural area with low pollution but some agricultural risks.

**ROS:**
- **Constitutional:** High fever, feeling very unwell, poor sleep.
- **Respiratory:** Productive cough, SOB, wheezing.
- **GI:** Reduced appetite.
- **General:** No significant weight loss noted.

**2. Objective:**

**VS:**
- Temp: Febrile
- RR: Rapid
- HR: Elevated

**PE:**
- **General:** Pt appears acutely ill, febrile, sweating.
- **Resp:** Decreased breath sounds bilaterally, significant wheezing, and crackles noted.
- **CV:** RRR, no murmurs.
- **Abd:** Soft, non-tender, no organomegaly.

**Investigation/Test Results:**
- **CXR:** Patchy infiltrates in both lungs.
- **Pending:** Sputum culture.
- **Blood Work:** CBC and Biochem results pending.

**3. Assessment:**

**Dx:**
Pneumonia 2/2 MRSA.

**4. Plan:**

**Tx:**
- Start Clindamycin 600mg IV q8h for 10 days.

**Recommendations:**
- Re-eval in 5 days.
- F/U CXR and repeat CBC and Biochem tests to monitor progress.

**Education and Counseling:**
- Discussed the importance of completing the full course of abx.
- Advised to stay well-hydrated and maintain as much rest as possible.
- Explained signs of potential complications (e.g., worsening SOB, increasing fever) and instructed to seek immediate medical attention if they occur.
- Provided education on proper use of the Albuterol inhaler PRN for asthma mgmt.

**F/U:**
- Pt to return for F/U in 5 days to assess response to tx and adjust mgmt if necessary.

**Referrals:**
- Referral to Dr. John Smith, Pulmonologist, for further eval if significant sx persist or worsen upon F/U.
#####"|Infectious Disease Specialist|"Sure, let's create the conversation between the doctor and the patient based on the provided clinical note.

---

**Doctor:** Hi there, how are you doing today?

**Patient:** Hi, not so well, doctor. I've been feeling very sick lately.

**Doctor:** I'm sorry to hear that. Can you tell me a bit more about what's been going on?

**Patient:** Yes, for about 10 days now, I've had a really high fever, a bad cough that brings up yellow-green stuff, and it's hard to breathe. I'm also wheezing a lot.

**Doctor:** That sounds very uncomfortable. Has this been affecting your daily activities?

**Patient:** Yes, I haven't been able to do much. I've been stuck in bed and can't go to work.

**Doctor:** I understand. How has this been affecting your sleep and appetite?

**Patient:** I haven't been sleeping well at all because of the coughing. And I really don't feel like eating; I've mostly been drinking liquids.

**Doctor:** Okay. Do you smoke or drink alcohol, or use any drugs?

**Patient:** No, I don't use any of those.

**Doctor:** Alright, that's good to know. Have you experienced any significant weight loss?

**Patient:** No, I don't think so.

**Doctor:** Let’s go over some other symptoms. Have you been feeling generally very unwell?

**Patient:** Yes, definitely.

**Doctor:** And besides the productive cough and shortness of breath, have you noticed any other respiratory symptoms?

**Patient:** Just the wheezing.

**Doctor:** How about your gastrointestinal system? Any changes there?

**Patient:** Just the reduced appetite.

**Doctor:** Got it. Your overall health and respiratory symptoms are very concerning. Let me take a look at your vital signs and do a quick physical examination.

**Patient:** Okay.

**Doctor:** Your temperature is quite high, you’re breathing rapidly, and your heart rate is elevated. Let me listen to your lungs.

**Patient:** Sure.

**Doctor:** I can hear decreased breath sounds on both sides, and there's significant wheezing and crackles. Your heart sounds normal, though, with no murmurs. Your abdomen feels soft and non-tender, which is good.

**Patient:** What does all that mean, doctor?

**Doctor:** Based on your symptoms and the examination, I'm concerned you might have pneumonia. We’ll confirm this with your chest X-ray and some blood tests. Let's also get a sputum culture to identify the specific bacteria causing this.

**Patient:** Okay, what did the chest X-ray show?

**Doctor:** The chest X-ray shows patchy infiltrates in both lungs, which is consistent with pneumonia. We’re still waiting on the sputum culture and blood work results.

**Patient:** Oh, I see.

**Doctor:** I believe you have pneumonia due to Methicillin-Resistant Staphylococcus Aureus (MRSA). We need to start you on antibiotics immediately.

**Patient:** What kind of treatment will that involve?

**Doctor:** We'll begin Clindamycin 600mg intravenously every 8 hours for the next 10 days. It's very important to complete the full course of antibiotics.

**Patient:** Got it.

**Doctor:** I also want you to come back in 5 days for a re-evaluation. We’ll do a follow-up chest X-ray and repeat the blood work to see how you’re responding to the treatment.

**Patient:** Okay, doctor.

**Doctor:** In the meantime, make sure you stay well-hydrated and rest as much as possible. If you notice any worsening of your symptoms, like increased shortness of breath or higher fever, seek immediate medical attention.

**Patient:** I will, doctor.

**Doctor:** Also, I’ll provide you with an Albuterol inhaler. It's important to use it properly to help manage the wheezing.

**Patient:** How do I use it?

**Doctor:** You take two puffs every 4-6 hours as needed for wheezing. Make sure you shake the inhaler well before each use and inhale deeply.

**Patient:** Okay, thank you for explaining.

**Doctor:** If your symptoms persist or worsen significantly, I may refer you to a pulmonologist for further evaluation. 

**Patient:** Alright, I understand.

**Doctor:** Do you have any questions for me right now?

**Patient:** No, I think you've covered everything.

**Doctor:** Great. I’ll see you in 5 days for your follow-up. In the meantime, take care and follow the treatment plan carefully.

**Patient:** Thank you, doctor. I will.

**Doctor:** You're welcome. Get well soon.

**Patient:** Thanks, goodbye.

---

This conversation covers all the relevant details from the clinical note and provides a realistic interaction between the doctor and the patient."|"[doctor]: Hi there, how are you doing today?

[patient]: Hi, not so well, doctor. I've been feeling very sick lately.

[doctor]: Hmm, I'm sorry to hear that. Can you tell me a bit more about what's been going on?

[patient]: Yeah, for about 10 days now, I've had a really high fever, a bad cough that brings up yellow-green stuff, and it's hard to breathe. I'm also wheezing a lot.

[doctor]: That sounds very uncomfortable. Has this been affecting your daily activities?

[patient]: Yes, I haven't been able to do much. I've been stuck in bed and can't go to work.

[doctor]: I understand. How has this been affecting your sleep and appetite?

[patient]: I haven't been sleeping well at all because of the coughing. And I really don't feel like eating; I've mostly been drinking liquids.

[doctor]: Okay. Do you smoke or drink alcohol, or use any drugs?

[patient]: No, I don't use any of those.

[doctor]: Alright, that's good to know. Have you experienced any significant weight loss?

[patient]: No, I don't think so.

[doctor]: Let’s go over some other symptoms. Have you been feeling generally very unwell?

[patient]: Yes, definitely.

[doctor]: And besides the productive cough and shortness of breath, have you noticed any other respiratory symptoms?

[patient]: Just the wheezing.

[doctor]: How about your gastrointestinal system? Any changes there?

[patient]: Just the reduced appetite.

[doctor]: Got it. Your overall health and respiratory symptoms are very concerning. Let me take a look at your vital signs and do a quick physical examination.

[patient]: Okay.

[doctor]: Your temperature is quite high, you’re breathing rapidly, and your heart rate is elevated. Let me listen to your lungs.

[patient]: Sure.

[doctor]: I can hear decreased breath sounds on both sides, and there's significant wheezing and crackles. Your heart sounds normal, though, with no murmurs. Your abdomen feels soft and non-tender, which is good.

[patient]: What does all that mean, doctor?

[doctor]: Based on your symptoms and the examination, I'm concerned you might have pneumonia. We’ll confirm this with your chest X-ray and some blood tests. Let's also get a sputum culture to identify the specific bacteria causing this.

[patient]: Okay, what did the chest X-ray show?

[doctor]: The chest X-ray shows patchy infiltrates in both lungs, which is consistent with pneumonia. We’re still waiting on the sputum culture and blood work results.

[patient]: Oh, I see.

[doctor]: I believe you have pneumonia due to Methicillin-Resistant Staphylococcus Aureus (MRSA). We need to start you on antibiotics immediately.

[patient]: What kind of treatment will that involve?

[doctor]: We'll begin Clindamycin 600mg intravenously every 8 hours for the next 10 days. It's very important to complete the full course of antibiotics.

[patient]: Got it.

[doctor]: I also want you to come back in 5 days for a re-evaluation. We’ll do a follow-up chest X-ray and repeat the blood work to see how you’re responding to the treatment.

[patient]: Okay, doctor.

[doctor]: In the meantime, make sure you stay well-hydrated and rest as much as possible. If you notice any worsening of your symptoms, like increased shortness of breath or higher fever, seek immediate medical attention.

[patient]: I will, doctor.

[doctor]: Also, I’ll provide you with an Albuterol inhaler. It's important to use it properly to help manage the wheezing.

[patient]: How do I use it?

[doctor]: You take two puffs every 4-6 hours as needed for wheezing. Make sure you shake the inhaler well before each use and inhale deeply.

[patient]: Okay, thank you for explaining.

[doctor]: If your symptoms persist or worsen significantly, I may refer you to a pulmonologist for further evaluation. 

[patient]: Alright, I understand.

[doctor]: Do you have any questions for me right now?

[patient]: No, I think you've covered everything.

[doctor]: Great. I’ll see you in 5 days for your follow-up. In the meantime, take care and follow the treatment plan carefully.

[patient]: Thank you, doctor. I will.

[doctor]: You're welcome. Get well soon.

[patient]: Thanks, goodbye."
PNEUMONIA DUE TO METHICILLIN RESISTANT STAPHYLOCOCCUS AUREUS|"ROLE: Infectious Disease Specialist

**Scenario:**

* **Medical Outcome:**
  * Diagnosis: Pneumonia due to Methicillin-resistant Staphylococcus aureus (MRSA)
  * Prescribed Treatment: 
    * Doxycycline 100mg, oral, twice daily for 14 days
    * Supportive Treatment: Nebulized albuterol, every 4 hours as needed for wheezing
  * Follow-up Recommendations: 
    * Follow-up in 10 days to assess treatment response and repeat chest X-ray
  * Order for Imaging:
    * High-Resolution CT scan of the chest for better visualization of lung tissues
  * Order for Blood Work:
    * Biochemistry: complete blood count with differential, C-reactive protein (CRP), blood cultures
  * Referral:
    * Infectious Diseases Specialist: Dr. James Nguyen for ongoing management

* **Medical History:**
  * Previous Diagnoses: Chronic kidney disease Stage 3, Hyperlipidemia
  * Medications: Atorvastatin 40mg daily, Lisinopril 10mg daily
  * Family Medical History: Father had coronary artery disease
  * Allergies: None

* **Symptom Description:**
  * Severity: Moderate
  * Duration: 4 days
  * Associated Symptoms: Persistent dry cough, mild fever, malaise, and night sweats
  * Frequency: Constant
  * Impact on Daily Activities: Limited ability to walk long distances and perform daily activities without experiencing tiredness 

* **Patient’s self-reported habits and lifestyle:**
  * Sleep: Waking up frequently at night due to coughing
  * Diet: Previously balanced diet, now reduced intake due to loss of appetite
  * Exercise: Previously active, now limited to minimal activities due to fatigue
  * Tobacco Use: Yes, currently smokes 5 cigarettes per day
  * Alcohol Consumption: Occasional, 2-3 drinks per week
  * Recreational Activities: Enjoys watching movies and playing with grandchildren, now limited due to symptoms

* **Demographic Information:**
  * Age: 70
  * Gender: Male
  * Ethnicity: African American
  * Socio-economic Status: Low-income
  * Education Level: High school dropout
  * Health Literacy: Low
  * Job Status: Retired factory worker

* **Patient's Behavior:**
  * Level of Patient's Cooperation: Shows a degree of compliance but expresses concerns about the cost of medications

* **Geographical Location:**
  * Rural
  * Impoverished neighborhood, limited access to healthcare and pharmacy services

* **Clinical Setting:**
  * Emergency Department

* **Type of Encounter:**
  * Emergency Visit

* **Treatment Disparities:**
  * Limited access to follow-up care due to transportation issues and financial constraints

* **Native or Non-Native English Speaking Patient:**
  * Native English Speaking

* **Physical exams:**
  * Respiratory: Rhonchi and coarse crackles heard in both lower lobes, reduced breath sounds
  * Cardiovascular: Elevated heart rate, normal heart sounds
  * General: Low-grade fever at 100.4°F, moderate respiratory distress

* **Investigation/Test results:**
  * Awaiting results from high-resolution CT scan of the chest and blood work ordered"|"#####
1. Subjective:
    - **Chief Complaint (CC):** 
        - Persistent dry cough, mild fever, malaise, and night sweats for the past 4 days.
    - **History of Present Illness (HPI):**
        - The patient, Mr. John Smith, a 70-year-old African American male, presents to the Emergency Department with a 4-day history of persistent dry cough, mild fever, malaise, and night sweats. He reports limited ability to walk long distances and perform daily activities due to fatigue and tiredness. He also mentions frequent waking at night due to coughing and reduced appetite.
    - **Review of Systems (ROS):**
        - **General:** Malaise, night sweats
        - **Respiratory:** Persistent dry cough, moderate respiratory distress, wheezing
        - **Cardiovascular:** Elevated heart rate (tachycardia)
        - **Gastrointestinal:** Reduced appetite 
        - **Sleep:** Frequent waking at night due to coughing

2. Objective:
    - **Vital Signs:**
        - Temperature: 100.4°F (low-grade fever)
        - Heart Rate: Elevated
    - **Physical Examination:**
        - **Respiratory:** Rhonchi and coarse crackles heard bilaterally in the lower lobes, reduced breath sounds
        - **Cardiovascular:** Elevated heart rate, normal heart sounds
        - **General:** Moderate respiratory distress observed
    - **Investigations:**
        - Awaiting results from high-resolution CT scan of the chest
        - Awaiting results from blood work including complete blood count with differential, C-reactive protein (CRP), and blood cultures

3. Assessment:
    - **Diagnosis:** 
        - Pneumonia due to Methicillin-resistant Staphylococcus aureus (MRSA)

4. Plan:
    - **Medications:**
        - Doxycycline 100mg, oral, twice daily for 14 days
        - Nebulized albuterol, every 4 hours as needed for wheezing
    - **Follow-up Recommendations:**
        - Follow-up in 10 days to assess treatment response and repeat chest X-ray
    - **Imaging:**
        - High-Resolution CT scan of the chest for better visualization of lung tissues
    - **Blood Work:**
        - Complete blood count with differential
        - C-reactive protein (CRP)
        - Blood cultures
    - **Referral:**
        - Infectious Diseases Specialist: Dr. James Nguyen for ongoing management
    - **Additional Considerations:**
        - Address transportation and financial constraints to ensure patient adherence to follow-up and medication plan
        - Discuss smoking cessation resources and strategies with the patient to aid recovery and prevent further complications

#####"|"#####
1. Subjective:
    - **Chief Complaint (CC):** 
        - Persistent dry cough, mild fever, malaise, and night sweats for the past 4 days.
    - **History of Present Illness (HPI):**
        - The patient, Mr. John Smith, a 70-year-old African American male, presents to the Emergency Department with a 4-day history of persistent dry cough, mild fever, malaise, and night sweats. He reports limited ability to walk long distances and perform daily activities due to fatigue and tiredness. He also mentions frequent waking at night due to coughing and reduced appetite.
    - **Review of Systems (ROS):**
        - **General:** Malaise, night sweats
        - **Respiratory:** Persistent dry cough, moderate respiratory distress, wheezing
        - **Cardiovascular:** Elevated heart rate (tachycardia)
        - **Gastrointestinal:** Reduced appetite 
        - **Sleep:** Frequent waking at night due to coughing

2. Objective:
    - **Vital Signs:**
        - Temperature: 100.4°F (low-grade fever)
        - Heart Rate: Elevated
    - **Physical Examination:**
        - **Respiratory:** Rhonchi and coarse crackles heard bilaterally in the lower lobes, reduced breath sounds
        - **Cardiovascular:** Elevated heart rate, normal heart sounds
        - **General:** Moderate respiratory distress observed

3. Assessment:
    - **Diagnosis:** 
        - Pneumonia due to Methicillin-resistant Staphylococcus aureus (MRSA)

4. Plan:
    - **Medications:**
        - Doxycycline 100mg, oral, twice daily for 14 days
        - Nebulized albuterol, every 4 hours as needed for wheezing
    - **Follow-up Recommendations:**
        - Follow-up in 10 days to assess treatment response and repeat chest X-ray
    - **Imaging:**
        - High-Resolution CT scan of the chest for better visualization of lung tissues
    - **Blood Work:**
        - Complete blood count with differential
        - C-reactive protein (CRP)
        - Blood cultures
    - **Referral:**
        - Infectious Diseases Specialist: Dr. James Nguyen for ongoing management
    - **Additional Considerations:**
        - Address transportation and financial constraints to ensure patient adherence to follow-up and medication plan
        - Discuss smoking cessation resources and strategies with the patient to aid recovery and prevent further complications"|"#####
1. Subjective:
    - **CC:** 
        - Persistent dry cough, mild fever, malaise, and night sweats for the past 4 days.
    - **HPI:**
        - The patient, Mr. John Smith, a 70-year-old African American male, presents to the ED with a 4-day hx of persistent dry cough, mild fever, malaise, and night sweats. He reports limited ability to walk long distances and perform ADLs due to fatigue and tiredness. He also mentions frequent waking at night due to coughing and reduced appetite.
    - **ROS:**
        - **General:** Malaise, night sweats
        - **Resp:** Persistent dry cough, moderate resp distress, wheezing
        - **CV:** Tachycardia
        - **GI:** Reduced appetite 
        - **Sleep:** Frequent waking at night due to coughing

2. Objective:
    - **VS:**
        - Temp: 100.4°F (low-grade fever)
        - HR: Elevated
    - **PE:**
        - **Resp:** Rhonchi and coarse crackles heard bilaterally in the lower lobes, reduced breath sounds
        - **CV:** Tachycardia, normal heart sounds
        - **General:** Moderate resp distress observed

3. Assessment:
    - **Dx:** 
        - PNA due to MRSA

4. Plan:
    - **Meds:**
        - Doxycycline 100mg PO BID x14 days
        - Nebulized albuterol q4h PRN wheezing
    - **F/U:**
        - F/U in 10 days to assess tx response and repeat CXR
    - **Imaging:**
        - HRCT chest for better visualization of lung tissues
    - **Labs:**
        - CBC w/ diff
        - CRP
        - Blood cx
    - **Referral:**
        - ID Specialist: Dr. James Nguyen for ongoing mgmt
    - **Additional Considerations:**
        - Address transportation and financial constraints to ensure pt adherence to F/U and med plan
        - Discuss smoking cessation resources and strategies with the pt to aid recovery and prevent further complications"|Infectious Disease Specialist|"#####
[doctor] Hello, Mr. Smith. How are you feeling today?
[patient] Hello, Doctor. I've been better. I've had this persistent dry cough, mild fever, and I just feel overall unwell. It's been going on for the past four days.
[doctor] I see. Can you tell me more about your symptoms? How has this been affecting your daily life?
[patient] Well, I have limited ability to walk long distances or perform my usual daily activities because I feel so fatigued and tired. I also wake up frequently at night because of the coughing, and my appetite has reduced.
[doctor] That sounds quite uncomfortable. Have you experienced any other symptoms like night sweats or malaise?
[patient] Yes, I've had night sweats and just a general feeling of malaise.
[doctor] Okay, and how about any respiratory issues like wheezing or moderate respiratory distress?
[patient] Yes, there is wheezing and I feel like I'm in moderate respiratory distress at times.
[doctor] Alright, and have you noticed an elevated heart rate or any cardiovascular symptoms?
[patient] I think my heart rate has been elevated, but I haven't noticed any specific cardiovascular symptoms.
[doctor] Okay, and you mentioned your reduced appetite earlier. Has there been any gastrointestinal distress?
[patient] No, just the reduced appetite.
[doctor] Understood. Let’s go over your vital signs. Your temperature is 100.4°F, which indicates a low-grade fever, and your heart rate is elevated. I can hear rhonchi and coarse crackles bilaterally in the lower lobes of your lungs, and your breath sounds are reduced. You also appear to be in moderate respiratory distress.
[patient] Yes, it’s been quite difficult.
[doctor] We are awaiting the results from a high-resolution CT scan of your chest and some blood work, including a complete blood count with differential, C-reactive protein (CRP), and blood cultures.
[patient] Alright.
[doctor] Based on your symptoms and our findings so far, I am diagnosing you with pneumonia due to Methicillin-resistant Staphylococcus aureus (MRSA).
[patient] Oh, I see. That sounds serious.
[doctor] It can be, but we will start you on medications right away. I am prescribing Doxycycline 100mg, oral, twice daily for 14 days. Additionally, you will need nebulized albuterol every 4 hours as needed for wheezing.
[patient] Okay, I can do that.
[doctor] I also recommend that you follow up in 10 days to assess your treatment response and to repeat the chest X-ray.
[patient] Alright, I will do that.
[doctor] For better visualization of your lung tissues, we will conduct a High-Resolution CT scan of your chest.
[patient] Sounds good.
[doctor] We will also perform some blood work, including a complete blood count with differential, C-reactive protein (CRP), and blood cultures.
[patient] Okay.
[doctor] I will refer you to an Infectious Diseases Specialist, Dr. James Nguyen, for ongoing management.
[patient] Thank you, Doctor.
[doctor] We also need to address any transportation or financial constraints you might have to ensure you adhere to the follow-up and medication plan.
[patient] Yes, I do have some concerns about that.
[doctor] We will work with you on those. Additionally, I would like to discuss smoking cessation resources and strategies with you to aid in your recovery and to prevent further complications. Do you currently smoke?
[patient] Yes, I do. I know I need to quit.
[doctor] It’s a good step towards recovery. We can provide you with resources to help you quit smoking. Do you have any other questions for me?
[patient] How long do you think it will take for me to feel better?
[doctor] With the right treatment, you should start feeling better in a few days, but it may take a couple of weeks for full recovery. It’s important to follow the treatment plan closely and attend your follow-up appointment.
[patient] Alright, thank you.
[doctor] You're welcome. If you have any concerns or if your symptoms worsen, please don't hesitate to contact us.
[patient] I will. Thank you, Doctor.
[doctor] Take care, Mr. Smith. We’ll see you in 10 days for your follow-up.
[patient] Okay, goodbye.
[doctor] Goodbye."|"[doctor]: Hello, Mr. Smith. How are you feeling today?

[patient]: Hello, Doctor. I've been better. I've had this persistent dry cough, mild fever, and I just feel overall unwell. It's been going on for the past four days.

[doctor]: Hmm, I see. Can you tell me more about your symptoms? How has this been affecting your daily life?

[patient]: Well, I have limited ability to walk long distances or perform my usual daily activities because I feel so fatigued and tired. I also wake up frequently at night because of the coughing, and my appetite has reduced.

[doctor]: That sounds quite uncomfortable. Have you experienced any other symptoms like night sweats or malaise?

[patient]: Yeah, I've had night sweats and just a general feeling of malaise.

[doctor]: Okay, and how about any respiratory issues like wheezing or moderate respiratory distress?

[patient]: Yes, there is wheezing and I feel like I'm in moderate respiratory distress at times.

[doctor]: Alright, and have you noticed an elevated heart rate or any cardiovascular symptoms?

[patient]: I think my heart rate has been elevated, but I haven't noticed any specific cardiovascular symptoms.

[doctor]: Okay, and you mentioned your reduced appetite earlier. Has there been any gastrointestinal distress?

[patient]: No, just the reduced appetite.

[doctor]: Understood. Let’s go over your vital signs. Your temperature is 100.4°F, which indicates a low-grade fever, and your heart rate is elevated. I can hear rhonchi and coarse crackles bilaterally in the lower lobes of your lungs, and your breath sounds are reduced. You also appear to be in moderate respiratory distress.

[patient]: Yes, it’s been quite difficult.

[doctor]: We are awaiting the results from a high-resolution CT scan of your chest and some blood work, including a complete blood count with differential, C-reactive protein (CRP), and blood cultures.

[patient]: Alright.

[doctor]: Based on your symptoms and our findings so far, I am diagnosing you with pneumonia due to Methicillin-resistant Staphylococcus aureus (MRSA).

[patient]: Oh, I see. That sounds serious.

[doctor]: It can be, but we will start you on medications right away. I am prescribing Doxycycline 100mg, oral, twice daily for 14 days. Additionally, you will need nebulized albuterol every 4 hours as needed for wheezing.

[patient]: Okay, I can do that.

[doctor]: I also recommend that you follow up in 10 days to assess your treatment response and to repeat the chest X-ray.

[patient]: Alright, I will do that.

[doctor]: For better visualization of your lung tissues, we will conduct a High-Resolution CT scan of your chest.

[patient]: Sounds good.

[doctor]: We will also perform some blood work, including a complete blood count with differential, C-reactive protein (CRP), and blood cultures.

[patient]: Okay.

[doctor]: I will refer you to an Infectious Diseases Specialist, Dr. James Nguyen, for ongoing management.

[patient]: Thank you, Doctor.

[doctor]: We also need to address any transportation or financial constraints you might have to ensure you adhere to the follow-up and medication plan.

[patient]: Yes, I do have some concerns about that.

[doctor]: We will work with you on those. Additionally, I would like to discuss smoking cessation resources and strategies with you to aid in your recovery and to prevent further complications. Do you currently smoke?

[patient]: Yes, I do. I know I need to quit.

[doctor]: It’s a good step towards recovery. We can provide you with resources to help you quit smoking. Do you have any other questions for me?

[patient]: How long do you think it will take for me to feel better?

[doctor]: With the right treatment, you should start feeling better in a few days, but it may take a couple of weeks for full recovery. It’s important to follow the treatment plan closely and attend your follow-up appointment.

[patient]: Alright, thank you.

[doctor]: You're welcome. If you have any concerns or if your symptoms worsen, please don't hesitate to contact us.

[patient]: I will. Thank you, Doctor.

[doctor]: Take care, Mr. Smith. We’ll see you in 10 days for your follow-up.

[patient]: Okay, goodbye.

[doctor]: Goodbye."
PNEUMONIA DUE TO METHICILLIN RESISTANT STAPHYLOCOCCUS AUREUS|"ROLE: Infectious Disease Specialist

**Medical Outcome:**
- Diagnosis: Pneumonia due to Methicillin-resistant Staphylococcus aureus (MRSA)
- Prescribed Treatment: 
    - Vancomycin 1g IV every 12 hours for 7 days
    - Levofloxacin 500mg oral daily for 7 days
    - Follow-up recommendations: Reassessment in 7 days
    - Referral to further tests or imaging: Chest X-ray to assess lung condition
    - Lifestyle changes: Advise on smoking cessation and alcohol reduction

**Medical History:**
- Previous Diagnoses: Chronic Obstructive Pulmonary Disease (COPD), Hypertension
- Family Medical History: Father had cardiovascular disease, Mother had Type 2 Diabetes
- Medication History: Enalapril for hypertension, Albuterol inhaler for COPD
- Allergies: Penicillin (rash), Aspirin (gastrointestinal upset)
- Chronic Conditions: COPD 

**Symptom Description:**
- Severity: Severe
- Duration: 5 days
- Associated Symptoms: Fever, chills, productive cough with green sputum, shortness of breath
- Frequency: Constant
- Impact on Daily Activities: Bedridden, unable to perform daily activities

**Patient’s self-reported habits and lifestyle:**
- Sleep: 4-5 hours per night, often disrupted by coughing
- Diet: Unbalanced, predominantly fast food
- Exercise: Minimal due to COPD
- Tobacco Use: Smokes 1 pack per day for 20 years
- Alcohol Consumption: Consumes 2-3 beers daily
- Drug Use: Denies
- Recreational Activities: Watch TV, minimal outdoor activities

**Demographic Information:**
- Age: 52
- Gender: Male
- Ethnicity: Caucasian
- Socio-economic Status: Middle-class
- Education Level: High school diploma
- Health Literacy: Low
- Job Status: Retired due to COPD

**Patient's Behavior:**
- Moderate cooperation with medical advice, has history of non-compliance regarding smoking cessation

**Geographical Location:**
- Big City vs Small City: Small City
- Rural vs Urban: Rural
- Pollution and Environmental Health Risks: Moderate pollution level from nearby industrial plants
- Neighborhood Type: Impoverished, limited access to healthcare services, food desert

**Clinical Setting:**
- Hospitals: Hospital emergency department

**Type of Encounter:**
- Emergency Visit

**Treatment Disparities:**
- Given the impoverished neighborhood, patient has limited access to healthcare services, potentially leading to delay in seeking medical care

**Native or Non-Native English Speaking Patient:**
- Native English Speaker

**Physical exams:**
- Lung examination: Bilateral crackles and wheezing, decreased breath sounds in lower lobes
- Vital Signs: Fever 102°F, HR 110 bpm, BP 135/85 mmHg, SpO2 88% on room air

**Investigation/Test results:**
- Awaiting blood culture results
- Awaiting results from recent chest X-ray to evaluate lung involvement

This scenario provides a comprehensive overview to create a detailed synthetic medical note for a patient diagnosed with Pneumonia due to Methicillin-resistant Staphylococcus aureus (MRSA)."|"### Subjective:

**Chief Complaint (CC):**
Severe shortness of breath, productive cough with green sputum, fever, and chills.

**History of Present Illness (HPI):**
John Smith is a 52-year-old Caucasian male who presented to the emergency department with severe shortness of breath, productive cough with green sputum, fever, and chills for the past 5 days. The patient reports that his symptoms have progressively worsened, rendering him bedridden and unable to perform daily activities. He has a history of Chronic Obstructive Pulmonary Disease (COPD) and is currently experiencing exacerbation of his breathing difficulties. His cough has been constant, and he has been experiencing disrupted sleep, averaging 4-5 hours per night. He denies any recent travel or known exposure to sick contacts.

**Medical History:**
- Chronic Obstructive Pulmonary Disease (COPD)
- Hypertension

**Family Medical History:**
- Father: Cardiovascular disease
- Mother: Type 2 Diabetes

**Medication History:**
- Enalapril for hypertension
- Albuterol inhaler for COPD

**Allergies:**
- Penicillin (rash)
- Aspirin (gastrointestinal upset)

**Review of Systems (ROS):**
- **Constitutional:** Reports fever and chills.
- **Respiratory:** Reports severe shortness of breath and productive cough with green sputum.
- **Cardiovascular:** Denies chest pain or palpitations.
- **Neurological:** Denies headache or dizziness.
- **Gastrointestinal:** Denies nausea, vomiting, or diarrhea.

### Objective:

**Vital Signs:**
- Temperature: 102°F
- Heart Rate: 110 bpm
- Blood Pressure: 135/85 mmHg
- Respiratory Rate: 24 breaths per minute
- Oxygen Saturation: 88% on room air

**Physical Exam:**
- **General:** Appears ill and in respiratory distress.
- **CV:** Tachycardia, no murmurs or gallops.
- **RESP:** Bilateral crackles and wheezing, decreased breath sounds in lower lobes.
- **ABD:** Soft, non-tender, no hepatosplenomegaly.
- **EXT:** No edema, cyanosis, or clubbing.

**Results:**
- Blood cultures pending.
- Awaiting results from recent chest X-ray to evaluate lung involvement.

### Assessment:

**Primary Diagnosis:**
- Pneumonia due to Methicillin-resistant Staphylococcus aureus (MRSA).

**Secondary Diagnoses:**
- Chronic Obstructive Pulmonary Disease (COPD) exacerbation.
- Hypertension.

### Plan:

1. **Medications:**
   - Vancomycin 1g IV every 12 hours for 7 days.
   - Levofloxacin 500mg oral daily for 7 days.
  
2. **Follow-up:**
   - Reassessment in 7 days.

3. **Tests/Imaging:**
   - Chest X-ray to assess lung condition.
   - Continue monitoring blood culture results.

4. **Lifestyle Modifications:**
   - Advise on smoking cessation and provide resources for smoking cessation programs.
   - Recommend reducing alcohol consumption to no more than 1-2 drinks per week.

5. **Patient Education:**
   - Explain the importance of medication adherence and follow-up appointments.
   - Discuss the high risk of complications due to MRSA pneumonia and COPD.

6. **Discharge Instructions:**
   - Instruct the patient to return to the emergency department if experiencing increased shortness of breath, chest pain, or any other concerning symptoms.
   - Encourage hydration and rest.
   - Ensure understanding of the medication regimen and potential side effects.

**Notes:**
- Given the patient's socioeconomic status and residing in a food desert, consider involving a social worker to assist with access to healthier food options and more comprehensive healthcare services.
"|"### Subjective:

**Chief Complaint (CC):**
Severe shortness of breath, productive cough with green sputum, fever, and chills.

**History of Present Illness (HPI):**
John Smith is a 52-year-old Caucasian male who presented to the emergency department with severe shortness of breath, productive cough with green sputum, fever, and chills for the past 5 days. The patient reports that his symptoms have progressively worsened, rendering him bedridden and unable to perform daily activities. He has a history of Chronic Obstructive Pulmonary Disease (COPD) and is currently experiencing exacerbation of his breathing difficulties. His cough has been constant, and he has been experiencing disrupted sleep, averaging 4-5 hours per night. He denies any recent travel or known exposure to sick contacts.

**Medical History:**
- Chronic Obstructive Pulmonary Disease (COPD)
- Hypertension

**Family Medical History:**
- Father: Cardiovascular disease
- Mother: Type 2 Diabetes

**Medication History:**
- Enalapril for hypertension
- Albuterol inhaler for COPD

**Allergies:**
- Penicillin (rash)
- Aspirin (gastrointestinal upset)

**Review of Systems (ROS):**
- **Constitutional:** Reports fever and chills.
- **Respiratory:** Reports severe shortness of breath and productive cough with green sputum.
- **Cardiovascular:** Denies chest pain or palpitations.
- **Neurological:** Denies headache or dizziness.
- **Gastrointestinal:** Denies nausea, vomiting, or diarrhea.

### Objective:

**Vital Signs:**
- Temperature: 102°F
- Heart Rate: 110 bpm
- Blood Pressure: 135/85 mmHg
- Respiratory Rate: 24 breaths per minute
- Oxygen Saturation: 88% on room air

**Physical Exam:**
- **General:** Appears ill and in respiratory distress.
- **CV:** Tachycardia, no murmurs or gallops.
- **RESP:** Bilateral crackles and wheezing, decreased breath sounds in lower lobes.
- **ABD:** Soft, non-tender, no hepatosplenomegaly.
- **EXT:** No edema, cyanosis, or clubbing.

**Results:**
- Blood cultures pending.

### Assessment:

**Primary Diagnosis:**
- Pneumonia due to Methicillin-resistant Staphylococcus aureus (MRSA).

**Secondary Diagnoses:**
- Chronic Obstructive Pulmonary Disease (COPD) exacerbation.
- Hypertension.

### Plan:

1. **Medications:**
   - Vancomycin 1g IV every 12 hours for 7 days.
   - Levofloxacin 500mg oral daily for 7 days.
  
2. **Follow-up:**
   - Reassessment in 7 days.

3. **Tests/Imaging:**
   - Chest X-ray to assess lung condition.
   - Continue monitoring blood culture results.

4. **Lifestyle Modifications:**
   - Advise on smoking cessation and provide resources for smoking cessation programs.
   - Recommend reducing alcohol consumption to no more than 1-2 drinks per week.

5. **Patient Education:**
   - Explain the importance of medication adherence and follow-up appointments.
   - Discuss the high risk of complications due to MRSA pneumonia and COPD.

6. **Discharge Instructions:**
   - Instruct the patient to return to the emergency department if experiencing increased shortness of breath, chest pain, or any other concerning symptoms.
   - Encourage hydration and rest.
   - Ensure understanding of the medication regimen and potential side effects.

7. **Referral:**
   - Refer to Dr. Emily Johnson, Pulmonologist, for further management of COPD exacerbation and pneumonia. 

**Notes:**
- Given the patient's socioeconomic status and residing in a food desert, consider involving a social worker to assist with access to healthier food options and more comprehensive healthcare services."|"### Subjective:

**CC:**
Severe SOB, productive cough with green sputum, fever, and chills.

**HPI:**
John Smith is a 52 y/o Caucasian M who presented to the ED with severe SOB, productive cough with green sputum, fever, and chills for the past 5 days. Pt reports that his sx have progressively worsened, rendering him bedridden and unable to perform ADLs. He has a hx of COPD and is currently experiencing exacerbation of his breathing difficulties. His cough has been constant, and he has been experiencing disrupted sleep, averaging 4-5 hrs per night. He denies any recent travel or known exposure to sick contacts.

**Medical Hx:**
- COPD
- HTN

**Family Medical Hx:**
- Father: CVD
- Mother: T2DM

**Medication Hx:**
- Enalapril for HTN
- Albuterol inhaler for COPD

**Allergies:**
- PCN (rash)
- ASA (GI upset)

**ROS:**
- **Constitutional:** Reports fever and chills.
- **Respiratory:** Reports severe SOB and productive cough with green sputum.
- **Cardiovascular:** Denies CP or palpitations.
- **Neurological:** Denies HA or dizziness.
- **Gastrointestinal:** Denies N/V/D.

### Objective:

**VS:**
- Temp: 102°F
- HR: 110 bpm
- BP: 135/85 mmHg
- RR: 24 bpm
- O2 Sat: 88% on RA

**Physical Exam:**
- **General:** Appears ill and in respiratory distress.
- **CV:** Tachycardia, no murmurs or gallops.
- **RESP:** Bilateral crackles and wheezing, decreased breath sounds in lower lobes.
- **ABD:** Soft, non-tender, no HSM.
- **EXT:** No edema, cyanosis, or clubbing.

**Results:**
- Blood cultures pending.

### Assessment:

**Primary Dx:**
- PNA due to MRSA.

**Secondary Dx:**
- COPD exacerbation.
- HTN.

### Plan:

1. **Medications:**
   - Vanco 1g IV q12h x7d.
   - Levofloxacin 500mg PO daily x7d.
  
2. **Follow-up:**
   - Reassessment in 7 days.

3. **Tests/Imaging:**
   - CXR to assess lung condition.
   - Continue monitoring blood culture results.

4. **Lifestyle Modifications:**
   - Advise on smoking cessation and provide resources for smoking cessation programs.
   - Recommend reducing EtOH consumption to no more than 1-2 drinks per week.

5. **Patient Education:**
   - Explain the importance of medication adherence and follow-up appointments.
   - Discuss the high risk of complications due to MRSA PNA and COPD.

6. **Discharge Instructions:**
   - Instruct the pt to return to the ED if experiencing increased SOB, CP, or any other concerning sx.
   - Encourage hydration and rest.
   - Ensure understanding of the med regimen and potential side effects.

7. **Referral:**
   - Refer to Dr. Emily Johnson, Pulmonologist, for further mgmt of COPD exacerbation and PNA.

**Notes:**
- Given the pt's socioeconomic status and residing in a food desert, consider involving a SW to assist with access to healthier food options and more comprehensive healthcare services."|Infectious Disease Specialist|"**Conversation:**

[doctor] Hi, John. How are you feeling today?

[patient] Hi, doctor. I'm really not doing well. I've been having really bad shortness of breath and this awful cough. It's been going on for about five days now.

[doctor] I'm sorry to hear that. Can you tell me more about your symptoms?

[patient] Sure. I've had this constant cough with green sputum, and I've also been having a fever and chills. It's getting worse every day. I can hardly get out of bed.

[doctor] Okay, that sounds very concerning. Have you had any recent travel or been around anyone who is sick?

[patient] No, I haven't traveled anywhere recently, and I don't know anyone who's been sick.

[doctor] Got it. How about your sleep? Have you been able to rest at all?

[patient] I've barely been sleeping. Maybe 4 to 5 hours a night. The cough keeps waking me up.

[doctor] I understand. Let's talk a bit about your medical history. I see you have Chronic Obstructive Pulmonary Disease (COPD) and hypertension. Is that correct?

[patient] Yes, that's right.

[doctor] And you’re taking Enalapril for hypertension and an Albuterol inhaler for COPD?

[patient] Yes, that's what I take.

[doctor] Do you have any allergies to medications?

[patient] I'm allergic to penicillin; it gives me a rash. And aspirin upsets my stomach.

[doctor] Okay, thank you for that information. I also see that your father had cardiovascular disease and your mother has type 2 diabetes. Is that correct?

[patient] Yes, that's correct.

[doctor] Alright, let's review your symptoms. You're reporting severe shortness of breath, a productive cough with green sputum, fever, and chills. Is that right?

[patient] Yes, that's right.

[doctor] Are you experiencing any chest pain or palpitations?

[patient] No, no chest pain or palpitations.

[doctor] How about headaches or dizziness?

[patient] No, none of those either.

[doctor] Any nausea, vomiting, or diarrhea?

[patient] No, just the cough and shortness of breath.

[doctor] Thank you for that. I’m going to check your vital signs and perform a physical exam now. Your temperature is 102°F, heart rate is 110 beats per minute, blood pressure is 135/85 mmHg, respiratory rate is 24 breaths per minute, and your oxygen saturation is 88% on room air. You are in respiratory distress and appear quite ill.

[patient] Yeah, I feel awful.

[doctor] On examination, your heart is tachycardic but there are no murmurs or gallops. Your lungs have bilateral crackles and wheezing, and decreased breath sounds in the lower lobes. Your abdomen is soft and non-tender, and there’s no edema, cyanosis, or clubbing in your extremities.

[patient] Okay, what does that all mean?

[doctor] It indicates that you might have an infection in your lungs, likely pneumonia, and it’s causing your COPD to flare up. We are waiting for the results of your blood cultures and a chest X-ray to get more information.

[patient] So, what happens next?

[doctor] Based on your symptoms and examination, we suspect that you have pneumonia caused by Methicillin-resistant Staphylococcus aureus (MRSA). We will start you on Vancomycin 1g IV every 12 hours and Levofloxacin 500mg orally once daily for 7 days.

[patient] Alright, and what else do I need to do?

[doctor] We’ll need to see you again in 7 days to reassess your condition. In the meantime, we'll monitor your blood culture results and the chest X-ray to see how your lungs are doing.

[patient] Okay, anything else?

[doctor] Yes, I strongly advise you to stop smoking. Smoking is making your COPD worse and increasing your risk of infections like pneumonia. I'll provide resources to help you quit. Also, try to reduce your alcohol intake to no more than 1-2 drinks per week.

[patient] I know I need to quit smoking. I'll try.

[doctor] It’s very important. We need you to stay hydrated and rest as much as possible. If you experience increased shortness of breath, chest pain, or any other concerning symptoms, return to the emergency department immediately.

[patient] Okay, I’ll do that.

[doctor] Lastly, I’ll involve a social worker to help you access healthier food options and other healthcare services, given your current living situation.

[patient] Thank you, that would be helpful.

[doctor] You’re welcome. Make sure you follow the medication regimen and come back for your follow-up appointment. Do you have any questions about the treatment plan?

[patient] No, I think I understand everything.

[doctor] Great. Take care of yourself, and we'll see you in 7 days for reassessment. If you need anything before then, don’t hesitate to reach out.

[patient] Thank you, doctor. I appreciate it.

[doctor] You're welcome, John. Get well soon. Goodbye.

[patient] Goodbye."|"[doctor] Hi, John. How are you feeling today?

[patient] Hi, doctor. I'm really not doing well. I've been having really bad shortness of breath and this awful cough. It's been going on for about five days now.

[doctor] Hmm, I'm sorry to hear that. Can you tell me more about your symptoms?

[patient] Sure. I've had this constant cough with green sputum, and I've also been having a fever and chills. It's getting worse every day. I can hardly get out of bed.

[doctor] Okay, that sounds very concerning. Have you had any recent travel or been around anyone who is sick?

[patient] No, I haven't traveled anywhere recently, and I don't know anyone who's been sick.

[doctor] Got it, got it. How about your sleep? Have you been able to rest at all?

[patient] I've barely been sleeping. Maybe 4 to 5 hours a night. The cough keeps waking me up.

[doctor] I understand. Let's talk a bit about your medical history. I see you have Chronic Obstructive Pulmonary Disease (COPD) and hypertension. Is that correct?

[patient] Yes, that's right.

[doctor] And you’re taking Enalapril for hypertension and an Albuterol inhaler for COPD?

[patient] Yes, that's what I take.

[doctor] Do you have any allergies to medications?

[patient] I'm allergic to penicillin; it gives me a rash. And aspirin upsets my stomach.

[doctor] Okay, thank you for that information. I also see that your father had cardiovascular disease and your mother has type 2 diabetes. Is that correct?

[patient] Yes, that's correct.

[doctor] Alright, let's review your symptoms. You're reporting severe shortness of breath, a productive cough with green sputum, fever, and chills. Is that right?

[patient] Yes, that's right.

[doctor] Are you experiencing any chest pain or palpitations?

[patient] No, no chest pain or palpitations.

[doctor] How about headaches or dizziness?

[patient] No, none of those either.

[doctor] Any nausea, vomiting, or diarrhea?

[patient] No, just the cough and shortness of breath.

[doctor] Thank you for that. I’m going to check your vital signs and perform a physical exam now. Your temperature is 102°F, heart rate is 110 beats per minute, blood pressure is 135/85 mmHg, respiratory rate is 24 breaths per minute, and your oxygen saturation is 88% on room air. You are in respiratory distress and appear quite ill.

[patient] Yeah, I feel awful.

[doctor] On examination, your heart is tachycardic but there are no murmurs or gallops. Your lungs have bilateral crackles and wheezing, and decreased breath sounds in the lower lobes. Your abdomen is soft and non-tender, and there’s no edema, cyanosis, or clubbing in your extremities.

[patient] Okay, what does that all mean?

[doctor] It indicates that you might have an infection in your lungs, likely pneumonia, and it’s causing your COPD to flare up. We are waiting for the results of your blood cultures and a chest X-ray to get more information.

[patient] So, what happens next?

[doctor] Based on your symptoms and examination, we suspect that you have pneumonia caused by Methicillin-resistant Staphylococcus aureus (MRSA). We will start you on Vancomycin 1g IV every 12 hours and Levofloxacin 500mg orally once daily for 7 days.

[patient] Alright, and what else do I need to do?

[doctor] We’ll need to see you again in 7 days to reassess your condition. In the meantime, we'll monitor your blood culture results and the chest X-ray to see how your lungs are doing.

[patient] Okay, anything else?

[doctor] Yes, I strongly advise you to stop smoking. Smoking is making your COPD worse and increasing your risk of infections like pneumonia. I'll provide resources to help you quit. Also, try to reduce your alcohol intake to no more than 1-2 drinks per week.

[patient] I know I need to quit smoking. I'll try.

[doctor] It’s very important. We need you to stay hydrated and rest as much as possible. If you experience increased shortness of breath, chest pain, or any other concerning symptoms, return to the emergency department immediately.

[patient] Okay, I’ll do that.

[doctor] Lastly, I’ll involve a social worker to help you access healthier food options and other healthcare services, given your current living situation.

[patient] Thank you, that would be helpful.

[doctor] You’re welcome. Make sure you follow the medication regimen and come back for your follow-up appointment. Do you have any questions about the treatment plan?

[patient] No, I think I understand everything.

[doctor] Great. Take care of yourself, and we'll see you in 7 days for reassessment. If you need anything before then, don’t hesitate to reach out.

[patient] Thank you, doctor. I appreciate it.

[doctor] You're welcome, John. Get well soon. Goodbye.

[patient] Goodbye."
TRANSIENT TACHYPNEA OF NEWBORN|"**ROLE:** Neonatologist

**Scenario Attributes:**

1. **Medical Outcome:**
    - Diagnosis: Transient Tachypnea of Newborn
    - Treatment: Supportive care with oxygen therapy
    - Follow-up Recommendations: Monitor respiratory rate and oxygen saturation, follow-up in 2 days 
    - Referral: NA
    - Medication Adjustment: NA
    - Lifestyle Change: NA

2. **Medical History:**
    - Previous Diagnoses: NA
    - Family Medical History: No significant family history
    - Medication History: NA
    - Allergies: NA
    - Chronic Conditions: NA

3. **Symptom Description:**
    - Severity: Moderate
    - Duration: Onset within a few hours of birth
    - Associated Symptoms: Rapid breathing, mild chest retractions, nasal flaring
    - Frequency: Continuous since onset
    - Impact on Daily Activities: NA (newborn)

4. **Patient’s self-reported habits and lifestyle:**
    - Sleep: NA
    - Diet: Breastfeeding attempts ongoing
    - Exercise: NA
    - Tobacco Use: NA
    - Alcohol Consumption: NA
    - Drug Use: NA
    - Recreational Activities: NA

5. **Demographic Information:**
    - Age: Newborn (few hours old)
    - Gender: Male
    - Ethnicity: Hispanic
    - Socio-economic Status: Middle class
    - Education Level: NA
    - Health Literacy: Parents have basic health literacy
    - Job Status: NA

6. **Patient's Behavior:**
    - The parents are cooperative and concerned, willing to follow medical advice meticulously

7. **Geographical Location:**
    - Urban
    - Hospital located in a well-served area with good access to healthcare facilities

8. **Clinical Setting:**
    - Hospital (Neonatal Intensive Care Unit)

9. **Type of Encounter:**
    - Initial Consultation

10. **Treatment Disparities:**
    - No treatment disparities observed

11. **Native or Non-Native English Speaking Patient:**
    - Non-Native English Speaking Parents (primarily Spanish-speaking)

12. **Physical exams:**
    - Respiratory Exam: Tachypnea, mild intercostal retractions, and nasal flaring; lung auscultation reveals clear lungs without significant crackles or wheezes

13. **Investigation/Test results:**
    - Chest X-ray: Order for Chest X-ray to rule out other causes includes description such as slight pulmonary edema consistent with Transient Tachypnea of Newborn.

This scenario is comprehensive and specific, ensuring all required variables are effectively incorporated into the synthetic medical note."|"**1. Subjective:**

**Chief Complaint (CC):**
Parents report that their newborn son is experiencing rapid breathing with nasal flaring.

**History of Present Illness (HPI):**
The patient is a newborn Hispanic male, few hours old, born full-term via spontaneous vaginal delivery in an urban hospital with no immediate complications post-birth. Within a few hours of birth, he developed rapid breathing approximately 60-80 breaths per minute, along with mild chest retractions and nasal flaring. Parents note that these symptoms have been continuous since onset.

**Review of Systems (ROS):**
- Respiratory: Positive for tachypnea and nasal flaring. No cyanosis noted. 
- Cardiovascular: No murmurs or abnormal heart sounds detected. 
- General: Appears alert and active, with good tone and reflexes. 

**2. Objective:**

**Vital Signs:**
- Respiratory Rate: 70 breaths per minute 
- Heart Rate: 140 beats per minute 
- Temperature: 37.2°C (99°F)
- Oxygen Saturation: 92% on room air

**Physical Examination:**
- General: Active, alert newborn in no acute distress.
- Respiratory: Tachypnea, mild intercostal retractions, and nasal flaring observed. Lung auscultation reveals clear lung fields bilaterally without significant crackles or wheezes.
- Cardiovascular: Regular rate and rhythm. No murmurs or gallops.
- Skin: No cyanosis, pallor, or jaundice observed.

**Investigations/Test Results:**
- Chest X-ray: Slight pulmonary edema consistent with Transient Tachypnea of Newborn.

**3. Assessment:**

**Diagnosis:**
- Transient Tachypnea of Newborn (TTN)

**Medical Reasoning:**
- The patient's symptoms of tachypnea, mild chest retractions, and nasal flaring, coupled with the chest X-ray findings of slight pulmonary edema, are consistent with TTN. This condition typically presents within the first few hours of life and is associated with delayed clearance of fetal lung fluid.

**4. Plan:**

**Treatment:**
- Initiate supportive care with oxygen therapy to maintain oxygen saturation >94%.

**Monitoring:**
- Continuous monitoring of respiratory rate and oxygen saturation.

**Follow-up Recommendations:**
- Re-evaluate in 2 days to assess improvement in respiratory status and decide on the necessity of continued oxygen therapy or other interventions.

**Patient/Family Education:**
- Educate parents about TTN, its typical self-limiting nature, and the importance of monitoring the baby’s breathing and oxygen levels.
- Provide reassurance regarding the expected course and recovery.

**Communication:**
- Ensure that instructions and information are provided in Spanish to accommodate language preference.
- Utilize hospital interpreter services for effective communication.

**Patient Agreement:**
- Parents are cooperative and express understanding and agreement with the recommended treatment and follow-up plan.

**Follow-up Care:**
- Schedule a follow-up visit in 2 days in the Neonatal Intensive Care Unit to reassess the newborn’s respiratory status. 

No referrals or medication adjustments are necessary at this time. The family demonstrates a good understanding of health concepts and seems committed to adhering to the care plan."|"**1. Subjective:**

**Chief Complaint (CC):**
Parents report that their newborn son, Mateo Hernandez, is experiencing rapid breathing with nasal flaring.

**History of Present Illness (HPI):**
The patient is a newborn Hispanic male, few hours old, born full-term via spontaneous vaginal delivery in an urban hospital with no immediate complications post-birth. Within a few hours of birth, he developed rapid breathing approximately 60-80 breaths per minute, along with mild chest retractions and nasal flaring. Parents note that these symptoms have been continuous since onset.

**Review of Systems (ROS):**
- Respiratory: Positive for tachypnea and nasal flaring. No cyanosis noted. 
- Cardiovascular: No murmurs or abnormal heart sounds detected. 
- General: Appears alert and active, with good tone and reflexes. 

**2. Objective:**

**Vital Signs:**
- Respiratory Rate: 70 breaths per minute 
- Heart Rate: 140 beats per minute 
- Temperature: 37.2°C (99°F)
- Oxygen Saturation: 92% on room air

**Physical Examination:**
- General: Active, alert newborn in no acute distress.
- Respiratory: Tachypnea, mild intercostal retractions, and nasal flaring observed. Lung auscultation reveals clear lung fields bilaterally without significant crackles or wheezes.
- Cardiovascular: Regular rate and rhythm. No murmurs or gallops.
- Skin: No cyanosis, pallor, or jaundice observed.

**Investigations/Test Results:**
- Chest X-ray: Slight pulmonary edema consistent with Transient Tachypnea of Newborn.

**3. Assessment:**

**Diagnosis:**
- Transient Tachypnea of Newborn (TTN)

**Medical Reasoning:**
- The patient's symptoms of tachypnea, mild chest retractions, and nasal flaring, coupled with the chest X-ray findings of slight pulmonary edema, are consistent with TTN. This condition typically presents within the first few hours of life and is associated with delayed clearance of fetal lung fluid.

**4. Plan:**

**Treatment:**
- Initiate supportive care with oxygen therapy to maintain oxygen saturation >94%.

**Monitoring:**
- Continuous monitoring of respiratory rate and oxygen saturation.

**Follow-up Recommendations:**
- Re-evaluate in 2 days to assess improvement in respiratory status and decide on the necessity of continued oxygen therapy or other interventions.

**Patient/Family Education:**
- Educate parents about TTN, its typical self-limiting nature, and the importance of monitoring the baby’s breathing and oxygen levels.
- Provide reassurance regarding the expected course and recovery.

**Communication:**
- Ensure that instructions and information are provided in Spanish to accommodate language preference.
- Utilize hospital interpreter services for effective communication.

**Patient Agreement:**
- Parents are cooperative and express understanding and agreement with the recommended treatment and follow-up plan.

**Follow-up Care:**
- Schedule a follow-up visit in 2 days in the Neonatal Intensive Care Unit to reassess the newborn’s respiratory status."|"**1. Subjective:**

**CC:**
Parents report that their newborn son, Mateo Hernandez, is experiencing rapid breathing with nasal flaring.

**HPI:**
The pt is a newborn Hispanic male, few hours old, born full-term via SVD in an urban hospital with no immediate complications post-birth. Within a few hours of birth, he developed rapid breathing approx 60-80 breaths/min, along with mild chest retractions and nasal flaring. Parents note that these sx have been continuous since onset.

**ROS:**
- Respiratory: +tachypnea and nasal flaring. No cyanosis noted. 
- Cardiovascular: No murmurs or abnormal heart sounds detected. 
- General: Appears alert and active, with good tone and reflexes. 

**2. Objective:**

**VS:**
- RR: 70 breaths/min 
- HR: 140 bpm 
- Temp: 37.2°C (99°F)
- O2 Sat: 92% on RA

**PE:**
- General: Active, alert newborn in NAD.
- Respiratory: Tachypnea, mild intercostal retractions, and nasal flaring observed. Lung auscultation reveals clear lung fields bilaterally without significant crackles or wheezes.
- Cardiovascular: RRR. No murmurs or gallops.
- Skin: No cyanosis, pallor, or jaundice observed.

**Investigations/Test Results:**
- CXR: Slight pulmonary edema consistent with TTN.

**3. Assessment:**

**Dx:**
- TTN

**Medical Reasoning:**
- The pt's sx of tachypnea, mild chest retractions, and nasal flaring, coupled with the CXR findings of slight pulmonary edema, are consistent with TTN. This condition typically presents within the first few hours of life and is associated with delayed clearance of fetal lung fluid.

**4. Plan:**

**Tx:**
- Initiate supportive care with O2 therapy to maintain O2 sat >94%.

**Monitoring:**
- Continuous monitoring of RR and O2 sat.

**F/U Recommendations:**
- Re-evaluate in 2 days to assess improvement in respiratory status and decide on the necessity of continued O2 therapy or other interventions.

**Pt/Family Education:**
- Educate parents about TTN, its typical self-limiting nature, and the importance of monitoring the baby’s breathing and O2 levels.
- Provide reassurance regarding the expected course and recovery.

**Communication:**
- Ensure that instructions and information are provided in Spanish to accommodate language preference.
- Utilize hospital interpreter services for effective communication.

**Pt Agreement:**
- Parents are cooperative and express understanding and agreement with the recommended tx and F/U plan.

**F/U Care:**
- Schedule a F/U visit in 2 days in the NICU to reassess the newborn’s respiratory status."|Role not found in the first 5 lines.|"[doctor] Hi, good afternoon. How are you both doing today?

[parents] We're a bit worried about our baby. He's having trouble breathing.

[doctor] I understand. Let's talk about what's been happening. Can you describe the breathing issues you've noticed?

[parent 1] Yes, our son started breathing very fast, around 60-80 breaths per minute, and we also noticed his nostrils flaring.

[doctor] I see. How old is your baby?

[parent 2] He's just a few hours old. He was born full-term today via spontaneous vaginal delivery, and everything seemed fine at first.

[doctor] Alright. Were there any complications during or immediately after his birth?

[parent 1] No, there were no complications at all.

[doctor] Okay. So the rapid breathing started within a few hours after birth, is that correct?

[parent 2] Yes, exactly. It's been continuous since it started.

[doctor] Have you noticed any other symptoms, like his chest moving in a way that looks like he's struggling to breathe?

[parent 1] Yes, there are mild chest retractions too.

[doctor] Okay. Any changes in his skin color, like turning blue or pale?

[parent 2] No, we haven't noticed any cyanosis. His color seems fine.

[doctor] That's good to hear. How has he been otherwise? Is he alert and active?

[parent 1] Yes, he's alert and active, with good tone and reflexes.

[doctor] Alright. Let's go over the vital signs and the physical exam I performed earlier. His respiratory rate is 70 breaths per minute, heart rate is 140 beats per minute, temperature is 37.2°C, and his oxygen saturation is 92% on room air.

[parent 2] Is that normal?

[doctor] The respiratory rate is higher than normal, but his heart rate, temperature, and oxygen saturation are within acceptable ranges. During the physical examination, I observed tachypnea, mild intercostal retractions, and nasal flaring. His lung sounds were clear without significant crackles or wheezes, and his cardiovascular exam was normal with no murmurs or abnormal heart sounds.

[parent 1] What does all that mean?

[doctor] Based on these findings, and the chest X-ray results that show slight pulmonary edema, it is consistent with a condition called Transient Tachypnea of the Newborn, or TTN.

[parent 2] What is TTN?

[doctor] TTN is a temporary condition caused by delayed clearance of fetal lung fluid. It's common in newborns, especially those born via vaginal delivery. The symptoms usually present within the first few hours of life.

[parent 1] Is it serious?

[doctor] TTN is typically self-limiting and resolves on its own within a few days. However, we need to provide supportive care to ensure your baby's oxygen levels stay within a safe range.

[parents] What kind of care does he need?

[doctor] We'll start with oxygen therapy to keep his oxygen saturation above 94%. We'll also continuously monitor his respiratory rate and oxygen levels to ensure they improve.

[parent 2] How long will he need the oxygen therapy?

[doctor] It varies, but we will re-evaluate him in 2 days to assess his improvement. If his breathing stabilizes, we might be able to reduce or stop the oxygen therapy.

[parent 1] What should we do in the meantime?

[doctor] We'll educate you about TTN and what to look out for. It's important to monitor his breathing and ensure he doesn't show any signs of distress. We'll also make sure to provide all instructions and information in Spanish to help you understand better.

[parent 2] Thank you, that's very helpful.

[doctor] No problem. We'll also use the hospital interpreter services to ensure clear communication. Your cooperation and understanding are crucial for your baby's recovery.

[parent 1] We understand. What happens after the follow-up?

[doctor] During the follow-up, we'll check his respiratory status and decide if he still needs oxygen therapy or any other interventions. If he's doing well, we might discharge him from the NICU.

[parent 2] Okay, we will be here for the follow-up.

[doctor] Great. Do you have any other questions or concerns right now?

[parent 1] No, thank you. You've explained everything clearly.

[doctor] Alright. We'll keep a close eye on your baby and make sure he's getting the best care possible. If you notice anything unusual or have any questions, don't hesitate to reach out.

[parent 2] Thank you so much, doctor.

[doctor] You're welcome. Take care, and we'll see you in a couple of days for the follow-up.

[parent 1] Okay, thank you.

[doctor] Goodbye for now."|"[doctor] Hi, good afternoon. How are you both doing today?

[parents] We're a bit worried about our baby. He's having trouble breathing.

[doctor] I understand. Let's talk about what's been happening. Can you describe the breathing issues you've noticed?

[parent 1] Yes, our son started breathing very fast, around 60-80 breaths per minute, and we also noticed his nostrils flaring.

[doctor] I see. How old is your baby?

[parent 2] He's just a few hours old. He was born full-term today via spontaneous vaginal delivery, and everything seemed fine at first.

[doctor] Alright. Were there any complications during or immediately after his birth?

[parent 1] No, there were no complications at all.

[doctor] Okay. So the rapid breathing started within a few hours after birth, is that correct?

[parent 2] Yes, exactly. It's been continuous since it started.

[doctor] Have you noticed any other symptoms, like his chest moving in a way that looks like he's struggling to breathe?

[parent 1] Yes, there are mild chest retractions too.

[doctor] Okay. Any changes in his skin color, like turning blue or pale?

[parent 2] No, we haven't noticed any cyanosis. His color seems fine.

[doctor] That's good to hear. How has he been otherwise? Is he alert and active?

[parent 1] Yes, he's alert and active, with good tone and reflexes.

[doctor] Alright. Let's go over the vital signs and the physical exam I performed earlier. His respiratory rate is 70 breaths per minute, heart rate is 140 beats per minute, temperature is 37.2°C, and his oxygen saturation is 92% on room air.

[parent 2] Is that normal?

[doctor] The respiratory rate is higher than normal, but his heart rate, temperature, and oxygen saturation are within acceptable ranges. During the physical examination, I observed tachypnea, mild intercostal retractions, and nasal flaring. His lung sounds were clear without significant crackles or wheezes, and his cardiovascular exam was normal with no murmurs or abnormal heart sounds.

[parent 1] What does all that mean?

[doctor] Based on these findings, and the chest X-ray results that show slight pulmonary edema, it is consistent with a condition called Transient Tachypnea of the Newborn, or TTN.

[parent 2] What is TTN?

[doctor] TTN is a temporary condition caused by delayed clearance of fetal lung fluid. It's common in newborns, especially those born via vaginal delivery. The symptoms usually present within the first few hours of life.

[parent 1] Is it serious?

[doctor] TTN is typically self-limiting and resolves on its own within a few days. However, we need to provide supportive care to ensure your baby's oxygen levels stay within a safe range.

[parents] What kind of care does he need?

[doctor] We'll start with oxygen therapy to keep his oxygen saturation above 94%. We'll also continuously monitor his respiratory rate and oxygen levels to ensure they improve.

[parent 2] How long will he need the oxygen therapy?

[doctor] It varies, but we will re-evaluate him in 2 days to assess his improvement. If his breathing stabilizes, we might be able to reduce or stop the oxygen therapy.

[parent 1] What should we do in the meantime?

[doctor] We'll educate you about TTN and what to look out for. It's important to monitor his breathing and ensure he doesn't show any signs of distress. We'll also make sure to provide all instructions and information in Spanish to help you understand better.

[parent 2] Thank you, that's very helpful.

[doctor] No problem. We'll also use the hospital interpreter services to ensure clear communication. Your cooperation and understanding are crucial for your baby's recovery.

[parent 1] We understand. What happens after the follow-up?

[doctor] During the follow-up, we'll check his respiratory status and decide if he still needs oxygen therapy or any other interventions. If he's doing well, we might discharge him from the NICU.

[parent 2] Okay, we will be here for the follow-up.

[doctor] Great. Do you have any other questions or concerns right now?

[parent 1] No, thank you. You've explained everything clearly.

[doctor] Alright. We'll keep a close eye on your baby and make sure he's getting the best care possible. If you notice anything unusual or have any questions, don't hesitate to reach out.

[parent 2] Thank you so much, doctor.

[doctor] You're welcome. Take care, and we'll see you in a couple of days for the follow-up.

[parent 1] Okay, thank you.

[doctor] Goodbye for now."
TRANSIENT TACHYPNEA OF NEWBORN|"ROLE: Neonatologist

**Medical Outcome:**

- Diagnosis: Transient Tachypnea of Newborn (P22.1)
- Prescribed Treatment: Supportive care, oxygen supplementation if O2 saturation drops below 90%, IV fluids to maintain hydration (D10W at 80 mL/kg/day), antibiotics to rule out infection (Ampicillin 100 mg/kg/day IV divided every 12 hours, Gentamicin 4 mg/kg/day IV once daily)
- Follow-up recommendations: Reassessment every 6 hours, and daily chest X-rays until improvement

**Medical History:**

- Previous Diagnoses: NA
- Family Medical History: Father has a history of asthma; mother has hypothyroidism
- Medication History: Mother was on levothyroxine during pregnancy
- Allergies: NA
- Chronic Conditions: NA

**Symptom Description:**

- Severity: Moderate to severe respiratory distress
- Duration: Since birth (3 hours ago)
- Associated Symptoms: Rapid breathing, grunting, flaring of nostrils, mild cyanosis around the lips
- Frequency: Continuous since birth
- Impact on Daily Activities: Infant not able to maintain adequate feeding due to distress

**Patient’s self-reported habits and lifestyle:**

- Sleep: NA (Newborn)
- Diet: Attempted breastfeeding, formula feeding attempts, difficulty due to tachypnea
- Exercise: NA (Newborn)
- Tobacco Use: NA (Newborn)
- Alcohol Consumption: NA (Newborn)
- Drug Use: NA (Newborn)
- Recreational Activities: NA (Newborn)

**Demographic Information:**

- Age: 3 hours old
- Gender: Female
- Ethnicity: African American
- Socio-economic Status: Middle-class family
- Education Level: Mother has a college degree, father has a high school diploma
- Health Literacy: Both parents have good health literacy
- Job Status: Mother on maternity leave, father is employed full-time

**Patient's Behavior:**

- The level of patient's cooperation with medical advice: Both parents are very cooperative and engaged 

**Geographical Location:**

- Big City vs Small City: Patient was born in a big city
- Rural vs Urban: Urban
- Pollution and Environmental Health Risks: Low pollution, well-maintained area
- Neighborhood Type: Affluent
- Well-served by Transit: Yes
- Food Desert: No

**Clinical Setting:**

- Hospitals: Neonatal Intensive Care Unit (NICU) at a major city hospital
- Type of Encounter: Initial Consultation

**Treatment Disparities:**

- Tendency to offer less aggressive treatment or fewer options: None

**Native or Non-Native English Speaking Patient:**

- Parents are native English speaking

**Physical exams:**

- Respiratory: Observed rapid breathing (tachypnea), auscultation reveals clear breath sounds but rapid rate, grunting present, mild cyanosis around lips
- Cardiovascular: Normal heart sounds without murmurs, good capillary refill
- General: Infant is alert with normal muscle tone, slight cyanosis around the lips

**Investigation/Test results:**

- Chest X-ray: Awaiting results; ordered to evaluate lung status and rule out other causes of respiratory distress like pneumonia or congenital heart disease

---

This scenario now includes varied aspects and additional details compared to the previous one, ensuring it meets the requirement for uniqueness as well as maintaining medical correctness and plausibility."|"#####
**Subjective:**

**Chief Complaint (CC):**
- Moderate to severe respiratory distress since birth.

**History of Present Illness (HPI):**
- The patient is a 3-hour-old African American female born in an urban hospital via spontaneous vaginal delivery. She has exhibited continuous rapid breathing, grunting, flaring of nostrils, and mild cyanosis around the lips since birth. Initial attempts at breastfeeding and formula feeding were unsuccessful due to tachypnea.

**Review of Systems (ROS):**
- Respiratory: Rapid breathing, grunting, flaring of nostrils, mild perioral cyanosis.
- Cardiovascular: No complaints reported.
- Gastrointestinal: Difficulty with feeding.
- Neurological: No abnormal movements; the infant is alert.
- General: No fever or other signs of systemic infection.

**Objective:**

**Vital Signs:**
- Heart Rate: 160 bpm
- Respiratory Rate: 70 breaths/min
- Temperature: 36.5 °C
- O2 Saturation: 92% on room air

**Physical Examination:**
- General: Alert newborn, normal muscle tone.
- Respiratory: Tachypnea noted, respiratory rate 70/min, clear breath sounds, mild grunting, flaring of nostrils, and mild cyanosis around the lips.
- Cardiovascular: Normal heart sounds without murmurs, good capillary refill.
- Abdomen: Soft, non-distended, normal bowel sounds.
- Neurological: Normal tone and reflexes for age.

**Investigations:**
- Chest X-ray: Pending results. Ordered to evaluate lung status and rule out pneumonia or congenital heart disease.

**Assessment:**
- Transient Tachypnea of the Newborn (TTN) – P22.1

**Plan:**

**1. Supportive Care:**
- Monitor vital signs closely, including respiratory rate and O2 saturation.

**2. Oxygen Supplementation:**
- Administer supplemental oxygen if O2 saturation drops below 90%.

**3. Hydration:**
- IV fluids: D10W at 80 mL/kg/day to maintain hydration.

**4. Antibiotics:**
- Ampicillin 100 mg/kg/day IV divided every 12 hours and Gentamicin 4 mg/kg/day IV once daily to rule out any potential infection.

**5. Monitoring and Follow-Up:**
- Reassess every 6 hours.
- Obtain daily chest X-rays until clinical improvement is documented.

**Instructions to Parents:**
- Continue to engage in kangaroo care and attempt breastfeeding as the infant's condition allows.
- Educate parents on the signs of worsening respiratory distress and the need for immediate reporting.

**Follow-Up:**
- Daily evaluation by the neonatology team.
- Update parents on the infant's progress and any changes in the treatment plan.
  
#####

This note adheres to the required format and accurately reflects the given scenario and patient details."|"#####
**1. Subjective:**

**Chief Complaint (CC):**
- Moderate to severe respiratory distress since birth.

**History of Present Illness (HPI):**
- The patient is a 3-hour-old African American female born in an urban hospital via spontaneous vaginal delivery. She has exhibited continuous rapid breathing, grunting, flaring of nostrils, and mild cyanosis around the lips since birth. Initial attempts at breastfeeding and formula feeding were unsuccessful due to tachypnea.

**Review of Systems (ROS):**
- Respiratory: Rapid breathing, grunting, flaring of nostrils, mild perioral cyanosis.
- Cardiovascular: No complaints reported.
- Gastrointestinal: Difficulty with feeding.
- Neurological: No abnormal movements; the infant is alert.
- General: No fever or other signs of systemic infection.

**2. Objective:**

**Vital Signs:**
- Heart Rate: 160 bpm
- Respiratory Rate: 70 breaths/min
- Temperature: 36.5 °C
- O2 Saturation: 92% on room air

**Physical Examination:**
- General: Alert newborn, normal muscle tone.
- Respiratory: Tachypnea noted, respiratory rate 70/min, clear breath sounds, mild grunting, flaring of nostrils, and mild cyanosis around the lips.
- Cardiovascular: Normal heart sounds without murmurs, good capillary refill.
- Abdomen: Soft, non-distended, normal bowel sounds.
- Neurological: Normal tone and reflexes for age.

**3. Assessment:**
- Transient Tachypnea of the Newborn (TTN) – P22.1

**4. Plan:**

**1. Supportive Care:**
- Monitor vital signs closely, including respiratory rate and O2 saturation.

**2. Oxygen Supplementation:**
- Administer supplemental oxygen if O2 saturation drops below 90%.

**3. Hydration:**
- IV fluids: D10W at 80 mL/kg/day to maintain hydration.

**4. Antibiotics:**
- Ampicillin 100 mg/kg/day IV divided every 12 hours and Gentamicin 4 mg/kg/day IV once daily to rule out any potential infection.

**5. Monitoring and Follow-Up:**
- Reassess every 6 hours.
- Obtain daily chest X-rays until clinical improvement is documented.

**6. Instructions to Parents:**
- Continue to engage in kangaroo care and attempt breastfeeding as the infant's condition allows.
- Educate parents on the signs of worsening respiratory distress and the need for immediate reporting.

**7. Follow-Up:**
- Daily evaluation by the neonatology team.
- Update parents on the infant's progress and any changes in the treatment plan.

**8. Investigations:**
- Chest X-ray: Pending results. Ordered to evaluate lung status and rule out pneumonia or congenital heart disease.
  
#####"|"#####
**1. Subjective:**

**CC:**
- Mod-severe resp distress since birth.

**HPI:**
- Pt is a 3-hour-old AA female born in an urban hospital via SVD. She has exhibited continuous tachypnea, grunting, nasal flaring, and mild perioral cyanosis since birth. Initial attempts at breastfeeding and formula feeding were unsuccessful due to tachypnea.

**ROS:**
- Resp: Tachypnea, grunting, nasal flaring, mild perioral cyanosis.
- CV: No complaints reported.
- GI: Difficulty with feeding.
- Neuro: No abn movements; infant is alert.
- Gen: No fever or other signs of systemic infection.

**2. Objective:**

**VS:**
- HR: 160 bpm
- RR: 70 breaths/min
- Temp: 36.5 °C
- O2 Sat: 92% on RA

**PE:**
- Gen: Alert newborn, normal muscle tone.
- Resp: Tachypnea noted, RR 70/min, clear breath sounds, mild grunting, nasal flaring, and mild perioral cyanosis.
- CV: Normal heart sounds without murmurs, good cap refill.
- Abd: Soft, non-distended, normal BS.
- Neuro: Normal tone and reflexes for age.

**3. Assessment:**
- TTN – P22.1

**4. Plan:**

**1. Supportive Care:**
- Monitor VS closely, including RR and O2 Sat.

**2. O2 Supplementation:**
- Administer supplemental O2 if O2 Sat drops below 90%.

**3. Hydration:**
- IV fluids: D10W at 80 mL/kg/day to maintain hydration.

**4. Abx:**
- Ampicillin 100 mg/kg/day IV q12h and Gentamicin 4 mg/kg/day IV qd to r/o any potential infection.

**5. Monitoring and F/U:**
- Reassess q6h.
- Obtain daily CXR until clinical improvement is documented.

**6. Instructions to Parents:**
- Continue kangaroo care and attempt breastfeeding as the infant's condition allows.
- Educate parents on the signs of worsening resp distress and the need for immediate reporting.

**7. F/U:**
- Daily eval by the neonatology team.
- Update parents on the infant's progress and any changes in the tx plan.

**8. Investigations:**
- CXR: Pending results. Ordered to eval lung status and r/o pneumonia or congenital heart disease.
  
#####"|Neonatologist|"```
[doctor] Hello, I'm Dr. Smith. It's nice to meet you. I understand your newborn has been having some breathing difficulties since birth. Could you tell me more about what you've noticed?

[patient's parent] Yes, since she was born, she's been breathing really fast and making these grunting noises. Her nostrils flare up, and her lips have a slight bluish tint.

[doctor] I see. Has she been able to feed at all?

[patient's parent] No, we've tried breastfeeding and formula, but she just can't seem to feed. She gets too tired and continues to breathe rapidly.

[doctor] Alright, thank you for sharing that. So, just to summarize, your newborn has had rapid breathing, grunting, flaring nostrils, and mild cyanosis around the lips since birth. Is that correct?

[patient's parent] Yes, that's right.

[doctor] Let's review your baby's vital signs. Her heart rate is 160 beats per minute, respiratory rate is 70 breaths per minute, temperature is 36.5 degrees Celsius, and her oxygen saturation is 92% on room air.

[patient's parent] Is that normal?

[doctor] These vital signs indicate that your baby is experiencing respiratory distress. Her heart rate and respiratory rate are elevated, and her oxygen saturation is slightly low. 

[patient's parent] Oh, I see.

[doctor] During the physical examination, I noted that she is an alert newborn with normal muscle tone. Her breath sounds are clear, but she has tachypnea, mild grunting, flaring of nostrils, and mild cyanosis around the lips. Her heart sounds are normal, and her capillary refill is good. Her abdomen is soft and non-distended, with normal bowel sounds.

[patient's parent] What does all that mean?

[doctor] It means that while she is showing signs of respiratory distress, her other systems seem to be functioning well at this time. Now, we have ordered a chest X-ray to evaluate her lung status and rule out conditions like pneumonia or congenital heart disease. The results are still pending.

[patient's parent] Okay, what could this be?

[doctor] Based on her symptoms, I suspect she might have Transient Tachypnea of the Newborn (TTN). This is a condition where newborns experience rapid breathing due to retained fluid in the lungs. It's usually self-limiting but needs monitoring and supportive care.

[patient's parent] Is it serious?

[doctor] It can be concerning, but it's often temporary and improves with proper care. We're going to closely monitor her vital signs, including her respiratory rate and oxygen saturation.

[patient's parent] What kind of care will she need?

[doctor] We'll provide supportive care, which includes administering supplemental oxygen if her oxygen saturation drops below 90%. We will also ensure she stays hydrated with IV fluids, specifically D10W at 80 mL per kg per day.

[patient's parent] Will she need any medications?

[doctor] Yes, to rule out any potential infection, we will administer antibiotics. She will receive Ampicillin 100 mg per kg per day divided every 12 hours and Gentamicin 4 mg per kg per day once daily.

[patient's parent] How often will she be checked?

[doctor] We will reassess her every 6 hours and obtain daily chest X-rays until we see clinical improvement.

[patient's parent] What can we do to help her?

[doctor] You can continue to engage in kangaroo care and attempt breastfeeding as her condition allows. It's also important to watch for signs of worsening respiratory distress and report them immediately.

[patient's parent] What are those signs?

[doctor] Signs of worsening respiratory distress include increased grunting, flaring of nostrils, cyanosis spreading beyond the lips, and increased difficulty breathing. If you notice any of these, please inform us right away.

[patient's parent] Okay, we'll keep an eye out.

[doctor] Great. We will update you daily on her progress and any changes in the treatment plan. Do you have any other questions or concerns right now?

[patient's parent] No, I think that's everything for now. Thank you, doctor.

[doctor] You're welcome. We'll take good care of your baby. If you think of any questions later, don't hesitate to ask. We'll check in again soon.

[patient's parent] Thank you.

[doctor] Alright, we'll see you later. Take care.

[patient's parent] Thanks, doctor.
```"|"[doctor]: Hello, I'm Dr. Smith. It's nice to meet you. I understand your newborn has been having some breathing difficulties since birth. Could you tell me more about what you've noticed?

[patient's parent]: Yes, since she was born, she's been breathing really fast and making these grunting noises. Her nostrils flare up, and her lips have a slight bluish tint.

[doctor]: Hmm, I see. Has she been able to feed at all?

[patient's parent]: No, we've tried breastfeeding and formula, but she just can't seem to feed. She gets too tired and continues to breathe rapidly.

[doctor]: Alright, thank you for sharing that. So, just to summarize, your newborn has had rapid breathing, grunting, flaring nostrils, and mild cyanosis around the lips since birth. Is that correct?

[patient's parent]: Yes, that's right.

[doctor]: Let's review your baby's vital signs. Her heart rate is 160 beats per minute, respiratory rate is 70 breaths per minute, temperature is 36.5 degrees Celsius, and her oxygen saturation is 92% on room air.

[patient's parent]: Is that normal?

[doctor]: Well, these vital signs indicate that your baby is experiencing respiratory distress. Her heart rate and respiratory rate are elevated, and her oxygen saturation is slightly low.

[patient's parent]: Oh, I see.

[doctor]: During the physical examination, I noted that she is an alert newborn with normal muscle tone. Her breath sounds are clear, but she has tachypnea, mild grunting, flaring of nostrils, and mild cyanosis around the lips. Her heart sounds are normal, and her capillary refill is good. Her abdomen is soft and non-distended, with normal bowel sounds.

[patient's parent]: What does all that mean?

[doctor]: It means that while she is showing signs of respiratory distress, her other systems seem to be functioning well at this time. Now, we have ordered a chest X-ray to evaluate her lung status and rule out conditions like pneumonia or congenital heart disease. The results are still pending.

[patient's parent]: Okay, what could this be?

[doctor]: Based on her symptoms, I suspect she might have Transient Tachypnea of the Newborn (TTN). This is a condition where newborns experience rapid breathing due to retained fluid in the lungs. It's usually self-limiting but needs monitoring and supportive care.

[patient's parent]: Is it serious?

[doctor]: It can be concerning, but it's often temporary and improves with proper care. We're going to closely monitor her vital signs, including her respiratory rate and oxygen saturation.

[patient's parent]: What kind of care will she need?

[doctor]: We'll provide supportive care, which includes administering supplemental oxygen if her oxygen saturation drops below 90%. We will also ensure she stays hydrated with IV fluids, specifically D10W at 80 mL per kg per day.

[patient's parent]: Will she need any medications?

[doctor]: Yes, to rule out any potential infection, we will administer antibiotics. She will receive Ampicillin 100 mg per kg per day divided every 12 hours and Gentamicin 4 mg per kg per day once daily.

[patient's parent]: How often will she be checked?

[doctor]: We will reassess her every 6 hours and obtain daily chest X-rays until we see clinical improvement.

[patient's parent]: What can we do to help her?

[doctor]: You can continue to engage in kangaroo care and attempt breastfeeding as her condition allows. It's also important to watch for signs of worsening respiratory distress and report them immediately.

[patient's parent]: What are those signs?

[doctor]: Signs of worsening respiratory distress include increased grunting, flaring of nostrils, cyanosis spreading beyond the lips, and increased difficulty breathing. If you notice any of these, please inform us right away.

[patient's parent]: Okay, we'll keep an eye out.

[doctor]: Great. We will update you daily on her progress and any changes in the treatment plan. Do you have any other questions or concerns right now?

[patient's parent]: No, I think that's everything for now. Thank you, doctor.

[doctor]: You're welcome. We'll take good care of your baby. If you think of any questions later, don't hesitate to ask. We'll check in again soon.

[patient's parent]: Thank you.

[doctor]: Alright, we'll see you later. Take care.

[patient's parent]: Thanks, doctor."
TRANSIENT TACHYPNEA OF NEWBORN|"ROLE: Neonatologist

1) Medical Outcome:
    - Diagnosis: Transient Tachypnea of Newborn (TTN)
    - Prescribed Treatment: Continuous Positive Airway Pressure (CPAP) at 5 cm H2O
    - Follow-up Recommendations: Monitor respiratory status every 15 minutes
    - Referral: Referral to a neonatology specialist, Dr. Ava Thompson, for further management if symptoms worsen or do not improve within 12 hours
    - Investigation/Test Results: Immediate results of blood gas analysis showing normalized oxygenation levels post-CPAP initiation, awaiting results of an echocardiogram to rule out cardiac anomalies
    - Blood Work: NA
2) Medical History:
    - Maternal History: Type 2 diabetes during pregnancy, poorly controlled
    - Delivery Type: Emergency cesarean section due to fetal distress at 36 weeks gestation
3) Symptom Description:
    - Severity: Severe tachypnea with respiratory rate of 90 breaths per minute
    - Duration: Symptoms started immediately at birth
    - Associated Symptoms: Significant nasal flaring, moderate to severe cyanosis, chest retractions, and intermittent episodes of apnea
    - Frequency: Continuous
    - Impact on Daily Activities: Unable to initiate breastfeeding
4) Patient’s self-reported habits and lifestyle: NA
5) Demographic Information:
    - Age: 1 day old
    - Gender: Male
    - Ethnicity: Asian
    - Socio-economic Status: High-income
    - Education Level: Parents have university education
    - Health Literacy: High; parents are well-informed and actively involved in care discussions
    - Job Status: NA
6) Patient's Behavior: Newborn; parents are highly attentive and proactive
7) Geographical Location:
    - Suburban setting
    - Good access to healthcare services
8) Clinical Setting: Private Hospital Neonatal Intensive Care Unit (NICU)
9) Type of Encounter: Emergency Post-birth Consultation
10) Treatment Disparities: None; high-income and well-insured family facilitates rapid and comprehensive care
11) Native or Non-Native English Speaking Patient: Native English speaking parents
12) Physical exams:
    - General: Distressed, cyanotic newborn with severe respiratory effort
    - Respiratory: Severe tachypnea with respiratory rate of 90 breaths per minute, significant nasal flaring, moderate to severe cyanosis, chest retractions, and intermittent episodes of apnea
    - Cardiovascular: Tachycardia with heart rate of 160 bpm, no murmurs, strong peripheral pulses
    - Gastrointestinal: Abdomen soft, non-distended, normal bowel sounds
13) Investigation/Test results:
    - Immediate results of blood gas analysis showing normalized oxygenation levels post-CPAP initiation
    - Awaiting results of an echocardiogram to rule out cardiac anomalies"|"#####
**1. Subjective:**

**Chief Complaint (CC):**
Severe tachypnea.

**History of Present Illness (HPI):**
A 1-day-old male neonate, born via emergency cesarean section at 36 weeks gestation due to fetal distress, presents with severe respiratory distress immediately at birth. The mother has a history of poorly controlled Type 2 diabetes during pregnancy. The newborn exhibits severe tachypnea (90 breaths per minute), significant nasal flaring, moderate to severe cyanosis, chest retractions, and intermittent episodes of apnea. Symptoms have persisted continuously since birth, and the infant has been unable to initiate breastfeeding.

**Review of Systems (ROS):**
- **Respiratory:** Severe tachypnea, nasal flaring, chest retractions, cyanosis, intermittent apnea.
- **Cardiovascular:** Mild tachycardia but no reported murmurs.
- **Gastrointestinal:** No issues reported; abdomen soft and non-distended.

**2. Objective:**

**Vital Signs:**
- Respiratory Rate: 90 breaths per minute
- Heart Rate: 160 beats per minute
- Oxygen Saturation: Normalized post-CPAP initiation

**Physical Examination:**
- **General:** Distressed, cyanotic newborn with severe respiratory effort.
- **Respiratory:** Severe tachypnea, significant nasal flaring, moderate to severe cyanosis, chest retractions, and intermittent apnea.
- **Cardiovascular:** Tachycardia, no murmurs, strong peripheral pulses.
- **Gastrointestinal:** Abdomen soft, non-distended, normal bowel sounds.

**Results:**
- Blood Gas Analysis: Normalized oxygenation levels post-CPAP initiation.
- Echocardiogram: Results pending to rule out cardiac anomalies.

**3. Assessment:**
The neonate presents with symptoms consistent with Transient Tachypnea of the Newborn (TTN), likely exacerbated by maternal history of poorly controlled Type 2 diabetes and the emergency cesarean section. Continuous Positive Airway Pressure (CPAP) at 5 cm H2O has resulted in improved oxygenation.

**4. Plan:**
- **Medical Treatment:**
  - Initiate CPAP at 5 cm H2O to maintain adequate oxygenation.
  
- **Monitoring:**
  - Monitor respiratory status every 15 minutes to ensure stability and detect any signs of deterioration.
  
- **Follow-Up:**
  - Referral to a neonatology specialist, Dr. Ava Thompson, for further management if symptoms worsen or do not improve within 12 hours.
  
- **Additional Testing:**
  - Await the results of an echocardiogram to rule out potential cardiac anomalies.

- **Parental Counseling:**
  - Discussed the nature of TTN with the parents, emphasizing the generally self-limiting nature of the condition with appropriate management. Parents are well-informed and actively involved in the care discussions.
  
Patient Agreements: The parents understand and agree with the recommended medical treatment plan, demonstrating high health literacy and proactive involvement in their newborn’s care."|"#####
**1. Subjective:**

**Chief Complaint (CC):**
Severe tachypnea.

**History of Present Illness (HPI):**
A 1-day-old male neonate, born via emergency cesarean section at 36 weeks gestation due to fetal distress, presents with severe respiratory distress immediately at birth. The mother has a history of poorly controlled Type 2 diabetes during pregnancy. The newborn exhibits severe tachypnea (90 breaths per minute), significant nasal flaring, moderate to severe cyanosis, chest retractions, and intermittent episodes of apnea. Symptoms have persisted continuously since birth, and the infant has been unable to initiate breastfeeding.

**Review of Systems (ROS):**
- **Respiratory:** Severe tachypnea, nasal flaring, chest retractions, cyanosis, intermittent apnea.
- **Cardiovascular:** Mild tachycardia but no reported murmurs.
- **Gastrointestinal:** No issues reported; abdomen soft and non-distended.

**2. Objective:**

**Vital Signs:**
- Respiratory Rate: 90 breaths per minute
- Heart Rate: 160 beats per minute
- Oxygen Saturation: Normalized post-CPAP initiation

**Physical Examination:**
- **General:** Distressed, cyanotic newborn with severe respiratory effort.
- **Respiratory:** Severe tachypnea, significant nasal flaring, moderate to severe cyanosis, chest retractions, and intermittent apnea.
- **Cardiovascular:** Tachycardia, no murmurs, strong peripheral pulses.
- **Gastrointestinal:** Abdomen soft, non-distended, normal bowel sounds.

**Results:**
- Blood Gas Analysis: Normalized oxygenation levels post-CPAP initiation.
- Echocardiogram: Results pending to rule out cardiac anomalies.

**3. Assessment:**
The neonate presents with symptoms consistent with Transient Tachypnea of the Newborn (TTN), likely exacerbated by maternal history of poorly controlled Type 2 diabetes and the emergency cesarean section. Continuous Positive Airway Pressure (CPAP) at 5 cm H2O has resulted in improved oxygenation.

**4. Plan:**
- **Medical Treatment:**
  - Initiate CPAP at 5 cm H2O to maintain adequate oxygenation.
  
- **Monitoring:**
  - Monitor respiratory status every 15 minutes to ensure stability and detect any signs of deterioration.
  
- **Follow-Up:**
  - Referral to a neonatology specialist, Dr. Ava Thompson, for further management if symptoms worsen or do not improve within 12 hours.
  
- **Additional Testing:**
  - Await the results of an echocardiogram to rule out potential cardiac anomalies.

- **Parental Counseling:**
  - Discussed the nature of TTN with the parents, emphasizing the generally self-limiting nature of the condition with appropriate management. Parents are well-informed and actively involved in the care discussions.
  
Patient Agreements: The parents understand and agree with the recommended medical treatment plan, demonstrating high health literacy and proactive involvement in their newborn’s care."|"#####
**1. Subjective:**

**CC:**
Severe tachypnea.

**HPI:**
A 1-day-old M neonate, born via emergent C-section at 36 wks GA due to fetal distress, presents with severe resp distress immediately at birth. The mother has a hx of poorly controlled T2DM during pregnancy. The newborn exhibits severe tachypnea (90 bpm), significant nasal flaring, moderate to severe cyanosis, chest retractions, and intermittent episodes of apnea. Symptoms have persisted continuously since birth, and the infant has been unable to initiate breastfeeding.

**ROS:**
- **Resp:** Severe tachypnea, nasal flaring, chest retractions, cyanosis, intermittent apnea.
- **CV:** Mild tachycardia but no reported murmurs.
- **GI:** No issues reported; abdomen soft and non-distended.

**2. Objective:**

**VS:**
- RR: 90 bpm
- HR: 160 bpm
- O2 Sat: Normalized post-CPAP initiation

**PE:**
- **General:** Distressed, cyanotic newborn with severe resp effort.
- **Resp:** Severe tachypnea, significant nasal flaring, moderate to severe cyanosis, chest retractions, and intermittent apnea.
- **CV:** Tachycardia, no murmurs, strong peripheral pulses.
- **GI:** Abdomen soft, non-distended, normal BS.

**Results:**
- ABG: Normalized oxygenation levels post-CPAP initiation.
- Echo: Results pending to r/o cardiac anomalies.

**3. Assessment:**
The neonate presents with symptoms consistent with TTN, likely exacerbated by maternal hx of poorly controlled T2DM and the emergent C-section. CPAP at 5 cm H2O has resulted in improved oxygenation.

**4. Plan:**
- **Medical Tx:**
  - Initiate CPAP at 5 cm H2O to maintain adequate oxygenation.
  
- **Monitoring:**
  - Monitor resp status q15min to ensure stability and detect any signs of deterioration.
  
- **F/U:**
  - Referral to a neonatology specialist, Dr. Ava Thompson, for further mgmt if symptoms worsen or do not improve within 12 hrs.
  
- **Additional Testing:**
  - Await the results of an echo to r/o potential cardiac anomalies.

- **Parental Counseling:**
  - Discussed the nature of TTN with the parents, emphasizing the generally self-limiting nature of the condition with appropriate mgmt. Parents are well-informed and actively involved in the care discussions.
  
Patient Agreements: The parents understand and agree with the recommended medical tx plan, demonstrating high health literacy and proactive involvement in their newborn’s care."|Neonatologist|"[doctor] Hello, I'm Dr. Smith. How are you doing today?
[patient's mother] We're very worried. Our baby is having trouble breathing.
[doctor] I understand. Let’s go through everything step by step. Can you tell me about the birth?
[patient's mother] He was born yesterday, 36 weeks along. They had to do an emergency cesarean section because he was in distress.
[doctor] I see. How has he been since birth?
[patient's mother] He’s been having severe trouble breathing right from the start. It’s very scary.
[doctor] I can imagine. Has he shown any other symptoms besides the breathing problems?
[patient's mother] Yes, he’s really fast breathing, his nose flares up, and his chest seems to pull in with every breath. He also looks a bit blue sometimes and has stopped breathing a few times.
[doctor] That sounds very concerning. Has he been able to breastfeed?
[patient's mother] No, he hasn’t been able to latch on at all.
[doctor] Okay. Let’s talk about your pregnancy. Did you have any medical conditions?
[patient's mother] Yes, I have Type 2 diabetes, and it wasn’t very well controlled during the pregnancy.
[doctor] Poorly controlled diabetes can indeed affect the baby’s health. Let’s move on to your baby’s current condition. He’s clearly having severe respiratory distress. Have you noticed any issues with his heart, like a fast heartbeat or murmurs?
[patient's mother] His heart seems to beat fast, but no one mentioned murmurs.
[doctor] Alright, and how about his tummy? Any problems there?
[patient's mother] No, his stomach seems fine. No swelling or anything.
[doctor] Understood. Now let me explain what we’re seeing here. Your baby has severe tachypnea, which means he’s breathing very rapidly.
[patient's mother] How fast is he breathing?
[doctor] He’s taking about 90 breaths per minute, which is quite high for a newborn.
[patient's mother] Oh my, that sounds very serious.
[doctor] It is serious, but we’re managing it. His heart rate is 160 beats per minute, and he has some cyanosis, which is the bluish color you mentioned. We’re also seeing nasal flaring and chest retractions.
[patient's mother] What does all this mean?
[doctor] These signs point to a condition called Transient Tachypnea of the Newborn (TTN). It’s common in babies born via cesarean section, especially if the mother has poorly controlled diabetes.
[patient's mother] Is it dangerous?
[doctor] TTN can be concerning, but it’s usually self-limiting with proper management. We’ve started him on Continuous Positive Airway Pressure (CPAP) at 5 cm H2O, which has helped normalize his oxygen levels.
[patient's mother] What’s CPAP?
[doctor] CPAP is a machine that helps keep the airways open and improves oxygenation. It’s a common treatment for conditions like this.
[patient's mother] Is it working?
[doctor] Yes, it’s helping him breathe better. We’ll continue to monitor his respiratory status every 15 minutes to ensure he stays stable.
[patient's mother] What else do we need to do?
[doctor] We’re also waiting for the results of an echocardiogram to rule out any cardiac anomalies. If his symptoms don’t improve within 12 hours, we’ll refer him to a neonatology specialist, Dr. Ava Thompson.
[patient's mother] Okay, what can we do in the meantime?
[doctor] Just continue to be involved and keep an eye on him. We’ve discussed TTN with you, and it’s important to know that it generally resolves on its own with appropriate care. 
[patient's mother] We’re really worried, but we’ll do whatever it takes.
[doctor] I understand. We’ll keep you informed every step of the way. Do you have any questions right now?
[patient's mother] No, I think we understand. Thank you, doctor.
[doctor] You’re welcome. We’re here to support you and your baby. We’ll keep monitoring him closely.
[patient's mother] Thank you.
[doctor] Take care, and we’ll be here if you need anything."|"[doctor] Hello, I'm Dr. Smith. How are you doing today?
[patient's mother] We're very worried. Our baby is having trouble breathing.
[doctor] I understand. Let’s go through everything step by step. Can you tell me about the birth?
[patient's mother] He was born yesterday, 36 weeks along. They had to do an emergency cesarean section because he was in distress.
[doctor] I see. How has he been since birth?
[patient's mother] He’s been having severe trouble breathing right from the start. It’s very scary.
[doctor] I can imagine. Has he shown any other symptoms besides the breathing problems?
[patient's mother] Yes, he’s really fast breathing, his nose flares up, and his chest seems to pull in with every breath. He also looks a bit blue sometimes and has stopped breathing a few times.
[doctor] That sounds very concerning. Has he been able to breastfeed?
[patient's mother] No, he hasn’t been able to latch on at all.
[doctor] Okay. Let’s talk about your pregnancy. Did you have any medical conditions?
[patient's mother] Yes, I have Type 2 diabetes, and it wasn’t very well controlled during the pregnancy.
[doctor] Poorly controlled diabetes can indeed affect the baby’s health. Let’s move on to your baby’s current condition. He’s clearly having severe respiratory distress. Have you noticed any issues with his heart, like a fast heartbeat or murmurs?
[patient's mother] His heart seems to beat fast, but no one mentioned murmurs.
[doctor] Alright, and how about his tummy? Any problems there?
[patient's mother] No, his stomach seems fine. No swelling or anything.
[doctor] Understood. Now let me explain what we’re seeing here. Your baby has severe tachypnea, which means he’s breathing very rapidly.
[patient's mother] How fast is he breathing?
[doctor] He’s taking about 90 breaths per minute, which is quite high for a newborn.
[patient's mother] Oh my, that sounds very serious.
[doctor] It is serious, but we’re managing it. His heart rate is 160 beats per minute, and he has some cyanosis, which is the bluish color you mentioned. We’re also seeing nasal flaring and chest retractions.
[patient's mother] What does all this mean?
[doctor] These signs point to a condition called Transient Tachypnea of the Newborn (TTN). It’s common in babies born via cesarean section, especially if the mother has poorly controlled diabetes.
[patient's mother] Is it dangerous?
[doctor] TTN can be concerning, but it’s usually self-limiting with proper management. We’ve started him on Continuous Positive Airway Pressure (CPAP) at 5 cm H2O, which has helped normalize his oxygen levels.
[patient's mother] What’s CPAP?
[doctor] CPAP is a machine that helps keep the airways open and improves oxygenation. It’s a common treatment for conditions like this.
[patient's mother] Is it working?
[doctor] Yes, it’s helping him breathe better. We’ll continue to monitor his respiratory status every 15 minutes to ensure he stays stable.
[patient's mother] What else do we need to do?
[doctor] We’re also waiting for the results of an echocardiogram to rule out any cardiac anomalies. If his symptoms don’t improve within 12 hours, we’ll refer him to a neonatology specialist, Dr. Ava Thompson.
[patient's mother] Okay, what can we do in the meantime?
[doctor] Just continue to be involved and keep an eye on him. We’ve discussed TTN with you, and it’s important to know that it generally resolves on its own with appropriate care. 
[patient's mother] We’re really worried, but we’ll do whatever it takes.
[doctor] I understand. We’ll keep you informed every step of the way. Do you have any questions right now?
[patient's mother] No, I think we understand. Thank you, doctor.
[doctor] You’re welcome. We’re here to support you and your baby. We’ll keep monitoring him closely.
[patient's mother] Thank you.
[doctor] Take care, and we’ll be here if you need anything."
TRANSIENT TACHYPNEA OF NEWBORN|"ROLE: Pediatrician

** Medical Outcome: **
- Diagnosis: Neonatal Hyperbilirubinemia (ICD-10: P59)
- Follow-up recommendations: Follow-up appointment in 2 days to recheck bilirubin levels
- Prescribed treatment: Phototherapy for 24 hours; continue breastfeeding every 2-3 hours
- Blood work: Bilirubin levels (Total and Direct)

** Medical History: **
- Maternal history: Mother had gestational hypertension managed with labetalol
- Family Medical History: Older sibling had mild jaundice at birth, resolved with phototherapy
- Chronic Conditions: None noted in mother or father

** Symptom Description: **
- Severity: Mild jaundice observed
- Duration: Symptoms noted at 24 hours old
- Associated Symptoms: Yellowing of the skin and sclera, feeding well
- Frequency: Persistent since noted
- Impact on Daily Activities: N/A (newborn)

** Patient’s self-reported habits and lifestyle: **
- N/A 

** Demographic Information: **
- Age: Newborn (2 days old)
- Gender: Male 
- Ethnicity: Caucasian
- Socio-economic Status: Middle class
- Education Level: Mother's Education Level: Bachelor's degree in Nursing
- Health Literacy: High
- Job Status: N/A 

** Patient's Behavior: **
- Cooperative with medical advice: N/A (newborn)

** Geographical Location: **
- Small City 
- Suburban 
- Moderate access to healthcare facilities

** Clinical Setting: **
- Rural Community Hospital 

** Type of Encounter: **
- Initial Consultation 

** Treatment Disparities: **
- Quicker access to phototherapy due to mother's nursing background and awareness

** Native or Non-Native English Speaking Patient: **
- Mother: Native English Speaker

** Physical exams: **
- Skin: Mild jaundice extending to the chest
- Eyes: Yellowish discoloration of sclera
- Other exams: Normal, no signs of dehydration; good muscle tone

** Investigation/Test results: **
- Blood work: Bilirubin levels pending; initial transcutaneous bilirubin level measured at 15 mg/dL

** Additional Variables:**
- Socio-economic status: Work Insurance covering the phototherapy and follow-ups
- Support System: Mother has strong family support assisting with the newborn’s care"|"**Subjective:**
*Chief Complaint (CC):* 
- Mild jaundice observed in a newborn.

*History of Present Illness (HPI):*
- A 2-day-old Caucasian male presents with symptoms of jaundice noticed at 24 hours old. The mother reports yellowing of the skin and sclera but indicates that the baby is feeding well and appears otherwise healthy.

*Review of Systems (ROS):*
- Constitutional: Active newborn, no lethargy.
- Skin: Mild yellowish discoloration extending to the chest.
- Eyes: Yellowish discoloration of the sclera.
- Gastrointestinal: Feeding well, no vomiting or diarrhea.
- Genitourinary: Urination and stooling appropriately for age.
- Neurological: Good muscle tone, responsive to stimuli.

**Objective:**
*Vital Signs:*
- Temperature: 36.8°C
- Heart Rate: 120 bpm
- Respiratory Rate: 40 breaths per minute
- Weight: 3.2 kg

*Physical Examination:*
- General: Active, alert newborn.
- Skin: Mild jaundice extending to the chest.
- Eyes: Yellowish discoloration of sclera.
- Cardiovascular: Normal heart sounds.
- Respiratory: Clear breath sounds bilaterally.
- Abdomen: Soft, non-tender, active bowel sounds.
- Neurological: Good muscle tone, symmetric movements.

*Investigation/Test Results:*
- Initial transcutaneous bilirubin level: 15 mg/dL
- Blood work: Bilirubin levels (total and direct) pending.

**Assessment:**
1. Neonatal Hyperbilirubinemia (ICD-10: P59)
    - Medical Reasoning: The newborn presents with signs of jaundice, and the initial transcutaneous bilirubin level is elevated at 15 mg/dL. Given the clinical presentation and family history of mild jaundice resolved with phototherapy in an older sibling, neonatal hyperbilirubinemia is the most likely diagnosis.
    - Differential Diagnosis: Physiological jaundice, breast milk jaundice, ABO incompatibility, sepsis (less likely given the absence of other symptoms).

**Plan:**
1. Phototherapy:
    - Initiate phototherapy for 24 hours.
    - Monitor bilirubin levels closely.
    
2. Nutrition:
    - Continue breastfeeding every 2-3 hours to promote bilirubin excretion.

3. Follow-Up:
    - Schedule a follow-up appointment in 2 days to recheck bilirubin levels and assess the efficacy of the phototherapy.

4. Patient Education and Counseling:
    - Educate the mother about neonatal jaundice, the importance of frequent feeding, and the role of phototherapy in reducing bilirubin levels.
    - Discuss the signs of worsening jaundice or other complications and advise immediate medical attention if such signs are observed.

5. Support:
    - Leverage the mother's nursing background and strong family support to ensure adherence to the treatment plan.

Patient agreements: The mother understands and agrees with the recommended treatment plan, and is comfortable with the care instructions provided.

**Clinical Setting:**
- Encounter occurred in a rural community hospital with moderate access to healthcare facilities.

**Insurance:**
- Work insurance covers the phototherapy and follow-up appointments."|"**Subjective:**
*Chief Complaint (CC):* 
- Mild jaundice observed in a newborn.

*History of Present Illness (HPI):*
- A 2-day-old Caucasian male presents with symptoms of jaundice noticed at 24 hours old. The mother reports yellowing of the skin and sclera but indicates that the baby is feeding well and appears otherwise healthy.

*Review of Systems (ROS):*
- Constitutional: Active newborn, no lethargy.
- Skin: Mild yellowish discoloration extending to the chest.
- Eyes: Yellowish discoloration of the sclera.
- Gastrointestinal: Feeding well, no vomiting or diarrhea.
- Genitourinary: Urination and stooling appropriately for age.
- Neurological: Good muscle tone, responsive to stimuli.

**Objective:**
*Vital Signs:*
- Temperature: 36.8°C
- Heart Rate: 120 bpm
- Respiratory Rate: 40 breaths per minute
- Weight: 3.2 kg

*Physical Examination:*
- General: Active, alert newborn.
- Skin: Mild jaundice extending to the chest.
- Eyes: Yellowish discoloration of sclera.
- Cardiovascular: Normal heart sounds.
- Respiratory: Clear breath sounds bilaterally.
- Abdomen: Soft, non-tender, active bowel sounds.
- Neurological: Good muscle tone, symmetric movements.

*Investigation/Test Results:*
- Initial transcutaneous bilirubin level: 15 mg/dL

**Assessment:**
1. Neonatal Hyperbilirubinemia (ICD-10: P59)
    - Medical Reasoning: The newborn presents with signs of jaundice, and the initial transcutaneous bilirubin level is elevated at 15 mg/dL. Given the clinical presentation and family history of mild jaundice resolved with phototherapy in an older sibling, neonatal hyperbilirubinemia is the most likely diagnosis.
    - Differential Diagnosis: Physiological jaundice, breast milk jaundice, ABO incompatibility, sepsis (less likely given the absence of other symptoms).

**Plan:**
1. Phototherapy:
    - Initiate phototherapy for 24 hours.
    - Monitor bilirubin levels closely.
    
2. Nutrition:
    - Continue breastfeeding every 2-3 hours to promote bilirubin excretion.

3. Follow-Up:
    - Schedule a follow-up appointment in 2 days to recheck bilirubin levels and assess the efficacy of the phototherapy.

4. Patient Education and Counseling:
    - Educate the mother about neonatal jaundice, the importance of frequent feeding, and the role of phototherapy in reducing bilirubin levels.
    - Discuss the signs of worsening jaundice or other complications and advise immediate medical attention if such signs are observed.

5. Support:
    - Leverage the mother's nursing background and strong family support to ensure adherence to the treatment plan.

6. Blood Work:
    - Complete pending blood work for bilirubin levels (total and direct).

Patient agreements: The mother understands and agrees with the recommended treatment plan, and is comfortable with the care instructions provided.

**Clinical Setting:**
- Encounter occurred in a rural community hospital with moderate access to healthcare facilities.

**Insurance:**
- Work insurance covers the phototherapy and follow-up appointments."|"**Subjective:**
*CC:* 
- Mild jaundice observed in a newborn.

*HPI:*
- A 2-day-old Caucasian male presents with sx of jaundice noticed at 24 hrs old. The mother reports yellowing of the skin and sclera but indicates that the baby is feeding well and appears otherwise healthy.

*ROS:*
- Constitutional: Active newborn, no lethargy.
- Skin: Mild yellowish discoloration extending to the chest.
- Eyes: Yellowish discoloration of the sclera.
- GI: Feeding well, no vomiting or diarrhea.
- GU: Urination and stooling appropriately for age.
- Neuro: Good muscle tone, responsive to stimuli.

**Objective:**
*VS:*
- Temp: 36.8°C
- HR: 120 bpm
- RR: 40 breaths per min
- Wt: 3.2 kg

*PE:*
- General: Active, alert newborn.
- Skin: Mild jaundice extending to the chest.
- Eyes: Yellowish discoloration of sclera.
- CV: Normal heart sounds.
- Resp: Clear breath sounds bilaterally.
- Abd: Soft, non-tender, active bowel sounds.
- Neuro: Good muscle tone, symmetric movements.

*Investigation/Test Results:*
- Initial TcB level: 15 mg/dL

**Assessment:**
1. Neonatal Hyperbilirubinemia (ICD-10: P59)
    - Medical Reasoning: The newborn presents with signs of jaundice, and the initial TcB level is elevated at 15 mg/dL. Given the clinical presentation and family hx of mild jaundice resolved with phototherapy in an older sibling, neonatal hyperbilirubinemia is the most likely dx.
    - DDx: Physiological jaundice, breast milk jaundice, ABO incompatibility, sepsis (less likely given the absence of other sx).

**Plan:**
1. Phototherapy:
    - Initiate phototherapy for 24 hrs.
    - Monitor bili levels closely.
    
2. Nutrition:
    - Continue breastfeeding q2-3h to promote bili excretion.

3. F/U:
    - Schedule a F/U appt in 2 days to recheck bili levels and assess the efficacy of the phototherapy.

4. Pt Education and Counseling:
    - Educate the mother about neonatal jaundice, the importance of frequent feeding, and the role of phototherapy in reducing bili levels.
    - Discuss the signs of worsening jaundice or other complications and advise immediate medical attention if such signs are observed.

5. Support:
    - Leverage the mother's nursing background and strong family support to ensure adherence to the tx plan.

6. Blood Work:
    - Complete pending blood work for bili levels (total and direct).

Pt agreements: The mother understands and agrees with the recommended tx plan, and is comfortable with the care instructions provided.

**Clinical Setting:**
- Encounter occurred in a rural community hospital with moderate access to healthcare facilities.

**Insurance:**
- Work insurance covers the phototherapy and F/U appts."|Pediatrician|"```plaintext
[doctor] Hi there, how are you and your little one doing today?
[patient] Hello, Doctor. We’re doing okay, but I noticed some yellowing of his skin and eyes since yesterday, and I’m a bit worried.

[doctor] I see. How old is your baby now?
[patient] He’s 2 days old.

[doctor] Okay, thank you. When exactly did you first notice the yellowing?
[patient] It started around 24 hours after he was born.

[doctor] Alright. And how has he been doing otherwise? Is he feeding well?
[patient] Yes, he’s feeding really well, and he seems quite healthy and active.

[doctor] That’s good to hear. Have you noticed any vomiting or diarrhea?
[patient] No, none at all.

[doctor] How about his urination and stooling? Is it appropriate for his age?
[patient] Yes, he’s urinating and stooling normally.

[doctor] Good. Has he been responsive to stimuli and exhibiting good muscle tone?
[patient] Yes, he’s very responsive and has good muscle tone.

[doctor] That’s reassuring. Now, let’s take a look at him. I’m going to check his vital signs first. His temperature is 36.8°C, heart rate is 120 bpm, respiratory rate is 40 breaths per minute, and he weighs 3.2 kg. Everything looks normal so far. 

[patient] Great.

[doctor] Let’s move on to the physical examination. He’s an active and alert newborn. I see the mild jaundice extending to his chest and yellowish discoloration of the sclera. His heart sounds are normal, breath sounds are clear bilaterally, his abdomen is soft and non-tender with active bowel sounds, and he has good muscle tone with symmetric movements.

[patient] Okay.

[doctor] We did an initial transcutaneous bilirubin level test, and it came back at 15 mg/dL. We’re still waiting on the blood work for total and direct bilirubin levels.

[patient] Oh, okay. What does that mean?

[doctor] Based on his clinical presentation and family history, with mild jaundice that resolved with phototherapy in an older sibling, it appears that he has neonatal hyperbilirubinemia. This is a condition where there is a high level of bilirubin in the blood, which can cause the yellowing of the skin and eyes.

[patient] I see. Is it serious?

[doctor] It can be if not treated properly, but it’s quite common and manageable, especially since he’s feeding well and is otherwise healthy. We will start phototherapy, which helps to break down the bilirubin in his skin.

[patient] How does phototherapy work?

[doctor] Phototherapy involves exposing your baby to a type of blue light that helps to convert bilirubin into a form that can be more easily excreted from his body. We’ll initiate phototherapy for 24 hours and monitor his bilirubin levels closely.

[patient] Alright. And should I continue breastfeeding?

[doctor] Yes, absolutely. Continue breastfeeding every 2-3 hours, as it will help promote bilirubin excretion.

[patient] Okay, I’ll do that.

[doctor] We’ll also schedule a follow-up appointment in 2 days to recheck his bilirubin levels and assess the efficacy of the phototherapy.

[patient] Sounds good.

[doctor] I want to take a moment to educate you about neonatal jaundice. It’s important to continue frequent feeding and monitor for any signs of worsening jaundice or other complications, such as extreme lethargy or poor feeding. If you notice any of these signs, seek immediate medical attention.

[patient] Got it. I’ll keep a close eye on him.

[doctor] Given your nursing background and strong family support, I’m confident you’ll do a great job adhering to the treatment plan. Do you have any questions or concerns?

[patient] No, I think you’ve covered everything. Thank you for explaining it so clearly.

[doctor] You’re welcome. If you have any questions later on or notice any changes, don’t hesitate to contact us. 

[patient] Will do. Thank you, Doctor.

[doctor] You’re welcome. We’ll see you in 2 days for the follow-up. Take care.

[patient] Thank you, take care."|"[doctor] Hi there, how are you and your little one doing today?

[patient] Hello, Doctor. We’re doing okay, but I noticed some yellowing of his skin and eyes since yesterday, and I’m a bit worried.

[doctor] Hmm, I see. How old is your baby now?

[patient] He’s 2 days old.

[doctor] Okay, thank you. When exactly did you first notice the yellowing?

[patient] It started around 24 hours after he was born.

[doctor] Alright. And how has he been doing otherwise? Is he feeding well?

[patient] Yes, he’s feeding really well, and he seems quite healthy and active.

[doctor] That’s good to hear. Have you noticed any vomiting or diarrhea?

[patient] No, none at all.

[doctor] How about his urination and stooling? Is it appropriate for his age?

[patient] Yes, he’s urinating and stooling normally.

[doctor] Good. Has he been responsive to stimuli and exhibiting good muscle tone?

[patient] Yes, he’s very responsive and has good muscle tone.

[doctor] That’s reassuring. Now, let’s take a look at him. I’m going to check his vital signs first. His temperature is 36.8°C, heart rate is 120 bpm, respiratory rate is 40 breaths per minute, and he weighs 3.2 kg. Everything looks normal so far. 

[patient] Great.

[doctor] Let’s move on to the physical examination. He’s an active and alert newborn. I see the mild jaundice extending to his chest and yellowish discoloration of the sclera. His heart sounds are normal, breath sounds are clear bilaterally, his abdomen is soft and non-tender with active bowel sounds, and he has good muscle tone with symmetric movements.

[patient] Okay.

[doctor] We did an initial transcutaneous bilirubin level test, and it came back at 15 mg/dL. We’re still waiting on the blood work for total and direct bilirubin levels.

[patient] Oh, okay. What does that mean?

[doctor] Based on his clinical presentation and family history, with mild jaundice that resolved with phototherapy in an older sibling, it appears that he has neonatal hyperbilirubinemia. This is a condition where there is a high level of bilirubin in the blood, which can cause the yellowing of the skin and eyes.

[patient] I see. Is it serious?

[doctor] It can be if not treated properly, but it’s quite common and manageable, especially since he’s feeding well and is otherwise healthy. We will start phototherapy, which helps to break down the bilirubin in his skin.

[patient] How does phototherapy work?

[doctor] Phototherapy involves exposing your baby to a type of blue light that helps to convert bilirubin into a form that can be more easily excreted from his body. We’ll initiate phototherapy for 24 hours and monitor his bilirubin levels closely.

[patient] Alright. And should I continue breastfeeding?

[doctor] Yes, absolutely. Continue breastfeeding every 2-3 hours, as it will help promote bilirubin excretion.

[patient] Okay, I’ll do that.

[doctor] We’ll also schedule a follow-up appointment in 2 days to recheck his bilirubin levels and assess the efficacy of the phototherapy.

[patient] Sounds good.

[doctor] I want to take a moment to educate you about neonatal jaundice. It’s important to continue frequent feeding and monitor for any signs of worsening jaundice or other complications, such as extreme lethargy or poor feeding. If you notice any of these signs, seek immediate medical attention.

[patient] Got it. I’ll keep a close eye on him.

[doctor] Given your nursing background and strong family support, I’m confident you’ll do a great job adhering to the treatment plan. Do you have any questions or concerns?

[patient] No, I think you’ve covered everything. Thank you for explaining it so clearly.

[doctor] You’re welcome. If you have any questions later on or notice any changes, don’t hesitate to contact us. 

[patient] Will do. Thank you, Doctor.

[doctor] You’re welcome. We’ll see you in 2 days for the follow-up. Take care.

[patient] Thank you, take care."
TRANSIENT TACHYPNEA OF NEWBORN|"ROLE: Neonatologist 

- **Medical Outcome**:
    - **Diagnosis**: Transient Tachypnea of Newborn (TTN)
    - **Prescribed Treatment**: Close monitoring in the NICU
    - **Follow-up Recommendations**: Follow up with pediatrician in 1 week post-discharge
    - **Referral**: NA
    - **Medication and Blood Work**: Initiate supplemental oxygen at 30% via nasal cannula, monitor arterial blood gases every 6 hours.
    - **Imaging**: Chest X-ray to confirm diagnosis and rule out other conditions like pneumonia or pneumothorax.

- **Medical History**:
    - **Previous Diagnoses**: NA (newborn)
    - **Family Medical History**: No significant history noted

- **Symptom Description**:
    - **Severity**: Moderate respiratory distress, respiratory rate of 70 breaths per minute
    - **Duration**: Symptoms noted immediately after birth
    - **Associated Symptoms**: Mild cyanosis, nasal flaring, and grunting
    - **Frequency**: Continuous since birth
    - **Impact on Daily Activities**: NA (newborn)

- **Patient’s self-reported habits and lifestyle**: NA 

- **Demographic Information**:
    - **Age**: Newborn (1 day old)
    - **Gender**: Male
    - **Ethnicity**: Non-Hispanic White
    - **Socio-economic Status**: Middle class
    - **Education Level**: NA
    - **Health Literacy**: NA
    - **Job Status**: NA

- **Patient's Behavior**: NA 

- **Geographical Location**:
    - **Big City vs Small City**: Urban (Big City)
    - **Pollution and Environmental Health Risks**: Low
    - **Neighborhood Type**: Affluent and well-served by transit
    - **Environmental Health Risks**: NA

- **Clinical Setting**: 
    - **Hospitals**: Neonatal Intensive Care Unit (NICU) in an urban hospital

- **Type of Encounter**: 
    - **Initial Consultation**: Newborn exam immediately after birth

- **Treatment Disparities**: None noted

- **Native or Non-Native English Speaking Patient**: Native English-speaking family

- **Physical exams**: 
    - **General**: Newborn is alert and active
    - **Respiratory**: Tachypneic, with mild subcostal retractions, nasal flaring, and grunting
    - **Cardiovascular**: Normal heart sounds, no murmurs detected
    - **Abdomen**: Soft, non-distended
    - **Extremities**: Normal tone and range of motion, no cyanosis in extremities

- **Investigation/Test results**:
    - **Chest X-ray**: Awaiting results"|"#####
**1. Subjective:**

**Chief Complaint (CC):**
Respiratory distress.

**History of Present Illness (HPI):**
A 1-day-old male newborn presents with symptoms of respiratory distress noted immediately after birth. The symptoms include a respiratory rate of 70 breaths per minute, mild cyanosis, nasal flaring, and grunting. These symptoms have been continuous since birth.

**Review of Systems (ROS):**
- **Respiratory:** Reports of tachypnea, grunting, and nasal flaring are noted. Presence of mild cyanosis.
- **Cardiovascular:** No reports of abnormal heart sounds or murmurs.
- **Gastrointestinal:** No abdominal distension or issues with feeding.
- **Neurological:** Newborn is alert and active.

**2. Objective:**

- **Vital Signs:**
  - Respiratory Rate: 70 breaths per minute
  - Heart Rate: Within normal limits for a newborn
  - Oxygen Saturation: Requires supplemental oxygen at 30% via nasal cannula
  
- **Physical Exam:**
  - **General:** Newborn is alert and active
  - **Respiratory:** Tachypneic, with mild subcostal retractions, nasal flaring, and grunting
  - **Cardiovascular:** Normal heart sounds, no murmurs detected
  - **Abdomen:** Soft, non-distended
  - **Extremities:** Normal tone and range of motion, no cyanosis in extremities

- **Results:**
  - **Chest X-ray:** Pending results to confirm diagnosis and rule out pneumonia or pneumothorax.
  - **Arterial Blood Gases:** To be monitored every 6 hours.

**3. Assessment:**

- **Diagnosis:** Transient Tachypnea of the Newborn (TTN)

**4. Plan:**

- **Monitoring:** Close monitoring in the NICU with a focus on respiratory status.
- **Medications:** Initiate supplemental oxygen at 30% via nasal cannula.
- **Investigation:** Await chest X-ray results to confirm diagnosis and rule out other conditions like pneumonia or pneumothorax.
- **Monitoring:** Monitor arterial blood gases every 6 hours to assess oxygenation and ventilation status.
- **Follow-up:** Follow up with a pediatrician in 1 week post-discharge from the NICU. 

**Instructions:**

- The patient will continue to receive close monitoring in the NICU.
- Careful observation for any changes in respiratory status or new symptoms is essential.
- The parents have been informed about the diagnosis, the need for ongoing monitoring, and the follow-up plan with the pediatrician.

#####
"|"#####
**1. Subjective:**

**Chief Complaint (CC):**
Respiratory distress.

**History of Present Illness (HPI):**
A 1-day-old male newborn presents with symptoms of respiratory distress noted immediately after birth. The symptoms include a respiratory rate of 70 breaths per minute, mild cyanosis, nasal flaring, and grunting. These symptoms have been continuous since birth.

**Review of Systems (ROS):**
- **Respiratory:** Reports of tachypnea, grunting, and nasal flaring are noted. Presence of mild cyanosis.
- **Cardiovascular:** No reports of abnormal heart sounds or murmurs.
- **Gastrointestinal:** No abdominal distension or issues with feeding.
- **Neurological:** Newborn is alert and active.

**2. Objective:**

- **Vital Signs:**
  - Respiratory Rate: 70 breaths per minute
  - Heart Rate: Within normal limits for a newborn
  - Oxygen Saturation: Requires supplemental oxygen at 30% via nasal cannula
  
- **Physical Exam:**
  - **General:** Newborn is alert and active
  - **Respiratory:** Tachypneic, with mild subcostal retractions, nasal flaring, and grunting
  - **Cardiovascular:** Normal heart sounds, no murmurs detected
  - **Abdomen:** Soft, non-distended
  - **Extremities:** Normal tone and range of motion, no cyanosis in extremities

**3. Assessment:**

- **Diagnosis:** Transient Tachypnea of the Newborn (TTN)

**4. Plan:**

- **Monitoring:** Close monitoring in the NICU with a focus on respiratory status.
- **Medications:** Initiate supplemental oxygen at 30% via nasal cannula.
- **Investigation:** Await chest X-ray results to confirm diagnosis and rule out other conditions like pneumonia or pneumothorax.
- **Monitoring:** Monitor arterial blood gases every 6 hours to assess oxygenation and ventilation status.
- **Follow-up:** Follow up with a pediatrician in 1 week post-discharge from the NICU. 

**Instructions:**

- The patient will continue to receive close monitoring in the NICU.
- Careful observation for any changes in respiratory status or new symptoms is essential.
- The parents have been informed about the diagnosis, the need for ongoing monitoring, and the follow-up plan with the pediatrician.

#####
"|"#####
**1. Subjective:**

**CC:**
Respiratory distress.

**HPI:**
A 1-day-old M newborn presents with sx of respiratory distress noted immediately after birth. The sx include a RR of 70 bpm, mild cyanosis, nasal flaring, and grunting. These sx have been continuous since birth.

**ROS:**
- **Respiratory:** Reports of tachypnea, grunting, and nasal flaring are noted. Presence of mild cyanosis.
- **CV:** No reports of abnormal heart sounds or murmurs.
- **GI:** No abdominal distension or issues with feeding.
- **Neuro:** Newborn is alert and active.

**2. Objective:**

- **VS:**
  - RR: 70 bpm
  - HR: WNL for a newborn
  - O2 Sat: Requires supplemental O2 at 30% via NC
  
- **PE:**
  - **General:** Newborn is alert and active
  - **Respiratory:** Tachypneic, with mild subcostal retractions, nasal flaring, and grunting
  - **CV:** Normal heart sounds, no murmurs detected
  - **Abd:** Soft, non-distended
  - **Ext:** Normal tone and ROM, no cyanosis in extremities

**3. Assessment:**

- **Dx:** TTN

**4. Plan:**

- **Monitoring:** Close monitoring in the NICU with a focus on respiratory status.
- **Meds:** Initiate supplemental O2 at 30% via NC.
- **Investigation:** Await CXR results to confirm dx and r/o other conditions like PNA or PTX.
- **Monitoring:** Monitor ABGs q6h to assess oxygenation and ventilation status.
- **F/U:** F/U with a pediatrician in 1 week post-discharge from the NICU. 

**Instructions:**

- The patient will continue to receive close monitoring in the NICU.
- Careful observation for any changes in respiratory status or new sx is essential.
- The parents have been informed about the dx, the need for ongoing monitoring, and the F/U plan with the pediatrician.

#####
"|Neonatologist |"**Doctor:** Hi there, I see you have a newborn with you today. How can I help?

**Parent:** Yes, doctor. Our baby is having trouble breathing. He’s only a day old.

**Doctor:** Oh, I’m sorry to hear that. Can you describe exactly what’s been happening?

**Parent:** Well, right after he was born, we noticed he was breathing very fast and making some grunting noises. His nose flares when he breathes, and sometimes his lips look a bit blue.

**Doctor:** I see. How often does this happen?

**Parent:** It’s been continuous since he was born. We’ve been really worried.

**Doctor:** I understand. Let’s go through some details. What’s his respiratory rate been like?

**Parent:** The nurses said it’s been around 70 breaths per minute.

**Doctor:** That’s quite fast. Any other symptoms you’ve noticed?

**Parent:** Just the grunting, nasal flaring, and the mild cyanosis around his lips. He seems active and alert otherwise.

**Doctor:** Hmm, okay. How about his heart? Have you noticed any abnormal heart sounds or murmurs?

**Parent:** No, the doctors who checked him said his heart sounds normal.

**Doctor:** That’s good to hear. Any issues with feeding or any abdominal distension?

**Parent:** No, his tummy looks fine, and he’s been able to feed without any problems.

**Doctor:** Alright. Has he been alert and active?

**Parent:** Yes, he’s quite alert and active.

**Doctor:** Thank you for sharing that. I’m going to take a closer look at him now. Is that okay?

**Parent:** Yes, of course.

**Doctor:** Alright, let’s check his vital signs first. His respiratory rate is 70 breaths per minute, and his heart rate is within normal limits for a newborn. His oxygen saturation shows he needs supplemental oxygen at about 30% via nasal cannula.

**Parent:** Oh, okay. Is that serious?

**Doctor:** It can be concerning, but we are closely monitoring him. Let me perform a physical exam. He’s alert and active, which is a good sign. His breathing is fast, and I see some mild subcostal retractions, nasal flaring, and grunting. His heart sounds normal, and there are no murmurs. His abdomen is soft and non-distended, and his extremities have normal tone and range of motion. There’s no cyanosis in his extremities.

**Parent:** What do you think it could be?

**Doctor:** Based on my initial assessment, it looks like your baby might have Transient Tachypnea of the Newborn, or TTN. It’s a condition that can occur in newborns, but we’re awaiting the results of his chest X-ray to confirm the diagnosis and rule out other conditions like pneumonia or pneumothorax.

**Parent:** What exactly is TTN?

**Doctor:** TTN is a respiratory condition that happens when a newborn’s lungs are still adjusting to breathing air outside the womb. It’s usually temporary and resolves on its own within a few days. We’ll keep monitoring his respiratory status closely.

**Parent:** Is there anything we need to do right now?

**Doctor:** Right now, we’ll continue to provide him with supplemental oxygen at 30% via nasal cannula. We’ll also keep a close eye on his arterial blood gases every 6 hours to assess his oxygenation and ventilation status.

**Parent:** How long will he need to stay in the NICU?

**Doctor:** It depends on how quickly he improves, but we’ll monitor him closely. Once his symptoms resolve and he’s stable, we can consider discharge. We’ll also arrange a follow-up with a pediatrician in 1 week post-discharge from the NICU.

**Parent:** Thank you, doctor. Is there anything else we should know?

**Doctor:** Yes, careful observation for any changes in his respiratory status or new symptoms is essential. We’ll keep you informed about his progress and any updates on his condition.

**Parent:** Alright, we’ll do that. Thank you so much.

**Doctor:** You’re welcome. We’ll take good care of him and keep you updated. If you have any questions or concerns, don’t hesitate to ask.

**Parent:** We appreciate it. Thanks again.

**Doctor:** No problem at all. We’re here to help. Take care."|"**[doctor]:** Hi there, I see you have a newborn with you today. How can I help?

**[parent]:** Yes, doctor. Our baby is having trouble breathing. He’s only a day old.

**[doctor]:** Oh, I’m sorry to hear that. Can you describe exactly what’s been happening?

**[parent]:** Well, right after he was born, we noticed he was breathing very fast and making some grunting noises. His nose flares when he breathes, and sometimes his lips look a bit blue.

**[doctor]:** I see. How often does this happen?

**[parent]:** It’s been continuous since he was born. We’ve been really worried.

**[doctor]:** I understand. Let’s go through some details. What’s his respiratory rate been like?

**[parent]:** The nurses said it’s been around 70 breaths per minute.

**[doctor]:** That’s quite fast. Any other symptoms you’ve noticed?

**[parent]:** Just the grunting, nasal flaring, and the mild cyanosis around his lips. He seems active and alert otherwise.

**[doctor]:** Hmm, okay. How about his heart? Have you noticed any abnormal heart sounds or murmurs?

**[parent]:** No, the doctors who checked him said his heart sounds normal.

**[doctor]:** That’s good to hear. Any issues with feeding or any abdominal distension?

**[parent]:** No, his tummy looks fine, and he’s been able to feed without any problems.

**[doctor]:** Alright. Has he been alert and active?

**[parent]:** Yes, he’s quite alert and active.

**[doctor]:** Thank you for sharing that. I’m going to take a closer look at him now. Is that okay?

**[parent]:** Yes, of course.

**[doctor]:** Alright, let’s check his vital signs first. His respiratory rate is 70 breaths per minute, and his heart rate is within normal limits for a newborn. His oxygen saturation shows he needs supplemental oxygen at about 30% via nasal cannula.

**[parent]:** Oh, okay. Is that serious?

**[doctor]:** It can be concerning, but we are closely monitoring him. Let me perform a physical exam. He’s alert and active, which is a good sign. His breathing is fast, and I see some mild subcostal retractions, nasal flaring, and grunting. His heart sounds normal, and there are no murmurs. His abdomen is soft and non-distended, and his extremities have normal tone and range of motion. There’s no cyanosis in his extremities.

**[parent]:** What do you think it could be?

**[doctor]:** Based on my initial assessment, it looks like your baby might have Transient Tachypnea of the Newborn, or TTN. It’s a condition that can occur in newborns, but we’re awaiting the results of his chest X-ray to confirm the diagnosis and rule out other conditions like pneumonia or pneumothorax.

**[parent]:** What exactly is TTN?

**[doctor]:** TTN is a respiratory condition that happens when a newborn’s lungs are still adjusting to breathing air outside the womb. It’s usually temporary and resolves on its own within a few days. We’ll keep monitoring his respiratory status closely.

**[parent]:** Is there anything we need to do right now?

**[doctor]:** Right now, we’ll continue to provide him with supplemental oxygen at 30% via nasal cannula. We’ll also keep a close eye on his arterial blood gases every 6 hours to assess his oxygenation and ventilation status.

**[parent]:** How long will he need to stay in the NICU?

**[doctor]:** It depends on how quickly he improves, but we’ll monitor him closely. Once his symptoms resolve and he’s stable, we can consider discharge. We’ll also arrange a follow-up with a pediatrician in 1 week post-discharge from the NICU.

**[parent]:** Thank you, doctor. Is there anything else we should know?

**[doctor]:** Yes, careful observation for any changes in his respiratory status or new symptoms is essential. We’ll keep you informed about his progress and any updates on his condition.

**[parent]:** Alright, we’ll do that. Thank you so much.

**[doctor]:** You’re welcome. We’ll take good care of him and keep you updated. If you have any questions or concerns, don’t hesitate to ask.

**[parent]:** We appreciate it. Thanks again.

**[doctor]:** No problem at all. We’re here to help. Take care."
UNSPECIFIED HEARING LOSS, UNSPECIFIED EAR|"**ROLE:** Otolaryngologist

**1) Medical Outcome:**
- Diagnosis: H91.90 Unspecified hearing loss, unspecified ear
- Prescribed Treatment: Hearing aid fitting evaluation
- Follow-up Recommendations: Follow-up appointment in 2 weeks for hearing aid fitting
- Referral: Audiology for comprehensive audiometric evaluation
- Lifestyle Changes: Advise minimizing exposure to loud noises and using ear protection in noisy environments

**2) Medical History:**
- Previous Diagnoses: Hypertension, Type 2 Diabetes
- Chronic Conditions: Hypertension, Type 2 Diabetes
- Medication History: Metformin 500 mg orally twice daily, Lisinopril 20 mg orally once daily
- Allergies: Penicillin

**3) Symptom Description:**
- Severity: Moderate
- Duration: 6 months
- Associated Symptoms: Occasional tinnitus
- Frequency: Daily
- Impact on Daily Activities: Difficulty understanding conversations, especially in noisy environments

**4) Patient’s self-reported habits and lifestyle:**
- Sleep: Reports sleeping well, 7-8 hours per night
- Diet: Balanced diet with occasional indulgences
- Exercise: Walks 30 minutes daily
- Tobacco Use: None
- Alcohol Consumption: Social drinking, about 1-2 drinks per week
- Drug Use: None
- Recreational Activities: Enjoys reading and gardening

**5) Demographic Information:**
- Age: 65
- Gender: Female
- Ethnicity: Caucasian
- Socio-economic Status: Middle-class
- Education Level: Bachelor's Degree
- Health Literacy: Good
- Job Status: Retired teacher

**6) Patient's Behavior:**
- Cooperative and compliant with medical advice

**7) Geographical Location:**
- Urban area
- Well-served by transit and healthcare facilities
- Moderate environmental noise pollution

**8) Clinical Setting:**
- Specialty Clinic (Otolaryngology)

**9) Type of Encounter:**
- Initial Consultation

**10) Treatment Disparities:**
- None noted. Patient is provided with all necessary information and resources.

**11) Native or Non-Native English Speaking Patient:**
- Native English Speaking

**12) Physical exams:**
- Otoscopic examination: No cerumen impaction or visible abnormalities
- Weber Test: Lateralization to the unaffected ear
- Rinne Test: Air conduction greater than bone conduction bilaterally

**13) Investigation/Test results:**
- Awaiting results: Comprehensive Audiometric Evaluation from Audiology

"|"#####
**1. Subjective:**

**Chief Complaint (CC):**
Hearing loss.

**History of Present Illness (HPI):**
The patient, a 65-year-old Caucasian female, presents with a 6-month history of moderate hearing loss, which has been progressively getting worse. The patient reports occasional tinnitus and experiences difficulty understanding conversations, especially in noisy environments. There is no history of ear trauma or cerumen impaction.

**Review of Systems (ROS):**
- **Ears:** Reports moderate hearing loss and occasional tinnitus. Denies otalgia or otorrhea.
- **General:** No recent infections or illnesses.
- **Neurological:** No dizziness or vertigo.
- **Other systems:** Unremarkable except for known chronic conditions.

**2. Objective:**

**Vitals:**
Blood pressure: 130/85 mmHg, Heart rate: 75 bpm, Temperature: 98.6°F

**Physical Exam:**
- **Otoscopy:** No cerumen impaction or visible abnormalities.
- **Weber Test:** Lateralization to the unaffected ear.
- **Rinne Test:** Air conduction is greater than bone conduction bilaterally.

**3. Assessment:**

Hearing loss, unspecified ear (H91.90).

**4. Plan:**
- **Treatment:** Referral to Audiology for a comprehensive audiometric evaluation.
- **Hearing Aid:** Schedule a follow-up appointment in 2 weeks for a hearing aid fitting evaluation.
- **Lifestyle Modifications:** Advise the patient to minimize exposure to loud noises and consistently use ear protection in noisy environments.
- **Chronic Disease Management:** Continue current medications: Metformin 500 mg orally twice daily, Lisinopril 20 mg orally once daily.
- **Follow-up:** Patient to return in 2 weeks for the hearing aid fitting and discussion of audiometric evaluation results.
  
**Instructions:**
- The patient has been advised on the importance of ear protection and to avoid environments with high noise levels.
- Continue medication regimen for hypertension and diabetes.
- Maintain regular physical activity and a balanced diet.

**Note:** Patient has no noted treatment disparities and is compliant with medical advice. Awaiting results from the comprehensive audiometric evaluation to further tailor the treatment plan.
#####"|"#####
**1. Subjective:**

**Chief Complaint (CC):**
Hearing loss.

**History of Present Illness (HPI):**
The patient, a 65-year-old Caucasian female, presents with a 6-month history of moderate hearing loss, which has been progressively getting worse. The patient reports occasional tinnitus and experiences difficulty understanding conversations, especially in noisy environments. There is no history of ear trauma or cerumen impaction.

**Review of Systems (ROS):**
- **Ears:** Reports moderate hearing loss and occasional tinnitus. Denies otalgia or otorrhea.
- **General:** No recent infections or illnesses.
- **Neurological:** No dizziness or vertigo.
- **Other systems:** Unremarkable except for known chronic conditions.

**2. Objective:**

**Vitals:**
Blood pressure: 130/85 mmHg, Heart rate: 75 bpm, Temperature: 98.6°F

**Physical Exam:**
- **Otoscopy:** No cerumen impaction or visible abnormalities.
- **Weber Test:** Lateralization to the unaffected ear.
- **Rinne Test:** Air conduction is greater than bone conduction bilaterally.

**3. Assessment:**

Hearing loss, unspecified ear (H91.90).

**4. Plan:**
- **Referral:** Referral to Audiology for a comprehensive audiometric evaluation. Referred to Dr. Emily Johnson, Audiologist, for further assessment.
- **Hearing Aid:** Schedule a follow-up appointment in 2 weeks for a hearing aid fitting evaluation.
- **Lifestyle Modifications:** Advise the patient to minimize exposure to loud noises and consistently use ear protection in noisy environments.
- **Chronic Disease Management:** Continue current medications: Metformin 500 mg orally twice daily, Lisinopril 20 mg orally once daily.
- **Follow-up:** Patient to return in 2 weeks for the hearing aid fitting and discussion of audiometric evaluation results.

**Instructions:**
- The patient has been advised on the importance of ear protection and to avoid environments with high noise levels.
- Continue medication regimen for hypertension and diabetes.
- Maintain regular physical activity and a balanced diet.

**Note:** Patient has no noted treatment disparities and is compliant with medical advice. Awaiting results from the comprehensive audiometric evaluation to further tailor the treatment plan.
#####"|"#####
**1. Subjective:**

**CC:**
Hearing loss.

**HPI:**
The pt, a 65 y/o Caucasian F, presents with a 6-month hx of moderate hearing loss, progressively worsening. Pt reports occasional tinnitus and difficulty understanding conversations, especially in noisy environments. No hx of ear trauma or cerumen impaction.

**ROS:**
- **Ears:** Reports moderate hearing loss and occasional tinnitus. Denies otalgia or otorrhea.
- **General:** No recent infections or illnesses.
- **Neuro:** No dizziness or vertigo.
- **Other systems:** Unremarkable except for known chronic conditions.

**2. Objective:**

**Vitals:**
BP: 130/85 mmHg, HR: 75 bpm, Temp: 98.6°F

**Physical Exam:**
- **Otoscopy:** No cerumen impaction or visible abnormalities.
- **Weber Test:** Lateralization to the unaffected ear.
- **Rinne Test:** AC > BC bilaterally.

**3. Assessment:**

Hearing loss, unspecified ear (H91.90).

**4. Plan:**
- **Referral:** Referral to Audiology for a comprehensive audiometric eval. Referred to Dr. Emily Johnson, AuD, for further assessment.
- **Hearing Aid:** Schedule f/u in 2 weeks for hearing aid fitting eval.
- **Lifestyle Modifications:** Advise pt to minimize exposure to loud noises and consistently use ear protection in noisy environments.
- **Chronic Disease Mgmt:** Continue current meds: Metformin 500 mg PO BID, Lisinopril 20 mg PO QD.
- **F/U:** Pt to return in 2 weeks for hearing aid fitting and discussion of audiometric eval results.

**Instructions:**
- Pt advised on the importance of ear protection and to avoid high noise level environments.
- Continue med regimen for HTN and DM.
- Maintain regular physical activity and a balanced diet.

**Note:** Pt has no noted tx disparities and is compliant with medical advice. Awaiting results from the comprehensive audiometric eval to further tailor the tx plan.
#####"|Role not found in the first 5 lines.|"[doctor] Hi there, how are you today? 

[patient] Hi, Doctor. I'm okay, but I've been having some trouble with my hearing lately.

[doctor] I see. Can you tell me more about what's been going on with your hearing?

[patient] Sure. Over the past six months, I've noticed that my hearing has been getting worse. It's been really hard to understand conversations, especially when there's background noise.

[doctor] I understand. Have you experienced anything else, like ringing in your ears or any kind of pain?

[patient] Yes, I've had occasional ringing in my ears, but no pain or discharge.

[doctor] Alright. Have you had any recent infections or illnesses?

[patient] No, I haven't been sick recently.

[doctor] How about dizziness or vertigo? Any episodes of feeling off balance?

[patient] No, I haven't had any dizziness or vertigo.

[doctor] Okay, thank you for that information. Can you remember if you've had any ear trauma or if there's been any build-up of earwax?

[patient] No, nothing like that.

[doctor] Good to know. So, aside from your hearing issues, are you experiencing any other symptoms?

[patient] No, nothing else that stands out. Just the hearing and the ringing.

[doctor] Alright. Let's move on to a physical exam. I'll start by checking your ears with an otoscope to see if there's anything unusual. 

[patient] Okay.

[doctor] (Performing otoscopy) Everything looks clear here, no earwax build-up or visible abnormalities. Now, I'm going to perform a couple of tests to further assess your hearing. First, we'll do the Weber Test. I'll place this tuning fork on the top of your head. Let me know if you hear the sound more in one ear than the other.

[patient] Okay. I hear it more in my left ear.

[doctor] Got it. Now, let's move on to the Rinne Test. I'll place this tuning fork behind your ear. Tell me when you stop hearing the sound.

[patient] (Pauses) I can't hear it anymore.

[doctor] And now I'll move it in front of your ear. Can you hear it?

[patient] Yes, I can hear it again.

[doctor] Great. We'll do the same on the other ear. (Pauses) When do you stop hearing the sound?

[patient] I can't hear it anymore.

[doctor] And now in front of the ear?

[patient] Yes, I can hear it again.

[doctor] Thank you for that. Based on these tests, it seems like your hearing loss might be more related to the inner ear or nerve pathways. 

[patient] What does that mean?

[doctor] It means that the issue may not be due to a blockage or outer ear problem, but something deeper. I'll refer you to an audiologist for a comprehensive audiometric evaluation to get a clearer picture.

[patient] Okay, that sounds good.

[doctor] I'll also schedule a follow-up appointment in two weeks to discuss the results of your audiometric evaluation and to consider fitting you for a hearing aid.

[patient] Alright, thank you.

[doctor] In the meantime, it's important to minimize your exposure to loud noises and consistently use ear protection in noisy environments. 

[patient] Got it, I'll make sure to do that.

[doctor] Let's also continue your current medications for hypertension and diabetes. How have you been managing with those?

[patient] I've been taking my medications regularly. I'm on Metformin 500 mg twice daily and Lisinopril 20 mg once daily.

[doctor] That's good to hear. Remember to maintain regular physical activity and a balanced diet as well.

[patient] I'll keep that in mind.

[doctor] Excellent. So, to summarize, we'll refer you to Audiology for a comprehensive audiometric evaluation, and you'll come back in two weeks for a follow-up and hearing aid fitting if needed. Make sure to avoid loud noises and continue with your current health regimen.

[patient] Okay, thank you so much, Doctor.

[doctor] You're welcome. If you have any questions or concerns before the follow-up, don't hesitate to reach out. See you in two weeks.

[patient] Will do. Thanks again.

[doctor] Take care!"|"[doctor] Hi there, how are you today?

[patient] Hi, Doctor. I'm okay, but I've been having some trouble with my hearing lately.

[doctor] Hmm, I see. Can you tell me more about what's been going on with your hearing?

[patient] Sure. Over the past six months, I've noticed that my hearing has been getting worse. It's been really hard to understand conversations, especially when there's background noise.

[doctor] Ah, I understand. Have you experienced anything else, like ringing in your ears or any kind of pain?

[patient] Yes, I've had occasional ringing in my ears, but no pain or discharge.

[doctor] Alright. Have you had any recent infections or illnesses?

[patient] No, I haven't been sick recently.

[doctor] How about dizziness or vertigo? Any episodes of feeling off balance?

[patient] No, I haven't had any dizziness or vertigo.

[doctor] Okay, thank you for that information. Can you remember if you've had any ear trauma or if there's been any build-up of earwax?

[patient] No, nothing like that.

[doctor] Good to know. So, aside from your hearing issues, are you experiencing any other symptoms?

[patient] No, nothing else that stands out. Just the hearing and the ringing.

[doctor] Alright. Let's move on to a physical exam. I'll start by checking your ears with an otoscope to see if there's anything unusual.

[patient] Okay.

[doctor] (Performing otoscopy) Everything looks clear here, no earwax build-up or visible abnormalities. Now, I'm going to perform a couple of tests to further assess your hearing. First, we'll do the Weber Test. I'll place this tuning fork on the top of your head. Let me know if you hear the sound more in one ear than the other.

[patient] Okay. I hear it more in my left ear.

[doctor] Got it. Now, let's move on to the Rinne Test. I'll place this tuning fork behind your ear. Tell me when you stop hearing the sound.

[patient] (Pauses) I can't hear it anymore.

[doctor] And now I'll move it in front of your ear. Can you hear it?

[patient] Yes, I can hear it again.

[doctor] Great. We'll do the same on the other ear. (Pauses) When do you stop hearing the sound?

[patient] I can't hear it anymore.

[doctor] And now in front of the ear?

[patient] Yes, I can hear it again.

[doctor] Thank you for that. Based on these tests, it seems like your hearing loss might be more related to the inner ear or nerve pathways.

[patient] What does that mean?

[doctor] It means that the issue may not be due to a blockage or outer ear problem, but something deeper. I'll refer you to an audiologist for a comprehensive audiometric evaluation to get a clearer picture.

[patient] Okay, that sounds good.

[doctor] I'll also schedule a follow-up appointment in two weeks to discuss the results of your audiometric evaluation and to consider fitting you for a hearing aid.

[patient] Alright, thank you.

[doctor] In the meantime, it's important to minimize your exposure to loud noises and consistently use ear protection in noisy environments.

[patient] Got it, I'll make sure to do that.

[doctor] Let's also continue your current medications for hypertension and diabetes. How have you been managing with those?

[patient] I've been taking my medications regularly. I'm on Metformin 500 mg twice daily and Lisinopril 20 mg once daily.

[doctor] That's good to hear. Remember to maintain regular physical activity and a balanced diet as well.

[patient] I'll keep that in mind.

[doctor] Excellent. So, to summarize, we'll refer you to Audiology for a comprehensive audiometric evaluation, and you'll come back in two weeks for a follow-up and hearing aid fitting if needed. Make sure to avoid loud noises and continue with your current health regimen.

[patient] Okay, thank you so much, Doctor.

[doctor] You're welcome. If you have any questions or concerns before the follow-up, don't hesitate to reach out. See you in two weeks.

[patient] Will do. Thanks again.

[doctor] Take care!"
UNSPECIFIED HEARING LOSS, UNSPECIFIED EAR|"ROLE: General Physician

- Medical Outcome:
  - Diagnosis: UNSPECIFIED HEARING LOSS, UNSPECIFIED EAR.
  - Follow-up recommendations: Follow-up in 3 weeks to discuss further management.
  - Referral to specialists: Referral to an audiologist for comprehensive hearing testing and hearing aid fitting (Dr. Emily Watson).
  - Referral to further tests: Order an MRI of the brain to check for any central nervous system causes.

- Medical History:
  - Previous Diagnoses: Type 2 diabetes, managed with Metformin.
  - Family Medical History: Mother had Alzheimer's disease.
  - Medication History: Metformin 500 mg once daily.
  - Allergies: No known drug allergies.
  - Chronic Conditions: Type 2 diabetes.

- Symptom Description:
  - Severity: Mild to moderate difficulty hearing, particularly in the right ear.
  - Duration: Symptoms have been present for 4 months.
  - Associated Symptoms: Occasional ear pain and headaches.
  - Frequency: Daily hearing difficulties, headaches occur 1-2 times a week.
  - Impact on Daily Activities: Difficulties hearing instructions at work, affecting job performance as a teacher.

- Patient’s self-reported habits and lifestyle:
  - Sleep: Interrupted sleep due to ear pain.
  - Diet: Adheres to a low-sugar diet due to diabetes.
  - Exercise: Walks daily for 30 minutes.
  - Tobacco Use: None.
  - Alcohol Consumption: None.
  - Drug Use: None.
  - Recreational Activities: Enjoys reading and swimming.

- Demographic Information:
  - Age: 60
  - Gender: Female
  - Ethnicity: Asian
  - Socio-economic Status: Middle class
  - Education Level: Bachelor's degree
  - Health Literacy: Moderate; understands basic health concepts.
  - Job Status: Full-time elementary school teacher

- Patient's Behavior:
  - Cooperative and concerned about hearing loss affecting her teaching job.

- Geographical Location:
  - Urban area (San Francisco, California)
  - Neighborhood Type: Affluent area with good healthcare access.

- Clinical Setting:
  - Urgent Care Center

- Type of Encounter:
  - Emergency Visit

- Treatment Disparities:
  - None observed.

- Native or Non-Native English Speaking Patient:
  - Native English Speaker

- Physical exams:
  - Ear Examination: Right ear canal appears slightly inflamed, tympanic membrane is mildly erythematous but intact.
  - Neurological Examination: Cranial nerves II-XII intact.

- Investigation/Test results:
  - Hearing Test: Awaiting results from audiologist.
  - Additional Test: Awaiting MRI of the brain to rule out any central causes for hearing loss.

"|"#####
**1. Subjective:**

**Chief Complaint (CC):**
Difficulty hearing, particularly in the right ear.

**History of Present Illness (HPI):**
A 60-year-old Asian female, who is an elementary school teacher, presents with a 4-month history of mild to moderate difficulty hearing, especially in the right ear. The patient reports occasional ear pain and headaches that occur 1-2 times a week. She has daily hearing difficulties which are impacting her ability to hear instructions at work, thereby affecting her job performance. Additionally, interrupted sleep due to ear pain is noted.

**Review of Systems (ROS):**
- HEENT: Reports hearing loss and occasional ear pain. No nasal congestion or sore throat.
- Neurological: Reports headaches 1-2 times a week. No visual disturbances, dizziness, or focal weakness.
- General: Denies fever, chills, or weight loss.
- Cardiovascular: No chest pain or palpitations.
- Respiratory: No cough or shortness of breath.
- Gastrointestinal: Denies nausea, vomiting, or abdominal pain.
- Genitourinary: No dysuria or hematuria.

**2. Objective:**

**Vitals:**
- Blood Pressure: 130/78 mmHg
- Pulse: 76 bpm
- Temperature: 98.7°F
- Respiratory Rate: 16/min
- Height: 5'4""
- Weight: 160 lbs

**Physical Exam:**
- **Constitutional:** Alert and cooperative, oriented x3.
- **HEENT:** 
  - **Head:** Normocephalic, atraumatic.
  - **Eyes:** PERRLA, EOMI, no nystagmus.
  - **Ears:** Right ear canal slightly inflamed, tympanic membrane mildly erythematous but intact.
- **Neurological:** 
  - **Cranial Nerves:** II-XII intact 
  - **Motor/Sensory:** Normal bulk, tone, strength, and sensation.
  - **Reflexes:** Normal.
  - **Coordination:** Intact.

**3. Assessment:**

- **Unspecified Hearing Loss, Unspecified Ear:**
  - Patient exhibits symptoms of hearing loss, primarily in the right ear.
  - Differential diagnosis includes sensorineural hearing loss, conductive hearing loss, acoustic neuroma, and other central nervous system causes.

**4. Plan:**

**Treatment and Management:**
- **Referral to an Audiologist:** Referred to Dr. Emily Watson for comprehensive hearing testing and possible hearing aid fitting.
- **Imaging:** Ordered an MRI of the brain to evaluate for any central nervous system pathology that could be causing hearing loss.
- **Follow-Up:** Patient to follow up in 3 weeks to discuss further management and to review the results of the auditory tests and MRI.

**Patient Education:**
- Discussed with the patient the importance of following up with an audiologist and the potential need for hearing aids.
- Advised on ways to manage ear pain, including over-the-counter pain medications and avoiding loud noises.
- Educated about the importance of managing blood sugar levels given her history of Type 2 diabetes.

**Instructions:**
- Patient instructed to immediately report any worsening of symptoms, such as severe headaches, visual changes, or sudden loss of hearing.
- Schedule the follow-up appointment in 3 weeks.

#####"|"**1. Subjective:**

**Chief Complaint (CC):**
Difficulty hearing, particularly in the right ear.

**History of Present Illness (HPI):**
A 60-year-old Asian female, who is an elementary school teacher, presents with a 4-month history of mild to moderate difficulty hearing, especially in the right ear. The patient reports occasional ear pain and headaches that occur 1-2 times a week. She has daily hearing difficulties which are impacting her ability to hear instructions at work, thereby affecting her job performance. Additionally, interrupted sleep due to ear pain is noted.

**Review of Systems (ROS):**
- HEENT: Reports hearing loss and occasional ear pain. No nasal congestion or sore throat.
- Neurological: Reports headaches 1-2 times a week. No visual disturbances, dizziness, or focal weakness.
- General: Denies fever, chills, or weight loss.
- Cardiovascular: No chest pain or palpitations.
- Respiratory: No cough or shortness of breath.
- Gastrointestinal: Denies nausea, vomiting, or abdominal pain.
- Genitourinary: No dysuria or hematuria.

**2. Objective:**

**Vitals:**
- Blood Pressure: 130/78 mmHg
- Pulse: 76 bpm
- Temperature: 98.7°F
- Respiratory Rate: 16/min
- Height: 5'4""
- Weight: 160 lbs

**Physical Exam:**
- **Constitutional:** Alert and cooperative, oriented x3.
- **HEENT:** 
  - **Head:** Normocephalic, atraumatic.
  - **Eyes:** PERRLA, EOMI, no nystagmus.
  - **Ears:** Right ear canal slightly inflamed, tympanic membrane mildly erythematous but intact.
- **Neurological:** 
  - **Cranial Nerves:** II-XII intact 
  - **Motor/Sensory:** Normal bulk, tone, strength, and sensation.
  - **Reflexes:** Normal.
  - **Coordination:** Intact.

**3. Assessment:**

- **Unspecified Hearing Loss, Unspecified Ear:**
  - Patient exhibits symptoms of hearing loss, primarily in the right ear.
  - Differential diagnosis includes sensorineural hearing loss, conductive hearing loss, acoustic neuroma, and other central nervous system causes.

**4. Plan:**

**Treatment and Management:**
- **Referral to an Audiologist:** Referred to Dr. Emily Watson for comprehensive hearing testing and possible hearing aid fitting.
- **Imaging:** Ordered an MRI of the brain to evaluate for any central nervous system pathology that could be causing hearing loss.
- **Follow-Up:** Patient to follow up in 3 weeks to discuss further management and to review the results of the auditory tests and MRI.

**Patient Education:**
- Discussed with the patient the importance of following up with an audiologist and the potential need for hearing aids.
- Advised on ways to manage ear pain, including over-the-counter pain medications and avoiding loud noises.
- Educated about the importance of managing blood sugar levels given her history of Type 2 diabetes.

**Instructions:**
- Patient instructed to immediately report any worsening of symptoms, such as severe headaches, visual changes, or sudden loss of hearing.
- Schedule the follow-up appointment in 3 weeks."|"**1. Subjective:**

**CC:**
Difficulty hearing, particularly in the right ear.

**HPI:**
A 60-year-old Asian female, who is an elementary school teacher, presents with a 4-month hx of mild to moderate difficulty hearing, especially in the right ear. The pt reports occasional ear pain and HA that occur 1-2 times a week. She has daily hearing difficulties which are impacting her ability to hear instructions at work, thereby affecting her job performance. Additionally, interrupted sleep due to ear pain is noted.

**ROS:**
- HEENT: Reports hearing loss and occasional ear pain. No nasal congestion or sore throat.
- Neuro: Reports HA 1-2 times a week. No visual disturbances, dizziness, or focal weakness.
- General: Denies fever, chills, or weight loss.
- CV: No CP or palpitations.
- Resp: No cough or SOB.
- GI: Denies N/V or abdominal pain.
- GU: No dysuria or hematuria.

**2. Objective:**

**Vitals:**
- BP: 130/78 mmHg
- HR: 76 bpm
- Temp: 98.7°F
- RR: 16/min
- Ht: 5'4""
- Wt: 160 lbs

**Physical Exam:**
- **Constitutional:** Alert and cooperative, oriented x3.
- **HEENT:** 
  - **Head:** NCAT.
  - **Eyes:** PERRLA, EOMI, no nystagmus.
  - **Ears:** Right ear canal slightly inflamed, TM mildly erythematous but intact.
- **Neuro:** 
  - **CN:** II-XII intact 
  - **Motor/Sensory:** Normal bulk, tone, strength, and sensation.
  - **Reflexes:** Normal.
  - **Coordination:** Intact.

**3. Assessment:**

- **Unspecified Hearing Loss, Unspecified Ear:**
  - Pt exhibits symptoms of hearing loss, primarily in the right ear.
  - Differential dx includes SNHL, CHL, acoustic neuroma, and other CNS causes.

**4. Plan:**

**Treatment and Management:**
- **Referral to an Audiologist:** Referred to Dr. Emily Watson for comprehensive hearing testing and possible hearing aid fitting.
- **Imaging:** Ordered an MRI of the brain to eval for any CNS pathology that could be causing hearing loss.
- **Follow-Up:** Pt to f/u in 3 weeks to discuss further mgmt and to review the results of the auditory tests and MRI.

**Patient Education:**
- Discussed with the pt the importance of following up with an audiologist and the potential need for hearing aids.
- Advised on ways to manage ear pain, including OTC pain meds and avoiding loud noises.
- Educated about the importance of managing blood sugar levels given her hx of Type 2 DM.

**Instructions:**
- Pt instructed to immediately report any worsening of symptoms, such as severe HA, visual changes, or sudden loss of hearing.
- Schedule the f/u appointment in 3 weeks."|General Physician|"**Doctor:** Hi there, how are you doing today?

**Patient:** Hi, I'm doing okay, but I've been having some trouble with my hearing lately.

**Doctor:** I'm sorry to hear that. Can you tell me more about your hearing difficulties?

**Patient:** Sure, it's been going on for about four months now. I have mild to moderate difficulty hearing, particularly in my right ear. It's been really affecting my ability to hear instructions at work, and that's impacting my job performance.

**Doctor:** I see. Do you have any pain associated with this hearing difficulty?

**Patient:** Yes, I do. I get occasional ear pain, and it can be quite bothersome. I also have headaches about 1-2 times a week.

**Doctor:** Hmm, that sounds quite uncomfortable. How's your sleep? Has the ear pain been affecting it?

**Patient:** Yes, it has. My sleep is often interrupted because of the ear pain.

**Doctor:** I understand. Have you noticed any other symptoms like nasal congestion or a sore throat?

**Patient:** No, I haven't had any nasal congestion or a sore throat.

**Doctor:** Alright. How about visual disturbances, dizziness, or any focal weakness?

**Patient:** No, I haven't experienced any of those.

**Doctor:** Okay, that's good to know. Have you had any fever, chills, or weight loss?

**Patient:** No, none of those.

**Doctor:** Any chest pain or palpitations?

**Patient:** No, my heart seems fine.

**Doctor:** How about any cough or shortness of breath?

**Patient:** No, my breathing is normal.

**Doctor:** Any issues with nausea, vomiting, or abdominal pain?

**Patient:** No, my stomach is fine.

**Doctor:** Any problems with urination, like dysuria or hematuria?

**Patient:** No, everything is normal there too.

**Doctor:** Okay, great. Let’s go over your vitals for today. Your blood pressure is 130/78 mmHg, your pulse is 76 beats per minute, your temperature is 98.7°F, and your respiratory rate is 16 breaths per minute. Your height is 5'4"" and you weigh 160 pounds. Everything looks within normal ranges.

**Patient:** Okay, that's good to hear.

**Doctor:** Now, I'm going to perform a physical exam to get a better understanding of what's going on. I'll start with checking your head, eyes, ears, and neck.

**Patient:** Alright.

**Doctor:** (Examining) Your head is normocephalic and atraumatic. Your eyes are PERRLA, and EOMI, and I don't see any nystagmus. 

**Patient:** That sounds good.

**Doctor:** Now, let's take a look at your ears. I see that your right ear canal is slightly inflamed and the tympanic membrane is mildly erythematous but intact.

**Patient:** Is that bad?

**Doctor:** It's not alarming, but it might explain some of your symptoms. Let's continue. Your cranial nerves II through XII are intact, and your motor and sensory functions are normal. Your reflexes are normal, and your coordination is intact.

**Patient:** Okay.

**Doctor:** Based on your symptoms and my examination, it seems like you might have an unspecified hearing loss, particularly in the right ear. This could be due to several factors, including sensorineural or conductive hearing loss, or even something more central like an acoustic neuroma.

**Patient:** What does that mean?

**Doctor:** It means we need to investigate further to determine the exact cause. I'm going to refer you to an audiologist, Dr. Emily Watson, for comprehensive hearing testing and possibly a hearing aid fitting if needed.

**Patient:** Okay, that sounds like a good plan.

**Doctor:** Additionally, I’ll order an MRI of your brain to rule out any central nervous system issues that could be causing your hearing loss.

**Patient:** An MRI? Is that really necessary?

**Doctor:** Given your symptoms and the duration, it's important to rule out any serious underlying conditions. The MRI will give us a clearer picture.

**Patient:** Alright, I understand.

**Doctor:** We'll need to follow up in about three weeks to discuss the results of the auditory tests and the MRI. Does that work for you?

**Patient:** Yes, that works for me.

**Doctor:** Great. In the meantime, it's important to follow up with the audiologist and consider the possibility of hearing aids. For managing your ear pain, you can use over-the-counter pain medications and try to avoid loud noises.

**Patient:** Okay, I'll do that.

**Doctor:** Also, given your history of Type 2 diabetes, it's crucial to manage your blood sugar levels to avoid any further complications.

**Patient:** Yes, I’ve been keeping an eye on my blood sugar levels.

**Doctor:** Good to hear. If you experience any worsening of symptoms, such as severe headaches, visual changes, or sudden loss of hearing, please report them immediately.

**Patient:** I will.

**Doctor:** Lastly, make sure to schedule your follow-up appointment in three weeks. We’ll review all your results then.

**Patient:** Okay, I'll make sure to do that.

**Doctor:** Excellent. Do you have any other questions or concerns?

**Patient:** No, I think that's everything. Thank you for your help.

**Doctor:** You're welcome. Take care and see you in three weeks.

**Patient:** Thank you, doctor. Goodbye.

**Doctor:** Goodbye."|"[doctor]: Hi there, how are you doing today?

[patient]: Hi, I'm doing okay, but I've been having some trouble with my hearing lately.

[doctor]: I'm sorry to hear that. Can you tell me more about your hearing difficulties?

[patient]: Sure, it's been going on for about four months now. I have mild to moderate difficulty hearing, particularly in my right ear. It's been really affecting my ability to hear instructions at work, and that's impacting my job performance.

[doctor]: I see. Do you have any pain associated with this hearing difficulty?

[patient]: Yes, I do. I get occasional ear pain, and it can be quite bothersome. I also have headaches about 1-2 times a week.

[doctor]: Hmm, that sounds quite uncomfortable. How's your sleep? Has the ear pain been affecting it?

[patient]: Yes, it has. My sleep is often interrupted because of the ear pain.

[doctor]: I understand. Have you noticed any other symptoms like nasal congestion or a sore throat?

[patient]: No, I haven't had any nasal congestion or a sore throat.

[doctor]: Alright. How about visual disturbances, dizziness, or any focal weakness?

[patient]: No, I haven't experienced any of those.

[doctor]: Okay, that's good to know. Have you had any fever, chills, or weight loss?

[patient]: No, none of those.

[doctor]: Any chest pain or palpitations?

[patient]: No, my heart seems fine.

[doctor]: How about any cough or shortness of breath?

[patient]: No, my breathing is normal.

[doctor]: Any issues with nausea, vomiting, or abdominal pain?

[patient]: No, my stomach is fine.

[doctor]: Any problems with urination, like dysuria or hematuria?

[patient]: No, everything is normal there too.

[doctor]: Okay, great. Let’s go over your vitals for today. Your blood pressure is 130/78 mmHg, your pulse is 76 beats per minute, your temperature is 98.7°F, and your respiratory rate is 16 breaths per minute. Your height is 5'4"" and you weigh 160 pounds. Everything looks within normal ranges.

[patient]: Okay, that's good to hear.

[doctor]: Now, I'm going to perform a physical exam to get a better understanding of what's going on. I'll start with checking your head, eyes, ears, and neck.

[patient]: Alright.

[doctor]: (Examining) Your head is normocephalic and atraumatic. Your eyes are PERRLA, and EOMI, and I don't see any nystagmus. 

[patient]: That sounds good.

[doctor]: Now, let's take a look at your ears. I see that your right ear canal is slightly inflamed and the tympanic membrane is mildly erythematous but intact.

[patient]: Is that bad?

[doctor]: It's not alarming, but it might explain some of your symptoms. Let's continue. Your cranial nerves II through XII are intact, and your motor and sensory functions are normal. Your reflexes are normal, and your coordination is intact.

[patient]: Okay.

[doctor]: Based on your symptoms and my examination, it seems like you might have an unspecified hearing loss, particularly in the right ear. This could be due to several factors, including sensorineural or conductive hearing loss, or even something more central like an acoustic neuroma.

[patient]: What does that mean?

[doctor]: It means we need to investigate further to determine the exact cause. I'm going to refer you to an audiologist, Dr. Emily Watson, for comprehensive hearing testing and possibly a hearing aid fitting if needed.

[patient]: Okay, that sounds like a good plan.

[doctor]: Additionally, I’ll order an MRI of your brain to rule out any central nervous system issues that could be causing your hearing loss.

[patient]: An MRI? Is that really necessary?

[doctor]: Given your symptoms and the duration, it's important to rule out any serious underlying conditions. The MRI will give us a clearer picture.

[patient]: Alright, I understand.

[doctor]: We'll need to follow up in about three weeks to discuss the results of the auditory tests and the MRI. Does that work for you?

[patient]: Yes, that works for me.

[doctor]: Great. In the meantime, it's important to follow up with the audiologist and consider the possibility of hearing aids. For managing your ear pain, you can use over-the-counter pain medications and try to avoid loud noises.

[patient]: Okay, I'll do that.

[doctor]: Also, given your history of Type 2 diabetes, it's crucial to manage your blood sugar levels to avoid any further complications.

[patient]: Yes, I’ve been keeping an eye on my blood sugar levels.

[doctor]: Good to hear. If you experience any worsening of symptoms, such as severe headaches, visual changes, or sudden loss of hearing, please report them immediately.

[patient]: I will.

[doctor]: Lastly, make sure to schedule your follow-up appointment in three weeks. We’ll review all your results then.

[patient]: Okay, I'll make sure to do that.

[doctor]: Excellent. Do you have any other questions or concerns?

[patient]: No, I think that's everything. Thank you for your help.

[doctor]: You're welcome. Take care and see you in three weeks.

[patient]: Thank you, doctor. Goodbye.

[doctor]: Goodbye."
UNSPECIFIED HEARING LOSS, UNSPECIFIED EAR|"**ROLE:** Otolaryngologist (ENT Specialist)

- **1) Medical Outcome:**
  - Diagnosis: Unspecified hearing loss, unspecified ear.
  - Prescribed Treatment: Short course of corticosteroids (Prednisone 20 mg, oral, once daily for 7 days, 14 tablets).
  - Follow-up Recommendations: Follow-up in 4 weeks to monitor improvement.
  - Referral to Specialists: Referral to audiologist Dr. Jane Smith for comprehensive audiometry.
  - Referral to Further Tests or Imaging: Order CT scan of the temporal bones without contrast to evaluate for any structural abnormalities of the ear.
  - Lifestyle Change: Recommendations on reducing noise exposure and ear protection.

- **2) Medical History:**
  - Previous Diagnoses: Chronic Otitis Media, Hypothyroidism.
  - Family Medical History: Mother had Meniere's disease.
  - Medication History: Levothyroxine 75 mcg once daily, Ibuprofen as needed for pain.
  - Allergies: Penicillin allergy.
  - Chronic Conditions: Hypothyroidism.
  
- **3) Symptom Description:**
  - Severity: Severe hearing loss impacting daily communication.
  - Duration: Gradual onset over the past 3 months.
  - Associated Symptoms: Persistent dizziness, fluctuating tinnitus.
  - Frequency: Dizziness and tinnitus are daily occurrences.
  - Impact on Daily Activities: Significant difficulty hearing conversations, impacting work and social interactions.
  
- **4) Patient’s self-reported habits and lifestyle:**
  - Sleep: Reports poor sleep quality, waking up several times at night.
  - Diet: Balanced but has a sweet tooth, consumes sugary snacks frequently.
  - Exercise: Regularly practices yoga and goes for a walk daily.
  - Tobacco Use: Never smoked.
  - Alcohol Consumption: Occasional, about 1-2 glasses of wine per month.
  - Drug Use: Denies any illicit drug use.
  - Recreational Activities: Enjoys painting and playing piano.
  
- **5) Demographic Information:**
  - Age: 45
  - Gender: Male
  - Ethnicity: Asian
  - Socio-economic Status: Upper-middle class
  - Education Level: Master’s degree
  - Health Literacy: High
  - Job Status: Software engineer
  
- **6) Patient's Behavior:**
  - The level of patient's cooperation with medical advice: Highly cooperative and follows through on all recommendations.
  
- **7) Geographical Location:**
  - Urban area in a big city, experiencing moderate air pollution with well-served public transit.
  
- **8) Clinical Setting:**
  - Hospital Outpatient Clinic
  
- **9) Type of Encounter:**
  - Initial Consultation
  
- **10) Treatment Disparities:**
  - None observed.
  
- **11) Native or Non-Native English Speaking Patient:**
  - Non-Native English Speaking Patient (fluent in English).
  
- **12) Physical exams:**
  - Otoscopic Examination: Both ears appear normal; no signs of infection or effusion.
  - Tuning Fork Tests: Weber test shows lateralization to the right ear; Rinne test shows bone conduction greater than air conduction in the left ear.
  
- **13) Investigation/Test results:**
  - Comprehensive Audiometry: Awaiting results (to be conducted by referred audiologist).
  - Imaging: CT scan of the temporal bones without contrast (awaiting scheduling and results)."|"#####
**SUBJECTIVE**

**Chief Complaint (CC):**
Hearing loss impacting daily communication.

**History of Present Illness (HPI):**
John Lee is a 45-year-old Asian male who presents for an initial consultation for severe hearing loss in an unspecified ear, which has been gradually worsening over the past 3 months. He reports significant difficulty in hearing conversations, which has affected his work and social interactions. He also experiences persistent dizziness and fluctuating tinnitus, both of which occur daily. 

**Review of Systems (ROS):**
- Ears: Severe hearing loss, fluctuating tinnitus.
- Neurological: Persistent dizziness, poor sleep quality.
- General: No fever, chills, or weight loss.
- Other systems: Negative.

**OBJECTIVE**

**Vital Signs:**
- Blood Pressure: 120/80 mmHg
- Heart Rate: 72 bpm
- Respiratory Rate: 16 breaths per minute
- Temperature: 98.6°F

**Physical Examination:**
- **Otoscopy:** Both ears appear normal; no signs of infection or effusion.
- **Tuning Fork Tests:**
  - Weber test: Lateralization to the right ear.
  - Rinne test: Bone conduction greater than air conduction in the left ear.

**ASSESSMENT**

- **Unspecified hearing loss, unspecified ear.**
- **Differential Diagnoses:**
  - Sensorineural hearing loss
  - Conductive hearing loss
  - Meniere’s disease (due to family history)
  - Vestibular Schwannoma

**PLAN**

1. **Medical Management:**
   - Start a short course of corticosteroids: Prednisone 20 mg, oral, once daily for 7 days, total of 14 tablets.

2. **Follow-up:**
   - Follow-up appointment in 4 weeks to monitor improvement and review audiometry and CT scan results.

3. **Referrals:**
   - Referral to audiologist Dr. Jane Smith for comprehensive audiometry for a detailed hearing evaluation.
   - Order CT scan of the temporal bones without contrast to evaluate for any structural abnormalities of the ear.

4. **Lifestyle Recommendations:**
   - Advise on reducing noise exposure.
   - Recommend the use of ear protection in noisy environments.

5. **Patient Education:**
   - Discuss the potential benefits of corticosteroid treatment.
   - Explain the importance of follow-up and the rationale behind the recommended tests.
   - Provide information on managing symptoms and reducing potential triggers for dizziness and tinnitus.
   - Emphasize the importance of adhering to a low-sodium diet to mitigate Meniere’s disease symptoms, considering family history.

**INSTRUCTIONS**

- The patient should take Prednisone as prescribed.
- Schedule and attend the comprehensive audiometry and CT scan appointments.
- Avoid loud noises and use ear protection as advised.
- Return to the clinic in 4 weeks for a follow-up appointment.

#####"|"#####
**1. Subjective:**

**Chief Complaint (CC):**
Hearing loss impacting daily communication.

**History of Present Illness (HPI):**
John Lee is a 45-year-old Asian male who presents for an initial consultation for severe hearing loss in an unspecified ear, which has been gradually worsening over the past 3 months. He reports significant difficulty in hearing conversations, which has affected his work and social interactions. He also experiences persistent dizziness and fluctuating tinnitus, both of which occur daily. 

**Review of Systems (ROS):**
- Ears: Severe hearing loss, fluctuating tinnitus.
- Neurological: Persistent dizziness, poor sleep quality.
- General: No fever, chills, or weight loss.
- Other systems: Negative.

**2. Objective:**

**Vital Signs:**
- Blood Pressure: 120/80 mmHg
- Heart Rate: 72 bpm
- Respiratory Rate: 16 breaths per minute
- Temperature: 98.6°F

**Physical Examination:**
- **Otoscopy:** Both ears appear normal; no signs of infection or effusion.
- **Tuning Fork Tests:**
  - Weber test: Lateralization to the right ear.
  - Rinne test: Bone conduction greater than air conduction in the left ear.

**3. Assessment:**

- **Unspecified hearing loss, unspecified ear.**
- **Differential Diagnoses:**
  - Sensorineural hearing loss
  - Conductive hearing loss
  - Meniere’s disease (due to family history)
  - Vestibular Schwannoma

**4. Plan:**

1. **Medical Management:**
   - Start a short course of corticosteroids: Prednisone 20 mg, oral, once daily for 7 days, total of 14 tablets.

2. **Follow-up:**
   - Follow-up appointment in 4 weeks to monitor improvement and review audiometry and CT scan results.

3. **Referrals:**
   - Referral to audiologist Dr. Jane Smith for comprehensive audiometry for a detailed hearing evaluation.

4. **Imaging:**
   - Order CT scan of the temporal bones without contrast to evaluate for any structural abnormalities of the ear.

5. **Lifestyle Recommendations:**
   - Advise on reducing noise exposure.
   - Recommend the use of ear protection in noisy environments.

6. **Patient Education:**
   - Discuss the potential benefits of corticosteroid treatment.
   - Explain the importance of follow-up and the rationale behind the recommended tests.
   - Provide information on managing symptoms and reducing potential triggers for dizziness and tinnitus.
   - Emphasize the importance of adhering to a low-sodium diet to mitigate Meniere’s disease symptoms, considering family history.

**Instructions:**

- The patient should take Prednisone as prescribed.
- Schedule and attend the comprehensive audiometry and CT scan appointments.
- Avoid loud noises and use ear protection as advised.
- Return to the clinic in 4 weeks for a follow-up appointment."|"#####
**1. Subjective:**

**CC:**
Hearing loss impacting daily communication.

**HPI:**
John Lee is a 45 y/o Asian male who presents for an initial consult for severe hearing loss in an unspecified ear, which has been gradually worsening over the past 3 mos. He reports significant difficulty in hearing conversations, which has affected his work and social interactions. He also experiences persistent dizziness and fluctuating tinnitus, both of which occur daily. 

**ROS:**
- Ears: Severe hearing loss, fluctuating tinnitus.
- Neuro: Persistent dizziness, poor sleep quality.
- General: No fever, chills, or weight loss.
- Other systems: Negative.

**2. Objective:**

**VS:**
- BP: 120/80 mmHg
- HR: 72 bpm
- RR: 16 bpm
- Temp: 98.6°F

**PE:**
- **Otoscopy:** Both ears appear normal; no signs of infection or effusion.
- **Tuning Fork Tests:**
  - Weber test: Lateralization to the R ear.
  - Rinne test: BC > AC in the L ear.

**3. Assessment:**

- **Unspecified hearing loss, unspecified ear.**
- **DDx:**
  - SNHL
  - CHL
  - Meniere’s dz (due to FHx)
  - Vestibular Schwannoma

**4. Plan:**

1. **Medical Mgmt:**
   - Start a short course of corticosteroids: Prednisone 20 mg PO QD x7 days, total of 14 tabs.

2. **F/U:**
   - F/U in 4 wks to monitor improvement and review audiometry and CT scan results.

3. **Referrals:**
   - Referral to audiologist Dr. Jane Smith for comprehensive audiometry for a detailed hearing eval.

4. **Imaging:**
   - Order CT scan of the temporal bones w/o contrast to eval for any structural abnormalities of the ear.

5. **Lifestyle Recs:**
   - Advise on reducing noise exposure.
   - Recommend the use of ear protection in noisy environments.

6. **Pt Education:**
   - Discuss the potential benefits of corticosteroid tx.
   - Explain the importance of F/U and the rationale behind the recommended tests.
   - Provide info on managing symptoms and reducing potential triggers for dizziness and tinnitus.
   - Emphasize the importance of adhering to a low-sodium diet to mitigate Meniere’s dz symptoms, considering FHx.

**Instructions:**

- The pt should take Prednisone as prescribed.
- Schedule and attend the comprehensive audiometry and CT scan appts.
- Avoid loud noises and use ear protection as advised.
- Return to the clinic in 4 wks for a F/U appt."|Role not found in the first 5 lines.|"```
[doctor] Good morning, John. How are you doing today?
[patient] Good morning, doctor. I'm doing okay, but I've been having some trouble with my hearing.
[doctor] I see. Can you tell me more about what's been going on with your hearing?
[patient] Sure. Over the past three months, I've noticed that my hearing has been getting worse. It's been really hard to hear conversations, and it's affecting my work and social life.
[doctor] I understand. Is the hearing loss in one ear or both ears?
[patient] It's mostly in one ear, but I'm not sure which one.
[doctor] Okay. Besides the hearing loss, have you noticed any other symptoms?
[patient] Yes, I've been feeling dizzy a lot and I have this ringing in my ears that comes and goes.
[doctor] How often do you experience the dizziness and the ringing in your ears?
[patient] The dizziness and the ringing happen every day.
[doctor] Hmm. That sounds quite challenging. Have you had any fever, chills, or weight loss recently?
[patient] No, I haven't had any fever, chills, or weight loss.
[doctor] Alright. And how has your sleep been? Are you having trouble sleeping?
[patient] Yes, my sleep quality has been pretty poor lately.
[doctor] I see. Let's go over your medical history now. Do you have any chronic conditions or take any medications regularly?
[patient] No, I don't have any chronic conditions and I'm not taking any regular medications.
[doctor] Alright. Do you have any family history of hearing problems or other related conditions?
[patient] Yes, there is a family history of Meniere’s disease.
[doctor] Thank you for sharing that. It's good to know. Now, let's do a physical examination. I'll start with checking your ears. 
[patient] Okay.
[doctor] [examines ears] Both ears appear normal; there are no signs of infection or fluid buildup. Now, let's do a couple of quick hearing tests using a tuning fork.
[patient] Okay.
[doctor] [conducts Weber test] In the Weber test, the sound is lateralizing to your right ear. Now, for the Rinne test. [conducts Rinne test] The bone conduction is greater than the air conduction in your left ear.
[patient] What does that mean, doctor?
[doctor] It suggests that there may be a hearing issue on the left side. We need to do further tests to pinpoint the exact cause. Based on your symptoms and the tests so far, there are a few potential diagnoses we need to consider, including sensorineural hearing loss, conductive hearing loss, Meniere’s disease, and possibly a vestibular schwannoma.
[patient] What do we do next?
[doctor] First, I’m going to prescribe you a short course of corticosteroids, specifically Prednisone 20 mg once daily for 7 days. This might help with your symptoms.
[patient] Okay, I can do that. What else?
[doctor] We need to get a more detailed evaluation of your hearing, so I’m referring you to an audiologist, Dr. Jane Smith, for comprehensive audiometry.
[patient] What will that test show?
[doctor] Audiometry will help us understand the extent and type of hearing loss you have. We also need to get a CT scan of your temporal bones to check for any structural issues.
[patient] A CT scan? Is that safe?
[doctor] Yes, it’s a safe procedure. We’ll do it without contrast to minimize any risks. Also, I advise you to reduce noise exposure and use ear protection in noisy environments.
[patient] Got it. Is there anything else I should do?
[doctor] Yes, considering your family history of Meniere’s disease, I recommend adhering to a low-sodium diet. This can help manage your symptoms better.
[patient] Alright, I can do that. What about the dizziness and the ringing in my ears?
[doctor] We’ll discuss ways to manage those symptoms. The corticosteroids might help, and once we have more information from the audiometry and CT scan, we can tailor your treatment plan further.
[patient] Okay. When should I come back for a follow-up?
[doctor] I’d like you to come back in 4 weeks to monitor your progress and review the results of the audiometry and CT scan.
[patient] Sounds good. I’ll schedule those appointments.
[doctor] Excellent. In the meantime, take the Prednisone as prescribed, avoid loud noises, and use ear protection. If you have any questions or concerns, don’t hesitate to reach out.
[patient] Thank you, doctor. I appreciate your help.
[doctor] You’re welcome, John. Take care and I’ll see you in 4 weeks.
[patient] Will do. Thanks again.
```"|"[doctor]: Good morning, John. How are you doing today?

[patient]: Good morning, doctor. I'm doing okay, but I've been having some trouble with my hearing.

[doctor]: I see. Can you tell me more about what's been going on with your hearing?

[patient]: Sure. Over the past three months, I've noticed that my hearing has been getting worse. It's been really hard to hear conversations, and it's affecting my work and social life.

[doctor]: I understand. Is the hearing loss in one ear or both ears?

[patient]: It's mostly in one ear, but I'm not sure which one.

[doctor]: Okay. Besides the hearing loss, have you noticed any other symptoms?

[patient]: Yes, I've been feeling dizzy a lot and I have this ringing in my ears that comes and goes.

[doctor]: How often do you experience the dizziness and the ringing in your ears?

[patient]: The dizziness and the ringing happen every day.

[doctor]: Hmm. That sounds quite challenging. Have you had any fever, chills, or weight loss recently?

[patient]: No, I haven't had any fever, chills, or weight loss.

[doctor]: Alright. And how has your sleep been? Are you having trouble sleeping?

[patient]: Yes, my sleep quality has been pretty poor lately.

[doctor]: I see. Let's go over your medical history now. Do you have any chronic conditions or take any medications regularly?

[patient]: No, I don't have any chronic conditions and I'm not taking any regular medications.

[doctor]: Alright. Do you have any family history of hearing problems or other related conditions?

[patient]: Yes, there is a family history of Meniere’s disease.

[doctor]: Thank you for sharing that. It's good to know. Now, let's do a physical examination. I'll start with checking your ears. 

[patient]: Okay.

[doctor]: [examines ears] Both ears appear normal; there are no signs of infection or fluid buildup. Now, let's do a couple of quick hearing tests using a tuning fork.

[patient]: Okay.

[doctor]: [conducts Weber test] In the Weber test, the sound is lateralizing to your right ear. Now, for the Rinne test. [conducts Rinne test] The bone conduction is greater than the air conduction in your left ear.

[patient]: What does that mean, doctor?

[doctor]: It suggests that there may be a hearing issue on the left side. We need to do further tests to pinpoint the exact cause. Based on your symptoms and the tests so far, there are a few potential diagnoses we need to consider, including sensorineural hearing loss, conductive hearing loss, Meniere’s disease, and possibly a vestibular schwannoma.

[patient]: What do we do next?

[doctor]: First, I’m going to prescribe you a short course of corticosteroids, specifically Prednisone 20 mg once daily for 7 days. This might help with your symptoms.

[patient]: Okay, I can do that. What else?

[doctor]: We need to get a more detailed evaluation of your hearing, so I’m referring you to an audiologist, Dr. Jane Smith, for comprehensive audiometry.

[patient]: What will that test show?

[doctor]: Audiometry will help us understand the extent and type of hearing loss you have. We also need to get a CT scan of your temporal bones to check for any structural issues.

[patient]: A CT scan? Is that safe?

[doctor]: Yes, it’s a safe procedure. We’ll do it without contrast to minimize any risks. Also, I advise you to reduce noise exposure and use ear protection in noisy environments.

[patient]: Got it. Is there anything else I should do?

[doctor]: Yes, considering your family history of Meniere’s disease, I recommend adhering to a low-sodium diet. This can help manage your symptoms better.

[patient]: Alright, I can do that. What about the dizziness and the ringing in my ears?

[doctor]: We’ll discuss ways to manage those symptoms. The corticosteroids might help, and once we have more information from the audiometry and CT scan, we can tailor your treatment plan further.

[patient]: Okay. When should I come back for a follow-up?

[doctor]: I’d like you to come back in 4 weeks to monitor your progress and review the results of the audiometry and CT scan.

[patient]: Sounds good. I’ll schedule those appointments.

[doctor]: Excellent. In the meantime, take the Prednisone as prescribed, avoid loud noises, and use ear protection. If you have any questions or concerns, don’t hesitate to reach out.

[patient]: Thank you, doctor. I appreciate your help.

[doctor]: You’re welcome, John. Take care and I’ll see you in 4 weeks.

[patient]: Will do. Thanks again."
UNSPECIFIED HEARING LOSS, UNSPECIFIED EAR|"ROLE: Otorhinolaryngologist (ENT Specialist)

** Scenario: **

**1) Medical Outcome:**
- Diagnosis: Presbycusis (age-related hearing loss)
- Prescribed Treatment: Cochlear implant candidacy evaluation.
- Follow-up Recommendations: Follow up in 3 months for cochlear implant evaluation results.
- Referral: Referral to Audiologist Dr. Michael Chang for cochlear implant assessment and detailed audiometric testing.
- Medication Adjustment: NA
- Lifestyle Change: Encourage use of assistive listening devices and hearing conservation techniques.
- Blood Work: Order for Vitamin B12 and folate levels to rule out nutritional deficiencies affecting hearing.
- Imaging: Order High-resolution CT scan of the temporal bone to evaluate cochlear implant candidates.

**2) Medical History:**
- Previous Diagnoses: Osteoarthritis, gastroesophageal reflux disease (GERD).
- Family Medical History: No significant family history of hearing loss.
- Medication History: Omeprazole 20 mg daily for GERD, Ibuprofen as needed for arthritis.
- Allergies: Latex.
- Chronic Conditions: Hypothyroidism, managed with Levothyroxine 75 mcg daily.

**3) Symptom Description:**
- Severity: Moderate to severe.
- Duration: 5 years, gradually worsening.
- Associated Symptoms: No significant associated symptoms.
- Frequency: Persistent.
- Impact on Daily Activities: Significant impact, difficulty with conversation in all settings.

**4) Patient’s self-reported habits and lifestyle:**
- Sleep: Good sleep quality, 7-8 hours per night.
- Diet: Balanced diet, includes fruits and vegetables.
- Exercise: Regular swimming, 3 times a week.
- Tobacco Use: Never smoked.
- Alcohol Consumption: Light, occasional glass of wine.
- Drug Use: None reported.
- Recreational Activities: Enjoys gardening and book clubs.

**5) Demographic Information:**
- Age: 76
- Gender: Female
- Ethnicity: Caucasian
- Socio-economic Status: Middle class, retired school teacher.
- Education Level: College educated.
- Health Literacy: High, proactively seeks and understands health information.
- Job Status: Retired.

**6) Patient's Behavior:**
- Previous Compliance: Excellent adherence to medical advice and medication regimens.

**7) Geographical Location:**
- Big City vs Small City: Lives in an urban area.
- Pollution and Environmental Health Risks: Moderate air pollution.
- Neighborhood Type: Affluent, close to healthcare facilities.

**8) Clinical Setting:**
- Specialty ENT Clinic.

**9) Type of Encounter:**
- Routine Check-up.

**10) Treatment Disparities:**
- None noted.

**11) Native or Non-Native English Speaking Patient:**
- Native English speaker.

**12) Physical exams:**
- Otoscopic Exam: Bilateral cerumen impaction, tympanic membranes intact.
- Weber Test: Sound lateralizes to both ears equally.
- Rinne Test: Air conduction greater than bone conduction bilaterally, consistent with sensorineural hearing loss.

**13) Investigation/Test results:**
- Awaiting: High-resolution CT scan of the temporal bone for cochlear implant evaluation."|"#####
CHIEF COMPLAINT

Difficulty hearing and understanding conversations in all settings.

HISTORY OF PRESENT ILLNESS

Mrs. Sarah Johnson is a 76-year-old Caucasian female who presents to the clinic for evaluation of hearing loss, which has gradually worsened over the last 5 years. The patient reports moderate to severe hearing loss, significantly impacting her daily activities, particularly in social and conversational settings. She denies any associated symptoms such as ear pain, tinnitus, or vertigo. There is no significant family history of hearing loss.

REVIEW OF SYSTEMS

ENT: Reports bilateral hearing loss, no tinnitus, vertigo, or ear pain.
Musculoskeletal: History of osteoarthritis.
Gastrointestinal: History of gastroesophageal reflux disease (GERD).
Endocrine: Hypothyroidism, managed on Levothyroxine.
General: Good general health, no recent weight loss, fever, or chills.

VITALS

Vitals are stable and within normal limits.

PHYSICAL EXAM

Otoscopic Exam: Bilateral cerumen impaction, tympanic membranes intact.
Weber Test: Sound lateralizes to both ears equally.
Rinne Test: Air conduction greater than bone conduction bilaterally, consistent with sensorineural hearing loss.

RESULTS

Pending: High-resolution CT scan of the temporal bone for cochlear implant evaluation.

ASSESSMENT

Presbycusis (age-related hearing loss).

PLAN

1. **Cochlear Implant Evaluation**: Referred to Audiologist Dr. Michael Chang for a detailed audiometric assessment and candidacy evaluation for cochlear implantation.
2. **Follow-Up**: Patient to follow up in 3 months to review cochlear implant evaluation results.
3. **Assistive Listening Devices**: Encouraged the use of assistive listening devices and hearing conservation techniques.
4. **Blood Work**: Ordered Vitamin B12 and folate levels to rule out any nutritional deficiencies affecting hearing.
5. **Imaging**: Ordered a high-resolution CT scan of the temporal bone to further evaluate for cochlear implant candidacy.

INSTRUCTIONS

Patient is advised to continue managing GERD with Omeprazole and arthritis with Ibuprofen as needed. Continue Levothyroxine for hypothyroidism. Use assistive listening devices in the meantime and implement hearing conservation techniques. Follow up with the audiologist for detailed testing and return for follow-up consultation in 3 months.
#####"|"**1. Subjective:**
Mrs. Sarah Johnson is a 76-year-old Caucasian female who presents to the clinic for evaluation of hearing loss, which has gradually worsened over the last 5 years. The patient reports moderate to severe hearing loss, significantly impacting her daily activities, particularly in social and conversational settings. She denies any associated symptoms such as ear pain, tinnitus, or vertigo. There is no significant family history of hearing loss.

**2. Objective:**
- Vitals: Stable and within normal limits.
- Physical Exam:
  - Otoscopic Exam: Bilateral cerumen impaction, tympanic membranes intact.
  - Weber Test: Sound lateralizes to both ears equally.
  - Rinne Test: Air conduction greater than bone conduction bilaterally, consistent with sensorineural hearing loss.
- Review of Systems:
  - ENT: Reports bilateral hearing loss, no tinnitus, vertigo, or ear pain.
  - Musculoskeletal: History of osteoarthritis.
  - Gastrointestinal: History of gastroesophageal reflux disease (GERD).
  - Endocrine: Hypothyroidism, managed on Levothyroxine.
  - General: Good general health, no recent weight loss, fever, or chills.

**3. Assessment:**
Presbycusis (age-related hearing loss).

**4. Plan:**
1. **Cochlear Implant Evaluation**: Referred to Audiologist Dr. Michael Chang for a detailed audiometric assessment and candidacy evaluation for cochlear implantation.
2. **Follow-Up**: Patient to follow up in 3 months to review cochlear implant evaluation results.
3. **Assistive Listening Devices**: Encouraged the use of assistive listening devices and hearing conservation techniques.
4. **Blood Work**: Ordered Vitamin B12 and folate levels to rule out any nutritional deficiencies affecting hearing.
5. **Imaging**: Ordered a high-resolution CT scan of the temporal bone to further evaluate for cochlear implant candidacy.

**Instructions:**
Patient is advised to continue managing GERD with Omeprazole and arthritis with Ibuprofen as needed. Continue Levothyroxine for hypothyroidism. Use assistive listening devices in the meantime and implement hearing conservation techniques. Follow up with the audiologist for detailed testing and return for follow-up consultation in 3 months."|"**1. Subjective:**
Mrs. Sarah Johnson is a 76 y/o Caucasian F who presents to the clinic for eval of hearing loss, which has gradually worsened over the last 5 yrs. Pt reports moderate to severe hearing loss, significantly impacting her ADLs, particularly in social and conversational settings. She denies any associated sx such as otalgia, tinnitus, or vertigo. No significant FHx of hearing loss.

**2. Objective:**
- Vitals: Stable and WNL.
- PE:
  - Otoscopic Exam: B/L cerumen impaction, TMs intact.
  - Weber Test: Sound lateralizes to both ears equally.
  - Rinne Test: AC > BC B/L, consistent with SNHL.
- ROS:
  - ENT: Reports B/L hearing loss, no tinnitus, vertigo, or otalgia.
  - MSK: Hx of OA.
  - GI: Hx of GERD.
  - Endo: Hypothyroidism, managed on Levothyroxine.
  - General: Good general health, no recent weight loss, fever, or chills.

**3. Assessment:**
Presbycusis (age-related hearing loss).

**4. Plan:**
1. **Cochlear Implant Eval**: Referred to Audiologist Dr. Michael Chang for detailed audiometric assessment and candidacy eval for cochlear implantation.
2. **F/U**: Pt to f/u in 3 mos to review cochlear implant eval results.
3. **ALDs**: Encouraged use of ALDs and hearing conservation techniques.
4. **Labs**: Ordered Vit B12 and folate levels to r/o any nutritional deficiencies affecting hearing.
5. **Imaging**: Ordered HRCT of the temporal bone to further eval for cochlear implant candidacy.

**Instructions:**
Pt advised to continue managing GERD with Omeprazole and arthritis with Ibuprofen PRN. Continue Levothyroxine for hypothyroidism. Use ALDs in the meantime and implement hearing conservation techniques. F/U with audiologist for detailed testing and return for f/u consultation in 3 mos."|Otorhinolaryngologist (ENT Specialist)|"```
[doctor] Good morning, Mrs. Johnson. I'm Dr. Smith. How are you today?

[patient] Good morning, Dr. Smith. I'm doing alright, thank you.

[doctor] Great to hear. So, I see you're here for an evaluation of your hearing. Can you tell me more about what's been going on?

[patient] Yes, I've been having a really hard time hearing and understanding conversations, especially in social settings. It's been getting worse over the last five years.

[doctor] I see. When you say it's been getting worse, how would you describe the severity of your hearing loss now?

[patient] It's pretty bad. I'd say it's moderate to severe. It makes daily activities quite difficult.

[doctor] That sounds challenging. Have you noticed any other symptoms like ear pain, tinnitus, or vertigo?

[patient] No, none of those. Just the hearing loss.

[doctor] Okay, that's helpful to know. Is there any family history of hearing loss?

[patient] No, as far as I know, there's no significant family history of hearing loss.

[doctor] Alright. Let's review some of your other medical conditions. You have a history of osteoarthritis, correct?

[patient] Yes, that's right.

[doctor] And you also have gastroesophageal reflux disease, or GERD?

[patient] Yes, I've been managing that with Omeprazole.

[doctor] Great. You also have hypothyroidism and are on Levothyroxine for that, correct?

[patient] Yes, Dr. Smith. I've been taking Levothyroxine for a while now.

[doctor] Okay. How's your general health otherwise? Any recent weight loss, fever, or chills?

[patient] No, my general health has been good. No weight loss, fever, or chills.

[doctor] That's good to hear. Now, let's take a look at your vitals. Everything is stable and within normal limits. That's a positive sign.

[patient] That's reassuring.

[doctor] Alright, Mrs. Johnson, I'm going to do a physical exam now. I'll start with an otoscopic exam. Hold still for me, please.

[patient] Okay, go ahead.

[doctor] You have bilateral cerumen impaction, but your tympanic membranes are intact. Let’s proceed with some hearing tests. First, I'll do the Weber test. Tell me where you hear the sound.

[patient] I can hear it equally in both ears.

[doctor] Good. Now, for the Rinne test. Let me know when you stop hearing the sound.

[patient] Okay, I can still hear it. Now it’s gone.

[doctor] The air conduction is greater than bone conduction bilaterally, which is consistent with sensorineural hearing loss. This suggests presbycusis, or age-related hearing loss.

[patient] What does that mean for me?

[doctor] It means that the hearing loss is likely due to aging. To further evaluate this, I'm going to refer you to an audiologist, Dr. Michael Chang, for a detailed audiometric assessment and to see if you're a candidate for a cochlear implant.

[patient] Oh, I see. What’s involved in that evaluation?

[doctor] The audiologist will perform a series of tests to measure the extent of your hearing loss and determine if a cochlear implant could help improve your hearing. We’ll also do a high-resolution CT scan of your temporal bone.

[patient] Will I need to do anything special to prepare for these tests?

[doctor] No special preparation is needed. Just follow your usual routine. I'll also order some blood work to check your Vitamin B12 and folate levels to rule out any nutritional deficiencies that might affect your hearing.

[patient] Okay, that sounds reasonable.

[doctor] In the meantime, I encourage you to use assistive listening devices and practice hearing conservation techniques. These can help manage your hearing loss until we have more information from the audiologist.

[patient] Alright, I can do that.

[doctor] We’ll schedule a follow-up appointment in three months to review the results of your cochlear implant evaluation.

[patient] Three months from now, got it.

[doctor] Continue managing your GERD with Omeprazole and your arthritis with Ibuprofen as needed. Keep taking your Levothyroxine for hypothyroidism as well.

[patient] Will do, Dr. Smith.

[doctor] Do you have any questions for me about the plan?

[patient] Not at the moment. Thank you for explaining everything.

[doctor] You're welcome, Mrs. Johnson. We'll see you back here in three months. Take care.

[patient] Thank you, Dr. Smith. See you then.
```"|"```
[doctor] Good morning, Mrs. Johnson. I'm Dr. Smith. How are you today?

[patient] Good morning, Dr. Smith. I'm doing alright, thank you.

[doctor] Great to hear. So, I see you're here for an evaluation of your hearing. Can you tell me more about what's been going on?

[patient] Yeah, I've been having a really hard time hearing and understanding conversations, especially in social settings. It's been getting worse over the last five years.

[doctor] I see. When you say it's been getting worse, how would you describe the severity of your hearing loss now?

[patient] It's pretty bad. I'd say it's moderate to severe. It makes daily activities quite difficult.

[doctor] That sounds challenging. Have you noticed any other symptoms like ear pain, tinnitus, or vertigo?

[patient] No, none of those. Just the hearing loss.

[doctor] Okay, that's helpful to know. Is there any family history of hearing loss?

[patient] No, as far as I know, there's no significant family history of hearing loss.

[doctor] Alright. Let's review some of your other medical conditions. You have a history of osteoarthritis, correct?

[patient] Yes, that's right.

[doctor] And you also have gastroesophageal reflux disease, or GERD?

[patient] Yes, I've been managing that with Omeprazole.

[doctor] Great. You also have hypothyroidism and are on Levothyroxine for that, correct?

[patient] Yes, Dr. Smith. I've been taking Levothyroxine for a while now.

[doctor] Okay. How's your general health otherwise? Any recent weight loss, fever, or chills?

[patient] No, my general health has been good. No weight loss, fever, or chills.

[doctor] That's good to hear. Now, let's take a look at your vitals. Everything is stable and within normal limits. That's a positive sign.

[patient] That's reassuring.

[doctor] Alright, Mrs. Johnson, I'm going to do a physical exam now. I'll start with an otoscopic exam. Hold still for me, please.

[patient] Okay, go ahead.

[doctor] You have bilateral cerumen impaction, but your tympanic membranes are intact. Let’s proceed with some hearing tests. First, I'll do the Weber test. Tell me where you hear the sound.

[patient] I can hear it equally in both ears.

[doctor] Good. Now, for the Rinne test. Let me know when you stop hearing the sound.

[patient] Okay, I can still hear it. Now it’s gone.

[doctor] The air conduction is greater than bone conduction bilaterally, which is consistent with sensorineural hearing loss. This suggests presbycusis, or age-related hearing loss.

[patient] What does that mean for me?

[doctor] It means that the hearing loss is likely due to aging. To further evaluate this, I'm going to refer you to an audiologist, Dr. Michael Chang, for a detailed audiometric assessment and to see if you're a candidate for a cochlear implant.

[patient] Oh, I see. What’s involved in that evaluation?

[doctor] The audiologist will perform a series of tests to measure the extent of your hearing loss and determine if a cochlear implant could help improve your hearing. We’ll also do a high-resolution CT scan of your temporal bone.

[patient] Will I need to do anything special to prepare for these tests?

[doctor] No special preparation is needed. Just follow your usual routine. I'll also order some blood work to check your Vitamin B12 and folate levels to rule out any nutritional deficiencies that might affect your hearing.

[patient] Okay, that sounds reasonable.

[doctor] In the meantime, I encourage you to use assistive listening devices and practice hearing conservation techniques. These can help manage your hearing loss until we have more information from the audiologist.

[patient] Alright, I can do that.

[doctor] We’ll schedule a follow-up appointment in three months to review the results of your cochlear implant evaluation.

[patient] Three months from now, got it.

[doctor] Continue managing your GERD with Omeprazole and your arthritis with Ibuprofen as needed. Keep taking your Levothyroxine for hypothyroidism as well.

[patient] Will do, Dr. Smith.

[doctor] Do you have any questions for me about the plan?

[patient] Not at the moment. Thank you for explaining everything.

[doctor] You're welcome, Mrs. Johnson. We'll see you back here in three months. Take care.

[patient] Thank you, Dr. Smith. See you then.
```"
UNSPECIFIED HEARING LOSS, UNSPECIFIED EAR|"ROLE: Otolaryngologist

**Age:** 34
**Gender:** Female
**Ethnicity:** Hispanic
**Socio-economic Status:** Middle class
**Education Level:** College graduate
**Health Literacy:** Moderate
**Job Status:** Office manager
**Geographical Location:** Big City, Urban, Well-served by Transit
**Neighborhood Type:** Affluent
**Clinical Setting:** Private Practice
**Type of Encounter:** Initial Consultation

**Medical History:**
- **Previous Diagnoses:** Allergic rhinitis
- **Family Medical History:** Mother has type 2 diabetes and hypertension
- **Medication History:** Currently taking Loratadine 10 mg daily for seasonal allergies
- **Allergies:** None
- **Chronic Conditions:** None

**Symptom Description:**
- **Severity:** Moderate
- **Duration:** Past 2 months
- **Associated Symptoms:** Occasional tinnitus, no ear pain, no dizziness
- **Frequency:** Persistent, daily
- **Impact on Daily Activities:** Difficulty hearing during meetings and phone calls

**Patient’s self-reported habits and lifestyle:**
- **Sleep:** 6-7 hours per night, reports feeling well-rested
- **Diet:** Balanced diet, incorporates fruits and vegetables regularly
- **Exercise:** Exercises 3 times a week (yoga and pilates)
- **Tobacco Use:** None
- **Alcohol Consumption:** Occasional social drinker, 1-2 drinks per week
- **Drug Use:** None
- **Recreational Activities:** Enjoys reading and attending live music events

**Patient's Behavior:** Cooperative, follows medical advice diligently

**Physical exams:**
- Otoscopic Examination: Tympanic membranes appear normal, no signs of infection or fluid
- Hearing Test (Audiometry): Conducted and results reviewed

**Investigation/Test results:**
- Audiometry results reveal moderate hearing loss in the unspecified ear

**Medical Outcome:**
- **Diagnosis:** Unspecified hearing loss, unspecified ear (H91.90)
- **Prescribed Treatment:**
  - Referral to audiologist for hearing aid fitting
  - Trial of corticosteroid, Prednisone 20 mg daily for 7 days, route: oral, quantity: 7 tablets
- **Follow-up Recommendations:** Return visit in 2 weeks to assess hearing improvement and treatment efficacy
- **Referral:** Audiologist - Dr. Emily Carter, reason: hearing aid fitting and further audiological assessment
- **Order for Blood Work:** 
  - Hematology panel to rule out any underlying anemia
  - Biochemistry for metabolic panel to check kidney function and electrolyte balance

**Treatment Disparities:** None significant noted

**Native or Non-Native English Speaking Patient:** Native English speaker"|"### Initial Consultation Note

**1. Subjective:**
   - **Chief Complaint (CC):** Hearing loss in the unspecified ear.
   - **History of Present Illness (HPI):** 
     - The patient, a 34-year-old Hispanic female office manager, presents with a 2-month history of moderate hearing loss. She reports difficulty hearing during meetings and phone calls. She has occasional tinnitus but no ear pain or dizziness.
     - The patient has a past history of allergic rhinitis and is currently on Loratadine 10 mg daily for seasonal allergies. There is no history of chronic conditions.
   - **Review of Systems (ROS):**
     - **ENT:** Positive for hearing loss, occasional tinnitus, negative for ear pain, and dizziness.
     - **General:** Reports feeling well-rested with 6-7 hours of sleep per night.
     - **Lifestyle:** Balanced diet, exercises 3 times a week, no tobacco use, occasional alcohol consumption (1-2 drinks per week), no drug use.

**2. Objective:**
   - **Physical Examination:**
     - **HEENT:**
       - **Head:** Normocephalic, atraumatic.
       - **Eyes:** PERRLA, EOMI.
       - **Ears:**
         - Otoscopic Examination: Tympanic membranes appear normal, no signs of infection or fluid.
       - **Nose:** No nasal polyps or obstruction.
       - **Throat:** No tonsillar hypertrophy, no lesions.
     - **Neurological:** Cranial nerves II-XII intact.
   - **Vital Signs:** Within normal limits.
   - **Audiometry:** Moderate hearing loss in the unspecified ear.

**3. Assessment:**
   - **Diagnosis:** Unspecified hearing loss, unspecified ear (H91.90).

**4. Plan:**
   - **Treatment:**
     - Referral to audiologist, Dr. Emily Carter, for hearing aid fitting and further audiological assessment.
     - Trial of corticosteroid, Prednisone 20 mg daily for 7 days, route: oral, quantity: 7 tablets.
   - **Follow-up:**
     - Return visit in 2 weeks to assess hearing improvement and treatment efficacy.
   - **Additional Orders:**
     - Hematology panel to rule out any underlying anemia.
     - Biochemistry for metabolic panel to check kidney function and electrolyte balance.

The patient was cooperative and understood all recommendations. She was advised to follow up as scheduled and to report any new or worsening symptoms immediately."|"**1. Subjective:**
   - **Chief Complaint (CC):** Hearing loss in the unspecified ear.
   - **History of Present Illness (HPI):** 
     - The patient, a 34-year-old Hispanic female office manager, presents with a 2-month history of moderate hearing loss. She reports difficulty hearing during meetings and phone calls. She has occasional tinnitus but no ear pain or dizziness.
     - The patient has a past history of allergic rhinitis and is currently on Loratadine 10 mg daily for seasonal allergies. There is no history of chronic conditions.
   - **Review of Systems (ROS):**
     - **ENT:** Positive for hearing loss, occasional tinnitus, negative for ear pain, and dizziness.
     - **General:** Reports feeling well-rested with 6-7 hours of sleep per night.
     - **Lifestyle:** Balanced diet, exercises 3 times a week, no tobacco use, occasional alcohol consumption (1-2 drinks per week), no drug use.

**2. Objective:**
   - **Physical Examination:**
     - **HEENT:**
       - **Head:** Normocephalic, atraumatic.
       - **Eyes:** PERRLA, EOMI.
       - **Ears:**
         - Otoscopic Examination: Tympanic membranes appear normal, no signs of infection or fluid.
       - **Nose:** No nasal polyps or obstruction.
       - **Throat:** No tonsillar hypertrophy, no lesions.
     - **Neurological:** Cranial nerves II-XII intact.
   - **Vital Signs:** Within normal limits.
   - **Audiometry:** Moderate hearing loss in the unspecified ear.

**3. Assessment:**
   - **Diagnosis:** Unspecified hearing loss, unspecified ear (H91.90).

**4. Plan:**
   - **Treatment:**
     - Referral to audiologist, Dr. Emily Carter, for hearing aid fitting and further audiological assessment.
     - Trial of corticosteroid, Prednisone 20 mg daily for 7 days, route: oral, quantity: 7 tablets.
   - **Follow-up:**
     - Return visit in 2 weeks to assess hearing improvement and treatment efficacy.
   - **Additional Orders:**
     - Hematology panel to rule out any underlying anemia.
     - Biochemistry for metabolic panel to check kidney function and electrolyte balance.

The patient was cooperative and understood all recommendations. She was advised to follow up as scheduled and to report any new or worsening symptoms immediately."|"**1. Subjective:**
   - **CC:** Hearing loss in the unspecified ear.
   - **HPI:** 
     - The pt, a 34 y/o Hispanic F office manager, presents with a 2-month hx of moderate hearing loss. She reports difficulty hearing during meetings and phone calls. She has occasional tinnitus but no otalgia or vertigo.
     - The pt has a PMH of allergic rhinitis and is currently on Loratadine 10 mg QD for seasonal allergies. No hx of chronic conditions.
   - **ROS:**
     - **ENT:** +hearing loss, occasional tinnitus, -otalgia, -vertigo.
     - **General:** Reports feeling well-rested with 6-7 hrs of sleep per night.
     - **Lifestyle:** Balanced diet, exercises 3x/wk, no tobacco use, occasional EtOH (1-2 drinks/wk), no drug use.

**2. Objective:**
   - **PE:**
     - **HEENT:**
       - **Head:** NCAT.
       - **Eyes:** PERRLA, EOMI.
       - **Ears:**
         - Otoscopic Exam: TMs appear normal, no signs of infection or fluid.
       - **Nose:** No nasal polyps or obstruction.
       - **Throat:** No tonsillar hypertrophy, no lesions.
     - **Neuro:** CN II-XII intact.
   - **VS:** WNL.
   - **Audiometry:** Moderate hearing loss in the unspecified ear.

**3. Assessment:**
   - **Dx:** Unspecified hearing loss, unspecified ear (H91.90).

**4. Plan:**
   - **Tx:**
     - Referral to audiologist, Dr. Emily Carter, for hearing aid fitting and further audiological assessment.
     - Trial of corticosteroid, Prednisone 20 mg QD for 7 days, PO, qty: 7 tabs.
   - **F/U:**
     - Return visit in 2 wks to assess hearing improvement and tx efficacy.
   - **Additional Orders:**
     - CBC to r/o any underlying anemia.
     - BMP to check renal function and electrolyte balance.

The pt was cooperative and understood all recommendations. She was advised to follow up as scheduled and to report any new or worsening sx immediately."|Otolaryngologist|"### Conversation between Doctor and Patient

---

**Doctor:** Hi, it's good to see you today. What brings you in?

**Patient:** Hi, Doctor. I've been having some trouble with my hearing for the past couple of months.

**Doctor:** I'm sorry to hear that. Can you tell me more about what's been going on?

**Patient:** Sure. I've been having difficulty hearing during meetings at work and on phone calls. It's been going on for about two months now.

**Doctor:** Hmm, I see. Is the hearing loss in both ears or just one ear?

**Patient:** It's mainly in my right ear, I think.

**Doctor:** Okay, and have you noticed any other symptoms like ear pain or dizziness?

**Patient:** No, I haven't had any ear pain or dizziness. But I do get occasional ringing in my ears.

**Doctor:** Alright, that's helpful. Have you had any issues like this in the past?

**Patient:** No, this is the first time I've had any hearing problems.

**Doctor:** Hmm, okay. What about your medical history? Do you have any chronic conditions?

**Patient:** The only thing is I have allergic rhinitis. I take Loratadine 10 mg daily for my seasonal allergies.

**Doctor:** Got it. Are you on any other medications?

**Patient:** No, just the Loratadine.

**Doctor:** Okay, let me take a quick look at your ears. I'll start with an otoscopic examination.

**Patient:** Sure.

**Doctor:** Your tympanic membranes look normal, and there's no sign of infection or fluid. That's a good sign. Let me check the rest of your head, eyes, nose, and throat. 

**Patient:** Okay.

**Doctor:** Everything else looks normal. Your head is normocephalic and atraumatic, your pupils are equal and reactive to light, and your extraocular movements are intact. Your nose is clear with no polyps or obstruction, and your throat looks fine with no tonsillar hypertrophy or lesions.

**Patient:** That sounds good, I guess.

**Doctor:** Yes, I don't see anything obvious that could be causing your hearing loss. I'll check your cranial nerves as well to make sure everything is functioning properly.

**Patient:** Alright.

**Doctor:** Your cranial nerves II through XII are intact, which is good. Let's move on to the audiometry results. It shows moderate hearing loss in your right ear.

**Patient:** Oh, that's not good.

**Doctor:** No, but it's something we can address. I want to refer you to an audiologist, Dr. Emily Carter, for a hearing aid fitting and further audiological assessment.

**Patient:** Okay, that sounds good.

**Doctor:** In the meantime, I'd like to start you on a trial of corticosteroid, Prednisone, to see if it helps with your hearing. You'll take 20 mg daily for 7 days.

**Patient:** Alright, I can do that.

**Doctor:** I'll also order a hematology panel to rule out any underlying anemia and a biochemistry panel to check your kidney function and electrolyte balance.

**Patient:** Okay, do I need to do those tests today?

**Doctor:** Yes, if you can. It will help us get a clearer picture of what's going on.

**Patient:** Sure, I can do that.

**Doctor:** Great. We'll schedule a follow-up visit in two weeks to assess your hearing improvement and the effectiveness of the treatment.

**Patient:** Okay, I'll make sure to come back in two weeks.

**Doctor:** Perfect. If you notice any new or worsening symptoms, please report them immediately.

**Patient:** I will. Thank you, Doctor.

**Doctor:** You're welcome. Take care, and I'll see you in two weeks.

**Patient:** See you then.

---

"|"[doctor]: Hi, it's good to see you today. What brings you in?

[patient]: Hi, Doctor. I've been having some trouble with my hearing for the past couple of months.

[doctor]: I'm sorry to hear that. Can you tell me more about what's been going on?

[patient]: Sure. I've been having difficulty hearing during meetings at work and on phone calls. It's been going on for about two months now.

[doctor]: Hmm, I see. Is the hearing loss in both ears or just one ear?

[patient]: It's mainly in my right ear, I think.

[doctor]: Okay, and have you noticed any other symptoms like ear pain or dizziness?

[patient]: No, I haven't had any ear pain or dizziness. But I do get occasional ringing in my ears.

[doctor]: Alright, that's helpful. Have you had any issues like this in the past?

[patient]: No, this is the first time I've had any hearing problems.

[doctor]: Hmm, okay. What about your medical history? Do you have any chronic conditions?

[patient]: The only thing is I have allergic rhinitis. I take Loratadine 10 mg daily for my seasonal allergies.

[doctor]: Got it. Are you on any other medications?

[patient]: No, just the Loratadine.

[doctor]: Okay, let me take a quick look at your ears. I'll start with an otoscopic examination.

[patient]: Sure.

[doctor]: Your tympanic membranes look normal, and there's no sign of infection or fluid. That's a good sign. Let me check the rest of your head, eyes, nose, and throat.

[patient]: Okay.

[doctor]: Everything else looks normal. Your head is normocephalic and atraumatic, your pupils are equal and reactive to light, and your extraocular movements are intact. Your nose is clear with no polyps or obstruction, and your throat looks fine with no tonsillar hypertrophy or lesions.

[patient]: That sounds good, I guess.

[doctor]: Yes, I don't see anything obvious that could be causing your hearing loss. I'll check your cranial nerves as well to make sure everything is functioning properly.

[patient]: Alright.

[doctor]: Your cranial nerves II through XII are intact, which is good. Let's move on to the audiometry results. It shows moderate hearing loss in your right ear.

[patient]: Oh, that's not good.

[doctor]: No, but it's something we can address. I want to refer you to an audiologist, Dr. Emily Carter, for a hearing aid fitting and further audiological assessment.

[patient]: Okay, that sounds good.

[doctor]: In the meantime, I'd like to start you on a trial of corticosteroid, Prednisone, to see if it helps with your hearing. You'll take 20 mg daily for 7 days.

[patient]: Alright, I can do that.

[doctor]: I'll also order a hematology panel to rule out any underlying anemia and a biochemistry panel to check your kidney function and electrolyte balance.

[patient]: Okay, do I need to do those tests today?

[doctor]: Yes, if you can. It will help us get a clearer picture of what's going on.

[patient]: Sure, I can do that.

[doctor]: Great. We'll schedule a follow-up visit in two weeks to assess your hearing improvement and the effectiveness of the treatment.

[patient]: Okay, I'll make sure to come back in two weeks.

[doctor]: Perfect. If you notice any new or worsening symptoms, please report them immediately.

[patient]: I will. Thank you, Doctor.

[doctor]: You're welcome. Take care, and I'll see you in two weeks.

[patient]: See you then."
HEART DISEASE, UNSPECIFIED|"ROLE: Cardiologist

**SCENARIO:**

**1) Medical Outcome:**
   - Diagnosis: Heart disease, unspecified (ICD-10: I51.9)
   - Prescribed Treatment: 
     - Medication: Atorvastatin 20 mg orally once daily for cholesterol management
     - Lifestyle Change: Recommend a low-sodium diet, regular low-impact cardiovascular exercise, smoking cessation, and reduction in alcohol consumption
   - Follow-up Recommendations: Follow up in 3 months for evaluation
   - Referral to Specialists: 
     - Referral to a nutritionist for diet management, Dr. Laura Greene
   - Orders for Further Tests: 
     - Blood Work: Basic Metabolic Panel (Biochemistry), Lipid Profile
     - Imaging: Echocardiogram to assess cardiac function

**2) Medical History:**
   - Previous Diagnoses: Hypertension, Hyperlipidemia
   - Family Medical History: Father had coronary artery disease, mother had hypertension
   - Medication History: Lisinopril 20 mg daily, Simvastatin 10 mg daily
   - Allergies: Penicillin (rash)
   - Chronic Conditions: Hypertension, Hyperlipidemia

**3) Symptom Description:**
   - Severity: Moderate
   - Duration: 3 months
   - Associated Symptoms: Fatigue, occasional chest discomfort, dyspnea on exertion
   - Frequency: Several times a week
   - Impact on Daily Activities: Limitations on physical activity, unable to walk long distances or climb stairs without discomfort

**4) Patient’s Self-Reported Habits and Lifestyle:**
   - Sleep: 6-7 hours per night, poor sleep quality
   - Diet: High intake of processed foods, low in fruits and vegetables
   - Exercise: Sedentary lifestyle, minimal physical activity
   - Tobacco Use: Smokes 1 pack per day for the last 20 years
   - Alcohol Consumption: Drinks 2-3 beers daily
   - Recreational Activities: None

**5) Demographic Information:**
   - Age: 52
   - Gender: Male
   - Ethnicity: Caucasian
   - Socio-economic Status: Middle class
   - Education Level: College graduate
   - Health Literacy: Moderate
   - Job Status: Office worker, sedentary job

**6) Patient's Behavior:**
   - The patient is cooperative but has had difficulty adhering to previous lifestyle change recommendations

**7) Geographical Location:**
   - Urban area
   - Pollution and Environmental Health Risks: Moderate air pollution
   - Neighborhood Type: Mixed-income neighborhood
   - Well-served by Transit: Yes
   - Food Desert: No

**8) Clinical Setting:**
   - Private Practice

**9) Type of Encounter:**
   - Initial Consultation

**10) Treatment Disparities:**
   - None noted

**11) Native or Non-Native English Speaking Patient:**
   - Native English-speaking patient

**12) Physical Exams:**
   - Cardiovascular: Regular rate and rhythm, no murmurs, rubs, or gallops
   - Respiratory: Clear to auscultation bilaterally, no wheezing or rales
   - Musculoskeletal: No edema in extremities

**13) Investigation/Test results:**
   - Awaiting echocardiogram for cardiac function assessment
   - Blood work: Basic Metabolic Panel (awaiting results), Lipid Profile (awaiting results)"|"### MEDICAL NOTE

#### 1. Subjective:

**Chief Complaint (CC):**
Fatigue, occasional chest discomfort, and dyspnea on exertion for the past 3 months.

**History of Present Illness (HPI):**
John Doe is a 52-year-old Caucasian male who presents for an initial consultation regarding cardiovascular symptoms. The patient reports moderate fatigue, occasional chest discomfort, and shortness of breath upon exertion experienced over the last 3 months. These symptoms occur several times a week, limiting his physical activity, such as walking long distances or climbing stairs, due to discomfort. He has a history of hypertension and hyperlipidemia and is currently on lisinopril 20 mg daily and simvastatin 10 mg daily.

**Review of Systems (ROS):**

**Cardiovascular:**
Reports fatigue, occasional chest discomfort, and dyspnea on exertion. Denies palpitations or syncope.

**Respiratory:**
Reports shortness of breath on exertion. Denies cough or wheezing.

**Musculoskeletal:**
Denies edema in extremities.

**Nutrition:**
High intake of processed foods, low intake of fruits and vegetables.

**Lifestyle:**
Smokes 1 pack per day for the past 20 years and consumes 2-3 beers daily.

**Sleep:**
Reports 6-7 hours of sleep per night with poor sleep quality.

#### 2. Objective:

**Vital Signs:**
- BP: 150/95 mmHg
- HR: 78 bpm
- RR: 18 breaths/min
- Temp: 98.6°F
- O2 Sat: 98% on room air

**Physical Examination:**

**General:**
Cooperative, middle-aged male in no acute distress.

**Cardiovascular:**
Regular rate and rhythm, no murmurs, rubs, or gallops.

**Respiratory:**
Clear to auscultation bilaterally, no wheezing or rales.

**Musculoskeletal:**
No edema in extremities.

#### 3. Assessment:
Heart disease, unspecified (ICD-10: I51.9). Given the patient's symptoms, history of hypertension, hyperlipidemia, family history of coronary artery disease, and current lifestyle factors, a comprehensive approach will be taken to manage and further evaluate his cardiovascular health.

#### 4. Plan:

**Medications:**
- Atorvastatin 20 mg orally once daily for cholesterol management.

**Lifestyle Recommendations:**
- Low-sodium diet.
- Increase intake of fruits and vegetables.
- Regular low-impact cardiovascular exercise (e.g., walking, swimming) for at least 30 minutes, 5 days a week.
- Smoking cessation; provide resources and support.
- Reduction in alcohol consumption to no more than one drink per day.

**Referrals:**
- Nutritionist for diet management, refer to Dr. Laura Greene.

**Orders for Further Tests:**
- Blood Work: Basic Metabolic Panel (Biochemistry) and Lipid Profile.
- Imaging: Echocardiogram to assess cardiac function.

**Follow-up:**
- Schedule a follow-up appointment in 3 months for evaluation of treatment efficacy and symptom progression.

**Patient Education:**
- Discussed the importance of lifestyle changes and adherence to medication.
- Provided educational materials on heart-healthy living and smoking cessation.
- Discussed the potential benefits of reducing alcohol intake.

**Instructions:**
- The patient is advised to monitor blood pressure at home and keep a log.
- The patient should report any worsening of symptoms or new symptoms immediately.
- The patient will continue current medications (lisinopril and simvastatin) until further evaluation."|"### MEDICAL NOTE

#### 1. Subjective:

**Chief Complaint (CC):**
Fatigue, occasional chest discomfort, and dyspnea on exertion for the past 3 months.

**History of Present Illness (HPI):**
John Doe is a 52-year-old Caucasian male who presents for an initial consultation regarding cardiovascular symptoms. The patient reports moderate fatigue, occasional chest discomfort, and shortness of breath upon exertion experienced over the last 3 months. These symptoms occur several times a week, limiting his physical activity, such as walking long distances or climbing stairs, due to discomfort. He has a history of hypertension and hyperlipidemia and is currently on lisinopril 20 mg daily and simvastatin 10 mg daily.

**Review of Systems (ROS):**

**Cardiovascular:**
Reports fatigue, occasional chest discomfort, and dyspnea on exertion. Denies palpitations or syncope.

**Respiratory:**
Reports shortness of breath on exertion. Denies cough or wheezing.

**Musculoskeletal:**
Denies edema in extremities.

**Nutrition:**
High intake of processed foods, low intake of fruits and vegetables.

**Lifestyle:**
Smokes 1 pack per day for the past 20 years and consumes 2-3 beers daily.

**Sleep:**
Reports 6-7 hours of sleep per night with poor sleep quality.

#### 2. Objective:

**Vital Signs:**
- BP: 150/95 mmHg
- HR: 78 bpm
- RR: 18 breaths/min
- Temp: 98.6°F
- O2 Sat: 98% on room air

**Physical Examination:**

**General:**
Cooperative, middle-aged male in no acute distress.

**Cardiovascular:**
Regular rate and rhythm, no murmurs, rubs, or gallops.

**Respiratory:**
Clear to auscultation bilaterally, no wheezing or rales.

**Musculoskeletal:**
No edema in extremities.

#### 3. Assessment:
Heart disease, unspecified (ICD-10: I51.9). Given the patient's symptoms, history of hypertension, hyperlipidemia, family history of coronary artery disease, and current lifestyle factors, a comprehensive approach will be taken to manage and further evaluate his cardiovascular health.

#### 4. Plan:

**Medications:**
- Atorvastatin 20 mg orally once daily for cholesterol management.

**Lifestyle Recommendations:**
- Low-sodium diet.
- Increase intake of fruits and vegetables.
- Regular low-impact cardiovascular exercise (e.g., walking, swimming) for at least 30 minutes, 5 days a week.
- Smoking cessation; provide resources and support.
- Reduction in alcohol consumption to no more than one drink per day.

**Referrals:**
- Nutritionist for diet management, refer to Dr. Laura Greene.

**Orders for Further Tests:**
- Blood Work: Basic Metabolic Panel (Biochemistry) and Lipid Profile.
- Imaging: Echocardiogram to assess cardiac function.

**Follow-up:**
- Schedule a follow-up appointment in 3 months for evaluation of treatment efficacy and symptom progression.

**Patient Education:**
- Discussed the importance of lifestyle changes and adherence to medication.
- Provided educational materials on heart-healthy living and smoking cessation.
- Discussed the potential benefits of reducing alcohol intake.

**Instructions:**
- The patient is advised to monitor blood pressure at home and keep a log.
- The patient should report any worsening of symptoms or new symptoms immediately.
- The patient will continue current medications (lisinopril and simvastatin) until further evaluation."|"### MEDICAL NOTE

#### 1. Subjective:

**CC:**
Fatigue, occasional CP, and DOE for the past 3 months.

**HPI:**
John Doe is a 52 y/o Caucasian male presenting for an initial consult regarding CV symptoms. Pt reports moderate fatigue, occasional CP, and SOB on exertion experienced over the last 3 months. These symptoms occur several times a week, limiting his physical activity, such as walking long distances or climbing stairs, due to discomfort. He has a hx of HTN and HLD and is currently on lisinopril 20 mg daily and simvastatin 10 mg daily.

**ROS:**

**CV:**
Reports fatigue, occasional CP, and DOE. Denies palpitations or syncope.

**Resp:**
Reports SOB on exertion. Denies cough or wheezing.

**MSK:**
Denies edema in extremities.

**Nutrition:**
High intake of processed foods, low intake of fruits and vegetables.

**Lifestyle:**
Smokes 1 PPD for the past 20 years and consumes 2-3 beers daily.

**Sleep:**
Reports 6-7 hours of sleep per night with poor sleep quality.

#### 2. Objective:

**VS:**
- BP: 150/95 mmHg
- HR: 78 bpm
- RR: 18 breaths/min
- Temp: 98.6°F
- O2 Sat: 98% on RA

**PE:**

**General:**
Cooperative, middle-aged male in NAD.

**CV:**
RRR, no murmurs, rubs, or gallops.

**Resp:**
CTA bilaterally, no wheezing or rales.

**MSK:**
No edema in extremities.

#### 3. Assessment:
Heart disease, unspecified (ICD-10: I51.9). Given the pt's symptoms, hx of HTN, HLD, FHx of CAD, and current lifestyle factors, a comprehensive approach will be taken to manage and further evaluate his CV health.

#### 4. Plan:

**Meds:**
- Atorvastatin 20 mg PO QD for cholesterol mgmt.

**Lifestyle Recommendations:**
- Low-Na diet.
- Increase intake of fruits and vegetables.
- Regular low-impact CV exercise (e.g., walking, swimming) for at least 30 mins, 5 days a week.
- Smoking cessation; provide resources and support.
- Reduction in EtOH consumption to no more than one drink per day.

**Referrals:**
- Nutritionist for diet mgmt, refer to Dr. Laura Greene.

**Orders for Further Tests:**
- Blood Work: BMP and Lipid Profile.
- Imaging: Echo to assess cardiac function.

**F/U:**
- Schedule a F/U appointment in 3 months for evaluation of tx efficacy and symptom progression.

**Pt Education:**
- Discussed the importance of lifestyle changes and adherence to meds.
- Provided educational materials on heart-healthy living and smoking cessation.
- Discussed the potential benefits of reducing EtOH intake.

**Instructions:**
- Pt advised to monitor BP at home and keep a log.
- Pt should report any worsening of symptoms or new symptoms immediately.
- Pt will continue current meds (lisinopril and simvastatin) until further evaluation."|Cardiologist|"**Conversation:**

**Doctor:** Good afternoon, John. How are you doing today?

**Patient:** Good afternoon, Doctor. I've been feeling quite tired lately.

**Doctor:** I'm sorry to hear that. Can you tell me more about how you've been feeling?

**Patient:** Sure. I've been experiencing moderate fatigue, occasional chest discomfort, and shortness of breath when I exert myself, like when I'm walking long distances or climbing stairs. This has been going on for about three months now.

**Doctor:** I see. How often do these symptoms occur?

**Patient:** They happen several times a week. It's really limiting my physical activity.

**Doctor:** That sounds concerning. Have you noticed anything else, such as palpitations or fainting?

**Patient:** No, I haven't experienced palpitations or fainting.

**Doctor:** Alright. How about any swelling in your legs or feet?

**Patient:** No, no swelling in my extremities.

**Doctor:** Okay. Let's talk about your respiratory symptoms. You mentioned shortness of breath on exertion. Have you had any cough or wheezing?

**Patient:** No, I haven't had any cough or wheezing.

**Doctor:** Understood. And how about your diet? What does a typical day look like for you in terms of meals?

**Patient:** I eat a lot of processed foods and not many fruits or vegetables.

**Doctor:** I see. Do you smoke or drink alcohol?

**Patient:** Yes, I smoke about a pack a day and I usually have 2-3 beers daily.

**Doctor:** How long have you been smoking?

**Patient:** For the past 20 years.

**Doctor:** And how about your sleep? Are you getting enough rest?

**Patient:** I usually get around 6-7 hours of sleep per night, but the quality of my sleep isn't great.

**Doctor:** Thank you for sharing all that with me. I'm going to check your vital signs and perform a physical examination now. Your blood pressure is 150/95 mmHg, which is quite high. Your heart rate is 78 beats per minute, respiratory rate is 18 breaths per minute, temperature is 98.6°F, and your oxygen saturation is 98% on room air.

**Patient:** Is that bad?

**Doctor:** Your blood pressure is higher than ideal, and we definitely want to address that. Let me listen to your heart and lungs now. Your heart has a regular rate and rhythm, and I don't hear any murmurs, rubs, or gallops. Your lungs are clear to auscultation bilaterally, with no wheezing or rales. And there's no edema in your extremities.

**Patient:** Okay.

**Doctor:** Based on your symptoms and history, including hypertension and hyperlipidemia, I'm concerned about your cardiovascular health. I'd like to make some changes to your medications and lifestyle to manage and further evaluate your condition. We'll start you on atorvastatin 20 mg daily to help manage your cholesterol levels.

**Patient:** Alright.

**Doctor:** I also recommend you adopt a low-sodium diet and increase your intake of fruits and vegetables. Regular low-impact cardiovascular exercise, like walking or swimming, for at least 30 minutes a day, five days a week, will be beneficial.

**Patient:** I can try that.

**Doctor:** It's also important that you quit smoking and reduce your alcohol intake to no more than one drink per day. I'll provide resources and support to help you with smoking cessation.

**Patient:** That sounds tough, but I'll try.

**Doctor:** I understand it can be challenging, but it's crucial for your health. I'll refer you to a nutritionist, Dr. Laura Greene, to help you with diet management.

**Patient:** Okay.

**Doctor:** Additionally, we'll need to run some tests to get a better understanding of your condition. I'll order a Basic Metabolic Panel and a Lipid Profile to check your blood work. We'll also schedule an echocardiogram to assess your cardiac function.

**Patient:** Got it.

**Doctor:** We'll schedule a follow-up appointment in three months to evaluate the effectiveness of your treatment and monitor your symptoms. In the meantime, please monitor your blood pressure at home and keep a log of the readings. Report any worsening of symptoms or new symptoms immediately.

**Patient:** Alright, I will.

**Doctor:** Continue taking your current medications, lisinopril and simvastatin, until further evaluation. Do you have any questions about what we've discussed?

**Patient:** No, I think I understand everything.

**Doctor:** Great. I'll also provide you with educational materials on heart-healthy living and smoking cessation. Remember, making these lifestyle changes and adhering to your medication regimen is vital for improving your cardiovascular health.

**Patient:** Thank you, Doctor. I'll do my best to follow your recommendations.

**Doctor:** You're welcome, John. It's important to take these steps seriously. If you have any questions or concerns in the meantime, don't hesitate to reach out. We'll see you in three months for your follow-up.

**Patient:** Thank you, Doctor. I'll see you then.

**Doctor:** Take care, John. Goodbye.

**Patient:** Goodbye."|"[doctor]: Good afternoon, John. How are you doing today?

[patient]: Good afternoon, Doctor. I've been feeling quite tired lately.

[doctor]: Hmm, I'm sorry to hear that. Can you tell me more about how you've been feeling?

[patient]: Sure. I've been experiencing moderate fatigue, occasional chest discomfort, and shortness of breath when I exert myself, like when I'm walking long distances or climbing stairs. This has been going on for about three months now.

[doctor]: I see. How often do these symptoms occur?

[patient]: They happen several times a week. It's really limiting my physical activity.

[doctor]: That sounds concerning. Have you noticed anything else, such as palpitations or fainting?

[patient]: No, I haven't experienced palpitations or fainting.

[doctor]: Alright. How about any swelling in your legs or feet?

[patient]: No, no swelling in my extremities.

[doctor]: Okay. Let's talk about your respiratory symptoms. You mentioned shortness of breath on exertion. Have you had any cough or wheezing?

[patient]: No, I haven't had any cough or wheezing.

[doctor]: Understood. And how about your diet? What does a typical day look like for you in terms of meals?

[patient]: I eat a lot of processed foods and not many fruits or vegetables.

[doctor]: I see. Do you smoke or drink alcohol?

[patient]: Yes, I smoke about a pack a day and I usually have 2-3 beers daily.

[doctor]: Hmm, how long have you been smoking?

[patient]: For the past 20 years.

[doctor]: And how about your sleep? Are you getting enough rest?

[patient]: I usually get around 6-7 hours of sleep per night, but the quality of my sleep isn't great.

[doctor]: Thank you for sharing all that with me. I'm going to check your vital signs and perform a physical examination now. Your blood pressure is 150/95 mmHg, which is quite high. Your heart rate is 78 beats per minute, respiratory rate is 18 breaths per minute, temperature is 98.6°F, and your oxygen saturation is 98% on room air.

[patient]: Is that bad?

[doctor]: Your blood pressure is higher than ideal, and we definitely want to address that. Let me listen to your heart and lungs now. Your heart has a regular rate and rhythm, and I don't hear any murmurs, rubs, or gallops. Your lungs are clear to auscultation bilaterally, with no wheezing or rales. And there's no edema in your extremities.

[patient]: Okay.

[doctor]: Based on your symptoms and history, including hypertension and hyperlipidemia, I'm concerned about your cardiovascular health. I'd like to make some changes to your medications and lifestyle to manage and further evaluate your condition. We'll start you on atorvastatin 20 mg daily to help manage your cholesterol levels.

[patient]: Alright.

[doctor]: I also recommend you adopt a low-sodium diet and increase your intake of fruits and vegetables. Regular low-impact cardiovascular exercise, like walking or swimming, for at least 30 minutes a day, five days a week, will be beneficial.

[patient]: I can try that.

[doctor]: It's also important that you quit smoking and reduce your alcohol intake to no more than one drink per day. I'll provide resources and support to help you with smoking cessation.

[patient]: That sounds tough, but I'll try.

[doctor]: I understand it can be challenging, but it's crucial for your health. I'll refer you to a nutritionist, Dr. Laura Greene, to help you with diet management.

[patient]: Okay.

[doctor]: Additionally, we'll need to run some tests to get a better understanding of your condition. I'll order a Basic Metabolic Panel and a Lipid Profile to check your blood work. We'll also schedule an echocardiogram to assess your cardiac function.

[patient]: Got it.

[doctor]: We'll schedule a follow-up appointment in three months to evaluate the effectiveness of your treatment and monitor your symptoms. In the meantime, please monitor your blood pressure at home and keep a log of the readings. Report any worsening of symptoms or new symptoms immediately.

[patient]: Alright, I will.

[doctor]: Continue taking your current medications, lisinopril and simvastatin, until further evaluation. Do you have any questions about what we've discussed?

[patient]: No, I think I understand everything.

[doctor]: Great. I'll also provide you with educational materials on heart-healthy living and smoking cessation. Remember, making these lifestyle changes and adhering to your medication regimen is vital for improving your cardiovascular health.

[patient]: Thank you, Doctor. I'll do my best to follow your recommendations.

[doctor]: You're welcome, John. It's important to take these steps seriously. If you have any questions or concerns in the meantime, don't hesitate to reach out. We'll see you in three months for your follow-up.

[patient]: Thank you, Doctor. I'll see you then.

[doctor]: Take care, John. Goodbye.

[patient]: Goodbye."
HEART DISEASE, UNSPECIFIED|"ROLE: Cardiologist

Age: 65
Gender: Female
Ethnicity: African American
Socio-economic Status: Low-income
Education Level: Some college
Health Literacy: Low
Job Status: Retired seamstress

CLINICAL SETTING: Community Health Services
TYPE OF ENCOUNTER: Follow-up

MEDICAL HISTORY:
- Previous Diagnoses: COPD, Hyperlipidemia, Osteoarthritis
- Family Medical History: Mother had a stroke at age 62, Brother has Type 2 Diabetes
- Medication History: Currently on Atorvastatin 40 mg oral tablet daily, Albuterol inhaler PRN
- Allergies: Sulfa drugs
- Chronic Conditions: COPD, Hyperlipidemia, Osteoarthritis

SYMPTOM DESCRIPTION:
- Severity: Mild palpitations and intermittent chest discomfort
- Duration: Symptoms have been present for the past 2 months
- Associated Symptoms: Occasional lightheadedness and fatigue
- Frequency: Occurs sporadically, sometimes during rest
- Impact on Daily Activities: Slightly reduced mobility and endurance

PATIENT’S SELF-REPORTED HABITS AND LIFESTYLE:
- Sleep: Reports 5-6 hours of sleep per night, often disrupted by COPD symptoms
- Diet: Limited access to fresh produce, diet high in processed foods
- Exercise: Limited due to osteoarthritis; occasional short walks
- Tobacco Use: Former smoker, quit 10 years ago
- Alcohol Consumption: Drinks a glass of wine occasionally
- Drug Use: Denies any drug use
- Recreational Activities: Enjoys knitting and community bingo nights

PATIENT'S BEHAVIOR: Fairly adherent to medical advice, but admits difficulty in managing diet and exercise due to low access to resources

GEOGRAPHICAL LOCATION:
- Urban area, High pollution levels, High environmental health risks
- Neighborhood Type: Impoverished, limited access to public transportation, food desert

PHYSICAL EXAMS:
- Cardiovascular:
  - Auscultation: Irregular heart rate, mild systolic murmur
  - Palpation: No peripheral edema
  - Blood Pressure: 150/95 mmHg
- Respiratory:
  - Auscultation: Wheezing noted bilaterally, decreased breath sounds
- Gastrointestinal: 
  - Auscultation: Normal bowel sounds in all quadrants

INVESTIGATION/TEST RESULTS:
- Order for ECG (Electrocardiogram): To monitor for arrhythmias and ischemic changes
- Order for Chest X-ray: To evaluate for any pulmonary issues given her history of COPD
- Blood Work:
  - Biochemistry: Liver function tests, Kidney function tests, Lipid panel
  - Hematology: Complete blood count (CBC)
  - Cardiac Biomarkers: Troponin, NT-proBNP (N-terminal pro-B-type Natriuretic Peptide)

MEDICAL OUTCOME:
- Diagnosis: Heart disease, unspecified (ICD-10: I51.9)
- Prescribed Treatment:
  - Medication Adjustment: Add Metoprolol 25 mg oral tablet daily to control arrhythmias
  - Lifestyle Change:
    - Diet: Referral to a community nutritionist for dietary guidance within budget constraints
    - Exercise: Recommend gentle exercises like chair yoga
    - COPD Management: Continue Albuterol inhaler, refer to pulmonary rehabilitation
- Follow-up Recommendations:
  - Follow-up appointment in 6 weeks to review test results and assess symptom improvement
  - Immediate follow-up if symptoms worsen"|"#####
**1. Subjective:**

**Chief Complaint (CC):**
Follow-up for evaluation of mild palpitations and intermittent chest discomfort.

**History of Present Illness (HPI):**
The patient is a 65-year-old African American female with a past medical history of COPD, hyperlipidemia, and osteoarthritis who presents for follow-up care. She reports experiencing mild palpitations and intermittent chest discomfort for the past 2 months. The symptoms occur sporadically, even at rest, and are occasionally accompanied by lightheadedness and fatigue. These symptoms have slightly reduced her mobility and endurance. She also mentions disruptions in her sleep owing to COPD symptoms, getting only 5-6 hours of sleep per night.

**Review of Systems (ROS):**
- **Constitutional:** Denies fever, unintentional weight loss.
- **Cardiovascular:** Reports mild palpitations and intermittent chest discomfort.
- **Respiratory:** Reports wheezing and decreased breath sounds; denies recent respiratory infections.
- **Gastrointestinal:** Denies nausea, vomiting, or abdominal pain.
- **Musculoskeletal:** Reports chronic joint pain due to osteoarthritis.
- **Neurological:** Reports occasional lightheadedness and fatigue.

**2. Objective:**

**Vital Signs:**
- Blood Pressure: 150/95 mmHg

**Physical Examination:**
- **Cardiovascular:**
  - Auscultation: Irregular heart rate, mild systolic murmur
  - Palpation: No peripheral edema
- **Respiratory:**
  - Auscultation: Wheezing noted bilaterally, decreased breath sounds
- **Gastrointestinal:**
  - Auscultation: Normal bowel sounds in all quadrants

**Results:**
- Order for ECG: Pending
- Order for Chest X-ray: Pending
- Blood Work: Pending
  - **Biochemistry:** Liver function tests, Kidney function tests, Lipid panel
  - **Hematology:** Complete blood count (CBC)
  - **Cardiac Biomarkers:** Troponin, NT-proBNP

**3. Assessment:**
The patient is a 65-year-old African American female with a past medical history of COPD, hyperlipidemia, and osteoarthritis, presenting with mild palpitations and intermittent chest discomfort, along with occasional lightheadedness and fatigue. Based on the symptoms and initial physical examination, the working diagnosis is heart disease, unspecified (ICD-10: I51.9). 

**Differential Diagnoses:**
- Arrhythmias
- Ischemic Heart Disease
- COPD exacerbation contributing to cardiovascular symptoms

**4. Plan:**

**Medication Adjustment:**
- Initiate Metoprolol 25 mg oral tablet daily to control arrhythmias.

**Lifestyle Modifications and Referrals:**
- **Diet:** Referral to a community nutritionist for dietary guidance that is feasible within her budget constraints.
- **Exercise:** Recommend gentle exercise such as chair yoga to improve mobility without exacerbating osteoarthritis.
- **COPD Management:** Continue use of the Albuterol inhaler PRN and refer the patient to a pulmonary rehabilitation program for better management of COPD symptoms.

**Follow-up Recommendations:**
- Schedule a follow-up appointment in 6 weeks to review test results and assess symptom improvement.
- Advise the patient to seek immediate medical attention if symptoms worsen.

**Patient Agreements:**
The patient understands and agrees with the recommended medical treatment plan and lifestyle modifications. 

**Patient Education and Counseling:**
Educated the patient on the importance of medication adherence, healthy diet, and regular, gentle exercise. Discussed strategies to manage her COPD symptoms better to improve sleep quality. Encouraged attendance in community health programs to better manage her overall health despite socio-economic limitations."|"#####
**1. Subjective:**

**Chief Complaint (CC):**
Follow-up for evaluation of mild palpitations and intermittent chest discomfort.

**History of Present Illness (HPI):**
The patient is a 65-year-old African American female with a past medical history of COPD, hyperlipidemia, and osteoarthritis who presents for follow-up care. She reports experiencing mild palpitations and intermittent chest discomfort for the past 2 months. The symptoms occur sporadically, even at rest, and are occasionally accompanied by lightheadedness and fatigue. These symptoms have slightly reduced her mobility and endurance. She also mentions disruptions in her sleep owing to COPD symptoms, getting only 5-6 hours of sleep per night.

**Review of Systems (ROS):**
- **Constitutional:** Denies fever, unintentional weight loss.
- **Cardiovascular:** Reports mild palpitations and intermittent chest discomfort.
- **Respiratory:** Reports wheezing and decreased breath sounds; denies recent respiratory infections.
- **Gastrointestinal:** Denies nausea, vomiting, or abdominal pain.
- **Musculoskeletal:** Reports chronic joint pain due to osteoarthritis.
- **Neurological:** Reports occasional lightheadedness and fatigue.

**2. Objective:**

**Vital Signs:**
- Blood Pressure: 150/95 mmHg

**Physical Examination:**
- **Cardiovascular:**
  - Auscultation: Irregular heart rate, mild systolic murmur
  - Palpation: No peripheral edema
- **Respiratory:**
  - Auscultation: Wheezing noted bilaterally, decreased breath sounds
- **Gastrointestinal:**
  - Auscultation: Normal bowel sounds in all quadrants

**3. Assessment:**
The patient is a 65-year-old African American female with a past medical history of COPD, hyperlipidemia, and osteoarthritis, presenting with mild palpitations and intermittent chest discomfort, along with occasional lightheadedness and fatigue. Based on the symptoms and initial physical examination, the working diagnosis is heart disease, unspecified (ICD-10: I51.9). 

**Differential Diagnoses:**
- Arrhythmias
- Ischemic Heart Disease
- COPD exacerbation contributing to cardiovascular symptoms

**4. Plan:**

**Medication Adjustment:**
- Initiate Metoprolol 25 mg oral tablet daily to control arrhythmias.

**Lifestyle Modifications and Referrals:**
- **Diet:** Referral to a community nutritionist for dietary guidance that is feasible within her budget constraints.
- **Exercise:** Recommend gentle exercise such as chair yoga to improve mobility without exacerbating osteoarthritis.
- **COPD Management:** Continue use of the Albuterol inhaler PRN and refer the patient to a pulmonary rehabilitation program for better management of COPD symptoms.

**Follow-up Recommendations:**
- Schedule a follow-up appointment in 6 weeks to review test results and assess symptom improvement.
- Advise the patient to seek immediate medical attention if symptoms worsen.

**Orders:**
- ECG
- Chest X-ray
- Blood Work:
  - **Biochemistry:** Liver function tests, Kidney function tests, Lipid panel
  - **Hematology:** Complete blood count (CBC)
  - **Cardiac Biomarkers:** Troponin, NT-proBNP

**Patient Agreements:**
The patient understands and agrees with the recommended medical treatment plan and lifestyle modifications. 

**Patient Education and Counseling:**
Educated the patient on the importance of medication adherence, healthy diet, and regular, gentle exercise. Discussed strategies to manage her COPD symptoms better to improve sleep quality. Encouraged attendance in community health programs to better manage her overall health despite socio-economic limitations."|"#####
**1. Subjective:**

**CC:**
F/U for eval of mild palpitations and intermittent chest discomfort.

**HPI:**
The pt is a 65 y/o African American F with PMH of COPD, HLD, and OA who presents for F/U care. She reports experiencing mild palpitations and intermittent chest discomfort for the past 2 mos. The sx occur sporadically, even at rest, and are occasionally accompanied by lightheadedness and fatigue. These sx have slightly reduced her mobility and endurance. She also mentions disruptions in her sleep owing to COPD sx, getting only 5-6 hrs of sleep per night.

**ROS:**
- **Constitutional:** Denies fever, unintentional wt loss.
- **CV:** Reports mild palpitations and intermittent chest discomfort.
- **Resp:** Reports wheezing and decreased breath sounds; denies recent resp infections.
- **GI:** Denies N/V or abd pain.
- **MSK:** Reports chronic joint pain due to OA.
- **Neuro:** Reports occasional lightheadedness and fatigue.

**2. Objective:**

**VS:**
- BP: 150/95 mmHg

**PE:**
- **CV:**
  - Auscultation: Irregular HR, mild systolic murmur
  - Palpation: No peripheral edema
- **Resp:**
  - Auscultation: Wheezing noted bilaterally, decreased breath sounds
- **GI:**
  - Auscultation: Normal bowel sounds in all quadrants

**3. Assessment:**
The pt is a 65 y/o African American F with PMH of COPD, HLD, and OA, presenting with mild palpitations and intermittent chest discomfort, along with occasional lightheadedness and fatigue. Based on the sx and initial PE, the working dx is heart disease, unspecified (ICD-10: I51.9). 

**Differential Dx:**
- Arrhythmias
- Ischemic Heart Disease
- COPD exacerbation contributing to CV sx

**4. Plan:**

**Med Adjustment:**
- Initiate Metoprolol 25 mg PO daily to control arrhythmias.

**Lifestyle Modifications and Referrals:**
- **Diet:** Referral to a community nutritionist for dietary guidance that is feasible within her budget constraints.
- **Exercise:** Recommend gentle exercise such as chair yoga to improve mobility without exacerbating OA.
- **COPD Mgmt:** Continue use of the Albuterol inhaler PRN and refer the pt to a pulmonary rehab program for better mgmt of COPD sx.

**F/U Recommendations:**
- Schedule a F/U appt in 6 wks to review test results and assess sx improvement.
- Advise the pt to seek immediate medical attention if sx worsen.

**Orders:**
- ECG
- CXR
- Blood Work:
  - **Biochem:** LFTs, KFTs, Lipid panel
  - **Heme:** CBC
  - **Cardiac Biomarkers:** Troponin, NT-proBNP

**Pt Agreements:**
The pt understands and agrees with the recommended medical tx plan and lifestyle modifications. 

**Pt Education and Counseling:**
Educated the pt on the importance of med adherence, healthy diet, and regular, gentle exercise. Discussed strategies to manage her COPD sx better to improve sleep quality. Encouraged attendance in community health programs to better manage her overall health despite socio-economic limitations."|Cardiologist|"---
**Doctor:** Good morning, how are you today?

**Patient:** Good morning, Doctor. I’ve been doing alright, but I've been having some mild palpitations and chest discomfort recently.

**Doctor:** I see. Can you tell me more about these symptoms? How long have you been experiencing them?

**Patient:** It's been about two months now. The symptoms come and go, sometimes even when I'm resting. They’re not constant, but they do worry me.

**Doctor:** I understand. Have you noticed anything that seems to trigger these palpitations or chest discomfort?

**Patient:** Not really. They just seem to happen sporadically. Sometimes they’re accompanied by lightheadedness and fatigue.

**Doctor:** Hmm, okay. How has this affected your daily activities?

**Patient:** Well, it has slightly reduced my mobility and endurance. I get tired more easily and can't do as much as I used to.

**Doctor:** That must be frustrating. Have you had any disruptions in your sleep due to these symptoms?

**Patient:** Yes, my COPD symptoms have been acting up, and I wake up frequently during the night. I only get about 5-6 hours of sleep per night.

**Doctor:** That’s important to note. Have you experienced any fever or unintentional weight loss recently?

**Patient:** No, no fever or weight loss.

**Doctor:** Okay. Let’s review some other areas. Do you have any nausea, vomiting, or abdominal pain?

**Patient:** No, none of that.

**Doctor:** How about joint pain?

**Patient:** Yes, I have chronic joint pain because of my osteoarthritis.

**Doctor:** Alright. And any recent respiratory infections?

**Patient:** No, just the usual wheezing and decreased breath sounds from my COPD.

**Doctor:** Got it. Let's check your vital signs. Your blood pressure today is 150/95 mmHg. That’s a bit high. Now, I’m going to perform a physical examination. 

**Patient:** Okay.

**Doctor:** I’m going to listen to your heart first. (Listens) I hear an irregular heartbeat and a mild systolic murmur. Now, I’ll check your lungs. (Listens) I hear wheezing bilaterally and decreased breath sounds.

**Patient:** Is that bad?

**Doctor:** It’s consistent with your COPD. Let’s move on to your abdomen. (Listens) Your bowel sounds are normal.

**Patient:** That’s good to hear.

**Doctor:** I’m going to order an ECG and a chest X-ray to get a clearer picture of what might be causing your symptoms. We’ll also do some blood work to check your liver and kidney function, lipid levels, and some cardiac biomarkers.

**Patient:** Alright. What do you think it could be?

**Doctor:** Based on your symptoms and initial examination, we’re considering several possibilities including arrhythmias, ischemic heart disease, or a COPD exacerbation contributing to cardiovascular symptoms. 

**Patient:** That sounds serious.

**Doctor:** It’s important to get to the bottom of it. I’m going to start you on Metoprolol 25 mg once daily to help control any potential arrhythmias.

**Patient:** Okay, I’ll take it. What about my lifestyle?

**Doctor:** I’m going to refer you to a community nutritionist who can help you with dietary guidance that fits your budget. Also, gentle exercises like chair yoga can help improve your mobility without worsening your osteoarthritis.

**Patient:** That sounds helpful. And for my COPD?

**Doctor:** Continue using your Albuterol inhaler as needed. I’ll also refer you to a pulmonary rehabilitation program to help manage your COPD symptoms better.

**Patient:** Thank you, Doctor. What’s next?

**Doctor:** We’ll schedule a follow-up appointment in 6 weeks to review your test results and see how you’re doing. If your symptoms worsen before then, please seek immediate medical attention.

**Patient:** I will. Thank you for your help.

**Doctor:** You’re welcome. Do you have any other questions or concerns?

**Patient:** No, I think that’s everything for now.

**Doctor:** Great. Take care and I’ll see you in 6 weeks.

**Patient:** Thank you, Doctor. Bye.

**Doctor:** Bye."|"[doctor]: Good morning, how are you today?

[patient]: Good morning, Doctor. I’ve been doing alright, but I've been having some mild palpitations and chest discomfort recently.

[doctor]: I see. Can you tell me more about these symptoms? How long have you been experiencing them?

[patient]: It's been about two months now. The symptoms come and go, sometimes even when I'm resting. They’re not constant, but they do worry me.

[doctor]: Hmm, I understand. Have you noticed anything that seems to trigger these palpitations or chest discomfort?

[patient]: Not really. They just seem to happen sporadically. Sometimes they’re accompanied by lightheadedness and fatigue.

[doctor]: Okay, how has this affected your daily activities?

[patient]: Well, it has slightly reduced my mobility and endurance. I get tired more easily and can't do as much as I used to.

[doctor]: That must be frustrating. Have you had any disruptions in your sleep due to these symptoms?

[patient]: Yes, my COPD symptoms have been acting up, and I wake up frequently during the night. I only get about 5-6 hours of sleep per night.

[doctor]: That’s important to note. Have you experienced any fever or unintentional weight loss recently?

[patient]: No, no fever or weight loss.

[doctor]: Okay. Let’s review some other areas. Do you have any nausea, vomiting, or abdominal pain?

[patient]: No, none of that.

[doctor]: How about joint pain?

[patient]: Yes, I have chronic joint pain because of my osteoarthritis.

[doctor]: Alright. And any recent respiratory infections?

[patient]: No, just the usual wheezing and decreased breath sounds from my COPD.

[doctor]: Got it. Let's check your vital signs. Your blood pressure today is 150/95 mmHg. That’s a bit high. Now, I’m going to perform a physical examination. 

[patient]: Okay.

[doctor]: I’m going to listen to your heart first. (Listens) I hear an irregular heartbeat and a mild systolic murmur. Now, I’ll check your lungs. (Listens) I hear wheezing bilaterally and decreased breath sounds.

[patient]: Is that bad?

[doctor]: It’s consistent with your COPD. Let’s move on to your abdomen. (Listens) Your bowel sounds are normal.

[patient]: That’s good to hear.

[doctor]: I’m going to order an ECG and a chest X-ray to get a clearer picture of what might be causing your symptoms. We’ll also do some blood work to check your liver and kidney function, lipid levels, and some cardiac biomarkers.

[patient]: Alright. What do you think it could be?

[doctor]: Based on your symptoms and initial examination, we’re considering several possibilities including arrhythmias, ischemic heart disease, or a COPD exacerbation contributing to cardiovascular symptoms. 

[patient]: That sounds serious.

[doctor]: It’s important to get to the bottom of it. I’m going to start you on Metoprolol 25 mg once daily to help control any potential arrhythmias.

[patient]: Okay, I’ll take it. What about my lifestyle?

[doctor]: I’m going to refer you to a community nutritionist who can help you with dietary guidance that fits your budget. Also, gentle exercises like chair yoga can help improve your mobility without worsening your osteoarthritis.

[patient]: That sounds helpful. And for my COPD?

[doctor]: Continue using your Albuterol inhaler as needed. I’ll also refer you to a pulmonary rehabilitation program to help manage your COPD symptoms better.

[patient]: Thank you, Doctor. What’s next?

[doctor]: We’ll schedule a follow-up appointment in 6 weeks to review your test results and see how you’re doing. If your symptoms worsen before then, please seek immediate medical attention.

[patient]: I will. Thank you for your help.

[doctor]: You’re welcome. Do you have any other questions or concerns?

[patient]: No, I think that’s everything for now.

[doctor]: Great. Take care and I’ll see you in 6 weeks.

[patient]: Thank you, Doctor. Bye.

[doctor]: Bye."
HEART DISEASE, UNSPECIFIED|"ROLE: Family Medicine Physician

** Age **: 60
** Gender **: Female
** Ethnicity **: Asian
** Socio-economic Status **: Lower Income
** Education Level **: High School Graduate
** Health Literacy **: Low
** Job Status **: Retired factory worker

** Medical Outcome **: 
- Diagnosis: Heart disease, unspecified
- Prescribed Treatment: 
  - Medication: 
    - Losartan 50 mg, oral, daily, 30 tablets
    - Simvastatin 20 mg, oral, nightly, 30 tablets
- Lifestyle Change: 
  - Exercise: Encouraged to perform gentle exercise like walking for 15-20 minutes daily
  - Diet: Low sodium diet with high fiber, whole grains, and vegetables
  - Tobacco Use: Advised to quit smoking, currently smokes half a pack per day
  - Alcohol Use: Advised to avoid alcohol consumption
- Follow-up Recommendations: Return for follow-up in 1 month to reassess condition and adjust treatment
- Referral to Specialist: 
  - Cardiologist, Dr. Lee, for detailed cardiac evaluation including potential echocardiogram and Holter monitoring
  - Reason for Referral: Specific assessment of cardiac function and rhythm disturbances

** Medical History **: 
- Previous Diagnoses: Type 2 Diabetes (diagnosed 10 years ago), Chronic Kidney Disease Stage 2
- Family Medical History: Brother with stroke, Mother had heart disease
- Medication History: Metformin 500 mg BID for diabetes
- Allergies: Shellfish (causes hives)
- Chronic Conditions: Type 2 Diabetes, Chronic Kidney Disease

** Symptom Description **: 
- Severity: Severe
- Duration: 1 week
- Associated Symptoms: Persistent chest pain, palpitations, and severe shortness of breath
- Frequency: Chest pain occurring daily, especially in the evening
- Impact on Daily Activities: Severe limitation on daily activities, unable to perform household chores or walk more than a few steps without discomfort

** Patient’s self-reported habits and lifestyle **: 
- Sleep: Reports poor sleep quality, wakes up frequently throughout the night
- Diet: Limited access to fresh food, predominantly relies on canned foods and instant meals 
- Exercise: Little to no physical activity 
- Tobacco Use: Smokes half a pack of cigarettes per day, has been smoking for 40 years
- Alcohol Consumption: Drinks socially, about once a month
- Drug Use: Denies any illicit drug use
- Recreational Activities: Enjoys watching television and knitting

** Demographic Information **: 
- Big City vs Small City: Lives in a small rural town 
- Pollution and Environmental Health Risks: Low pollution, but limited healthcare facilities and resources
- Neighborhood Type: Impoverished neighborhood with poor transit and limited access to healthy food options

** Clinical Setting **: Community Health Services

** Type of Encounter **: Emergency Visit

** Treatment Disparities **: Limited access to advanced healthcare facilities due to geographical location and socio-economic status

** Native or Non-Native English Speaking Patient **: Non-Native English Speaking

** Physical exams **: 
- Cardiovascular: Irregular heart rhythm, possible S3 gallop, mild jugular venous distension
- Respiratory: Bilateral wheezes, effort noted
- Abdomen: Soft, nontender, no hepatosplenomegaly
- Extremities: Mild bilateral lower extremity edema, pulses weak but palpable
- General: Uncomfortable, appears pale and anxious

** Investigation/Test results **: 
- Awaiting:
  - ECG: To be performed today
  - Blood tests: Complete blood count (CBC), basic metabolic panel (BMP), cardiac enzymes
  - Imaging: Chest X-ray for initial evaluation

** Current Condition **: Unstable, advised to rest and avoid physical exertion until further evaluation by a cardiologist"|"#####
**1. Subjective:**

**Chief Complaint (CC):** 
Persistent chest pain and palpitations.

**History of Present Illness (HPI):**
The patient, a 60-year-old Asian female, presents with a one-week history of severe chest pain, palpitations, and severe shortness of breath. The chest pain occurs daily, primarily in the evenings, and significantly limits her daily activities. She reports that she can no longer perform household chores or walk more than a few steps without discomfort.

**Review of Systems (ROS):**
- Cardiovascular: Reports persistent chest pain and palpitations.
- Respiratory: Severe shortness of breath.
- General: Poor sleep quality, waking up frequently throughout the night.

**2. Objective:**

**Vital Signs:**

| Parameter                | Value     |
|--------------------------|-----------|
| Blood Pressure           | 150/95 mmHg |
| Heart Rate               | 110 bpm    |
| Respiratory Rate         | 22 breaths/min |
| Temperature              | 98.6 °F    |
| Oxygen Saturation (SpO2) | 94% on room air |

**Physical Exam:**

- **Cardiovascular:** Irregular heart rhythm noted, possible S3 gallop, mild jugular venous distension.
- **Respiratory:** Bilateral wheezes, effort noted.
- **Abdomen:** Soft, nontender, and no hepatosplenomegaly.
- **Extremities:** Mild bilateral lower extremity edema, pulses weak but palpable.
- **General:** The patient appears uncomfortable, pale, and anxious.

**3. Assessment:**

- Heart disease, unspecified: The precise nature of the cardiac issue will be further investigated with referral to a cardiologist.
- Type 2 Diabetes: Chronic management with Metformin, though the possibility of cardiac complications related to diabetes must be considered.
- Chronic Kidney Disease Stage 2: Ongoing condition that may complicate cardiac treatment.
- History of tobacco use, which is a significant risk factor for cardiovascular disease.

**4. Plan:**

**Medication:**
- Losartan 50 mg orally, daily, 30 tablets.
- Simvastatin 20 mg orally, nightly, 30 tablets.

**Lifestyle Changes:**
- **Exercise:** Encouraged to perform gentle exercise like walking for 15-20 minutes daily.
- **Diet:** Advised to follow a low sodium diet with high fiber, whole grains, and vegetables.
- **Tobacco Use:** Strongly advised to quit smoking; smoking cessation support to be provided.
- **Alcohol Use:** Advised to avoid alcohol consumption.

**Follow-Up Recommendations:**
- Return for follow-up in 1 month to reassess condition and adjust treatment.
- Referral to cardiologist, Dr. Lee, for detailed cardiac evaluation, including a potential echocardiogram and Holter monitoring due to irregular heart rhythm and persistent symptoms.

**Investigations:**
- Awaiting ECG to be performed today.
- Blood tests including CBC, BMP, and cardiac enzymes are pending.
- Chest X-ray for initial evaluation.

**Current Condition:**
- Unstable, advised to rest and avoid physical exertion until further evaluation by a cardiologist is completed.

**Instructions to Patient:**
- Ensure adherence to medication regimen.
- Follow the recommended lifestyle changes.
- Keep a symptom diary, noting any episodes of chest pain, palpitations, or shortness of breath.
- Contact emergency services if symptoms worsen or if new symptoms like severe chest pain, dizziness, or fainting occur.

**Referrals:**
- Cardiologist, Dr. Lee, for detailed cardiac evaluation.
#####"|"**1. Subjective:**

**Chief Complaint (CC):** 
Persistent chest pain and palpitations.

**History of Present Illness (HPI):**
The patient, a 60-year-old Asian female, presents with a one-week history of severe chest pain, palpitations, and severe shortness of breath. The chest pain occurs daily, primarily in the evenings, and significantly limits her daily activities. She reports that she can no longer perform household chores or walk more than a few steps without discomfort.

**Review of Systems (ROS):**
- Cardiovascular: Reports persistent chest pain and palpitations.
- Respiratory: Severe shortness of breath.
- General: Poor sleep quality, waking up frequently throughout the night.

**2. Objective:**

**Vital Signs:**

| Parameter                | Value     |
|--------------------------|-----------|
| Blood Pressure           | 150/95 mmHg |
| Heart Rate               | 110 bpm    |
| Respiratory Rate         | 22 breaths/min |
| Temperature              | 98.6 °F    |
| Oxygen Saturation (SpO2) | 94% on room air |

**Physical Exam:**

- **Cardiovascular:** Irregular heart rhythm noted, possible S3 gallop, mild jugular venous distension.
- **Respiratory:** Bilateral wheezes, effort noted.
- **Abdomen:** Soft, nontender, and no hepatosplenomegaly.
- **Extremities:** Mild bilateral lower extremity edema, pulses weak but palpable.
- **General:** The patient appears uncomfortable, pale, and anxious.

**3. Assessment:**

- Heart disease, unspecified: The precise nature of the cardiac issue will be further investigated with referral to a cardiologist.
- Type 2 Diabetes: Chronic management with Metformin, though the possibility of cardiac complications related to diabetes must be considered.
- Chronic Kidney Disease Stage 2: Ongoing condition that may complicate cardiac treatment.
- History of tobacco use, which is a significant risk factor for cardiovascular disease.

**4. Plan:**

**Medication:**
- Losartan 50 mg orally, daily, 30 tablets.
- Simvastatin 20 mg orally, nightly, 30 tablets.

**Lifestyle Changes:**
- **Exercise:** Encouraged to perform gentle exercise like walking for 15-20 minutes daily.
- **Diet:** Advised to follow a low sodium diet with high fiber, whole grains, and vegetables.
- **Tobacco Use:** Strongly advised to quit smoking; smoking cessation support to be provided.
- **Alcohol Use:** Advised to avoid alcohol consumption.

**Follow-Up Recommendations:**
- Return for follow-up in 1 month to reassess condition and adjust treatment.
- Referral to cardiologist, Dr. Lee, for detailed cardiac evaluation, including a potential echocardiogram and Holter monitoring due to irregular heart rhythm and persistent symptoms.

**Investigations:**
- ECG to be performed today.
- Blood tests including CBC, BMP, and cardiac enzymes are pending.
- Chest X-ray for initial evaluation.

**Current Condition:**
- Unstable, advised to rest and avoid physical exertion until further evaluation by a cardiologist is completed.

**Instructions to Patient:**
- Ensure adherence to medication regimen.
- Follow the recommended lifestyle changes.
- Keep a symptom diary, noting any episodes of chest pain, palpitations, or shortness of breath.
- Contact emergency services if symptoms worsen or if new symptoms like severe chest pain, dizziness, or fainting occur.

**Referrals:**
- Cardiologist, Dr. Lee, for detailed cardiac evaluation."|"**1. Subjective:**

**CC:** 
Persistent CP and palpitations.

**HPI:**
The pt, a 60 y/o Asian F, presents with a 1-week hx of severe CP, palpitations, and severe SOB. The CP occurs daily, primarily in the evenings, and significantly limits her ADLs. She reports that she can no longer perform household chores or walk more than a few steps without discomfort.

**ROS:**
- CV: Reports persistent CP and palpitations.
- Resp: Severe SOB.
- Gen: Poor sleep quality, waking up frequently throughout the night.

**2. Objective:**

**VS:**

| Parameter                | Value     |
|--------------------------|-----------|
| BP                       | 150/95 mmHg |
| HR                       | 110 bpm    |
| RR                       | 22 breaths/min |
| Temp                     | 98.6 °F    |
| SpO2                     | 94% on RA  |

**PE:**

- **CV:** Irregular heart rhythm noted, possible S3 gallop, mild JVD.
- **Resp:** Bilateral wheezes, effort noted.
- **Abd:** Soft, NT, and no HSM.
- **Ext:** Mild BLE edema, pulses weak but palpable.
- **Gen:** The pt appears uncomfortable, pale, and anxious.

**3. Assessment:**

- Heart disease, unspecified: The precise nature of the cardiac issue will be further investigated with referral to a cardiologist.
- T2DM: Chronic mgmt with Metformin, though the possibility of cardiac complications related to diabetes must be considered.
- CKD Stage 2: Ongoing condition that may complicate cardiac treatment.
- Hx of tobacco use, which is a significant risk factor for CVD.

**4. Plan:**

**Rx:**
- Losartan 50 mg PO QD, 30 tabs.
- Simvastatin 20 mg PO QHS, 30 tabs.

**Lifestyle Changes:**
- **Exercise:** Encouraged to perform gentle exercise like walking for 15-20 mins daily.
- **Diet:** Advised to follow a low Na diet with high fiber, whole grains, and vegetables.
- **Tobacco Use:** Strongly advised to quit smoking; smoking cessation support to be provided.
- **Alcohol Use:** Advised to avoid EtOH consumption.

**F/U Recommendations:**
- Return for F/U in 1 month to reassess condition and adjust treatment.
- Referral to cardiologist, Dr. Lee, for detailed cardiac eval, including a potential echo and Holter monitoring due to irregular heart rhythm and persistent symptoms.

**Investigations:**
- ECG to be performed today.
- Blood tests including CBC, BMP, and cardiac enzymes are pending.
- CXR for initial eval.

**Current Condition:**
- Unstable, advised to rest and avoid physical exertion until further eval by a cardiologist is completed.

**Instructions to Pt:**
- Ensure adherence to med regimen.
- Follow the recommended lifestyle changes.
- Keep a symptom diary, noting any episodes of CP, palpitations, or SOB.
- Contact emergency services if symptoms worsen or if new symptoms like severe CP, dizziness, or syncope occur.

**Referrals:**
- Cardiologist, Dr. Lee, for detailed cardiac eval."|Family Medicine Physician|"[doctor] Hello, it's good to see you today. I see from my notes that you're experiencing some persistent chest pain and palpitations. Could you tell me more about that?

[patient] Yes, Doctor. It started about a week ago. I've been having severe chest pain and palpitations.

[doctor] Hmm, I see. Can you describe the chest pain for me? When does it usually occur?

[patient] It happens mostly in the evenings and it's been happening daily. The pain is really severe.

[doctor] I understand. Does the chest pain limit your activities?

[patient] Yes, definitely. I can't do my household chores or even walk more than a few steps without feeling discomfort.

[doctor] Alright, that sounds very concerning. Have you noticed any other symptoms?

[patient] I've also been having severe shortness of breath. It's really hard to breathe sometimes.

[doctor] Okay. And how has your sleep been? Are you able to sleep through the night?

[patient] No, I have poor sleep quality. I wake up frequently throughout the night.

[doctor] That must be very difficult. Have you noticed any other symptoms, such as swelling in your legs or feet?

[patient] Yes, actually. I've noticed some swelling in my legs.

[doctor] Hmm, thank you for sharing that. Now, let's go over your vital signs. Your blood pressure is 150/95 mmHg, your heart rate is 110 bpm, your respiratory rate is 22 breaths per minute, your temperature is 98.6 °F, and your oxygen saturation is 94% on room air. 

[patient] Is that bad?

[doctor] Your blood pressure and heart rate are elevated, which is concerning given your symptoms. Now, let me perform a physical examination. I'll start with your heart. 

[doctor] (Performing examination) I can hear an irregular heart rhythm and there's a possible S3 gallop. There's also mild jugular venous distension. Let me check your lungs now.

[doctor] (Performing examination) I hear bilateral wheezes, and it seems like you're putting in a lot of effort to breathe. How about your abdomen—any pain there?

[patient] No, my abdomen feels fine.

[doctor] (Performing examination) Your abdomen is soft and nontender, and there's no hepatosplenomegaly. Now, let's look at your legs.

[doctor] (Performing examination) There’s mild bilateral lower extremity edema, and your pulses are weak but palpable. You do appear uncomfortable, pale, and anxious. 

[patient] Yes, I feel very uneasy.

[doctor] Based on what you've told me and the physical examination, it looks like we have a few issues to address. You have a history of heart disease, type 2 diabetes, and chronic kidney disease stage 2, which complicates things. You also have a history of tobacco use, which is a significant risk factor for cardiovascular disease.

[patient] Yes, I know I need to quit smoking.

[doctor] Absolutely, quitting smoking is very important. For now, I’m going to prescribe you Losartan 50 mg daily and Simvastatin 20 mg nightly. 

[patient] Okay, I will take those.

[doctor] I also recommend you start gentle exercises like walking for 15-20 minutes daily. Follow a low-sodium diet high in fiber, whole grains, and vegetables. And avoid alcohol consumption.

[patient] I will try to do that.

[doctor] We'll need to follow up in one month to reassess your condition and possibly adjust your treatment. I’ll also refer you to a cardiologist, Dr. Lee, for a detailed cardiac evaluation, including a potential echocardiogram and Holter monitoring.

[patient] Alright, I will see Dr. Lee.

[doctor] I’ve ordered an ECG for you today, and we’ll also do blood tests including CBC, BMP, and cardiac enzymes. Additionally, a chest X-ray will be done for an initial evaluation.

[patient] What should I do in the meantime?

[doctor] Ensure adherence to your medication regimen and follow the recommended lifestyle changes. Keep a symptom diary noting any episodes of chest pain, palpitations, or shortness of breath. Contact emergency services if your symptoms worsen or if new symptoms like severe chest pain, dizziness, or fainting occur.

[patient] Okay, I will do that.

[doctor] Lastly, I’ll provide support for smoking cessation. It’s crucial for your heart health.

[patient] Thank you, Doctor.

[doctor] You're welcome. Do you have any other questions?

[patient] No, that's all for now.

[doctor] Alright, take care and rest as much as you can until you see Dr. Lee. We’ll take it one step at a time.

[patient] Thank you, Doctor.

[doctor] Take care."|"[doctor] Hello, it's good to see you today. I see from my notes that you're experiencing some persistent chest pain and palpitations. Could you tell me more about that?

[patient] Yes, Doctor. It started about a week ago. I've been having severe chest pain and palpitations.

[doctor] Hmm, I see. Can you describe the chest pain for me? When does it usually occur?

[patient] It happens mostly in the evenings and it's been happening daily. The pain is really severe.

[doctor] I understand. Does the chest pain limit your activities?

[patient] Yes, definitely. I can't do my household chores or even walk more than a few steps without feeling discomfort.

[doctor] Alright, that sounds very concerning. Have you noticed any other symptoms?

[patient] I've also been having severe shortness of breath. It's really hard to breathe sometimes.

[doctor] Okay. And how has your sleep been? Are you able to sleep through the night?

[patient] No, I have poor sleep quality. I wake up frequently throughout the night.

[doctor] That must be very difficult. Have you noticed any other symptoms, such as swelling in your legs or feet?

[patient] Yes, actually. I've noticed some swelling in my legs.

[doctor] Hmm, thank you for sharing that. Now, let's go over your vital signs. Your blood pressure is 150/95 mmHg, your heart rate is 110 bpm, your respiratory rate is 22 breaths per minute, your temperature is 98.6 °F, and your oxygen saturation is 94% on room air. 

[patient] Is that bad?

[doctor] Your blood pressure and heart rate are elevated, which is concerning given your symptoms. Now, let me perform a physical examination. I'll start with your heart. 

[doctor] (Performing examination) I can hear an irregular heart rhythm and there's a possible S3 gallop. There's also mild jugular venous distension. Let me check your lungs now.

[doctor] (Performing examination) I hear bilateral wheezes, and it seems like you're putting in a lot of effort to breathe. How about your abdomen—any pain there?

[patient] No, my abdomen feels fine.

[doctor] (Performing examination) Your abdomen is soft and nontender, and there's no hepatosplenomegaly. Now, let's look at your legs.

[doctor] (Performing examination) There’s mild bilateral lower extremity edema, and your pulses are weak but palpable. You do appear uncomfortable, pale, and anxious. 

[patient] Yes, I feel very uneasy.

[doctor] Based on what you've told me and the physical examination, it looks like we have a few issues to address. You have a history of heart disease, type 2 diabetes, and chronic kidney disease stage 2, which complicates things. You also have a history of tobacco use, which is a significant risk factor for cardiovascular disease.

[patient] Yes, I know I need to quit smoking.

[doctor] Absolutely, quitting smoking is very important. For now, I’m going to prescribe you Losartan 50 mg daily and Simvastatin 20 mg nightly. 

[patient] Okay, I will take those.

[doctor] I also recommend you start gentle exercises like walking for 15-20 minutes daily. Follow a low-sodium diet high in fiber, whole grains, and vegetables. And avoid alcohol consumption.

[patient] I will try to do that.

[doctor] We'll need to follow up in one month to reassess your condition and possibly adjust your treatment. I’ll also refer you to a cardiologist, Dr. Lee, for a detailed cardiac evaluation, including a potential echocardiogram and Holter monitoring.

[patient] Alright, I will see Dr. Lee.

[doctor] I’ve ordered an ECG for you today, and we’ll also do blood tests including CBC, BMP, and cardiac enzymes. Additionally, a chest X-ray will be done for an initial evaluation.

[patient] What should I do in the meantime?

[doctor] Ensure adherence to your medication regimen and follow the recommended lifestyle changes. Keep a symptom diary noting any episodes of chest pain, palpitations, or shortness of breath. Contact emergency services if your symptoms worsen or if new symptoms like severe chest pain, dizziness, or fainting occur.

[patient] Okay, I will do that.

[doctor] Lastly, I’ll provide support for smoking cessation. It’s crucial for your heart health.

[patient] Thank you, Doctor.

[doctor] You're welcome. Do you have any other questions?

[patient] No, that's all for now.

[doctor] Alright, take care and rest as much as you can until you see Dr. Lee. We’ll take it one step at a time.

[patient] Thank you, Doctor.

[doctor] Take care."
HEART DISEASE, UNSPECIFIED|"ROLE: Cardiologist

1) Medical Outcome:
   - Diagnosis: Heart disease, unspecified
   - Prescribed Treatment:
     - Medication:
         - Lisinopril 20 mg, oral, once daily, 30 tablets
         - Aspirin 81 mg, oral, once daily, 30 tablets
     - Referral to Specialist:
         - Referral to Dietitian (Jane Smith) for diet management and heart-healthy eating plan
         - Referral to Cardiac Electrophysiologist (Dr. Eric Johnson) for potential arrhythmia management
     - Follow-up Recommendations:
         - Follow-up in 3 weeks 
     - Imaging:
         - Echocardiogram to assess cardiac function
         - Cardiac MRI to evaluate structural abnormalities

2) Medical History: 
   - Previous Diagnoses: Obstructive Sleep Apnea, Coronary Artery Disease, Chronic Kidney Disease stage 3
   - Family Medical History: No significant cardiac conditions in immediate family
   - Medication History: Sildenafil 50 mg as needed, Albuterol inhaler as needed for asthma
   - Allergies: Penicillin allergy (rash)
   - Chronic Conditions: Chronic Kidney Disease, Obstructive Sleep Apnea, Asthma

3) Symptom Description: 
   - Severity: Severe 
   - Duration: 6 months
   - Associated Symptoms: Dizziness, fatigue, occasional syncopal episodes
   - Frequency: Daily symptoms, multiple times per day
   - Impact on Daily Activities: Unable to complete basic tasks, constant fatigue affects work performance significantly

4) Patient’s Self-Reported Habits and Lifestyle:
   - Sleep: Uses CPAP machine regularly, but still experiences daytime drowsiness
   - Diet: Admits to having a high-sodium diet; irregular meal times due to job schedule
   - Exercise: Very limited, short walks only; sedentary most times due to fatigue
   - Tobacco Use: Quit smoking 5 years ago after 15 years of smoking
   - Alcohol Consumption: Moderate, 3-4 glasses of wine per week
   - Drug Use: None reported

5) Demographic Information:
   - Age: 52 years old
   - Gender: Female
   - Ethnicity: African American
   - Socio-economic Status: Lower-middle class
   - Education Level: Some college education
   - Health Literacy: Low, requires detailed explanations
   - Job Status: Works part-time as a cashier

6) Patient's Behavior:
   - Generally receptive to medical advice, though struggles with adherence due to financial constraints

7) Geographical Location:
   - Small City
   - Urban environment with moderate pollution and poor air quality   
   - Neighborhood: Impoverished, limited access to fresh food and healthcare services
   
8) Clinical Setting:
   - Community Health Services

9) Type of Encounter:
   - Routine Check-up

10) Treatment Disparities:
   - Limited access to specialized treatments and diagnostic tools due to financial constraints

11) Native or Non-Native English Speaking Patient:
   - Native English Speaking

12) Physical Exams:
   - Cardiovascular: Irregular heartbeat, strong pedal pulses, no jugular venous distension
   - Respiratory: Mild wheezing bilaterally, slightly labored breathing
   - General: Moderately obese, tired appearance

13) Investigation/Test Results:
   - ECG performed, showing non-specific changes, further evaluation required"|"**1. Subjective:**

**Chief Complaint (CC):**
Severe heart disease symptoms.

**History of Present Illness (HPI):**
Ms. Johnson is a 52-year-old African American female presenting for evaluation of severe heart disease symptoms. She reports experiencing dizziness, fatigue, and occasional syncopal episodes over the past 6 months. Symptoms occur daily, multiple times per day, and significantly impact her ability to perform basic tasks and affect her work performance as a part-time cashier.

**Review of Systems (ROS):**
- Cardiovascular: Reports severe fatigue, dizziness, and occasional syncopal episodes.
- Respiratory: Uses CPAP machine for sleep apnea; experiences mild daytime wheezing and slightly labored breathing.
- General: Complains of severe fatigue and inability to complete basic tasks, especially those requiring physical exertion.

**Patient’s Self-Reported Habits and Lifestyle:**
- Sleep: Uses CPAP machine regularly, but experiences daytime drowsiness.
- Diet: High-sodium diet due to irregular meal times related to job schedule.
- Exercise: Very limited, participates in short walks only, mostly sedentary due to fatigue.
- Tobacco Use: Quit smoking 5 years ago after 15 years of smoking.
- Alcohol Consumption: Moderate, 3-4 glasses of wine per week.
- Drug Use: None reported.

**2. Objective:**

**Physical Exam:**
- Cardiovascular: Irregular heartbeat, strong pedal pulses, no jugular venous distension.
- Respiratory: Mild wheezing bilaterally, slightly labored breathing.
- General: Moderately obese, tired appearance.

**Investigation/Test Results:**
- ECG: Non-specific changes noted, further evaluation required.

**3. Assessment:**
Ms. Johnson is diagnosed with unspecified heart disease. Given her symptoms of dizziness, fatigue, and occasional syncope, potential differential diagnoses include arrhythmias and advanced heart failure, possibly exacerbated by her underlying coronary artery disease and chronic kidney disease.

**4. Plan:**
1. **Medication:**
   - Lisinopril 20 mg, oral, once daily, 30 tablets.
   - Aspirin 81 mg, oral, once daily, 30 tablets.

2. **Referrals:**
   - Referral to Dietitian (Jane Smith) for diet management and a heart-healthy eating plan.
   - Referral to Cardiac Electrophysiologist (Dr. Eric Johnson) for potential arrhythmia management.

3. **Follow-up Recommendations:**
   - Follow-up in 3 weeks to reassess symptoms and medication effectiveness.

4. **Imaging:**
   - Schedule an echocardiogram to assess cardiac function.
   - Cardiac MRI to evaluate for structural abnormalities.

**Patient Education:**
- Discussed the importance of medication adherence despite financial constraints and provided information on potential assistance programs.
- Emphasized the need for a heart-healthy diet and referred to a dietitian to work on a manageable and affordable nutrition plan.
- Advised moderate physical activity as tolerated and encouraged regular short walks to improve cardiovascular health.

**Follow-Up:**
- Schedule a follow-up appointment in 3 weeks to reassess symptoms, review test results, and adjust the treatment plan as needed.
  
**Documentation:**
- All findings and plans were thoroughly documented in the patient's medical record to ensure continuity of care and facilitate coordination with other healthcare providers.

**Patient Understanding:**
- Discussed the plan in detail with Ms. Johnson, ensuring she understood the recommendations. She demonstrated an understanding of the instructions provided.

**Conclusion:**
Ms. Johnson's heart disease management will require coordinated care with multiple specialists and adherence to prescribed medications and lifestyle modifications to improve her symptoms and overall health."|"**1. Subjective:**

**Chief Complaint (CC):**
Severe heart disease symptoms.

**History of Present Illness (HPI):**
Ms. Johnson is a 52-year-old African American female presenting for evaluation of severe heart disease symptoms. She reports experiencing dizziness, fatigue, and occasional syncopal episodes over the past 6 months. Symptoms occur daily, multiple times per day, and significantly impact her ability to perform basic tasks and affect her work performance as a part-time cashier.

**Review of Systems (ROS):**
- Cardiovascular: Reports severe fatigue, dizziness, and occasional syncopal episodes.
- Respiratory: Uses CPAP machine for sleep apnea; experiences mild daytime wheezing and slightly labored breathing.
- General: Complains of severe fatigue and inability to complete basic tasks, especially those requiring physical exertion.

**Patient’s Self-Reported Habits and Lifestyle:**
- Sleep: Uses CPAP machine regularly, but experiences daytime drowsiness.
- Diet: High-sodium diet due to irregular meal times related to job schedule.
- Exercise: Very limited, participates in short walks only, mostly sedentary due to fatigue.
- Tobacco Use: Quit smoking 5 years ago after 15 years of smoking.
- Alcohol Consumption: Moderate, 3-4 glasses of wine per week.
- Drug Use: None reported.

**2. Objective:**

**Physical Exam:**
- Cardiovascular: Irregular heartbeat, strong pedal pulses, no jugular venous distension.
- Respiratory: Mild wheezing bilaterally, slightly labored breathing.
- General: Moderately obese, tired appearance.

**Investigation/Test Results:**
- ECG: Non-specific changes noted, further evaluation required.

**3. Assessment:**
Ms. Johnson is diagnosed with unspecified heart disease. Given her symptoms of dizziness, fatigue, and occasional syncope, potential differential diagnoses include arrhythmias and advanced heart failure, possibly exacerbated by her underlying coronary artery disease and chronic kidney disease.

**4. Plan:**
1. **Medication:**
   - Lisinopril 20 mg, oral, once daily, 30 tablets.
   - Aspirin 81 mg, oral, once daily, 30 tablets.

2. **Referrals:**
   - Referral to Dietitian (Jane Smith) for diet management and a heart-healthy eating plan.
   - Referral to Cardiac Electrophysiologist (Dr. Eric Johnson) for potential arrhythmia management.

3. **Follow-up Recommendations:**
   - Follow-up in 3 weeks to reassess symptoms and medication effectiveness.

4. **Imaging:**
   - Schedule an echocardiogram to assess cardiac function.
   - Cardiac MRI to evaluate for structural abnormalities.

**Patient Education:**
- Discussed the importance of medication adherence despite financial constraints and provided information on potential assistance programs.
- Emphasized the need for a heart-healthy diet and referred to a dietitian to work on a manageable and affordable nutrition plan.
- Advised moderate physical activity as tolerated and encouraged regular short walks to improve cardiovascular health.

**Follow-Up:**
- Schedule a follow-up appointment in 3 weeks to reassess symptoms, review test results, and adjust the treatment plan as needed."|"**1. Subjective:**

**CC:**
Severe heart disease symptoms.

**HPI:**
Ms. Johnson is a 52-year-old African American female presenting for eval of severe heart disease symptoms. She reports experiencing dizziness, fatigue, and occasional syncopal episodes over the past 6 months. Symptoms occur daily, multiple times per day, and significantly impact her ability to perform ADLs and affect her work performance as a part-time cashier.

**ROS:**
- CV: Reports severe fatigue, dizziness, and occasional syncopal episodes.
- Resp: Uses CPAP for OSA; experiences mild daytime wheezing and slightly labored breathing.
- Gen: Complains of severe fatigue and inability to complete basic tasks, especially those requiring physical exertion.

**Patient’s Self-Reported Habits and Lifestyle:**
- Sleep: Uses CPAP regularly, but experiences daytime drowsiness.
- Diet: High-Na diet due to irregular meal times related to job schedule.
- Exercise: Very limited, participates in short walks only, mostly sedentary due to fatigue.
- Tobacco Use: Quit smoking 5 years ago after 15 years of smoking.
- ETOH: Moderate, 3-4 glasses of wine per week.
- Drug Use: None reported.

**2. Objective:**

**PE:**
- CV: Irregular heartbeat, strong pedal pulses, no JVD.
- Resp: Mild wheezing bilaterally, slightly labored breathing.
- Gen: Moderately obese, tired appearance.

**Investigation/Test Results:**
- ECG: Non-specific changes noted, further eval required.

**3. Assessment:**
Ms. Johnson is dx with unspecified heart disease. Given her symptoms of dizziness, fatigue, and occasional syncope, potential differential dx include arrhythmias and advanced HF, possibly exacerbated by her underlying CAD and CKD.

**4. Plan:**
1. **Rx:**
   - Lisinopril 20 mg PO QD, 30 tabs.
   - ASA 81 mg PO QD, 30 tabs.

2. **Referrals:**
   - Referral to RD (Jane Smith) for diet mgmt and a heart-healthy eating plan.
   - Referral to Cardiac EP (Dr. Eric Johnson) for potential arrhythmia mgmt.

3. **Follow-up Recommendations:**
   - F/U in 3 weeks to reassess symptoms and med effectiveness.

4. **Imaging:**
   - Schedule an echo to assess cardiac function.
   - Cardiac MRI to eval for structural abnormalities.

**Patient Education:**
- Discussed the importance of med adherence despite financial constraints and provided info on potential assistance programs.
- Emphasized the need for a heart-healthy diet and referred to an RD to work on a manageable and affordable nutrition plan.
- Advised moderate physical activity as tolerated and encouraged regular short walks to improve CV health.

**Follow-Up:**
- Schedule a F/U appt in 3 weeks to reassess symptoms, review test results, and adjust the tx plan as needed."|Cardiologist|"**Doctor:** Hello, Ms. Johnson. How are you today?

**Patient:** Hi, Doctor. I'm not doing too well. I've been having severe heart symptoms.

**Doctor:** I'm sorry to hear that. Can you tell me more about what's been going on?

**Patient:** Sure. Over the past six months, I've been feeling dizzy and extremely fatigued. Sometimes, I even pass out.

**Doctor:** That sounds very concerning. How often do these symptoms occur?

**Patient:** It happens every day, multiple times a day. It's really affecting my ability to do basic tasks and my job as a part-time cashier.

**Doctor:** I see. Let's go through some specific systems. How's your heart feeling? Any chest pain, palpitations, or anything like that?

**Patient:** No chest pain, but I do feel very fatigued and dizzy, and there's the occasional fainting.

**Doctor:** What about your breathing? Any issues there?

**Patient:** Yes, I use a CPAP machine for my sleep apnea, but during the day, I experience mild wheezing and slightly labored breathing.

**Doctor:** Got it. And generally, how are you feeling otherwise?

**Patient:** I'm just so tired all the time. I can't complete even simple tasks, especially anything that requires physical effort.

**Doctor:** Let's talk about your habits and lifestyle a bit. How's your sleep?

**Patient:** I use my CPAP machine regularly, but I still feel drowsy during the day.

**Doctor:** What about your diet?

**Patient:** It's not great. I have a high-sodium diet because my meal times are irregular due to my job schedule.

**Doctor:** How about exercise?

**Patient:** Very limited. I mostly just take short walks, but I feel too fatigued to do much more.

**Doctor:** Have you smoked before?

**Patient:** Yes, but I quit smoking 5 years ago after 15 years of smoking.

**Doctor:** Do you drink alcohol?

**Patient:** Moderately, about 3-4 glasses of wine per week.

**Doctor:** Any drug use?

**Patient:** No, none.

**Doctor:** Alright, thank you for sharing all that. I'll now proceed with a physical exam. Let me check your heart and lungs.

**Patient:** Okay.

**Doctor:** Your heartbeat is irregular, but you have strong pedal pulses and no jugular venous distension. Your breathing is slightly labored with mild wheezing bilaterally. You also appear moderately obese and tired.

**Patient:** That sounds about right.

**Doctor:** Let me review your ECG results. There are some non-specific changes, so we need to investigate further.

**Patient:** What do you think it could be?

**Doctor:** Based on your symptoms of dizziness, fatigue, and occasional syncope, it could be arrhythmias or advanced heart failure. Your underlying coronary artery disease and chronic kidney disease might be exacerbating the issue.

**Patient:** Oh, that's worrying.

**Doctor:** I understand. Let's discuss the plan. I'm prescribing Lisinopril 20 mg once daily and Aspirin 81 mg once daily. 

**Patient:** Okay, I can do that.

**Doctor:** I'm also referring you to a dietitian, Jane Smith, to help manage your diet and create a heart-healthy eating plan.

**Patient:** That sounds helpful.

**Doctor:** Additionally, I'll refer you to a cardiac electrophysiologist, Dr. Eric Johnson, to manage any potential arrhythmias.

**Patient:** Alright.

**Doctor:** We'll need to schedule an echocardiogram to assess your cardiac function and a cardiac MRI to check for any structural abnormalities.

**Patient:** Will do.

**Doctor:** Please follow up with me in 3 weeks so we can reassess your symptoms and the effectiveness of the medications.

**Patient:** Got it.

**Doctor:** I want to stress the importance of taking your medications as prescribed, even if there are financial constraints. There are assistance programs that can help.

**Patient:** I understand.

**Doctor:** Also, it’s crucial to maintain a heart-healthy diet. The dietitian will work with you on an affordable plan.

**Patient:** Okay.

**Doctor:** Try to engage in moderate physical activity as tolerated. Regular short walks can improve your cardiovascular health.

**Patient:** I'll try my best.

**Doctor:** Do you have any questions about the plan?

**Patient:** No, I think I understand everything.

**Doctor:** Great. We’ll document all of this in your medical record for continuity of care and coordination with other healthcare providers.

**Patient:** Thank you, Doctor.

**Doctor:** You're welcome. Remember, your heart disease management requires coordinated care and adherence to prescribed medications and lifestyle modifications. Follow up in 3 weeks, and we'll review your progress.

**Patient:** I will. Thank you for your help.

**Doctor:** Take care, Ms. Johnson. See you in 3 weeks."|"[doctor]: Hello, Ms. Johnson. How are you today?

[patient]: Hi, Doctor. I'm not doing too well. I've been having severe heart symptoms.

[doctor]: I'm sorry to hear that. Can you tell me more about what's been going on?

[patient]: Sure. Over the past six months, I've been feeling dizzy and extremely fatigued. Sometimes, I even pass out.

[doctor]: That sounds very concerning. How often do these symptoms occur?

[patient]: It happens every day, multiple times a day. It's really affecting my ability to do basic tasks and my job as a part-time cashier.

[doctor]: I see. Let's go through some specific systems. How's your heart feeling? Any chest pain, palpitations, or anything like that?

[patient]: No chest pain, but I do feel very fatigued and dizzy, and there's the occasional fainting.

[doctor]: Hmm, what about your breathing? Any issues there?

[patient]: Yes, I use a CPAP machine for my sleep apnea, but during the day, I experience mild wheezing and slightly labored breathing.

[doctor]: Got it. And generally, how are you feeling otherwise?

[patient]: I'm just so tired all the time. I can't complete even simple tasks, especially anything that requires physical effort.

[doctor]: Let's talk about your habits and lifestyle a bit. How's your sleep?

[patient]: I use my CPAP machine regularly, but I still feel drowsy during the day.

[doctor]: What about your diet?

[patient]: It's not great. I have a high-sodium diet because my meal times are irregular due to my job schedule.

[doctor]: How about exercise?

[patient]: Very limited. I mostly just take short walks, but I feel too fatigued to do much more.

[doctor]: Have you smoked before?

[patient]: Yes, but I quit smoking 5 years ago after 15 years of smoking.

[doctor]: Do you drink alcohol?

[patient]: Moderately, about 3-4 glasses of wine per week.

[doctor]: Any drug use?

[patient]: No, none.

[doctor]: Alright, thank you for sharing all that. I'll now proceed with a physical exam. Let me check your heart and lungs.

[patient]: Okay.

[doctor]: Your heartbeat is irregular, but you have strong pedal pulses and no jugular venous distension. Your breathing is slightly labored with mild wheezing bilaterally. You also appear moderately obese and tired.

[patient]: That sounds about right.

[doctor]: Let me review your ECG results. There are some non-specific changes, so we need to investigate further.

[patient]: What do you think it could be?

[doctor]: Based on your symptoms of dizziness, fatigue, and occasional syncope, it could be arrhythmias or advanced heart failure. Your underlying coronary artery disease and chronic kidney disease might be exacerbating the issue.

[patient]: Oh, that's worrying.

[doctor]: I understand. Let's discuss the plan. I'm prescribing Lisinopril 20 mg once daily and Aspirin 81 mg once daily. 

[patient]: Okay, I can do that.

[doctor]: I'm also referring you to a dietitian, Jane Smith, to help manage your diet and create a heart-healthy eating plan.

[patient]: That sounds helpful.

[doctor]: Additionally, I'll refer you to a cardiac electrophysiologist, Dr. Eric Johnson, to manage any potential arrhythmias.

[patient]: Alright.

[doctor]: We'll need to schedule an echocardiogram to assess your cardiac function and a cardiac MRI to check for any structural abnormalities.

[patient]: Will do.

[doctor]: Please follow up with me in 3 weeks so we can reassess your symptoms and the effectiveness of the medications.

[patient]: Got it.

[doctor]: I want to stress the importance of taking your medications as prescribed, even if there are financial constraints. There are assistance programs that can help.

[patient]: I understand.

[doctor]: Also, it’s crucial to maintain a heart-healthy diet. The dietitian will work with you on an affordable plan.

[patient]: Okay.

[doctor]: Try to engage in moderate physical activity as tolerated. Regular short walks can improve your cardiovascular health.

[patient]: I'll try my best.

[doctor]: Do you have any questions about the plan?

[patient]: No, I think I understand everything.

[doctor]: Great. We’ll document all of this in your medical record for continuity of care and coordination with other healthcare providers.

[patient]: Thank you, Doctor.

[doctor]: You're welcome. Remember, your heart disease management requires coordinated care and adherence to prescribed medications and lifestyle modifications. Follow up in 3 weeks, and we'll review your progress.

[patient]: I will. Thank you for your help.

[doctor]: Take care, Ms. Johnson. See you in 3 weeks."
HEART DISEASE, UNSPECIFIED|"ROLE: Cardiologist

Demographic Information:
- Age: 65
- Gender: Male
- Ethnicity: Caucasian
- Socio-economic Status: Middle class
- Education Level: High school graduate
- Health Literacy: Moderate
- Job Status: Retired

Symptom Description:
- Severity: Moderate to Severe
- Duration: 3 months
- Associated Symptoms: Shortness of breath, occasional chest pain, fatigue
- Frequency: Daily
- Impact on Daily Activities: Significant restriction in physical activities, difficulty walking short distances

Patient’s self-reported habits and lifestyle:
- Sleep: Poor quality, frequent waking
- Diet: High in saturated fats, low in fruits and vegetables
- Exercise: Sedentary
- Tobacco Use: Smoked 2 packs/day for 30 years, quit 5 years ago
- Alcohol Consumption: Occasional, 1-2 drinks/week
- Drug Use: Denies
- Recreational Activities: Limited due to symptoms

Medical History:
- Previous Diagnoses: Hypertension, Hyperlipidemia
- Family Medical History: Father had a myocardial infarction at age 70
- Medication History: Currently on Lisinopril 10 mg once daily for hypertension, Atorvastatin 20 mg once daily for hyperlipidemia
- Allergies: No known drug allergies
- Chronic Conditions: Hypertension, Hyperlipidemia

Patient's Behavior:
- Cooperation: Generally compliant with medical advice but struggles with lifestyle changes

Geographical Location:
- Big City vs Small City: Small City
- Rural vs Urban: Rural
- Pollution and Environmental Health Risks: Low pollution levels, no significant environmental health risks
- Neighborhood Type: Moderate-income area, limited access to public transportation, limited access to high-quality fresh food (food desert)

Clinical Setting:
- Private Practice

Type of Encounter:
- Initial Consultation

Treatment Disparities:
- None identified

Native or Non-Native English Speaking Patient:
- Native English Speaking Patient

Physical exams:
- Cardiac Exam: Regular rhythm, no murmurs, gallops, or rubs; however, reduced breath sounds in the lower lobes bilaterally.
- Pulmonary Exam: Mild bibasilar crackles
- Extremities: Mild edema in lower extremities, no cyanosis or clubbing.

Investigation/Test results:
- EKG: Shows evidence of left ventricular hypertrophy (LVH)
- Blood Work: CBC, Basic Metabolic Panel (BMP), Lipid Panel, and TSH ordered
- Imaging: Chest X-ray to evaluate for any potential heart enlargement or other thoracic abnormalities
- Echocardiogram: Ordered to assess ejection fraction, wall motion abnormalities, and valvular function

Medical Outcome:
- Diagnosis: Heart disease, unspecified (ICD-10: I51.9)
- Prescribed Treatment: 
  * Medication Adjustment: Metoprolol 25 mg oral, twice daily (immediate release), Furosemide 20 mg oral once daily
- Follow-up Recommendations: Follow-up appointment in 1 month to review symptoms and test results.
- Referral to specialists: Referred to a dietitian for dietary counseling and a cardiac rehabilitation specialist for a supervised exercise program, Dr. Susan Harris, Dietitian
- Lifestyle Changes: Strongly advised to adhere to a low-sodium, heart-healthy diet, reduce alcohol intake, and engage in regular, gentle physical activity as tolerated. 

The plan is to further manage symptoms and prevent disease progression through medication management, lifestyle modification, and close monitoring."|"#####
**1. Subjective:**
   - Chief Complaint (CC): Shortness of breath, occasional chest pain, and fatigue.
   - History of Present Illness (HPI): 
       - The patient is a 65-year-old Caucasian male who reports experiencing moderate to severe shortness of breath, occasional chest pain, and significant fatigue for the past 3 months. These symptoms occur daily and have significantly limited his physical activities, making it difficult to walk short distances. He has a history of hypertension and hyperlipidemia, for which he is currently taking Lisinopril and Atorvastatin.
   - Review of Systems (ROS):
       - Cardiovascular: Reports occasional chest pain, palpitations.
       - Respiratory: Shortness of breath, especially with exertion.
       - General: Fatigue, poor sleep quality.

**2. Objective:**
   - Vital Signs:
       - Blood Pressure: 146/88 mmHg
       - Heart Rate: 82 beats per minute
       - Respiratory Rate: 18 breaths per minute
       - Oxygen Saturation: 95% on room air
   - Physical Examination:
       - Cardiac Exam: Regular rhythm, no murmurs, gallops, or rubs; reduced breath sounds in the lower lobes bilaterally.
       - Pulmonary Exam: Mild bibasilar crackles.
       - Extremities: Mild edema in lower extremities, no cyanosis or clubbing.

**3. Assessment:**
   - Heart disease, unspecified (ICD-10: I51.9)
       - Medical Reasoning: The patient presents with symptoms suggestive of heart disease, including shortness of breath, occasional chest pain, and fatigue. The EKG shows evidence of left ventricular hypertrophy (LVH), and the physical exam reveals mild bibasilar crackles and lower extremity edema, which are consistent with congestive heart failure.
       - Differential Diagnosis: Possible congestive heart failure, ischemic heart disease, or valvular heart disease will be further evaluated with an echocardiogram.

**4. Plan:**
   - Prescribed Treatment:
       - Medication Adjustment: 
           - Metoprolol 25 mg oral, twice daily (immediate release)
           - Furosemide 20 mg oral once daily
   - Diagnostic Workup:
       - Blood Work: CBC, Basic Metabolic Panel (BMP), Lipid Panel, and TSH ordered
       - Imaging: Chest X-ray to evaluate for any potential heart enlargement or other thoracic abnormalities
       - Echocardiogram: Ordered to assess ejection fraction, wall motion abnormalities, and valvular function
   - Referral to Specialists:
       - Referred to Dr. Susan Harris, Dietitian, for dietary counseling
       - Referred to a cardiac rehabilitation specialist for a supervised exercise program
   - Lifestyle Changes:
       - Strongly advised to adhere to a low-sodium, heart-healthy diet, reduce alcohol intake, and engage in regular, gentle physical activity as tolerated.
   - Follow-up Recommendations:
       - Follow-up appointment in 1 month to review symptoms and test results, adjust medications as necessary, and assess adherence to lifestyle modifications.

The plan is to manage symptoms and prevent disease progression through medication management, lifestyle modification, and close monitoring. The patient understands and agrees with the recommended medical treatment plan.
#####
"|"#####
**1. Subjective:**
   - Chief Complaint (CC): Shortness of breath, occasional chest pain, and fatigue.
   - History of Present Illness (HPI): 
       - The patient, Mr. John Smith, is a 65-year-old Caucasian male who reports experiencing moderate to severe shortness of breath, occasional chest pain, and significant fatigue for the past 3 months. These symptoms occur daily and have significantly limited his physical activities, making it difficult to walk short distances. He has a history of hypertension and hyperlipidemia, for which he is currently taking Lisinopril and Atorvastatin.
   - Review of Systems (ROS):
       - Cardiovascular: Reports occasional chest pain, palpitations.
       - Respiratory: Shortness of breath, especially with exertion.
       - General: Fatigue, poor sleep quality.

**2. Objective:**
   - Vital Signs:
       - Blood Pressure: 146/88 mmHg
       - Heart Rate: 82 beats per minute
       - Respiratory Rate: 18 breaths per minute
       - Oxygen Saturation: 95% on room air
   - Physical Examination:
       - Cardiac Exam: Regular rhythm, no murmurs, gallops, or rubs; reduced breath sounds in the lower lobes bilaterally.
       - Pulmonary Exam: Mild bibasilar crackles.
       - Extremities: Mild edema in lower extremities, no cyanosis or clubbing.

**3. Assessment:**
   - Heart disease, unspecified (ICD-10: I51.9)
       - Medical Reasoning: The patient presents with symptoms suggestive of heart disease, including shortness of breath, occasional chest pain, and fatigue. The EKG shows evidence of left ventricular hypertrophy (LVH), and the physical exam reveals mild bibasilar crackles and lower extremity edema, which are consistent with congestive heart failure.
       - Differential Diagnosis: Possible congestive heart failure, ischemic heart disease, or valvular heart disease will be further evaluated with an echocardiogram.

**4. Plan:**
   - Prescribed Treatment:
       - Medication Adjustment: 
           - Metoprolol 25 mg oral, twice daily (immediate release)
           - Furosemide 20 mg oral once daily
   - Diagnostic Workup:
       - Blood Work: CBC, Basic Metabolic Panel (BMP), Lipid Panel, and TSH ordered
       - Imaging: Chest X-ray to evaluate for any potential heart enlargement or other thoracic abnormalities
       - Echocardiogram: Ordered to assess ejection fraction, wall motion abnormalities, and valvular function
   - Referral to Specialists:
       - Referred to Dr. Susan Harris, Dietitian, for dietary counseling
       - Referred to Dr. Michael Thompson, Cardiac Rehabilitation Specialist, for a supervised exercise program
   - Lifestyle Changes:
       - Strongly advised to adhere to a low-sodium, heart-healthy diet, reduce alcohol intake, and engage in regular, gentle physical activity as tolerated.
   - Follow-up Recommendations:
       - Follow-up appointment in 1 month to review symptoms and test results, adjust medications as necessary, and assess adherence to lifestyle modifications.

The plan is to manage symptoms and prevent disease progression through medication management, lifestyle modification, and close monitoring. The patient understands and agrees with the recommended medical treatment plan.
#####"|"#####
**1. Subjective:**
   - CC: SOB, occasional CP, and fatigue.
   - HPI: 
       - Mr. John Smith, a 65 y/o Caucasian male, reports experiencing moderate to severe SOB, occasional CP, and significant fatigue for the past 3 months. These symptoms occur daily and have significantly limited his physical activities, making it difficult to walk short distances. He has a hx of HTN and HLD, for which he is currently taking Lisinopril and Atorvastatin.
   - ROS:
       - CV: Reports occasional CP, palpitations.
       - Resp: SOB, especially with exertion.
       - General: Fatigue, poor sleep quality.

**2. Objective:**
   - Vitals:
       - BP: 146/88 mmHg
       - HR: 82 bpm
       - RR: 18 bpm
       - O2 Sat: 95% on RA
   - PE:
       - Cardiac Exam: Regular rhythm, no murmurs, gallops, or rubs; reduced breath sounds in the lower lobes bilaterally.
       - Pulm Exam: Mild bibasilar crackles.
       - Extremities: Mild edema in lower extremities, no cyanosis or clubbing.

**3. Assessment:**
   - Heart disease, unspecified (ICD-10: I51.9)
       - Medical Reasoning: The patient presents with symptoms suggestive of heart disease, including SOB, occasional CP, and fatigue. The EKG shows evidence of LVH, and the PE reveals mild bibasilar crackles and lower extremity edema, which are consistent with CHF.
       - Differential Dx: Possible CHF, ischemic heart disease, or valvular heart disease will be further evaluated with an echo.

**4. Plan:**
   - Rx:
       - Med Adjustment: 
           - Metoprolol 25 mg PO BID (IR)
           - Furosemide 20 mg PO QD
   - Dx Workup:
       - Labs: CBC, BMP, Lipid Panel, and TSH ordered
       - Imaging: CXR to evaluate for any potential heart enlargement or other thoracic abnormalities
       - Echo: Ordered to assess EF, wall motion abnormalities, and valvular function
   - Referrals:
       - Referred to Dr. Susan Harris, RD, for dietary counseling
       - Referred to Dr. Michael Thompson, Cardiac Rehab Specialist, for a supervised exercise program
   - Lifestyle Changes:
       - Strongly advised to adhere to a low-Na, heart-healthy diet, reduce EtOH intake, and engage in regular, gentle physical activity as tolerated.
   - F/U Recommendations:
       - F/U appointment in 1 month to review symptoms and test results, adjust meds as necessary, and assess adherence to lifestyle modifications.

The plan is to manage symptoms and prevent disease progression through med mgmt, lifestyle modification, and close monitoring. The patient understands and agrees with the recommended medical treatment plan.
#####"|Cardiologist|"[doctor] Hi, how are you today? What brings you in?

[patient] Hi, doctor. I've been having some trouble with shortness of breath, occasional chest pain, and feeling very tired.

[doctor] I see. How long have these symptoms been bothering you?

[patient] It's been about three months now. The symptoms are there every day and it's getting really hard to even walk short distances.

[doctor] That sounds quite concerning. Can you tell me more about your chest pain? When does it usually occur?

[patient] It's not constant, but it happens occasionally. It feels like a tightness in my chest and it can be quite uncomfortable.

[doctor] I understand. Have you noticed any palpitations or irregular heartbeats?

[patient] Yes, sometimes I do feel like my heart is racing or skipping beats.

[doctor] And how about your breathing? Is it worse with exertion or at rest?

[patient] It definitely gets worse when I'm doing something, even just walking a short distance.

[doctor] Okay. How about your sleep? Are you sleeping well?

[patient] Not really. My sleep quality has been pretty poor lately.

[doctor] Let's talk about your medical history. I see from your records that you have hypertension and hyperlipidemia. Is that correct?

[patient] Yes, that's right. I've been taking Lisinopril and Atorvastatin for those.

[doctor] Okay, thank you for that information. Now, I want to take a look at your vital signs and do a quick physical exam. Your blood pressure today is 146/88 mmHg, heart rate is 82 beats per minute, respiratory rate is 18 breaths per minute, and your oxygen saturation is 95% on room air. These are important for us to know.

[patient] Okay, doctor.

[doctor] I'm going to listen to your heart and lungs now. Your cardiac exam shows a regular rhythm with no murmurs, gallops, or rubs, but there are reduced breath sounds in the lower lobes bilaterally. Your pulmonary exam reveals mild bibasilar crackles. You also have mild edema in your lower extremities, but there's no cyanosis or clubbing. Does any of this surprise you?

[patient] No, I guess that sounds about right. I have noticed my ankles swelling a bit.

[doctor] Based on your symptoms and the physical exam, I'm concerned that you may have some form of heart disease. We're going to need to do some tests to figure out exactly what's going on. These symptoms could be suggestive of congestive heart failure, ischemic heart disease, or valvular heart disease.

[patient] Oh, wow. What tests do I need to do?

[doctor] We'll start with some blood work, including a complete blood count (CBC), basic metabolic panel (BMP), lipid panel, and thyroid-stimulating hormone (TSH) test. I also want to get a chest X-ray to evaluate for any potential heart enlargement or other thoracic abnormalities, and an echocardiogram to assess your heart's function, such as ejection fraction, wall motion abnormalities, and valvular function.

[patient] That sounds like a lot, but I understand.

[doctor] I also want to adjust your medications. I'm going to prescribe Metoprolol 25 mg twice daily and Furosemide 20 mg once daily. These medications can help manage your symptoms and prevent further complications.

[patient] Okay, I'll take them as prescribed.

[doctor] In addition to the medications, I'm referring you to Dr. Susan Harris, a dietitian, for dietary counseling. A low-sodium, heart-healthy diet is crucial for managing your condition. I'll also refer you to a cardiac rehabilitation specialist for a supervised exercise program.

[patient] That sounds helpful. I've been trying to eat better, but I could use some guidance.

[doctor] That's great to hear. It's also important to reduce your alcohol intake and engage in regular, gentle physical activity as tolerated.

[patient] I can do that. I'll try my best.

[doctor] Excellent. We'll schedule a follow-up appointment in one month to review your symptoms and test results. We'll also adjust your medications as necessary and assess how well you're adhering to the lifestyle modifications.

[patient] Alright, thank you, doctor. I'll do everything I can.

[doctor] You're welcome. Do you have any other questions or concerns?

[patient] No, I think you've covered everything.

[doctor] Okay, if anything comes up or if your symptoms worsen, please don't hesitate to contact me. We'll see you in a month. Take care!

[patient] Thank you, doctor. I'll see you then."|"[doctor] Hi, how are you today? What brings you in?

[patient] Hi, doctor. I've been having some trouble with shortness of breath, occasional chest pain, and feeling very tired.

[doctor] Hmm, I see. How long have these symptoms been bothering you?

[patient] It's been about three months now. The symptoms are there every day and it's getting really hard to even walk short distances.

[doctor] That sounds quite concerning. Can you tell me more about your chest pain? When does it usually occur?

[patient] It's not constant, but it happens occasionally. It feels like a tightness in my chest and it can be quite uncomfortable.

[doctor] I understand. Have you noticed any palpitations or irregular heartbeats?

[patient] Yes, sometimes I do feel like my heart is racing or skipping beats.

[doctor] And how about your breathing? Is it worse with exertion or at rest?

[patient] It definitely gets worse when I'm doing something, even just walking a short distance.

[doctor] Hmm, okay. How about your sleep? Are you sleeping well?

[patient] Not really. My sleep quality has been pretty poor lately.

[doctor] Let's talk about your medical history. I see from your records that you have hypertension and hyperlipidemia. Is that correct?

[patient] Yes, that's right. I've been taking Lisinopril and Atorvastatin for those.

[doctor] Okay, thank you for that information. Now, I want to take a look at your vital signs and do a quick physical exam. Your blood pressure today is 146/88 mmHg, heart rate is 82 beats per minute, respiratory rate is 18 breaths per minute, and your oxygen saturation is 95% on room air. These are important for us to know.

[patient] Okay, doctor.

[doctor] I'm going to listen to your heart and lungs now. Your cardiac exam shows a regular rhythm with no murmurs, gallops, or rubs, but there are reduced breath sounds in the lower lobes bilaterally. Your pulmonary exam reveals mild bibasilar crackles. You also have mild edema in your lower extremities, but there's no cyanosis or clubbing. Does any of this surprise you?

[patient] No, I guess that sounds about right. I have noticed my ankles swelling a bit.

[doctor] Based on your symptoms and the physical exam, I'm concerned that you may have some form of heart disease. We're going to need to do some tests to figure out exactly what's going on. These symptoms could be suggestive of congestive heart failure, ischemic heart disease, or valvular heart disease.

[patient] Oh, wow. What tests do I need to do?

[doctor] We'll start with some blood work, including a complete blood count (CBC), basic metabolic panel (BMP), lipid panel, and thyroid-stimulating hormone (TSH) test. I also want to get a chest X-ray to evaluate for any potential heart enlargement or other thoracic abnormalities, and an echocardiogram to assess your heart's function, such as ejection fraction, wall motion abnormalities, and valvular function.

[patient] That sounds like a lot, but I understand.

[doctor] I also want to adjust your medications. I'm going to prescribe Metoprolol 25 mg twice daily and Furosemide 20 mg once daily. These medications can help manage your symptoms and prevent further complications.

[patient] Okay, I'll take them as prescribed.

[doctor] In addition to the medications, I'm referring you to Dr. Susan Harris, a dietitian, for dietary counseling. A low-sodium, heart-healthy diet is crucial for managing your condition. I'll also refer you to a cardiac rehabilitation specialist for a supervised exercise program.

[patient] That sounds helpful. I've been trying to eat better, but I could use some guidance.

[doctor] That's great to hear. It's also important to reduce your alcohol intake and engage in regular, gentle physical activity as tolerated.

[patient] I can do that. I'll try my best.

[doctor] Excellent. We'll schedule a follow-up appointment in one month to review your symptoms and test results. We'll also adjust your medications as necessary and assess how well you're adhering to the lifestyle modifications.

[patient] Alright, thank you, doctor. I'll do everything I can.

[doctor] You're welcome. Do you have any other questions or concerns?

[patient] No, I think you've covered everything.

[doctor] Okay, if anything comes up or if your symptoms worsen, please don't hesitate to contact me. We'll see you in a month. Take care!

[patient] Thank you, doctor. I'll see you then."
NEWBORN AFFECTED BY MATERNAL INFECTIOUS AND PARASITIC DISEASES|"ROLE: Neonatologist

**Scenario Values:**

1) Medical Outcome:
   - Diagnosis: Newborn affected by maternal infectious and parasitic diseases.
   - Prescribed Treatment: IV antibiotics administration, phototherapy for jaundice.
   - Follow-up recommendations: Weekly weight and developmental milestones checkups.
   - Referral to specialists: Infectious Disease Specialist for maternal disease management, Dr. Jenna Davis.
   - Blood Work: Complete Blood Count (CBC), Liver Function Tests (LFTs), Blood Culture.
   - Imaging: NA

2) Medical History:
   - Previous Diagnoses: Maternal Infection (details unexplained as focusing on newborn).
   - Family Medical History: No significant family medical history noted besides maternal infection.
   - Medication History: NA (newborn).
   - Allergies: NA (newborn).
   - Chronic Conditions: NA (newborn).

3) Symptom Description:
   - Severity: Mild to moderate symptoms observed post-birth.
   - Duration: Symptoms noticed within 24 hours of birth.
   - Associated Symptoms: Jaundice, lethargy, poor feeding.
   - Frequency: Persistent since birth.
   - Impact on Daily Activities: Difficulty breastfeeding, increased fussiness.

4) Patient’s self-reported habits and lifestyle:
    - Mother's habits prior to birth: Smoker, minimal prenatal care, lives in a food desert area with limited access to fresh fruits and vegetables.

5) Demographic Information:
   - Newborn: 2 days old, Male, Ethnicity: Hispanic.
   - Mother: Low socio-economic status, High school education level, limited health literacy, single mother, unemployed.

6) Patient's Behavior:
   - Newborn: Cooperative with medical interventions.
   - Mother: Cooperative but anxious, limited understanding of medical instructions.

7) Geographical Location:
   - Urban setting with high pollution, neighborhood type is impoverished, food desert area.

8) Clinical Setting:
   - Community Health Services

9) Type of Encounter:
   - Initial Consultation

10) Treatment Disparities:
    - Limited aggressive interventions due to cost concerns and assumptions about follow-up care compliance.

11) Native or Non-Native English Speaking Patient:
    - Non-Native English Speaking Mother, Spanish-speaking.

12) Physical exams:
    - Conducted comprehensive physical exam: noted jaundice, mild lethargy, weight less than the 10th percentile for age.

13) Investigation/Test results:
    - Awaiting: Blood Culture, CBC.
    - Liver Function Tests: Elevated Bilirubin.

The scenario focuses on the newborn and the maternal history affects the treatment and diagnosis plan."|"**1. Subjective:**

**Chief Complaint (CC):**
Newborn male, 2 days old, presents with jaundice, lethargy, and poor feeding since birth.

**History of Present Illness (HPI):**
The patient's symptoms were noted within 24 hours of birth, including jaundice, lethargy, and difficulty breastfeeding. The newborn has been persistently fussy and has demonstrated poor feeding since birth. 

**Review of Systems (ROS):**
- **Constitutional:** Lethargy, poor feeding.
- **Gastrointestinal:** Jaundice.
- **Behavioral:** Increased fussiness, difficulty breastfeeding.

**2. Objective:**

**Vital Signs:**
- Temperature: 36.7°C
- Heart Rate: 130 bpm
- Respiratory Rate: 40 breaths per minute
- Oxygen Saturation: 98% on room air
- Weight: Less than the 10th percentile for age

**Physical Examination:**
- **General:** Mildly lethargic, in no apparent distress.
- **Head:** Normocephalic, no fontanel bulging.
- **Eyes:** Scleral icterus noted.
- **Skin:** Jaundice evident, particularly on the face and upper body.
- **Abdomen:** Soft, non-tender, no hepatosplenomegaly noted.
- **Neurological:** Mildly responsive to stimuli, decreased muscle tone.
- **Respiratory:** Clear to auscultation bilaterally, no grunting or flaring.

**Results:**
- Blood Culture: Awaiting results
- CBC: Awaiting results
- Liver Function Tests: Elevated Bilirubin

**3. Assessment:**
Newborn male, 2 days old, presenting with jaundice, lethargy, and poor feeding, indicative of newborn affected by maternal infectious and parasitic diseases.

Differential Diagnosis:
1. Neonatal Sepsis
2. Hyperbilirubinemia (Jaundice)
3. Possible metabolic disorder secondary to maternal infection

**4. Plan:**

**Medical Treatment:**
- Start IV antibiotics to manage possible infection.
- Initiate phototherapy to address hyperbilirubinemia (jaundice).
- Monitor vital signs and clinical status regularly.

**Investigations:**
- Complete Blood Count (CBC): Monitor for signs of infection.
- Blood Culture: Identify infectious agents.
- Liver Function Tests (LFTs): Monitor bilirubin levels, assess liver function.

**Follow-up Recommendations:**
- Weekly weight and developmental milestones checkups to ensure growth and development.
- Continue phototherapy as necessary, reassessment of bilirubin levels daily.

**Referrals:**
- Refer to Infectious Disease Specialist (Dr. Jenna Davis) for management of maternal infection and its impact on the newborn.

**Patient Education:**
- Educate mother on the importance of follow-up appointments and adhering to the treatment regimen.
- Provide translation services as needed to ensure mother understands the care plan and instructions.

**Patient Agreements:**
- The mother understands and agrees with the recommended medical treatment plan and follow-up care despite her anxiety and limited health literacy.

**Notes:**
- Given the socio-economic challenges and limited health literacy, additional support services will be recommended to assist the mother in managing the newborn's care."|"**1. Subjective:**

**Chief Complaint (CC):**
Newborn male, 2 days old, presents with jaundice, lethargy, and poor feeding since birth.

**History of Present Illness (HPI):**
The patient's symptoms were noted within 24 hours of birth, including jaundice, lethargy, and difficulty breastfeeding. The newborn has been persistently fussy and has demonstrated poor feeding since birth. 

**Review of Systems (ROS):**
- **Constitutional:** Lethargy, poor feeding.
- **Gastrointestinal:** Jaundice.
- **Behavioral:** Increased fussiness, difficulty breastfeeding.

**2. Objective:**

**Vital Signs:**
- Temperature: 36.7°C
- Heart Rate: 130 bpm
- Respiratory Rate: 40 breaths per minute
- Oxygen Saturation: 98% on room air
- Weight: Less than the 10th percentile for age

**Physical Examination:**
- **General:** Mildly lethargic, in no apparent distress.
- **Head:** Normocephalic, no fontanel bulging.
- **Eyes:** Scleral icterus noted.
- **Skin:** Jaundice evident, particularly on the face and upper body.
- **Abdomen:** Soft, non-tender, no hepatosplenomegaly noted.
- **Neurological:** Mildly responsive to stimuli, decreased muscle tone.
- **Respiratory:** Clear to auscultation bilaterally, no grunting or flaring.

**Results:**
- Liver Function Tests: Elevated Bilirubin

**3. Assessment:**
Newborn male, 2 days old, presenting with jaundice, lethargy, and poor feeding, indicative of newborn affected by maternal infectious and parasitic diseases.

Differential Diagnosis:
1. Neonatal Sepsis
2. Hyperbilirubinemia (Jaundice)
3. Possible metabolic disorder secondary to maternal infection

**4. Plan:**

**Medical Treatment:**
- Start IV antibiotics to manage possible infection.
- Initiate phototherapy to address hyperbilirubinemia (jaundice).
- Monitor vital signs and clinical status regularly.

**Investigations:**
- Complete Blood Count (CBC): Monitor for signs of infection.
- Blood Culture: Identify infectious agents.
- Liver Function Tests (LFTs): Monitor bilirubin levels, assess liver function.

**Follow-up Recommendations:**
- Weekly weight and developmental milestones checkups to ensure growth and development.
- Continue phototherapy as necessary, reassessment of bilirubin levels daily.

**Referrals:**
- Refer to Infectious Disease Specialist (Dr. Jenna Davis) for management of maternal infection and its impact on the newborn.

**Patient Education:**
- Educate mother on the importance of follow-up appointments and adhering to the treatment regimen.
- Provide translation services as needed to ensure mother understands the care plan and instructions.

**Patient Agreements:**
- The mother understands and agrees with the recommended medical treatment plan and follow-up care despite her anxiety and limited health literacy.

**Notes:**
- Given the socio-economic challenges and limited health literacy, additional support services will be recommended to assist the mother in managing the newborn's care."|"**1. Subjective:**

**CC:**
Newborn M, 2 days old, presents with jaundice, lethargy, and poor feeding since birth.

**HPI:**
Symptoms noted within 24 hrs of birth, including jaundice, lethargy, and difficulty breastfeeding. Newborn persistently fussy and has demonstrated poor feeding since birth.

**ROS:**
- **Constitutional:** Lethargy, poor feeding.
- **GI:** Jaundice.
- **Behavioral:** Increased fussiness, difficulty breastfeeding.

**2. Objective:**

**VS:**
- Temp: 36.7°C
- HR: 130 bpm
- RR: 40 breaths/min
- O2 Sat: 98% RA
- Wt: <10th percentile for age

**PE:**
- **General:** Mildly lethargic, NAD.
- **Head:** NCAT, no fontanel bulging.
- **Eyes:** Scleral icterus noted.
- **Skin:** Jaundice evident, particularly on face and upper body.
- **Abd:** Soft, NT, no HSM noted.
- **Neuro:** Mildly responsive to stimuli, decreased muscle tone.
- **Resp:** CTA bilaterally, no grunting or flaring.

**Results:**
- LFTs: Elevated Bilirubin

**3. Assessment:**
Newborn M, 2 days old, presenting with jaundice, lethargy, and poor feeding, indicative of newborn affected by maternal infectious and parasitic diseases.

**DDx:**
1. Neonatal Sepsis
2. Hyperbilirubinemia (Jaundice)
3. Possible metabolic disorder secondary to maternal infection

**4. Plan:**

**Medical Tx:**
- Start IV abx to manage possible infection.
- Initiate phototherapy to address hyperbilirubinemia.
- Monitor VS and clinical status regularly.

**Investigations:**
- CBC: Monitor for signs of infection.
- Blood Cx: Identify infectious agents.
- LFTs: Monitor bilirubin levels, assess liver function.

**F/U Recommendations:**
- Weekly wt and developmental milestones checkups to ensure growth and development.
- Continue phototherapy as necessary, reassessment of bilirubin levels daily.

**Referrals:**
- Refer to ID Specialist (Dr. Jenna Davis) for management of maternal infection and its impact on the newborn.

**Patient Education:**
- Educate mother on the importance of F/U appointments and adhering to the tx regimen.
- Provide translation services as needed to ensure mother understands the care plan and instructions.

**Patient Agreements:**
- The mother understands and agrees with the recommended medical tx plan and F/U care despite her anxiety and limited health literacy.

**Notes:**
- Given the socio-economic challenges and limited health literacy, additional support services will be recommended to assist the mother in managing the newborn's care."|Neonatologist|"[doctor] Hi there, how are you and your little one doing today?

[patient] We're okay, but I'm really worried about him. He's been so sleepy and hasn't been feeding well since he was born.

[doctor] I understand your concern. Let's go over what's been happening. Can you tell me when you first noticed these symptoms?

[patient] We noticed it right away, within the first day. He was jaundiced, very sleepy, and having a hard time breastfeeding.

[doctor] Alright. So, he's been jaundiced, lethargic, and having difficulty feeding since birth. Has he been fussy as well?

[patient] Yes, he's been quite fussy and it's been difficult to calm him down sometimes.

[doctor] Okay, I see. Any other symptoms you've noticed? How is his diaper output?

[patient] He's had some wet diapers, but I'm not sure if it's enough. He's not eating much, so I'm worried about dehydration.

[doctor] That's definitely concerning. Let's review the symptoms you mentioned. He's been lethargic, has poor feeding, and jaundice. Is that correct?

[patient] Yes, that's right.

[doctor] Thank you for that information. Now, let's review his vital signs. His temperature is 36.7°C, heart rate is 130 bpm, respiratory rate is 40 breaths per minute, and his oxygen saturation is 98% on room air. His weight is also less than the 10th percentile for his age. Does everything make sense so far?

[patient] Yes, it does. I'm just really worried about him being so small and weak.

[doctor] I understand your worry. Let's take a closer look at him. I'll start with a physical examination. 

[doctor] So, he's mildly lethargic but in no apparent distress. His head is normocephalic with no fontanel bulging. His eyes have scleral icterus, meaning they look yellow. Does that sound right to you?

[patient] Yes, his eyes do look yellow.

[doctor] His skin is jaundiced, especially on the face and upper body. His abdomen is soft and non-tender with no signs of hepatosplenomegaly, which means no enlargement of the liver or spleen. He has mild responsiveness to stimuli and decreased muscle tone. His lungs sound clear with no grunting or flaring. Does that match what you've observed?

[patient] Yes, that's accurate.

[doctor] Excellent. Now, we've done some preliminary tests. His liver function tests show elevated bilirubin levels, which is why he appears jaundiced. We're still waiting on the blood culture and complete blood count results. Are you following everything so far?

[patient] Yes, I think so. Elevated bilirubin means jaundice, right?

[doctor] Exactly. Now, based on everything we've discussed and observed, it looks like we might be dealing with neonatal sepsis and hyperbilirubinemia, which is a type of jaundice. There could also be a metabolic disorder secondary to a maternal infection. Does that make sense?

[patient] Yes, I understand. What are we going to do for him?

[doctor] Here's our plan. First, we will start him on IV antibiotics to manage any possible infection. We'll also initiate phototherapy to help lower his bilirubin levels and address the jaundice. We'll monitor his vital signs and clinical status closely. Does that sound okay?

[patient] Yes, please do whatever it takes to help him.

[doctor] We'll also perform some additional tests, including a complete blood count to check for signs of infection and monitor his liver function tests daily to keep an eye on bilirubin levels. We'll keep you updated on all results. Is that clear?

[patient] Yes, thank you.

[doctor] We will have weekly checkups to monitor his weight and developmental milestones, ensuring he's growing and developing as he should. We'll continue phototherapy as necessary and reassess his bilirubin levels daily. 

[patient] Okay, how long will he need the phototherapy?

[doctor] It depends on how quickly his bilirubin levels come down, but we'll monitor him closely and adjust the treatment as needed. We'll also refer him to an infectious disease specialist, Dr. Jenna Davis, to manage any maternal infections that could be impacting him. 

[patient] Alright, I understand. Thank you.

[doctor] We'll also provide educational materials for you on the importance of follow-up appointments and adhering to the treatment regimen. If you need, we can provide translation services to ensure you fully understand everything. 

[patient] Yes, that would be helpful. English isn’t my first language.

[doctor] No problem at all. We want to make sure you feel comfortable and informed. Given some socio-economic challenges and limited health literacy, we’ll recommend additional support services to assist you in managing his care. Do you have any other questions or concerns right now?

[patient] No, I just want him to get better. Thank you for explaining everything.

[doctor] You're welcome. We'll take good care of him. Please let us know if anything changes or if you have any concerns. We're here to help.

[patient] Thank you so much.

[doctor] You're very welcome. We'll check on him regularly and keep you updated. Hang in there; he's in good hands."|"[doctor] Hi there, how are you and your little one doing today?

[patient] We're okay, but I'm really worried about him. He's been so sleepy and hasn't been feeding well since he was born.

[doctor] I understand your concern. Let's go over what's been happening. Can you tell me when you first noticed these symptoms?

[patient] We noticed it right away, within the first day. He was jaundiced, very sleepy, and having a hard time breastfeeding.

[doctor] Alright. So, he's been jaundiced, lethargic, and having difficulty feeding since birth. Has he been fussy as well?

[patient] Yes, he's been quite fussy and it's been difficult to calm him down sometimes.

[doctor] Okay, I see. Any other symptoms you've noticed? How is his diaper output?

[patient] He's had some wet diapers, but I'm not sure if it's enough. He's not eating much, so I'm worried about dehydration.

[doctor] That's definitely concerning. Let's review the symptoms you mentioned. He's been lethargic, has poor feeding, and jaundice. Is that correct?

[patient] Yes, that's right.

[doctor] Thank you for that information. Now, let's review his vital signs. His temperature is 36.7°C, heart rate is 130 bpm, respiratory rate is 40 breaths per minute, and his oxygen saturation is 98% on room air. His weight is also less than the 10th percentile for his age. Does everything make sense so far?

[patient] Yes, it does. I'm just really worried about him being so small and weak.

[doctor] I understand your worry. Let's take a closer look at him. I'll start with a physical examination. 

[doctor] So, he's mildly lethargic but in no apparent distress. His head is normocephalic with no fontanel bulging. His eyes have scleral icterus, meaning they look yellow. Does that sound right to you?

[patient] Yes, his eyes do look yellow.

[doctor] His skin is jaundiced, especially on the face and upper body. His abdomen is soft and non-tender with no signs of hepatosplenomegaly, which means no enlargement of the liver or spleen. He has mild responsiveness to stimuli and decreased muscle tone. His lungs sound clear with no grunting or flaring. Does that match what you've observed?

[patient] Yes, that's accurate.

[doctor] Excellent. Now, we've done some preliminary tests. His liver function tests show elevated bilirubin levels, which is why he appears jaundiced. We're still waiting on the blood culture and complete blood count results. Are you following everything so far?

[patient] Yes, I think so. Elevated bilirubin means jaundice, right?

[doctor] Exactly. Now, based on everything we've discussed and observed, it looks like we might be dealing with neonatal sepsis and hyperbilirubinemia, which is a type of jaundice. There could also be a metabolic disorder secondary to a maternal infection. Does that make sense?

[patient] Yes, I understand. What are we going to do for him?

[doctor] Here's our plan. First, we will start him on IV antibiotics to manage any possible infection. We'll also initiate phototherapy to help lower his bilirubin levels and address the jaundice. We'll monitor his vital signs and clinical status closely. Does that sound okay?

[patient] Yes, please do whatever it takes to help him.

[doctor] We'll also perform some additional tests, including a complete blood count to check for signs of infection and monitor his liver function tests daily to keep an eye on bilirubin levels. We'll keep you updated on all results. Is that clear?

[patient] Yes, thank you.

[doctor] We will have weekly checkups to monitor his weight and developmental milestones, ensuring he's growing and developing as he should. We'll continue phototherapy as necessary and reassess his bilirubin levels daily. 

[patient] Okay, how long will he need the phototherapy?

[doctor] It depends on how quickly his bilirubin levels come down, but we'll monitor him closely and adjust the treatment as needed. We'll also refer him to an infectious disease specialist, Dr. Jenna Davis, to manage any maternal infections that could be impacting him. 

[patient] Alright, I understand. Thank you.

[doctor] We'll also provide educational materials for you on the importance of follow-up appointments and adhering to the treatment regimen. If you need, we can provide translation services to ensure you fully understand everything. 

[patient] Yes, that would be helpful. English isn’t my first language.

[doctor] No problem at all. We want to make sure you feel comfortable and informed. Given some socio-economic challenges and limited health literacy, we’ll recommend additional support services to assist you in managing his care. Do you have any other questions or concerns right now?

[patient] No, I just want him to get better. Thank you for explaining everything.

[doctor] You're welcome. We'll take good care of him. Please let us know if anything changes or if you have any concerns. We're here to help.

[patient] Thank you so much.

[doctor] You're very welcome. We'll check on him regularly and keep you updated. Hang in there; he's in good hands."
NEWBORN AFFECTED BY MATERNAL INFECTIOUS AND PARASITIC DISEASES|"ROLE: Pediatrician

- **Medical Outcome:**
  - Diagnosis: Newborn affected by maternal infectious and parasitic diseases (P00.2)
  - Prescribed Treatment: Intravenous antifungals (fluconazole 6 mg/kg on the first day, followed by 3 mg/kg daily) for 14 days.
  - Follow-up Recommendations: Follow-up appointment in 5 days to monitor response to antifungal treatment.
  - Referral: Referral to a pediatric hepatologist, Dr. Jonathan Eng, for further evaluation due to potential liver involvement.
  - Blood Work: Liver function tests (biochemistry) and complete blood count (hematology).
  - Imaging: Abdominal ultrasound to assess liver size and texture.

- **Medical History:**
  - Previous Diagnoses: NA
  - Family Medical History: Mother had untreated candidiasis during pregnancy.
  - Medication History: NA
  - Allergies: No known allergies.
  - Chronic Conditions: NA

- **Symptom Description:**
  - Severity: Moderate
  - Duration: Last 24 hours.
  - Associated Symptoms: Feeding difficulties, abdominal distension, and mild jaundice.
  - Frequency: Persistent symptoms observed over the last 24 hours.
  - Impact on Daily Activities: The newborn is feeding poorly and appears lethargic.

- **Patient’s Self-Reported Habits and Lifestyle:**
  - NA (newborn)

- **Demographic Information:**
  - Age: Newborn (1 day old)
  - Gender: Male
  - Ethnicity: African American
  - Socio-economic Status: Lower-middle-income family
  - Education Level: NA
  - Health Literacy: NA
  - Job Status: NA

- **Patient's Behavior:**
  - NA (newborn)

- **Geographical Location:**
  - Big City
  - Urban
  - Environmental Health Risks: Air pollution from nearby industrial area.

- **Clinical Setting:**
  - Community Health Services

- **Type of Encounter:**
  - Emergency Visit due to acute symptoms.

- **Treatment Disparities:**
  - Consideration of the family's ability to afford antifungal medications and follow-up care. Social services to be consulted to assist with costs.

- **Native or Non-Native English Speaking Patient:**
  - Native English Speaking Family

- **Physical Exams:**
  - General: Newborn appears lethargic and slightly jaundiced.
  - HEENT: Anterior fontanelle is soft.
  - Respiratory: Normal breath sounds, no retractions.
  - Cardiac: Regular rate and rhythm, no murmurs.
  - Abdomen: Soft with mild distension, questionable hepatomegaly.
  - Skin: Mild jaundice, no rashes or lesions.

- **Investigations/Test results:**
  - Complete blood count pending.
  - Liver function tests pending.
  - Abdominal ultrasound scheduled.

This revised scenario incorporates more varied variables and avoids similarity with the previously approved scenario."|"#####
**1. Subjective**

**Chief Complaint (CC)**:
The newborn presents with feeding difficulties, abdominal distension, and mild jaundice.

**History of Present Illness (HPI)**:
The symptoms began within the last 24 hours, with the newborn showing moderate severity in feeding difficulties and appearing lethargic. Parents report that the baby has not been feeding well and has become progressively more jaundiced over the course of the day. 

**Review of Systems (ROS)**:
- **Gastrointestinal**: Reports of abdominal distension.
- **Constitutional**: Newborn appears lethargic.
- **General**: No rash or fever reported.

**2. Objective**

**Vital Signs**:
- Temperature: 36.8°C (98.2°F)
- Heart Rate: 130 bpm
- Respiratory Rate: 40 breaths per minute
- Oxygen Saturation: 98% on room air

**Physical Examination**:
- **General**: Newborn is lethargic and has a mild yellow discoloration to the skin.
- **Head, Eyes, Ears, Nose, Throat (HEENT)**: Anterior fontanelle soft, no signs of trauma or infection.
- **Respiratory**: Normal breath sounds bilaterally, no retractions or wheezing.
- **Cardiac**: Regular rate and rhythm, no murmurs auscultated.
- **Abdomen**: Soft, mild distension noted. Questionable hepatomegaly present.
- **Skin**: Mild jaundice noted, no rashes or lesions.

**Investigations/Test Results**:
- **Complete Blood Count (CBC)**: Pending
- **Liver Function Tests**: Pending
- **Abdominal Ultrasound**: Scheduled for today

**3. Assessment**

**Diagnosis**:
Newborn affected by maternal infectious and parasitic diseases (P00.2).

**Differential Diagnosis**:
- Neonatal sepsis
- Neonatal jaundice due to liver involvement
- Metabolic disorders

**4. Plan**

**Medical Treatment**:
- Initiate intravenous antifungals (fluconazole) with a loading dose of 6 mg/kg on the first day, followed by 3 mg/kg daily for 14 days.

**Follow-up Recommendations**:
- Schedule a follow-up appointment in 5 days to monitor response to antifungal treatment.
- Referral to pediatric hepatologist, Dr. Jonathan Eng, for further evaluation regarding potential liver involvement.

**Further Investigations**:
- Obtain liver function tests (biochemistry) and complete blood count (hematology) as soon as possible.
- Perform an abdominal ultrasound to assess liver size and texture.

**Other Management**:
- Consult social services to assist the family with the costs associated with antifungal medications and follow-up care, considering their lower-middle-income status.

**Patient Education and Counseling**:
- Counsel parents about the importance of immediately starting and adhering to antifungal treatment.
- Discuss the potential side effects and the need for regular follow-up to monitor the baby’s progress.

**Instructions**:
- Parents to observe the baby for any signs of worsening jaundice, feeding difficulties, or lethargy, and to bring the baby back to the clinic immediately if any of these symptoms worsen."|"#####
**1. Subjective**

**Chief Complaint (CC)**:
The newborn presents with feeding difficulties, abdominal distension, and mild jaundice.

**History of Present Illness (HPI)**:
The symptoms began within the last 24 hours, with the newborn showing moderate severity in feeding difficulties and appearing lethargic. Parents report that the baby has not been feeding well and has become progressively more jaundiced over the course of the day. 

**Review of Systems (ROS)**:
- **Gastrointestinal**: Reports of abdominal distension.
- **Constitutional**: Newborn appears lethargic.
- **General**: No rash or fever reported.

**2. Objective**

**Vital Signs**:
- Temperature: 36.8°C (98.2°F)
- Heart Rate: 130 bpm
- Respiratory Rate: 40 breaths per minute
- Oxygen Saturation: 98% on room air

**Physical Examination**:
- **General**: Newborn is lethargic and has a mild yellow discoloration to the skin.
- **Head, Eyes, Ears, Nose, Throat (HEENT)**: Anterior fontanelle soft, no signs of trauma or infection.
- **Respiratory**: Normal breath sounds bilaterally, no retractions or wheezing.
- **Cardiac**: Regular rate and rhythm, no murmurs auscultated.
- **Abdomen**: Soft, mild distension noted. Questionable hepatomegaly present.
- **Skin**: Mild jaundice noted, no rashes or lesions.

**3. Assessment**

**Diagnosis**:
Newborn affected by maternal infectious and parasitic diseases (P00.2).

**Differential Diagnosis**:
- Neonatal sepsis
- Neonatal jaundice due to liver involvement
- Metabolic disorders

**4. Plan**

**Medical Treatment**:
- Initiate intravenous antifungals (fluconazole) with a loading dose of 6 mg/kg on the first day, followed by 3 mg/kg daily for 14 days.

**Follow-up Recommendations**:
- Schedule a follow-up appointment in 5 days to monitor response to antifungal treatment.
- Referral to pediatric hepatologist, Dr. Jonathan Eng, for further evaluation regarding potential liver involvement.

**Further Investigations**:
- Obtain liver function tests (biochemistry) and complete blood count (hematology) as soon as possible.
- Perform an abdominal ultrasound to assess liver size and texture.

**Other Management**:
- Consult social services to assist the family with the costs associated with antifungal medications and follow-up care, considering their lower-middle-income status.

**Patient Education and Counseling**:
- Counsel parents about the importance of immediately starting and adhering to antifungal treatment.
- Discuss the potential side effects and the need for regular follow-up to monitor the baby’s progress.

**Instructions**:
- Parents to observe the baby for any signs of worsening jaundice, feeding difficulties, or lethargy, and to bring the baby back to the clinic immediately if any of these symptoms worsen."|"#####
**1. Subjective**

**CC**:
The newborn presents with feeding difficulties, abd distension, and mild jaundice.

**HPI**:
The symptoms began within the last 24 hrs, with the newborn showing moderate severity in feeding difficulties and appearing lethargic. Parents report that the baby has not been feeding well and has become progressively more jaundiced over the course of the day. 

**ROS**:
- **GI**: Reports of abd distension.
- **Constitutional**: Newborn appears lethargic.
- **General**: No rash or fever reported.

**2. Objective**

**VS**:
- Temp: 36.8°C (98.2°F)
- HR: 130 bpm
- RR: 40 breaths per min
- O2 Sat: 98% on RA

**PE**:
- **General**: Newborn is lethargic and has a mild yellow discoloration to the skin.
- **HEENT**: Anterior fontanelle soft, no signs of trauma or infection.
- **Resp**: Normal breath sounds bilaterally, no retractions or wheezing.
- **Cardiac**: Regular rate and rhythm, no murmurs auscultated.
- **Abd**: Soft, mild distension noted. ?hepatomegaly present.
- **Skin**: Mild jaundice noted, no rashes or lesions.

**3. Assessment**

**Dx**:
Newborn affected by maternal infectious and parasitic diseases (P00.2).

**DDx**:
- Neonatal sepsis
- Neonatal jaundice due to liver involvement
- Metabolic disorders

**4. Plan**

**Medical Tx**:
- Initiate IV antifungals (fluconazole) with a loading dose of 6 mg/kg on the first day, followed by 3 mg/kg daily for 14 days.

**F/U Recommendations**:
- Schedule a F/U appt in 5 days to monitor response to antifungal Tx.
- Referral to peds hepatologist, Dr. Jonathan Eng, for further eval regarding potential liver involvement.

**Further Investigations**:
- Obtain LFTs (biochemistry) and CBC (hematology) ASAP.
- Perform an abd US to assess liver size and texture.

**Other Mgmt**:
- Consult social services to assist the family with the costs associated with antifungal meds and F/U care, considering their lower-middle-income status.

**Pt Education and Counseling**:
- Counsel parents about the importance of immediately starting and adhering to antifungal Tx.
- Discuss the potential side effects and the need for regular F/U to monitor the baby’s progress.

**Instructions**:
- Parents to observe the baby for any signs of worsening jaundice, feeding difficulties, or lethargy, and to bring the baby back to the clinic immediately if any of these symptoms worsen."|Pediatrician|"[doctor] Hi there, how are you and your little one doing today?

[patient] Hi doctor, we're a bit worried. Our baby is having trouble feeding and seems to be more yellow than usual.

[doctor] I understand your concern. When did you start noticing these symptoms?

[patient] It started within the last 24 hours. First, the baby wasn't feeding well, and then she started looking more yellow and seemed very tired.

[doctor] Okay, I see. Has she been crying more than usual or showing any signs of discomfort?

[patient] Not really crying more, but she does seem very lethargic.

[doctor] Alright, let me just make a note of that. Have you noticed any rashes or fever?

[patient] No, no rashes or fever.

[doctor] Thank you for that information. Let's go through the review of systems. You mentioned feeding difficulties and jaundice. Have you noticed any abdominal distension?

[patient] Yes, her belly does look a bit swollen.

[doctor] Hmm, that's important to note. Anything else unusual you've observed?

[patient] No, doctor, just the feeding issues, swelling, and yellow skin.

[doctor] Got it. Now, let’s move on to the physical examination. I’ll start by checking her vital signs. Her temperature is 36.8°C (98.2°F), heart rate is 130 beats per minute, respiratory rate is 40 breaths per minute, and oxygen saturation is 98% on room air. These are within normal ranges. 

[patient] That’s good to hear. What’s next?

[doctor] I'll perform a physical exam now. Let’s take a look at her general appearance. She does look a bit lethargic and there is some mild yellow discoloration to her skin.

[patient] Yes, that yellow skin is what really worried us.

[doctor] I understand. Let me check her head, eyes, ears, nose, and throat. The anterior fontanelle is soft, and I don’t see any signs of trauma or infection. Her breath sounds are normal bilaterally, and I don’t hear any retractions or wheezing.

[patient] That sounds good so far.

[doctor] Her heart has a regular rate and rhythm, and there are no murmurs. Now, let’s check her abdomen. It does feel a bit soft but mildly distended. There may be some hepatomegaly, but we’ll need further tests to confirm that.

[patient] Hepatomegaly? What’s that?

[doctor] It means an enlarged liver. It’s just a possibility, so we’ll need some tests to make sure.

[patient] Okay, what tests will she need?

[doctor] We have already ordered a Complete Blood Count (CBC) and Liver Function Tests (biochemistry). We are also scheduling an abdominal ultrasound today to assess her liver size and texture.

[patient] That sounds like a lot. Is there anything else we need to do right now?

[doctor] Yes, based on her symptoms, we need to start intravenous antifungals. We’ll use fluconazole with a loading dose of 6 mg/kg today, followed by 3 mg/kg daily for 14 days.

[patient] Antifungals? Is that safe for a newborn?

[doctor] Yes, it is safe and necessary. We suspect an infection that needs immediate treatment. I’ll explain everything in detail, including possible side effects.

[patient] Okay, we understand. What’s the next step after that?

[doctor] We’ll need to schedule a follow-up appointment in 5 days to monitor her response to the antifungal treatment. We’ll also refer you to a pediatric hepatologist, Dr. Jonathan Eng, for further evaluation if there’s any liver involvement.

[patient] Okay, is there anything else we should be doing in the meantime?

[doctor] We’ll need to get the liver function tests and the complete blood count done as soon as possible. Also, keep an eye on her symptoms. If you notice any worsening jaundice, feeding difficulties, or increased lethargy, bring her back to the clinic immediately. 

[patient] Got it, we’ll do that. 

[doctor] Also, I’ll consult social services to help you with the costs associated with the medications and follow-up care, considering your lower-middle-income status.

[patient] That would be really helpful, thank you.

[doctor] You’re welcome. Let’s talk about the importance of starting and adhering to the antifungal treatment. It’s crucial for her recovery.

[patient] We understand. We’ll make sure to follow through with everything.

[doctor] Great. Here are some handouts that discuss what to watch for and how to care for her during this time. Do you have any questions?

[patient] No, I think you’ve covered everything. Thank you so much.

[doctor] You’re welcome. We’ll get everything started right away. If you have any concerns, don’t hesitate to call the clinic.

[patient] We will. Thank you, doctor.

[doctor] Take care, and I’ll see you in 5 days for the follow-up.

[patient] Thank you. Bye.

[doctor] Bye."|"[doctor] Hi there, how are you and your little one doing today?

[patient] Hi doctor, we're a bit worried. Our baby is having trouble feeding and seems to be more yellow than usual.

[doctor] I understand your concern. When did you start noticing these symptoms?

[patient] It started within the last 24 hours. First, the baby wasn't feeding well, and then she started looking more yellow and seemed very tired.

[doctor] Okay, I see. Has she been crying more than usual or showing any signs of discomfort?

[patient] Not really crying more, but she does seem very lethargic.

[doctor] Alright, let me just make a note of that. Have you noticed any rashes or fever?

[patient] No, no rashes or fever.

[doctor] Thank you for that information. Let's go through the review of systems. You mentioned feeding difficulties and jaundice. Have you noticed any abdominal distension?

[patient] Yes, her belly does look a bit swollen.

[doctor] Hmm, that's important to note. Anything else unusual you've observed?

[patient] No, doctor, just the feeding issues, swelling, and yellow skin.

[doctor] Got it. Now, let’s move on to the physical examination. I’ll start by checking her vital signs. Her temperature is 36.8°C (98.2°F), heart rate is 130 beats per minute, respiratory rate is 40 breaths per minute, and oxygen saturation is 98% on room air. These are within normal ranges. 

[patient] That’s good to hear. What’s next?

[doctor] I'll perform a physical exam now. Let’s take a look at her general appearance. She does look a bit lethargic and there is some mild yellow discoloration to her skin.

[patient] Yes, that yellow skin is what really worried us.

[doctor] I understand. Let me check her head, eyes, ears, nose, and throat. The anterior fontanelle is soft, and I don’t see any signs of trauma or infection. Her breath sounds are normal bilaterally, and I don’t hear any retractions or wheezing.

[patient] That sounds good so far.

[doctor] Her heart has a regular rate and rhythm, and there are no murmurs. Now, let’s check her abdomen. It does feel a bit soft but mildly distended. There may be some hepatomegaly, but we’ll need further tests to confirm that.

[patient] Hepatomegaly? What’s that?

[doctor] It means an enlarged liver. It’s just a possibility, so we’ll need some tests to make sure.

[patient] Okay, what tests will she need?

[doctor] We have already ordered a Complete Blood Count (CBC) and Liver Function Tests (biochemistry). We are also scheduling an abdominal ultrasound today to assess her liver size and texture.

[patient] That sounds like a lot. Is there anything else we need to do right now?

[doctor] Yes, based on her symptoms, we need to start intravenous antifungals. We’ll use fluconazole with a loading dose of 6 mg/kg today, followed by 3 mg/kg daily for 14 days.

[patient] Antifungals? Is that safe for a newborn?

[doctor] Yes, it is safe and necessary. We suspect an infection that needs immediate treatment. I’ll explain everything in detail, including possible side effects.

[patient] Okay, we understand. What’s the next step after that?

[doctor] We’ll need to schedule a follow-up appointment in 5 days to monitor her response to the antifungal treatment. We’ll also refer you to a pediatric hepatologist, Dr. Jonathan Eng, for further evaluation if there’s any liver involvement.

[patient] Okay, is there anything else we should be doing in the meantime?

[doctor] We’ll need to get the liver function tests and the complete blood count done as soon as possible. Also, keep an eye on her symptoms. If you notice any worsening jaundice, feeding difficulties, or increased lethargy, bring her back to the clinic immediately. 

[patient] Got it, we’ll do that. 

[doctor] Also, I’ll consult social services to help you with the costs associated with the medications and follow-up care, considering your lower-middle-income status.

[patient] That would be really helpful, thank you.

[doctor] You’re welcome. Let’s talk about the importance of starting and adhering to the antifungal treatment. It’s crucial for her recovery.

[patient] We understand. We’ll make sure to follow through with everything.

[doctor] Great. Here are some handouts that discuss what to watch for and how to care for her during this time. Do you have any questions?

[patient] No, I think you’ve covered everything. Thank you so much.

[doctor] You’re welcome. We’ll get everything started right away. If you have any concerns, don’t hesitate to call the clinic.

[patient] We will. Thank you, doctor.

[doctor] Take care, and I’ll see you in 5 days for the follow-up.

[patient] Thank you. Bye.

[doctor] Bye."
NEWBORN AFFECTED BY MATERNAL INFECTIOUS AND PARASITIC DISEASES|"ROLE: Neonatologist

1. Medical Outcome:
    - Diagnosis: Neonatal hypoglycemia 
    - Prescribed Treatment: Intravenous dextrose solution at 5 mg/kg/min, adjust as necessary based on glucose monitoring.
    - Follow-up Recommendations: Frequent glucose monitoring every 4 hours until stable for 24 hours, then transition to oral feeds.
    - Referral to further tests: Blood glucose levels to be checked every 4 hours.
    - Medication Adjustment: Adjust IV dextrose infusion rate based on blood glucose levels.

2. Medical History:
    - Previous Diagnoses: N/A for newborn.
    - Family Medical History: Mother diagnosed with gestational diabetes.
    - Medication History: N/A for newborn.
    - Allergies: N/A for newborn.
    - Chronic Conditions: Maternal gestational diabetes.

3. Symptom Description:
    - Severity: Severe on presentation.
    - Duration: Symptoms noted within the first few hours post-birth.
    - Associated Symptoms: Seizures, jitteriness, irritability, poor feeding, lethargy.
    - Frequency: Continuous monitoring required initially.
    - Impact on Daily Activities: Requires continuous glucose monitoring, impacts feeding schedule.

4. Patient’s Self-Reported Habits and Lifestyle:
    - N/A for newborn.

5. Demographic Information:
    - Age: 8-hours old.
    - Gender: Female.
    - Ethnicity: Caucasian.
    - Socio-economic Status: Affluent.
    - Education Level: N/A for newborn.
    - Health Literacy: N/A for newborn.
    - Job Status: N/A for newborn.

6. Patient's Behavior:
    - Level of cooperation: Newborn exhibiting irritability but manageable with medical intervention.

7. Geographical Location:
    - Rural setting, limited immediate access to neonatal intensive care units, reliant on community hospital resources.

8. Clinical Setting:
    - Private practice within a community hospital.

9. Type of Encounter:
    - Emergency Visit due to hypoglycemic seizures noticed by nursing staff.

10. Treatment Disparities:
    - Rural setting might have limited resources but quick identification and transfer to higher-level care avoided disparities.

11. Native or Non-Native English Speaking Patient:
    - Mother is a native English speaker.

12. Physical Exams:
    - General physical exam: Noted pallor, jitteriness, and decreased muscle tone.
    - Neurological exam: Presence of seizures, hyperirritability.

13. Investigation/Test Results:
    - Awaiting: Blood glucose levels to be checked every 4 hours.
    - Imaging Request: N/A for this scenario."|"#####
**1. Subjective:**

**Chief Complaint (CC):**
Severe hypoglycemic symptoms noticed shortly after birth.

**History of Present Illness (HPI):**
The patient is an 8-hour-old female neonate presenting with severe hypoglycemia. Symptoms were observed within the first few hours post-birth, including seizures, jitteriness, irritability, poor feeding, and lethargy. The newborn was delivered at a community hospital in a rural setting. The mother has a history of gestational diabetes. There is no previous medical history for the newborn, and she has no known allergies or chronic conditions unrelated to maternal gestational diabetes.

**Review of Systems (ROS):**
- **General:** Pallor, poor feeding
- **Neurological:** Seizures, jitteriness, irritability, lethargy
- **Musculoskeletal:** Decreased muscle tone
- **Gastrointestinal:** Poor feeding

---

**2. Objective:**

**Vital Signs:**
- Temperature: 36.5°C (97.7°F)
- Heart Rate: 145 bpm
- Respiratory Rate: 40 breaths per minute
- Blood Pressure: 60/35 mmHg
- Blood Glucose: Initially 25 mg/dL

**Physical Examination:**
- **General:** Pallor, irritability
- **Neurological:** Seizures, hyperirritability, decreased muscle tone
- **Gastrointestinal:** Feeding attempts are poor, with minimal intake
- **Cardiovascular:** Regular rate and rhythm, no murmurs
- **Respiratory:** Clear breath sounds bilaterally, no signs of distress

**Laboratory and Imaging Results:**
- Blood glucose levels to be checked every 4 hours
- Initial blood glucose level: 25 mg/dL

---

**3. Assessment:**

**Diagnosis:**
Neonatal hypoglycemia, likely secondary to maternal gestational diabetes.

**Differential Diagnosis:**
1. Neonatal hypoglycemia
2. Infection/Sepsis
3. Inborn errors of metabolism

---

**4. Plan:**

**Treatment:**
- Initiate intravenous dextrose solution at 5 mg/kg/min
- Adjust infusion rate based on subsequent blood glucose levels

**Monitoring:**
- Frequent glucose monitoring every 4 hours until stable for 24 hours
- Continue glucose monitoring if instability persists

**Follow-up Recommendations:**
- Transition to oral feeds once glucose levels remain stable for 24 hours
- Frequent monitoring of feeding efficacy and weight gain

**Referral:**
- Consider transfer to a higher-level neonatal intensive care unit if glucose levels remain unstable or if there are persistent neurological symptoms.

**Additional Tests:**
- Continue monitoring blood glucose levels every 4 hours
- Consider sepsis workup if symptoms persist despite normalization of glucose levels

**Education and Support:**
- Counsel parents regarding the importance of frequent glucose monitoring and signs of hypoglycemia
- Provide support for breastfeeding and supplemental feeding as necessary

**Discharge Planning:**
- Discharge once blood glucose levels are stable and the newborn is feeding well, with appropriate outpatient follow-up arranged.

All questions were answered, and the mother was educated about the management plan and the importance of follow-up care.
#####"|"#####
**1. Subjective:**

**Chief Complaint (CC):**
Severe hypoglycemic symptoms noticed shortly after birth.

**History of Present Illness (HPI):**
The patient is an 8-hour-old female neonate presenting with severe hypoglycemia. Symptoms were observed within the first few hours post-birth, including seizures, jitteriness, irritability, poor feeding, and lethargy. The newborn was delivered at a community hospital in a rural setting. The mother has a history of gestational diabetes. There is no previous medical history for the newborn, and she has no known allergies or chronic conditions unrelated to maternal gestational diabetes.

**Review of Systems (ROS):**
- **General:** Pallor, poor feeding
- **Neurological:** Seizures, jitteriness, irritability, lethargy
- **Musculoskeletal:** Decreased muscle tone
- **Gastrointestinal:** Poor feeding

---

**2. Objective:**

**Vital Signs:**
- Temperature: 36.5°C (97.7°F)
- Heart Rate: 145 bpm
- Respiratory Rate: 40 breaths per minute
- Blood Pressure: 60/35 mmHg
- Blood Glucose: Initially 25 mg/dL

**Physical Examination:**
- **General:** Pallor, irritability
- **Neurological:** Seizures, hyperirritability, decreased muscle tone
- **Gastrointestinal:** Feeding attempts are poor, with minimal intake
- **Cardiovascular:** Regular rate and rhythm, no murmurs
- **Respiratory:** Clear breath sounds bilaterally, no signs of distress

**Laboratory and Imaging Results:**
- Initial blood glucose level: 25 mg/dL

---

**3. Assessment:**

**Diagnosis:**
Neonatal hypoglycemia, likely secondary to maternal gestational diabetes.

**Differential Diagnosis:**
1. Neonatal hypoglycemia
2. Infection/Sepsis
3. Inborn errors of metabolism

---

**4. Plan:**

**Treatment:**
- Initiate intravenous dextrose solution at 5 mg/kg/min
- Adjust infusion rate based on subsequent blood glucose levels

**Monitoring:**
- Frequent glucose monitoring every 4 hours until stable for 24 hours
- Continue glucose monitoring if instability persists

**Follow-up Recommendations:**
- Transition to oral feeds once glucose levels remain stable for 24 hours
- Frequent monitoring of feeding efficacy and weight gain

**Referral:**
- Consider transfer to a higher-level neonatal intensive care unit if glucose levels remain unstable or if there are persistent neurological symptoms. Referral to Dr. Emily Carter, Neonatologist, for further management.

**Additional Tests:**
- Continue monitoring blood glucose levels every 4 hours
- Consider sepsis workup if symptoms persist despite normalization of glucose levels

**Education and Support:**
- Counsel parents regarding the importance of frequent glucose monitoring and signs of hypoglycemia
- Provide support for breastfeeding and supplemental feeding as necessary

**Discharge Planning:**
- Discharge once blood glucose levels are stable and the newborn is feeding well, with appropriate outpatient follow-up arranged.

All questions were answered, and the mother was educated about the management plan and the importance of follow-up care.
#####"|"#####
**1. Subjective:**

**CC:**
Severe hypoglycemic sx noticed shortly after birth.

**HPI:**
The pt is an 8-hour-old female neonate presenting with severe hypoglycemia. Sx were observed within the first few hours post-birth, including seizures, jitteriness, irritability, poor feeding, and lethargy. The newborn was delivered at a community hospital in a rural setting. The mother has a hx of GDM. There is no previous medical hx for the newborn, and she has no known allergies or chronic conditions unrelated to maternal GDM.

**ROS:**
- **General:** Pallor, poor feeding
- **Neuro:** Seizures, jitteriness, irritability, lethargy
- **MSK:** Decreased muscle tone
- **GI:** Poor feeding

---

**2. Objective:**

**VS:**
- Temp: 36.5°C (97.7°F)
- HR: 145 bpm
- RR: 40 breaths per minute
- BP: 60/35 mmHg
- BG: Initially 25 mg/dL

**PE:**
- **General:** Pallor, irritability
- **Neuro:** Seizures, hyperirritability, decreased muscle tone
- **GI:** Feeding attempts are poor, with minimal intake
- **CV:** Regular rate and rhythm, no murmurs
- **Resp:** Clear breath sounds bilaterally, no signs of distress

**Labs/Imaging:**
- Initial BG level: 25 mg/dL

---

**3. Assessment:**

**Dx:**
Neonatal hypoglycemia, likely 2° to maternal GDM.

**DDx:**
1. Neonatal hypoglycemia
2. Infection/Sepsis
3. Inborn errors of metabolism

---

**4. Plan:**

**Tx:**
- Initiate IV dextrose solution at 5 mg/kg/min
- Adjust infusion rate based on subsequent BG levels

**Monitoring:**
- Frequent BG monitoring q4h until stable for 24 hours
- Continue BG monitoring if instability persists

**F/U Recommendations:**
- Transition to PO feeds once BG levels remain stable for 24 hours
- Frequent monitoring of feeding efficacy and weight gain

**Referral:**
- Consider transfer to a higher-level NICU if BG levels remain unstable or if there are persistent neuro sx. Referral to Dr. Emily Carter, Neonatologist, for further mgmt.

**Additional Tests:**
- Continue monitoring BG levels q4h
- Consider sepsis workup if sx persist despite normalization of BG levels

**Education and Support:**
- Counsel parents regarding the importance of frequent BG monitoring and signs of hypoglycemia
- Provide support for breastfeeding and supplemental feeding as necessary

**Discharge Planning:**
- Discharge once BG levels are stable and the newborn is feeding well, with appropriate outpatient F/U arranged.

All questions were answered, and the mother was educated about the mgmt plan and the importance of F/U care.
#####"|Neonatologist|"```
[doctor] Hi there, how are you doing today?

[patient's mother] I'm very worried. My baby has been having severe hypoglycemic symptoms.

[doctor] I understand your concern. Let's talk about what's been happening. When did you first notice these symptoms?

[patient's mother] The symptoms started shortly after birth, within the first few hours.

[doctor] Can you describe the symptoms you observed?

[patient's mother] She had seizures, was jittery, irritable, and very lethargic. She also had poor feeding and seemed very pale.

[doctor] Hmm, I see. Was there anything specific that seemed to trigger these symptoms?

[patient's mother] No, they just appeared suddenly.

[doctor] Okay, let's get a bit more background. Was she born at a hospital?

[patient's mother] Yes, she was delivered at a community hospital in a rural area.

[doctor] Alright. And do you have any medical history or conditions that we should know about?

[patient's mother] I had gestational diabetes during my pregnancy.

[doctor] Thank you for sharing that. Do you have any other children, and did you experience any similar issues with them?

[patient's mother] No, this is my first child.

[doctor] Okay. Any known allergies or chronic conditions for your baby?

[patient's mother] No, none that we know of.

[doctor] Alright. Let's review her systems. You mentioned she had pallor and poor feeding. How is her muscle tone?

[patient's mother] She seems to have decreased muscle tone. She feels a bit limp.

[doctor] I understand. How about her breathing? Have you noticed anything unusual there?

[patient's mother] No, her breathing seems normal to me.

[doctor] Okay, let's move on to her vital signs. Her temperature is 36.5°C or 97.7°F. Her heart rate is 145 beats per minute. Her respiratory rate is 40 breaths per minute, and her blood pressure is 60/35 mmHg. Her initial blood glucose was very low at 25 mg/dL.

[patient's mother] Oh, that sounds really low. Is it dangerous?

[doctor] Yes, it is quite low, and it's important that we address it immediately. Let's talk about her physical examination. Your baby has pallor and irritability. She had seizures and hyperirritability, and her muscle tone is decreased.

[patient's mother] What does all that mean?

[doctor] These findings are consistent with neonatal hypoglycemia, which is likely secondary to your gestational diabetes.

[patient's mother] I see. What will you do to treat her?

[doctor] We'll start with an intravenous dextrose solution at 5 mg/kg/min. We'll adjust the infusion rate based on her subsequent blood glucose levels.

[patient's mother] How often will you check her blood glucose levels?

[doctor] We'll monitor her glucose every 4 hours until it remains stable for 24 hours.

[patient's mother] Okay, and what if it doesn't stabilize?

[doctor] If instability persists, we may consider transferring her to a higher-level neonatal intensive care unit.

[patient's mother] What else will you do?

[doctor] We may consider a sepsis workup if her symptoms persist despite normalization of glucose levels. Also, once her glucose levels remain stable, we'll transition to oral feeds and closely monitor her feeding efficacy and weight gain.

[patient's mother] Is there anything I need to do?

[doctor] Yes, we'll need you to help monitor her feeding and keep an eye out for signs of hypoglycemia. We'll provide support for breastfeeding and supplemental feeding as necessary.

[patient's mother] What are the signs of hypoglycemia I should look for?

[doctor] Look for jitteriness, irritability, lethargy, seizures, and poor feeding. If you notice any of these, notify us immediately.

[patient's mother] Okay, I will. Is there anything else?

[doctor] We'll arrange for appropriate outpatient follow-up before discharge. We'll ensure her blood glucose levels are stable and that she's feeding well before she goes home. Do you have any questions?

[patient's mother] No, I think I understand everything. Thank you for explaining.

[doctor] You're welcome. We'll take good care of your baby. If you have any questions or concerns, don't hesitate to ask.

[patient's mother] Thank you, doctor.

[doctor] Alright, take care. We'll keep you updated on her progress.

[patient's mother] Okay, thank you.
```"|"```
[doctor] Hi there, how are you doing today?

[patient's mother] I'm very worried. My baby has been having severe hypoglycemic symptoms.

[doctor] I understand your concern. Let's talk about what's been happening. When did you first notice these symptoms?

[patient's mother] The symptoms started shortly after birth, within the first few hours.

[doctor] Can you describe the symptoms you observed?

[patient's mother] She had seizures, was jittery, irritable, and very lethargic. She also had poor feeding and seemed very pale.

[doctor] Hmm, I see. Was there anything specific that seemed to trigger these symptoms?

[patient's mother] No, they just appeared suddenly.

[doctor] Okay, let's get a bit more background. Was she born at a hospital?

[patient's mother] Yes, she was delivered at a community hospital in a rural area.

[doctor] Alright. And do you have any medical history or conditions that we should know about?

[patient's mother] I had gestational diabetes during my pregnancy.

[doctor] Thank you for sharing that. Do you have any other children, and did you experience any similar issues with them?

[patient's mother] No, this is my first child.

[doctor] Okay. Any known allergies or chronic conditions for your baby?

[patient's mother] No, none that we know of.

[doctor] Alright. Let's review her systems. You mentioned she had pallor and poor feeding. How is her muscle tone?

[patient's mother] She seems to have decreased muscle tone. She feels a bit limp.

[doctor] I understand. How about her breathing? Have you noticed anything unusual there?

[patient's mother] No, her breathing seems normal to me.

[doctor] Okay, let's move on to her vital signs. Her temperature is 36.5°C or 97.7°F. Her heart rate is 145 beats per minute. Her respiratory rate is 40 breaths per minute, and her blood pressure is 60/35 mmHg. Her initial blood glucose was very low at 25 mg/dL.

[patient's mother] Oh, that sounds really low. Is it dangerous?

[doctor] Yes, it is quite low, and it's important that we address it immediately. Let's talk about her physical examination. Your baby has pallor and irritability. She had seizures and hyperirritability, and her muscle tone is decreased.

[patient's mother] What does all that mean?

[doctor] These findings are consistent with neonatal hypoglycemia, which is likely secondary to your gestational diabetes.

[patient's mother] I see. What will you do to treat her?

[doctor] We'll start with an intravenous dextrose solution at 5 mg/kg/min. We'll adjust the infusion rate based on her subsequent blood glucose levels.

[patient's mother] How often will you check her blood glucose levels?

[doctor] We'll monitor her glucose every 4 hours until it remains stable for 24 hours.

[patient's mother] Okay, and what if it doesn't stabilize?

[doctor] If instability persists, we may consider transferring her to a higher-level neonatal intensive care unit.

[patient's mother] What else will you do?

[doctor] We may consider a sepsis workup if her symptoms persist despite normalization of glucose levels. Also, once her glucose levels remain stable, we'll transition to oral feeds and closely monitor her feeding efficacy and weight gain.

[patient's mother] Is there anything I need to do?

[doctor] Yes, we'll need you to help monitor her feeding and keep an eye out for signs of hypoglycemia. We'll provide support for breastfeeding and supplemental feeding as necessary.

[patient's mother] What are the signs of hypoglycemia I should look for?

[doctor] Look for jitteriness, irritability, lethargy, seizures, and poor feeding. If you notice any of these, notify us immediately.

[patient's mother] Okay, I will. Is there anything else?

[doctor] We'll arrange for appropriate outpatient follow-up before discharge. We'll ensure her blood glucose levels are stable and that she's feeding well before she goes home. Do you have any questions?

[patient's mother] No, I think I understand everything. Thank you for explaining.

[doctor] You're welcome. We'll take good care of your baby. If you have any questions or concerns, don't hesitate to ask.

[patient's mother] Thank you, doctor.

[doctor] Alright, take care. We'll keep you updated on her progress.

[patient's mother] Okay, thank you.
```"
NEWBORN AFFECTED BY MATERNAL INFECTIOUS AND PARASITIC DISEASES|"ROLE: Family Medicine Physician

** Medical Outcome: **
- Diagnosis: Newborn affected by maternal infectious and parasitic diseases (ICD-10: P00.2)
- Prescribed Treatment: Intravenous immunoglobulin (IVIG) – 500 mg/kg as a single dose; Oral antibiotic – Ceftriaxone 50 mg/kg/day administered via oral suspension for 7 days
- Imaging: Chest X-ray to rule out congenital pneumonia
- Blood work: Complete blood count (CBC) to monitor for infection, Liver function tests (LFTs) to check for hepatitis

** Medical History: **
- Previous Diagnoses: NA
- Family Medical History: Mother diagnosed with Hepatitis B during third trimester of pregnancy
- Medication History: Mother was on antiviral therapy
- Allergies: Unknown
- Chronic Conditions: NA

** Symptom Description: **
- Severity: Mild to moderate jaundice
- Duration: Symptoms noticed 24 hours after birth
- Associated Symptoms: Poor feeding, lethargy, yellowish discoloration of the skin and sclera
- Frequency: Symptoms persistent since onset
- Impact on Daily Activities: Difficulty in breastfeeding and maintaining energy levels

** Patient’s self-reported habits and lifestyle: **
- NA (newborn patient)

** Demographic Information: **
- Age: Newborn (2 days old)
- Gender: Female
- Ethnicity: Mixed ethnic heritage (Asian and Caucasian)
- Socio-economic Status: Upper-middle-income family
- Education Level: NA
- Health Literacy: Parents demonstrate high health literacy and understanding of medical condition
- Job Status: NA

** Patient's Behavior: **
- Newborn, unable to cooperate; parents are highly cooperative and proactive in seeking medical care

** Geographical Location: **
- Big City: Urban
- Pollution and Environmental Health Risks: Moderate pollution levels
- Neighborhood Type: Affluent, access to high-quality healthcare facilities

** Clinical Setting: **
- Clinical Setting: Private Hospital with specialized neonatal care unit

** Type of Encounter: **
- Type of Encounter: Follow-up visit after initial diagnosis and treatment at birth

** Treatment Disparities: **
- NA (standard, comprehensive care provided)

** Native or Non-Native English Speaking Patient: **
- Native English-speaking parents

** Physical exams: **
- General Appearance: Newborn appears jaundiced with yellowish skin and sclera
- Abdominal: Liver palpably enlarged
- Neurological: Active but slightly lethargic
- Skin: Evidence of jaundice without rash

** Investigation/Test results: **
- Awaiting results of CBC and LFTs, Chest X-ray pending"|"#####
**SUBJECTIVE**

**CHIEF COMPLAINT**
Jaundice, poor feeding, and lethargy.

**HISTORY OF PRESENT ILLNESS**
A 2-day-old female newborn with mixed ethnic heritage (Asian and Caucasian) presents for follow-up after being diagnosed with maternal infectious and parasitic diseases (ICD-10: P00.2), secondary to maternal Hepatitis B contracted during the third trimester. The mother was on antiviral therapy. 

Symptoms were first noticed 24 hours postpartum and included mild to moderate jaundice, poor feeding, lethargy, and yellowish discoloration of the skin and sclera. These symptoms have been persistent since onset, making breastfeeding and maintaining energy levels challenging for the newborn.

**REVIEW OF SYSTEMS**
- **Constitutional:** Poor feeding, lethargy.
- **Gastrointestinal:** Yellowish discoloration of the skin and sclera, indicative of jaundice.
- **Neurological:** Active but slightly lethargic.

**OBJECTIVE**

**VITAL SIGNS**
- Temperature: 36.8°C (98.2°F)
- Heart Rate: 140 bpm
- Respiratory Rate: 40 breaths per minute
- Blood Pressure: 65/40 mmHg
- Oxygen Saturation: 98% on room air

**PHYSICAL EXAMINATION**
- **General Appearance:** Newborn appears jaundiced with yellowish skin and sclera.
- **Abdominal:** Liver palpably enlarged.
- **Neurological:** Active but slightly lethargic.
- **Skin:** Evidence of jaundice without rash.

**INVESTIGATION/TEST RESULTS**
- **Pending:** Complete blood count (CBC) and liver function tests (LFTs).
- **Imaging:** Chest X-ray pending to rule out congenital pneumonia.

**ASSESSMENT**

This 2-day-old female newborn, affected by maternal Hepatitis B, presents with jaundice, poor feeding, and lethargy. The probable diagnosis includes neonatal jaundice secondary to maternal infectious disease (ICD-10: P00.2). Awaiting further diagnostic confirmation through CBC, LFTs, and chest X-ray.

**PLAN**

1. **Treatment:**
   - Continue prescribed Intravenous Immunoglobulin (IVIG) – 500 mg/kg as a single dose.
   - Administer Ceftriaxone 50 mg/kg/day via oral suspension for 7 days.

2. **Additional Testing:**
   - Complete pending CBC and LFTs to monitor for infection and assess liver function.
   - Conduct chest X-ray to rule out congenital pneumonia.

3. **Monitoring:**
   - Closely monitor jaundice levels, feeding, and energy levels.
   - Observe any signs of worsening or additional symptoms.

4. **Parental Guidance and Support:**
   - Educate parents on the importance of monitoring feeding patterns and signs of worsening jaundice.
   - Ensure parents understand the necessity of completing the antibiotic course and follow-up assessments.

5. **Follow-up:**
   - Schedule follow-up visit in 2 days to review test results and assess clinical progress.
   - Immediate follow-up if symptoms worsen or new symptoms develop.

Parents are highly cooperative and proactive in seeking medical care, demonstrating high health literacy and understanding of the medical condition.
#####"|"#####
**1. Subjective:**

**Chief Complaint:**
Jaundice, poor feeding, and lethargy.

**History of Present Illness:**
A 2-day-old female newborn with mixed ethnic heritage (Asian and Caucasian) presents for follow-up after being diagnosed with maternal infectious and parasitic diseases (ICD-10: P00.2), secondary to maternal Hepatitis B contracted during the third trimester. The mother was on antiviral therapy. 

Symptoms were first noticed 24 hours postpartum and included mild to moderate jaundice, poor feeding, lethargy, and yellowish discoloration of the skin and sclera. These symptoms have been persistent since onset, making breastfeeding and maintaining energy levels challenging for the newborn.

**Review of Systems:**
- **Constitutional:** Poor feeding, lethargy.
- **Gastrointestinal:** Yellowish discoloration of the skin and sclera, indicative of jaundice.
- **Neurological:** Active but slightly lethargic.

**2. Objective:**

**Vital Signs:**
- Temperature: 36.8°C (98.2°F)
- Heart Rate: 140 bpm
- Respiratory Rate: 40 breaths per minute
- Blood Pressure: 65/40 mmHg
- Oxygen Saturation: 98% on room air

**Physical Examination:**
- **General Appearance:** Newborn appears jaundiced with yellowish skin and sclera.
- **Abdominal:** Liver palpably enlarged.
- **Neurological:** Active but slightly lethargic.
- **Skin:** Evidence of jaundice without rash.

**Investigation/Test Results:**
- **Pending:** Complete blood count (CBC) and liver function tests (LFTs).
- **Imaging:** Chest X-ray pending to rule out congenital pneumonia.

**3. Assessment:**

This 2-day-old female newborn, affected by maternal Hepatitis B, presents with jaundice, poor feeding, and lethargy. The probable diagnosis includes neonatal jaundice secondary to maternal infectious disease (ICD-10: P00.2). Awaiting further diagnostic confirmation through CBC, LFTs, and chest X-ray.

**4. Plan:**

1. **Treatment:**
   - Continue prescribed Intravenous Immunoglobulin (IVIG) – 500 mg/kg as a single dose.
   - Administer Ceftriaxone 50 mg/kg/day via oral suspension for 7 days.

2. **Additional Testing:**
   - Complete pending CBC and LFTs to monitor for infection and assess liver function.
   - Conduct chest X-ray to rule out congenital pneumonia.

3. **Monitoring:**
   - Closely monitor jaundice levels, feeding, and energy levels.
   - Observe any signs of worsening or additional symptoms.

4. **Parental Guidance and Support:**
   - Educate parents on the importance of monitoring feeding patterns and signs of worsening jaundice.
   - Ensure parents understand the necessity of completing the antibiotic course and follow-up assessments.

5. **Follow-up:**
   - Schedule follow-up visit in 2 days to review test results and assess clinical progress.
   - Immediate follow-up if symptoms worsen or new symptoms develop.

Parents are highly cooperative and proactive in seeking medical care, demonstrating high health literacy and understanding of the medical condition.
#####"|"#####
**1. Subjective:**

**CC:**
Jaundice, poor feeding, and lethargy.

**HPI:**
A 2-day-old F newborn with mixed ethnic heritage (Asian and Caucasian) presents for f/u after being dx with maternal infectious and parasitic diseases (ICD-10: P00.2), 2° to maternal Hep B contracted during the 3rd trimester. The mother was on antiviral tx.

Symptoms were first noticed 24 hrs postpartum and included mild to moderate jaundice, poor feeding, lethargy, and yellowish discoloration of the skin and sclera. These symptoms have been persistent since onset, making breastfeeding and maintaining energy levels challenging for the newborn.

**ROS:**
- **Constitutional:** Poor feeding, lethargy.
- **GI:** Yellowish discoloration of the skin and sclera, indicative of jaundice.
- **Neuro:** Active but slightly lethargic.

**2. Objective:**

**VS:**
- Temp: 36.8°C (98.2°F)
- HR: 140 bpm
- RR: 40 breaths/min
- BP: 65/40 mmHg
- O2 Sat: 98% on RA

**PE:**
- **General:** Newborn appears jaundiced with yellowish skin and sclera.
- **Abd:** Liver palpably enlarged.
- **Neuro:** Active but slightly lethargic.
- **Skin:** Evidence of jaundice without rash.

**Labs/Imaging:**
- **Pending:** CBC and LFTs.
- **Imaging:** CXR pending to r/o congenital pneumonia.

**3. Assessment:**

This 2-day-old F newborn, affected by maternal Hep B, presents with jaundice, poor feeding, and lethargy. The probable dx includes neonatal jaundice 2° to maternal infectious disease (ICD-10: P00.2). Awaiting further dx confirmation through CBC, LFTs, and CXR.

**4. Plan:**

1. **Tx:**
   - Continue prescribed IVIG – 500 mg/kg as a single dose.
   - Administer Ceftriaxone 50 mg/kg/day PO suspension for 7 days.

2. **Additional Testing:**
   - Complete pending CBC and LFTs to monitor for infection and assess liver function.
   - Conduct CXR to r/o congenital pneumonia.

3. **Monitoring:**
   - Closely monitor jaundice levels, feeding, and energy levels.
   - Observe any signs of worsening or additional symptoms.

4. **Parental Guidance and Support:**
   - Educate parents on the importance of monitoring feeding patterns and signs of worsening jaundice.
   - Ensure parents understand the necessity of completing the abx course and f/u assessments.

5. **F/U:**
   - Schedule f/u visit in 2 days to review test results and assess clinical progress.
   - Immediate f/u if symptoms worsen or new symptoms develop.

Parents are highly cooperative and proactive in seeking medical care, demonstrating high health literacy and understanding of the medical condition.
#####"|Family Medicine Physician|"```
[doctor] Hi there, good to see you both today. How can I help you?

[patient's parent] Good morning, Doctor. We're here because our newborn has been experiencing some troubling symptoms since she was born.

[doctor] Oh, I'm sorry to hear that. Can you tell me more about what's been going on?

[patient's parent] Yes, she’s 2 days old now, and we noticed that she has a yellowish discoloration of her skin and eyes. She’s also been feeding poorly and seems very lethargic.

[doctor] Hmm, I see. When did you first notice these symptoms?

[patient's parent] We first noticed the jaundice and poor feeding about 24 hours after she was born.

[doctor] Alright. And has she been able to breastfeed at all?

[patient's parent] It's been challenging. She's not nursing well and often seems too tired to feed.

[doctor] Got it. And how have her energy levels been? 

[patient's parent] She’s been quite lethargic. She’s awake but not very active.

[doctor] Okay. Let me take a look at the records. I see here that your baby has a mixed ethnic heritage, Asian and Caucasian?

[patient's parent] Yes, that’s correct.

[doctor] And I also see that the mother had Hepatitis B during the third trimester and was on antiviral therapy. Is that right?

[patient's parent] Yes, she was diagnosed with Hepatitis B during her pregnancy and was given antiviral medication.

[doctor] Alright. Let's take a closer look at your baby. Can you tell me if she’s had any other symptoms, like fever or rash?

[patient's parent] No fever or rash, just the jaundice, poor feeding, and lethargy.

[doctor] Understood. Let's go over her vital signs. Her temperature is 36.8°C (98.2°F), heart rate is 140 bpm, respiratory rate is 40 breaths per minute, blood pressure is 65/40 mmHg, and oxygen saturation is 98% on room air. These are within normal ranges.

[patient's parent] That’s good to know.

[doctor] Now, let’s proceed with a physical examination. I see she appears jaundiced with yellowish skin and sclera. Her liver feels slightly enlarged upon palpation. She’s active but slightly lethargic, as you mentioned.

[patient's parent] Yes, that sounds about right.

[doctor] We’ll need to run a few tests to get a clearer picture. We have a complete blood count (CBC) and liver function tests (LFTs) pending. We also have a chest X-ray pending to rule out congenital pneumonia.

[patient's parent] Okay, what do we need to do now?

[doctor] First, we’ll continue the prescribed treatment. We’ll administer Intravenous Immunoglobulin (IVIG) at 500 mg/kg as a single dose. We’ll also start her on Ceftriaxone 50 mg/kg/day via oral suspension for 7 days.

[patient's parent] Alright, we’ll make sure she gets those treatments.

[doctor] We need to complete the pending CBC and LFTs to monitor for infection and assess her liver function. The chest X-ray will help us rule out congenital pneumonia.

[patient's parent] We understand. We’ll wait for the test results.

[doctor] In the meantime, we need to closely monitor her jaundice levels, feeding, and energy levels. Keep an eye out for any signs of worsening or additional symptoms.

[patient's parent] Will do, Doctor.

[doctor] It’s also important to educate you on what to look out for. Make sure to monitor her feeding patterns and be vigilant for any signs of worsening jaundice. 

[patient's parent] We’ll definitely keep an eye on that.

[doctor] And it’s crucial that you complete the entire course of antibiotics and follow-up assessments. 

[patient's parent] We’ll make sure to do that.

[doctor] We’ll schedule a follow-up visit in 2 days to review the test results and assess her clinical progress. If her symptoms worsen or new symptoms develop, bring her in immediately.

[patient's parent] Thank you, Doctor. We’ll be back in 2 days and will keep a close watch on her.

[doctor] You're welcome. Your cooperation and proactive approach are very helpful. Do you have any other questions or concerns?

[patient's parent] No, I think you’ve covered everything. Thank you so much for your help.

[doctor] Alright, we’ll see you in 2 days. Take care.

[patient's parent] Thank you, Doctor. Goodbye.

[doctor] Goodbye.
```"|"```
[doctor]: Hi there, good to see you both today. How can I help you?

[patient's parent]: Good morning, Doctor. We're here because our newborn has been experiencing some troubling symptoms since she was born.

[doctor]: Oh, I'm sorry to hear that. Can you tell me more about what's been going on?

[patient's parent]: Yes, she’s 2 days old now, and we noticed that she has a yellowish discoloration of her skin and eyes. She’s also been feeding poorly and seems very lethargic.

[doctor]: Hmm, I see. When did you first notice these symptoms?

[patient's parent]: We first noticed the jaundice and poor feeding about 24 hours after she was born.

[doctor]: Alright. And has she been able to breastfeed at all?

[patient's parent]: It's been challenging. She's not nursing well and often seems too tired to feed.

[doctor]: Got it. And how have her energy levels been?

[patient's parent]: She’s been quite lethargic. She’s awake but not very active.

[doctor]: Okay. Let me take a look at the records. I see here that your baby has a mixed ethnic heritage, Asian and Caucasian?

[patient's parent]: Yes, that’s correct.

[doctor]: And I also see that the mother had Hepatitis B during the third trimester and was on antiviral therapy. Is that right?

[patient's parent]: Yes, she was diagnosed with Hepatitis B during her pregnancy and was given antiviral medication.

[doctor]: Alright. Let's take a closer look at your baby. Can you tell me if she’s had any other symptoms, like fever or rash?

[patient's parent]: No fever or rash, just the jaundice, poor feeding, and lethargy.

[doctor]: Understood. Let's go over her vital signs. Her temperature is 36.8°C (98.2°F), heart rate is 140 bpm, respiratory rate is 40 breaths per minute, blood pressure is 65/40 mmHg, and oxygen saturation is 98% on room air. These are within normal ranges.

[patient's parent]: That’s good to know.

[doctor]: Now, let’s proceed with a physical examination. I see she appears jaundiced with yellowish skin and sclera. Her liver feels slightly enlarged upon palpation. She’s active but slightly lethargic, as you mentioned.

[patient's parent]: Yes, that sounds about right.

[doctor]: We’ll need to run a few tests to get a clearer picture. We have a complete blood count (CBC) and liver function tests (LFTs) pending. We also have a chest X-ray pending to rule out congenital pneumonia.

[patient's parent]: Okay, what do we need to do now?

[doctor]: First, we’ll continue the prescribed treatment. We’ll administer Intravenous Immunoglobulin (IVIG) at 500 mg/kg as a single dose. We’ll also start her on Ceftriaxone 50 mg/kg/day via oral suspension for 7 days.

[patient's parent]: Alright, we’ll make sure she gets those treatments.

[doctor]: We need to complete the pending CBC and LFTs to monitor for infection and assess her liver function. The chest X-ray will help us rule out congenital pneumonia.

[patient's parent]: We understand. We’ll wait for the test results.

[doctor]: In the meantime, we need to closely monitor her jaundice levels, feeding, and energy levels. Keep an eye out for any signs of worsening or additional symptoms.

[patient's parent]: Will do, Doctor.

[doctor]: It’s also important to educate you on what to look out for. Make sure to monitor her feeding patterns and be vigilant for any signs of worsening jaundice.

[patient's parent]: We’ll definitely keep an eye on that.

[doctor]: And it’s crucial that you complete the entire course of antibiotics and follow-up assessments.

[patient's parent]: We’ll make sure to do that.

[doctor]: We’ll schedule a follow-up visit in 2 days to review the test results and assess her clinical progress. If her symptoms worsen or new symptoms develop, bring her in immediately.

[patient's parent]: Thank you, Doctor. We’ll be back in 2 days and will keep a close watch on her.

[doctor]: You're welcome. Your cooperation and proactive approach are very helpful. Do you have any other questions or concerns?

[patient's parent]: No, I think you’ve covered everything. Thank you so much for your help.

[doctor]: Alright, we’ll see you in 2 days. Take care.

[patient's parent]: Thank you, Doctor. Goodbye.

[doctor]: Goodbye.
```"
NEWBORN AFFECTED BY MATERNAL INFECTIOUS AND PARASITIC DISEASES|"ROLE: Neonatologist

**Medical Outcome:**
   - Diagnosis: Newborn affected by maternal infectious and parasitic diseases.
   - Prescribed Treatment: Administration of antibiotics - Ampicillin 50 mg/kg IV every 12 hours for 7 days.
   - Follow-up Recommendations: Neonatal follow-up in 1 week.
   - Referral: Referral to Pediatric Infectious Disease Specialist Dr. Charlotte Brown for further management.
   - Order for Blood Work: Hematology - Complete Blood Count (CBC) with differential to monitor infection status. Biochemistry - Electrolytes panel.

**Medical History:**
   - Previous Diagnoses: None (Newborn).
   - Family Medical History: Maternal history of untreated HIV during pregnancy.
   - Medication History: Maternal use of antiretroviral therapy was inconsistent.
   - Allergies: None known.
   - Chronic Conditions: None (Newborn).

**Symptom Description:**
   - Severity: Moderate risk of vertical transmission of HIV.
   - Duration: Initial hours post-birth.
   - Associated Symptoms: Low birth weight, jaundice.
   - Frequency: Continuous monitoring required.
   - Impact on Daily Activities: Requires neonatal intensive care.

**Patient’s self-reported habits and lifestyle:**
   - Newborn, hence not applicable.

**Demographic Information:**
   - Age: 0 days.
   - Gender: Male.
   - Ethnicity: African-American.
   - Socio-economic Status: Low-income.
   - Education Level: Not applicable (Newborn).
   - Health Literacy: Not yet applicable.
   - Job Status: Not applicable.

**Patient's Behavior:**
   - The newborn is cooperative and under constant medical surveillance.

**Geographical Location:**
   - Big City, Urban.
   - Pollution and Environmental Health Risks: Slightly polluted urban environment.
   - Neighborhood Type: Impoverished.
   - Well-served by Transit: Yes.
   - Food Desert: Yes.

**Clinical Setting:**
   - Hospital - Neonatal Intensive Care Unit (NICU).

**Type of Encounter:**
   - Initial Consultation for a critical newborn.

**Treatment Disparities:**
   - Tendency to offer less aggressive treatment due to assumptions about family’s ability to pay, hence the need for referral to a specialist for comprehensive care.

**Native or Non-Native English Speaking Patient:**
   - Newborn, hence not applicable.

**Physical exams:**
   - General physical examination: Apgar score, heart rate, respiratory rate, temperature regulation, and neurological assessment.

**Investigation/Test results:**
   - Blood Work: Awaiting results of Hematology - Complete Blood Count (CBC) with differential. 
   - Imaging: Ultrasound of the abdomen to rule out any congenital abnormalities. 

END OF SCENARIO"|"**1. Subjective:**

**Chief Complaint (CC):**
Newborn affected by maternal infectious and parasitic diseases.

**History of Present Illness (HPI):**
A male newborn was delivered at 0 days of age to a mother with untreated HIV during pregnancy. The infant is of African-American descent and comes from a low-income family. The mother had inconsistent antiretroviral therapy. The patient presents with low birth weight and jaundice, indicating a moderate risk of vertical transmission of HIV. The newborn is currently under continuous monitoring in the Neonatal Intensive Care Unit (NICU).

**Review of Systems (ROS):**
- General: Low birth weight.
- Skin: Jaundice observed.
- Respiratory: No respiratory distress noted.
- Cardiovascular: Normal heart rate and rhythm.
- Neurological: No abnormalities noted in neurological assessment.

**2. Objective:**

**Vitals:**
- Apgar Score: 7 at 1 minute, 8 at 5 minutes
- Heart Rate: Normal
- Respiratory Rate: Normal
- Temperature: Normal, but under close monitoring for regulation

**Physical Exam:**
- General: Low birth weight, jaundice present.
- Skin: Jaundice visible.
- Head and Neck: Fontanels soft and flat, no abnormalities noted.
- Cardiovascular: No murmurs, regular rate, and rhythm.
- Respiratory: No retractions, breath sounds clear.
- Gastrointestinal: Abdomen soft, no organomegaly.
- Neurological: Reflexes intact, good muscle tone, no seizures or abnormal movements.

**Results:**
- Imaging: Ultrasound of the abdomen was performed to rule out congenital abnormalities; no abnormalities detected.
- Awaiting results: Hematology - Complete Blood Count (CBC) with differential.

**3. Assessment:**
- Diagnosis: Newborn affected by maternal infectious and parasitic diseases with moderate risk of vertical transmission of HIV. Presence of jaundice and low birth weight.

**4. Plan:**
- Treatment: 
  - Administration of antibiotics: Ampicillin 50 mg/kg IV every 12 hours for 7 days.
- Follow-up Recommendations: 
  - Neonatal follow-up in 1 week.
- Referral: 
  - Referral to Pediatric Infectious Disease Specialist Dr. Charlotte Brown for further management.
- Orders: 
  - Hematology - Complete Blood Count (CBC) with differential to monitor infection status.
  - Biochemistry - Electrolytes panel for metabolic monitoring.

The patient will continue to be monitored closely in the NICU with supportive care as necessary. The family has been briefed about the newborn's condition and the treatment plan, and they have been encouraged to follow up with the Pediatric Infectious Disease Specialist for comprehensive care."|"**1. Subjective:**

**Chief Complaint (CC):**
Newborn affected by maternal infectious and parasitic diseases.

**History of Present Illness (HPI):**
A male newborn was delivered at 0 days of age to a mother with untreated HIV during pregnancy. The infant is of African-American descent and comes from a low-income family. The mother had inconsistent antiretroviral therapy. The patient presents with low birth weight and jaundice, indicating a moderate risk of vertical transmission of HIV. The newborn is currently under continuous monitoring in the Neonatal Intensive Care Unit (NICU).

**Review of Systems (ROS):**
- General: Low birth weight.
- Skin: Jaundice observed.
- Respiratory: No respiratory distress noted.
- Cardiovascular: Normal heart rate and rhythm.
- Neurological: No abnormalities noted in neurological assessment.

**2. Objective:**

**Vitals:**
- Apgar Score: 7 at 1 minute, 8 at 5 minutes
- Heart Rate: Normal
- Respiratory Rate: Normal
- Temperature: Normal, but under close monitoring for regulation

**Physical Exam:**
- General: Low birth weight, jaundice present.
- Skin: Jaundice visible.
- Head and Neck: Fontanels soft and flat, no abnormalities noted.
- Cardiovascular: No murmurs, regular rate, and rhythm.
- Respiratory: No retractions, breath sounds clear.
- Gastrointestinal: Abdomen soft, no organomegaly.
- Neurological: Reflexes intact, good muscle tone, no seizures or abnormal movements.

**Results:**
- Imaging: Ultrasound of the abdomen was performed to rule out congenital abnormalities; no abnormalities detected.

**3. Assessment:**
- Diagnosis: Newborn affected by maternal infectious and parasitic diseases with moderate risk of vertical transmission of HIV. Presence of jaundice and low birth weight.

**4. Plan:**
- Treatment: 
  - Administration of antibiotics: Ampicillin 50 mg/kg IV every 12 hours for 7 days.
- Follow-up Recommendations: 
  - Neonatal follow-up in 1 week.
- Referral: 
  - Referral to Pediatric Infectious Disease Specialist Dr. Charlotte Brown for further management of potential HIV transmission.
- Orders: 
  - Hematology - Complete Blood Count (CBC) with differential to monitor infection status.
  - Biochemistry - Electrolytes panel for metabolic monitoring.

The patient will continue to be monitored closely in the NICU with supportive care as necessary. The family has been briefed about the newborn's condition and the treatment plan, and they have been encouraged to follow up with the Pediatric Infectious Disease Specialist for comprehensive care."|"**1. Subjective:**

**CC:**
Newborn affected by maternal infectious and parasitic diseases.

**HPI:**
A male newborn was delivered at 0 days of age to a mother with untreated HIV during pregnancy. The infant is of African-American descent and comes from a low-income family. The mother had inconsistent ART. The patient presents with LBW and jaundice, indicating a moderate risk of vertical transmission of HIV. The newborn is currently under continuous monitoring in the NICU.

**ROS:**
- General: LBW.
- Skin: Jaundice observed.
- Respiratory: No RD noted.
- Cardiovascular: Normal HR and rhythm.
- Neurological: No abnormalities noted in neuro assessment.

**2. Objective:**

**Vitals:**
- Apgar Score: 7 at 1 min, 8 at 5 min
- HR: Normal
- RR: Normal
- Temp: Normal, but under close monitoring for regulation

**Physical Exam:**
- General: LBW, jaundice present.
- Skin: Jaundice visible.
- Head and Neck: Fontanels soft and flat, no abnormalities noted.
- Cardiovascular: No murmurs, regular rate, and rhythm.
- Respiratory: No retractions, breath sounds clear.
- GI: Abdomen soft, no organomegaly.
- Neuro: Reflexes intact, good muscle tone, no seizures or abnormal movements.

**Results:**
- Imaging: US of the abdomen was performed to r/o congenital abnormalities; no abnormalities detected.

**3. Assessment:**
- Dx: Newborn affected by maternal infectious and parasitic diseases with moderate risk of vertical transmission of HIV. Presence of jaundice and LBW.

**4. Plan:**
- Tx: 
  - Admin of abx: Ampicillin 50 mg/kg IV q12h for 7 days.
- F/U Recommendations: 
  - Neonatal F/U in 1 week.
- Referral: 
  - Referral to Peds ID Specialist Dr. Charlotte Brown for further mgmt of potential HIV transmission.
- Orders: 
  - Heme - CBC with diff to monitor infection status.
  - Chem - Electrolytes panel for metabolic monitoring.

The patient will continue to be monitored closely in the NICU with supportive care as necessary. The family has been briefed about the newborn's condition and the treatment plan, and they have been encouraged to F/U with the Peds ID Specialist for comprehensive care."|Neonatologist|"**Doctor:** Good morning, it's nice to see you today. How are you holding up?

**Mother:** Good morning, Doctor. I'm managing, thank you. It's been a stressful few days.

**Doctor:** I can imagine. Let's talk about your newborn. Can you tell me how your pregnancy went?

**Mother:** Well, it was a bit challenging. I found out I was pregnant quite late, and I didn't get regular prenatal care. I also have HIV and my antiretroviral therapy was inconsistent during the pregnancy.

**Doctor:** I see. Thank you for sharing that. It's important information. Just to recap, your newborn son was delivered at 0 days of age and is currently being monitored in the Neonatal Intensive Care Unit.

**Mother:** Yes, that's right.

**Doctor:** He is of African-American descent and comes from a low-income family, correct?

**Mother:** Yes, that's correct.

**Doctor:** Alright. He presents with low birth weight and jaundice. These are indications that there might be a moderate risk of vertical transmission of HIV.

**Mother:** Oh no, that's what I was afraid of.

**Doctor:** I understand your concern. Let's go over his current status. We'll do our best to ensure he gets the best care possible.

**Mother:** Thank you, Doctor. I really appreciate it.

**Doctor:** For the review of systems, he has a low birth weight and jaundice observed. However, there's no respiratory distress noted, and his heart rate and rhythm are normal.

**Mother:** That's good to hear.

**Doctor:** Neurologically, there are no abnormalities noted. Let's discuss his vital signs. His Apgar scores were 7 at 1 minute and 8 at 5 minutes, which is a good sign.

**Mother:** What does that mean exactly?

**Doctor:** The Apgar score assesses a newborn's health right after birth. Scores between 7 and 10 are generally normal. His heart rate, respiratory rate, and temperature are all normal but under close monitoring.

**Mother:** Okay, that's reassuring.

**Doctor:** In the physical exam, we noted he has a low birth weight and jaundice, which is visible on his skin. His fontanels are soft and flat, which is good. His cardiovascular system is functioning well with no murmurs, and he has a regular rate and rhythm.

**Mother:** That's a relief.

**Doctor:** Respiratory-wise, he has clear breath sounds with no retractions. His abdomen is soft with no organomegaly, and neurologically, his reflexes are intact, he has good muscle tone, and there are no seizures or abnormal movements observed.

**Mother:** That sounds positive so far.

**Doctor:** We performed an ultrasound of his abdomen to rule out any congenital abnormalities, and no abnormalities were detected.

**Mother:** That's good news.

**Doctor:** We are still awaiting the results of his hematology—Complete Blood Count (CBC) with differential. This will help us monitor his infection status.

**Mother:** Alright, I understand.

**Doctor:** Now, let's go over the assessment and plan. The diagnosis is that your newborn is affected by maternal infectious and parasitic diseases, with a moderate risk of vertical transmission of HIV, and he has jaundice and low birth weight.

**Mother:** Okay, what does that mean for his treatment?

**Doctor:** We will administer antibiotics: Ampicillin 50 mg/kg IV every 12 hours for 7 days.

**Mother:** Antibiotics? Is that necessary?

**Doctor:** Yes, it's a precautionary measure to prevent any potential bacterial infections since his immune system is still developing.

**Mother:** I see. What else?

**Doctor:** We recommend a neonatal follow-up in 1 week to monitor his progress. Additionally, we've referred you to Pediatric Infectious Disease Specialist Dr. Charlotte Brown for further management.

**Mother:** Alright, we will follow up with her.

**Doctor:** We've also ordered a Complete Blood Count (CBC) with differential to monitor infection status and a biochemistry electrolytes panel for metabolic monitoring.

**Mother:** That sounds thorough. Thank you for explaining everything.

**Doctor:** Absolutely. Your newborn will continue to be monitored closely in the NICU with supportive care as necessary. We've briefed your family about his condition and the treatment plan. It's important to follow up with the Pediatric Infectious Disease Specialist for comprehensive care.

**Mother:** Thank you, Doctor. I feel better knowing he’s in good hands.

**Doctor:** You're very welcome. If you have any questions or need further assistance, please feel free to ask.

**Mother:** I will. Thank you again for everything.

**Doctor:** Take care. We are here to support you and your baby."|"[doctor]: Good morning, it's nice to see you today. How are you holding up?

[mother]: Good morning, Doctor. I'm managing, thank you. It's been a stressful few days.

[doctor]: I can imagine. Let's talk about your newborn. Can you tell me how your pregnancy went?

[mother]: Well, it was a bit challenging. I found out I was pregnant quite late, and I didn't get regular prenatal care. I also have HIV and my antiretroviral therapy was inconsistent during the pregnancy.

[doctor]: I see. Thank you for sharing that. It's important information. Just to recap, your newborn son was delivered at 0 days of age and is currently being monitored in the Neonatal Intensive Care Unit.

[mother]: Yes, that's right.

[doctor]: He is of African-American descent and comes from a low-income family, correct?

[mother]: Yes, that's correct.

[doctor]: Alright. He presents with low birth weight and jaundice. These are indications that there might be a moderate risk of vertical transmission of HIV.

[mother]: Oh no, that's what I was afraid of.

[doctor]: I understand your concern. Let's go over his current status. We'll do our best to ensure he gets the best care possible.

[mother]: Thank you, Doctor. I really appreciate it.

[doctor]: For the review of systems, he has a low birth weight and jaundice observed. However, there's no respiratory distress noted, and his heart rate and rhythm are normal.

[mother]: That's good to hear.

[doctor]: Neurologically, there are no abnormalities noted. Let's discuss his vital signs. His Apgar scores were 7 at 1 minute and 8 at 5 minutes, which is a good sign.

[mother]: What does that mean exactly?

[doctor]: The Apgar score assesses a newborn's health right after birth. Scores between 7 and 10 are generally normal. His heart rate, respiratory rate, and temperature are all normal but under close monitoring.

[mother]: Okay, that's reassuring.

[doctor]: In the physical exam, we noted he has a low birth weight and jaundice, which is visible on his skin. His fontanels are soft and flat, which is good. His cardiovascular system is functioning well with no murmurs, and he has a regular rate and rhythm.

[mother]: That's a relief.

[doctor]: Respiratory-wise, he has clear breath sounds with no retractions. His abdomen is soft with no organomegaly, and neurologically, his reflexes are intact, he has good muscle tone, and there are no seizures or abnormal movements observed.

[mother]: That sounds positive so far.

[doctor]: We performed an ultrasound of his abdomen to rule out any congenital abnormalities, and no abnormalities were detected.

[mother]: That's good news.

[doctor]: We are still awaiting the results of his hematology—Complete Blood Count (CBC) with differential. This will help us monitor his infection status.

[mother]: Alright, I understand.

[doctor]: Now, let's go over the assessment and plan. The diagnosis is that your newborn is affected by maternal infectious and parasitic diseases, with a moderate risk of vertical transmission of HIV, and he has jaundice and low birth weight.

[mother]: Okay, what does that mean for his treatment?

[doctor]: We will administer antibiotics: Ampicillin 50 mg/kg IV every 12 hours for 7 days.

[mother]: Antibiotics? Is that necessary?

[doctor]: Yes, it's a precautionary measure to prevent any potential bacterial infections since his immune system is still developing.

[mother]: I see. What else?

[doctor]: We recommend a neonatal follow-up in 1 week to monitor his progress. Additionally, we've referred you to Pediatric Infectious Disease Specialist Dr. Charlotte Brown for further management.

[mother]: Alright, we will follow up with her.

[doctor]: We've also ordered a Complete Blood Count (CBC) with differential to monitor infection status and a biochemistry electrolytes panel for metabolic monitoring.

[mother]: That sounds thorough. Thank you for explaining everything.

[doctor]: Absolutely. Your newborn will continue to be monitored closely in the NICU with supportive care as necessary. We've briefed your family about his condition and the treatment plan. It's important to follow up with the Pediatric Infectious Disease Specialist for comprehensive care.

[mother]: Thank you, Doctor. I feel better knowing he’s in good hands.

[doctor]: You're very welcome. If you have any questions or need further assistance, please feel free to ask.

[mother]: I will. Thank you again for everything.

[doctor]: Take care. We are here to support you and your baby."
BIPOLAR DISORDER, CURRENT EPISODE DEPRESSED, SEVERE, WITH PSYCHOTIC FEATURES|"ROLE: Psychiatrist

- **Medical Outcome:** 
  - Diagnosis: Bipolar Disorder, Current Episode Depressed, Severe, with Psychotic Features
  - Prescribed Treatment: Quetiapine 50 mg, oral, once daily at bedtime, 30 tablets
  - Follow-up Recommendations: Follow-up appointment in 2 weeks
  - Referral to Specialists: Referral to Dr. Susan Harris, Psychotherapist, for weekly cognitive behavioral therapy
  - Blood Work: Complete Blood Count (CBC) and Liver Function Tests (LFTs) to be done as baseline due to starting quetiapine

- **Medical History:**
  - Previous Diagnoses: Bipolar Disorder, Generalized Anxiety Disorder
  - Family Medical History: Mother with Major Depressive Disorder
  - Medication History: Previously on Lithium but discontinued due to side effects
  - Allergies: None
  - Chronic Conditions: None

- **Symptom Description:**
  - Severity: Severe depressive symptoms, daily crying spells, feelings of hopelessness
  - Duration: Current episode has lasted 6 weeks
  - Associated Symptoms: Auditory hallucinations (hearing voices), significant weight loss
  - Frequency: Symptoms are constant, hallucinations occur daily
  - Impact on Daily Activities: Unable to perform daily tasks, missed work for the past month

- **Patient’s self-reported habits and lifestyle:**
  - Sleep: Poor sleep, less than 4 hours per night
  - Diet: Poor appetite, significant weight loss
  - Exercise: No regular exercise
  - Tobacco Use: Smokes 1 pack per day
  - Alcohol Consumption: Drinks heavily on weekends
  - Drug Use: Denies illegal drug use
  - Recreational Activities: None currently due to depression

- **Demographic Information:**
  - Age: 38
  - Gender: Female
  - Ethnicity: Caucasian
  - Socio-economic Status: Lower-middle class
  - Education Level: Bachelor's degree
  - Health Literacy: Moderate
  - Job Status: Marketing Manager, currently on medical leave

- **Patient's Behavior:**
  - Cooperation: Generally cooperative but shows signs of distress during the consultation

- **Geographical Location:**
  - Big City vs Small City: Big City
  - Urban vs Rural: Urban
  - Pollution and Environmental Health Risks: Moderate air pollution
  - Neighborhood Type: Middle-income, well-served by transit, not a food desert

- **Clinical Setting:**
  - Private Practice

- **Type of Encounter:**
  - Initial Consultation

- **Treatment Disparities:**
  - None identified

- **Native or Non-Native English Speaking Patient:**
  - Native English Speaker

- **Physical exams:**
  - NA

- **Investigation/Test results:**
  - Baseline tests to be done: Complete Blood Count (CBC) and Liver Function Tests (LFTs)

(Note: This is an artificial scenario for educational purposes and should not be used as a substitute for professional medical advice.)"|"#####
**Subjective:**

**Chief Complaint (CC):**
38-year-old female presents with severe depressive symptoms, daily crying spells, and feelings of hopelessness.

**History of Present Illness (HPI):**
The patient, a 38-year-old Caucasian female with a history of Bipolar Disorder and Generalized Anxiety Disorder, reports a severe depressive episode lasting for the past 6 weeks. She describes daily crying spells, pervasive feelings of hopelessness, and significant weight loss. Additionally, she reports daily auditory hallucinations, specifically hearing voices that are distressing and derogatory. The patient has been unable to perform daily tasks and has missed work for the past month. 

She has a history of medication non-compliance due to side effects from Lithium, which she discontinued. She reports poor sleep, getting less than 4 hours of sleep per night, and poor appetite leading to significant weight loss. She also smokes 1 pack of cigarettes per day and drinks heavily on weekends. Denies illegal drug use. No recreational activities currently due to the depressive symptoms.

**Review of Systems (ROS):**
- **Constitutional:** Reports significant weight loss, poor sleep.
- **Psychiatric:** Severe depressive symptoms, daily auditory hallucinations, feelings of hopelessness.
- **GI:** Poor appetite.
- **General:** No allergies or chronic conditions.

**Objective:**
- **General:** Patient appeared distressed and tearful during the consultation but was generally cooperative.
- **Psychiatric:** Patient demonstrated a flat affect, decreased psychomotor activity, and voiced feelings of hopelessness. Auditory hallucinations were noted. 

**Assessment:**
- **Bipolar Disorder, Current Episode Depressed, Severe, with Psychotic Features**
  - The patient exhibits severe depressive symptoms with daily crying spells, feelings of hopelessness, and significant weight loss. Auditory hallucinations are present and persistent.

**Plan:**
1. **Medical Treatment:**
   - Prescribe Quetiapine 50 mg, oral, once daily at bedtime for 30 days.
   
2. **Follow-up Recommendations:**
   - Schedule a follow-up appointment in 2 weeks to evaluate the response to the treatment and adjust the dosage if necessary.
   
3. **Referral to Specialists:**
   - Referral to Dr. Susan Harris, Psychotherapist, for weekly cognitive behavioral therapy (CBT).
   
4. **Additional Testing:**
   - Order Complete Blood Count (CBC) and Liver Function Tests (LFTs) as baseline evaluations due to starting quetiapine.

5. **Patient Education and Counseling:**
   - Explain the importance of medication compliance and potential side effects of quetiapine.
   - Discuss lifestyle modifications, including reducing alcohol consumption and smoking cessation strategies.
   - Encourage engaging in activities that might improve mood, such as light exercise or hobbies, as tolerated.
   
6. **Patient Agreements:**
   - The patient understands and agrees with the recommended treatment plan and follow-up schedule. She expresses willingness to start the prescribed medication and attend therapy sessions.

**Patient Demographics and Social Context:**
- The patient is a 38-year-old Caucasian female, currently on medical leave from her job as a Marketing Manager. She lives in an urban area with moderate air pollution and is generally well-served by transit. She comes from a lower-middle-class background and has moderate health literacy.

This note captures the patient’s history, presentation, and the physician's assessment and plan, ensuring comprehensive care in the management of her bipolar disorder with severe depressive episode and psychotic features."|"**Subjective:**

**Chief Complaint (CC):**
38-year-old female presents with severe depressive symptoms, daily crying spells, and feelings of hopelessness.

**History of Present Illness (HPI):**
The patient, a 38-year-old Caucasian female with a history of Bipolar Disorder and Generalized Anxiety Disorder, reports a severe depressive episode lasting for the past 6 weeks. She describes daily crying spells, pervasive feelings of hopelessness, and significant weight loss. Additionally, she reports daily auditory hallucinations, specifically hearing voices that are distressing and derogatory. The patient has been unable to perform daily tasks and has missed work for the past month. 

She has a history of medication non-compliance due to side effects from Lithium, which she discontinued. She reports poor sleep, getting less than 4 hours of sleep per night, and poor appetite leading to significant weight loss. She also smokes 1 pack of cigarettes per day and drinks heavily on weekends. Denies illegal drug use. No recreational activities currently due to the depressive symptoms.

**Review of Systems (ROS):**
- **Constitutional:** Reports significant weight loss, poor sleep.
- **Psychiatric:** Severe depressive symptoms, daily auditory hallucinations, feelings of hopelessness.
- **GI:** Poor appetite.
- **General:** No allergies or chronic conditions.

**Objective:**
- **General:** Patient appeared distressed and tearful during the consultation but was generally cooperative.
- **Psychiatric:** Patient demonstrated a flat affect, decreased psychomotor activity, and voiced feelings of hopelessness. Auditory hallucinations were noted. 

**Assessment:**
- **Bipolar Disorder, Current Episode Depressed, Severe, with Psychotic Features**
  - The patient exhibits severe depressive symptoms with daily crying spells, feelings of hopelessness, and significant weight loss. Auditory hallucinations are present and persistent.

**Plan:**
1. **Medical Treatment:**
   - Prescribe Quetiapine 50 mg, oral, once daily at bedtime for 30 days.
   
2. **Follow-up Recommendations:**
   - Schedule a follow-up appointment in 2 weeks to evaluate the response to the treatment and adjust the dosage if necessary.
   
3. **Referral to Specialists:**
   - Referral to Dr. Susan Harris, Psychotherapist, for weekly cognitive behavioral therapy (CBT).
   
4. **Additional Testing:**
   - Order Complete Blood Count (CBC) and Liver Function Tests (LFTs) as baseline evaluations due to starting quetiapine.

5. **Patient Education and Counseling:**
   - Explain the importance of medication compliance and potential side effects of quetiapine.
   - Discuss lifestyle modifications, including reducing alcohol consumption and smoking cessation strategies.
   - Encourage engaging in activities that might improve mood, such as light exercise or hobbies, as tolerated.
   
6. **Patient Agreements:**
   - The patient understands and agrees with the recommended treatment plan and follow-up schedule. She expresses willingness to start the prescribed medication and attend therapy sessions."|"**Subjective:**

**CC:**
38 y/o F presents with severe depressive sx, daily crying spells, and feelings of hopelessness.

**HPI:**
The pt, a 38 y/o Caucasian F with a hx of Bipolar Disorder and GAD, reports a severe depressive episode lasting for the past 6 wks. She describes daily crying spells, pervasive feelings of hopelessness, and significant wt loss. Additionally, she reports daily AH, specifically hearing voices that are distressing and derogatory. The pt has been unable to perform ADLs and has missed work for the past month.

She has a hx of med non-compliance due to SEs from Lithium, which she d/c'd. She reports poor sleep, getting <4 hrs of sleep per night, and poor appetite leading to significant wt loss. She also smokes 1 ppd and drinks heavily on weekends. Denies illicit drug use. No recreational activities currently due to the depressive sx.

**ROS:**
- **Constitutional:** Reports significant wt loss, poor sleep.
- **Psychiatric:** Severe depressive sx, daily AH, feelings of hopelessness.
- **GI:** Poor appetite.
- **General:** No allergies or chronic conditions.

**Objective:**
- **General:** Pt appeared distressed and tearful during the consultation but was generally cooperative.
- **Psychiatric:** Pt demonstrated a flat affect, decreased psychomotor activity, and voiced feelings of hopelessness. AH were noted.

**Assessment:**
- **Bipolar Disorder, Current Episode Depressed, Severe, with Psychotic Features**
  - The pt exhibits severe depressive sx with daily crying spells, feelings of hopelessness, and significant wt loss. AH are present and persistent.

**Plan:**
1. **Medical Treatment:**
   - Rx Quetiapine 50 mg PO QHS x30 days.
   
2. **Follow-up Recommendations:**
   - F/U in 2 wks to eval response to tx and adjust dosage if necessary.
   
3. **Referral to Specialists:**
   - Referral to Dr. Susan Harris, Psychotherapist, for weekly CBT.
   
4. **Additional Testing:**
   - Order CBC and LFTs as baseline evals due to starting quetiapine.

5. **Patient Education and Counseling:**
   - Explain the importance of med compliance and potential SEs of quetiapine.
   - Discuss lifestyle modifications, including reducing EtOH consumption and smoking cessation strategies.
   - Encourage engaging in activities that might improve mood, such as light exercise or hobbies, as tolerated.
   
6. **Patient Agreements:**
   - The pt understands and agrees with the recommended tx plan and F/U schedule. She expresses willingness to start the prescribed med and attend therapy sessions."|Psychiatrist|"[doctor] Good morning, how are you feeling today?
[patient] Not great, to be honest. I've been really struggling.
[doctor] I'm sorry to hear that. Can you tell me more about what's been going on?
[patient] I've been feeling extremely depressed for the past six weeks. I cry every day and feel completely hopeless. It's been really hard.
[doctor] I see. Have you noticed any changes in your weight or sleep patterns?
[patient] Yes, I've lost a lot of weight because I have no appetite. And I'm not sleeping well at all, maybe getting less than four hours a night.
[doctor] That sounds very challenging. Are you experiencing any other symptoms?
[patient] Yes, I've been hearing voices every day. They're really distressing and say horrible things.
[doctor] I'm sorry to hear that. Have you been able to perform your daily tasks or go to work?
[patient] No, I've missed work for the past month. I just can't manage anything right now.
[doctor] Okay, let's talk a bit about your medical history. You mentioned that you have Bipolar Disorder and Generalized Anxiety Disorder, correct?
[patient] Yes, that's right.
[doctor] And how have you been managing your medications? Are you currently taking anything?
[patient] I stopped taking Lithium because of the side effects. I haven't been on anything else since then.
[doctor] I understand. Have you had any issues with compliance to medications in the past?
[patient] Yes, I struggle with the side effects, which makes it hard to stick to them.
[doctor] Okay. In terms of your lifestyle, do you smoke or drink alcohol?
[patient] Yes, I smoke about a pack of cigarettes a day and drink heavily on weekends.
[doctor] Do you use any illegal drugs?
[patient] No, I don't use any illegal drugs.
[doctor] And are you currently engaging in any recreational activities?
[patient] No, I haven't been able to do anything because of how I'm feeling.
[doctor] Thank you for sharing that. Let's go over your current symptoms. You mentioned significant weight loss and poor sleep, correct?
[patient] Yes, that's right.
[doctor] And you're experiencing severe depressive symptoms and daily auditory hallucinations?
[patient] Yes, every day.
[doctor] Okay, let's do a quick physical exam. I'm just going to check a few things. Please bear with me.
[patient] Alright.
[doctor] Your general appearance is distressed and tearful, but you're cooperative. Now, for the psychiatric exam, I notice you have a flat affect and decreased psychomotor activity. Is that correct?
[patient] Yes, I feel very flat and slow.
[doctor] And you have voiced feelings of hopelessness and are experiencing auditory hallucinations, correct?
[patient] Yes, exactly.
[doctor] Based on what you've told me and the exam, I think you're experiencing a severe depressive episode with psychotic features, related to your Bipolar Disorder. Does that make sense to you?
[patient] Yes, it does.
[doctor] I want to start you on a medication called Quetiapine. You'll take 50 mg orally once daily at bedtime. How does that sound?
[patient] Okay, I can do that.
[doctor] We'll also need to schedule a follow-up appointment in two weeks to see how you're responding to the treatment. We may need to adjust the dosage.
[patient] Alright.
[doctor] I'm also going to refer you to Dr. Susan Harris for weekly cognitive behavioral therapy. She'll be able to help you with some of the emotional and psychological challenges you're facing.
[patient] That sounds like a good idea.
[doctor] Before we start the Quetiapine, I want to run a Complete Blood Count and Liver Function Tests to get a baseline evaluation. Is that okay with you?
[patient] Yes, that's fine.
[doctor] Great. It's important to be compliant with the medication. Quetiapine can have side effects, and we'll discuss those in detail. You should also try to reduce your alcohol consumption and consider smoking cessation strategies.
[patient] I'll try my best.
[doctor] I also encourage you to engage in activities that might improve your mood, like light exercise or hobbies, as tolerated. 
[patient] I'll see what I can do.
[doctor] Do you have any questions or concerns about the treatment plan?
[patient] No, I think I understand everything.
[doctor] I want to make sure you feel supported. You're not alone in this. We'll work through it together.
[patient] Thank you, doctor. I appreciate it.
[doctor] You're very welcome. I'll see you in two weeks. In the meantime, please start the medication and attend the therapy sessions with Dr. Harris.
[patient] I will. Thank you.
[doctor] Take care, and don't hesitate to reach out if you need anything before the next appointment.
[patient] Okay, I will. Thank you again.
[doctor] You're welcome. See you soon."|"[doctor] Good morning, how are you feeling today?

[patient] Not great, to be honest. I've been really struggling.

[doctor] I'm sorry to hear that. Can you tell me more about what's been going on?

[patient] I've been feeling extremely depressed for the past six weeks. I cry every day and feel completely hopeless. It's been really hard.

[doctor] Hmm, I see. Have you noticed any changes in your weight or sleep patterns?

[patient] Yes, I've lost a lot of weight because I have no appetite. And I'm not sleeping well at all, maybe getting less than four hours a night.

[doctor] That sounds very challenging. Are you experiencing any other symptoms?

[patient] Yes, I've been hearing voices every day. They're really distressing and say horrible things.

[doctor] I'm sorry to hear that. Have you been able to perform your daily tasks or go to work?

[patient] No, I've missed work for the past month. I just can't manage anything right now.

[doctor] Okay, let's talk a bit about your medical history. You mentioned that you have Bipolar Disorder and Generalized Anxiety Disorder, correct?

[patient] Yes, that's right.

[doctor] And how have you been managing your medications? Are you currently taking anything?

[patient] I stopped taking Lithium because of the side effects. I haven't been on anything else since then.

[doctor] I understand. Have you had any issues with compliance to medications in the past?

[patient] Yes, I struggle with the side effects, which makes it hard to stick to them.

[doctor] Okay. In terms of your lifestyle, do you smoke or drink alcohol?

[patient] Yes, I smoke about a pack of cigarettes a day and drink heavily on weekends.

[doctor] Do you use any illegal drugs?

[patient] No, I don't use any illegal drugs.

[doctor] And are you currently engaging in any recreational activities?

[patient] No, I haven't been able to do anything because of how I'm feeling.

[doctor] Thank you for sharing that. Let's go over your current symptoms. You mentioned significant weight loss and poor sleep, correct?

[patient] Yes, that's right.

[doctor] And you're experiencing severe depressive symptoms and daily auditory hallucinations?

[patient] Yes, every day.

[doctor] Okay, let's do a quick physical exam. I'm just going to check a few things. Please bear with me.

[patient] Alright.

[doctor] Your general appearance is distressed and tearful, but you're cooperative. Now, for the psychiatric exam, I notice you have a flat affect and decreased psychomotor activity. Is that correct?

[patient] Yes, I feel very flat and slow.

[doctor] And you have voiced feelings of hopelessness and are experiencing auditory hallucinations, correct?

[patient] Yes, exactly.

[doctor] Based on what you've told me and the exam, I think you're experiencing a severe depressive episode with psychotic features, related to your Bipolar Disorder. Does that make sense to you?

[patient] Yes, it does.

[doctor] I want to start you on a medication called Quetiapine. You'll take 50 mg orally once daily at bedtime. How does that sound?

[patient] Okay, I can do that.

[doctor] We'll also need to schedule a follow-up appointment in two weeks to see how you're responding to the treatment. We may need to adjust the dosage.

[patient] Alright.

[doctor] I'm also going to refer you to Dr. Susan Harris for weekly cognitive behavioral therapy. She'll be able to help you with some of the emotional and psychological challenges you're facing.

[patient] That sounds like a good idea.

[doctor] Before we start the Quetiapine, I want to run a Complete Blood Count and Liver Function Tests to get a baseline evaluation. Is that okay with you?

[patient] Yes, that's fine.

[doctor] Great. It's important to be compliant with the medication. Quetiapine can have side effects, and we'll discuss those in detail. You should also try to reduce your alcohol consumption and consider smoking cessation strategies.

[patient] I'll try my best.

[doctor] I also encourage you to engage in activities that might improve your mood, like light exercise or hobbies, as tolerated.

[patient] I'll see what I can do.

[doctor] Do you have any questions or concerns about the treatment plan?

[patient] No, I think I understand everything.

[doctor] I want to make sure you feel supported. You're not alone in this. We'll work through it together.

[patient] Thank you, doctor. I appreciate it.

[doctor] You're very welcome. I'll see you in two weeks. In the meantime, please start the medication and attend the therapy sessions with Dr. Harris.

[patient] I will. Thank you.

[doctor] Take care, and don't hesitate to reach out if you need anything before the next appointment.

[patient] Okay, I will. Thank you again.

[doctor] You're welcome. See you soon."
BIPOLAR DISORDER, CURRENT EPISODE DEPRESSED, SEVERE, WITH PSYCHOTIC FEATURES|"ROLE: Psychiatrist

**1) Medical Outcome:**
- Diagnosis: Bipolar Disorder, current episode depressed, severe, with psychotic features.
- Prescribed Treatment:
  - Medication: Lamotrigine 25 mg, oral, daily, increase gradually to 200 mg daily.
  - Medication: Aripiprazole 10 mg, oral, once daily.
  - Referral to further tests: Order for blood work including thyroid function tests and complete metabolic panel.
  - Follow-up Recommendations: Follow-up in 2 weeks to monitor medication efficacy and side effects.
  - Referral to a Specialist: Referral to a psychotherapist specializing in cognitive-behavioral therapy (CBT), Dr. Sarah Lee.
  - Imaging: CT scan of the head to rule out any organic causes of psychosis.

**2) Medical History:**
- Previous Diagnoses: Adult onset ADHD.
- Family Medical History: Brother with Obsessive-Compulsive Disorder, Father with Bipolar Disorder.
- Medication History: Previously on fluoxetine, discontinued due to ineffectiveness; on low-dose methylphenidate for ADHD.
- Allergies: Allergic to Sulfa drugs.
- Chronic Conditions: Type 2 Diabetes Mellitus, controlled with metformin.

**3) Symptom Description:**
- Severity: Extreme depressive episode, marked by anhedonia and severe psychomotor retardation.
- Duration: Symptoms persisting for the last 6 weeks.
- Associated Symptoms: Delusional guilt, auditory hallucinations (critical voices), insomnia.
- Frequency: Daily depressive symptoms, auditory hallucinations several times during the day.
- Impact on Daily Activities: Incapacity to attend work, difficulty in performing basic self-care tasks.

**4) Patient's self-reported habits and lifestyle:**
- Sleep: Reports severe insomnia, sleeping less than 2 hours per night.
- Diet: Extremely poor appetite, significant weight loss of 15 lbs in the last month.
- Exercise: No physical activity.
- Tobacco Use: Never smoked.
- Alcohol Consumption: Alcohol use disorder, currently abstinent for 3 years.
- Drug Use: Previously abused opioids, in remission for 5 years.
- Recreational Activities: No involvement in hobbies or social engagements.

**5) Demographic Information:**
- Age: 52
- Gender: Female
- Ethnicity: Asian
- Socio-economic Status: Lower middle class
- Education Level: High school diploma
- Health Literacy: Low, struggles to understand medical terminology.
- Job Status: Unemployed, receiving disability benefits.

**6) Patient's Behavior:**
- Initially resistant to discussing symptoms, showing significant anxiety and fear.

**7) Geographical Location:**
- Rural: Lives in a rural area outside Boise, Idaho.
- Neighborhood Type: Low-income, limited access to healthcare and public services.

**8) Clinical Setting:**
- Telemedicine consultation due to geographical constraints.

**9) Type of Encounter:**
- Emergency Visit for acute psychiatric crisis management.

**10) Treatment Disparities:**
- Potential limitations due to limited access to mental health specialists in rural areas.

**11) Native or Non-Native English Speaking Patient:**
- Non-Native English-speaking patient, primarily speaks Mandarin.

**12) Physical exams:**
- General Appearance: Patient appears disheveled and underweight.
- Neurological Exam: NA.
- Cardiovascular: NA.
- Respiratory: NA.
- Gastrointestinal: NA.
- Musculoskeletal: NA.

**13) Investigation/Test results:**
- Awaiting results from blood work, including thyroid function tests and a complete metabolic panel.
- CT scan of the head scheduled to rule out organic causes of psychosis.

"|"#####
CHIEF COMPLAINT

Severe depressive episode with psychotic features.

HISTORY OF PRESENT ILLNESS

Lily Chen is a 52-year-old female with a past medical history significant for adult onset ADHD and type 2 diabetes mellitus, who presents with worsening depressive symptoms and psychotic features. The symptoms have been ongoing for the last 6 weeks.

The patient reports experiencing extreme anhedonia and severe psychomotor retardation. She is unable to attend work and has difficulty performing basic self-care tasks. She describes a marked decline in sleep, averaging less than 2 hours per night, and a significant weight loss of 15 lbs in the last month due to her poor appetite.

Ms. Chen describes daily depressive symptoms, and she endorses experiencing delusional guilt and auditory hallucinations in the form of critical voices several times during the day. Her condition has substantially impacted her ability to engage in any form of social or recreational activities.

REVIEW OF SYSTEMS

- Psychiatric: Endorses extreme depression, anhedonia, severe psychomotor retardation, delusional guilt, and auditory hallucinations. Reports severe insomnia and significant weight loss.
- Constitutional: Denies fever and chills.
- Cardiovascular: Denies chest pain and palpitations.
- Respiratory: Denies shortness of breath.
- Gastrointestinal: No nausea or vomiting.
- Musculoskeletal: No joint pain or swelling.
- Neurological: No seizures or other neurological symptoms.
- Endocrine: No symptoms of thyroid dysfunction.
- Hematologic: No easy bruising or bleeding.
- Allergic/Immunologic: No known allergies except for a noted allergy to Sulfa drugs.

PHYSICAL EXAMINATION

- General Appearance: Patient appears disheveled and underweight.
- Neurological: Not assessed in detail.
- Cardiovascular: Not assessed.
- Respiratory: Not assessed.
- Gastrointestinal: Not assessed.
- Musculoskeletal: Not assessed.

RESULTS

- Awaiting results from blood work, including thyroid function tests and complete metabolic panel.
- CT scan of the head ordered to rule out organic causes of psychosis.

ASSESSMENT

Lily Chen is a 52-year-old female presenting with symptoms consistent with Bipolar Disorder, current episode depressed, severe, with psychotic features. Given her significant psychomotor retardation, marked anhedonia, and psychotic symptoms, immediate intervention is deemed necessary.

PLAN

1. **Medication:**
   - Initiate Lamotrigine 25 mg, orally, daily, and titrate gradually to 200 mg daily.
   - Start Aripiprazole 10 mg, orally, once daily.

2. **Laboratory Tests:**
   - Order blood work including thyroid function tests and complete metabolic panel to assess for underlying medical conditions that could be contributing to psychiatric symptoms.

3. **Imaging:**
   - Schedule a CT scan of the head to rule out any organic causes of psychosis.

4. **Referral:**
   - Refer to Dr. Sarah Lee, a psychotherapist specializing in cognitive-behavioral therapy (CBT), for ongoing therapy and support.

5. **Monitoring and Follow-Up:**
   - Schedule a follow-up appointment in 2 weeks to monitor medication efficacy and side effects.

6. **Patient Education and Support:**
   - Provide education on the importance of medication adherence and offer resources for managing diabetes and overall health.
   - Discuss the importance of a support system and explore community resources that may provide additional help given the patient's limited access to healthcare services.

Patient Agreements: The patient understands and agrees with the recommended medical treatment plan.
#####
"|"**1. Subjective:**
Lily Chen is a 52-year-old female with a past medical history significant for adult onset ADHD and type 2 diabetes mellitus, who presents with worsening depressive symptoms and psychotic features. The symptoms have been ongoing for the last 6 weeks.

The patient reports experiencing extreme anhedonia and severe psychomotor retardation. She is unable to attend work and has difficulty performing basic self-care tasks. She describes a marked decline in sleep, averaging less than 2 hours per night, and a significant weight loss of 15 lbs in the last month due to her poor appetite.

Ms. Chen describes daily depressive symptoms, and she endorses experiencing delusional guilt and auditory hallucinations in the form of critical voices several times during the day. Her condition has substantially impacted her ability to engage in any form of social or recreational activities.

**2. Objective:**
- **Review of Systems:**
  - Psychiatric: Endorses extreme depression, anhedonia, severe psychomotor retardation, delusional guilt, and auditory hallucinations. Reports severe insomnia and significant weight loss.
  - Constitutional: Denies fever and chills.
  - Cardiovascular: Denies chest pain and palpitations.
  - Respiratory: Denies shortness of breath.
  - Gastrointestinal: No nausea or vomiting.
  - Musculoskeletal: No joint pain or swelling.
  - Neurological: No seizures or other neurological symptoms.
  - Endocrine: No symptoms of thyroid dysfunction.
  - Hematologic: No easy bruising or bleeding.
  - Allergic/Immunologic: No known allergies except for a noted allergy to Sulfa drugs.

- **Physical Examination:**
  - General Appearance: Patient appears disheveled and underweight.
  - Neurological: Not assessed in detail.
  - Cardiovascular: Not assessed.
  - Respiratory: Not assessed.
  - Gastrointestinal: Not assessed.
  - Musculoskeletal: Not assessed.

**3. Assessment:**
Lily Chen is a 52-year-old female presenting with symptoms consistent with Bipolar Disorder, current episode depressed, severe, with psychotic features. Given her significant psychomotor retardation, marked anhedonia, and psychotic symptoms, immediate intervention is deemed necessary.

**4. Plan:**
1. **Medication:**
   - Initiate Lamotrigine 25 mg, orally, daily, and titrate gradually to 200 mg daily.
   - Start Aripiprazole 10 mg, orally, once daily.

2. **Laboratory Tests:**
   - Order blood work including thyroid function tests and complete metabolic panel to assess for underlying medical conditions that could be contributing to psychiatric symptoms.

3. **Imaging:**
   - Schedule a CT scan of the head to rule out any organic causes of psychosis.

4. **Referral:**
   - Refer to Dr. Sarah Lee, a psychotherapist specializing in cognitive-behavioral therapy (CBT), for ongoing therapy and support.

5. **Monitoring and Follow-Up:**
   - Schedule a follow-up appointment in 2 weeks to monitor medication efficacy and side effects.

6. **Patient Education and Support:**
   - Provide education on the importance of medication adherence and offer resources for managing diabetes and overall health.
   - Discuss the importance of a support system and explore community resources that may provide additional help given the patient's limited access to healthcare services.

Patient Agreements: The patient understands and agrees with the recommended medical treatment plan."|"**1. Subjective:**
Lily Chen is a 52 y/o F with PMH significant for adult onset ADHD and T2DM, who presents with worsening depressive sx and psychotic features. The sx have been ongoing for the last 6 wks.

The pt reports experiencing extreme anhedonia and severe psychomotor retardation. She is unable to attend work and has difficulty performing basic self-care tasks. She describes a marked decline in sleep, averaging <2 hrs/night, and a significant wt loss of 15 lbs in the last month due to her poor appetite.

Ms. Chen describes daily depressive sx, and she endorses experiencing delusional guilt and AH in the form of critical voices several times during the day. Her condition has substantially impacted her ability to engage in any form of social or recreational activities.

**2. Objective:**
- **ROS:**
  - Psych: Endorses extreme depression, anhedonia, severe psychomotor retardation, delusional guilt, and AH. Reports severe insomnia and significant wt loss.
  - Const: Denies fever and chills.
  - CV: Denies CP and palpitations.
  - Resp: Denies SOB.
  - GI: No N/V.
  - MSK: No joint pain or swelling.
  - Neuro: No seizures or other neuro sx.
  - Endo: No sx of thyroid dysfunction.
  - Heme: No easy bruising or bleeding.
  - Allerg/Immun: No known allergies except for a noted allergy to Sulfa drugs.

- **PE:**
  - Gen: Pt appears disheveled and underweight.
  - Neuro: Not assessed in detail.
  - CV: Not assessed.
  - Resp: Not assessed.
  - GI: Not assessed.
  - MSK: Not assessed.

**3. Assessment:**
Lily Chen is a 52 y/o F presenting with sx consistent with Bipolar Disorder, current episode depressed, severe, with psychotic features. Given her significant psychomotor retardation, marked anhedonia, and psychotic sx, immediate intervention is deemed necessary.

**4. Plan:**
1. **Rx:**
   - Initiate Lamotrigine 25 mg PO daily, and titrate gradually to 200 mg daily.
   - Start Aripiprazole 10 mg PO QD.

2. **Labs:**
   - Order blood work including TFTs and CMP to assess for underlying medical conditions that could be contributing to psych sx.

3. **Imaging:**
   - Schedule a CT head to r/o any organic causes of psychosis.

4. **Referral:**
   - Refer to Dr. Sarah Lee, a psychotherapist specializing in CBT, for ongoing therapy and support.

5. **Monitoring and F/U:**
   - Schedule a F/U appt in 2 wks to monitor med efficacy and SEs.

6. **Pt Education and Support:**
   - Provide education on the importance of med adherence and offer resources for managing DM and overall health.
   - Discuss the importance of a support system and explore community resources that may provide additional help given the pt's limited access to healthcare services.

Pt Agreements: The pt understands and agrees with the recommended medical treatment plan."|Psychiatrist|"
[doctor] Good morning, Lily. How are you feeling today?

[patient] Good morning, doctor. Honestly, I'm not doing well at all.

[doctor] I'm sorry to hear that. Can you tell me more about what you've been experiencing?

[patient] Well, I've been feeling extremely depressed. It's been going on for about six weeks now, and it's just getting worse.

[doctor] I'm sorry to hear that. You mentioned that the depression has been getting worse. What other symptoms have you been experiencing?

[patient] I can't find joy in anything anymore. I'm so slow in everything I do. I can barely get out of bed, let alone go to work or take care of myself.

[doctor] That sounds really tough. Have you noticed any changes in your sleep or appetite?

[patient] Yes, I can't sleep at all. Maybe I get less than two hours a night. And I've lost about 15 pounds this past month because I just don't feel like eating.

[doctor] That's quite a bit of weight loss. Have you also experienced any feelings of guilt or heard any voices?

[patient] Yes, I feel this overwhelming guilt for things I haven't even done. And I hear these voices. They criticize me, and it's happening multiple times a day.

[doctor] I'm really sorry you're going through this. Have these symptoms affected your ability to engage in social or recreational activities?

[patient] Yes, I can't do anything. I don't see friends or family. I just stay at home.

[doctor] Alright, let's go through a few more questions to get a full picture. Have you had any fever or chills recently?

[patient] No, no fever or chills.

[doctor] Any chest pain or palpitations?

[patient] No, nothing like that.

[doctor] How about shortness of breath?

[patient] No, I haven't had any issues with my breathing.

[doctor] Any nausea or vomiting?

[patient] No, none of that either.

[doctor] Have you experienced any joint pain or swelling?

[patient] No, my joints are fine.

[doctor] Have you had any seizures or other neurological symptoms?

[patient] No.

[doctor] Any symptoms of thyroid dysfunction, like changes in your energy levels or skin texture?

[patient] No, not that I've noticed.

[doctor] Any easy bruising or bleeding?

[patient] No.

[doctor] Do you have any known allergies?

[patient] Yes, I'm allergic to Sulfa drugs.

[doctor] Thank you for sharing all this. Let's move on to a physical examination. I see that you appear somewhat disheveled and underweight. Is it alright if I proceed with a quick neurological assessment?

[patient] Yes, that's fine.

[doctor] Thank you. *[Performs quick neurological assessment]* Everything seems to be in order there. Now, I want to discuss the results of the tests we've ordered. We're still awaiting some blood work, including thyroid function tests and a complete metabolic panel. We've also ordered a CT scan of the head to rule out any organic causes of psychosis.

[patient] Okay, I understand.

[doctor] Based on your symptoms, I believe you're experiencing a severe depressive episode with psychotic features, possibly related to Bipolar Disorder. Given the severity of your symptoms, we need to start immediate treatment.

[patient] What kind of treatment?

[doctor] We'll start you on two medications. First, Lamotrigine, which we'll start at 25 mg daily and gradually increase to 200 mg daily. Second, Aripiprazole, at 10 mg once daily. These should help stabilize your mood and manage the psychotic symptoms.

[patient] Alright, I can do that.

[doctor] We'll also continue with the blood work to check for any underlying medical conditions that could be contributing to your symptoms. The CT scan will help us rule out any organic causes of psychosis.

[patient] Okay.

[doctor] I'm also going to refer you to Dr. Sarah Lee, a psychotherapist who specializes in cognitive-behavioral therapy. She'll provide ongoing therapy and support.

[patient] That sounds helpful.

[doctor] We'll need to closely monitor how you respond to the medication. Let's schedule a follow-up appointment in 2 weeks to see how you're doing and adjust the treatment if necessary.

[patient] Okay, I'll do that.

[doctor] It's very important that you adhere to the medication schedule. I'll also provide you with resources to manage your diabetes and overall health, since these can affect your mental health as well.

[patient] Thank you. I really appreciate it.

[doctor] Lastly, it's crucial to have a strong support system. We'll explore community resources that may provide additional help, especially since you mentioned having limited access to healthcare services.

[patient] That's really good to know.

[doctor] Do you have any questions or concerns about the treatment plan?

[patient] No, I think I understand everything. Thank you for your help.

[doctor] You're welcome, Lily. We'll get through this together. Remember, if you have any questions or concerns before your next appointment, don't hesitate to contact the office.

[patient] I will. Thank you, doctor.

[doctor] Take care, Lily. See you in two weeks.

[patient] See you then."|"[doctor] Good morning, Lily. How are you feeling today?

[patient] Good morning, doctor. Honestly, I'm not doing well at all.

[doctor] I'm sorry to hear that. Can you tell me more about what you've been experiencing?

[patient] Well, I've been feeling extremely depressed. It's been going on for about six weeks now, and it's just getting worse.

[doctor] I'm sorry to hear that. You mentioned that the depression has been getting worse. What other symptoms have you been experiencing?

[patient] I can't find joy in anything anymore. I'm so slow in everything I do. I can barely get out of bed, let alone go to work or take care of myself.

[doctor] That sounds really tough. Have you noticed any changes in your sleep or appetite?

[patient] Yes, I can't sleep at all. Maybe I get less than two hours a night. And I've lost about 15 pounds this past month because I just don't feel like eating.

[doctor] That's quite a bit of weight loss. Have you also experienced any feelings of guilt or heard any voices?

[patient] Yes, I feel this overwhelming guilt for things I haven't even done. And I hear these voices. They criticize me, and it's happening multiple times a day.

[doctor] I'm really sorry you're going through this. Have these symptoms affected your ability to engage in social or recreational activities?

[patient] Yes, I can't do anything. I don't see friends or family. I just stay at home.

[doctor] Alright, let's go through a few more questions to get a full picture. Have you had any fever or chills recently?

[patient] No, no fever or chills.

[doctor] Any chest pain or palpitations?

[patient] No, nothing like that.

[doctor] How about shortness of breath?

[patient] No, I haven't had any issues with my breathing.

[doctor] Any nausea or vomiting?

[patient] No, none of that either.

[doctor] Have you experienced any joint pain or swelling?

[patient] No, my joints are fine.

[doctor] Have you had any seizures or other neurological symptoms?

[patient] No.

[doctor] Any symptoms of thyroid dysfunction, like changes in your energy levels or skin texture?

[patient] No, not that I've noticed.

[doctor] Any easy bruising or bleeding?

[patient] No.

[doctor] Do you have any known allergies?

[patient] Yes, I'm allergic to Sulfa drugs.

[doctor] Thank you for sharing all this. Let's move on to a physical examination. I see that you appear somewhat disheveled and underweight. Is it alright if I proceed with a quick neurological assessment?

[patient] Yes, that's fine.

[doctor] Thank you. *[Performs quick neurological assessment]* Everything seems to be in order there. Now, I want to discuss the results of the tests we've ordered. We're still awaiting some blood work, including thyroid function tests and a complete metabolic panel. We've also ordered a CT scan of the head to rule out any organic causes of psychosis.

[patient] Okay, I understand.

[doctor] Based on your symptoms, I believe you're experiencing a severe depressive episode with psychotic features, possibly related to Bipolar Disorder. Given the severity of your symptoms, we need to start immediate treatment.

[patient] What kind of treatment?

[doctor] We'll start you on two medications. First, Lamotrigine, which we'll start at 25 mg daily and gradually increase to 200 mg daily. Second, Aripiprazole, at 10 mg once daily. These should help stabilize your mood and manage the psychotic symptoms.

[patient] Alright, I can do that.

[doctor] We'll also continue with the blood work to check for any underlying medical conditions that could be contributing to your symptoms. The CT scan will help us rule out any organic causes of psychosis.

[patient] Okay.

[doctor] I'm also going to refer you to Dr. Sarah Lee, a psychotherapist who specializes in cognitive-behavioral therapy. She'll provide ongoing therapy and support.

[patient] That sounds helpful.

[doctor] We'll need to closely monitor how you respond to the medication. Let's schedule a follow-up appointment in 2 weeks to see how you're doing and adjust the treatment if necessary.

[patient] Okay, I'll do that.

[doctor] It's very important that you adhere to the medication schedule. I'll also provide you with resources to manage your diabetes and overall health, since these can affect your mental health as well.

[patient] Thank you. I really appreciate it.

[doctor] Lastly, it's crucial to have a strong support system. We'll explore community resources that may provide additional help, especially since you mentioned having limited access to healthcare services.

[patient] That's really good to know.

[doctor] Do you have any questions or concerns about the treatment plan?

[patient] No, I think I understand everything. Thank you for your help.

[doctor] You're welcome, Lily. We'll get through this together. Remember, if you have any questions or concerns before your next appointment, don't hesitate to contact the office.

[patient] I will. Thank you, doctor.

[doctor] Take care, Lily. See you in two weeks.

[patient] See you then."
BIPOLAR DISORDER, CURRENT EPISODE DEPRESSED, SEVERE, WITH PSYCHOTIC FEATURES|"**ROLE:**
Psychiatrist

**Scenario:**

- **Medical Outcome:**
  - Diagnosis: Bipolar disorder, current episode depressed, severe, with psychotic features
  - Prescribed treatment: Antipsychotic, mood stabilizer, and adjunctive psychotherapy
  - Medications:
    - Aripiprazole 15 mg, oral, once daily, 30 tablets
    - Lithium 300 mg, oral, twice daily, 60 tablets
  - Follow-up recommendations: Weekly psychotherapy sessions for cognitive behavioral therapy, psychiatric follow-up in 2 weeks
  - Referral to specialist: Nutritional counseling with Dr. Karen Mason, Nutritionist, to address weight-related issues
  - Blood work: CBC, Basic Metabolic Panel (BMP), Thyroid function tests (TFTs), and Lithium level monitoring

- **Medical History:**
  - Previous Diagnoses: Panic Disorder, Obesity
  - Medication History: Previous SSRI use for Panic Disorder (Paroxetine)
  - Allergies: None
  - Chronic Conditions: Type 2 Diabetes

- **Symptom Description:**
  - Severity: Severe
  - Duration: 3 months
  - Associated Symptoms: Persistent auditory hallucinations, severe fatigue, hypersomnia, paranoia
  - Frequency: Continuous, with worsening over the last month
  - Impact on Daily Activities: Unable to work, significant decline in self-care, isolating from family and friends

- **Patient’s self-reported habits and lifestyle:**
  - Sleep: Excessive sleep, more than 10 hours per night but feeling unrested
  - Diet: High sugar intake, frequent snacking, increased weight over the past year
  - Exercise: Rarely exercises, sedentary lifestyle contributing to weight gain
  - Tobacco Use: Former smoker, quit 5 years ago
  - Alcohol Consumption: Occasionally, 1-2 drinks per week
  - Drug Use: None
  - Recreational Activities: Stopped all enjoyable activities, such as photography and hiking

- **Demographic Information:**
  - Age: 56
  - Gender: Female
  - Ethnicity: Asian
  - Socio-economic Status: Low-income
  - Education Level: Associate's Degree
  - Health Literacy: Basic
  - Job Status: Unemployed, previously worked as a cashier

- **Patient's Behavior:**
  - Cooperation: Compliant with medical advice, eager for improvement but reports financial concerns limiting treatment options

- **Geographical Location:**
  - Small Town
  - Neighborhood: Low-income area, limited access to public transportation, moderate environmental health risks

- **Clinical Setting:**
  - Community Mental Health Center

- **Type of Encounter:**
  - Routine Check-up following previous episode discharge

- **Treatment Disparities:**
  - Financial constraints limiting access to consistent medical care

- **Native or Non-Native English Speaking Patient:**
  - Non-Native English Speaker, primary language is Mandarin

- **Physical exams:**
  - Mental status examination: Poor grooming, blunted affect, auditory hallucinations present, slow speech, and thought process.

- **Investigation/Test results:**
  - Awaiting blood work results: CBC, Basic Metabolic Panel, Thyroid function tests, and Lithium levels"|"### Medical Note

**1. Subjective:**

**CHIEF COMPLAINT:**
Depressed mood with psychotic features.

**HISTORY OF PRESENT ILLNESS:**
A 56-year-old Asian female presents for a routine check-up following a discharge due to a severe depressive episode with psychotic features related to her bipolar disorder. The depressive episode has persisted for the last 3 months, with a significant worsening in the past month. She reports persistent auditory hallucinations, severe fatigue, hypersomnia, and paranoia. The symptoms have severely impacted her ability to work and maintain daily activities, leading to social isolation.

**REVIEW OF SYSTEMS:**
- **Psychiatric:** Reports severe depressive symptoms, auditory hallucinations, paranoia, hypersomnia, fatigue, and inability to enjoy previously liked activities.
- **General:** Reports significant decline in self-care and grooming.
- **Endocrine:** Known Type 2 Diabetes.
- **Dietary:** High sugar intake, frequent snacking, weight gain.
- **Sleep:** Excessive sleep (>10 hours/night), feels unrested.

**2. Objective:**

**VITALS:**
- Blood Pressure: 130/85 mmHg
- Heart Rate: 78 bpm
- Respiratory Rate: 18 breaths per minute
- Temperature: 98.6°F

**PHYSICAL EXAM:**
- **General:** Poor grooming.
- **Mental Status Examination:** Blunted affect, slow speech, auditory hallucinations present, paranoia, thought process slowed.

**INVESTIGATION/TEST RESULTS:**
- Awaiting results: CBC, Basic Metabolic Panel, Thyroid Function Tests, Lithium levels.

**3. Assessment:**

Diagnosis:
1. Bipolar Disorder, current episode depressed, severe, with psychotic features.
2. Type 2 Diabetes.
3. Obesity.
4. Panic Disorder (previously diagnosed).

The patient presents with severe depressive symptoms consistent with bipolar disorder with psychotic features, combined with auditory hallucinations, paranoia, and hypersomnia. Impact on daily activities and self-care is significant.

**4. Plan:**

**MEDICATIONS:**
- Aripiprazole 15 mg, oral, once daily, 30 tablets.
- Lithium 300 mg, oral, twice daily, 60 tablets.

**THERAPY:**
- Weekly psychotherapy sessions utilizing cognitive behavioral therapy (CBT).

**FOLLOW-UP:**
- Psychiatric follow-up in 2 weeks.
- Blood work: Monitor through CBC, Basic Metabolic Panel, Thyroid Function Tests, and Lithium levels.

**REFERRALS:**
- Nutritional counseling with Dr. Karen Mason, Nutritionist, to address weight-related issues and dietary habits.

**INSTRUCTIONS:**
- The patient is advised to keep a mood diary to help monitor symptoms and potential triggers.
- Encouraged to engage in light physical activity as tolerated to improve mood and manage weight.
- Discussed financial concerns and potential resources for affordable medication and therapy options, given her low-income status and financial constraints.

The patient is compliant and eager for improvement but has financial concerns. Efforts will be made to connect her with local support services to aid in consistent medical care. She is a non-native English speaker, so all instructions and treatment plans were explained using simple language and supplementary Mandarin translations where necessary."|"### Medical Note

**1. Subjective:**

**CHIEF COMPLAINT:**
Depressed mood with psychotic features.

**HISTORY OF PRESENT ILLNESS:**
A 56-year-old Asian female, named Mei Lin, presents for a routine check-up following a discharge due to a severe depressive episode with psychotic features related to her bipolar disorder. The depressive episode has persisted for the last 3 months, with a significant worsening in the past month. She reports persistent auditory hallucinations, severe fatigue, hypersomnia, and paranoia. The symptoms have severely impacted her ability to work and maintain daily activities, leading to social isolation.

**REVIEW OF SYSTEMS:**
- **Psychiatric:** Reports severe depressive symptoms, auditory hallucinations, paranoia, hypersomnia, fatigue, and inability to enjoy previously liked activities.
- **General:** Reports significant decline in self-care and grooming.
- **Endocrine:** Known Type 2 Diabetes.
- **Dietary:** High sugar intake, frequent snacking, weight gain.
- **Sleep:** Excessive sleep (>10 hours/night), feels unrested.

**2. Objective:**

**VITALS:**
- Blood Pressure: 130/85 mmHg
- Heart Rate: 78 bpm
- Respiratory Rate: 18 breaths per minute
- Temperature: 98.6°F

**PHYSICAL EXAM:**
- **General:** Poor grooming.
- **Mental Status Examination:** Blunted affect, slow speech, auditory hallucinations present, paranoia, thought process slowed.

**INVESTIGATION/TEST RESULTS:**
- Awaiting results: CBC, Basic Metabolic Panel, Thyroid Function Tests, Lithium levels.

**3. Assessment:**

Diagnosis:
1. Bipolar Disorder, current episode depressed, severe, with psychotic features.
2. Type 2 Diabetes.
3. Obesity.
4. Panic Disorder (previously diagnosed).

The patient presents with severe depressive symptoms consistent with bipolar disorder with psychotic features, combined with auditory hallucinations, paranoia, and hypersomnia. Impact on daily activities and self-care is significant.

**4. Plan:**

**MEDICATIONS:**
- Aripiprazole 15 mg, oral, once daily, 30 tablets.
- Lithium 300 mg, oral, twice daily, 60 tablets.

**THERAPY:**
- Weekly psychotherapy sessions utilizing cognitive behavioral therapy (CBT).

**FOLLOW-UP:**
- Psychiatric follow-up in 2 weeks.
- Blood work: Monitor through CBC, Basic Metabolic Panel, Thyroid Function Tests, and Lithium levels.

**REFERRALS:**
- Nutritional counseling with Dr. Karen Mason, Nutritionist, to address weight-related issues and dietary habits.

**INSTRUCTIONS:**
- The patient is advised to keep a mood diary to help monitor symptoms and potential triggers.
- Encouraged to engage in light physical activity as tolerated to improve mood and manage weight.
- Discussed financial concerns and potential resources for affordable medication and therapy options, given her low-income status and financial constraints.

The patient is compliant and eager for improvement but has financial concerns. Efforts will be made to connect her with local support services to aid in consistent medical care. She is a non-native English speaker, so all instructions and treatment plans were explained using simple language and supplementary Mandarin translations where necessary."|"### Medical Note

**1. Subjective:**

**CC:**
Depressed mood with psychotic features.

**HPI:**
A 56-year-old Asian F, named Mei Lin, presents for a routine f/u post d/c due to a severe depressive episode with psychotic features r/t her bipolar d/o. The depressive episode has persisted for the last 3 mos, with a significant worsening in the past mo. She reports persistent AH, severe fatigue, hypersomnia, and paranoia. The sx have severely impacted her ability to work and maintain ADLs, leading to social isolation.

**ROS:**
- **Psych:** Reports severe depressive sx, AH, paranoia, hypersomnia, fatigue, and anhedonia.
- **Gen:** Reports significant decline in self-care and grooming.
- **Endo:** Known T2DM.
- **Diet:** High sugar intake, frequent snacking, weight gain.
- **Sleep:** Excessive sleep (>10 hrs/night), feels unrested.

**2. Objective:**

**VITALS:**
- BP: 130/85 mmHg
- HR: 78 bpm
- RR: 18 bpm
- Temp: 98.6°F

**PE:**
- **Gen:** Poor grooming.
- **MSE:** Blunted affect, slow speech, AH present, paranoia, thought process slowed.

**LABS:**
- Awaiting results: CBC, BMP, TFTs, Li levels.

**3. Assessment:**

Dx:
1. Bipolar D/O, current episode depressed, severe, with psychotic features.
2. T2DM.
3. Obesity.
4. Panic D/O (previously dx'ed).

The pt presents with severe depressive sx consistent with bipolar d/o with psychotic features, combined with AH, paranoia, and hypersomnia. Impact on ADLs and self-care is significant.

**4. Plan:**

**MEDS:**
- Aripiprazole 15 mg PO QD, #30.
- Lithium 300 mg PO BID, #60.

**THERAPY:**
- Weekly psychotherapy sessions utilizing CBT.

**F/U:**
- Psych f/u in 2 wks.
- Labs: Monitor through CBC, BMP, TFTs, and Li levels.

**REFERRALS:**
- Nutritional counseling with Dr. Karen Mason, Nutritionist, to address weight-related issues and dietary habits.

**INSTRUCTIONS:**
- The pt is advised to keep a mood diary to help monitor sx and potential triggers.
- Encouraged to engage in light physical activity as tolerated to improve mood and manage weight.
- Discussed financial concerns and potential resources for affordable meds and therapy options, given her low-income status and financial constraints.

The pt is compliant and eager for improvement but has financial concerns. Efforts will be made to connect her with local support services to aid in consistent medical care. She is a non-native English speaker, so all instructions and tx plans were explained using simple language and supplementary Mandarin translations where necessary."|Role not found in the first 5 lines.|"**Doctor:** Good morning, how are you feeling today?

**Patient:** I've been better. I've been struggling with my mood a lot lately.

**Doctor:** I'm sorry to hear that. Can you tell me more about what you've been experiencing?

**Patient:** I've been very depressed for the past three months. It got much worse in the last month. I hear voices that aren't there, and I feel very paranoid. I also feel extremely tired all the time and sleep more than 10 hours a night, but I still feel unrested.

**Doctor:** That sounds really challenging. Have these symptoms affected your daily life?

**Patient:** Yes, very much. I can't work, and I can't take care of myself properly anymore. I don't even feel like doing the things I used to enjoy.

**Doctor:** I see. Have you noticed any changes in your grooming or self-care habits?

**Patient:** Yes, I've definitely let myself go. I don't have the energy or motivation to take care of myself.

**Doctor:** How about your diet? Have you noticed any changes there?

**Patient:** I've been eating a lot of sugary foods and snacking frequently. I've gained weight recently.

**Doctor:** Alright. And how has your sleep been?

**Patient:** I sleep a lot, more than 10 hours a night, but I never feel rested.

**Doctor:** Okay, thank you for sharing all of that with me. Can you tell me about your medical history?

**Patient:** I have Type 2 Diabetes.

**Doctor:** Alright, and how has your diabetes management been lately?

**Patient:** Not great. I've been eating poorly and haven't been monitoring my blood sugar as I should.

**Doctor:** I understand. Are you taking any medications for your diabetes?

**Patient:** Yes, but I haven't been consistent with them.

**Doctor:** Okay. Let me take a look at your vitals. Your blood pressure is 130/85 mmHg, heart rate is 78 bpm, respiratory rate is 18 breaths per minute, and your temperature is 98.6°F. 

**Patient:** Okay.

**Doctor:** Let me perform a quick physical exam. I notice your grooming is poor. On the mental status examination, you have a blunted affect and slow speech. I also observe that the auditory hallucinations and paranoia are present, and your thought process seems slowed.

**Patient:** Yes, that's correct.

**Doctor:** We are awaiting results from your Complete Blood Count, Basic Metabolic Panel, Thyroid Function Tests, and Lithium levels. Once we have those results, we can better tailor your treatment.

**Patient:** Alright.

**Doctor:** For now, the primary diagnosis is Bipolar Disorder, current episode depressed, severe, with psychotic features. You also have Type 2 Diabetes and obesity, and you were previously diagnosed with Panic Disorder.

**Patient:** That's right.

**Doctor:** For your bipolar disorder, I am prescribing Aripiprazole 15 mg, to be taken once daily, and Lithium 300 mg, to be taken twice daily. We will also set up weekly psychotherapy sessions using cognitive behavioral therapy.

**Patient:** Okay.

**Doctor:** I recommend a follow-up in two weeks to monitor your progress. We will also perform blood work to keep track of your Complete Blood Count, Basic Metabolic Panel, Thyroid Function Tests, and Lithium levels.

**Patient:** That sounds good.

**Doctor:** I am also referring you to Dr. Karen Mason, a nutritionist, for nutritional counseling to address your weight-related issues and dietary habits.

**Patient:** Thank you.

**Doctor:** I want you to keep a mood diary to help monitor your symptoms and potential triggers. This will help us understand your condition better and adjust treatment if needed.

**Patient:** I can do that.

**Doctor:** I also encourage you to engage in light physical activity as tolerated. It can help improve your mood and manage your weight.

**Patient:** I'll try.

**Doctor:** I understand you have financial concerns. We will discuss resources for affordable medication and therapy options. I will also connect you with local support services to aid in consistent medical care.

**Patient:** Thank you. That would be very helpful.

**Doctor:** Since you are a non-native English speaker, I will provide all instructions and treatment plans with supplementary Mandarin translations to ensure you understand everything.

**Patient:** I appreciate that.

**Doctor:** Do you have any questions or concerns for me at this time?

**Patient:** No, I think you've covered everything. Thank you so much.

**Doctor:** You're welcome. I'll see you in two weeks, but please don't hesitate to reach out if you have any concerns before then.

**Patient:** Alright, I'll do that.

**Doctor:** Take care, and I hope you start to feel better soon.

**Patient:** Thank you, doctor."|"[doctor]: Good morning, how are you feeling today?

[patient]: I've been better. I've been struggling with my mood a lot lately.

[doctor]: I'm sorry to hear that. Hmm, can you tell me more about what you've been experiencing?

[patient]: I've been very depressed for the past three months. It got much worse in the last month. I hear voices that aren't there, and I feel very paranoid. I also feel extremely tired all the time and sleep more than 10 hours a night, but I still feel unrested.

[doctor]: That sounds really challenging. Have these symptoms affected your daily life?

[patient]: Yes, very much. I can't work, and I can't take care of myself properly anymore. I don't even feel like doing the things I used to enjoy.

[doctor]: I see. Have you noticed any changes in your grooming or self-care habits?

[patient]: Yes, I've definitely let myself go. I don't have the energy or motivation to take care of myself.

[doctor]: How about your diet? Have you noticed any changes there?

[patient]: I've been eating a lot of sugary foods and snacking frequently. I've gained weight recently.

[doctor]: Alright. And how has your sleep been?

[patient]: I sleep a lot, more than 10 hours a night, but I never feel rested.

[doctor]: Hmm, okay, thank you for sharing all of that with me. Can you tell me about your medical history?

[patient]: I have Type 2 Diabetes.

[doctor]: Alright, and how has your diabetes management been lately?

[patient]: Not great. I've been eating poorly and haven't been monitoring my blood sugar as I should.

[doctor]: I understand. Are you taking any medications for your diabetes?

[patient]: Yes, but I haven't been consistent with them.

[doctor]: Okay. Let me take a look at your vitals. Your blood pressure is 130/85 mmHg, heart rate is 78 bpm, respiratory rate is 18 breaths per minute, and your temperature is 98.6°F. 

[patient]: Okay.

[doctor]: Let me perform a quick physical exam. I notice your grooming is poor. On the mental status examination, you have a blunted affect and slow speech. I also observe that the auditory hallucinations and paranoia are present, and your thought process seems slowed.

[patient]: Yes, that's correct.

[doctor]: We are awaiting results from your Complete Blood Count, Basic Metabolic Panel, Thyroid Function Tests, and Lithium levels. Once we have those results, we can better tailor your treatment.

[patient]: Alright.

[doctor]: For now, the primary diagnosis is Bipolar Disorder, current episode depressed, severe, with psychotic features. You also have Type 2 Diabetes and obesity, and you were previously diagnosed with Panic Disorder.

[patient]: That's right.

[doctor]: For your bipolar disorder, I am prescribing Aripiprazole 15 mg, to be taken once daily, and Lithium 300 mg, to be taken twice daily. We will also set up weekly psychotherapy sessions using cognitive behavioral therapy.

[patient]: Okay.

[doctor]: I recommend a follow-up in two weeks to monitor your progress. We will also perform blood work to keep track of your Complete Blood Count, Basic Metabolic Panel, Thyroid Function Tests, and Lithium levels.

[patient]: That sounds good.

[doctor]: I am also referring you to Dr. Karen Mason, a nutritionist, for nutritional counseling to address your weight-related issues and dietary habits.

[patient]: Thank you.

[doctor]: I want you to keep a mood diary to help monitor your symptoms and potential triggers. This will help us understand your condition better and adjust treatment if needed.

[patient]: I can do that.

[doctor]: I also encourage you to engage in light physical activity as tolerated. It can help improve your mood and manage your weight.

[patient]: I'll try.

[doctor]: I understand you have financial concerns. We will discuss resources for affordable medication and therapy options. I will also connect you with local support services to aid in consistent medical care.

[patient]: Thank you. That would be very helpful.

[doctor]: Since you are a non-native English speaker, I will provide all instructions and treatment plans with supplementary Mandarin translations to ensure you understand everything.

[patient]: I appreciate that.

[doctor]: Do you have any questions or concerns for me at this time?

[patient]: No, I think you've covered everything. Thank you so much.

[doctor]: You're welcome. I'll see you in two weeks, but please don't hesitate to reach out if you have any concerns before then.

[patient]: Alright, I'll do that.

[doctor]: Take care, and I hope you start to feel better soon.

[patient]: Thank you, doctor."
BIPOLAR DISORDER, CURRENT EPISODE DEPRESSED, SEVERE, WITH PSYCHOTIC FEATURES|"ROLE: Psychiatrist

1. Medical Outcome:
   - Diagnosis: Bipolar Disorder, Current Episode Depressed, Severe, with Psychotic Features
   - Prescribed Treatment:
     - Medication: Lithium 300 mg, Oral, Twice Daily
     - Medication: Aripiprazole 10 mg, Oral, Once Daily
   - Follow-up Recommendations: Follow-up in 1 week
   - Referral to further tests or imaging: Order thyroid function tests due to lithium use
   - Referral to Specialists: Referral to Dr. Samantha Hayes, Clinical Psychologist, for cognitive behavioral therapy
   - Lifestyle Change: Advised to establish a routine sleep pattern, practice daily mindfulness exercises, and engage in light physical activity

2. Medical History:
   - Previous Diagnoses: Bipolar Disorder, Borderline Personality Disorder
   - Family Medical History: Father with Alcohol Use Disorder, Mother with Generalized Anxiety Disorder
   - Medication History: Previous use of Lamotrigine, discontinued due to rash
   - Allergies: CEPHALOSPORINS allergy
   - Chronic Conditions: Hypertension

3. Symptom Description:
   - Severity: Severe
   - Duration: Ongoing for the past 4 months
   - Associated Symptoms: Auditory and visual hallucinations, extreme fatigue, anhedonia, suicidal ideation
   - Frequency: Persistent, daily
   - Impact on Daily Activities: Unable to maintain employment, significant social withdrawal

4. Patient’s self-reported habits and lifestyle:
   - Sleep: Reports hypersomnia, sleeping more than 14 hours per day
   - Diet: Poor appetite, significant weight gain (15 lbs in 3 months)
   - Exercise: Extremely inactive, no exercise
   - Tobacco Use: Never smoked
   - Alcohol Consumption: None
   - Drug Use: None
   - Recreational Activities: No participation in previous hobbies such as playing the guitar and reading

5. Demographic Information:
   - Age: 28
   - Gender: Male
   - Ethnicity: Asian
   - Socio-economic Status: Middle class
   - Education Level: Bachelor’s degree in Computer Science
   - Health Literacy: High
   - Job Status: Software Developer, currently on sick leave

6. Patient's Behavior:
   - The level of patient's cooperation with medical advice: Previously compliant but currently expressing distrust in the medical system and reluctance to continue treatment

7. Geographical Location:
   - Big City vs Small City: Small City
   - Urban vs Rural: Urban
   - Pollution and Environmental Health Risks: Low pollution
   - Neighborhood Type: Affluent, well-served by transit, excellent access to healthy food options

8. Clinical Setting:
   - Private Practice: Patient seen in a suburban private practice psychiatry clinic

9. Type of Encounter:
   - Initial Consultation

10. Treatment Disparities:
   - No significant disparities; patient has good insurance coverage and access to care

11. Native or Non-Native English Speaking Patient:
   - Native English-speaking

12. Physical exams: N/A

13. Investigation/Test results:
   - Awaiting: Thyroid function tests to monitor for hypothyroidism due to lithium therapy"|"**1. Subjective:**
   - **Chief Complaint (CC):**
     - The patient, a 28-year-old Asian male, reports experiencing severe depressive symptoms, including extreme fatigue, anhedonia, and persistent suicidal ideation. He also describes auditory and visual hallucinations.
  
   - **History of Present Illness (HPI):**
     - The depressive symptoms have been ongoing for the past 4 months, leading to the patient being unable to maintain employment and experiencing significant social withdrawal. The patient notes hypersomnia, sleeping more than 14 hours per day, and a poor appetite resulting in a 15-pound weight gain over the last 3 months. The patient has no history of tobacco, alcohol, or drug use.

   - **Review of Systems (ROS):**
     - **Psychiatric:** Severe depression, suicidal ideation, auditory and visual hallucinations, social withdrawal.
     - **General:** Extreme fatigue, hypersomnia, significant weight gain.
     - **Gastrointestinal:** Poor appetite.

**2. Objective:**
   - **Physical Examination:**
     - Physical examination is deferred as it was not applicable in this psychiatric assessment.
   
   - **Vital Signs:**
     - Vitals were stable during the consultation.

   - **Investigation/Test Results:**
     - Awaiting thyroid function tests to monitor for hypothyroidism due to lithium therapy.

**3. Assessment:**
   - The patient is a 28-year-old male diagnosed with Bipolar Disorder, Current Episode Depressed, Severe, with Psychotic Features. 
   - Previous diagnoses include Bipolar Disorder and Borderline Personality Disorder.
   - Family history includes a father with Alcohol Use Disorder and a mother with Generalized Anxiety Disorder.
   - The patient has a history of hypersensitivity to CEPHALOSPORINS and had to discontinue Lamotrigine due to a rash. He also has a chronic condition of Hypertension.

**4. Plan:**
   - **Medication:**
     - Lithium 300 mg, Oral, Twice Daily.
     - Aripiprazole 10 mg, Oral, Once Daily.

   - **Follow-up Recommendations:**
     - Follow-up appointment scheduled in 1 week for reassessment and to review thyroid function test results.

   - **Referral:**
     - Referral to Dr. Samantha Hayes, Clinical Psychologist, for cognitive behavioral therapy.

   - **Lifestyle Changes:**
     - Advised to establish a routine sleep pattern.
     - Practice daily mindfulness exercises.
     - Engage in light physical activity to improve general well-being.

   - **Education:**
     - Discussed the importance of medication adherence and monitoring for side effects, particularly related to lithium use.
     - Encouraged to maintain open communication regarding any changes in symptoms or concerns about the treatment plan.

The patient was cooperative during the consultation but expressed distrust in the medical system and reluctance to continue treatment. Counseling provided to address these concerns and emphasized the importance of a multi-disciplinary approach to his care. The patient lives in an affluent urban area with excellent access to healthcare resources and healthy food options, which can support his recovery."|"**1. Subjective:**
   - **Chief Complaint (CC):**
     - The patient, a 28-year-old Asian male, reports experiencing severe depressive symptoms, including extreme fatigue, anhedonia, and persistent suicidal ideation. He also describes auditory and visual hallucinations.
  
   - **History of Present Illness (HPI):**
     - The depressive symptoms have been ongoing for the past 4 months, leading to the patient being unable to maintain employment and experiencing significant social withdrawal. The patient notes hypersomnia, sleeping more than 14 hours per day, and a poor appetite resulting in a 15-pound weight gain over the last 3 months. The patient has no history of tobacco, alcohol, or drug use.

   - **Review of Systems (ROS):**
     - **Psychiatric:** Severe depression, suicidal ideation, auditory and visual hallucinations, social withdrawal.
     - **General:** Extreme fatigue, hypersomnia, significant weight gain.
     - **Gastrointestinal:** Poor appetite.

**2. Objective:**
   - **Physical Examination:**
     - Physical examination is deferred as it was not applicable in this psychiatric assessment.
   
   - **Vital Signs:**
     - Vitals were stable during the consultation.

**3. Assessment:**
   - The patient is a 28-year-old male diagnosed with Bipolar Disorder, Current Episode Depressed, Severe, with Psychotic Features. 
   - Previous diagnoses include Bipolar Disorder and Borderline Personality Disorder.
   - Family history includes a father with Alcohol Use Disorder and a mother with Generalized Anxiety Disorder.
   - The patient has a history of hypersensitivity to CEPHALOSPORINS and had to discontinue Lamotrigine due to a rash. He also has a chronic condition of Hypertension.

**4. Plan:**
   - **Medication:**
     - Lithium 300 mg, Oral, Twice Daily.
     - Aripiprazole 10 mg, Oral, Once Daily.

   - **Follow-up Recommendations:**
     - Follow-up appointment scheduled in 1 week for reassessment and to review thyroid function test results.

   - **Referral:**
     - Referral to Dr. Samantha Hayes, Clinical Psychologist, for cognitive behavioral therapy.

   - **Lifestyle Changes:**
     - Advised to establish a routine sleep pattern.
     - Practice daily mindfulness exercises.
     - Engage in light physical activity to improve general well-being.

   - **Education:**
     - Discussed the importance of medication adherence and monitoring for side effects, particularly related to lithium use.
     - Encouraged to maintain open communication regarding any changes in symptoms or concerns about the treatment plan.

   - **Investigations:**
     - Awaiting thyroid function tests to monitor for hypothyroidism due to lithium therapy.

The patient was cooperative during the consultation but expressed distrust in the medical system and reluctance to continue treatment. Counseling provided to address these concerns and emphasized the importance of a multi-disciplinary approach to his care. The patient lives in an affluent urban area with excellent access to healthcare resources and healthy food options, which can support his recovery."|"**1. Subjective:**
   - **CC:**
     - The pt, a 28 y/o Asian M, reports severe depressive sx, including extreme fatigue, anhedonia, and persistent SI. He also describes A/V hallucinations.
  
   - **HPI:**
     - The depressive sx have been ongoing for the past 4 mos, leading to the pt being unable to maintain employment and experiencing significant social withdrawal. The pt notes hypersomnia, sleeping >14 hrs/day, and a poor appetite resulting in a 15-lb weight gain over the last 3 mos. The pt has no hx of tobacco, ETOH, or drug use.

   - **ROS:**
     - **Psych:** Severe depression, SI, A/V hallucinations, social withdrawal.
     - **Gen:** Extreme fatigue, hypersomnia, significant weight gain.
     - **GI:** Poor appetite.

**2. Objective:**
   - **PE:**
     - PE deferred as it was not applicable in this psych assessment.
   
   - **VS:**
     - Vitals were stable during the consult.

**3. Assessment:**
   - The pt is a 28 y/o M dx'ed with Bipolar Disorder, Current Episode Depressed, Severe, with Psychotic Features. 
   - Previous dx includes Bipolar Disorder and BPD.
   - FHx includes a father with AUD and a mother with GAD.
   - The pt has a hx of hypersensitivity to CEPHALOSPORINS and had to d/c Lamotrigine due to a rash. He also has a chronic condition of HTN.

**4. Plan:**
   - **Rx:**
     - Lithium 300 mg PO BID.
     - Aripiprazole 10 mg PO QD.

   - **FU Recommendations:**
     - FU appt scheduled in 1 wk for reassessment and to review TFT results.

   - **Referral:**
     - Referral to Dr. Samantha Hayes, Clinical Psychologist, for CBT.

   - **Lifestyle Changes:**
     - Advised to establish a routine sleep pattern.
     - Practice daily mindfulness exercises.
     - Engage in light physical activity to improve general well-being.

   - **Education:**
     - Discussed the importance of med adherence and monitoring for SEs, particularly related to lithium use.
     - Encouraged to maintain open communication regarding any changes in sx or concerns about the tx plan.

   - **Investigations:**
     - Awaiting TFTs to monitor for hypothyroidism due to lithium therapy.

The pt was cooperative during the consult but expressed distrust in the medical system and reluctance to continue tx. Counseling provided to address these concerns and emphasized the importance of a multi-disciplinary approach to his care. The pt lives in an affluent urban area with excellent access to healthcare resources and healthy food options, which can support his recovery."|Psychiatrist|"[doctor] Hi there, how are you doing today?

[patient] Hi, I'm not doing so well, to be honest. It's been really tough lately.

[doctor] I'm sorry to hear that. Can you tell me more about what's been going on?

[patient] Well, I've been feeling extremely depressed for the past four months. It's gotten so bad that I can't keep a job, and I've pulled away from everyone.

[doctor] I see. You mentioned feeling extremely fatigued and experiencing anhedonia. Can you tell me more about that?

[patient] Yeah, I'm tired all the time, like I could sleep forever. I don't find joy in anything anymore. Things I used to love don't interest me at all.

[doctor] How many hours of sleep are you getting each day?

[patient] I sleep more than 14 hours a day, sometimes even more.

[doctor] Wow, that's a lot. What about your appetite? Have you noticed any changes there?

[patient] My appetite is pretty poor. I've actually gained about 15 pounds over the last three months even though I'm not eating much.

[doctor] That must be really tough. Have you had any thoughts of hurting yourself or suicidal ideation?

[patient] Yes, I've been having persistent thoughts about ending my life.

[doctor] I'm really sorry to hear that. Have you experienced any hallucinations, either auditory or visual?

[patient] Yes, I hear voices and sometimes see things that aren't there.

[doctor] Okay, that's important to note. Do you have any history of tobacco, alcohol, or drug use?

[patient] No, I don't use any of those.

[doctor] Alright, let's go through a quick review of your systems. Besides the psychiatric symptoms, have you noticed any other general symptoms like extreme fatigue, hypersomnia, or significant weight gain?

[patient] Yes, I have extreme fatigue and hypersomnia, as I mentioned. And yes, I've gained a lot of weight.

[doctor] How about gastrointestinal symptoms like a poor appetite?

[patient] Yes, my appetite is terrible.

[doctor] Thank you for sharing that. Let's talk a bit about your medical history. I see you've been diagnosed with Bipolar Disorder with current episode depressed, severe with psychotic features. Is that correct?

[patient] Yes, that's right.

[doctor] Do you have any other medical conditions or past diagnoses?

[patient] I also have Borderline Personality Disorder and chronic hypertension.

[doctor] I see. Do you have any known allergies?

[patient] I'm hypersensitive to CEPHALOSPORINS, and I had to stop taking Lamotrigine because it gave me a rash.

[doctor] Understood. Do you have any family history of mental health or substance use disorders?

[patient] My father has Alcohol Use Disorder, and my mother has Generalized Anxiety Disorder.

[doctor] Thanks for that information. Let's move on to your current medications. Are you currently taking anything for your conditions?

[patient] Yes, I'm on Lithium 300 mg twice daily and Aripiprazole 10 mg once daily.

[doctor] Great, how have you been managing with those medications?

[patient] I don't trust the medical system much, and I'm reluctant to continue treatment.

[doctor] I understand your concerns. It's important to address these feelings. We'll work together to find a plan that you're comfortable with. Speaking of which, we need to get your thyroid function tested to monitor for hypothyroidism due to the lithium therapy. Have you had that test done yet?

[patient] No, not yet.

[doctor] Alright, we'll make sure to get that scheduled. For now, let's set up a follow-up appointment in one week to reassess and review your thyroid test results. Does that sound okay?

[patient] Yeah, I guess that's fine.

[doctor] I'm also going to refer you to Dr. Samantha Hayes, a Clinical Psychologist, for cognitive behavioral therapy. Have you done CBT before?

[patient] No, I haven't.

[doctor] It's a very effective treatment for both depression and bipolar disorder. Dr. Hayes will help you develop coping strategies and work through your symptoms. I'll make sure you get an appointment with her soon.

[patient] Okay, if you think it will help.

[doctor] I do. Additionally, I suggest establishing a routine sleep pattern and practicing daily mindfulness exercises. These can help improve your overall well-being.

[patient] I'll give it a try.

[doctor] Great. Light physical activity can also be beneficial. It doesn't have to be anything strenuous, even a short walk can make a difference.

[patient] I'll see what I can do.

[doctor] Lastly, it's crucial that you adhere to your medication regimen and keep an open line of communication with us about any changes in your symptoms or concerns about your treatment plan.

[patient] I understand.

[doctor] Excellent. We want to support you in every way possible. Remember, you're not alone in this. We have a multi-disciplinary team ready to help. Do you have any questions or concerns at this moment?

[patient] No, I don't think so.

[doctor] Alright. I'll follow up with you in a week. You live in an area with excellent access to healthcare resources, so let's make the most of that to support your recovery. 

[patient] Okay, thank you.

[doctor] You're welcome. Take care and see you next week.

"|"[doctor] Hi there, how are you doing today?

[patient] Hi, I'm not doing so well, to be honest. It's been really tough lately.

[doctor] I'm sorry to hear that. Can you tell me more about what's been going on?

[patient] Well, I've been feeling extremely depressed for the past four months. It's gotten so bad that I can't keep a job, and I've pulled away from everyone.

[doctor] I see. You mentioned feeling extremely fatigued and experiencing anhedonia. Can you tell me more about that?

[patient] Yeah, I'm tired all the time, like I could sleep forever. I don't find joy in anything anymore. Things I used to love don't interest me at all.

[doctor] Hmm, I understand. How many hours of sleep are you getting each day?

[patient] I sleep more than 14 hours a day, sometimes even more.

[doctor] Wow, that's a lot. What about your appetite? Have you noticed any changes there?

[patient] My appetite is pretty poor. I've actually gained about 15 pounds over the last three months even though I'm not eating much.

[doctor] That must be really tough. Have you had any thoughts of hurting yourself or suicidal ideation?

[patient] Yes, I've been having persistent thoughts about ending my life.

[doctor] I'm really sorry to hear that. Have you experienced any hallucinations, either auditory or visual?

[patient] Yes, I hear voices and sometimes see things that aren't there.

[doctor] Okay, that's important to note. Do you have any history of tobacco, alcohol, or drug use?

[patient] No, I don't use any of those.

[doctor] Alright, let's go through a quick review of your systems. Besides the psychiatric symptoms, have you noticed any other general symptoms like extreme fatigue, hypersomnia, or significant weight gain?

[patient] Yes, I have extreme fatigue and hypersomnia, as I mentioned. And yes, I've gained a lot of weight.

[doctor] How about gastrointestinal symptoms like a poor appetite?

[patient] Yes, my appetite is terrible.

[doctor] Thank you for sharing that. Let's talk a bit about your medical history. I see you've been diagnosed with Bipolar Disorder with current episode depressed, severe with psychotic features. Is that correct?

[patient] Yes, that's right.

[doctor] Do you have any other medical conditions or past diagnoses?

[patient] I also have Borderline Personality Disorder and chronic hypertension.

[doctor] I see. Do you have any known allergies?

[patient] I'm hypersensitive to CEPHALOSPORINS, and I had to stop taking Lamotrigine because it gave me a rash.

[doctor] Understood. Do you have any family history of mental health or substance use disorders?

[patient] My father has Alcohol Use Disorder, and my mother has Generalized Anxiety Disorder.

[doctor] Thanks for that information. Let's move on to your current medications. Are you currently taking anything for your conditions?

[patient] Yes, I'm on Lithium 300 mg twice daily and Aripiprazole 10 mg once daily.

[doctor] Great, how have you been managing with those medications?

[patient] I don't trust the medical system much, and I'm reluctant to continue treatment.

[doctor] I understand your concerns. It's important to address these feelings. We'll work together to find a plan that you're comfortable with. Speaking of which, we need to get your thyroid function tested to monitor for hypothyroidism due to the lithium therapy. Have you had that test done yet?

[patient] No, not yet.

[doctor] Alright, we'll make sure to get that scheduled. For now, let's set up a follow-up appointment in one week to reassess and review your thyroid test results. Does that sound okay?

[patient] Yeah, I guess that's fine.

[doctor] I'm also going to refer you to Dr. Samantha Hayes, a Clinical Psychologist, for cognitive behavioral therapy. Have you done CBT before?

[patient] No, I haven't.

[doctor] It's a very effective treatment for both depression and bipolar disorder. Dr. Hayes will help you develop coping strategies and work through your symptoms. I'll make sure you get an appointment with her soon.

[patient] Okay, if you think it will help.

[doctor] I do. Additionally, I suggest establishing a routine sleep pattern and practicing daily mindfulness exercises. These can help improve your overall well-being.

[patient] I'll give it a try.

[doctor] Great. Light physical activity can also be beneficial. It doesn't have to be anything strenuous, even a short walk can make a difference.

[patient] I'll see what I can do.

[doctor] Lastly, it's crucial that you adhere to your medication regimen and keep an open line of communication with us about any changes in your symptoms or concerns about your treatment plan.

[patient] I understand.

[doctor] Excellent. We want to support you in every way possible. Remember, you're not alone in this. We have a multi-disciplinary team ready to help. Do you have any questions or concerns at this moment?

[patient] No, I don't think so.

[doctor] Alright. I'll follow up with you in a week. You live in an area with excellent access to healthcare resources, so let's make the most of that to support your recovery. 

[patient] Okay, thank you.

[doctor] You're welcome. Take care and see you next week."
BIPOLAR DISORDER, CURRENT EPISODE DEPRESSED, SEVERE, WITH PSYCHOTIC FEATURES|"ROLE: Psychiatrist

1. **Medical Outcome:**
   - Diagnosis: Bipolar Disorder, Current Episode Depressed, Severe, with Psychotic Features
   - Prescribed Treatment: 
     - Medication: 
       - Lithium Carbonate 300mg, oral, 1 tablet twice daily for mood stabilization.
       - Quetiapine Fumarate 200mg, oral, 1 tablet at night for psychotic symptoms.
     - Follow-up Recommendations: Weekly psychiatric follow-up for medication adjustment and monitoring of symptoms.
   - Referral: 
     - Reason: To assess the patient's overall health and rule out any physical contributors to psychiatric symptoms.
     - Specialty: Internal Medicine
     - Doctor's Name: Dr. Amy Chen

2. **Medical History:**
   - Previous Diagnoses: Major Depressive Disorder, Anxiety Disorder
   - Family Medical History: Mother with Bipolar Disorder, Father with Alcohol Use Disorder
   - Medication History: Previous use of SSRIs, discontinued due to lack of efficacy

3. **Symptom Description:**
   - Severity: Severe
   - Duration: Past 3 months
   - Associated Symptoms: Hallucinations, Delusions, Insomnia
   - Frequency: Daily
   - Impact on Daily Activities: Unable to work, deteriorating personal relationships, neglect of self-care

4. **Patient’s self-reported habits and lifestyle:**
   - Sleep: Reports difficulty falling asleep, frequent awakenings
   - Diet: Poor appetite, reports weight loss of 10 lbs in the past month
   - Exercise: None
   - Tobacco Use: Smokes 1 pack per day 
   - Alcohol Consumption: Occasional binge drinking
   - Drug Use: None
   - Recreational Activities: None, reports lack of interest

5. **Demographic Information:**
   - Age: 37
   - Gender: Female
   - Ethnicity: Caucasian
   - Socio-economic Status: Middle-class
   - Education Level: Bachelor's Degree
   - Health Literacy: Moderate
   - Job Status: On medical leave 

6. **Patient's Behavior:**
   - The level of patient's cooperation with medical advice: Variable, sometimes non-compliant with medications

7. **Geographical Location:**
   - Big City vs Small City: Big City
   - Rural vs Urban: Urban
   - Pollution and Environmental Health Risks: Moderate pollution level
   - Neighborhood Type: Well-served by transit, moderate socioeconomic status

8. **Clinical Setting:**
   - Hospitals: Outpatient Psychiatric Department

9. **Type of Encounter:**
   - Initial Consultation

10. **Treatment Disparities:**
   - Potential for reduced treatment options due to intermittent non-compliance and concerns about patient's ability to afford higher-cost medications

11. **Native or Non-Native English-Speaking Patient:**
   - Native English Speaking

12. **Physical exams:**
   - NA

13. **Investigation/Test results:**
   - Ordered Blood Work: Biochemistry including Electrolytes, Thyroid Function Tests, and Complete Blood Count (CBC) to monitor Lithium levels and overall health."|"**1. Subjective:**

**Chief Complaint (CC):** 
Patient reports severe depressive symptoms with associated psychotic features for the past three months.

**History of Present Illness (HPI):**
The patient describes a significant decline in mood starting approximately three months ago, characterized by pervasive sadness, lack of interest in daily activities, and severe insomnia. The patient also reports daily auditory hallucinations and delusions of persecution. She has experienced weight loss of 10 lbs over the last month due to poor appetite and is currently on medical leave due to her inability to function at work. Her personal relationships have deteriorated, and she has neglected self-care.

**Review of Systems (ROS):**
- **Constitutional:** Reports significant weight loss (10 lbs) over the past month.
- **Psychiatric:** Reports auditory hallucinations, delusions, severe depression, and insomnia.

**2. Objective:**

**Mental Status Examination:**
- **Appearance:** The patient appears disheveled with poor hygiene.
- **Behavior:** Cooperative but somewhat distracted by internal stimuli.
- **Mood:** Depressed.
- **Affect:** Flat.
- **Thought Process:** Disorganized, with evidence of delusional thinking.
- **Thought Content:** Reports auditory hallucinations and paranoid delusions.
- **Cognition:** Oriented to time, place, and person.
- **Insight/Judgment:** Limited insight and impaired judgment.

**Vital Signs:**
- **Blood Pressure:** 120/80 mmHg
- **Heart Rate:** 80 bpm
- **Respiratory Rate:** 18 breaths/min
- **Temperature:** 98.6°F

**Laboratory Tests Ordered:**
- Biochemistry including Electrolytes
- Thyroid Function Tests
- Complete Blood Count (CBC)

**3. Assessment:**

**Primary Diagnosis:**
- Bipolar Disorder, Current Episode Depressed, Severe, with Psychotic Features

**Differential Diagnosis:**
- Major Depressive Disorder with Psychotic Features
- Schizoaffective Disorder, Depressive Type

**4. Plan:**

**Medical Treatment:**
- Start Lithium Carbonate 300mg, oral, one tablet twice daily for mood stabilization.
- Start Quetiapine Fumarate 200mg, oral, one tablet at night for psychotic symptoms.

**Monitoring:**
- Schedule weekly psychiatric follow-ups for medication adjustment and close monitoring of symptoms.

**Referral:**
- Refer patient to Internal Medicine (Dr. Amy Chen) to assess overall health and rule out any physical contributors to psychiatric symptoms.

**Patient Education and Counseling:**
- Discussed potential side effects of Lithium and Quetiapine with the patient.
- Advised on the importance of medication adherence.
- Explained the necessity of regular blood tests to monitor Lithium levels and overall health.

**Follow-Up:**
- Weekly psychiatric follow-up to monitor and adjust medications as needed.
- Schedule an initial consultation with Dr. Amy Chen as soon as possible.

**Instructions:**
- Immediate contact with healthcare provider if experiencing severe side effects such as signs of Lithium toxicity or worsening psychotic symptoms.
- Encouragement to engage in regular, healthy dietary habits and gradual reintroduction of physical activity.
- Advice on smoking cessation and moderation of alcohol intake.

**Prognosis:**
- The patient understands and agrees with the recommended medical treatment plan but displays variable compliance with past medical advice. Close follow-up and ongoing support will be critical in managing her condition."|"**1. Subjective:**

**Chief Complaint (CC):** 
Patient reports severe depressive symptoms with associated psychotic features for the past three months.

**History of Present Illness (HPI):**
The patient describes a significant decline in mood starting approximately three months ago, characterized by pervasive sadness, lack of interest in daily activities, and severe insomnia. The patient also reports daily auditory hallucinations and delusions of persecution. She has experienced weight loss of 10 lbs over the last month due to poor appetite and is currently on medical leave due to her inability to function at work. Her personal relationships have deteriorated, and she has neglected self-care.

**Review of Systems (ROS):**
- **Constitutional:** Reports significant weight loss (10 lbs) over the past month.
- **Psychiatric:** Reports auditory hallucinations, delusions, severe depression, and insomnia.

**2. Objective:**

**Mental Status Examination:**
- **Appearance:** The patient appears disheveled with poor hygiene.
- **Behavior:** Cooperative but somewhat distracted by internal stimuli.
- **Mood:** Depressed.
- **Affect:** Flat.
- **Thought Process:** Disorganized, with evidence of delusional thinking.
- **Thought Content:** Reports auditory hallucinations and paranoid delusions.
- **Cognition:** Oriented to time, place, and person.
- **Insight/Judgment:** Limited insight and impaired judgment.

**Vital Signs:**
- **Blood Pressure:** 120/80 mmHg
- **Heart Rate:** 80 bpm
- **Respiratory Rate:** 18 breaths/min
- **Temperature:** 98.6°F

**3. Assessment:**

**Primary Diagnosis:**
- Bipolar Disorder, Current Episode Depressed, Severe, with Psychotic Features

**Differential Diagnosis:**
- Major Depressive Disorder with Psychotic Features
- Schizoaffective Disorder, Depressive Type

**4. Plan:**

**Medical Treatment:**
- Start Lithium Carbonate 300mg, oral, one tablet twice daily for mood stabilization.
- Start Quetiapine Fumarate 200mg, oral, one tablet at night for psychotic symptoms.

**Monitoring:**
- Schedule weekly psychiatric follow-ups for medication adjustment and close monitoring of symptoms.

**Referral:**
- Refer patient to Internal Medicine (Dr. Amy Chen) to assess overall health and rule out any physical contributors to psychiatric symptoms.

**Patient Education and Counseling:**
- Discussed potential side effects of Lithium and Quetiapine with the patient.
- Advised on the importance of medication adherence.
- Explained the necessity of regular blood tests to monitor Lithium levels and overall health.

**Follow-Up:**
- Weekly psychiatric follow-up to monitor and adjust medications as needed.
- Schedule an initial consultation with Dr. Amy Chen as soon as possible.

**Instructions:**
- Immediate contact with healthcare provider if experiencing severe side effects such as signs of Lithium toxicity or worsening psychotic symptoms.
- Encouragement to engage in regular, healthy dietary habits and gradual reintroduction of physical activity.
- Advice on smoking cessation and moderation of alcohol intake.

**Prognosis:**
- The patient understands and agrees with the recommended medical treatment plan but displays variable compliance with past medical advice. Close follow-up and ongoing support will be critical in managing her condition."|"**1. Subjective:**

**CC:** 
Pt reports severe depressive sx with assoc psychotic features for the past 3 mos.

**HPI:**
Pt describes a significant decline in mood starting approx 3 mos ago, characterized by pervasive sadness, lack of interest in daily activities, and severe insomnia. Pt also reports daily AH and delusions of persecution. She has experienced wt loss of 10 lbs over the last month due to poor appetite and is currently on medical leave due to her inability to function at work. Her personal relationships have deteriorated, and she has neglected self-care.

**ROS:**
- **Constitutional:** Reports significant wt loss (10 lbs) over the past month.
- **Psychiatric:** Reports AH, delusions, severe depression, and insomnia.

**2. Objective:**

**MSE:**
- **Appearance:** Pt appears disheveled with poor hygiene.
- **Behavior:** Cooperative but somewhat distracted by internal stimuli.
- **Mood:** Depressed.
- **Affect:** Flat.
- **Thought Process:** Disorganized, with evidence of delusional thinking.
- **Thought Content:** Reports AH and paranoid delusions.
- **Cognition:** Oriented to time, place, and person.
- **Insight/Judgment:** Limited insight and impaired judgment.

**VS:**
- **BP:** 120/80 mmHg
- **HR:** 80 bpm
- **RR:** 18 breaths/min
- **Temp:** 98.6°F

**3. Assessment:**

**Primary Dx:**
- Bipolar Disorder, Current Episode Depressed, Severe, with Psychotic Features

**Differential Dx:**
- MDD with Psychotic Features
- Schizoaffective Disorder, Depressive Type

**4. Plan:**

**Medical Tx:**
- Start Lithium Carbonate 300mg PO BID for mood stabilization.
- Start Quetiapine Fumarate 200mg PO QHS for psychotic sx.

**Monitoring:**
- Schedule weekly psych follow-ups for med adjustment and close monitoring of sx.

**Referral:**
- Refer pt to IM (Dr. Amy Chen) to assess overall health and r/o any physical contributors to psych sx.

**Pt Education and Counseling:**
- Discussed potential SEs of Lithium and Quetiapine with pt.
- Advised on the importance of med adherence.
- Explained the necessity of regular blood tests to monitor Lithium levels and overall health.

**Follow-Up:**
- Weekly psych follow-up to monitor and adjust meds as needed.
- Schedule an initial consultation with Dr. Amy Chen ASAP.

**Instructions:**
- Immediate contact with HCP if experiencing severe SEs such as signs of Lithium toxicity or worsening psychotic sx.
- Encouragement to engage in regular, healthy dietary habits and gradual reintroduction of physical activity.
- Advice on smoking cessation and moderation of alcohol intake.

**Prognosis:**
- Pt understands and agrees with the recommended medical tx plan but displays variable compliance with past medical advice. Close follow-up and ongoing support will be critical in managing her condition."|Psychiatrist|"```plaintext
[doctor] Good afternoon. How are you doing today?

[patient] Not well, to be honest. I've been feeling very down for the past three months.

[doctor] I'm sorry to hear that. Can you tell me more about what you've been experiencing?

[patient] Well, it all started about three months ago. I've been feeling extremely sad all the time. Nothing interests me anymore, and I can't sleep at all.

[doctor] That sounds very challenging. Have you noticed any changes in your appetite or weight?

[patient] Yes, I have. I've lost about 10 pounds in the last month because I just don't feel like eating.

[doctor] I see. Have you been able to go to work during this time?

[patient] No, I'm on medical leave. I just can't function well enough to work.

[doctor] I'm really sorry you're going through this. Have you had any changes in your personal relationships?

[patient] Yes, my relationships have really suffered. I've been neglecting self-care and pushing people away.

[doctor] That must be very difficult. Are you experiencing any other symptoms, like hallucinations or unusual thoughts?

[patient] Yes, I hear voices every day, and I have these constant thoughts that people are out to get me.

[doctor] Okay, thank you for sharing that. Before we proceed, can you hand me your medical history records?

[patient] Sure, here you go.

[doctor] Based on your medical history and what you've described, we'll need to conduct a thorough examination. Let's start with a mental status examination. Is that alright with you?

[patient] Yes, that's fine.

[doctor] Alright, I’m just going to make some observations and ask a few questions. You appear a bit disheveled and your hygiene seems to be neglected. How would you describe your current mood?

[patient] Depressed. I just feel empty.

[doctor] Your affect does appear flat. Are you able to stay focused, or do you find yourself getting distracted?

[patient] I get distracted a lot, especially by the voices.

[doctor] I see. Your thought process seems a bit disorganized, and you mentioned delusional thinking, correct?

[patient] Yes, I believe people are plotting against me.

[doctor] Thank you for sharing that. I need to check your vital signs now. Your blood pressure is 120/80 mmHg, heart rate is 80 bpm, respiratory rate is 18 breaths per minute, and your temperature is 98.6°F.

[patient] Okay.

[doctor] Next, we need to order some laboratory tests, including biochemistry, electrolytes, thyroid function tests, and a complete blood count.

[patient] What's that for?

[doctor] These tests will help rule out any physical contributors to your psychiatric symptoms. Now, based on everything we've discussed and your examination, you may have Bipolar Disorder, current episode depressed, severe, with psychotic features. There are other possibilities, like Major Depressive Disorder with psychotic features or Schizoaffective Disorder, depressive type.

[patient] What does that mean for treatment?

[doctor] We'll start with some medications. I recommend starting Lithium Carbonate 300mg, taken orally twice a day for mood stabilization, and Quetiapine Fumarate 200mg, taken at night for the psychotic symptoms.

[patient] Okay, I guess. Are there any side effects?

[doctor] Yes, potential side effects include gastrointestinal issues, weight gain, and drowsiness among others. It's very important to adhere to the medication regimen and to have regular blood tests to monitor Lithium levels and overall health.

[patient] Alright.

[doctor] I'll also schedule weekly follow-ups to adjust medications and closely monitor your symptoms. Additionally, I will refer you to Dr. Amy Chen in Internal Medicine to assess your overall health and rule out any physical contributors to your psychiatric symptoms.

[patient] Why do I need to see another doctor?

[doctor] Dr. Chen will help ensure there are no other health issues contributing to your symptoms. It's a comprehensive approach to your treatment.

[patient] Okay, that makes sense.

[doctor] You'll need to contact us immediately if you experience severe side effects like signs of Lithium toxicity, such as extreme thirst, frequent urination, or worsening psychotic symptoms.

[patient] Got it.

[doctor] I also encourage you to maintain a healthy diet, gradually reintroduce physical activity, and consider smoking cessation and moderating alcohol intake.

[patient] I’ll try.

[doctor] Remember, close follow-up and ongoing support will be critical in managing your condition. We'll see you weekly for now and adjust as needed. Any questions?

[patient] No, I think I understand.

[doctor] Great. My nurse will come in with the orders and schedule your follow-up appointments. We'll also arrange your initial consultation with Dr. Chen as soon as possible.

[patient] Thank you.

[doctor] You're welcome. We'll see you next week and take it one step at a time. Take care.

[patient] Thanks, you too.
```"|"```plaintext
[doctor] Good afternoon. How are you doing today?

[patient] Not well, to be honest. I've been feeling very down for the past three months.

[doctor] I'm sorry to hear that. Hmm, can you tell me more about what you've been experiencing?

[patient] Well, it all started about three months ago. I've been feeling extremely sad all the time. Nothing interests me anymore, and I can't sleep at all.

[doctor] That sounds very challenging. Have you noticed any changes in your appetite or weight?

[patient] Yes, I have. I've lost about 10 pounds in the last month because I just don't feel like eating.

[doctor] I see. Have you been able to go to work during this time?

[patient] No, I'm on medical leave. I just can't function well enough to work.

[doctor] I'm really sorry you're going through this. Have you had any changes in your personal relationships?

[patient] Yes, my relationships have really suffered. I've been neglecting self-care and pushing people away.

[doctor] That must be very difficult. Are you experiencing any other symptoms, like hallucinations or unusual thoughts?

[patient] Yes, I hear voices every day, and I have these constant thoughts that people are out to get me.

[doctor] Okay, thank you for sharing that. Before we proceed, can you hand me your medical history records?

[patient] Sure, here you go.

[doctor] Based on your medical history and what you've described, we'll need to conduct a thorough examination. Let's start with a mental status examination. Is that alright with you?

[patient] Yes, that's fine.

[doctor] Alright, I’m just going to make some observations and ask a few questions. You appear a bit disheveled and your hygiene seems to be neglected. How would you describe your current mood?

[patient] Depressed. I just feel empty.

[doctor] Your affect does appear flat. Are you able to stay focused, or do you find yourself getting distracted?

[patient] I get distracted a lot, especially by the voices.

[doctor] I see. Your thought process seems a bit disorganized, and you mentioned delusional thinking, correct?

[patient] Yes, I believe people are plotting against me.

[doctor] Thank you for sharing that. I need to check your vital signs now. Your blood pressure is 120/80 mmHg, heart rate is 80 bpm, respiratory rate is 18 breaths per minute, and your temperature is 98.6°F.

[patient] Okay.

[doctor] Next, we need to order some laboratory tests, including biochemistry, electrolytes, thyroid function tests, and a complete blood count.

[patient] What's that for?

[doctor] These tests will help rule out any physical contributors to your psychiatric symptoms. Now, based on everything we've discussed and your examination, you may have Bipolar Disorder, current episode depressed, severe, with psychotic features. There are other possibilities, like Major Depressive Disorder with psychotic features or Schizoaffective Disorder, depressive type.

[patient] What does that mean for treatment?

[doctor] We'll start with some medications. I recommend starting Lithium Carbonate 300mg, taken orally twice a day for mood stabilization, and Quetiapine Fumarate 200mg, taken at night for the psychotic symptoms.

[patient] Okay, I guess. Are there any side effects?

[doctor] Yes, potential side effects include gastrointestinal issues, weight gain, and drowsiness among others. It's very important to adhere to the medication regimen and to have regular blood tests to monitor Lithium levels and overall health.

[patient] Alright.

[doctor] I'll also schedule weekly follow-ups to adjust medications and closely monitor your symptoms. Additionally, I will refer you to Dr. Amy Chen in Internal Medicine to assess your overall health and rule out any physical contributors to your psychiatric symptoms.

[patient] Why do I need to see another doctor?

[doctor] Dr. Chen will help ensure there are no other health issues contributing to your symptoms. It's a comprehensive approach to your treatment.

[patient] Okay, that makes sense.

[doctor] You'll need to contact us immediately if you experience severe side effects like signs of Lithium toxicity, such as extreme thirst, frequent urination, or worsening psychotic symptoms.

[patient] Got it.

[doctor] I also encourage you to maintain a healthy diet, gradually reintroduce physical activity, and consider smoking cessation and moderating alcohol intake.

[patient] I’ll try.

[doctor] Remember, close follow-up and ongoing support will be critical in managing your condition. We'll see you weekly for now and adjust as needed. Any questions?

[patient] No, I think I understand.

[doctor] Great. My nurse will come in with the orders and schedule your follow-up appointments. We'll also arrange your initial consultation with Dr. Chen as soon as possible.

[patient] Thank you.

[doctor] You're welcome. We'll see you next week and take it one step at a time. Take care.

[patient] Thanks, you too.
```"
NIPPLE DISCHARGE|"ROLE: Family Medicine Physician

** 1) Medical Outcome:**
   - Diagnosis: Nipple Discharge
   - Prescribed Treatment: Reassurance and monitoring; suggested warm compresses
   - Follow-up Recommendations: Follow-up visit in 6 weeks to reassess symptoms
   - Referral: To Breast Specialist for further evaluation and possible imaging (Mammogram)
   - Blood Work: Prolactin levels to rule out hyperprolactinemia

**2) Medical History:**
   - Previous Diagnoses: Hypothyroidism
   - Family Medical History: Mother had breast cancer at the age of 65
   - Medication History: Currently on Levothyroxine 100 mcg daily
   - Allergies: None
   - Chronic Conditions: Hypothyroidism

**3) Symptom Description:**
   - Severity: Mild to moderate
   - Duration: 3 weeks
   - Associated Symptoms: Occasional breast pain, no palpable lumps
   - Frequency: Daily
   - Impact on Daily Activities: Mild discomfort but generally manageable

**4) Patient’s self-reported habits and lifestyle:**
   - Sleep: 7-8 hours/night
   - Diet: Balanced diet, occasional fast food
   - Exercise: Regular, 3 times a week
   - Tobacco Use: None
   - Alcohol Consumption: Social drinking, about 1-2 glasses of wine per week
   - Drug Use: None
   - Recreational Activities: Jogging, reading

**5) Demographic Information:**
   - Age: 38
   - Gender: Female
   - Ethnicity: Caucasian
   - Socio-economic Status: Middle-class
   - Education Level: College graduate
   - Health Literacy: High
   - Job Status: Accountant

**6) Patient's Behavior:**
   - Highly cooperative with medical advice, generally adheres to prescribed treatments and recommendations

**7) Geographical Location:**
   - Urban, Big City
   - Affluent neighborhood, well-served by transit

**8) Clinical Setting:**
   - Private Practice

**9) Type of Encounter:**
   - Initial Consultation

**10) Treatment Disparities:**
   - NA

**11) Native or Non-Native English Speaking Patient:**
   - Native English Speaking

**12) Physical exams:**
   - Breast Exam: No palpable masses, no skin changes, discharge present upon compression

**13) Investigation/Test results:**
   - Blood Work: Ordered - Prolactin levels awaiting results
   - Imaging: Referral for Mammogram is made"|"### MEDICAL NOTE

**1. Subjective:**

**Chief Complaint (CC):**
Nipple discharge.

**History of Present Illness (HPI):**
Jane Doe is a 38-year-old Caucasian female presenting with a complaint of nipple discharge for the past 3 weeks. She describes the discharge as mild to moderate in severity, occurring daily, and associated with occasional breast pain. There are no palpable lumps reported. The discharge has caused mild discomfort but is generally manageable.

**Review of Systems (ROS):**
- General: No fever, weight loss, or night sweats.
- Breast: Occasional breast pain, no palpable lumps, discharge upon compression.
- Endocrine: History of hypothyroidism, currently stable on medication.
- Other systems: Negative.

**2. Objective:**

**Vital Signs:**
- Blood Pressure: 118/76 mmHg
- Heart Rate: 72 bpm
- Respiratory Rate: 16 breaths/min
- Temperature: 98.6°F (37°C)

**Physical Examination:**
- General: Cooperative, well-nourished, in no apparent distress.
- Breast Exam: No palpable masses, no skin changes, discharge present upon compression.
- Thyroid: No goiter, no nodules.
- Cardiovascular: Heart sounds normal, no murmurs.
- Respiratory: Lungs clear to auscultation bilaterally.
- Abdomen: Soft, non-tender, no hepatosplenomegaly.
- Neurological: Alert and oriented, no focal deficits.

**3. Assessment:**
- Nipple discharge, likely benign but requires further evaluation to rule out any serious underlying conditions.
- Hypothyroidism, currently well-managed on Levothyroxine.

**4. Plan:**

**Diagnosis:**
Nipple discharge with no palpable masses or skin changes.

**Treatment:**
- Reassurance provided to the patient.
- Suggested the use of warm compresses to alleviate symptoms.

**Investigations:**
- Ordered blood work including prolactin levels to rule out hyperprolactinemia.
- Referral to a Breast Specialist for further evaluation and possible mammogram.

**Follow-up:**
- Scheduled a follow-up visit in 6 weeks to reassess symptoms and review test results.

**Referral:**
- To Breast Specialist for detailed evaluation and imaging (Mammogram).

The patient understands and agrees with the recommended medical treatment plan. She has been advised to monitor symptoms and report any new changes or concerns promptly.

### INSTRUCTIONS
- Await prolactin level results.
- Referral to Breast Specialist has been made; the patient will schedule an appointment.
- Follow-up visit scheduled in 6 weeks to reassess symptoms and review results.
- Call the clinic with any questions or new symptoms.

---

#### Notes:
Patient adheres to medical advice, generally follows prescribed treatments, and has high health literacy. Lives in an urban, affluent neighborhood, and has good access to healthcare facilities."|"### MEDICAL NOTE

**1. Subjective:**

**Chief Complaint (CC):**
Nipple discharge.

**History of Present Illness (HPI):**
Jane Doe is a 38-year-old Caucasian female presenting with a complaint of nipple discharge for the past 3 weeks. She describes the discharge as mild to moderate in severity, occurring daily, and associated with occasional breast pain. There are no palpable lumps reported. The discharge has caused mild discomfort but is generally manageable.

**Review of Systems (ROS):**
- General: No fever, weight loss, or night sweats.
- Breast: Occasional breast pain, no palpable lumps, discharge upon compression.
- Endocrine: History of hypothyroidism, currently stable on medication.
- Other systems: Negative.

**2. Objective:**

**Vital Signs:**
- Blood Pressure: 118/76 mmHg
- Heart Rate: 72 bpm
- Respiratory Rate: 16 breaths/min
- Temperature: 98.6°F (37°C)

**Physical Examination:**
- General: Cooperative, well-nourished, in no apparent distress.
- Breast Exam: No palpable masses, no skin changes, discharge present upon compression.
- Thyroid: No goiter, no nodules.
- Cardiovascular: Heart sounds normal, no murmurs.
- Respiratory: Lungs clear to auscultation bilaterally.
- Abdomen: Soft, non-tender, no hepatosplenomegaly.
- Neurological: Alert and oriented, no focal deficits.

**3. Assessment:**
- Nipple discharge, likely benign but requires further evaluation to rule out any serious underlying conditions.
- Hypothyroidism, currently well-managed on Levothyroxine.

**4. Plan:**

**Diagnosis:**
Nipple discharge with no palpable masses or skin changes.

**Treatment:**
- Reassurance provided to the patient.
- Suggested the use of warm compresses to alleviate symptoms.

**Investigations:**
- Ordered blood work including prolactin levels to rule out hyperprolactinemia.

**Referral:**
- Referral to Dr. Emily Carter, Breast Specialist, for detailed evaluation and imaging (Mammogram) to rule out any serious underlying conditions.

**Follow-up:**
- Scheduled a follow-up visit in 6 weeks to reassess symptoms and review test results.

The patient understands and agrees with the recommended medical treatment plan. She has been advised to monitor symptoms and report any new changes or concerns promptly."|"### MEDICAL NOTE

**1. Subjective:**

**CC:**
Nipple discharge.

**HPI:**
Jane Doe is a 38 y/o Caucasian F presenting with c/o nipple discharge x3 weeks. She describes the discharge as mild to moderate in severity, occurring daily, and associated with occasional breast pain. No palpable lumps reported. The discharge has caused mild discomfort but is generally manageable.

**ROS:**
- General: No fever, weight loss, or night sweats.
- Breast: Occasional breast pain, no palpable lumps, discharge upon compression.
- Endocrine: Hx of hypothyroidism, currently stable on meds.
- Other systems: Negative.

**2. Objective:**

**VS:**
- BP: 118/76 mmHg
- HR: 72 bpm
- RR: 16 breaths/min
- Temp: 98.6°F (37°C)

**PE:**
- General: Cooperative, well-nourished, NAD.
- Breast Exam: No palpable masses, no skin changes, discharge present upon compression.
- Thyroid: No goiter, no nodules.
- CV: Heart sounds normal, no murmurs.
- Resp: Lungs clear to auscultation bilaterally.
- Abd: Soft, non-tender, no HSM.
- Neuro: Alert and oriented, no focal deficits.

**3. Assessment:**
- Nipple discharge, likely benign but requires further eval to r/o any serious underlying conditions.
- Hypothyroidism, currently well-managed on Levothyroxine.

**4. Plan:**

**Dx:**
Nipple discharge with no palpable masses or skin changes.

**Tx:**
- Reassurance provided to the pt.
- Suggested the use of warm compresses to alleviate sx.

**Investigations:**
- Ordered blood work including prolactin levels to r/o hyperprolactinemia.

**Referral:**
- Referral to Dr. Emily Carter, Breast Specialist, for detailed eval and imaging (Mammo) to r/o any serious underlying conditions.

**F/U:**
- Scheduled a f/u visit in 6 weeks to reassess sx and review test results.

The pt understands and agrees with the recommended medical tx plan. She has been advised to monitor sx and report any new changes or concerns promptly."|Family Medicine Physician|"**DOCTOR:** Hi Jane, how are you doing today?

**PATIENT:** Hi doctor, I'm alright, thanks. How are you?

**DOCTOR:** I'm good, thank you. So, I see you're here because of nipple discharge. Can you tell me more about that?

**PATIENT:** Sure. It's been happening for the past three weeks. The discharge is mild to moderate and it happens daily. Sometimes I get a bit of breast pain too.

**DOCTOR:** I see. Does the discharge occur on its own or do you have to compress the nipple to see it?

**PATIENT:** It usually happens when I compress the nipple.

**DOCTOR:** And how would you describe this breast pain? Is it constant or does it come and go?

**PATIENT:** It comes and goes. It's not severe, just enough to be noticeable.

**DOCTOR:** Okay, and have you noticed any lumps in your breasts?

**PATIENT:** No, I haven't felt any lumps.

**DOCTOR:** Any other symptoms like fever, weight loss, or night sweats?

**PATIENT:** No, none of that.

**DOCTOR:** Alright, let's go over some of your medical history. Do you have any conditions that you're currently managing?

**PATIENT:** Yes, I have hypothyroidism, but it's stable with my medication.

**DOCTOR:** What medication are you taking for that?

**PATIENT:** I'm on Levothyroxine.

**DOCTOR:** Got it. How's your overall health otherwise?

**PATIENT:** Pretty good, I think.

**DOCTOR:** Great. Let me take a look at your vital signs. Your blood pressure is 118/76 mmHg, heart rate is 72 beats per minute, respiratory rate is 16 breaths per minute, and your temperature is 98.6°F.

**PATIENT:** Sounds normal, right?

**DOCTOR:** Yes, everything looks within the normal range. Let's move on to a physical exam. I'll be examining your breasts now. Alright, I don't feel any palpable masses or see any skin changes. I do notice the discharge when I compress the nipple.

**PATIENT:** Is that a good sign?

**DOCTOR:** It's reassuring that there are no lumps or skin changes, but we need to investigate further to make sure there's nothing serious causing the discharge. Your thyroid feels normal too, with no goiter or nodules.

**PATIENT:** Alright.

**DOCTOR:** Your heart sounds are normal, without any murmurs, and your lungs are clear to auscultation on both sides. Your abdomen is soft and non-tender, and I don't feel any enlarged liver or spleen. Neurologically, you're alert and oriented with no focal deficits.

**PATIENT:** That's good to hear.

**DOCTOR:** So, based on everything we've discussed and checked, I think this nipple discharge is likely benign but we should do some further evaluations to rule out any serious conditions.

**PATIENT:** What kind of evaluations?

**DOCTOR:** We'll start with some blood work, including checking your prolactin levels to rule out hyperprolactinemia. I'm also going to refer you to a Breast Specialist for a more detailed evaluation and likely a mammogram.

**PATIENT:** Sounds like a good plan.

**DOCTOR:** In the meantime, you can use warm compresses to help alleviate any discomfort. 

**PATIENT:** Okay, I'll do that.

**DOCTOR:** I've scheduled a follow-up visit for you in 6 weeks to reassess your symptoms and review the test results.

**PATIENT:** What should I do if anything changes before then?

**DOCTOR:** If you notice any new symptoms or if the discharge becomes worse, you should call the clinic immediately.

**PATIENT:** Alright, I understand.

**DOCTOR:** Great. I'll go ahead and place the orders for your blood work and the referral to the Breast Specialist. Make sure to schedule the appointment with the specialist as soon as you can.

**PATIENT:** I will. Thank you, doctor.

**DOCTOR:** You're welcome, Jane. Take care and we'll see you in six weeks for the follow-up.

**PATIENT:** Thanks, I appreciate it."|"[doctor]: Hi Jane, how are you doing today?

[patient]: Hi doctor, I'm alright, thanks. How are you?

[doctor]: I'm good, thank you. So, I see you're here because of nipple discharge. Can you tell me more about that?

[patient]: Sure. It's been happening for the past three weeks. The discharge is mild to moderate and it happens daily. Sometimes I get a bit of breast pain too.

[doctor]: I see. Does the discharge occur on its own or do you have to compress the nipple to see it?

[patient]: It usually happens when I compress the nipple.

[doctor]: And how would you describe this breast pain? Is it constant or does it come and go?

[patient]: It comes and goes. It's not severe, just enough to be noticeable.

[doctor]: Okay, and have you noticed any lumps in your breasts?

[patient]: No, I haven't felt any lumps.

[doctor]: Any other symptoms like fever, weight loss, or night sweats?

[patient]: No, none of that.

[doctor]: Alright, let's go over some of your medical history. Do you have any conditions that you're currently managing?

[patient]: Yes, I have hypothyroidism, but it's stable with my medication.

[doctor]: What medication are you taking for that?

[patient]: I'm on Levothyroxine.

[doctor]: Got it. How's your overall health otherwise?

[patient]: Pretty good, I think.

[doctor]: Great. Let me take a look at your vital signs. Your blood pressure is 118/76 mmHg, heart rate is 72 beats per minute, respiratory rate is 16 breaths per minute, and your temperature is 98.6°F.

[patient]: Sounds normal, right?

[doctor]: Yes, everything looks within the normal range. Let's move on to a physical exam. I'll be examining your breasts now. Alright, I don't feel any palpable masses or see any skin changes. I do notice the discharge when I compress the nipple.

[patient]: Is that a good sign?

[doctor]: It's reassuring that there are no lumps or skin changes, but we need to investigate further to make sure there's nothing serious causing the discharge. Your thyroid feels normal too, with no goiter or nodules.

[patient]: Alright.

[doctor]: Your heart sounds are normal, without any murmurs, and your lungs are clear to auscultation on both sides. Your abdomen is soft and non-tender, and I don't feel any enlarged liver or spleen. Neurologically, you're alert and oriented with no focal deficits.

[patient]: That's good to hear.

[doctor]: So, based on everything we've discussed and checked, I think this nipple discharge is likely benign but we should do some further evaluations to rule out any serious conditions.

[patient]: What kind of evaluations?

[doctor]: We'll start with some blood work, including checking your prolactin levels to rule out hyperprolactinemia. I'm also going to refer you to a Breast Specialist for a more detailed evaluation and likely a mammogram.

[patient]: Sounds like a good plan.

[doctor]: In the meantime, you can use warm compresses to help alleviate any discomfort. 

[patient]: Okay, I'll do that.

[doctor]: I've scheduled a follow-up visit for you in 6 weeks to reassess your symptoms and review the test results.

[patient]: What should I do if anything changes before then?

[doctor]: If you notice any new symptoms or if the discharge becomes worse, you should call the clinic immediately.

[patient]: Alright, I understand.

[doctor]: Great. I'll go ahead and place the orders for your blood work and the referral to the Breast Specialist. Make sure to schedule the appointment with the specialist as soon as you can.

[patient]: I will. Thank you, doctor.

[doctor]: You're welcome, Jane. Take care and we'll see you in six weeks for the follow-up.

[patient]: Thanks, I appreciate it."
NIPPLE DISCHARGE|"ROLE: Family Medicine Physician

** Scenario Values **

1. Medical Outcome:
    - Diagnosis: Nipple Discharge (ICD-10 N64.52)
    - Referral: Refer to an endocrinologist, Dr. Michael Lee, for further hormonal evaluation due to possible underlying endocrine disorder.
    - Order: Blood tests for prolactin and thyroid-stimulating hormone (TSH) levels.
    - Medical Treatment: Prescribed a nonsteroidal anti-inflammatory drug (NSAID), Ibuprofen 200 mg, oral, three times daily for 10 days for pain management.

2. Medical History:
    - Previous Diagnoses: Type 1 Diabetes, Rheumatoid Arthritis.
    - Family Medical History: Brother with Crohn's disease, father with hypertension.
    - Medication History: Currently taking Insulin, Methotrexate 10 mg once weekly.
    - Allergies: Aspirin.

3. Symptom Description:
    - Severity: Mild.
    - Duration: 8 weeks.
    - Associated Symptoms: Occasional breast pain, no redness or swelling observed.
    - Frequency: Sporadic, occurs a few times a week.
    - Impact on Daily Activities: Mild discomfort, patient can perform regular activities.

4. Patient’s self-reported habits and lifestyle:
    - Sleep: Sleeps well, 8-9 hours per night.
    - Diet: Balanced diet, tries to maintain diabetes-friendly meals.
    - Exercise: Exercises regularly, walks daily.
    - Tobacco Use: None.
    - Alcohol Consumption: None.
    - Drug Use: None.
    - Recreational Activities: Enjoys pottery and jogging.

5. Demographic Information:
    - Age: 27 years old.
    - Gender: Female.
    - Ethnicity: Asian.
    - Socio-economic Status: Middle class.
    - Education Level: College graduate.
    - Health Literacy: High.
    - Job Status: Full-time software engineer.

6. Patient's Behavior:
    - Cooperation: Highly cooperative and compliant with medical advice.

7. Geographical Location:
    - Suburban setting.
    - Neighborhood: Affluent, well-served by public amenities and healthcare services.

8. Clinical Setting:
    - Clinic.

9. Type of Encounter:
    - Routine Check-up.

10. Treatment Disparities:
    - None identified.

11. Native or Non-Native English Speaking Patient:
    - Native English-speaking patient.

12. Physical exams:
    - Breast Exam: No palpable masses or lumps, clear discharge present.

13. Investigation/Test results:
    - Blood tests results for prolactin and TSH levels are awaited."|"**1. Subjective:**

**Chief Complaint (CC):**
Patient reports nipple discharge from the right breast.

**History of Present Illness (HPI):**
A 27-year-old Asian female presents with a history of sporadic nipple discharge from the right breast over the past 8 weeks. The discharge is mild in severity and occurs a few times a week. Associated symptoms include occasional breast pain, but no redness or swelling has been observed. The discharge and pain cause mild discomfort but do not significantly impact daily activities. Patient has Type 1 Diabetes and Rheumatoid Arthritis, and there is a family history of Crohn's disease (brother) and hypertension (father). Patient is currently on Insulin and Methotrexate 10 mg once weekly, with a known allergy to Aspirin.

**Review of Systems (ROS):**
- Constitutional: No fever, chills, or weight loss.
- Endocrine: No noted changes in menstrual cycle, no galactorrhea.
- Breast: Reports nipple discharge from the right breast; occasional breast pain; denies redness and swelling.
- Musculoskeletal: Mild joint pain related to Rheumatoid Arthritis.
- Neurologic: No headaches, visual changes, or seizures.

**Social History:**
- Sleeps well, averaging 8-9 hours per night.
- Consumes a balanced diet, focused on diabetes management.
- Engages in regular exercise, including daily walks and jogging.
- Does not use tobacco, alcohol, or recreational drugs.
- Enjoys pottery and jogging in her free time.

**2. Objective:**

**Vital Signs:**
- Blood Pressure: 118/76 mmHg
- Heart Rate: 72 bpm
- Respiratory Rate: 16 breaths per minute
- Temperature: 98.6°F
- BMI: 23.0 kg/m²

**Physical Examination:**
- General: Well-appearing, cooperative, and in no acute distress.
- Breast Exam: No palpable masses or lumps in either breast. Clear discharge noted from the right nipple upon expression. No redness, swelling, or skin changes observed.
- Cardiovascular: Regular rate and rhythm, no murmurs.
- Respiratory: Lungs clear to auscultation bilaterally.
- Abdomen: Soft, non-tender, no hepatosplenomegaly.
- Musculoskeletal: No joint swelling, deformity, or restricted motion.
- Neurologic: Alert and oriented, cranial nerves II-XII intact.

**3. Assessment:**
- Nipple Discharge (ICD-10 N64.52)
  - Mild, sporadic discharge from the right nipple with occasional breast pain. No associated redness or palpable masses. Given the context, differential diagnosis may include hormonal imbalance or benign ductal process.
  
**4. Plan:**
- **Referral:**
  - Refer to an endocrinologist, Dr. Michael Lee, for further hormonal evaluation due to possible underlying endocrine disorder.
  
- **Orders:**
  - Blood tests for prolactin and thyroid-stimulating hormone (TSH) levels to investigate potential endocrine causes for nipple discharge.
  
- **Medical Treatment:**
  - Prescribed Ibuprofen 200 mg, oral, three times daily for 10 days for pain management.
  
- **Patient Education and Follow-up:**
  - Explained the importance of monitoring the discharge and breast pain. Advised to report any increase in severity, changes in the nature of the discharge (such as blood or pus), or development of new symptoms (e.g., redness, swelling, or palpable masses).
  - Discussed maintaining good breast hygiene and wearing a supportive bra.
  - Scheduled a follow-up appointment in 2 weeks to review blood test results and assess the response to the treatment.
  
Patient understands and agrees with the treatment plan. All questions were addressed."|"**1. Subjective:**

**Chief Complaint (CC):**
Patient reports nipple discharge from the right breast.

**History of Present Illness (HPI):**
A 27-year-old Asian female presents with a history of sporadic nipple discharge from the right breast over the past 8 weeks. The discharge is mild in severity and occurs a few times a week. Associated symptoms include occasional breast pain, but no redness or swelling has been observed. The discharge and pain cause mild discomfort but do not significantly impact daily activities. Patient has Type 1 Diabetes and Rheumatoid Arthritis, and there is a family history of Crohn's disease (brother) and hypertension (father). Patient is currently on Insulin and Methotrexate 10 mg once weekly, with a known allergy to Aspirin.

**Review of Systems (ROS):**
- Constitutional: No fever, chills, or weight loss.
- Endocrine: No noted changes in menstrual cycle, no galactorrhea.
- Breast: Reports nipple discharge from the right breast; occasional breast pain; denies redness and swelling.
- Musculoskeletal: Mild joint pain related to Rheumatoid Arthritis.
- Neurologic: No headaches, visual changes, or seizures.

**Social History:**
- Sleeps well, averaging 8-9 hours per night.
- Consumes a balanced diet, focused on diabetes management.
- Engages in regular exercise, including daily walks and jogging.
- Does not use tobacco, alcohol, or recreational drugs.
- Enjoys pottery and jogging in her free time.

**2. Objective:**

**Vital Signs:**
- Blood Pressure: 118/76 mmHg
- Heart Rate: 72 bpm
- Respiratory Rate: 16 breaths per minute
- Temperature: 98.6°F
- BMI: 23.0 kg/m²

**Physical Examination:**
- General: Well-appearing, cooperative, and in no acute distress.
- Breast Exam: No palpable masses or lumps in either breast. Clear discharge noted from the right nipple upon expression. No redness, swelling, or skin changes observed.
- Cardiovascular: Regular rate and rhythm, no murmurs.
- Respiratory: Lungs clear to auscultation bilaterally.
- Abdomen: Soft, non-tender, no hepatosplenomegaly.
- Musculoskeletal: No joint swelling, deformity, or restricted motion.
- Neurologic: Alert and oriented, cranial nerves II-XII intact.

**3. Assessment:**
- Nipple Discharge (ICD-10 N64.52)
  - Mild, sporadic discharge from the right nipple with occasional breast pain. No associated redness or palpable masses. Given the context, differential diagnosis may include hormonal imbalance or benign ductal process.
  
**4. Plan:**
- **Referral:**
  - Refer to an endocrinologist, Dr. Michael Lee, for further hormonal evaluation due to possible underlying endocrine disorder.
  
- **Orders:**
  - Blood tests for prolactin and thyroid-stimulating hormone (TSH) levels to investigate potential endocrine causes for nipple discharge.
  
- **Medical Treatment:**
  - Prescribed Ibuprofen 200 mg, oral, three times daily for 10 days for pain management.
  
- **Patient Education and Follow-up:**
  - Explained the importance of monitoring the discharge and breast pain. Advised to report any increase in severity, changes in the nature of the discharge (such as blood or pus), or development of new symptoms (e.g., redness, swelling, or palpable masses).
  - Discussed maintaining good breast hygiene and wearing a supportive bra.
  - Scheduled a follow-up appointment in 2 weeks to review blood test results and assess the response to the treatment.
  
Patient understands and agrees with the treatment plan. All questions were addressed."|"**1. Subjective:**

**CC:**
Pt reports nipple d/c from the R breast.

**HPI:**
27 y/o Asian F presents with h/o sporadic nipple d/c from the R breast over the past 8 wks. The d/c is mild in severity and occurs a few times a wk. Associated sx include occasional breast pain, but no erythema or swelling has been observed. The d/c and pain cause mild discomfort but do not significantly impact ADLs. Pt has T1DM and RA, and there is a FHx of Crohn's dz (brother) and HTN (father). Pt is currently on Insulin and MTX 10 mg once weekly, with a known allergy to ASA.

**ROS:**
- Constitutional: No fever, chills, or wt loss.
- Endocrine: No noted changes in menstrual cycle, no galactorrhea.
- Breast: Reports nipple d/c from the R breast; occasional breast pain; denies erythema and swelling.
- MSK: Mild joint pain related to RA.
- Neuro: No HA, visual changes, or seizures.

**Social Hx:**
- Sleeps well, averaging 8-9 hrs per night.
- Consumes a balanced diet, focused on DM mgmt.
- Engages in regular exercise, including daily walks and jogging.
- Does not use tobacco, EtOH, or recreational drugs.
- Enjoys pottery and jogging in her free time.

**2. Objective:**

**VS:**
- BP: 118/76 mmHg
- HR: 72 bpm
- RR: 16 bpm
- Temp: 98.6°F
- BMI: 23.0 kg/m²

**PE:**
- General: Well-appearing, cooperative, and in no acute distress.
- Breast Exam: No palpable masses or lumps in either breast. Clear d/c noted from the R nipple upon expression. No erythema, swelling, or skin changes observed.
- CV: RRR, no murmurs.
- Resp: Lungs clear to auscultation bilaterally.
- Abd: Soft, non-tender, no HSM.
- MSK: No joint swelling, deformity, or restricted motion.
- Neuro: Alert and oriented, CN II-XII intact.

**3. Assessment:**
- Nipple D/C (ICD-10 N64.52)
  - Mild, sporadic d/c from the R nipple with occasional breast pain. No associated erythema or palpable masses. Given the context, DDx may include hormonal imbalance or benign ductal process.
  
**4. Plan:**
- **Referral:**
  - Refer to endo, Dr. Michael Lee, for further hormonal eval due to possible underlying endocrine disorder.
  
- **Orders:**
  - Blood tests for prolactin and TSH levels to investigate potential endocrine causes for nipple d/c.
  
- **Medical Tx:**
  - Rx Ibuprofen 200 mg PO TID for 10 days for pain mgmt.
  
- **Pt Education and F/U:**
  - Explained the importance of monitoring the d/c and breast pain. Advised to report any increase in severity, changes in the nature of the d/c (such as blood or pus), or development of new sx (e.g., erythema, swelling, or palpable masses).
  - Discussed maintaining good breast hygiene and wearing a supportive bra.
  - Scheduled a F/U appt in 2 wks to review blood test results and assess the response to the tx.
  
Pt understands and agrees with the tx plan. All questions were addressed."|Family Medicine Physician|"**Doctor:** Hi, how are you today?

**Patient:** Hi, I'm alright, thanks. How are you?

**Doctor:** I'm good, thank you. So, what brings you in today?

**Patient:** I've been having some nipple discharge from my right breast. It's been happening for about 8 weeks now.

**Doctor:** I see. How often does this discharge occur?

**Patient:** It happens a few times a week. It's not too much, but it's definitely noticeable.

**Doctor:** Is the discharge severe or mild?

**Patient:** It's pretty mild.

**Doctor:** Do you experience any other symptoms along with the discharge, like pain, redness, or swelling?

**Patient:** Occasionally, I have some breast pain, but there's no redness or swelling.

**Doctor:** Does the pain and discharge affect your daily activities?

**Patient:** Not really. It's more of a mild discomfort than anything else.

**Doctor:** Alright. Do you have any other medical conditions we should be aware of?

**Patient:** Yes, I have Type 1 Diabetes and Rheumatoid Arthritis.

**Doctor:** Are you currently taking any medications for those conditions?

**Patient:** Yes, I'm on Insulin and Methotrexate 10 mg once weekly.

**Doctor:** Any allergies?

**Patient:** I'm allergic to Aspirin.

**Doctor:** Got it. Is there any family history of medical conditions?

**Patient:** Yes, my brother has Crohn's disease and my father has hypertension.

**Doctor:** Thank you for sharing that. Let's go over a quick review of systems. Have you had any fever, chills, or weight loss recently?

**Patient:** No, none of those.

**Doctor:** Any changes in your menstrual cycle or any galactorrhea?

**Patient:** No changes in my menstrual cycle and no galactorrhea.

**Doctor:** How about headaches, visual changes, or seizures?

**Patient:** No, I haven't had any of those.

**Doctor:** Any joint pain related to your Rheumatoid Arthritis?

**Patient:** Yes, I have mild joint pain.

**Doctor:** How's your sleeping pattern?

**Patient:** I usually sleep well, around 8-9 hours per night.

**Doctor:** What about your diet and exercise routine?

**Patient:** I follow a balanced diet to manage my diabetes and I exercise regularly, including daily walks and jogging.

**Doctor:** Do you use tobacco, alcohol, or recreational drugs?

**Patient:** No, I don't use any of those.

**Doctor:** What do you like to do in your free time?

**Patient:** I enjoy pottery and jogging.

**Doctor:** That's great. Now, let's take a look at your vital signs. Your blood pressure is 118/76 mmHg, heart rate is 72 bpm, respiratory rate is 16 breaths per minute, temperature is 98.6°F, and your BMI is 23.0 kg/m². Everything looks good there.

**Patient:** That's good to hear.

**Doctor:** Alright, let's move on to a physical examination. I'll start with a general look. You appear well and in no acute distress. Now, let's examine your breasts. 

**Patient:** Okay.

**Doctor:** There's no palpable masses or lumps in either breast. I do see clear discharge from your right nipple upon expression. There's no redness, swelling, or skin changes.

**Patient:** That's what I've noticed too.

**Doctor:** Your cardiovascular system checks out fine with a regular rate and rhythm, no murmurs. Lungs are clear to auscultation bilaterally. Your abdomen is soft, non-tender, and there's no hepatosplenomegaly. Your musculoskeletal exam shows no joint swelling, deformity, or restricted motion, and neurologically, you're alert and oriented with all cranial nerves intact.

**Patient:** Alright.

**Doctor:** Based on what we've discussed and your physical exam, it seems like the nipple discharge could be due to a hormonal imbalance or a benign ductal process. 

**Patient:** I see.

**Doctor:** I would like to refer you to an endocrinologist, Dr. Michael Lee, for further hormonal evaluation. 

**Patient:** Okay.

**Doctor:** We'll also need to run some blood tests for prolactin and thyroid-stimulating hormone (TSH) levels to investigate potential endocrine causes for the nipple discharge.

**Patient:** That makes sense.

**Doctor:** For now, I'm prescribing Ibuprofen 200 mg, to be taken orally three times daily for 10 days to help with the pain.

**Patient:** Alright, thank you.

**Doctor:** It's important to monitor the discharge and breast pain. If you notice any increase in severity, changes in the nature of the discharge like blood or pus, or if you develop new symptoms like redness, swelling, or palpable masses, please let us know immediately.

**Patient:** I will, thank you.

**Doctor:** Also, maintain good breast hygiene and consider wearing a supportive bra.

**Patient:** I'll keep that in mind.

**Doctor:** We'll schedule a follow-up appointment in 2 weeks to review the blood test results and assess your response to the treatment.

**Patient:** Sounds good.

**Doctor:** Do you have any questions or concerns about the plan?

**Patient:** No, I think everything is clear.

**Doctor:** Great. I’m glad to hear that. If any questions come up, don’t hesitate to contact us. Take care.

**Patient:** Thank you, Doctor. See you in two weeks.

**Doctor:** See you then. Bye."|"[doctor]: Hi, how are you today?

[patient]: Hi, I'm alright, thanks. How are you?

[doctor]: I'm good, thank you. So, what brings you in today?

[patient]: I've been having some nipple discharge from my right breast. It's been happening for about 8 weeks now.

[doctor]: I see. How often does this discharge occur?

[patient]: It happens a few times a week. It's not too much, but it's definitely noticeable.

[doctor]: Hmm, is the discharge severe or mild?

[patient]: It's pretty mild.

[doctor]: Do you experience any other symptoms along with the discharge, like pain, redness, or swelling?

[patient]: Occasionally, I have some breast pain, but there's no redness or swelling.

[doctor]: Okay, does the pain and discharge affect your daily activities?

[patient]: Not really. It's more of a mild discomfort than anything else.

[doctor]: Alright. Do you have any other medical conditions we should be aware of?

[patient]: Yes, I have Type 1 Diabetes and Rheumatoid Arthritis.

[doctor]: Are you currently taking any medications for those conditions?

[patient]: Yes, I'm on Insulin and Methotrexate 10 mg once weekly.

[doctor]: Any allergies?

[patient]: I'm allergic to Aspirin.

[doctor]: Got it. Is there any family history of medical conditions?

[patient]: Yes, my brother has Crohn's disease and my father has hypertension.

[doctor]: Thank you for sharing that. Let's go over a quick review of systems. Have you had any fever, chills, or weight loss recently?

[patient]: No, none of those.

[doctor]: Any changes in your menstrual cycle or any galactorrhea?

[patient]: No changes in my menstrual cycle and no galactorrhea.

[doctor]: How about headaches, visual changes, or seizures?

[patient]: No, I haven't had any of those.

[doctor]: Any joint pain related to your Rheumatoid Arthritis?

[patient]: Yes, I have mild joint pain.

[doctor]: How's your sleeping pattern?

[patient]: I usually sleep well, around 8-9 hours per night.

[doctor]: What about your diet and exercise routine?

[patient]: I follow a balanced diet to manage my diabetes and I exercise regularly, including daily walks and jogging.

[doctor]: Do you use tobacco, alcohol, or recreational drugs?

[patient]: No, I don't use any of those.

[doctor]: What do you like to do in your free time?

[patient]: I enjoy pottery and jogging.

[doctor]: That's great. Now, let's take a look at your vital signs. Your blood pressure is 118/76 mmHg, heart rate is 72 bpm, respiratory rate is 16 breaths per minute, temperature is 98.6°F, and your BMI is 23.0 kg/m². Everything looks good there.

[patient]: That's good to hear.

[doctor]: Alright, let's move on to a physical examination. I'll start with a general look. You appear well and in no acute distress. Now, let's examine your breasts. 

[patient]: Okay.

[doctor]: There's no palpable masses or lumps in either breast. I do see clear discharge from your right nipple upon expression. There's no redness, swelling, or skin changes.

[patient]: That's what I've noticed too.

[doctor]: Your cardiovascular system checks out fine with a regular rate and rhythm, no murmurs. Lungs are clear to auscultation bilaterally. Your abdomen is soft, non-tender, and there's no hepatosplenomegaly. Your musculoskeletal exam shows no joint swelling, deformity, or restricted motion, and neurologically, you're alert and oriented with all cranial nerves intact.

[patient]: Alright.

[doctor]: Based on what we've discussed and your physical exam, it seems like the nipple discharge could be due to a hormonal imbalance or a benign ductal process. 

[patient]: I see.

[doctor]: I would like to refer you to an endocrinologist, Dr. Michael Lee, for further hormonal evaluation. 

[patient]: Okay.

[doctor]: We'll also need to run some blood tests for prolactin and thyroid-stimulating hormone (TSH) levels to investigate potential endocrine causes for the nipple discharge.

[patient]: That makes sense.

[doctor]: For now, I'm prescribing Ibuprofen 200 mg, to be taken orally three times daily for 10 days to help with the pain.

[patient]: Alright, thank you.

[doctor]: It's important to monitor the discharge and breast pain. If you notice any increase in severity, changes in the nature of the discharge like blood or pus, or if you develop new symptoms like redness, swelling, or palpable masses, please let us know immediately.

[patient]: I will, thank you.

[doctor]: Also, maintain good breast hygiene and consider wearing a supportive bra.

[patient]: I'll keep that in mind.

[doctor]: We'll schedule a follow-up appointment in 2 weeks to review the blood test results and assess your response to the treatment.

[patient]: Sounds good.

[doctor]: Do you have any questions or concerns about the plan?

[patient]: No, I think everything is clear.

[doctor]: Great. I’m glad to hear that. If any questions come up, don’t hesitate to contact us. Take care.

[patient]: Thank you, Doctor. See you in two weeks.

[doctor]: See you then. Bye."
NIPPLE DISCHARGE|"ROLE: Family Medicine Physician

**1) Medical Outcome:**
   - Diagnosis: NIPPLE DISCHARGE (ICD-10 description)
   - Prescribed Treatment: Advise to avoid nipple stimulation
   - Follow-up recommendations: Re-evaluation in 4 weeks
   - Referral to specialists: Referral to a breast specialist, Dr. Emily Kim, for further evaluation of the nipple discharge
   - Referral for further tests or imaging: Order a mammogram and ultrasound of the right breast

**2) Medical History:**
   - Previous Diagnoses: Mastitis 2 years ago
   - Family Medical History: Sister has fibrocystic breast disease
   - Medication History: Currently on selective serotonin reuptake inhibitors (SSRIs) for anxiety
   - Allergies: Penicillin
   - Chronic Conditions: Anxiety disorder

**3) Symptom Description:**
   - Severity: Moderate
   - Duration: 1 month
   - Associated Symptoms: Occasionally experiences burning sensation in the right breast
   - Frequency: Several times per week
   - Impact on Daily Activities: Moderate interference with daily activities

**4) Patient’s self-reported habits and lifestyle:**
   - Sleep: Reports difficulty sleeping, averaging 5-6 hours nightly
   - Diet: Primarily vegetarian diet
   - Exercise: Practices yoga twice a week
   - Tobacco Use: Smoked 1 pack per week in the past, quit 3 years ago
   - Alcohol Consumption: Social drinker, usually on weekends (3-4 drinks per week)
   - Drug Use: No drug use
   - Recreational Activities: Enjoys painting and gardening

**5) Demographic Information:**
   - Age: 42
   - Gender: Female
   - Ethnicity: Hispanic
   - Socio-economic Status: Lower-middle class
   - Education Level: High school graduate
   - Health Literacy: Moderate
   - Job Status: Part-time retail worker

**6) Patient's Behavior:**
   - Cooperation with Medical Advice: Cooperative but somewhat anxious

**7) Geographical Location:**
   - Rural
   - Pollution and Environmental Health Risks: Moderate pollution due to local manufacturing
   - Neighborhood Type: Impoverished, limited access to public transit, borderline food desert

**8) Clinical Setting:**
   - Community Health Services

**9) Type of Encounter:**
   - Follow-up

**10) Treatment Disparities:**
   - Potential concern for compliance due to financial limitations

**11) Native or Non-Native English Speaking Patient:**
   - Non-Native English Speaker, primarily speaks Spanish

**12) Physical exams:**
   - Breast Examination: Palpation of right breast shows mild tenderness, discharge on expression, no palpable lumps, no skin changes

**13) Investigation/Test results:**
   - Awaiting mammogram and ultrasound results (right breast)"|"**1. Subjective:**

   **Chief Complaint (CC):**
   Nipple discharge.

   **History of Present Illness (HPI):**
   The patient is a 42-year-old Hispanic female who presents with a primary complaint of nipple discharge from the right breast. She reports that the discharge has been moderate in severity and ongoing for the past month. The discharge occurs several times per week and is occasionally associated with a burning sensation in the right breast. The symptoms have moderately interfered with her daily activities.

   **Review of Systems (ROS):**
   - **Breasts:** Endorses nipple discharge and occasional burning sensation in the right breast. No palpable lumps or skin changes reported.
   - **Psychiatric:** Reports anxiety and associated treatment with SSRIs. Difficulty sleeping, averaging 5-6 hours nightly.
   - **General:** No significant weight loss or fever.

**2. Objective:**

   **Physical Examination:**
   - **Breasts:** Palpation of the right breast shows mild tenderness and discharge upon expression. No palpable lumps or skin changes.
   - **Vital Signs:** BP 120/80 mmHg, HR 76 bpm, Temp 98.6°F, RR 16/min, SpO2 98% on room air.

   **Results:**
   - Awaiting mammogram and ultrasound results of the right breast.

**3. Assessment:**

   - **Nipple Discharge:**
     - **Medical Reasoning:** Given the patient's history of nipple discharge with occasional burning sensation and past history of mastitis, and considering her family history of fibrocystic breast disease, further evaluation is warranted.
     - **Differential Diagnosis:** Possible causes include benign conditions such as duct ectasia or fibrocystic changes, but malignancy cannot be ruled out without further imaging and specialist evaluation.

   - **Anxiety Disorder:**
     - **Medical Reasoning:** The patient’s anxiety appears to be stable on current SSRI treatment.
     - **Patient Education and Counseling:** Discussed the importance of managing anxiety and its impact on sleep.

**4. Plan:**

   - **Nipple Discharge:**
     - **Medical Treatment:** Advised the patient to avoid nipple stimulation as much as possible.
     - **Patient Education and Counseling:** Explained the potential benign and serious causes of nipple discharge.
     - **Referral:** Referred to a breast specialist, Dr. Emily Kim, for further evaluation of the nipple discharge.
     - **Further Testing:** Ordered a mammogram and ultrasound for the right breast to gather more diagnostic information.
   
   - **Anxiety:**
     - **Medical Treatment:** Continue current SSRI medication. Encouraged maintaining regular follow-ups for anxiety management.
     - **Lifestyle Modifications:** Recommended improving sleep hygiene practices to alleviate difficulty sleeping.

   - **Follow-up:** Scheduled a re-evaluation appointment in 4 weeks to review imaging results and consult notes from the breast specialist.

Patient agrees and understands the recommended medical treatment plan.

#####"|"**1. Subjective:**

   **Chief Complaint (CC):**
   Nipple discharge.

   **History of Present Illness (HPI):**
   The patient is a 42-year-old Hispanic female who presents with a primary complaint of nipple discharge from the right breast. She reports that the discharge has been moderate in severity and ongoing for the past month. The discharge occurs several times per week and is occasionally associated with a burning sensation in the right breast. The symptoms have moderately interfered with her daily activities.

   **Review of Systems (ROS):**
   - **Breasts:** Endorses nipple discharge and occasional burning sensation in the right breast. No palpable lumps or skin changes reported.
   - **Psychiatric:** Reports anxiety and associated treatment with SSRIs. Difficulty sleeping, averaging 5-6 hours nightly.
   - **General:** No significant weight loss or fever.

**2. Objective:**

   **Physical Examination:**
   - **Breasts:** Palpation of the right breast shows mild tenderness and discharge upon expression. No palpable lumps or skin changes.
   - **Vital Signs:** BP 120/80 mmHg, HR 76 bpm, Temp 98.6°F, RR 16/min, SpO2 98% on room air.

**3. Assessment:**

   - **Nipple Discharge:**
     - **Medical Reasoning:** Given the patient's history of nipple discharge with occasional burning sensation and past history of mastitis, and considering her family history of fibrocystic breast disease, further evaluation is warranted.
     - **Differential Diagnosis:** Possible causes include benign conditions such as duct ectasia or fibrocystic changes, but malignancy cannot be ruled out without further imaging and specialist evaluation.

   - **Anxiety Disorder:**
     - **Medical Reasoning:** The patient’s anxiety appears to be stable on current SSRI treatment.
     - **Patient Education and Counseling:** Discussed the importance of managing anxiety and its impact on sleep.

**4. Plan:**

   - **Nipple Discharge:**
     - **Medical Treatment:** Advised the patient to avoid nipple stimulation as much as possible.
     - **Patient Education and Counseling:** Explained the potential benign and serious causes of nipple discharge.
     - **Referral:** Referred to a breast specialist, Dr. Emily Kim, for further evaluation of the nipple discharge.
     - **Further Testing:** Ordered a mammogram and ultrasound for the right breast to gather more diagnostic information.
   
   - **Anxiety:**
     - **Medical Treatment:** Continue current SSRI medication. Encouraged maintaining regular follow-ups for anxiety management.
     - **Lifestyle Modifications:** Recommended improving sleep hygiene practices to alleviate difficulty sleeping.

   - **Follow-up:** Scheduled a re-evaluation appointment in 4 weeks to review imaging results and consult notes from the breast specialist.

Patient agrees and understands the recommended medical treatment plan."|"**1. Subjective:**

   **CC:**
   Nipple discharge.

   **HPI:**
   The pt is a 42 y/o Hispanic F who presents with a primary c/o nipple discharge from the R breast. She reports that the discharge has been moderate in severity and ongoing for the past month. The discharge occurs several times per week and is occasionally associated with a burning sensation in the R breast. The sx have moderately interfered with her daily activities.

   **ROS:**
   - **Breasts:** Endorses nipple discharge and occasional burning sensation in the R breast. No palpable lumps or skin changes reported.
   - **Psych:** Reports anxiety and associated tx with SSRIs. Difficulty sleeping, averaging 5-6 hrs nightly.
   - **General:** No significant weight loss or fever.

**2. Objective:**

   **PE:**
   - **Breasts:** Palpation of the R breast shows mild tenderness and discharge upon expression. No palpable lumps or skin changes.
   - **VS:** BP 120/80 mmHg, HR 76 bpm, Temp 98.6°F, RR 16/min, SpO2 98% on RA.

**3. Assessment:**

   - **Nipple Discharge:**
     - **Medical Reasoning:** Given the pt's hx of nipple discharge with occasional burning sensation and past hx of mastitis, and considering her FHx of fibrocystic breast disease, further evaluation is warranted.
     - **DDx:** Possible causes include benign conditions such as duct ectasia or fibrocystic changes, but malignancy cannot be ruled out without further imaging and specialist evaluation.

   - **Anxiety Disorder:**
     - **Medical Reasoning:** The pt’s anxiety appears to be stable on current SSRI tx.
     - **Pt Education and Counseling:** Discussed the importance of managing anxiety and its impact on sleep.

**4. Plan:**

   - **Nipple Discharge:**
     - **Medical Tx:** Advised the pt to avoid nipple stimulation as much as possible.
     - **Pt Education and Counseling:** Explained the potential benign and serious causes of nipple discharge.
     - **Referral:** Referred to a breast specialist, Dr. Emily Kim, for further evaluation of the nipple discharge.
     - **Further Testing:** Ordered a mammo and US for the R breast to gather more diagnostic information.
   
   - **Anxiety:**
     - **Medical Tx:** Continue current SSRI med. Encouraged maintaining regular follow-ups for anxiety mgmt.
     - **Lifestyle Modifications:** Recommended improving sleep hygiene practices to alleviate difficulty sleeping.

   - **Follow-up:** Scheduled a re-eval appt in 4 wks to review imaging results and consult notes from the breast specialist.

Pt agrees and understands the recommended medical tx plan."|Family Medicine Physician|"**Doctor:** Good morning, it's nice to see you today. I understand you're here because you've been experiencing some nipple discharge. Can you tell me a bit more about that?

**Patient:** Yes, I've had some discharge coming from my right breast for about a month now. It's moderate in severity and happens several times a week. Sometimes it comes with a burning sensation.

**Doctor:** I see. How often would you say this discharge occurs?

**Patient:** Hmm, I'd say it happens a few times each week. 

**Doctor:** Alright, and you mentioned a burning sensation. How often do you feel that?

**Patient:** It's occasional, not every time the discharge happens, but enough to be noticeable.

**Doctor:** Understood. Has this issue been interfering with your daily activities at all?

**Patient:** Yes, it has moderately interfered. It's concerning and a bit uncomfortable.

**Doctor:** I can imagine. Have you noticed any lumps or changes in the skin on your breasts?

**Patient:** No, I haven't felt any lumps or seen any skin changes.

**Doctor:** Alright, that's good to know. Let's go over a few more things. How has your general health been otherwise? Any significant weight loss or fever?

**Patient:** No, I haven't had any significant weight loss or fever.

**Doctor:** Okay. How about your sleep? Are you getting enough rest?

**Patient:** Not really. I have difficulty sleeping and usually get about 5-6 hours a night.

**Doctor:** I see. And you're currently being treated for anxiety with SSRIs, correct?

**Patient:** Yes, that's right.

**Doctor:** Have you noticed any changes in your anxiety or any other symptoms related to it?

**Patient:** My anxiety seems to be stable with the medication, but the sleep issue is still there.

**Doctor:** Okay, thanks for sharing that. Let's move on to a physical examination. First, let's check your vitals. Your blood pressure is 120/80 mmHg, your heart rate is 76 bpm, your temperature is 98.6°F, your respiratory rate is 16/min, and your oxygen saturation is 98% on room air. Everything looks good here.

**Patient:** That's good to hear.

**Doctor:** Now, I'll examine your breasts. Please let me know if you feel any discomfort. [Palpates the right breast] 

**Patient:** A bit tender there.

**Doctor:** Okay, there's mild tenderness and I can see the discharge upon expression. I don't feel any lumps or see any skin changes. 

**Patient:** That's a relief.

**Doctor:** We should further evaluate this nipple discharge. I'm going to order a mammogram and an ultrasound for your right breast. We're still awaiting the results.

**Patient:** Alright, that sounds good.

**Doctor:** Based on what you've told me and your examination, the discharge could be due to benign conditions like duct ectasia or fibrocystic changes, but we need to rule out any serious conditions, including malignancy.

**Patient:** I understand. What should I do in the meantime?

**Doctor:** It's important to avoid nipple stimulation as much as possible. I'll also refer you to a breast specialist, Dr. Emily Kim, for further evaluation. She'll be able to provide more insights once we have the imaging results.

**Patient:** Okay, thank you.

**Doctor:** Regarding your anxiety, it's good that it's stable with your current SSRI medication. However, improving your sleep is crucial. I'll give you some tips on sleep hygiene practices that could help.

**Patient:** That would be very helpful. Thanks.

**Doctor:** You're welcome. We'll continue with your current SSRI for anxiety and ensure you have regular follow-ups to manage it effectively. 

**Patient:** Alright.

**Doctor:** I've scheduled a re-evaluation appointment for you in 4 weeks. By then, we should have your imaging results and consult notes from Dr. Kim.

**Patient:** Sounds good. I appreciate your help.

**Doctor:** Of course. Do you have any other questions or concerns?

**Patient:** No, I think that covers everything.

**Doctor:** Great. I will see you in 4 weeks and hopefully, we'll have a clearer picture then. Take care and feel free to reach out if you need anything in the meantime.

**Patient:** Thank you, Doctor. I'll do that."|"[doctor]: Good morning, it's nice to see you today. I understand you're here because you've been experiencing some nipple discharge. Can you tell me a bit more about that?

[patient]: Yes, I've had some discharge coming from my right breast for about a month now. It's moderate in severity and happens several times a week. Sometimes it comes with a burning sensation.

[doctor]: I see. How often would you say this discharge occurs?

[patient]: Hmm, I'd say it happens a few times each week. 

[doctor]: Alright, and you mentioned a burning sensation. How often do you feel that?

[patient]: It's occasional, not every time the discharge happens, but enough to be noticeable.

[doctor]: Understood. Has this issue been interfering with your daily activities at all?

[patient]: Yes, it has moderately interfered. It's concerning and a bit uncomfortable.

[doctor]: I can imagine. Have you noticed any lumps or changes in the skin on your breasts?

[patient]: No, I haven't felt any lumps or seen any skin changes.

[doctor]: Alright, that's good to know. Let's go over a few more things. How has your general health been otherwise? Any significant weight loss or fever?

[patient]: No, I haven't had any significant weight loss or fever.

[doctor]: Okay. How about your sleep? Are you getting enough rest?

[patient]: Not really. I have difficulty sleeping and usually get about 5-6 hours a night.

[doctor]: I see. And you're currently being treated for anxiety with SSRIs, correct?

[patient]: Yes, that's right.

[doctor]: Have you noticed any changes in your anxiety or any other symptoms related to it?

[patient]: My anxiety seems to be stable with the medication, but the sleep issue is still there.

[doctor]: Okay, thanks for sharing that. Let's move on to a physical examination. First, let's check your vitals. Your blood pressure is 120/80 mmHg, your heart rate is 76 bpm, your temperature is 98.6°F, your respiratory rate is 16/min, and your oxygen saturation is 98% on room air. Everything looks good here.

[patient]: That's good to hear.

[doctor]: Now, I'll examine your breasts. Please let me know if you feel any discomfort. [Palpates the right breast] 

[patient]: A bit tender there.

[doctor]: Okay, there's mild tenderness and I can see the discharge upon expression. I don't feel any lumps or see any skin changes. 

[patient]: That's a relief.

[doctor]: We should further evaluate this nipple discharge. I'm going to order a mammogram and an ultrasound for your right breast. We're still awaiting the results.

[patient]: Alright, that sounds good.

[doctor]: Based on what you've told me and your examination, the discharge could be due to benign conditions like duct ectasia or fibrocystic changes, but we need to rule out any serious conditions, including malignancy.

[patient]: I understand. What should I do in the meantime?

[doctor]: It's important to avoid nipple stimulation as much as possible. I'll also refer you to a breast specialist, Dr. Emily Kim, for further evaluation. She'll be able to provide more insights once we have the imaging results.

[patient]: Okay, thank you.

[doctor]: Regarding your anxiety, it's good that it's stable with your current SSRI medication. However, improving your sleep is crucial. I'll give you some tips on sleep hygiene practices that could help.

[patient]: That would be very helpful. Thanks.

[doctor]: You're welcome. We'll continue with your current SSRI for anxiety and ensure you have regular follow-ups to manage it effectively. 

[patient]: Alright.

[doctor]: I've scheduled a re-evaluation appointment for you in 4 weeks. By then, we should have your imaging results and consult notes from Dr. Kim.

[patient]: Sounds good. I appreciate your help.

[doctor]: Of course. Do you have any other questions or concerns?

[patient]: No, I think that covers everything.

[doctor]: Great. I will see you in 4 weeks and hopefully, we'll have a clearer picture then. Take care and feel free to reach out if you need anything in the meantime.

[patient]: Thank you, Doctor. I'll do that."
NIPPLE DISCHARGE|"ROLE: Family Medicine Physician

**Geographical Location:** Big City, Urban, Affluent  
**Clinical Setting:** Urgent Care Center  
**Type of Encounter:** Emergency Visit  
**Demographic Information:** 28-year-old Asian female, High-income, College Educated, Health Literate, Marketing Executive  
**Medical Outcome:** 
  - Physical Exam: Clinical Breast Exam
  - Investigation: 
    - Order for Imaging: Ultrasound of the Thorax 
    - Order for Blood Work: Hormone Panel including Estrogen and Progesterone levels, Complete Blood Count (CBC)
  - Medication: Prescribed Fluconazole 150 mg tablet, single dose, orally for suspected underlying fungal infection
  - Referral to Specialist: Dermatologist for persistent skin irritation and rash around the breast area, Dr. Marcus Lim
  - Follow-up Recommendations: Re-assess in 1 week with results and dermatology feedback
**Medical History:** 
  - Previous Diagnoses: Contact dermatitis
  - Family Medical History: Paternal history of eczema
  - Medication History: Currently on birth control pills
  - Allergies: Allergic to NSAIDs
**Symptoms Description:**
  - Severity: Severe
  - Duration: 1 week
  - Associated Symptoms: Burning and itching around the nipple, rash
  - Frequency: Continuous discharge from both nipples with an unpleasant odor
  - Impact on Daily Activities: High discomfort, impacting daily work and sleep
**Patient’s Self-Reported Habits and Lifestyle:**
  - Sleep: 5-6 hours per night, reports disrupted sleep due to symptoms
  - Diet: Diet rich in dairy and proteins, moderate carbohydrates, minimal fruits and vegetables
  - Exercise: Inconsistent exercise routine, occasional jogging
  - Tobacco Use: Non-smoker
  - Alcohol Consumption: Regular social drinker, 5-6 alcoholic beverages per week
  - Drug Use: None
  - Recreational Activities: Blogging about fashion and beauty
**Patient's Behavior:** Highly anxious about symptoms, very cooperative and keen to resolve the issue as soon as possible

**Physical Exam:**
  - Breast Exam: Noticed rash and redness around nipple area, bilateral nipple discharge upon gentle pressure, burning sensation reported by the patient

**Investigation/Test Results:** 
  - Awaiting results: Ultrasound of the Thorax, Hormone Panel including Estrogen and Progesterone Levels, Complete Blood Count (CBC)"|"**1. Subjective:**

**Chief Complaint (CC):**
Severe burning and itching around the nipple with a rash, continuous discharge from both nipples with an unpleasant odor, duration of 1 week.

**History of Present Illness (HPI):**
The patient, a 28-year-old Asian female, presents with severe symptoms of burning and itching around the nipple, a persistent rash, and continuous discharge with an unpleasant odor. Symptoms have been ongoing for a week and are significantly impacting her daily activities, including work and sleep.

**Review of Systems (ROS):**
- Dermatology: Rash and redness around the nipple, burning, and itching sensation.
- Endocrine: Bilateral nipple discharge.
- Sleep: Disrupted due to symptoms, averaging 5-6 hours per night.
- General: Reports high discomfort affecting daily routine and productivity.

**Past Medical History:**
- Previous Diagnoses: Contact dermatitis
- Family Medical History: Paternal history of eczema
- Medication History: Currently on birth control pills
- Allergies: Allergic to NSAIDs

**2. Objective:**

**Vital Signs:**
- Blood Pressure: 118/76 mmHg
- Heart Rate: 72 bpm
- Respiratory Rate: 16 breaths/min
- Temperature: 98.6°F

**Physical Examination:**
- Breast Exam: Rash and redness around the nipple area with bilateral nipple discharge upon gentle pressure, the patient reports a burning sensation.

**Investigations Ordered:**
- Ultrasound of the Thorax: Awaiting results
- Blood Work: 
  - Hormone Panel (including Estrogen and Progesterone levels): Awaiting results
  - Complete Blood Count (CBC): Awaiting results

**3. Assessment:**
- Suspected underlying fungal infection causing severe dermatitis and nipple discharge.
- Possible hormonal imbalance contributing to symptoms.
- Rule out infectious etiology and endocrine disorder.

**4. Plan:**

**Medication:**
- Fluconazole 150 mg tablet, single dose, orally for suspected underlying fungal infection.

**Referrals:**
- Dermatologist: Referral to Dr. Marcus Lim for persistent skin irritation and rash around the breast area.

**Follow-up Recommendations:**
- Re-assess in 1 week with results from the ultrasound, hormone panel, CBC, and dermatology feedback.

**Patient Education and Lifestyle Modifications:**
- Advised to avoid tight clothing and synthetic fabrics around the affected area.
- Maintain proper hygiene and keep the area dry.
- Suggested dietary modifications to include more fruits and vegetables.
- Encourage a consistent exercise routine. 
- Discussed the importance of adequate sleep and strategies to improve sleep quality.

**Patient's Behavior:**
- Highly anxious about symptoms, cooperative, and keen to resolve the issue as soon as possible.
- All questions were addressed, and the patient expressed understanding and agreement with the proposed plan."|"**1. Subjective:**

**Chief Complaint (CC):**
Severe burning and itching around the nipple with a rash, continuous discharge from both nipples with an unpleasant odor, duration of 1 week.

**History of Present Illness (HPI):**
The patient, a 28-year-old Asian female, presents with severe symptoms of burning and itching around the nipple, a persistent rash, and continuous discharge with an unpleasant odor. Symptoms have been ongoing for a week and are significantly impacting her daily activities, including work and sleep.

**Review of Systems (ROS):**
- Dermatology: Rash and redness around the nipple, burning, and itching sensation.
- Endocrine: Bilateral nipple discharge.
- Sleep: Disrupted due to symptoms, averaging 5-6 hours per night.
- General: Reports high discomfort affecting daily routine and productivity.

**Past Medical History:**
- Previous Diagnoses: Contact dermatitis
- Family Medical History: Paternal history of eczema
- Medication History: Currently on birth control pills
- Allergies: Allergic to NSAIDs

**2. Objective:**

**Vital Signs:**
- Blood Pressure: 118/76 mmHg
- Heart Rate: 72 bpm
- Respiratory Rate: 16 breaths/min
- Temperature: 98.6°F

**Physical Examination:**
- Breast Exam: Rash and redness around the nipple area with bilateral nipple discharge upon gentle pressure, the patient reports a burning sensation.

**3. Assessment:**
- Suspected underlying fungal infection causing severe dermatitis and nipple discharge.
- Possible hormonal imbalance contributing to symptoms.
- Rule out infectious etiology and endocrine disorder.

**4. Plan:**

**Investigations Ordered:**
- Ultrasound of the Thorax: Awaiting results
- Blood Work: 
  - Hormone Panel (including Estrogen and Progesterone levels): Awaiting results
  - Complete Blood Count (CBC): Awaiting results

**Medication:**
- Fluconazole 150 mg tablet, single dose, orally for suspected underlying fungal infection.

**Referrals:**
- Dermatologist: Referral to Dr. Marcus Lim for persistent skin irritation and rash around the breast area.

**Follow-up Recommendations:**
- Re-assess in 1 week with results from the ultrasound, hormone panel, CBC, and dermatology feedback.

**Patient Education and Lifestyle Modifications:**
- Advised to avoid tight clothing and synthetic fabrics around the affected area.
- Maintain proper hygiene and keep the area dry.
- Suggested dietary modifications to include more fruits and vegetables.
- Encourage a consistent exercise routine. 
- Discussed the importance of adequate sleep and strategies to improve sleep quality.

**Patient's Behavior:**
- Highly anxious about symptoms, cooperative, and keen to resolve the issue as soon as possible.
- All questions were addressed, and the patient expressed understanding and agreement with the proposed plan."|"**1. Subjective:**

**CC:**
Severe burning and itching around the nipple with a rash, continuous discharge from both nipples with an unpleasant odor, duration of 1 week.

**HPI:**
The patient, a 28-year-old Asian female, presents with severe sx of burning and itching around the nipple, a persistent rash, and continuous discharge with an unpleasant odor. Sx have been ongoing for a week and are significantly impacting her ADLs, including work and sleep.

**ROS:**
- Derm: Rash and redness around the nipple, burning, and itching sensation.
- Endo: Bilateral nipple discharge.
- Sleep: Disrupted due to sx, averaging 5-6 hrs/night.
- Gen: Reports high discomfort affecting daily routine and productivity.

**PMH:**
- Previous Dx: Contact dermatitis
- FMH: Paternal hx of eczema
- Med Hx: Currently on OCPs
- Allergies: Allergic to NSAIDs

**2. Objective:**

**VS:**
- BP: 118/76 mmHg
- HR: 72 bpm
- RR: 16 breaths/min
- Temp: 98.6°F

**PE:**
- Breast Exam: Rash and redness around the nipple area with bilateral nipple discharge upon gentle pressure, the patient reports a burning sensation.

**3. Assessment:**
- Suspected underlying fungal infxn causing severe dermatitis and nipple discharge.
- Possible hormonal imbalance contributing to sx.
- R/O infectious etiology and endocrine disorder.

**4. Plan:**

**Investigations Ordered:**
- US of the Thorax: Awaiting results
- Blood Work: 
  - Hormone Panel (incl. Estrogen and Progesterone levels): Awaiting results
  - CBC: Awaiting results

**Rx:**
- Fluconazole 150 mg tablet, single dose, PO for suspected underlying fungal infxn.

**Referrals:**
- Derm: Referral to Dr. Marcus Lim for persistent skin irritation and rash around the breast area.

**F/U Recommendations:**
- Re-assess in 1 week with results from the US, hormone panel, CBC, and derm feedback.

**Pt Education and Lifestyle Modifications:**
- Advised to avoid tight clothing and synthetic fabrics around the affected area.
- Maintain proper hygiene and keep the area dry.
- Suggested dietary modifications to include more fruits and vegetables.
- Encourage a consistent exercise routine. 
- Discussed the importance of adequate sleep and strategies to improve sleep quality.

**Pt's Behavior:**
- Highly anxious about sx, cooperative, and keen to resolve the issue ASAP.
- All questions were addressed, and the pt expressed understanding and agreement with the proposed plan."|Family Medicine Physician|"**Doctor:** Hello, I’m Dr. Miller. How can I help you today?

**Patient:** Hi, Dr. Miller. I’m here because I’ve been having severe burning and itching around my nipples, and there’s a rash. It’s been going on for a week now.

**Doctor:** I’m sorry to hear that. Can you describe the symptoms in more detail? When did they start?

**Patient:** It started about a week ago, and it’s been getting worse. The burning and itching are really intense, and there’s a continuous discharge from both nipples. It has an unpleasant odor, too.

**Doctor:** That sounds very uncomfortable. Has this affected your daily activities at all?

**Patient:** Yes, it’s been really hard to focus at work and I haven’t been sleeping well. I’m only getting about 5-6 hours of sleep a night because of it.

**Doctor:** I see. Let’s go over some more details. Do you have any previous medical conditions?

**Patient:** I’ve had contact dermatitis before.

**Doctor:** Okay, and how about your family medical history?

**Patient:** My dad has eczema.

**Doctor:** Got it. Are you currently on any medications?

**Patient:** Yes, I’m on birth control pills.

**Doctor:** Do you have any allergies?

**Patient:** I’m allergic to NSAIDs.

**Doctor:** Understood. Let me check your vital signs now. Your blood pressure is 118/76 mmHg, your heart rate is 72 bpm, your respiratory rate is 16 breaths/min, and your temperature is 98.6°F. Everything looks normal there.

**Patient:** Okay.

**Doctor:** I’m going to perform a breast exam now. Let me know if you feel any discomfort. I see there’s a rash and redness around the nipple area, and there’s bilateral nipple discharge when I apply gentle pressure. Does this cause you any burning sensation?

**Patient:** Yes, it’s really painful.

**Doctor:** Thanks for letting me know. Based on your symptoms and what I’m seeing, I suspect there might be an underlying fungal infection causing severe dermatitis and nipple discharge. We’ll need to do some further tests to confirm this.

**Patient:** What kind of tests?

**Doctor:** I’ll order an ultrasound of the thorax and some blood work, including a hormone panel to check your estrogen and progesterone levels, as well as a complete blood count (CBC).

**Patient:** Okay.

**Doctor:** While we wait for the results, I’m going to prescribe you a single dose of Fluconazole 150 mg orally for the suspected fungal infection.

**Patient:** Alright.

**Doctor:** I’m also going to refer you to Dr. Marcus Lim, a dermatologist, for the persistent skin irritation and rash around your breast area.

**Patient:** Sounds good.

**Doctor:** For now, try to avoid tight clothing and synthetic fabrics around the affected area. Keep the area dry and maintain proper hygiene. Can you also try to include more fruits and vegetables in your diet and keep up with a consistent exercise routine?

**Patient:** I can do that.

**Doctor:** It’s important to get adequate sleep, so we’ll discuss some strategies to help improve your sleep quality. Do you have any other questions or concerns?

**Patient:** I’m just really anxious about all of this. I want to get it resolved as soon as possible.

**Doctor:** I understand. We’ll re-assess everything in 1 week with the results from the ultrasound, hormone panel, CBC, and feedback from the dermatologist. We’ll take it one step at a time.

**Patient:** Thank you, Dr. Miller. That sounds like a good plan.

**Doctor:** You’re welcome. We’ll get to the bottom of this. See you in a week.

**Patient:** Okay, thank you."|"[doctor]: Hello, I’m Dr. Miller. How can I help you today?

[patient]: Hi, Dr. Miller. I’m here because I’ve been having severe burning and itching around my nipples, and there’s a rash. It’s been going on for a week now.

[doctor]: Hmm, I’m sorry to hear that. Can you describe the symptoms in more detail? When did they start?

[patient]: It started about a week ago, and it’s been getting worse. The burning and itching are really intense, and there’s a continuous discharge from both nipples. It has an unpleasant odor, too.

[doctor]: That sounds very uncomfortable. Has this affected your daily activities at all?

[patient]: Yes, it’s been really hard to focus at work and I haven’t been sleeping well. I’m only getting about 5-6 hours of sleep a night because of it.

[doctor]: I see. Let’s go over some more details. Do you have any previous medical conditions?

[patient]: I’ve had contact dermatitis before.

[doctor]: Okay, and how about your family medical history?

[patient]: My dad has eczema.

[doctor]: Got it. Are you currently on any medications?

[patient]: Yes, I’m on birth control pills.

[doctor]: Do you have any allergies?

[patient]: I’m allergic to NSAIDs.

[doctor]: Understood. Let me check your vital signs now. Your blood pressure is 118/76 mmHg, your heart rate is 72 bpm, your respiratory rate is 16 breaths/min, and your temperature is 98.6°F. Everything looks normal there.

[patient]: Okay.

[doctor]: I’m going to perform a breast exam now. Let me know if you feel any discomfort. I see there’s a rash and redness around the nipple area, and there’s bilateral nipple discharge when I apply gentle pressure. Does this cause you any burning sensation?

[patient]: Yes, it’s really painful.

[doctor]: Thanks for letting me know. Based on your symptoms and what I’m seeing, I suspect there might be an underlying fungal infection causing severe dermatitis and nipple discharge. We’ll need to do some further tests to confirm this.

[patient]: What kind of tests?

[doctor]: I’ll order an ultrasound of the thorax and some blood work, including a hormone panel to check your estrogen and progesterone levels, as well as a complete blood count (CBC).

[patient]: Okay.

[doctor]: While we wait for the results, I’m going to prescribe you a single dose of Fluconazole 150 mg orally for the suspected fungal infection.

[patient]: Alright.

[doctor]: I’m also going to refer you to Dr. Marcus Lim, a dermatologist, for the persistent skin irritation and rash around your breast area.

[patient]: Sounds good.

[doctor]: For now, try to avoid tight clothing and synthetic fabrics around the affected area. Keep the area dry and maintain proper hygiene. Can you also try to include more fruits and vegetables in your diet and keep up with a consistent exercise routine?

[patient]: I can do that.

[doctor]: It’s important to get adequate sleep, so we’ll discuss some strategies to help improve your sleep quality. Do you have any other questions or concerns?

[patient]: I’m just really anxious about all of this. I want to get it resolved as soon as possible.

[doctor]: I understand. We’ll re-assess everything in 1 week with the results from the ultrasound, hormone panel, CBC, and feedback from the dermatologist. We’ll take it one step at a time.

[patient]: Thank you, Dr. Miller. That sounds like a good plan.

[doctor]: You’re welcome. We’ll get to the bottom of this. See you in a week.

[patient]: Okay, thank you."
NIPPLE DISCHARGE|"**ROLE:** Family Medicine Physician

**Scenario:**

1. **Medical Outcome:**
    - Diagnosis: Nipple Discharge (ICD-10: N64.52)
    - Prescribed Treatment: Reassurance, patient education on benign causes of discharge.
    - Follow-up Recommendations: Return in 2 weeks for reassessment.
    - Referral: Mammography to evaluate breast tissue - reason: Nipple Discharge.
        - Modality: Mammogram
        - Area: Bilateral Breasts
    - Blood Work: Hormone levels to rule out prolactinoma - Biochemistry (Prolactin levels).
    - Medication: None at this stage until mammogram and blood work are reviewed.

2. **Medical History:**
    - Previous Diagnoses: History of Fibrocystic Breast Disease
    - Family Medical History: Mother had breast cancer at age 60.
    - Medication History: Currently on oral contraceptives, no other medications.
    - Allergies: NKDA (No Known Drug Allergies)
    - Chronic Conditions: None reported

3. **Symptom Description:**
    - Severity: Mild to moderate
    - Duration: 3 weeks
    - Associated Symptoms: Occasional breast tenderness
    - Frequency: Daily
    - Impact on Daily Activities: Minimal, patient mostly concerned about potential for serious underlying cause.

4. **Patient’s self-reported habits and lifestyle:**
    - Sleep: 7-8 hours per night
    - Diet: Balanced diet with occasional indulgence in sweets
    - Exercise: Exercises 3-4 times a week (yoga and cardio)
    - Tobacco Use: Non-smoker
    - Alcohol Consumption: Drinks socially, about 1-2 glasses of wine per week
    - Drug Use: Denies any drug use
    - Recreational Activities: Participates in community garden and book club

5. **Demographic Information:**
    - Age: 34
    - Gender: Female
    - Ethnicity: Caucasian
    - Socio-economic Status: Middle-class
    - Education Level: College graduate
    - Health Literacy: High
    - Job Status: Marketing Manager

6. **Patient's Behavior:**
    - The level of patient's cooperation with medical advice: Very cooperative and actively engaged in her healthcare.

7. **Geographical Location:**
    - Big City vs Small City: Urban
    - Rural vs Urban: Urban
    - Pollution and Environmental Health Risks: Moderate
    - Neighborhood Type: Affluent, well-served by transit, easy access to healthcare facilities

8. **Clinical Setting:**
    - Private Practice

9. **Type of Encounter:**
    - Initial Consultation

10. **Treatment Disparities:**
    - None noted; patient has access to comprehensive care.

11. **Native or Non-Native English Speaking Patient:**
    - Native English Speaking Patient.

12. **Physical exams:**
    - Breast exam: No palpable lumps, consistency granular consistent with fibrocystic changes, mild tenderness on palpation, discharge observed - clear and non-bloody.

13. **Investigation/Test results:**
    - N/A (Tests ordered, results pending)

(Note: The details included such as referral for mammography and hormone levels for prolactinoma are based on common practice in evaluating nipple discharge.)"|"#####
**1. Subjective:**

**Chief Complaint (CC):** 
Nipple discharge.

**History of Present Illness (HPI):**
The patient is a 34-year-old Caucasian female presenting with a complaint of mild to moderate nipple discharge lasting for the past 3 weeks. The discharge is clear and non-bloody. The patient also reports occasional breast tenderness. She notes that the discharge occurs daily but has minimal impact on her daily activities. Her primary concern is the potential for a serious underlying cause.

**Review of Systems (ROS):**
- **Breast:** Endorses clear nipple discharge and occasional tenderness.
- **Endocrine:** No symptoms of hyperprolactinemia such as galactorrhea, headaches, or visual changes.
- **General:** No unexplained weight changes, fever, or night sweats.
- **Gynecological:** Regular menstrual cycles, no recent changes.

**2. Objective:**
- **Vital Signs:** Blood pressure 120/80 mmHg, heart rate 72 bpm, respiratory rate 16 bpm, temperature 98.6°F.
- **Physical Examination:**
  - **Breast Exam:** No palpable lumps, breast tissue consistency granular consistent with fibrocystic changes, mild tenderness on palpation, clear and non-bloody discharge observed.
  - **Skin:** No rash or skin changes.
  - **Cardiovascular:** Normal S1 and S2, no murmurs.
  - **Respiratory:** Clear to auscultation bilaterally, no wheezing or rales.

**3. Assessment:**
- **Primary Diagnosis:** Nipple Discharge (ICD-10: N64.52)
- **Differential Diagnosis:**
  - Fibrocystic Breast Changes
  - Hormonal Imbalance (prolactinoma)
  - Intraductal Papilloma
  - Duct Ectasia

**4. Plan:**
- **Medical Reasoning:** Given the patient’s history of fibrocystic breast disease, her symptoms are likely benign but warrant further evaluation due to the persistent nature of the discharge and family history of breast cancer.
- **Patient Education and Counseling:** 
  - Reassured the patient that the majority of nipple discharges are benign.
  - Educated the patient on the common benign causes of nipple discharge.
- **Investigations:**
  - Ordered mammography to evaluate breast tissue (Bilateral Breasts).
  - Ordered blood work to check hormone levels, specifically prolactin, to rule out prolactinoma.
- **Follow-up Recommendations:** 
  - Return in 2 weeks for reassessment with results of mammogram and blood work.
- **Referral:** 
  - Referral for mammography.
- **Medication:** 
  - None at this stage until mammogram and blood work are reviewed.

**Patient Agreements:** The patient understands and agrees with the recommended medical treatment plan.
#####"|"#####
**1. Subjective:**

**Chief Complaint (CC):** 
Nipple discharge.

**History of Present Illness (HPI):**
The patient is a 34-year-old Caucasian female presenting with a complaint of mild to moderate nipple discharge lasting for the past 3 weeks. The discharge is clear and non-bloody. The patient also reports occasional breast tenderness. She notes that the discharge occurs daily but has minimal impact on her daily activities. Her primary concern is the potential for a serious underlying cause.

**Review of Systems (ROS):**
- **Breast:** Endorses clear nipple discharge and occasional tenderness.
- **Endocrine:** No symptoms of hyperprolactinemia such as galactorrhea, headaches, or visual changes.
- **General:** No unexplained weight changes, fever, or night sweats.
- **Gynecological:** Regular menstrual cycles, no recent changes.

**2. Objective:**
- **Vital Signs:** Blood pressure 120/80 mmHg, heart rate 72 bpm, respiratory rate 16 bpm, temperature 98.6°F.
- **Physical Examination:**
  - **Breast Exam:** No palpable lumps, breast tissue consistency granular consistent with fibrocystic changes, mild tenderness on palpation, clear and non-bloody discharge observed.
  - **Skin:** No rash or skin changes.
  - **Cardiovascular:** Normal S1 and S2, no murmurs.
  - **Respiratory:** Clear to auscultation bilaterally, no wheezing or rales.

**3. Assessment:**
- **Primary Diagnosis:** Nipple Discharge (ICD-10: N64.52)
- **Differential Diagnosis:**
  - Fibrocystic Breast Changes
  - Hormonal Imbalance (prolactinoma)
  - Intraductal Papilloma
  - Duct Ectasia

**4. Plan:**
- **Medical Reasoning:** Given the patient’s history of fibrocystic breast disease, her symptoms are likely benign but warrant further evaluation due to the persistent nature of the discharge and family history of breast cancer.
- **Patient Education and Counseling:** 
  - Reassured the patient that the majority of nipple discharges are benign.
  - Educated the patient on the common benign causes of nipple discharge.
- **Investigations:**
  - Ordered mammography to evaluate breast tissue (Bilateral Breasts).
  - Ordered blood work to check hormone levels, specifically prolactin, to rule out prolactinoma.
- **Follow-up Recommendations:** 
  - Return in 2 weeks for reassessment with results of mammogram and blood work.
- **Referral:** 
  - Referral to Dr. Emily Johnson, a breast specialist, for further evaluation of nipple discharge.
- **Medication:** 
  - None at this stage until mammogram and blood work are reviewed.

**Patient Agreements:** The patient understands and agrees with the recommended medical treatment plan.
#####"|"#####
**1. Subjective:**

**CC:** 
Nipple discharge.

**HPI:**
The pt is a 34 y/o Caucasian F presenting with a c/o mild to moderate nipple discharge x3 wks. The discharge is clear and non-bloody. The pt also reports occasional breast tenderness. She notes that the discharge occurs daily but has minimal impact on her daily activities. Her primary concern is the potential for a serious underlying cause.

**ROS:**
- **Breast:** Endorses clear nipple discharge and occasional tenderness.
- **Endocrine:** No sxs of hyperprolactinemia such as galactorrhea, HA, or visual changes.
- **General:** No unexplained wt changes, fever, or night sweats.
- **Gyn:** Regular menstrual cycles, no recent changes.

**2. Objective:**
- **VS:** BP 120/80 mmHg, HR 72 bpm, RR 16 bpm, T 98.6°F.
- **PE:**
  - **Breast Exam:** No palpable lumps, breast tissue consistency granular consistent with fibrocystic changes, mild tenderness on palpation, clear and non-bloody discharge observed.
  - **Skin:** No rash or skin changes.
  - **CV:** Normal S1 and S2, no murmurs.
  - **Resp:** CTA bilaterally, no wheezing or rales.

**3. Assessment:**
- **Primary Dx:** Nipple Discharge (ICD-10: N64.52)
- **DDx:**
  - Fibrocystic Breast Changes
  - Hormonal Imbalance (prolactinoma)
  - Intraductal Papilloma
  - Duct Ectasia

**4. Plan:**
- **Medical Reasoning:** Given the pt’s hx of fibrocystic breast dz, her sxs are likely benign but warrant further eval due to the persistent nature of the discharge and FHx of breast CA.
- **Pt Ed and Counseling:** 
  - Reassured the pt that the majority of nipple discharges are benign.
  - Educated the pt on the common benign causes of nipple discharge.
- **Investigations:**
  - Ordered mammo to eval breast tissue (B/L Breasts).
  - Ordered blood work to check hormone levels, specifically prolactin, to r/o prolactinoma.
- **F/U Recommendations:** 
  - Return in 2 wks for reassessment with results of mammo and blood work.
- **Referral:** 
  - Referral to Dr. Emily Johnson, a breast specialist, for further eval of nipple discharge.
- **Rx:** 
  - None at this stage until mammo and blood work are reviewed.

**Pt Agreements:** The pt understands and agrees with the recommended medical tx plan.
#####"|Role not found in the first 5 lines.|"**Doctor:** Good morning! How are you doing today?

**Patient:** Good morning, Doctor. I’m alright, thank you. How about you?

**Doctor:** I’m doing well, thank you. So, what brings you in today?

**Patient:** Well, I’ve noticed some nipple discharge for the past few weeks. It’s been worrying me.

**Doctor:** I see. Can you tell me a bit more about the discharge? How long has this been happening?

**Patient:** It’s been about three weeks now. The discharge is clear and it happens daily.

**Doctor:** Hmm, clear discharge you say. Is it coming from one breast or both?

**Patient:** It’s actually from both breasts.

**Doctor:** Alright. Have you noticed any blood in the discharge?

**Patient:** No, it’s not bloody at all.

**Doctor:** Okay, that’s good to hear. How would you describe the amount of discharge? Is it a lot or just a small amount each time?

**Patient:** It’s not a lot, but it’s noticeable. It doesn’t really soak through my clothes or anything.

**Doctor:** Understood. Have you been experiencing any breast tenderness or pain?

**Patient:** Occasionally, yes. There’s some tenderness, but it’s not too severe.

**Doctor:** Got it. Has the discharge had any significant impact on your daily activities?

**Patient:** Not really, but it’s definitely concerning.

**Doctor:** I understand. Any other symptoms like headaches, vision changes, or unexplained weight changes?

**Patient:** No, none of those.

**Doctor:** How about fever or night sweats?

**Patient:** No, I haven’t had any fever or night sweats.

**Doctor:** Any changes in your menstrual cycles recently?

**Patient:** No, my menstrual cycles have been regular.

**Doctor:** Have you noticed any lumps or changes in the texture of your breast tissue?

**Patient:** No, I haven’t felt any lumps.

**Doctor:** Do you have a family history of breast cancer or any other breast-related issues?

**Patient:** Yes, my aunt had breast cancer.

**Doctor:** Thank you for sharing that. I’ll go ahead and perform a physical exam now. Can you please change into a gown?

**Patient:** Sure, I’ll do that.

**Doctor:** (After the patient changes into a gown) Alright, I’m going to start with a breast exam. Please let me know if you feel any pain. 

**Patient:** Okay.

**Doctor:** (Examining) I don’t feel any lumps. The breast tissue feels granular, which is consistent with fibrocystic changes. Is there any discomfort when I press here?

**Patient:** Yes, a little bit.

**Doctor:** Okay, noted. I see the clear discharge as well. Let me check your vitals now. (Taking vitals) Your blood pressure is 120/80 mmHg, heart rate is 72 bpm, respiratory rate is 16 bpm, and your temperature is 98.6°F. 

**Patient:** Are my vitals normal?

**Doctor:** Yes, your vitals are within the normal range. I’m also going to listen to your heart and lungs. (Listening) Everything sounds normal. No murmurs or abnormal lung sounds.

**Patient:** That’s good to hear.

**Doctor:** Based on your symptoms and physical exam, I think it's unlikely to be something serious, but we should still do some further evaluation to be sure. We’ll start with a mammogram to get a better look at your breast tissue.

**Patient:** Okay, that sounds like a good idea.

**Doctor:** I’ll also order some blood tests to check your hormone levels, specifically prolactin, to rule out any hormonal imbalances.

**Patient:** Alright. What could be causing this discharge?

**Doctor:** There are a few possibilities. It could be due to fibrocystic breast changes, which are benign. Other possibilities include hormonal imbalances, such as a prolactinoma, or benign growths like an intraductal papilloma or duct ectasia. The tests will help us narrow it down.

**Patient:** I see. Should I be really worried?

**Doctor:** While most causes of nipple discharge are benign, it’s always best to investigate to rule out any serious conditions. The mammogram and blood tests will give us more information.

**Patient:** Okay, I understand.

**Doctor:** For now, there’s no need for any medication until we get the results of the mammogram and blood work.

**Patient:** Got it. When should I follow up?

**Doctor:** I’d like you to come back in two weeks for a follow-up. By then, we should have the results from the mammogram and blood tests.

**Patient:** Alright, I’ll make an appointment for two weeks from now.

**Doctor:** Great. I’ll also give you a referral for the mammogram. Make sure to get that done as soon as possible.

**Patient:** Will do. Thank you, Doctor.

**Doctor:** You’re welcome. If you have any new symptoms or concerns before your follow-up, don’t hesitate to contact the clinic.

**Patient:** I will. Thank you again.

**Doctor:** Take care and see you in two weeks.

**Patient:** Thank you, Doctor. Have a good day.

**Doctor:** You too. Goodbye."|"[doctor]: Good morning! How are you doing today?

[patient]: Good morning, Doctor. I’m alright, thank you. How about you?

[doctor]: I’m doing well, thank you. So, what brings you in today?

[patient]: Well, I’ve noticed some nipple discharge for the past few weeks. It’s been worrying me.

[doctor]: Hmm, I see. Can you tell me a bit more about the discharge? How long has this been happening?

[patient]: It’s been about three weeks now. The discharge is clear and it happens daily.

[doctor]: Clear discharge you say. Is it coming from one breast or both?

[patient]: It’s actually from both breasts.

[doctor]: Alright. Have you noticed any blood in the discharge?

[patient]: No, it’s not bloody at all.

[doctor]: Okay, that’s good to hear. How would you describe the amount of discharge? Is it a lot or just a small amount each time?

[patient]: It’s not a lot, but it’s noticeable. It doesn’t really soak through my clothes or anything.

[doctor]: Understood. Have you been experiencing any breast tenderness or pain?

[patient]: Occasionally, yes. There’s some tenderness, but it’s not too severe.

[doctor]: Got it. Has the discharge had any significant impact on your daily activities?

[patient]: Not really, but it’s definitely concerning.

[doctor]: I understand. Any other symptoms like headaches, vision changes, or unexplained weight changes?

[patient]: No, none of those.

[doctor]: How about fever or night sweats?

[patient]: No, I haven’t had any fever or night sweats.

[doctor]: Any changes in your menstrual cycles recently?

[patient]: No, my menstrual cycles have been regular.

[doctor]: Have you noticed any lumps or changes in the texture of your breast tissue?

[patient]: No, I haven’t felt any lumps.

[doctor]: Do you have a family history of breast cancer or any other breast-related issues?

[patient]: Yes, my aunt had breast cancer.

[doctor]: Thank you for sharing that. I’ll go ahead and perform a physical exam now. Can you please change into a gown?

[patient]: Sure, I’ll do that.

[doctor]: (After the patient changes into a gown) Alright, I’m going to start with a breast exam. Please let me know if you feel any pain.

[patient]: Okay.

[doctor]: (Examining) I don’t feel any lumps. The breast tissue feels granular, which is consistent with fibrocystic changes. Is there any discomfort when I press here?

[patient]: Yes, a little bit.

[doctor]: Okay, noted. I see the clear discharge as well. Let me check your vitals now. (Taking vitals) Your blood pressure is 120/80 mmHg, heart rate is 72 bpm, respiratory rate is 16 bpm, and your temperature is 98.6°F.

[patient]: Are my vitals normal?

[doctor]: Yes, your vitals are within the normal range. I’m also going to listen to your heart and lungs. (Listening) Everything sounds normal. No murmurs or abnormal lung sounds.

[patient]: That’s good to hear.

[doctor]: Based on your symptoms and physical exam, I think it's unlikely to be something serious, but we should still do some further evaluation to be sure. We’ll start with a mammogram to get a better look at your breast tissue.

[patient]: Okay, that sounds like a good idea.

[doctor]: I’ll also order some blood tests to check your hormone levels, specifically prolactin, to rule out any hormonal imbalances.

[patient]: Alright. What could be causing this discharge?

[doctor]: There are a few possibilities. It could be due to fibrocystic breast changes, which are benign. Other possibilities include hormonal imbalances, such as a prolactinoma, or benign growths like an intraductal papilloma or duct ectasia. The tests will help us narrow it down.

[patient]: I see. Should I be really worried?

[doctor]: While most causes of nipple discharge are benign, it’s always best to investigate to rule out any serious conditions. The mammogram and blood tests will give us more information.

[patient]: Okay, I understand.

[doctor]: For now, there’s no need for any medication until we get the results of the mammogram and blood work.

[patient]: Got it. When should I follow up?

[doctor]: I’d like you to come back in two weeks for a follow-up. By then, we should have the results from the mammogram and blood tests.

[patient]: Alright, I’ll make an appointment for two weeks from now.

[doctor]: Great. I’ll also give you a referral for the mammogram. Make sure to get that done as soon as possible.

[patient]: Will do. Thank you, Doctor.

[doctor]: You’re welcome. If you have any new symptoms or concerns before your follow-up, don’t hesitate to contact the clinic.

[patient]: I will. Thank you again.

[doctor]: Take care and see you in two weeks.

[patient]: Thank you, Doctor. Have a good day.

[doctor]: You too. Goodbye."
CANDIDAL ESOPHAGITIS|"ROLE: Gastroenterologist

** 1) Medical Outcome: **
   - Diagnosis: Candidal Esophagitis
   - Prescribed Treatment: Fluconazole 200 mg initial dose, then 100 mg once daily for 14 days.
   - Follow-up Recommendations: Revisit in 2 weeks to assess the response to the antifungal treatment.
   - Further Tests: CBC with differential to assess immune status, Basic Metabolic Panel (BMP).
   - Lifestyle Change: Diet modifications to avoid foods that exacerbate esophageal irritation.

** 2) Medical History: **
   - Previous Diagnoses: HIV (CD4 count <200), GERD.
   - Medication History: Antiretroviral therapy (current), Omeprazole 20 mg once daily, previous episodes treated with Nystatin.

** 3) Symptom Description: **
   - Severity: Severe pain
   - Duration: 2 weeks
   - Associated Symptoms: Dysphagia, odynophagia, retrosternal chest pain
   - Frequency: Continuous
   - Impact on Daily Activities: Difficulty eating and drinking, weight loss due to poor oral intake.

** 4) Patient’s self-reported habits and lifestyle: **
   - Sleep: 6 hours per night, frequently interrupted
   - Diet: Soft, bland foods due to pain
   - Exercise: Minimal due to fatigue
   - Tobacco Use: Former smoker, quit 5 years ago
   - Alcohol Consumption: Occasional, less than once a month
   - Drug Use: Denies
   - Recreational Activities: Limited due to health

** 5) Demographic Information: **
   - Age: 34
   - Gender: Male
   - Ethnicity: African American
   - Socio-economic Status: Low-income
   - Education Level: High school graduate
   - Health Literacy: Moderate
   - Job Status: Unemployed due to health conditions

** 6) Patient's Behavior: **
   - Generally compliant with medical advice and medications

** 7) Geographical Location: **
   - Big City: Urban environment
   - Neighborhood Type: Impoverished, high pollution, food desert

** 8) Clinical Setting: **
   - Specialty Clinic: Gastroenterology clinic in a hospital

** 9) Type of Encounter: **
   - Initial Consultation for current symptoms

** 10) Treatment Disparities: **
   - Possible limited access to specialty care and medications due to socio-economic status

** 11) Native or Non-Native English Speaking Patient: **
   - Native English speaker

** 12) Physical exams: **
   - Oropharyngeal exam: White patches and erythema in the oropharynx
   - Abdominal Exam: Mild epigastric tenderness on palpation

** 13) Investigation/Test results: **
   - Awaiting: Esophagogastroduodenoscopy (EGD) to confirm diagnosis with biopsy, CBC with differential, Basic Metabolic Panel (BMP)

"|"#####
**1. Subjective:**
   
**Chief Complaint (CC):**
Difficulty eating and severe pain for the past 2 weeks.

**History of Present Illness (HPI):**
John Doe is a 34-year-old African American male presenting with a 2-week history of severe pain, dysphagia, and odynophagia. He reports a continuous retrosternal chest pain that has significantly impacted his ability to eat and drink, leading to noticeable weight loss. The patient also describes a diet limited to soft, bland foods due to the pain. He denies any tobacco or drug use, but occasionally consumes alcohol, less than once a month. His sleep is frequently interrupted, averaging about 6 hours per night. Exercise is minimal due to fatigue.

**Review of Systems (ROS):**
- Gastrointestinal: Endorses dysphagia, odynophagia, retrosternal chest pain, and weight loss.
- Respiratory: No cough or shortness of breath.
- Cardiovascular: No chest pain or palpitations beyond the described retrosternal pain.
- Neurological: No headaches or dizziness.
- General: Reports fatigue and poor oral intake.

**2. Objective:**

**Vital Signs:**
- Blood Pressure: 120/80 mmHg
- Heart Rate: 82 bpm
- Respiratory Rate: 18 breaths per minute
- Temperature: 98.6°F

**Physical Examination:**
- General: No acute distress, appears lethargic.
- Neck: No lymphadenopathy.
- Oropharyngeal exam: White patches and erythema in the oropharynx.
- Abdominal Exam: Mild epigastric tenderness on palpation.
- Cardiovascular: Regular rate and rhythm, no murmurs.
- Respiratory: Clear to auscultation bilaterally.

**Results Pending:**
- CBC with differential to assess immune status.
- Basic Metabolic Panel (BMP).
- Awaiting Esophagogastroduodenoscopy (EGD) to confirm diagnosis with biopsy.

**3. Assessment:**

John Doe is a 34-year-old male with a history of HIV (CD4 count <200) and GERD, presenting with severe dysphagia, odynophagia, and retrosternal pain for 2 weeks. The clinical presentation, including the oropharyngeal findings, is consistent with candidal esophagitis, likely secondary to immunosuppression.

**4. Plan:**

**Medical Treatment:**
- Initiate Fluconazole 200 mg as an initial dose, then 100 mg once daily for 14 days.
- Continue current antiretroviral therapy and Omeprazole 20 mg once daily.

**Further Investigations:**
- Perform CBC with differential and Basic Metabolic Panel (BMP).
- Proceed with Esophagogastroduodenoscopy (EGD) to confirm the diagnosis and obtain a biopsy.

**Lifestyle Modifications:**
- Modify diet to avoid foods that exacerbate esophageal irritation.
- Encourage small, frequent meals consisting of soft and bland foods.

**Follow-Up:**
- Schedule a follow-up visit in 2 weeks to assess the response to the antifungal treatment.

**Patient Education:**
- Educate the patient on the importance of medication adherence and potential side effects of Fluconazole.
- Discuss the significance of maintaining a balanced diet despite the current restrictions.
- Address any barriers to accessing medications and scheduled follow-ups, considering the patient's socio-economic situation.

Patient agrees and understands the plan. A social worker referral will be considered if any barriers to care arise.
#####

"|"#####
**1. Subjective:**
   
**Chief Complaint (CC):**
Difficulty eating and severe pain for the past 2 weeks.

**History of Present Illness (HPI):**
John Doe is a 34-year-old African American male presenting with a 2-week history of severe pain, dysphagia, and odynophagia. He reports a continuous retrosternal chest pain that has significantly impacted his ability to eat and drink, leading to noticeable weight loss. The patient also describes a diet limited to soft, bland foods due to the pain. He denies any tobacco or drug use, but occasionally consumes alcohol, less than once a month. His sleep is frequently interrupted, averaging about 6 hours per night. Exercise is minimal due to fatigue.

**Review of Systems (ROS):**
- Gastrointestinal: Endorses dysphagia, odynophagia, retrosternal chest pain, and weight loss.
- Respiratory: No cough or shortness of breath.
- Cardiovascular: No chest pain or palpitations beyond the described retrosternal pain.
- Neurological: No headaches or dizziness.
- General: Reports fatigue and poor oral intake.

**2. Objective:**

**Vital Signs:**
- Blood Pressure: 120/80 mmHg
- Heart Rate: 82 bpm
- Respiratory Rate: 18 breaths per minute
- Temperature: 98.6°F

**Physical Examination:**
- General: No acute distress, appears lethargic.
- Neck: No lymphadenopathy.
- Oropharyngeal exam: White patches and erythema in the oropharynx.
- Abdominal Exam: Mild epigastric tenderness on palpation.
- Cardiovascular: Regular rate and rhythm, no murmurs.
- Respiratory: Clear to auscultation bilaterally.

**3. Assessment:**

John Doe is a 34-year-old male with a history of HIV (CD4 count <200) and GERD, presenting with severe dysphagia, odynophagia, and retrosternal pain for 2 weeks. The clinical presentation, including the oropharyngeal findings, is consistent with candidal esophagitis, likely secondary to immunosuppression.

**4. Plan:**

**Medical Treatment:**
- Initiate Fluconazole 200 mg as an initial dose, then 100 mg once daily for 14 days.
- Continue current antiretroviral therapy and Omeprazole 20 mg once daily.

**Further Investigations:**
- Perform CBC with differential and Basic Metabolic Panel (BMP).
- Proceed with Esophagogastroduodenoscopy (EGD) to confirm the diagnosis and obtain a biopsy.

**Lifestyle Modifications:**
- Modify diet to avoid foods that exacerbate esophageal irritation.
- Encourage small, frequent meals consisting of soft and bland foods.

**Follow-Up:**
- Schedule a follow-up visit in 2 weeks to assess the response to the antifungal treatment.

**Patient Education:**
- Educate the patient on the importance of medication adherence and potential side effects of Fluconazole.
- Discuss the significance of maintaining a balanced diet despite the current restrictions.
- Address any barriers to accessing medications and scheduled follow-ups, considering the patient's socio-economic situation.

Patient agrees and understands the plan. A social worker referral will be considered if any barriers to care arise.
#####"|"#####
**1. Subjective:**
   
**CC:**
Difficulty eating and severe pain for the past 2 weeks.

**HPI:**
John Doe is a 34-year-old African American male presenting with a 2-week hx of severe pain, dysphagia, and odynophagia. He reports continuous retrosternal CP that has significantly impacted his ability to eat and drink, leading to noticeable wt loss. The pt also describes a diet limited to soft, bland foods due to the pain. He denies any tobacco or drug use, but occasionally consumes ETOH, less than once a month. His sleep is frequently interrupted, averaging about 6 hrs per night. Exercise is minimal due to fatigue.

**ROS:**
- GI: Endorses dysphagia, odynophagia, retrosternal CP, and wt loss.
- Resp: No cough or SOB.
- CV: No CP or palpitations beyond the described retrosternal pain.
- Neuro: No HA or dizziness.
- General: Reports fatigue and poor PO intake.

**2. Objective:**

**VS:**
- BP: 120/80 mmHg
- HR: 82 bpm
- RR: 18 bpm
- Temp: 98.6°F

**PE:**
- General: No acute distress, appears lethargic.
- Neck: No LAD.
- Oropharyngeal exam: White patches and erythema in the oropharynx.
- Abd Exam: Mild epigastric tenderness on palpation.
- CV: RRR, no murmurs.
- Resp: CTA bilaterally.

**3. Assessment:**

John Doe is a 34-year-old male with a hx of HIV (CD4 <200) and GERD, presenting with severe dysphagia, odynophagia, and retrosternal pain for 2 weeks. The clinical presentation, including the oropharyngeal findings, is consistent with candidal esophagitis, likely secondary to immunosuppression.

**4. Plan:**

**Medical Tx:**
- Initiate Fluconazole 200 mg as an initial dose, then 100 mg QD for 14 days.
- Continue current ART and Omeprazole 20 mg QD.

**Further Investigations:**
- Perform CBC with diff and BMP.
- Proceed with EGD to confirm the dx and obtain a biopsy.

**Lifestyle Modifications:**
- Modify diet to avoid foods that exacerbate esophageal irritation.
- Encourage small, frequent meals consisting of soft and bland foods.

**F/U:**
- Schedule a F/U visit in 2 weeks to assess the response to the antifungal tx.

**Pt Education:**
- Educate the pt on the importance of med adherence and potential side effects of Fluconazole.
- Discuss the significance of maintaining a balanced diet despite the current restrictions.
- Address any barriers to accessing meds and scheduled F/U, considering the pt's socio-economic situation.

Pt agrees and understands the plan. A SW referral will be considered if any barriers to care arise.
#####"|Gastroenterologist|"**Patient**: Good morning, doctor.

**Doctor**: Good morning. How are you doing today?

**Patient**: Not so good, doctor. I've been having a really hard time eating and I'm in a lot of pain.

**Doctor**: I'm sorry to hear that. Can you tell me more about this pain and difficulty eating?

**Patient**: It's been going on for the past two weeks. The pain is really severe, and I can't eat properly. It's hard to swallow, and even drinking is painful.

**Doctor**: I see. Where exactly is the pain located?

**Patient**: It's a continuous pain right behind my chest, like in the middle.

**Doctor**: Does this pain affect your ability to eat and drink?

**Patient**: Yes, it does. It's so bad that I've lost some weight because I can only eat soft, bland foods. Anything else hurts too much.

**Doctor**: That sounds very troubling. Have you noticed any other symptoms, like a cough or shortness of breath?

**Patient**: No, no cough or shortness of breath.

**Doctor**: How about any chest pain or palpitations beyond the pain you described?

**Patient**: No, just the pain behind my chest when I try to eat or drink.

**Doctor**: Are you experiencing any headaches or dizziness?

**Patient**: No, none of that. Just feeling really fatigued.

**Doctor**: And how's your sleep? Are you getting enough rest?

**Patient**: I sleep about six hours a night, but it's often interrupted because of the pain.

**Doctor**: Okay. Can you tell me about your lifestyle? Do you use tobacco or drugs, and how often do you consume alcohol?

**Patient**: I don't use tobacco or drugs. I drink alcohol occasionally, maybe less than once a month.

**Doctor**: Got it. And how about exercise? Are you able to stay active?

**Patient**: Not really. I'm too tired most of the time.

**Doctor**: Understood. Let's go over some details from your medical history. You have a history of HIV and GERD, correct?

**Patient**: Yes, that's right. I've been managing it with my medications.

**Doctor**: Based on your medical history, it looks like your CD4 count is below 200, which puts you at a higher risk for infections. When was your last CD4 count checked?

**Patient**: It was a few months ago. It was still below 200.

**Doctor**: Okay. Let's talk about your current medications. Are you still taking your antiretroviral therapy and Omeprazole?

**Patient**: Yes, I take them every day.

**Doctor**: Good to hear. Now, I need to perform a quick physical examination. This might help us understand what’s going on. 

**Patient**: Okay.

**Doctor**: I’ll be checking your vital signs first. Your blood pressure is 120/80 mmHg, heart rate is 82 bpm, respiratory rate is 18 breaths per minute, and your temperature is 98.6°F. Everything looks normal here.

**Patient**: That’s good to know.

**Doctor**: Now, let me take a closer look at your throat. I see some white patches and redness in your oropharynx. Do you have any pain in your stomach?

**Patient**: Yes, there's some tenderness here. (Points to the epigastric area)

**Doctor**: I can feel some mild tenderness in your upper stomach area. Your heart has a regular rate and rhythm, and your lungs are clear. There don’t seem to be any murmurs or abnormal sounds.

**Patient**: Okay.

**Doctor**: Based on your symptoms and physical examination, it seems like you might have candidal esophagitis, which is likely due to your immunosuppressed state from HIV.

**Patient**: What does that mean, doctor?

**Doctor**: It means you have a fungal infection in your esophagus, which is causing the pain and difficulty swallowing. This is common in people with weakened immune systems. 

**Patient**: That sounds serious.

**Doctor**: It can be uncomfortable, but we can treat it. I’m going to start you on Fluconazole. You’ll take 200 mg as an initial dose, then 100 mg once daily for 14 days.

**Patient**: Will that help?

**Doctor**: Yes, it should help clear up the infection. Continue taking your current medications as well.

**Patient**: Okay, I’ll do that.

**Doctor**: We’ll also need to do some further tests. I’ll order a CBC with differential and a Basic Metabolic Panel to check your overall health. We’ll also schedule an Esophagogastroduodenoscopy, or EGD, to confirm the diagnosis and possibly take a biopsy.

**Patient**: An EGD? What’s that?

**Doctor**: It's a procedure where a small camera examines your esophagus, stomach, and the beginning of your small intestine. It will help us confirm the diagnosis.

**Patient**: Alright, if it helps.

**Doctor**: In the meantime, modify your diet to avoid foods that irritate your esophagus. Stick to small, frequent meals of soft and bland foods.

**Patient**: I’ve been trying to do that, but it’s hard.

**Doctor**: I understand. It’s important to maintain a balanced diet despite the pain. We’ll also schedule a follow-up visit in two weeks to see how you’re responding to the treatment.

**Patient**: Okay, what should I do if the pain gets worse?

**Doctor**: If the pain gets worse or you have any new symptoms, contact us immediately. Also, be aware of the potential side effects of Fluconazole, like nausea or headache.

**Patient**: I’ll keep that in mind.

**Doctor**: We’ll also see if you need any help with accessing medications or appointments. If there are any barriers, we might refer you to a social worker.

**Patient**: That would be helpful.

**Doctor**: Do you have any other questions or concerns?

**Patient**: No, I think that covers it.

**Doctor**: Great. We’ll get the tests done and start treatment right away. I’ll see you in two weeks for a follow-up.

**Patient**: Thank you, doctor.

**Doctor**: You're welcome. Take care and see you soon."|"[doctor]: Good morning. How are you doing today?

[patient]: Not so good, doctor. I've been having a really hard time eating and I'm in a lot of pain.

[doctor]: I'm sorry to hear that. Can you tell me more about this pain and difficulty eating?

[patient]: It's been going on for the past two weeks. The pain is really severe, and I can't eat properly. It's hard to swallow, and even drinking is painful.

[doctor]: I see. Where exactly is the pain located?

[patient]: It's a continuous pain right behind my chest, like in the middle.

[doctor]: Does this pain affect your ability to eat and drink?

[patient]: Yes, it does. It's so bad that I've lost some weight because I can only eat soft, bland foods. Anything else hurts too much.

[doctor]: That sounds very troubling. Have you noticed any other symptoms, like a cough or shortness of breath?

[patient]: No, no cough or shortness of breath.

[doctor]: How about any chest pain or palpitations beyond the pain you described?

[patient]: No, just the pain behind my chest when I try to eat or drink.

[doctor]: Are you experiencing any headaches or dizziness?

[patient]: No, none of that. Just feeling really fatigued.

[doctor]: And how's your sleep? Are you getting enough rest?

[patient]: I sleep about six hours a night, but it's often interrupted because of the pain.

[doctor]: Okay. Can you tell me about your lifestyle? Do you use tobacco or drugs, and how often do you consume alcohol?

[patient]: I don't use tobacco or drugs. I drink alcohol occasionally, maybe less than once a month.

[doctor]: Got it. And how about exercise? Are you able to stay active?

[patient]: Not really. I'm too tired most of the time.

[doctor]: Understood. Let's go over some details from your medical history. You have a history of HIV and GERD, correct?

[patient]: Yes, that's right. I've been managing it with my medications.

[doctor]: Based on your medical history, it looks like your CD4 count is below 200, which puts you at a higher risk for infections. When was your last CD4 count checked?

[patient]: It was a few months ago. It was still below 200.

[doctor]: Okay. Let's talk about your current medications. Are you still taking your antiretroviral therapy and Omeprazole?

[patient]: Yes, I take them every day.

[doctor]: Good to hear. Now, I need to perform a quick physical examination. This might help us understand what’s going on. 

[patient]: Okay.

[doctor]: I’ll be checking your vital signs first. Your blood pressure is 120/80 mmHg, heart rate is 82 bpm, respiratory rate is 18 breaths per minute, and your temperature is 98.6°F. Everything looks normal here.

[patient]: That’s good to know.

[doctor]: Now, let me take a closer look at your throat. I see some white patches and redness in your oropharynx. Do you have any pain in your stomach?

[patient]: Yes, there's some tenderness here. (Points to the epigastric area)

[doctor]: I can feel some mild tenderness in your upper stomach area. Your heart has a regular rate and rhythm, and your lungs are clear. There don’t seem to be any murmurs or abnormal sounds.

[patient]: Okay.

[doctor]: Based on your symptoms and physical examination, it seems like you might have candidal esophagitis, which is likely due to your immunosuppressed state from HIV.

[patient]: What does that mean, doctor?

[doctor]: It means you have a fungal infection in your esophagus, which is causing the pain and difficulty swallowing. This is common in people with weakened immune systems. 

[patient]: That sounds serious.

[doctor]: It can be uncomfortable, but we can treat it. I’m going to start you on Fluconazole. You’ll take 200 mg as an initial dose, then 100 mg once daily for 14 days.

[patient]: Will that help?

[doctor]: Yes, it should help clear up the infection. Continue taking your current medications as well.

[patient]: Okay, I’ll do that.

[doctor]: We’ll also need to do some further tests. I’ll order a CBC with differential and a Basic Metabolic Panel to check your overall health. We’ll also schedule an Esophagogastroduodenoscopy, or EGD, to confirm the diagnosis and possibly take a biopsy.

[patient]: An EGD? What’s that?

[doctor]: It's a procedure where a small camera examines your esophagus, stomach, and the beginning of your small intestine. It will help us confirm the diagnosis.

[patient]: Alright, if it helps.

[doctor]: In the meantime, modify your diet to avoid foods that irritate your esophagus. Stick to small, frequent meals of soft and bland foods.

[patient]: I’ve been trying to do that, but it’s hard.

[doctor]: I understand. It’s important to maintain a balanced diet despite the pain. We’ll also schedule a follow-up visit in two weeks to see how you’re responding to the treatment.

[patient]: Okay, what should I do if the pain gets worse?

[doctor]: If the pain gets worse or you have any new symptoms, contact us immediately. Also, be aware of the potential side effects of Fluconazole, like nausea or headache.

[patient]: I’ll keep that in mind.

[doctor]: We’ll also see if you need any help with accessing medications or appointments. If there are any barriers, we might refer you to a social worker.

[patient]: That would be helpful.

[doctor]: Do you have any other questions or concerns?

[patient]: No, I think that covers it.

[doctor]: Great. We’ll get the tests done and start treatment right away. I’ll see you in two weeks for a follow-up.

[patient]: Thank you, doctor.

[doctor]: You're welcome. Take care and see you soon."
CANDIDAL ESOPHAGITIS|"ROLE: Gastroenterologist

**1) Medical Outcome:**
- Diagnosis: Barrett's Esophagus
- Prescribed Treatment: Esomeprazole 40 mg orally once daily.
- Follow-up Recommendations: Follow-up endoscopy in 6 months to monitor progression.
- Referral: Referral to a thoracic surgeon for potential surgical intervention, Dr. Elena Martinez.
- Blood Work: Liver Function Tests (LFTs) and Complete Blood Count (CBC) with differential.
- Imaging: Ordered a CT scan of the chest to assess for any structural anomalies.

**2) Medical History:**
- Previous Diagnoses: Chronic Obstructive Pulmonary Disease (COPD), Osteoarthritis.
- Family Medical History: Father had Esophageal Cancer.
- Medication History: Albuterol inhaler as needed for COPD, Ibuprofen 400 mg as needed for osteoarthritis.
- Allergies: Allergic to sulfa drugs.
- Chronic Conditions: COPD, Osteoarthritis.

**3) Symptom Description:**
- Severity: Moderate.
- Duration: 3 months.
- Associated Symptoms: Chronic heartburn, regurgitation, and chest pain.
- Frequency: Daily, primarily after meals and when lying down.
- Impact on Daily Activities: Difficulty swallowing and persistent discomfort affecting sleep and eating habits.

**4) Patient’s self-reported habits and lifestyle:**
- Sleep: Reports poor sleep quality due to nighttime symptoms.
- Diet: Consumes spicy foods frequently and often eats late at night.
- Exercise: Limited physical activity due to osteoarthritis and COPD.
- Tobacco Use: Smokes 1 pack per day.
- Alcohol Consumption: Drinks 2-3 beers per week.
- Drug Use: None.
- Recreational Activities: Watches television and reads occasionally.

**5) Demographic Information:**
- Age: 55 years.
- Gender: Male.
- Ethnicity: Caucasian.
- Socio-economic Status: Lower-middle class, some financial concerns.
- Education Level: High school graduate.
- Health Literacy: Limited understanding of medical conditions.
- Job Status: Factory worker, physically demanding job.

**6) Patient's Behavior:**
- Level of Cooperation: Shows partial cooperation, expresses difficulty in lifestyle modifications.

**7) Geographical Location:**
- Big City vs Small City: Resides in a small city.
- Neighborhood Type: Lives in an old industrial neighborhood.
- Pollution and Environmental Health Risks: High pollution from nearby factories.
- Well-served by Transit: Limited public transportation options.
- Food Desert: Limited access to fresh and healthy food options.

**8) Clinical Setting:**
- Specialty Clinics: Gastroenterology specialty clinic in a community hospital.

**9) Type of Encounter:**
- Follow-up: Follow-up visit after initial diagnosis of Barrett's Esophagus.

**10) Treatment Disparities:**
- Concerns: Limited access to healthcare services due to financial constraints.

**11) Native or Non-Native English Speaking Patient:**
- Native English Speaking.

**12) Physical exams:**
- Conducted a thorough abdominal examination, including palpation and percussion, to rule out any abdominal masses or tenderness.

**13) Investigation/Test results:**
- Awaiting results from liver function tests (LFTs) and CBC. Ordered a CT scan of the chest being conducted next week to check for esophageal structural anomalies."|"### Gastroenterologist Medical Note

#### 1. Subjective:
**Chief Complaint (CC):**  
Difficulty swallowing and persistent discomfort affecting sleep and eating habits due to chronic heartburn, regurgitation, and chest pain for the past 3 months.

**History of Present Illness (HPI):**  
The patient is a 55-year-old Caucasian male with a past medical history of COPD and osteoarthritis, presenting with moderate heartburn, regurgitation, and chest pain for 3 months. These symptoms occur daily, primarily after meals and when lying down. He reports that the discomfort significantly impacts his sleep quality and eating habits.

**Review of Systems (ROS):**  
- **Gastrointestinal:** Reports difficulty swallowing, persistent heartburn, and regurgitation. 
- **Respiratory:** Chronic COPD, uses albuterol inhaler as needed.
- **Musculoskeletal:** Osteoarthritis, manages with ibuprofen 400 mg as needed.
- **Allergies:** Allergic to sulfa drugs.

**Social History:**  
- **Smoking:** 1 pack per day.
- **Alcohol:** 2-3 beers per week.
- **Diet:** Frequent consumption of spicy foods and late-night eating.
- **Exercise:** Limited due to osteoarthritis and COPD.
- **Lifestyle:** Poor sleep quality, factory worker in a physically demanding job. Lives in a small city with high pollution levels in an old industrial neighborhood. Limited access to fresh and healthy food options and public transportation.

#### 2. Objective:
**Vital Signs:**  
- Blood pressure: 130/85 mmHg
- Heart rate: 72 bpm
- Respirations: 16 per minute
- Temperature: 98.6°F

**Physical Exam:**
- **Abdominal Examination:** No masses or tenderness noted upon palpation and percussion.
- **Cardiovascular:** Regular rate and rhythm, no murmurs.
- **Respiratory:** Breath sounds diminished bilaterally, no wheezing or crackles.
- **Musculoskeletal:** Generalized joint stiffness, particularly in knees and hands.

**Results:**
- Awaiting liver function tests (LFTs) and complete blood count (CBC) with differential.
- CT scan of the chest has been ordered and scheduled for next week to assess for any structural anomalies.

#### 3. Assessment:
**Diagnosis:**
- Barrett's Esophagus
- COPD
- Osteoarthritis

**Medical Reasoning:**
- After reviewing the patient's symptoms, endoscopy findings confirm Barrett's Esophagus. The chronic heartburn and regurgitation are consistent with this condition, which is likely exacerbated by the patient’s diet and lifestyle.

#### 4. Plan:
**Treatment:**
- Start Esomeprazole 40 mg orally once daily.

**Follow-up:**
- Schedule a follow-up endoscopy in 6 months to monitor for any progression of Barrett's Esophagus.

**Referrals:**
- Referral to Dr. Elena Martinez, a thoracic surgeon, for potential surgical intervention.

**Investigations:**
- Monitor liver function tests (LFTs) and complete blood count (CBC) results.
- Proceed with the CT scan of the chest to check for any structural anomalies.

**Patient Education and Counseling:**
- Educated the patient on the importance of dietary modifications, including reducing spicy food intake and avoiding late-night meals.
- Counseled on the need to quit smoking and provided resources for smoking cessation.
- Advised limiting alcohol consumption.
- Discussed the importance of adhering to the prescribed medication and follow-up visits.
- Addressed potential financial concerns and connected the patient with hospital social services for assistance with medical expenses.

The patient understands and agrees with the recommended medical treatment plan, although expresses difficulty in making lifestyle changes. Encouraged continued partial cooperation and support through follow-up consultations."|"### Gastroenterologist Medical Note

#### 1. Subjective:
**Chief Complaint (CC):**  
Difficulty swallowing and persistent discomfort affecting sleep and eating habits due to chronic heartburn, regurgitation, and chest pain for the past 3 months.

**History of Present Illness (HPI):**  
The patient is a 55-year-old Caucasian male with a past medical history of COPD and osteoarthritis, presenting with moderate heartburn, regurgitation, and chest pain for 3 months. These symptoms occur daily, primarily after meals and when lying down. He reports that the discomfort significantly impacts his sleep quality and eating habits.

**Review of Systems (ROS):**  
- **Gastrointestinal:** Reports difficulty swallowing, persistent heartburn, and regurgitation. 
- **Respiratory:** Chronic COPD, uses albuterol inhaler as needed.
- **Musculoskeletal:** Osteoarthritis, manages with ibuprofen 400 mg as needed.
- **Allergies:** Allergic to sulfa drugs.

**Social History:**  
- **Smoking:** 1 pack per day.
- **Alcohol:** 2-3 beers per week.
- **Diet:** Frequent consumption of spicy foods and late-night eating.
- **Exercise:** Limited due to osteoarthritis and COPD.
- **Lifestyle:** Poor sleep quality, factory worker in a physically demanding job. Lives in a small city with high pollution levels in an old industrial neighborhood. Limited access to fresh and healthy food options and public transportation.

#### 2. Objective:
**Vital Signs:**  
- Blood pressure: 130/85 mmHg
- Heart rate: 72 bpm
- Respirations: 16 per minute
- Temperature: 98.6°F

**Physical Exam:**
- **Abdominal Examination:** No masses or tenderness noted upon palpation and percussion.
- **Cardiovascular:** Regular rate and rhythm, no murmurs.
- **Respiratory:** Breath sounds diminished bilaterally, no wheezing or crackles.
- **Musculoskeletal:** Generalized joint stiffness, particularly in knees and hands.

#### 3. Assessment:
**Diagnosis:**
- Barrett's Esophagus
- COPD
- Osteoarthritis

**Medical Reasoning:**
- After reviewing the patient's symptoms, endoscopy findings confirm Barrett's Esophagus. The chronic heartburn and regurgitation are consistent with this condition, which is likely exacerbated by the patient’s diet and lifestyle.

#### 4. Plan:
**Treatment:**
- Start Esomeprazole 40 mg orally once daily.

**Follow-up:**
- Schedule a follow-up endoscopy in 6 months to monitor for any progression of Barrett's Esophagus.

**Referrals:**
- Referral to Dr. Elena Martinez, a thoracic surgeon, for potential surgical intervention for Barrett's Esophagus.

**Investigations:**
- Monitor liver function tests (LFTs) and complete blood count (CBC) results.
- Proceed with the CT scan of the chest to check for any structural anomalies.

**Patient Education and Counseling:**
- Educated the patient on the importance of dietary modifications, including reducing spicy food intake and avoiding late-night meals.
- Counseled on the need to quit smoking and provided resources for smoking cessation.
- Advised limiting alcohol consumption.
- Discussed the importance of adhering to the prescribed medication and follow-up visits.
- Addressed potential financial concerns and connected the patient with hospital social services for assistance with medical expenses.

The patient understands and agrees with the recommended medical treatment plan, although expresses difficulty in making lifestyle changes. Encouraged continued partial cooperation and support through follow-up consultations."|"### Gastroenterologist Medical Note

#### 1. Subjective:
**CC:**  
Dysphagia and persistent discomfort affecting sleep and eating habits due to chronic GERD, regurgitation, and CP for the past 3 months.

**HPI:**  
The pt is a 55 y/o Caucasian male with PMH of COPD and OA, presenting with moderate GERD, regurgitation, and CP for 3 months. These sx occur daily, primarily postprandial and when supine. He reports that the discomfort significantly impacts his sleep quality and eating habits.

**ROS:**  
- **GI:** Reports dysphagia, persistent GERD, and regurgitation. 
- **Resp:** Chronic COPD, uses albuterol inhaler PRN.
- **MSK:** OA, manages with ibuprofen 400 mg PRN.
- **Allergies:** Allergic to sulfa drugs.

**Social Hx:**  
- **Smoking:** 1 PPD.
- **Alcohol:** 2-3 beers per week.
- **Diet:** Frequent consumption of spicy foods and late-night eating.
- **Exercise:** Limited due to OA and COPD.
- **Lifestyle:** Poor sleep quality, factory worker in a physically demanding job. Lives in a small city with high pollution levels in an old industrial neighborhood. Limited access to fresh and healthy food options and public transportation.

#### 2. Objective:
**VS:**  
- BP: 130/85 mmHg
- HR: 72 bpm
- RR: 16 per minute
- Temp: 98.6°F

**PE:**
- **Abd Exam:** No masses or tenderness noted upon palpation and percussion.
- **CV:** Regular rate and rhythm, no murmurs.
- **Resp:** Breath sounds diminished bilaterally, no wheezing or crackles.
- **MSK:** Generalized joint stiffness, particularly in knees and hands.

#### 3. Assessment:
**Dx:**
- Barrett's Esophagus
- COPD
- OA

**Medical Reasoning:**
- After reviewing the pt’s sx, endoscopy findings confirm Barrett's Esophagus. The chronic GERD and regurgitation are consistent with this condition, which is likely exacerbated by the pt’s diet and lifestyle.

#### 4. Plan:
**Tx:**
- Start Esomeprazole 40 mg PO QD.

**F/U:**
- Schedule a F/U endoscopy in 6 months to monitor for any progression of Barrett's Esophagus.

**Referrals:**
- Referral to Dr. Elena Martinez, a thoracic surgeon, for potential surgical intervention for Barrett's Esophagus.

**Investigations:**
- Monitor LFTs and CBC results.
- Proceed with the CT chest to check for any structural anomalies.

**Pt Education and Counseling:**
- Educated the pt on the importance of dietary modifications, including reducing spicy food intake and avoiding late-night meals.
- Counseled on the need to quit smoking and provided resources for smoking cessation.
- Advised limiting alcohol consumption.
- Discussed the importance of adhering to the prescribed medication and F/U visits.
- Addressed potential financial concerns and connected the pt with hospital social services for assistance with medical expenses.

The pt understands and agrees with the recommended medical treatment plan, although expresses difficulty in making lifestyle changes. Encouraged continued partial cooperation and support through F/U consultations."|Gastroenterologist|"**Doctor:** Hi there, how are you doing today?

**Patient:** Hello, Doc. I'm hanging in there, but honestly, not too great. I've been having some issues lately.

**Doctor:** I'm sorry to hear that. Can you tell me more about what’s been going on?

**Patient:** Sure, I've been having a lot of trouble swallowing and this constant discomfort in my chest. It’s been going on for about three months now. 

**Doctor:** I see. Can you describe the discomfort for me? Is it more like heartburn or something else?

**Patient:** Yes, it's like a persistent heartburn. It gets worse after I eat and when I lie down. Sometimes, it feels like food is coming back up.

**Doctor:** That sounds very uncomfortable. Has this been affecting your sleep or eating habits?

**Patient:** Yes, definitely. I can’t sleep well because of the discomfort, and eating has become a chore. I avoid certain foods because they make it worse, but I still get heartburn almost every day.

**Doctor:** I understand. Do you have any other symptoms, like chest pain?

**Patient:** Yes, there’s chest pain as well. It’s not every day, but it happens frequently enough to bother me.

**Doctor:** Alright, let's go over some other aspects of your health. Do you have any respiratory issues?

**Patient:** Yes, I have COPD. I use an albuterol inhaler when needed.

**Doctor:** Okay, and how’s that been for you?

**Patient:** It’s been manageable. I use the inhaler when I need to, but I try not to overdo it.

**Doctor:** Good to know. How about joint pain? Any issues there?

**Patient:** Yes, I have osteoarthritis. My knees and hands are the worst. I take ibuprofen when it gets really bad.

**Doctor:** Got it. Are you allergic to any medications?

**Patient:** I’m allergic to sulfa drugs.

**Doctor:** Thanks for telling me. Now, about your lifestyle. Do you smoke or drink?

**Patient:** Yes, I smoke about a pack a day and I drink 2-3 beers a week.

**Doctor:** How about your diet?

**Patient:** I eat a lot of spicy foods and I often have late-night snacks. I know it’s not the best, but it’s hard to change.

**Doctor:** I understand, changing habits can be tough. Do you exercise?

**Patient:** Not much. My osteoarthritis and COPD make it hard to do much physical activity.

**Doctor:** And what about your work and living environment?

**Patient:** I work in a factory, it’s a physically demanding job. I live in an old neighborhood with high pollution, which doesn’t help my COPD. Access to fresh and healthy food is also limited.

**Doctor:** Thank you for sharing all this information. It really helps me understand your situation. Let’s move on to a quick physical exam. Your vital signs look stable, which is good. Now, let me check your abdomen.

**Patient:** Okay.

**Doctor:** There are no masses or tenderness in your abdomen. Your heart rate is regular, and I don’t hear any murmurs. Your breath sounds are diminished, which is expected with COPD, but there are no wheezing or crackles. Your joints are stiff, especially in your knees and hands, consistent with osteoarthritis.

**Patient:** Alright.

**Doctor:** We’ve also ordered a CT scan of your chest to check for any structural anomalies, and we’re waiting on your liver function tests and complete blood count results.

**Patient:** Okay, what’s next, Doc?

**Doctor:** Based on your symptoms and the endoscopy findings, it looks like you have Barrett's Esophagus. This is likely causing your chronic heartburn and regurgitation. Your lifestyle and diet might be making it worse.

**Patient:** What’s Barrett's Esophagus? Is it serious?

**Doctor:** It’s a condition where the lining of your esophagus changes due to prolonged acid exposure. It can be serious as it increases the risk of esophageal cancer, but we can manage it with medication and lifestyle changes.

**Patient:** What do I need to do?

**Doctor:** We’ll start you on Esomeprazole 40 mg once daily to reduce acid production. It’s important to take this medication as prescribed.

**Patient:** Okay, I can do that.

**Doctor:** We’ll also schedule a follow-up endoscopy in six months to monitor for any progression. I’m referring you to Dr. Elena Martinez, a thoracic surgeon, for potential surgical intervention if needed.

**Patient:** That sounds serious.

**Doctor:** It’s a precaution. We want to explore all options to manage your condition effectively. We’ll continue to monitor your liver function tests and complete blood count results and proceed with the CT scan of your chest.

**Patient:** Alright, anything else I should do?

**Doctor:** Yes, we need to address your diet and lifestyle. Reducing spicy food intake and avoiding late-night meals will help. Quitting smoking is crucial for your overall health, especially with COPD. I can provide resources for smoking cessation. Limiting alcohol consumption is also important.

**Patient:** I know it’ll be tough, but I’ll try.

**Doctor:** I understand. It’s not easy, but these changes will significantly improve your symptoms and overall health. We’ll support you through this process. Also, if you’re worried about medical expenses, I can connect you with our hospital social services for assistance.

**Patient:** That would be great, thank you.

**Doctor:** You’re welcome. It’s important to take care of yourself. Do you have any questions or concerns?

**Patient:** I think I understand everything. I’ll do my best to follow your advice.

**Doctor:** That’s good to hear. We’ll see you for the follow-up in six months, but if you have any issues before then, don’t hesitate to reach out.

**Patient:** I will. Thank you, Doc.

**Doctor:** Take care, and we’ll get through this together. See you soon.

**Patient:** Thanks, Doc. Bye."|"**Doctor:** Hi there, how are you doing today?

**Patient:** Hello, Doc. I'm hanging in there, but honestly, not too great. I've been having some issues lately.

**Doctor:** I'm sorry to hear that. Can you tell me more about what’s been going on?

**Patient:** Sure, I've been having a lot of trouble swallowing and this constant discomfort in my chest. It’s been going on for about three months now. 

**Doctor:** I see. Can you describe the discomfort for me? Is it more like heartburn or something else?

**Patient:** Yes, it's like a persistent heartburn. It gets worse after I eat and when I lie down. Sometimes, it feels like food is coming back up.

**Doctor:** That sounds very uncomfortable. Has this been affecting your sleep or eating habits?

**Patient:** Yes, definitely. I can’t sleep well because of the discomfort, and eating has become a chore. I avoid certain foods because they make it worse, but I still get heartburn almost every day.

**Doctor:** I understand. Do you have any other symptoms, like chest pain?

**Patient:** Yes, there’s chest pain as well. It’s not every day, but it happens frequently enough to bother me.

**Doctor:** Alright, let's go over some other aspects of your health. Do you have any respiratory issues?

**Patient:** Yes, I have COPD. I use an albuterol inhaler when needed.

**Doctor:** Okay, and how’s that been for you?

**Patient:** It’s been manageable. I use the inhaler when I need to, but I try not to overdo it.

**Doctor:** Good to know. How about joint pain? Any issues there?

**Patient:** Yes, I have osteoarthritis. My knees and hands are the worst. I take ibuprofen when it gets really bad.

**Doctor:** Got it. Are you allergic to any medications?

**Patient:** I’m allergic to sulfa drugs.

**Doctor:** Thanks for telling me. Now, about your lifestyle. Do you smoke or drink?

**Patient:** Yes, I smoke about a pack a day and I drink 2-3 beers a week.

**Doctor:** How about your diet?

**Patient:** I eat a lot of spicy foods and I often have late-night snacks. I know it’s not the best, but it’s hard to change.

**Doctor:** I understand, changing habits can be tough. Do you exercise?

**Patient:** Not much. My osteoarthritis and COPD make it hard to do much physical activity.

**Doctor:** And what about your work and living environment?

**Patient:** I work in a factory, it’s a physically demanding job. I live in an old neighborhood with high pollution, which doesn’t help my COPD. Access to fresh and healthy food is also limited.

**Doctor:** Thank you for sharing all this information. It really helps me understand your situation. Let’s move on to a quick physical exam. Your vital signs look stable, which is good. Now, let me check your abdomen.

**Patient:** Okay.

**Doctor:** There are no masses or tenderness in your abdomen. Your heart rate is regular, and I don’t hear any murmurs. Your breath sounds are diminished, which is expected with COPD, but there are no wheezing or crackles. Your joints are stiff, especially in your knees and hands, consistent with osteoarthritis.

**Patient:** Alright.

**Doctor:** We’ve also ordered a CT scan of your chest to check for any structural anomalies, and we’re waiting on your liver function tests and complete blood count results.

**Patient:** Okay, what’s next, Doc?

**Doctor:** Based on your symptoms and the endoscopy findings, it looks like you have Barrett's Esophagus. This is likely causing your chronic heartburn and regurgitation. Your lifestyle and diet might be making it worse.

**Patient:** What’s Barrett's Esophagus? Is it serious?

**Doctor:** It’s a condition where the lining of your esophagus changes due to prolonged acid exposure. It can be serious as it increases the risk of esophageal cancer, but we can manage it with medication and lifestyle changes.

**Patient:** What do I need to do?

**Doctor:** We’ll start you on Esomeprazole 40 mg once daily to reduce acid production. It’s important to take this medication as prescribed.

**Patient:** Okay, I can do that.

**Doctor:** We’ll also schedule a follow-up endoscopy in six months to monitor for any progression. I’m referring you to Dr. Elena Martinez, a thoracic surgeon, for potential surgical intervention if needed.

**Patient:** That sounds serious.

**Doctor:** It’s a precaution. We want to explore all options to manage your condition effectively. We’ll continue to monitor your liver function tests and complete blood count results and proceed with the CT scan of your chest.

**Patient:** Alright, anything else I should do?

**Doctor:** Yes, we need to address your diet and lifestyle. Reducing spicy food intake and avoiding late-night meals will help. Quitting smoking is crucial for your overall health, especially with COPD. I can provide resources for smoking cessation. Limiting alcohol consumption is also important.

**Patient:** I know it’ll be tough, but I’ll try.

**Doctor:** I understand. It’s not easy, but these changes will significantly improve your symptoms and overall health. We’ll support you through this process. Also, if you’re worried about medical expenses, I can connect you with our hospital social services for assistance.

**Patient:** That would be great, thank you.

**Doctor:** You’re welcome. It’s important to take care of yourself. Do you have any questions or concerns?

**Patient:** I think I understand everything. I’ll do my best to follow your advice.

**Doctor:** That’s good to hear. We’ll see you for the follow-up in six months, but if you have any issues before then, don’t hesitate to reach out.

**Patient:** I will. Thank you, Doc.

**Doctor:** Take care, and we’ll get through this together. See you soon.

**Patient:** Thanks, Doc. Bye."
CANDIDAL ESOPHAGITIS|"ROLE: Gastroenterologist

**Scenario:**

**1) Medical Outcome:**
   - Diagnosis: Candidal Esophagitis
   - Prescribed Treatment: Fluconazole 200 mg orally on the first day, then 100 mg orally once daily for 14 days
   - Follow-up Recommendations: Follow-up in 2 weeks to reassess symptoms and consider endoscopy if no improvement
   - Referral to Specialists: None
   - Referral to further tests or imaging: Endoscopy if no improvement after treatment

**2) Medical History:**
   - Previous Diagnoses: HIV (Human Immunodeficiency Virus) positive
   - Family Medical History: Mother with history of diabetes mellitus 
   - Medication History: Antiretroviral therapy (ART) for HIV 
   - Allergies: Penicillin
   - Chronic Conditions: HIV

**3) Symptom Description:**
   - Severity: Moderate to severe
   - Duration: 2 weeks
   - Associated Symptoms: Painful swallowing (odynophagia), substernal chest pain, mild nausea
   - Frequency: Constant
   - Impact on Daily Activities: Difficulty eating and drinking, resulting in weight loss

**4) Patient’s self-reported habits and lifestyle:**
   - Sleep: Poor, due to pain while swallowing
   - Diet: Recent weight loss, reduced oral intake
   - Exercise: Decreased due to fatigue and discomfort
   - Tobacco Use: Smokes 10 cigarettes per day
   - Alcohol Consumption: Social drinker, approximately 2-3 drinks per week
   - Drug Use: Denies
   - Recreational Activities: Enjoys gardening, less active recently due to symptoms

**5) Demographic Information:**
   - Age: 34
   - Gender: Male
   - Ethnicity: African American
   - Socio-economic Status: Middle class
   - Education Level: High school diploma
   - Health Literacy: Moderate
   - Job Status: Works as a delivery driver

**6) Patient's Behavior:**
   - Compliance: Highly compliant with ART for HIV, cooperative with medical advice

**7) Geographical Location:**
   - Big City vs Small City: Urban
   - Pollution and Environmental Health Risks: Moderate pollution
   - Neighborhood Type: Residential area, well-served by transit, not a food desert

**8) Clinical Setting:**
   - Specialty Clinics

**9) Type of Encounter:**
   - Initial Consultation

**10) Treatment Disparities:**
   - None evident; patient receives comprehensive care

**11) Native or Non-Native English Speaking Patient:**
   - Native English-speaking patient

**12) Physical exams:**
   - Oral examination revealed white patches on the buccal mucosa and tongue
   
**13) Investigation/Test results:**
   - Awaiting: None
   - Reviewed: HIV viral load and CD4+ count - CD4+ count currently at 180 cells/mm³, viral load suppressed"|"**1. Subjective:**

**Chief Complaint (CC):**
Difficulty swallowing and chest pain for 2 weeks.

**History of Present Illness (HPI):**
Mr. John Harris is a 34-year-old African American male who presents with a 2-week history of painful swallowing (odynophagia) and substernal chest pain. He reports constant pain that has led to difficulty eating and drinking, resulting in weight loss. He also mentions mild nausea and poor sleep due to the pain. His symptoms have been moderate to severe in intensity.

**Review of Systems (ROS):**
- Gastrointestinal: Endorses painful swallowing, substernal chest pain, mild nausea, and recent weight loss.
- Respiratory: Denies shortness of breath or cough.
- Cardiovascular: Denies palpitations or chest tightness.
- Neurological: Denies headaches, dizziness, or visual disturbances.
- General: Reports fatigue and decreased activity level.

**2. Objective:**

**Vital Signs:**
- Blood Pressure: 122/78 mmHg
- Heart Rate: 88 bpm
- Respiratory Rate: 18 breaths/min
- Temperature: 98.6°F (37°C)
- Oxygen Saturation: 98% on room air

**Physical Examination:**
- General: Alert, moderately distressed due to pain.
- HEENT: Oral examination revealed white patches on the buccal mucosa and tongue, consistent with candidal infection.
- Respiratory: Clear to auscultation bilaterally.
- Cardiovascular: Regular rate and rhythm, no murmurs or gallops.
- Abdomen: Soft, non-tender, no organomegaly or masses.
- Skin: No rashes or lesions observed.

**Results:**
- HIV viral load: Suppressed
- CD4+ count: 180 cells/mm³

**3. Assessment:**
- Candidal Esophagitis: Likely secondary to immunosuppression from HIV, given the low CD4+ count and clinical presentation.
- HIV: Well-managed with ART, but low CD4+ count indicates significant immunosuppression.

**4. Plan:**
- Medical Treatment: 
  - Prescribe Fluconazole 200 mg orally on the first day, then 100 mg orally once daily for 14 days.
- Follow-Up Recommendations:
  - Follow-up in 2 weeks to reassess symptoms and consider endoscopy if no improvement.
- Patient Education:
  - Discuss the importance of medication adherence, including completing the full course of antifungal treatment.
  - Advise on maintaining hydration and nutrition despite difficulty eating.
- Lifestyle Modifications:
  - Encourage smoking cessation and provide resources for support.
  - Limit alcohol intake given its potential to exacerbate symptoms.
  - Encourage moderate activity levels as tolerated.
- Referrals:
  - None at this time.
- Further Tests/Imaging:
  - Consider endoscopy if no improvement after treatment.
- Patient Agreements:
  - The patient understands and agrees with the recommended treatment plan.

Mr. John Harris is a highly compliant patient with a history of HIV, currently managed with ART, who presents with symptoms consistent with candidal esophagitis. His treatment plan includes antifungal therapy with careful follow-up to ensure resolution of symptoms."|"**1. Subjective:**

**Chief Complaint (CC):**
Difficulty swallowing and chest pain for 2 weeks.

**History of Present Illness (HPI):**
Mr. John Harris is a 34-year-old African American male who presents with a 2-week history of painful swallowing (odynophagia) and substernal chest pain. He reports constant pain that has led to difficulty eating and drinking, resulting in weight loss. He also mentions mild nausea and poor sleep due to the pain. His symptoms have been moderate to severe in intensity.

**Review of Systems (ROS):**
- Gastrointestinal: Endorses painful swallowing, substernal chest pain, mild nausea, and recent weight loss.
- Respiratory: Denies shortness of breath or cough.
- Cardiovascular: Denies palpitations or chest tightness.
- Neurological: Denies headaches, dizziness, or visual disturbances.
- General: Reports fatigue and decreased activity level.

**2. Objective:**

**Vital Signs:**
- Blood Pressure: 122/78 mmHg
- Heart Rate: 88 bpm
- Respiratory Rate: 18 breaths/min
- Temperature: 98.6°F (37°C)
- Oxygen Saturation: 98% on room air

**Physical Examination:**
- General: Alert, moderately distressed due to pain.
- HEENT: Oral examination revealed white patches on the buccal mucosa and tongue, consistent with candidal infection.
- Respiratory: Clear to auscultation bilaterally.
- Cardiovascular: Regular rate and rhythm, no murmurs or gallops.
- Abdomen: Soft, non-tender, no organomegaly or masses.
- Skin: No rashes or lesions observed.

**Results:**
- HIV viral load: Suppressed
- CD4+ count: 180 cells/mm³

**3. Assessment:**
- Candidal Esophagitis: Likely secondary to immunosuppression from HIV, given the low CD4+ count and clinical presentation.
- HIV: Well-managed with ART, but low CD4+ count indicates significant immunosuppression.

**4. Plan:**
- Medical Treatment: 
  - Prescribe Fluconazole 200 mg orally on the first day, then 100 mg orally once daily for 14 days.
- Follow-Up Recommendations:
  - Follow-up in 2 weeks to reassess symptoms and consider endoscopy if no improvement.
- Patient Education:
  - Discuss the importance of medication adherence, including completing the full course of antifungal treatment.
  - Advise on maintaining hydration and nutrition despite difficulty eating.
- Lifestyle Modifications:
  - Encourage smoking cessation and provide resources for support.
  - Limit alcohol intake given its potential to exacerbate symptoms.
  - Encourage moderate activity levels as tolerated.
- Further Tests/Imaging:
  - Consider endoscopy if no improvement after treatment.
- Patient Agreements:
  - The patient understands and agrees with the recommended treatment plan."|"**1. Subjective:**

**CC:**
Dysphagia and CP x 2 weeks.

**HPI:**
Mr. John Harris, a 34 y/o AA male, presents with a 2-week hx of odynophagia and substernal CP. Reports constant pain causing difficulty eating/drinking, resulting in wt loss. Also mentions mild N/V and poor sleep due to pain. Symptoms are moderate to severe in intensity.

**ROS:**
- GI: Endorses odynophagia, substernal CP, mild N/V, and recent wt loss.
- Resp: Denies SOB or cough.
- CV: Denies palpitations or chest tightness.
- Neuro: Denies HA, dizziness, or visual disturbances.
- General: Reports fatigue and decreased activity level.

**2. Objective:**

**VS:**
- BP: 122/78 mmHg
- HR: 88 bpm
- RR: 18 bpm
- Temp: 98.6°F (37°C)
- O2 Sat: 98% RA

**PE:**
- General: Alert, moderately distressed due to pain.
- HEENT: Oral exam revealed white patches on buccal mucosa and tongue, consistent with candidal infection.
- Resp: Clear to auscultation bilaterally.
- CV: RRR, no murmurs or gallops.
- Abd: Soft, non-tender, no organomegaly or masses.
- Skin: No rashes or lesions observed.

**Results:**
- HIV VL: Suppressed
- CD4: 180 cells/mm³

**3. Assessment:**
- Candidal Esophagitis: Likely 2° to immunosuppression from HIV, given low CD4 count and clinical presentation.
- HIV: Well-managed with ART, but low CD4 count indicates significant immunosuppression.

**4. Plan:**
- Rx: 
  - Fluconazole 200 mg PO on day 1, then 100 mg PO QD x 14 days.
- F/U:
  - F/U in 2 weeks to reassess symptoms and consider EGD if no improvement.
- Pt Ed:
  - Discuss importance of med adherence, including completing full course of antifungal tx.
  - Advise on maintaining hydration and nutrition despite difficulty eating.
- Lifestyle:
  - Encourage smoking cessation and provide resources for support.
  - Limit EtOH intake given its potential to exacerbate symptoms.
  - Encourage moderate activity levels as tolerated.
- Further Tests/Imaging:
  - Consider EGD if no improvement after tx.
- Pt Agreement:
  - Pt understands and agrees with the recommended tx plan."|Gastroenterologist|"**Doctor:** Hi Mr. Harris, how are you doing today?

**Patient:** Hi, Doctor. I'm not feeling great, to be honest. I've been having a really hard time swallowing and some chest pain for the past two weeks.

**Doctor:** I'm sorry to hear that. Can you tell me more about your swallowing difficulties and chest pain?

**Patient:** Sure. The pain is pretty constant and it's really hard to eat or drink anything. It feels like a sharp pain right behind my breastbone.

**Doctor:** I see. When did these symptoms first start?

**Patient:** About two weeks ago, maybe a little more.

**Doctor:** Have you noticed any other symptoms, like nausea or changes in your weight?

**Patient:** Yeah, I've had some mild nausea and I've lost some weight because it's so hard to eat. I've also been really tired and haven't been able to sleep well because of the pain.

**Doctor:** Have you experienced any shortness of breath or coughing?

**Patient:** No, none of that.

**Doctor:** Any palpitations or chest tightness?

**Patient:** No, just the pain when I swallow.

**Doctor:** How about headaches, dizziness, or visual disturbances?

**Patient:** No, none of those either.

**Doctor:** Any other general symptoms, like fatigue or decreased activity levels?

**Patient:** Yes, definitely. I've been really tired and haven't had the energy to do much.

**Doctor:** Okay, thank you for sharing all of that. I'll need to review your medical history. Can you provide your medical history record?

**Patient:** Here you are.

**Doctor:** Based on your medical history, I see you have HIV. Have you been keeping up with your antiretroviral therapy?

**Patient:** Yes, I take my medications every day.

**Doctor:** That's good to hear. Now let's proceed with a physical examination. Your vital signs look stable: blood pressure is 122/78 mmHg, heart rate is 88 bpm, respiratory rate is 18 breaths per minute, temperature is 98.6°F, and your oxygen saturation is 98% on room air. 

**Patient:** Okay.

**Doctor:** I'll start with an oral examination. I see some white patches on your buccal mucosa and tongue. This looks like a candidal infection, which is consistent with your symptoms of painful swallowing.

**Patient:** Oh, I see.

**Doctor:** Your respiratory exam is clear; your lungs sound good bilaterally. Your cardiovascular exam is normal, with a regular heart rate and rhythm and no murmurs or gallops. Your abdomen is soft and non-tender, with no organomegaly or masses. Your skin looks fine, no rashes or lesions.

**Patient:** Alright.

**Doctor:** I reviewed your recent lab results. Your HIV viral load is suppressed, which is good, but your CD4+ count is 180 cells per cubic millimeter. This low CD4+ count indicates significant immunosuppression, which may explain why you developed this candidal infection.

**Patient:** That makes sense.

**Doctor:** Based on your symptoms and the physical exam, I believe you have candidal esophagitis, likely secondary to immunosuppression from HIV. 

**Patient:** What does that mean for treatment?

**Doctor:** I'll prescribe Fluconazole, an antifungal medication. You'll take 200 mg orally on the first day, then 100 mg orally once daily for 14 days.

**Patient:** Okay, I can do that.

**Doctor:** It's very important to complete the full course of the medication. We'll need to follow up in two weeks to reassess your symptoms. If there's no improvement, we might consider an endoscopy.

**Patient:** Understood.

**Doctor:** In the meantime, try to maintain hydration and nutrition despite the difficulty eating. Avoid smoking and limit alcohol intake, as both can exacerbate your symptoms. 

**Patient:** I don't smoke, but I'll be careful with alcohol.

**Doctor:** That's good to know. Try to stay moderately active as tolerated, but don't overexert yourself.

**Patient:** I will.

**Doctor:** Do you have any questions about the treatment plan or anything else?

**Patient:** No, I think I understand everything. I'll be sure to take the medication as prescribed.

**Doctor:** Great. If you have any issues or if your symptoms worsen, don't hesitate to contact the clinic. We'll see you in two weeks for a follow-up.

**Patient:** Thank you, Doctor.

**Doctor:** You're welcome. Take care, Mr. Harris."|"[doctor]: Hi Mr. Harris, how are you doing today?

[patient]: Hi, Doctor. I'm not feeling great, to be honest. I've been having a really hard time swallowing and some chest pain for the past two weeks.

[doctor]: I'm sorry to hear that. Can you tell me more about your swallowing difficulties and chest pain?

[patient]: Sure. The pain is pretty constant and it's really hard to eat or drink anything. It feels like a sharp pain right behind my breastbone.

[doctor]: I see. When did these symptoms first start?

[patient]: About two weeks ago, maybe a little more.

[doctor]: Have you noticed any other symptoms, like nausea or changes in your weight?

[patient]: Yeah, I've had some mild nausea and I've lost some weight because it's so hard to eat. I've also been really tired and haven't been able to sleep well because of the pain.

[doctor]: Have you experienced any shortness of breath or coughing?

[patient]: No, none of that.

[doctor]: Any palpitations or chest tightness?

[patient]: No, just the pain when I swallow.

[doctor]: How about headaches, dizziness, or visual disturbances?

[patient]: No, none of those either.

[doctor]: Any other general symptoms, like fatigue or decreased activity levels?

[patient]: Yes, definitely. I've been really tired and haven't had the energy to do much.

[doctor]: Hmm, okay. Thank you for sharing all of that. I'll need to review your medical history. Can you provide your medical history record?

[patient]: Here you are.

[doctor]: Based on your medical history, I see you have HIV. Have you been keeping up with your antiretroviral therapy?

[patient]: Yes, I take my medications every day.

[doctor]: That's good to hear. Now let's proceed with a physical examination. Your vital signs look stable: blood pressure is 122/78 mmHg, heart rate is 88 bpm, respiratory rate is 18 breaths per minute, temperature is 98.6°F, and your oxygen saturation is 98% on room air. 

[patient]: Okay.

[doctor]: I'll start with an oral examination. I see some white patches on your buccal mucosa and tongue. This looks like a candidal infection, which is consistent with your symptoms of painful swallowing.

[patient]: Oh, I see.

[doctor]: Your respiratory exam is clear; your lungs sound good bilaterally. Your cardiovascular exam is normal, with a regular heart rate and rhythm and no murmurs or gallops. Your abdomen is soft and non-tender, with no organomegaly or masses. Your skin looks fine, no rashes or lesions.

[patient]: Alright.

[doctor]: I reviewed your recent lab results. Your HIV viral load is suppressed, which is good, but your CD4+ count is 180 cells per cubic millimeter. This low CD4+ count indicates significant immunosuppression, which may explain why you developed this candidal infection.

[patient]: That makes sense.

[doctor]: Based on your symptoms and the physical exam, I believe you have candidal esophagitis, likely secondary to immunosuppression from HIV. 

[patient]: What does that mean for treatment?

[doctor]: I'll prescribe Fluconazole, an antifungal medication. You'll take 200 mg orally on the first day, then 100 mg orally once daily for 14 days.

[patient]: Okay, I can do that.

[doctor]: It's very important to complete the full course of the medication. We'll need to follow up in two weeks to reassess your symptoms. If there's no improvement, we might consider an endoscopy.

[patient]: Understood.

[doctor]: In the meantime, try to maintain hydration and nutrition despite the difficulty eating. Avoid smoking and limit alcohol intake, as both can exacerbate your symptoms. 

[patient]: I don't smoke, but I'll be careful with alcohol.

[doctor]: That's good to know. Try to stay moderately active as tolerated, but don't overexert yourself.

[patient]: I will.

[doctor]: Do you have any questions about the treatment plan or anything else?

[patient]: No, I think I understand everything. I'll be sure to take the medication as prescribed.

[doctor]: Great. If you have any issues or if your symptoms worsen, don't hesitate to contact the clinic. We'll see you in two weeks for a follow-up.

[patient]: Thank you, Doctor.

[doctor]: You're welcome. Take care, Mr. Harris."
CANDIDAL ESOPHAGITIS|"**ROLE:** Gastroenterologist

**Scenario:**

- **Medical Outcome:** 
    - Diagnosis: Candidal Esophagitis
    - Prescribed Treatment: Fluconazole 200 mg orally on the first day, followed by 100 mg orally once daily for 14 days
    - Follow-up Recommendations: Follow-up appointment in 3 weeks to assess treatment response and symptom resolution, consider repeating endoscopy if symptoms persist

- **Medical History:** 
    - Previous Diagnoses: Asthma, Gastroesophageal Reflux Disease (GERD)
    - Family Medical History: Mother with osteoporosis, father with asthma
    - Medication History: Omeprazole 20 mg daily (for GERD), Albuterol inhaler (as needed for asthma)
    - Allergies: Sulfa drugs

- **Symptom Description:** 
    - Severity: Severe
    - Duration: 3 weeks
    - Associated Symptoms: Severe pain with swallowing, chest discomfort, oral thrush, occasional vomiting
    - Frequency: Continuous, worsening over the past week
    - Impact on Daily Activities: Difficulty eating, severe enough to take time off work

- **Patient’s Self-Reported Habits and Lifestyle:** 
    - Sleep: Reports interrupted sleep due to chest pain and discomfort
    - Diet: Difficulty consuming solid foods, mainly on a liquid diet
    - Exercise: Exercises occasionally, mainly light activities due to asthma
    - Tobacco Use: Smokes 5 cigarettes per day
    - Alcohol Consumption: Social drinker, about 1-2 drinks per week
    - Drug Use: None 
    - Recreational Activities: Limited due to discomfort and work commitments

- **Demographic Information:** 
    - Age: 28
    - Gender: Female
    - Ethnicity: Asian
    - Socio-economic Status: Middle-income
    - Education Level: College Graduate
    - Health Literacy: High understanding of medical conditions and treatments
    - Job Status: Full-time job in a corporate setting

- **Patient's Behavior:** Generally cooperative and adherent with medical advice, though anxious about health

- **Geographical Location:** 
    - Small City
    - Urban
    - Pollution and Environmental Health Risks: Low pollution
    - Neighborhood Type: Middle-income, good access to healthcare services

- **Clinical Setting:** Private Practice

- **Type of Encounter:** Initial Consultation

- **Treatment Disparities:** NA

- **Native or Non-Native English Speaking Patient:** Native English Speaking

- **Physical Exam:** 
    - Oral Cavity Examination: White patches on the oral mucosa and tongue
    - Abdominal Examination: Mild tenderness in the epigastric region
    - Respiratory Examination: Wheezing on auscultation, indicative of poorly controlled asthma
    - Vital Signs: Temperature: 98.6°F, Blood Pressure: 120/80 mm Hg, Heart Rate: 72 BPM

- **Investigation/Test Results:** 
    - Awaiting: Esophagogastroduodenoscopy (EGD) to confirm diagnosis and evaluate the extent of esophageal involvement
    - Previously Conducted: None"|"#####
**1. Subjective:**
**Chief Complaint (CC):** 
Severe pain with swallowing and chest discomfort.

**History of Present Illness (HPI):**
Ms. Jane Lee, a 28-year-old Asian female with a history of asthma and GERD, presents with severe pain while swallowing, chest discomfort, oral thrush, and occasional vomiting over the past 3 weeks. Symptoms started mildly but have worsened to the point of severe discomfort over the last week. She has had difficulty eating solid food and has mainly been on a liquid diet. This has significantly impacted her daily activities and has led her to take time off work. She also reports interrupted sleep due to chest pain and discomfort.

**Review of Systems (ROS):**
- **Constitutional:** Reports fatigue due to interrupted sleep. Denies fever or weight loss.
- **Gastrointestinal:** Reports severe pain with swallowing, chest discomfort, and occasional vomiting. Mainly on a liquid diet.
- **Respiratory:** Reports wheezing exacerbated by chest discomfort. Uses Albuterol inhaler as needed.
- **Oral/Throat:** Reports white patches in the oral cavity, difficulty swallowing.

**2. Objective:**
**Vital Signs:** 
- Temperature: 98.6°F
- Blood Pressure: 120/80 mm Hg
- Heart Rate: 72 BPM

**Physical Examination:**
- **Oral Cavity:** White patches on the oral mucosa and tongue.
- **Abdominal:** Mild tenderness in the epigastric region.
- **Respiratory:** Wheezing on auscultation.

**Investigation/Test Results:** 
- Awaiting esophagogastroduodenoscopy (EGD) to confirm diagnosis and evaluate the extent of esophageal involvement.

**3. Assessment:**
Ms. Jane Lee is a 28-year-old female with a history of asthma and GERD, presenting with severe odynophagia, chest discomfort, and oral thrush. Physical examination and clinical presentation are strongly indicative of Candidal Esophagitis.

**Diagnosis:**
- **Primary:** Candidal Esophagitis

**4. Plan:**
**Medical Treatment:**
- Prescribe Fluconazole 200 mg orally on the first day, followed by 100 mg orally once daily for 14 days.

**Patient Education and Counseling:**
- Educate the patient about the importance of adherence to the prescribed antifungal regimen.
- Advise the patient to maintain a soft or liquid diet to minimize discomfort while swallowing.
- Discuss the importance of smoking cessation to improve overall health and reduce exacerbation of GERD and asthma symptoms.
- Encourage the patient to monitor and manage GERD symptoms, continue taking Omeprazole 20 mg daily, and use the Albuterol inhaler as needed for asthma.

**Follow-up Recommendations:**
- Schedule a follow-up appointment in 3 weeks to assess treatment response and symptom resolution.
- Consider repeating endoscopy if symptoms persist or worsen.

**Patient Agreements:**
- The patient understands and agrees with the recommended medical treatment plan, including follow-up.

#####

**Note:** This medical note is a synthesized and fictional representation based on the provided scenario designed for research and educational purposes.
"|"#####
**1. Subjective:**
**Chief Complaint (CC):** 
Severe pain with swallowing and chest discomfort.

**History of Present Illness (HPI):**
Ms. Jane Lee, a 28-year-old Asian female with a history of asthma and GERD, presents with severe pain while swallowing, chest discomfort, oral thrush, and occasional vomiting over the past 3 weeks. Symptoms started mildly but have worsened to the point of severe discomfort over the last week. She has had difficulty eating solid food and has mainly been on a liquid diet. This has significantly impacted her daily activities and has led her to take time off work. She also reports interrupted sleep due to chest pain and discomfort.

**Review of Systems (ROS):**
- **Constitutional:** Reports fatigue due to interrupted sleep. Denies fever or weight loss.
- **Gastrointestinal:** Reports severe pain with swallowing, chest discomfort, and occasional vomiting. Mainly on a liquid diet.
- **Respiratory:** Reports wheezing exacerbated by chest discomfort. Uses Albuterol inhaler as needed.
- **Oral/Throat:** Reports white patches in the oral cavity, difficulty swallowing.

**2. Objective:**
**Vital Signs:** 
- Temperature: 98.6°F
- Blood Pressure: 120/80 mm Hg
- Heart Rate: 72 BPM

**Physical Examination:**
- **Oral Cavity:** White patches on the oral mucosa and tongue.
- **Abdominal:** Mild tenderness in the epigastric region.
- **Respiratory:** Wheezing on auscultation.

**3. Assessment:**
Ms. Jane Lee is a 28-year-old female with a history of asthma and GERD, presenting with severe odynophagia, chest discomfort, and oral thrush. Physical examination and clinical presentation are strongly indicative of Candidal Esophagitis.

**Diagnosis:**
- **Primary:** Candidal Esophagitis

**4. Plan:**
**Medical Treatment:**
- Prescribe Fluconazole 200 mg orally on the first day, followed by 100 mg orally once daily for 14 days.

**Patient Education and Counseling:**
- Educate the patient about the importance of adherence to the prescribed antifungal regimen.
- Advise the patient to maintain a soft or liquid diet to minimize discomfort while swallowing.
- Discuss the importance of smoking cessation to improve overall health and reduce exacerbation of GERD and asthma symptoms.
- Encourage the patient to monitor and manage GERD symptoms, continue taking Omeprazole 20 mg daily, and use the Albuterol inhaler as needed for asthma.

**Follow-up Recommendations:**
- Schedule a follow-up appointment in 3 weeks to assess treatment response and symptom resolution.
- Consider repeating endoscopy if symptoms persist or worsen.

**Pending Investigations:**
- Awaiting esophagogastroduodenoscopy (EGD) to confirm diagnosis and evaluate the extent of esophageal involvement.

**Patient Agreements:**
- The patient understands and agrees with the recommended medical treatment plan, including follow-up.

#####"|"#####
**1. Subjective:**
**CC:** 
Severe pain with swallowing and chest discomfort.

**HPI:**
Ms. Jane Lee, a 28 y/o Asian F with a hx of asthma and GERD, presents with severe pain while swallowing, chest discomfort, oral thrush, and occasional vomiting over the past 3 wks. Symptoms started mildly but have worsened to the point of severe discomfort over the last wk. She has had difficulty eating solid food and has mainly been on a liquid diet. This has significantly impacted her daily activities and has led her to take time off work. She also reports interrupted sleep due to chest pain and discomfort.

**ROS:**
- **Constitutional:** Reports fatigue due to interrupted sleep. Denies fever or weight loss.
- **GI:** Reports severe pain with swallowing, chest discomfort, and occasional vomiting. Mainly on a liquid diet.
- **Resp:** Reports wheezing exacerbated by chest discomfort. Uses Albuterol inhaler PRN.
- **Oral/Throat:** Reports white patches in the oral cavity, difficulty swallowing.

**2. Objective:**
**VS:** 
- Temp: 98.6°F
- BP: 120/80 mm Hg
- HR: 72 BPM

**PE:**
- **Oral Cavity:** White patches on the oral mucosa and tongue.
- **Abd:** Mild tenderness in the epigastric region.
- **Resp:** Wheezing on auscultation.

**3. Assessment:**
Ms. Jane Lee is a 28 y/o F with a hx of asthma and GERD, presenting with severe odynophagia, chest discomfort, and oral thrush. PE and clinical presentation are strongly indicative of Candidal Esophagitis.

**Dx:**
- **Primary:** Candidal Esophagitis

**4. Plan:**
**Rx:**
- Fluconazole 200 mg PO on day 1, followed by 100 mg PO QD for 14 days.

**Pt Education and Counseling:**
- Educate pt about the importance of adherence to the prescribed antifungal regimen.
- Advise pt to maintain a soft or liquid diet to minimize discomfort while swallowing.
- Discuss the importance of smoking cessation to improve overall health and reduce exacerbation of GERD and asthma symptoms.
- Encourage pt to monitor and manage GERD symptoms, continue taking Omeprazole 20 mg QD, and use the Albuterol inhaler PRN for asthma.

**F/U Recommendations:**
- Schedule a F/U appointment in 3 wks to assess treatment response and symptom resolution.
- Consider repeating EGD if symptoms persist or worsen.

**Pending Investigations:**
- Awaiting EGD to confirm dx and evaluate the extent of esophageal involvement.

**Pt Agreements:**
- The pt understands and agrees with the recommended medical treatment plan, including F/U.

#####"|Role not found in the first 5 lines.|"**Conversation:**

**Doctor:** Good morning, Ms. Lee. How are you doing today?

**Patient:** Good morning, doctor. I'm not feeling well at all. I'm in a lot of pain.

**Doctor:** I see here that you're experiencing severe pain with swallowing and chest discomfort. Can you tell me more about what's been going on?

**Patient:** Yes, it started about three weeks ago. The pain was mild at first, but it has gotten so much worse over the past week. Now, it's really severe.

**Doctor:** I’m sorry to hear that. Can you describe the pain? Is it constant or does it come and go?

**Patient:** It's pretty constant now, especially when I try to swallow. It's really hard to eat solid food, so I've mostly been on a liquid diet.

**Doctor:** That sounds very uncomfortable. Have you noticed any other symptoms?

**Patient:** Yes, I’ve also had chest discomfort and sometimes, I vomit. And there are white patches in my mouth.

**Doctor:** I see. Have you had any issues with interrupted sleep or fatigue because of this?

**Patient:** Yes, the chest pain wakes me up at night, and I feel really tired during the day.

**Doctor:** That must be really difficult. How has this affected your daily activities?

**Patient:** It’s been bad. I’ve had to take time off work because the pain and discomfort are too much to handle.

**Doctor:** I'm sorry you're going through this. Are you experiencing any wheezing or respiratory issues?

**Patient:** Yes, I’ve had some wheezing, especially when the chest discomfort gets worse. I’ve been using my Albuterol inhaler when that happens.

**Doctor:** Okay. Let's review your medical history. You have asthma and GERD, correct?

**Patient:** Yes, that's right.

**Doctor:** Have you had any fever or weight loss recently?

**Patient:** No, no fever or weight loss. Just a lot of fatigue from not sleeping well.

**Doctor:** Understood. Have you been able to eat or drink anything without much pain?

**Patient:** Mostly just liquids. Solid foods are too painful to swallow.

**Doctor:** Okay. Let me take a look at your mouth. I see the white patches you mentioned. They’re on your oral mucosa and tongue. Does it hurt when I press on your abdomen?

**Patient:** Yes, it’s a bit tender in the upper part.

**Doctor:** Alright. I can also hear some wheezing when I listen to your lungs. We’re going to do an esophagogastroduodenoscopy, or EGD, to get a better look at what’s going on in your esophagus.

**Patient:** Okay. What do you think is causing all this?

**Doctor:** Based on your symptoms and the physical examination, I strongly suspect you have Candidal Esophagitis, which is an infection of the esophagus caused by a type of yeast.

**Patient:** Oh, wow. How did that happen?

**Doctor:** It can occur in people with conditions like asthma and GERD, especially if your immune system is a bit compromised. 

**Patient:** What do we do about it?

**Doctor:** We’re going to start you on an antifungal medication called Fluconazole. You'll take 200 mg orally on the first day, followed by 100 mg once daily for 14 days.

**Patient:** Okay, I can do that. Will it help with the pain?

**Doctor:** Yes, it should help clear the infection, which will reduce the pain and other symptoms. In the meantime, try to stick with a soft or liquid diet to minimize discomfort while swallowing.

**Patient:** Alright. Is there anything else I should know?

**Doctor:** Yes, a few things. It’s important to take the medication exactly as prescribed. Also, smoking can worsen your symptoms, so I strongly advise you to quit if you smoke. Continue taking Omeprazole for your GERD and use the Albuterol inhaler as needed for asthma.

**Patient:** I don’t smoke, but I’ll make sure to follow all your instructions.

**Doctor:** Great. We’ll schedule a follow-up appointment in three weeks to see how you're responding to the treatment. If your symptoms persist or worsen, we may need to repeat the endoscopy.

**Patient:** Thank you, doctor. I just want to feel better.

**Doctor:** I understand. Hang in there. With the right treatment, you should start feeling better soon. Do you have any other questions or concerns?

**Patient:** No, I think that covers everything. Thank you for your help.

**Doctor:** You’re welcome. Take care and we’ll see you in three weeks. If you need anything before then, don’t hesitate to call.

**Patient:** Thanks, doctor."|"[doctor]: Good morning, Ms. Lee. How are you doing today?

[patient]: Good morning, doctor. I'm not feeling well at all. I'm in a lot of pain.

[doctor]: I see here that you're experiencing severe pain with swallowing and chest discomfort. Can you tell me more about what's been going on?

[patient]: Yes, it started about three weeks ago. The pain was mild at first, but it has gotten so much worse over the past week. Now, it's really severe.

[doctor]: I’m sorry to hear that. Can you describe the pain? Is it constant or does it come and go?

[patient]: It's pretty constant now, especially when I try to swallow. It's really hard to eat solid food, so I've mostly been on a liquid diet.

[doctor]: That sounds very uncomfortable. Have you noticed any other symptoms?

[patient]: Yes, I’ve also had chest discomfort and sometimes, I vomit. And there are white patches in my mouth.

[doctor]: I see. Have you had any issues with interrupted sleep or fatigue because of this?

[patient]: Yes, the chest pain wakes me up at night, and I feel really tired during the day.

[doctor]: That must be really difficult. How has this affected your daily activities?

[patient]: It’s been bad. I’ve had to take time off work because the pain and discomfort are too much to handle.

[doctor]: I'm sorry you're going through this. Are you experiencing any wheezing or respiratory issues?

[patient]: Yes, I’ve had some wheezing, especially when the chest discomfort gets worse. I’ve been using my Albuterol inhaler when that happens.

[doctor]: Okay. Let's review your medical history. You have asthma and GERD, correct?

[patient]: Yes, that's right.

[doctor]: Have you had any fever or weight loss recently?

[patient]: No, no fever or weight loss. Just a lot of fatigue from not sleeping well.

[doctor]: Understood. Have you been able to eat or drink anything without much pain?

[patient]: Mostly just liquids. Solid foods are too painful to swallow.

[doctor]: Okay. Let me take a look at your mouth. I see the white patches you mentioned. They’re on your oral mucosa and tongue. Does it hurt when I press on your abdomen?

[patient]: Yes, it’s a bit tender in the upper part.

[doctor]: Alright. I can also hear some wheezing when I listen to your lungs. We’re going to do an esophagogastroduodenoscopy, or EGD, to get a better look at what’s going on in your esophagus.

[patient]: Okay. What do you think is causing all this?

[doctor]: Based on your symptoms and the physical examination, I strongly suspect you have Candidal Esophagitis, which is an infection of the esophagus caused by a type of yeast.

[patient]: Oh, wow. How did that happen?

[doctor]: It can occur in people with conditions like asthma and GERD, especially if your immune system is a bit compromised. 

[patient]: What do we do about it?

[doctor]: We’re going to start you on an antifungal medication called Fluconazole. You'll take 200 mg orally on the first day, followed by 100 mg once daily for 14 days.

[patient]: Okay, I can do that. Will it help with the pain?

[doctor]: Yes, it should help clear the infection, which will reduce the pain and other symptoms. In the meantime, try to stick with a soft or liquid diet to minimize discomfort while swallowing.

[patient]: Alright. Is there anything else I should know?

[doctor]: Yes, a few things. It’s important to take the medication exactly as prescribed. Also, smoking can worsen your symptoms, so I strongly advise you to quit if you smoke. Continue taking Omeprazole for your GERD and use the Albuterol inhaler as needed for asthma.

[patient]: I don’t smoke, but I’ll make sure to follow all your instructions.

[doctor]: Great. We’ll schedule a follow-up appointment in three weeks to see how you're responding to the treatment. If your symptoms persist or worsen, we may need to repeat the endoscopy.

[patient]: Thank you, doctor. I just want to feel better.

[doctor]: I understand. Hang in there. With the right treatment, you should start feeling better soon. Do you have any other questions or concerns?

[patient]: No, I think that covers everything. Thank you for your help.

[doctor]: You’re welcome. Take care and we’ll see you in three weeks. If you need anything before then, don’t hesitate to call.

[patient]: Thanks, doctor."
CANDIDAL ESOPHAGITIS|"ROLE: Gastroenterologist

**Scenario:**

1) **Medical Outcome:**
   - **Diagnosis:** Candidal esophagitis
   - **Prescribed Treatment:** 
     - **Medication:** Fluconazole 200 mg orally once daily for 14 days, Quantity: 14 tablets.
   - **Follow-up Recommendations:** Follow-up appointment in 2 weeks to assess response to treatment.
   - **Referral to further tests or imaging:** Endoscopy (EGD) to evaluate for underlying causes and extent of infection.

2) **Medical History:**
   - **Previous Diagnoses:** Diabetes Mellitus Type 2
   - **Family Medical History:** Mother with hypertension, Father with hyperlipidemia
   - **Medication History:** Metformin 500 mg twice daily
   - **Allergies:** No known drug allergies
   - **Chronic Conditions:** Diabetes Mellitus Type 2

3) **Symptom Description:**
   - **Severity:** Moderate to severe
   - **Duration:** 2 weeks
   - **Associated Symptoms:** Dysphagia (difficulty swallowing), odynophagia (painful swallowing), mild fever
   - **Frequency:** Persistent, worsening over the past week
   - **Impact on Daily Activities:** Difficulty eating solid foods, weight loss of 5 lbs over the past 2 weeks

4) **Patient’s self-reported habits and lifestyle:**
   - **Sleep:** Reports 6-7 hours of sleep per night, disrupted by discomfort
   - **Diet:** Recently switched to mostly soft, bland foods due to pain upon swallowing
   - **Exercise:** Sedentary lifestyle, no regular exercise
   - **Tobacco Use:** Non-smoker
   - **Alcohol Consumption:** Rarely drinks alcohol
   - **Drug Use:** Denies illicit drug use
   - **Recreational Activities:** Enjoys reading and watching TV

5) **Demographic Information:**
   - **Age:** 55 years old
   - **Gender:** Male
   - **Ethnicity:** Hispanic
   - **Socio-economic Status:** Middle class
   - **Education Level:** High school graduate
   - **Health Literacy:** Moderate, understands basic health information
   - **Job Status:** Retired, previously worked in construction

6) **Patient's Behavior:**
   - **Level of cooperation with medical advice:** Highly cooperative, follows medication regimen and lifestyle recommendations well

7) **Geographical Location:**
   - **Big City vs Small City:** Small City
   - **Rural vs Urban:** Urban
   - **Pollution and Environmental Health Risks:** Moderate pollution, limited environmental health risks
   - **Neighborhood Type:** Affluent, well-served by transit, access to healthy food options

8) **Clinical Setting:**
   - **Private Practice**

9) **Type of Encounter:**
   - **Initial Consultation**

10) **Treatment Disparities:**
   - **Assumptions about compliance:** None noted, patient is perceived to be compliant with treatment and follow-up

11) **Native or Non-Native English Speaking Patient:**
   - **Native English Speaking**

12) **Physical exams:**
   - **ENT Exam:**
     - **Oropharynx:** No visible lesions or thrush
     - **Neck:** No lymphadenopathy

13) **Investigation/Test results:**
   - **Awaiting:** Endoscopy (EGD) to evaluate esophagus, biopsy if indicated to confirm fungal infection and rule out other etiologies."|"#####

**1. Subjective:**

**Chief Complaint (CC):**
The patient, a 55-year-old Hispanic male, presents with difficulty swallowing (dysphagia) and pain during swallowing (odynophagia), which has been persistently worsening over the past two weeks. 

**History of Present Illness (HPI):**
The patient reports moderate to severe dysphagia and odynophagia, particularly with solid foods, leading to a significant impact on daily activities including a weight loss of 5 lbs over the past two weeks. He also mentions experiencing a mild fever. Due to the discomfort, the patient has switched to a diet consisting mostly of soft, bland foods. He reports that his sleep is disrupted by the discomfort, averaging 6-7 hours per night. There is no history of tobacco use and he rarely consumes alcohol. The patient denies any illicit drug use.

**Review of Systems (ROS):**
- **Constitutional:** Reports mild fever.
- **ENT:** Endorses difficulty and pain with swallowing.
- **Gastrointestinal:** Endorses dysphagia and odynophagia; no vomiting, nausea, or abdominal pain reported.
- **Neurological:** No headaches, dizziness, or changes in vision.
- **Respiratory:** No cough or shortness of breath.
- **Cardiovascular:** No chest pain or palpitations. 
- **Endocrine:** Well-controlled diabetes mellitus type 2, currently managed with metformin.

**2. Objective:**

**Vital Signs:**
- Temperature: 99.1°F
- Blood Pressure: 130/85 mmHg
- Heart Rate: 78 bpm
- Respiratory Rate: 18 breaths per minute
- BMI: 26.4 kg/m² (weight loss noted)

**Physical Examination:**
- **General:** Well-nourished male, in mild distress due to discomfort with swallowing
- **HEENT:**
  - **Oropharynx:** No visible lesions or thrush
  - **Neck:** No lymphadenopathy, neck supple
- **Respiratory:** Clear to auscultation bilaterally, no wheezing, rales, or rhonchi
- **Cardiovascular:** Regular rate and rhythm, no murmurs, gallops, or rubs
- **Gastrointestinal:** Abdomen soft, non-tender, no masses or hepatosplenomegaly
- **Neurological:** Alert and oriented, no focal deficits
  
**Results:**
- Endoscopy (EGD) planned to evaluate esophagus and obtain biopsy if indicated.

**3. Assessment:**

The patient is a 55-year-old male with a history of diabetes mellitus type 2, presenting with moderate to severe dysphagia and odynophagia, likely secondary to candidal esophagitis.

**Candidal Esophagitis**
- **Medical Reasoning:** The patient's symptoms, alongside his history of diabetes mellitus type 2, make him more vulnerable to fungal infections like candidal esophagitis. 
- **Medical Treatment:** Initiating treatment with Fluconazole 200 mg orally once daily for 14 days.
- **Follow-up:** A follow-up appointment in 2 weeks is recommended to assess the response to treatment. 

**4. Plan:**

1. **Medication:** 
   - Fluconazole 200 mg orally once daily for 14 days. Quantity: 14 tablets.

2. **Diagnostics:**
   - Endoscopy (EGD) to evaluate the extent of the infection and investigate any underlying causes. Biopsy to confirm the presence of fungal infection and rule out other etiologies.

3. **Follow-Up:**
   - Schedule a follow-up appointment in 2 weeks to assess the response to the treatment and clinical improvement.

4. **Lifestyle Recommendations:**
   - Continue the current soft, bland diet to minimize discomfort with swallowing.
   - Maintain optimal glucose control to facilitate infection management and healing.
   - Encourage the patient to remain hydrated and report any worsening symptoms immediately.

5. **Patient Education:**
   - Discuss the importance of medication adherence and completing the full course of antifungal therapy.
   - Inform the patient about potential side effects of the medication and when to seek medical advice.

#####

This medical note reflects the gastroenterologist's assessment and plan for managing the patient's candidal esophagitis, taking into account the patient's medical history, current symptoms, and diagnostic needs."|"**1. Subjective:**

**Chief Complaint (CC):**
The patient, a 55-year-old Hispanic male, presents with difficulty swallowing (dysphagia) and pain during swallowing (odynophagia), which has been persistently worsening over the past two weeks. 

**History of Present Illness (HPI):**
The patient reports moderate to severe dysphagia and odynophagia, particularly with solid foods, leading to a significant impact on daily activities including a weight loss of 5 lbs over the past two weeks. He also mentions experiencing a mild fever. Due to the discomfort, the patient has switched to a diet consisting mostly of soft, bland foods. He reports that his sleep is disrupted by the discomfort, averaging 6-7 hours per night. There is no history of tobacco use and he rarely consumes alcohol. The patient denies any illicit drug use.

**Review of Systems (ROS):**
- **Constitutional:** Reports mild fever.
- **ENT:** Endorses difficulty and pain with swallowing.
- **Gastrointestinal:** Endorses dysphagia and odynophagia; no vomiting, nausea, or abdominal pain reported.
- **Neurological:** No headaches, dizziness, or changes in vision.
- **Respiratory:** No cough or shortness of breath.
- **Cardiovascular:** No chest pain or palpitations. 
- **Endocrine:** Well-controlled diabetes mellitus type 2, currently managed with metformin.

**2. Objective:**

**Vital Signs:**
- Temperature: 99.1°F
- Blood Pressure: 130/85 mmHg
- Heart Rate: 78 bpm
- Respiratory Rate: 18 breaths per minute
- BMI: 26.4 kg/m² (weight loss noted)

**Physical Examination:**
- **General:** Well-nourished male, in mild distress due to discomfort with swallowing
- **HEENT:**
  - **Oropharynx:** No visible lesions or thrush
  - **Neck:** No lymphadenopathy, neck supple
- **Respiratory:** Clear to auscultation bilaterally, no wheezing, rales, or rhonchi
- **Cardiovascular:** Regular rate and rhythm, no murmurs, gallops, or rubs
- **Gastrointestinal:** Abdomen soft, non-tender, no masses or hepatosplenomegaly
- **Neurological:** Alert and oriented, no focal deficits

**3. Assessment:**

The patient is a 55-year-old male with a history of diabetes mellitus type 2, presenting with moderate to severe dysphagia and odynophagia, likely secondary to candidal esophagitis.

**Candidal Esophagitis**
- **Medical Reasoning:** The patient's symptoms, alongside his history of diabetes mellitus type 2, make him more vulnerable to fungal infections like candidal esophagitis. 
- **Medical Treatment:** Initiating treatment with Fluconazole 200 mg orally once daily for 14 days.
- **Follow-up:** A follow-up appointment in 2 weeks is recommended to assess the response to treatment. 

**4. Plan:**

1. **Medication:** 
   - Fluconazole 200 mg orally once daily for 14 days. Quantity: 14 tablets.

2. **Diagnostics:**
   - Endoscopy (EGD) to evaluate the extent of the infection and investigate any underlying causes. Biopsy to confirm the presence of fungal infection and rule out other etiologies.

3. **Follow-Up:**
   - Schedule a follow-up appointment in 2 weeks to assess the response to the treatment and clinical improvement.

4. **Lifestyle Recommendations:**
   - Continue the current soft, bland diet to minimize discomfort with swallowing.
   - Maintain optimal glucose control to facilitate infection management and healing.
   - Encourage the patient to remain hydrated and report any worsening symptoms immediately.

5. **Patient Education:**
   - Discuss the importance of medication adherence and completing the full course of antifungal therapy.
   - Inform the patient about potential side effects of the medication and when to seek medical advice."|"**1. Subjective:**

**CC:**
The pt, a 55 y/o Hispanic M, presents with dysphagia and odynophagia, worsening over the past 2 wks.

**HPI:**
Pt reports mod-severe dysphagia and odynophagia, esp with solid foods, leading to significant impact on ADLs including wt loss of 5 lbs over the past 2 wks. Also mentions mild fever. Due to discomfort, pt has switched to a diet of mostly soft, bland foods. Reports disrupted sleep, averaging 6-7 hrs/night. No hx of tobacco use and rarely consumes EtOH. Denies illicit drug use.

**ROS:**
- **Constitutional:** Reports mild fever.
- **ENT:** Endorses dysphagia and odynophagia.
- **GI:** Endorses dysphagia and odynophagia; no N/V or abd pain.
- **Neuro:** No HA, dizziness, or changes in vision.
- **Resp:** No cough or SOB.
- **CV:** No CP or palpitations.
- **Endo:** Well-controlled DM2, managed with metformin.

**2. Objective:**

**VS:**
- Temp: 99.1°F
- BP: 130/85 mmHg
- HR: 78 bpm
- RR: 18 bpm
- BMI: 26.4 kg/m² (wt loss noted)

**PE:**
- **General:** Well-nourished M, in mild distress due to swallowing discomfort
- **HEENT:**
  - **Oropharynx:** No visible lesions or thrush
  - **Neck:** No LAD, neck supple
- **Resp:** CTA bilaterally, no wheezing, rales, or rhonchi
- **CV:** RRR, no murmurs, gallops, or rubs
- **GI:** Abd soft, non-tender, no masses or HSM
- **Neuro:** A&O, no focal deficits

**3. Assessment:**

55 y/o M with hx of DM2, presenting with mod-severe dysphagia and odynophagia, likely secondary to candidal esophagitis.

**Candidal Esophagitis**
- **Medical Reasoning:** Pt's symptoms, alongside hx of DM2, increase vulnerability to fungal infections like candidal esophagitis.
- **Medical Tx:** Initiating Fluconazole 200 mg PO QD x14 days.
- **F/U:** F/U in 2 wks to assess response to tx.

**4. Plan:**

1. **Rx:** 
   - Fluconazole 200 mg PO QD x14 days. Qty: 14 tabs.

2. **Dx:**
   - EGD to eval extent of infection and investigate underlying causes. Biopsy to confirm fungal infection and r/o other etiologies.

3. **F/U:**
   - Schedule F/U in 2 wks to assess response to tx and clinical improvement.

4. **Lifestyle Recs:**
   - Continue soft, bland diet to minimize swallowing discomfort.
   - Maintain optimal glucose control to aid infection mgmt and healing.
   - Encourage hydration and report any worsening symptoms immediately.

5. **Pt Ed:**
   - Discuss importance of med adherence and completing full course of antifungal therapy.
   - Inform pt about potential SEs of the med and when to seek medical advice."|Gastroenterologist|"**Dialogue:**

---

**Doctor:** Good morning. How are you doing today?

**Patient:** Good morning, doctor. I'm hanging in there, but I've been having a really hard time with swallowing lately.

**Doctor:** I see. Can you describe the difficulty you're experiencing with swallowing?

**Patient:** Sure. Over the past two weeks, it's been getting worse. I have a lot of pain when I try to swallow, especially with solid foods.

**Doctor:** I'm sorry to hear that. Has this impacted your daily activities in any way?

**Patient:** Yes, definitely. It's gotten so bad that I've lost about 5 pounds in these two weeks. I can barely eat anything solid, so I've switched to mostly soft and bland foods.

**Doctor:** That sounds tough. Have you noticed any other symptoms, like fever?

**Patient:** Yes, I've had a mild fever. It hasn't been too high, but it's definitely there.

**Doctor:** How has this been affecting your sleep?

**Patient:** I can't sleep well because of the discomfort. I get about 6 to 7 hours of sleep, but it's very interrupted.

**Doctor:** I see. Have you ever smoked or used tobacco products?

**Patient:** No, I've never smoked.

**Doctor:** What about alcohol consumption?

**Patient:** I rarely drink alcohol, maybe just on special occasions.

**Doctor:** And any illicit drug use?

**Patient:** No, I don't use any drugs.

**Doctor:** Thank you for letting me know. Now, let's review some other aspects of your health. Have you experienced any vomiting, nausea, or abdominal pain?

**Patient:** No, none of those.

**Doctor:** How about cough or shortness of breath?

**Patient:** No, my breathing has been fine.

**Doctor:** Any headaches, dizziness, or changes in vision?

**Patient:** No, none of that either.

**Doctor:** Okay. Any chest pain or palpitations?

**Patient:** No, my heart feels fine.

**Doctor:** And how is your diabetes management going?

**Patient:** It's well-controlled with metformin. I've been keeping up with my medications.

**Doctor:** Great to hear. Let's move on to a quick physical examination. Your vital signs look stable. Your temperature is 99.1°F, blood pressure is 130/85 mmHg, heart rate is 78 bpm, respiratory rate is 18 breaths per minute, and your BMI is 26.4 kg/m². I see you've lost some weight recently.

**Patient:** Yes, the weight loss is from not being able to eat properly.

**Doctor:** Understood. Let's take a look at your throat. Hmm, no visible lesions or thrush in your oropharynx. Your neck is supple with no lymphadenopathy.

**Patient:** Okay.

**Doctor:** Your lungs are clear to auscultation, and your heart has a regular rate and rhythm with no murmurs, gallops, or rubs. Everything sounds normal there.

**Patient:** That's good to know.

**Doctor:** Your abdomen is soft, non-tender, and there are no masses or hepatosplenomegaly. Bowel sounds are present and normal.

**Patient:** Alright.

**Doctor:** You're alert and oriented, and I don't see any focal neurological deficits. Everything looks good there as well.

**Patient:** Okay, that's a relief.

**Doctor:** Based on your symptoms and your history of diabetes, I'm concerned that you might have candidal esophagitis, which is a fungal infection of the esophagus. 

**Patient:** Oh, I see. What causes that?

**Doctor:** Patients with diabetes are more susceptible to fungal infections like candidal esophagitis. It can cause the kind of pain and difficulty swallowing that you're experiencing.

**Patient:** What can we do about it?

**Doctor:** We'll start you on Fluconazole 200 mg orally once daily for 14 days. This should help clear the infection.

**Patient:** Okay, I'll take it as prescribed.

**Doctor:** I'll also schedule an endoscopy, or EGD, to evaluate the extent of the infection and obtain a biopsy if necessary.

**Patient:** Endoscopy? What does that involve?

**Doctor:** It's a procedure where we use a thin, flexible tube with a camera to look at your esophagus, stomach, and the first part of your small intestine. It will help us confirm the diagnosis and rule out other possible causes of your symptoms.

**Patient:** I see. That sounds important.

**Doctor:** It is. Also, I'll schedule a follow-up appointment in 2 weeks to see how you're responding to the treatment.

**Patient:** Alright, I'll make sure to come back.

**Doctor:** In the meantime, continue with your current soft, bland diet to minimize discomfort. Make sure to maintain good glucose control to help with healing and managing the infection.

**Patient:** I'll do that.

**Doctor:** Stay hydrated and report any worsening symptoms immediately. It's crucial to complete the full course of the antifungal therapy.

**Patient:** I will. Are there any side effects I should be aware of with Fluconazole?

**Doctor:** Some common side effects include nausea, headache, and abdominal pain. If you experience any severe side effects, contact us right away.

**Patient:** Got it.

**Doctor:** Do you have any questions about the plan?

**Patient:** No, I think I understand everything.

**Doctor:** Great. We'll get started on this treatment plan right away. I hope you start feeling better soon.

**Patient:** Thank you, doctor.

**Doctor:** You're welcome. Take care and see you in two weeks.

**Patient:** Will do. Thank you again.

**Doctor:** Goodbye.

**Patient:** Bye.

---"|"[doctor]: Good morning. How are you doing today?

[patient]: Good morning, doctor. I'm hanging in there, but I've been having a really hard time with swallowing lately.

[doctor]: I see. Can you describe the difficulty you're experiencing with swallowing?

[patient]: Sure. Over the past two weeks, it's been getting worse. I have a lot of pain when I try to swallow, especially with solid foods.

[doctor]: I'm sorry to hear that. Has this impacted your daily activities in any way?

[patient]: Yes, definitely. It's gotten so bad that I've lost about 5 pounds in these two weeks. I can barely eat anything solid, so I've switched to mostly soft and bland foods.

[doctor]: That sounds tough. Have you noticed any other symptoms, like fever?

[patient]: Yes, I've had a mild fever. It hasn't been too high, but it's definitely there.

[doctor]: How has this been affecting your sleep?

[patient]: I can't sleep well because of the discomfort. I get about 6 to 7 hours of sleep, but it's very interrupted.

[doctor]: I see. Have you ever smoked or used tobacco products?

[patient]: No, I've never smoked.

[doctor]: What about alcohol consumption?

[patient]: I rarely drink alcohol, maybe just on special occasions.

[doctor]: And any illicit drug use?

[patient]: No, I don't use any drugs.

[doctor]: Thank you for letting me know. Now, let's review some other aspects of your health. Have you experienced any vomiting, nausea, or abdominal pain?

[patient]: No, none of those.

[doctor]: How about cough or shortness of breath?

[patient]: No, my breathing has been fine.

[doctor]: Any headaches, dizziness, or changes in vision?

[patient]: No, none of that either.

[doctor]: Okay. Any chest pain or palpitations?

[patient]: No, my heart feels fine.

[doctor]: And how is your diabetes management going?

[patient]: It's well-controlled with metformin. I've been keeping up with my medications.

[doctor]: Great to hear. Let's move on to a quick physical examination. Your vital signs look stable. Your temperature is 99.1°F, blood pressure is 130/85 mmHg, heart rate is 78 bpm, respiratory rate is 18 breaths per minute, and your BMI is 26.4 kg/m². I see you've lost some weight recently.

[patient]: Yes, the weight loss is from not being able to eat properly.

[doctor]: Understood. Let's take a look at your throat. Hmm, no visible lesions or thrush in your oropharynx. Your neck is supple with no lymphadenopathy.

[patient]: Okay.

[doctor]: Your lungs are clear to auscultation, and your heart has a regular rate and rhythm with no murmurs, gallops, or rubs. Everything sounds normal there.

[patient]: That's good to know.

[doctor]: Your abdomen is soft, non-tender, and there are no masses or hepatosplenomegaly. Bowel sounds are present and normal.

[patient]: Alright.

[doctor]: You're alert and oriented, and I don't see any focal neurological deficits. Everything looks good there as well.

[patient]: Okay, that's a relief.

[doctor]: Based on your symptoms and your history of diabetes, I'm concerned that you might have candidal esophagitis, which is a fungal infection of the esophagus. 

[patient]: Oh, I see. What causes that?

[doctor]: Patients with diabetes are more susceptible to fungal infections like candidal esophagitis. It can cause the kind of pain and difficulty swallowing that you're experiencing.

[patient]: What can we do about it?

[doctor]: We'll start you on Fluconazole 200 mg orally once daily for 14 days. This should help clear the infection.

[patient]: Okay, I'll take it as prescribed.

[doctor]: I'll also schedule an endoscopy, or EGD, to evaluate the extent of the infection and obtain a biopsy if necessary.

[patient]: Endoscopy? What does that involve?

[doctor]: It's a procedure where we use a thin, flexible tube with a camera to look at your esophagus, stomach, and the first part of your small intestine. It will help us confirm the diagnosis and rule out other possible causes of your symptoms.

[patient]: I see. That sounds important.

[doctor]: It is. Also, I'll schedule a follow-up appointment in 2 weeks to see how you're responding to the treatment.

[patient]: Alright, I'll make sure to come back.

[doctor]: In the meantime, continue with your current soft, bland diet to minimize discomfort. Make sure to maintain good glucose control to help with healing and managing the infection.

[patient]: I'll do that.

[doctor]: Stay hydrated and report any worsening symptoms immediately. It's crucial to complete the full course of the antifungal therapy.

[patient]: I will. Are there any side effects I should be aware of with Fluconazole?

[doctor]: Some common side effects include nausea, headache, and abdominal pain. If you experience any severe side effects, contact us right away.

[patient]: Got it.

[doctor]: Do you have any questions about the plan?

[patient]: No, I think I understand everything.

[doctor]: Great. We'll get started on this treatment plan right away. I hope you start feeling better soon.

[patient]: Thank you, doctor.

[doctor]: You're welcome. Take care and see you in two weeks.

[patient]: Will do. Thank you again.

[doctor]: Goodbye.

[patient]: Bye."
