Disease Description|Scenario|Note|Polished Note|Abbreviated Note|Role|dial|polished_dial
ADJUSTMENT DISORDER WITH ANXIETY|"ROLE: Psychiatry Specialist

1) Medical Outcome:
   - Diagnosis: Adjustment Disorder with Anxiety
   - Prescribed Treatment: Cognitive Behavioral Therapy (CBT), 10 sessions, weekly frequency
   - Medication: Sertraline 50 mg, once daily, oral route, 30 tablets, refillable for 3 months
   - Follow-up Recommendations: Follow-up appointment in 4 weeks to assess medication efficacy and side effects
2) Medical History:
   - Previous Diagnoses: Mild Depression (resolved)
   - Family Medical History: Mother with generalized anxiety disorder, Father with hypertension
   - Medication History: Previous use of Fluoxetine 20 mg for mild depression, no longer taking
   - Allergies: None
   - Chronic Conditions: None
3) Symptom Description:
   - Severity: Moderate
   - Duration: 2 months
   - Associated Symptoms: Insomnia, occasional palpitations, muscle tension
   - Frequency: Daily
   - Impact on Daily Activities: Difficulty concentrating at work, avoidance of social gatherings
4) Patient’s self-reported habits and lifestyle:
   - Sleep: 4-5 hours per night, difficulty falling and staying asleep
   - Diet: Skips meals, high caffeine intake (4-5 cups of coffee per day)
   - Exercise: Infrequent, no regular exercise routine
   - Tobacco Use: None
   - Alcohol Consumption: Occasional, 1-2 glasses of wine per week
   - Drug Use: None
   - Recreational Activities: Enjoys reading but finds it hard to focus lately
5) Demographic Information:
   - Age: 32
   - Gender: Female
   - Ethnicity: Hispanic
   - Socio-economic Status: Middle class
   - Education Level: Bachelor's degree in Business Administration
   - Health Literacy: High
   - Job Status: Employed full-time as a marketing manager
6) Patient's Behavior:
   - Cooperation: Highly cooperative, motivated to follow medical advice
7) Geographical Location:
   - Urban: Big City
   - Neighborhood Type: Affluent, well-served by public transit and amenities
8) Clinical Setting: Private Practice
9) Type of Encounter: Initial Consultation
10) Treatment Disparities: None identified
11) Native English Speaking Patient: Yes
12) Physical exams:
   - Mental Status Examination: 
      - Appearance: Well-groomed
      - Behavior: Cooperative, attentive
      - Mood: Anxious
      - Affect: Congruent with mood
      - Thought Process: Logical and coherent
      - Cognition: Fully oriented, intact memory, and concentration slightly impaired
13) Investigation/Test results:
   - Awaiting: Complete Blood Count (CBC) and Thyroid Function Tests to rule out physiological causes of anxiety"|"**1. Subjective:**

**Chief Complaint (CC):**
Difficulty managing anxiety and related symptoms.

**History of Present Illness (HPI):**
The patient, a 32-year-old Hispanic female, presents with a 2-month history of moderate anxiety. She reports daily anxiety that has caused difficulty concentrating at work and avoidance of social gatherings. The anxiety is accompanied by insomnia, occasional palpitations, and muscle tension. She has experienced difficulties in falling and staying asleep, averaging 4-5 hours of sleep per night. Her symptoms have significantly impacted her daily activities.

**Review of Systems (ROS):**
- **Psychiatric:** Anxiety, insomnia, occasional palpitations.
- **Cardiovascular:** Occasional palpitations.
- **Musculoskeletal:** Muscle tension.
- **General:** Fatigue due to poor sleep.

**2. Objective:**

**Vital Signs:** Not indicated in this scenario but to be assumed stable.

**Physical Examination:**
- **Mental Status Examination:**
  - **Appearance:** Well-groomed.
  - **Behavior:** Cooperative, attentive.
  - **Mood:** Anxious.
  - **Affect:** Congruent with mood.
  - **Thought Process:** Logical and coherent.
  - **Cognition:** Fully oriented, intact memory, and concentration slightly impaired.

**3. Assessment:**
- **Adjustment Disorder with Anxiety**

**4. Plan:**
- **Treatment:**
  - **Psychotherapy:** Initiate Cognitive Behavioral Therapy (CBT), 10 sessions, weekly frequency.
  - **Medication:** Start Sertraline 50 mg, once daily, oral route, 30 tablets, refillable for 3 months.

- **Follow-up Recommendations:**
  - Schedule a follow-up appointment in 4 weeks to assess the efficacy of the medication and monitor for any side effects.

- **Lifestyle and Self-care Recommendations:**
  - Encourage regular sleep hygiene practices to improve sleep quality.
  - Recommend a balanced diet, including regular meals.
  - Advise reducing caffeine intake.
  - Suggest developing a regular exercise routine to help manage anxiety symptoms.
  - Encourage participation in enjoyable activities and social interactions to alleviate anxiety.

**Investigations:**
- Await results of Complete Blood Count (CBC) and Thyroid Function Tests to rule out physiological causes of anxiety.

**Patient Education:**
- Discuss the nature of adjustment disorder with anxiety and the importance of adherence to therapy and medication.
- Provide information on potential side effects of Sertraline and when to seek medical advice.

**Continued Monitoring:**
- Evaluate progress at the follow-up appointment and adjust the treatment plan as necessary.

Patient was cooperative and motivated to follow medical advice. No treatment disparities identified.

---"|"**1. Subjective:**

**Chief Complaint (CC):**
Difficulty managing anxiety and related symptoms.

**History of Present Illness (HPI):**
The patient, Maria Gonzalez, a 32-year-old Hispanic female, presents with a 2-month history of moderate anxiety. She reports daily anxiety that has caused difficulty concentrating at work and avoidance of social gatherings. The anxiety is accompanied by insomnia, occasional palpitations, and muscle tension. She has experienced difficulties in falling and staying asleep, averaging 4-5 hours of sleep per night. Her symptoms have significantly impacted her daily activities.

**Review of Systems (ROS):**
- **Psychiatric:** Anxiety, insomnia, occasional palpitations.
- **Cardiovascular:** Occasional palpitations.
- **Musculoskeletal:** Muscle tension.
- **General:** Fatigue due to poor sleep.

**2. Objective:**

**Vital Signs:** Not indicated in this scenario but to be assumed stable.

**Physical Examination:**
- **Mental Status Examination:**
  - **Appearance:** Well-groomed.
  - **Behavior:** Cooperative, attentive.
  - **Mood:** Anxious.
  - **Affect:** Congruent with mood.
  - **Thought Process:** Logical and coherent.
  - **Cognition:** Fully oriented, intact memory, and concentration slightly impaired.

**3. Assessment:**
- **Adjustment Disorder with Anxiety**

**4. Plan:**
- **Treatment:**
  - **Psychotherapy:** Initiate Cognitive Behavioral Therapy (CBT), 10 sessions, weekly frequency.
  - **Medication:** Start Sertraline 50 mg, once daily, oral route, 30 tablets, refillable for 3 months.

- **Follow-up Recommendations:**
  - Schedule a follow-up appointment in 4 weeks to assess the efficacy of the medication and monitor for any side effects.

- **Lifestyle and Self-care Recommendations:**
  - Encourage regular sleep hygiene practices to improve sleep quality.
  - Recommend a balanced diet, including regular meals.
  - Advise reducing caffeine intake.
  - Suggest developing a regular exercise routine to help manage anxiety symptoms.
  - Encourage participation in enjoyable activities and social interactions to alleviate anxiety.

- **Investigations:**
  - Order Complete Blood Count (CBC) and Thyroid Function Tests to rule out physiological causes of anxiety.

**Patient Education:**
- Discuss the nature of adjustment disorder with anxiety and the importance of adherence to therapy and medication.
- Provide information on potential side effects of Sertraline and when to seek medical advice.

**Continued Monitoring:**
- Evaluate progress at the follow-up appointment and adjust the treatment plan as necessary.

Patient was cooperative and motivated to follow medical advice. No treatment disparities identified."|"**1. Subjective:**

**CC:**
Difficulty managing anxiety and related symptoms.

**HPI:**
The pt, Maria Gonzalez, a 32 y/o Hispanic F, presents with a 2-mo hx of moderate anxiety. She reports daily anxiety that has caused difficulty concentrating at work and avoidance of social gatherings. The anxiety is accompanied by insomnia, occasional palpitations, and muscle tension. She has experienced difficulties in falling and staying asleep, averaging 4-5 hrs of sleep per night. Her symptoms have significantly impacted her daily activities.

**ROS:**
- **Psych:** Anxiety, insomnia, occasional palpitations.
- **CV:** Occasional palpitations.
- **MSK:** Muscle tension.
- **Gen:** Fatigue due to poor sleep.

**2. Objective:**

**VS:** Not indicated in this scenario but to be assumed stable.

**PE:**
- **MSE:**
  - **Appearance:** Well-groomed.
  - **Behavior:** Cooperative, attentive.
  - **Mood:** Anxious.
  - **Affect:** Congruent with mood.
  - **Thought Process:** Logical and coherent.
  - **Cognition:** Fully oriented, intact memory, and concentration slightly impaired.

**3. Assessment:**
- **Adjustment D/O with Anxiety**

**4. Plan:**
- **Tx:**
  - **Psychotherapy:** Initiate CBT, 10 sessions, weekly frequency.
  - **Meds:** Start Sertraline 50 mg, QD, PO, 30 tabs, refillable for 3 mos.

- **F/U Recommendations:**
  - Schedule a F/U appt in 4 wks to assess the efficacy of the med and monitor for any SEs.

- **Lifestyle and Self-care Recommendations:**
  - Encourage regular sleep hygiene practices to improve sleep quality.
  - Recommend a balanced diet, including regular meals.
  - Advise reducing caffeine intake.
  - Suggest developing a regular exercise routine to help manage anxiety symptoms.
  - Encourage participation in enjoyable activities and social interactions to alleviate anxiety.

- **Investigations:**
  - Order CBC and TFTs to r/o physiological causes of anxiety.

**Pt Education:**
- Discuss the nature of adjustment D/O with anxiety and the importance of adherence to therapy and meds.
- Provide info on potential SEs of Sertraline and when to seek medical advice.

**Continued Monitoring:**
- Evaluate progress at the F/U appt and adjust the Tx plan as necessary.

Pt was cooperative and motivated to follow medical advice. No Tx disparities identified."|Psychiatry Specialist|"**Doctor:** Good morning! How are you doing today?

**Patient:** Good morning, Doctor. I've been better, to be honest. I'm here because I've been having a lot of anxiety lately.

**Doctor:** I'm sorry to hear that. Can you tell me more about your anxiety?

**Patient:** Sure, it's been going on for about two months now. I feel anxious almost every day. It's really affecting my concentration at work and I've been avoiding social gatherings because of it.

**Doctor:** I see. You mentioned difficulty concentrating at work and avoiding social gatherings. Are there any other symptoms you've noticed?

**Patient:** Yes, I have trouble sleeping. I can’t fall asleep easily, and when I do, I wake up several times during the night. I only get about 4-5 hours of sleep per night.

**Doctor:** That sounds very challenging. Have you noticed any physical symptoms that come along with your anxiety?

**Patient:** Yes, I sometimes get palpitations, like my heart is racing, and my muscles are always tense.

**Doctor:** Hmm, palpitations and muscle tension. Those are common symptoms of anxiety. Have you experienced any other symptoms related to this anxiety?

**Patient:** Well, I feel really fatigued. I guess that's because I'm not sleeping well.

**Doctor:** Yes, poor sleep can definitely lead to fatigue. Have you noticed any changes in your mood or behavior?

**Patient:** I'm just really anxious all the time. I feel on edge and it's hard to relax.

**Doctor:** Okay, I understand. Let’s do a quick review of your systems. Besides anxiety, insomnia, and palpitations, are there any other psychiatric symptoms you’re experiencing?

**Patient:** No, just the anxiety and the trouble sleeping.

**Doctor:** Alright. How about cardiovascular issues, besides the occasional palpitations?

**Patient:** No, just the palpitations.

**Doctor:** And musculoskeletal symptoms? You mentioned muscle tension, is there anything else?

**Patient:** No, just the muscle tension.

**Doctor:** Got it. You mentioned fatigue due to poor sleep. Is there anything else generally concerning you about your health?

**Patient:** No, that's pretty much it.

**Doctor:** Thank you for sharing all that with me. Let’s move on to your physical examination. Your vital signs are stable, and from what I can observe, you appear well-groomed and cooperative. You seem attentive during our conversation. Would you agree that your mood today is anxious?

**Patient:** Yes, definitely anxious.

**Doctor:** Your affect is congruent with your mood, meaning it matches how you’re feeling. Your thought process appears logical and coherent. You’re fully oriented, and your memory is intact, though your concentration is slightly impaired, which you mentioned earlier.

**Patient:** Yes, that sounds right.

**Doctor:** Based on everything you’ve told me and the examination, I believe you might be experiencing Adjustment Disorder with Anxiety. 

**Patient:** What does that mean exactly?

**Doctor:** It means that your anxiety and related symptoms are a reaction to a significant stressor or change in your life. It’s a common condition and can be effectively managed with the right treatment.

**Patient:** Okay, that makes sense. What kind of treatment do you recommend?

**Doctor:** I recommend starting with Cognitive Behavioral Therapy, or CBT. It’s a type of talk therapy that helps you manage your problems by changing the way you think and behave. We’ll plan for 10 sessions, once a week.

**Patient:** That sounds good. What about medication?

**Doctor:** Yes, I’m going to prescribe Sertraline, which is an antidepressant that can help with anxiety. You’ll take 50 mg once daily. I’ll give you a 30-day supply with refills for three months.

**Patient:** Alright, I can do that. 

**Doctor:** We’ll also need to schedule a follow-up appointment in four weeks to see how the medication is working for you and to monitor any side effects.

**Patient:** Okay, I’ll make sure to do that.

**Doctor:** In the meantime, there are some lifestyle and self-care practices I’d like you to consider. Regular sleep hygiene practices can help improve your sleep quality. Try to go to bed and wake up at the same time every day, avoid screens before bed, and create a relaxing bedtime routine.

**Patient:** I’ll try that. My sleep has been terrible.

**Doctor:** Also, a balanced diet with regular meals can help. Reducing caffeine intake might also be beneficial since caffeine can increase anxiety.

**Patient:** I drink a lot of coffee, so I’ll work on that.

**Doctor:** Developing a regular exercise routine can also help manage anxiety symptoms. Even light exercise, like a daily walk, can make a big difference.

**Patient:** I’ve heard that before, I’ll give it a try.

**Doctor:** And don't forget to engage in activities you enjoy and spend time with friends and family. Social interactions can help alleviate anxiety.

**Patient:** I’ve been avoiding social gatherings, but I’ll try to be more social.

**Doctor:** Great. We’re also going to run some tests, a Complete Blood Count and Thyroid Function Tests, to rule out any physiological causes of your anxiety.

**Patient:** Okay, that sounds good.

**Doctor:** It’s important to understand the nature of adjustment disorder with anxiety and the importance of sticking to your therapy and medication. Sertraline might have some side effects, like nausea or dizziness. If you experience anything severe, contact me immediately.

**Patient:** I understand. I’ll make sure to follow up if I have any issues.

**Doctor:** Excellent. We’ll continue to monitor your progress at your follow-up appointment, and we can adjust the treatment plan if needed. Do you have any questions?

**Patient:** No, I think you covered everything. Thank you.

**Doctor:** You’re welcome. Stay motivated and remember that we’re working together to help you feel better.

**Patient:** Thank you, Doctor. I appreciate your help.

**Doctor:** Take care, and I’ll see you in four weeks.

**Patient:** See you then. Bye.

**Doctor:** Bye."|"[doctor]: Good morning! How are you doing today?

[patient]: Good morning, Doctor. I've been better, to be honest. I'm here because I've been having a lot of anxiety lately.

[doctor]: I'm sorry to hear that. Can you tell me more about your anxiety?

[patient]: Sure, it's been going on for about two months now. I feel anxious almost every day. It's really affecting my concentration at work and I've been avoiding social gatherings because of it.

[doctor]: I see. You mentioned difficulty concentrating at work and avoiding social gatherings. Are there any other symptoms you've noticed?

[patient]: Yes, I have trouble sleeping. I can’t fall asleep easily, and when I do, I wake up several times during the night. I only get about 4-5 hours of sleep per night.

[doctor]: That sounds very challenging. Have you noticed any physical symptoms that come along with your anxiety?

[patient]: Yes, I sometimes get palpitations, like my heart is racing, and my muscles are always tense.

[doctor]: Hmm, palpitations and muscle tension. Those are common symptoms of anxiety. Have you experienced any other symptoms related to this anxiety?

[patient]: Well, I feel really fatigued. I guess that's because I'm not sleeping well.

[doctor]: Yes, poor sleep can definitely lead to fatigue. Have you noticed any changes in your mood or behavior?

[patient]: I'm just really anxious all the time. I feel on edge and it's hard to relax.

[doctor]: Okay, I understand. Let’s do a quick review of your systems. Besides anxiety, insomnia, and palpitations, are there any other psychiatric symptoms you’re experiencing?

[patient]: No, just the anxiety and the trouble sleeping.

[doctor]: Alright. How about cardiovascular issues, besides the occasional palpitations?

[patient]: No, just the palpitations.

[doctor]: And musculoskeletal symptoms? You mentioned muscle tension, is there anything else?

[patient]: No, just the muscle tension.

[doctor]: Got it. You mentioned fatigue due to poor sleep. Is there anything else generally concerning you about your health?

[patient]: No, that's pretty much it.

[doctor]: Thank you for sharing all that with me. Let’s move on to your physical examination. Your vital signs are stable, and from what I can observe, you appear well-groomed and cooperative. You seem attentive during our conversation. Would you agree that your mood today is anxious?

[patient]: Yes, definitely anxious.

[doctor]: Your affect is congruent with your mood, meaning it matches how you’re feeling. Your thought process appears logical and coherent. You’re fully oriented, and your memory is intact, though your concentration is slightly impaired, which you mentioned earlier.

[patient]: Yes, that sounds right.

[doctor]: Based on everything you’ve told me and the examination, I believe you might be experiencing Adjustment Disorder with Anxiety.

[patient]: What does that mean exactly?

[doctor]: It means that your anxiety and related symptoms are a reaction to a significant stressor or change in your life. It’s a common condition and can be effectively managed with the right treatment.

[patient]: Okay, that makes sense. What kind of treatment do you recommend?

[doctor]: I recommend starting with Cognitive Behavioral Therapy, or CBT. It’s a type of talk therapy that helps you manage your problems by changing the way you think and behave. We’ll plan for 10 sessions, once a week.

[patient]: That sounds good. What about medication?

[doctor]: Yes, I’m going to prescribe Sertraline, which is an antidepressant that can help with anxiety. You’ll take 50 mg once daily. I’ll give you a 30-day supply with refills for three months.

[patient]: Alright, I can do that.

[doctor]: We’ll also need to schedule a follow-up appointment in four weeks to see how the medication is working for you and to monitor any side effects.

[patient]: Okay, I’ll make sure to do that.

[doctor]: In the meantime, there are some lifestyle and self-care practices I’d like you to consider. Regular sleep hygiene practices can help improve your sleep quality. Try to go to bed and wake up at the same time every day, avoid screens before bed, and create a relaxing bedtime routine.

[patient]: I’ll try that. My sleep has been terrible.

[doctor]: Also, a balanced diet with regular meals can help. Reducing caffeine intake might also be beneficial since caffeine can increase anxiety.

[patient]: I drink a lot of coffee, so I’ll work on that.

[doctor]: Developing a regular exercise routine can also help manage anxiety symptoms. Even light exercise, like a daily walk, can make a big difference.

[patient]: I’ve heard that before, I’ll give it a try.

[doctor]: And don't forget to engage in activities you enjoy and spend time with friends and family. Social interactions can help alleviate anxiety.

[patient]: I’ve been avoiding social gatherings, but I’ll try to be more social.

[doctor]: Great. We’re also going to run some tests, a Complete Blood Count and Thyroid Function Tests, to rule out any physiological causes of your anxiety.

[patient]: Okay, that sounds good.

[doctor]: It’s important to understand the nature of adjustment disorder with anxiety and the importance of sticking to your therapy and medication. Sertraline might have some side effects, like nausea or dizziness. If you experience anything severe, contact me immediately.

[patient]: I understand. I’ll make sure to follow up if I have any issues.

[doctor]: Excellent. We’ll continue to monitor your progress at your follow-up appointment, and we can adjust the treatment plan if needed. Do you have any questions?

[patient]: No, I think you covered everything. Thank you.

[doctor]: You’re welcome. Stay motivated and remember that we’re working together to help you feel better.

[patient]: Thank you, Doctor. I appreciate your help.

[doctor]: Take care, and I’ll see you in four weeks.

[patient]: See you then. Bye.

[doctor]: Bye."
ADJUSTMENT DISORDER WITH ANXIETY|"ROLE: Psychiatrist

### Scenario:

**1) Medical Outcome:**
- Diagnosis: Adjustment Disorder with Anxiety (ICD-10: F43.22)
- Prescribed Treatment:
  - Medication: Citalopram 20 mg, oral, once daily, quantity: 30 tablets, duration: 1 month.
  - Follow-up Recommendations: Follow-up in 1 month to evaluate effectiveness and side effects.
  - Referral to Specialist: Referral to a group therapy session for stress management, led by Dr. Thomas Green, Licensed Professional Counselor.
  - Lifestyle Change: Implement regular physical activity such as jogging, maintain a balanced diet, reduce alcohol intake.

**2) Medical History:**
- Previous Diagnoses: None
- Family Medical History: Mother with a history of depression.
- Medication History: None
- Allergies: None
- Chronic Conditions: None

**3) Symptom Description:**
- Severity: Moderate
- Duration: Present for the past 2 months following a relocation to a new city.
- Associated Symptoms: Muscle tension, restlessness, occasional headaches.
- Frequency: Nearly daily.
- Impact on Daily Activities: Impaired concentration at work and social withdrawal.

**4) Patient's Self-Reported Habits and Lifestyle:**
- Sleep: Difficulty maintaining sleep, waking up frequently.
- Diet: Balanced, but recent decrease in appetite.
- Exercise: Irregular, mainly sedentary.
- Tobacco Use: None.
- Alcohol Consumption: Social drinking, 1-2 drinks per week.
- Drug Use: None
- Recreational Activities: Used to enjoy pottery, now reduced participation.

**5) Demographic Information:**
- Age: 45
- Gender: Male
- Ethnicity: Asian
- Socio-economic Status: Upper middle class
- Education Level: PhD in Engineering
- Health Literacy: High
- Job Status: Employed as a senior engineer in a tech firm

**6) Patient's Behavior:**
- Cooperation Level: Highly cooperative and compliant with medical advice, actively participating in treatment plans.

**7) Geographical Location:**
- Big City
- Neighborhood Type: Affluent, well-served by public transit, access to recreational parks.

**8) Clinical Setting:**
- Community Health Center

**9) Type of Encounter:**
- Follow-up Visit

**10) Treatment Disparities:**
- None noted

**11) Native or Non-Native English Speaking Patient:**
- Native English Speaker

**12) Physical Exams:**
- NA

**13) Investigation/Test Results:**
- Ordered: Blood work including comprehensive metabolic panel (CMP) to rule out any metabolic imbalances. Results pending."|"#####
**1. Subjective:**

**CHIEF COMPLAINT**
Adjustment issues and anxiety symptoms.

**HISTORY OF PRESENT ILLNESS**
The patient is a 45-year-old male with a PhD in Engineering, presenting with symptoms consistent with adjustment disorder with anxiety for the past 2 months. The onset of symptoms correlates with a recent relocation to a new city. He reports muscle tension, restlessness, occasional headaches, and impaired concentration at work. Additionally, he experiences difficulty maintaining sleep, frequent awakenings, and decreased appetite. He used to enjoy pottery but has reduced participation in this activity due to his current state. Social withdrawal has also been noted. 

**MEDICAL HISTORY**
- Previous Diagnoses: None
- Medication History: None
- Allergies: None
- Chronic Conditions: None

**FAMILY MEDICAL HISTORY**
- Mother has a history of depression.

**REVIEW OF SYSTEMS**
- Neuro: Reports headaches.
- Musculoskeletal: Reports muscle tension.
- Psychiatric: Reports restlessness, anxiety, impaired concentration, sleep disturbances, and social withdrawal.

**2. Objective:**

**VITAL SIGNS**
- BP: 120/80 mmHg
- HR: 76 bpm
- RR: 16 breaths/min
- Temp: 98.6°F

**PHYSICAL EXAM**
- General: The patient appears well-groomed, alert, and oriented.
- Psychiatric: The patient is cooperative, maintains good eye contact, and has no psychomotor agitation or retardation. His mood is anxious, and his affect is congruent with the reported mood. Thought processes are logical and goal-directed. No evidence of hallucinations, delusions, or suicidal ideation.

**RESULTS**
- Blood work including a comprehensive metabolic panel (CMP) has been ordered to rule out any metabolic imbalances. Results are pending.

**3. Assessment:**

- Adjustment Disorder with Anxiety (ICD-10: F43.22)

**4. Plan:**

**MEDICATION**
- Citalopram 20 mg, orally, once daily. Dispense 30 tablets with no refills for 1 month.

**FOLLOW-UP RECOMMENDATIONS**
- Follow-up appointment in 1 month to evaluate the effectiveness of the treatment regimen and monitor for potential side effects.

**REFERRAL**
- Referral to a group therapy session for stress management, led by Dr. Thomas Green, Licensed Professional Counselor.

**LIFESTYLE CHANGES**
- Encourage regular physical activity such as jogging.
- Maintain a balanced diet.
- Reduce alcohol intake to further minimize anxiety exacerbation.

**EDUCATION AND SUPPORT**
- Discussed the nature of adjustment disorder with anxiety and the role of medication and therapy in management.
- Provided educational materials on stress management techniques and lifestyle modifications.

**PATIENT ACTION PLAN**
- The patient is to start the prescribed medication and actively engage in recommended lifestyle changes.
- Attend group therapy sessions as scheduled.

The patient understands and agrees with the treatment plan. He is highly cooperative and shows good compliance with the medical advice provided.

**CLINICAL SETTING**
- Community Health Center in a big city with an affluent neighborhood, well-served by public transit and recreational parks.

**TRANSLATION AND COMMUNICATION NEEDS**
- None, as the patient is a native English speaker.

**DISPARITIES**
- None noted.

**DEMOGRAPHIC INFORMATION**
- Age: 45
- Gender: Male
- Ethnicity: Asian
- Socio-economic Status: Upper middle class
- Education Level: PhD in Engineering
- Health Literacy: High
- Job Status: Employed as a senior engineer in a tech firm"|"#####
**1. Subjective:**

**CHIEF COMPLAINT**
Adjustment issues and anxiety symptoms.

**HISTORY OF PRESENT ILLNESS**
The patient, Dr. John Lee, is a 45-year-old male with a PhD in Engineering, presenting with symptoms consistent with adjustment disorder with anxiety for the past 2 months. The onset of symptoms correlates with a recent relocation to a new city. He reports muscle tension, restlessness, occasional headaches, and impaired concentration at work. Additionally, he experiences difficulty maintaining sleep, frequent awakenings, and decreased appetite. He used to enjoy pottery but has reduced participation in this activity due to his current state. Social withdrawal has also been noted. 

**MEDICAL HISTORY**
- Previous Diagnoses: None
- Medication History: None
- Allergies: None
- Chronic Conditions: None

**FAMILY MEDICAL HISTORY**
- Mother has a history of depression.

**REVIEW OF SYSTEMS**
- Neuro: Reports headaches.
- Musculoskeletal: Reports muscle tension.
- Psychiatric: Reports restlessness, anxiety, impaired concentration, sleep disturbances, and social withdrawal.

**2. Objective:**

**VITAL SIGNS**
- BP: 120/80 mmHg
- HR: 76 bpm
- RR: 16 breaths/min
- Temp: 98.6°F

**PHYSICAL EXAM**
- General: The patient appears well-groomed, alert, and oriented.
- Psychiatric: The patient is cooperative, maintains good eye contact, and has no psychomotor agitation or retardation. His mood is anxious, and his affect is congruent with the reported mood. Thought processes are logical and goal-directed. No evidence of hallucinations, delusions, or suicidal ideation.

**RESULTS**
- Blood work including a comprehensive metabolic panel (CMP) has been ordered to rule out any metabolic imbalances. Results are pending.

**3. Assessment:**

- Adjustment Disorder with Anxiety (ICD-10: F43.22)

**4. Plan:**

**MEDICATION**
- Citalopram 20 mg, orally, once daily. Dispense 30 tablets with no refills for 1 month.

**FOLLOW-UP RECOMMENDATIONS**
- Follow-up appointment in 1 month to evaluate the effectiveness of the treatment regimen and monitor for potential side effects.

**REFERRAL**
- Referral to a group therapy session for stress management, led by Dr. Thomas Green, Licensed Professional Counselor.

**LIFESTYLE CHANGES**
- Encourage regular physical activity such as jogging.
- Maintain a balanced diet.
- Reduce alcohol intake to further minimize anxiety exacerbation.

**EDUCATION AND SUPPORT**
- Discussed the nature of adjustment disorder with anxiety and the role of medication and therapy in management.
- Provided educational materials on stress management techniques and lifestyle modifications.

**PATIENT ACTION PLAN**
- The patient is to start the prescribed medication and actively engage in recommended lifestyle changes.
- Attend group therapy sessions as scheduled.

The patient understands and agrees with the treatment plan. He is highly cooperative and shows good compliance with the medical advice provided."|"#####
**1. Subjective:**

**CC**
Adjustment issues and anxiety symptoms.

**HPI**
The pt, Dr. John Lee, is a 45 y/o male with a PhD in Engineering, presenting with sx consistent with adjustment disorder with anxiety for the past 2 mos. The onset of sx correlates with a recent relocation to a new city. He reports muscle tension, restlessness, occasional HA, and impaired concentration at work. Additionally, he experiences difficulty maintaining sleep, frequent awakenings, and decreased appetite. He used to enjoy pottery but has reduced participation in this activity due to his current state. Social withdrawal has also been noted. 

**PMH**
- Previous Dx: None
- Med Hx: None
- Allergies: None
- Chronic Conditions: None

**FMH**
- Mother has a hx of depression.

**ROS**
- Neuro: Reports HA.
- MSK: Reports muscle tension.
- Psych: Reports restlessness, anxiety, impaired concentration, sleep disturbances, and social withdrawal.

**2. Objective:**

**VS**
- BP: 120/80 mmHg
- HR: 76 bpm
- RR: 16 breaths/min
- Temp: 98.6°F

**PE**
- General: The pt appears well-groomed, alert, and oriented.
- Psych: The pt is cooperative, maintains good eye contact, and has no psychomotor agitation or retardation. His mood is anxious, and his affect is congruent with the reported mood. Thought processes are logical and goal-directed. No evidence of hallucinations, delusions, or SI.

**RESULTS**
- Blood work including a CMP has been ordered to r/o any metabolic imbalances. Results are pending.

**3. Assessment:**

- Adjustment Disorder with Anxiety (ICD-10: F43.22)

**4. Plan:**

**MEDICATION**
- Citalopram 20 mg PO QD. Dispense 30 tabs with no refills for 1 mo.

**FOLLOW-UP RECOMMENDATIONS**
- F/U appointment in 1 mo to evaluate the effectiveness of the tx regimen and monitor for potential SE.

**REFERRAL**
- Referral to a group therapy session for stress mgmt, led by Dr. Thomas Green, LPC.

**LIFESTYLE CHANGES**
- Encourage regular physical activity such as jogging.
- Maintain a balanced diet.
- Reduce EtOH intake to further minimize anxiety exacerbation.

**EDUCATION AND SUPPORT**
- Discussed the nature of adjustment disorder with anxiety and the role of medication and therapy in mgmt.
- Provided educational materials on stress mgmt techniques and lifestyle modifications.

**PATIENT ACTION PLAN**
- The pt is to start the prescribed medication and actively engage in recommended lifestyle changes.
- Attend group therapy sessions as scheduled.

The pt understands and agrees with the tx plan. He is highly cooperative and shows good compliance with the medical advice provided."|Psychiatrist|"#####
**Doctor:** Good morning, how are you doing today?

**Patient:** I'm doing okay, I guess.

**Doctor:** I see here that your primary care provider sent you over. Can you tell me a little bit about what brings you in today?

**Patient:** Sure, I've been feeling pretty anxious for the past two months. We recently moved to a new city, and since then, I've been having a hard time adjusting.

**Doctor:** I understand. Moving can be quite stressful. What specific symptoms have you been experiencing?

**Patient:** Well, I feel a lot of muscle tension and restlessness. I also get occasional headaches and have trouble concentrating at work.

**Doctor:** Hmm, that sounds quite challenging. Anything else you've noticed?

**Patient:** Yes, I have difficulty maintaining sleep. I wake up frequently during the night and my appetite has decreased. I used to enjoy pottery, but I've stopped doing it because I just don't feel up to it lately. I've also been socially withdrawing.

**Doctor:** I see. Have you had any other medical issues in the past?

**Patient:** No, I don't have any previous diagnoses or chronic conditions. I haven't been on any medication either.

**Doctor:** And how about allergies?

**Patient:** None that I know of.

**Doctor:** Alright. Do you have any family history of mental health issues?

**Patient:** Yes, my mother has a history of depression.

**Doctor:** Okay. Let’s go over a few more details. Do you experience headaches often?

**Patient:** Yes, occasionally.

**Doctor:** And muscle tension?

**Patient:** Yes, a lot of it.

**Doctor:** Any other psychiatric symptoms like restlessness, anxiety, impaired concentration, or social withdrawal?

**Patient:** Yes, all of those. It's been quite overwhelming.

**Doctor:** I can imagine. Let's check your vital signs quickly. Your blood pressure is 120/80 mmHg, heart rate is 76 bpm, respiratory rate is 16 breaths per minute, and your temperature is 98.6°F. Everything looks normal there.

**Patient:** That's good to hear.

**Doctor:** On the physical exam, you appear well-groomed, alert, and oriented. You’re cooperative, maintain good eye contact, and there's no psychomotor agitation or retardation. Your mood seems anxious, and your affect is congruent with that mood. Your thought processes are logical and goal-directed. There’s no evidence of hallucinations, delusions, or suicidal ideation. Does that sound about right?

**Patient:** Yes, that's accurate.

**Doctor:** We have ordered blood work including a comprehensive metabolic panel to rule out any metabolic imbalances. The results are pending. For now, based on what you've described, it sounds like you might be dealing with an adjustment disorder with anxiety. 

**Patient:** What exactly does that mean?

**Doctor:** Adjustment disorder with anxiety is a condition that occurs in response to a significant life change or stressor, like your recent move. It can cause symptoms like anxiety, restlessness, and difficulty concentrating, among others. 

**Patient:** That makes sense.

**Doctor:** For your treatment, I'd like to prescribe Citalopram 20 mg, to be taken once daily. It's an antidepressant that can help with anxiety.

**Patient:** Okay, how long will I need to take it?

**Doctor:** We'll start with a 1-month supply and evaluate its effectiveness and any potential side effects at your follow-up appointment in a month.

**Patient:** Alright.

**Doctor:** Additionally, I'm going to refer you to a group therapy session for stress management. Dr. Thomas Green, a Licensed Professional Counselor, will be leading these sessions.

**Patient:** That sounds helpful.

**Doctor:** Great. I also recommend incorporating regular physical activity like jogging into your routine. Maintaining a balanced diet and reducing alcohol intake can also help minimize anxiety.

**Patient:** I'll definitely try to do that.

**Doctor:** We discussed the nature of adjustment disorder with anxiety and the role of medication and therapy in management. Do you have any questions about that?

**Patient:** No, I think I understand.

**Doctor:** Excellent. I've also provided some educational materials on stress management techniques and lifestyle modifications for you to review.

**Patient:** Thank you, I appreciate that.

**Doctor:** So, to sum up, you'll start the prescribed medication, engage in the recommended lifestyle changes, and attend the group therapy sessions as scheduled. We'll meet again in a month to see how you're doing.

**Patient:** Sounds good.

**Doctor:** You're very cooperative, and I appreciate that. It’s important to follow through with the plan to see the best results. Do you have any other questions or concerns?

**Patient:** No, I think that covers everything.

**Doctor:** Great. Remember, if you need anything or have any questions before our next appointment, don't hesitate to reach out.

**Patient:** I will. Thanks, doctor.

**Doctor:** You're welcome. Take care, and I'll see you in a month.

**Patient:** Thank you, see you then."|"[doctor]: Good morning, how are you doing today?

[patient]: I'm doing okay, I guess.

[doctor]: I see here that your primary care provider sent you over. Can you tell me a little bit about what brings you in today?

[patient]: Sure, I've been feeling pretty anxious for the past two months. We recently moved to a new city, and since then, I've been having a hard time adjusting.

[doctor]: I understand. Moving can be quite stressful. What specific symptoms have you been experiencing?

[patient]: Well, I feel a lot of muscle tension and restlessness. I also get occasional headaches and have trouble concentrating at work.

[doctor]: Hmm, that sounds quite challenging. Anything else you've noticed?

[patient]: Yes, I have difficulty maintaining sleep. I wake up frequently during the night and my appetite has decreased. I used to enjoy pottery, but I've stopped doing it because I just don't feel up to it lately. I've also been socially withdrawing.

[doctor]: I see. Have you had any other medical issues in the past?

[patient]: No, I don't have any previous diagnoses or chronic conditions. I haven't been on any medication either.

[doctor]: And how about allergies?

[patient]: None that I know of.

[doctor]: Alright. Do you have any family history of mental health issues?

[patient]: Yes, my mother has a history of depression.

[doctor]: Okay. Let’s go over a few more details. Do you experience headaches often?

[patient]: Yes, occasionally.

[doctor]: And muscle tension?

[patient]: Yes, a lot of it.

[doctor]: Any other psychiatric symptoms like restlessness, anxiety, impaired concentration, or social withdrawal?

[patient]: Yes, all of those. It's been quite overwhelming.

[doctor]: I can imagine. Let's check your vital signs quickly. Your blood pressure is 120/80 mmHg, heart rate is 76 bpm, respiratory rate is 16 breaths per minute, and your temperature is 98.6°F. Everything looks normal there.

[patient]: That's good to hear.

[doctor]: On the physical exam, you appear well-groomed, alert, and oriented. You’re cooperative, maintain good eye contact, and there's no psychomotor agitation or retardation. Your mood seems anxious, and your affect is congruent with that mood. Your thought processes are logical and goal-directed. There’s no evidence of hallucinations, delusions, or suicidal ideation. Does that sound about right?

[patient]: Yes, that's accurate.

[doctor]: We have ordered blood work including a comprehensive metabolic panel to rule out any metabolic imbalances. The results are pending. For now, based on what you've described, it sounds like you might be dealing with an adjustment disorder with anxiety.

[patient]: What exactly does that mean?

[doctor]: Adjustment disorder with anxiety is a condition that occurs in response to a significant life change or stressor, like your recent move. It can cause symptoms like anxiety, restlessness, and difficulty concentrating, among others.

[patient]: That makes sense.

[doctor]: For your treatment, I'd like to prescribe Citalopram 20 mg, to be taken once daily. It's an antidepressant that can help with anxiety.

[patient]: Okay, how long will I need to take it?

[doctor]: We'll start with a 1-month supply and evaluate its effectiveness and any potential side effects at your follow-up appointment in a month.

[patient]: Alright.

[doctor]: Additionally, I'm going to refer you to a group therapy session for stress management. Dr. Thomas Green, a Licensed Professional Counselor, will be leading these sessions.

[patient]: That sounds helpful.

[doctor]: Great. I also recommend incorporating regular physical activity like jogging into your routine. Maintaining a balanced diet and reducing alcohol intake can also help minimize anxiety.

[patient]: I'll definitely try to do that.

[doctor]: We discussed the nature of adjustment disorder with anxiety and the role of medication and therapy in management. Do you have any questions about that?

[patient]: No, I think I understand.

[doctor]: Excellent. I've also provided some educational materials on stress management techniques and lifestyle modifications for you to review.

[patient]: Thank you, I appreciate that.

[doctor]: So, to sum up, you'll start the prescribed medication, engage in the recommended lifestyle changes, and attend the group therapy sessions as scheduled. We'll meet again in a month to see how you're doing.

[patient]: Sounds good.

[doctor]: You're very cooperative, and I appreciate that. It’s important to follow through with the plan to see the best results. Do you have any other questions or concerns?

[patient]: No, I think that covers everything.

[doctor]: Great. Remember, if you need anything or have any questions before our next appointment, don't hesitate to reach out.

[patient]: I will. Thanks, doctor.

[doctor]: You're welcome. Take care, and I'll see you in a month.

[patient]: Thank you, see you then."
ADJUSTMENT DISORDER WITH ANXIETY|"ROLE: Psychiatrist

Demographic Information: 
- Age: 34
- Gender: Male
- Ethnicity: Caucasian
- Socio-economic Status: Middle class
- Education Level: Bachelor's degree
- Health Literacy: Moderate
- Job Status: Software Developer

Medical History:
- Previous Diagnoses: None
- Family Medical History: Father had a history of depression
- Medication History: None
- Allergies: None
- Chronic Conditions: None

Symptom Description:
- Severity: Moderate to severe
- Duration: 2 months
- Associated Symptoms: Insomnia, difficulty concentrating, irritability, muscle tension
- Frequency: Daily, most intense in the evenings
- Impact on Daily Activities: Decreased productivity at work, strained personal relationships

Patient’s Self-reported Habits and Lifestyle:
- Sleep: Reports difficulty falling and staying asleep, averaging 4-5 hours per night
- Diet: Generally balanced but has been skipping meals recently due to lack of appetite
- Exercise: Inconsistent, irregular gym visits, mostly sedentary
- Tobacco Use: Smokes occasionally, about 2-3 cigarettes per week
- Alcohol Consumption: Drinks socially, 1-2 times per week
- Drug Use: None
- Recreational Activities: Enjoys video games and reading but has lost interest recently

Patient's Behavior:
- Level of Cooperation: Cooperative and motivated to receive help

Geographical Location:
- Big City vs Small City: Lives in a big city
- Rural vs Urban: Urban
- Pollution and Environmental Health Risks: Moderate pollution
- Neighborhood Type: Middle-class neighborhood, well-served by transit

Clinical Setting:
- Clinical Setting: Private Practice

Type of Encounter:
- Type of Encounter: Initial Consultation

Treatment Disparities:
- Treatment Disparities: None identified, patient appears able to afford treatment

Native or Non-Native English Speaking Patient:
- Native English Speaking Patient

Physical Exams:
- Physical Exams: NA

Investigation/Test Results:
- Investigation/Test Results: NA

Medical Outcome:
- Diagnosis: Adjustment Disorder with Anxiety (ICD-10 F43.22)
- Prescribed Treatment: 
    - Cognitive Behavioral Therapy (CBT) weekly sessions
    - Medication: Sertraline 50 mg, oral, once daily, 30 tablets with one refill
- Follow-up Recommendations: Follow-up appointment in 4 weeks to assess progress and adjust treatment if necessary
- Referral: NA"|"#####

**1. Subjective:**

**Chief Complaint (CC):**
Moderate to severe anxiety symptoms affecting daily life.

**History of Present Illness (HPI):**
The patient, a 34-year-old Caucasian male, reports experiencing moderate to severe anxiety symptoms for the past 2 months. The symptoms include insomnia, difficulty concentrating, irritability, and muscle tension. These symptoms occur daily, with the most intense periods in the evenings. The patient notes a significant decrease in productivity at work and strained personal relationships due to his symptoms. He denies any previous psychiatric diagnoses or chronic conditions.

**Review of Systems (ROS):**
- **General:** Reports fatigue, difficulty sleeping.
- **Psychiatric:** Reports anxiety, irritability, and decreased interest in previously enjoyable activities like video games and reading.
- **Sleep:** Reports difficulty falling and staying asleep, averaging 4-5 hours of sleep per night.
- **Diet:** Generally balanced but has been skipping meals recently due to lack of appetite.
- **Exercise:** Inconsistent, mostly sedentary with irregular gym visits.
- **Substance Use:** Smokes occasionally (2-3 cigarettes per week), drinks socially (1-2 times per week), denies drug use.

**2. Objective:**

Given this is an initial consultation in a psychiatric setting, no physical exam is conducted. The patient's appearance is appropriate for his stated age, he is cooperative, and his affect is congruent with his reported mood.

**3. Assessment:**

**Diagnosis:**
Adjustment Disorder with Anxiety (ICD-10 F43.22)

**Medical Reasoning:**
The patient’s symptoms are consistent with adjustment disorder with anxiety, given the duration of 2 months, daily occurrence, and significant impact on his work productivity and personal relationships. This is compounded by his father’s history of depression, which could suggest familial predisposition.

**4. Plan:**

**Patient Education and Counseling:**
The patient was educated about adjustment disorder with anxiety, its symptoms, and the expected course. The importance of adherence to treatment and follow-up appointments was emphasized.

**Medical Treatment:**
1. **Cognitive Behavioral Therapy (CBT):** Weekly sessions to address anxiety and develop coping mechanisms.
2. **Medication:** Sertraline 50 mg, oral, once daily, 30 tablets with one refill.

**Follow-up Recommendations:**
- Schedule a follow-up appointment in 4 weeks to evaluate the patient’s response to treatment and make any necessary adjustments.
- Monitor for potential side effects of sertraline, including nausea, headache, and changes in sleep pattern.

**Referrals:**
None at this time. The patient is advised to contact the office if there are any concerns or side effects before the follow-up appointment.

**Patient Agreements:**
The patient understands and agrees with the prescribed treatment plan and recommendations. He is motivated to engage in therapy and adhere to the medication regimen."|"#####

**1. Subjective:**

**Chief Complaint (CC):**
Moderate to severe anxiety symptoms affecting daily life.

**History of Present Illness (HPI):**
The patient, a 34-year-old Caucasian male, reports experiencing moderate to severe anxiety symptoms for the past 2 months. The symptoms include insomnia, difficulty concentrating, irritability, and muscle tension. These symptoms occur daily, with the most intense periods in the evenings. The patient notes a significant decrease in productivity at work and strained personal relationships due to his symptoms. He denies any previous psychiatric diagnoses or chronic conditions.

**Review of Systems (ROS):**
- **General:** Reports fatigue, difficulty sleeping.
- **Psychiatric:** Reports anxiety, irritability, and decreased interest in previously enjoyable activities like video games and reading.
- **Sleep:** Reports difficulty falling and staying asleep, averaging 4-5 hours of sleep per night.
- **Diet:** Generally balanced but has been skipping meals recently due to lack of appetite.
- **Exercise:** Inconsistent, mostly sedentary with irregular gym visits.
- **Substance Use:** Smokes occasionally (2-3 cigarettes per week), drinks socially (1-2 times per week), denies drug use.

**2. Objective:**

Given this is an initial consultation in a psychiatric setting, no physical exam is conducted. The patient's appearance is appropriate for his stated age, he is cooperative, and his affect is congruent with his reported mood.

**3. Assessment:**

**Diagnosis:**
Adjustment Disorder with Anxiety (ICD-10 F43.22)

**Medical Reasoning:**
The patient’s symptoms are consistent with adjustment disorder with anxiety, given the duration of 2 months, daily occurrence, and significant impact on his work productivity and personal relationships. This is compounded by his father’s history of depression, which could suggest familial predisposition.

**4. Plan:**

**Patient Education and Counseling:**
The patient was educated about adjustment disorder with anxiety, its symptoms, and the expected course. The importance of adherence to treatment and follow-up appointments was emphasized.

**Medical Treatment:**
1. **Cognitive Behavioral Therapy (CBT):** Weekly sessions to address anxiety and develop coping mechanisms.
2. **Medication:** Sertraline 50 mg, oral, once daily, 30 tablets with one refill.

**Follow-up Recommendations:**
- Schedule a follow-up appointment in 4 weeks to evaluate the patient’s response to treatment and make any necessary adjustments.
- Monitor for potential side effects of sertraline, including nausea, headache, and changes in sleep pattern.

**Referrals:**
None at this time. The patient is advised to contact the office if there are any concerns or side effects before the follow-up appointment.

**Patient Agreements:**
The patient understands and agrees with the prescribed treatment plan and recommendations. He is motivated to engage in therapy and adhere to the medication regimen."|"#####

**1. Subjective:**

**CC:**
Mod-severe anxiety sx affecting ADLs.

**HPI:**
The pt, a 34 y/o Caucasian male, reports experiencing mod-severe anxiety sx for the past 2 mos. The sx include insomnia, difficulty concentrating, irritability, and muscle tension. These sx occur daily, with the most intense periods in the evenings. The pt notes a significant decrease in productivity at work and strained personal relationships due to his sx. He denies any previous psych dx or chronic conditions.

**ROS:**
- **General:** Reports fatigue, difficulty sleeping.
- **Psych:** Reports anxiety, irritability, and decreased interest in previously enjoyable activities like video games and reading.
- **Sleep:** Reports difficulty falling and staying asleep, averaging 4-5 hrs of sleep per night.
- **Diet:** Generally balanced but has been skipping meals recently due to lack of appetite.
- **Exercise:** Inconsistent, mostly sedentary with irregular gym visits.
- **Substance Use:** Smokes occasionally (2-3 cigarettes per week), drinks socially (1-2 times per week), denies drug use.

**2. Objective:**

Given this is an initial consult in a psych setting, no PE is conducted. The pt's appearance is appropriate for his stated age, he is cooperative, and his affect is congruent with his reported mood.

**3. Assessment:**

**Dx:**
Adjustment Disorder with Anxiety (ICD-10 F43.22)

**Medical Reasoning:**
The pt’s sx are consistent with adjustment disorder with anxiety, given the duration of 2 mos, daily occurrence, and significant impact on his work productivity and personal relationships. This is compounded by his father’s hx of depression, which could suggest familial predisposition.

**4. Plan:**

**Pt Education and Counseling:**
The pt was educated about adjustment disorder with anxiety, its sx, and the expected course. The importance of adherence to tx and follow-up appts was emphasized.

**Medical Tx:**
1. **CBT:** Weekly sessions to address anxiety and develop coping mechanisms.
2. **Rx:** Sertraline 50 mg PO QD, 30 tabs with one refill.

**Follow-up Recommendations:**
- Schedule a follow-up appt in 4 wks to evaluate the pt’s response to tx and make any necessary adjustments.
- Monitor for potential SEs of sertraline, including nausea, headache, and changes in sleep pattern.

**Referrals:**
None at this time. The pt is advised to contact the office if there are any concerns or SEs before the follow-up appt.

**Pt Agreements:**
The pt understands and agrees with the prescribed tx plan and recommendations. He is motivated to engage in therapy and adhere to the med regimen."|Psychiatrist|"[Doctor] Good morning! How are you doing today?

[Patient] Morning, Doctor. I'm not doing so well, actually. I've been struggling a lot with anxiety lately.

[Doctor] I'm sorry to hear that. Can you tell me more about what's been going on?

[Patient] Sure. For the past two months, I’ve been feeling really anxious almost every day. It’s gotten to the point where I can’t sleep, and I’m having a hard time concentrating. I feel irritable and tense all the time.

[Doctor] That sounds really tough. When do these symptoms tend to be the most intense?

[Patient] Mostly in the evenings. By the time I get home from work, it’s like everything just hits me all at once.

[Doctor] I understand. How has this been affecting your daily life?

[Patient] It’s been pretty bad. My productivity at work has dropped a lot, and it's straining my relationships. I just feel like I’m not myself anymore.

[Doctor] Have you ever experienced anything like this before or been diagnosed with any psychiatric conditions?

[Patient] No, I haven’t. This is all new to me.

[Doctor] Okay. Let’s go through some of your other symptoms. You mentioned difficulty sleeping. Can you describe that a bit more?

[Patient] Yeah, I can’t fall asleep easily, and even when I do, I wake up multiple times during the night. I’m only getting about 4-5 hours of sleep a night.

[Doctor] That must be exhausting. How are you feeling during the day?

[Patient] I’m constantly tired. It’s hard to get through the day sometimes.

[Doctor] I can imagine. Are you experiencing any changes in your interest in activities you used to enjoy?

[Patient] Definitely. I used to love playing video games and reading, but now I just don’t feel like doing much of anything.

[Doctor] How’s your appetite been?

[Patient] I usually eat pretty well, but lately, I’ve been skipping meals because I just don’t feel hungry.

[Doctor] How about exercise? Are you staying active?

[Patient] Not really. I’ve been pretty sedentary. I used to go to the gym more regularly, but now it’s very inconsistent.

[Doctor] Do you smoke or drink?

[Patient] I smoke occasionally, like 2-3 cigarettes a week, and I drink socially, maybe 1-2 times a week. I don’t use drugs.

[Doctor] Thank you for sharing all of that. I know it’s not easy to talk about these things. Based on what you've told me, it sounds like you might be experiencing an adjustment disorder with anxiety. 

[Patient] Adjustment disorder? What does that mean?

[Doctor] It’s essentially a reaction to a significant stressor or life change that causes anxiety or other emotional symptoms. Given your symptoms' duration and impact on your life, this seems to fit.

[Patient] Okay, that makes sense. What can I do about it?

[Doctor] We have a few options. One effective treatment is Cognitive Behavioral Therapy, or CBT. It’s a type of talk therapy that helps you manage your anxiety by changing the way you think and behave.

[Patient] I’ve heard of that. How often would I need to go?

[Doctor] Weekly sessions would be ideal to start. In addition to therapy, I’d also like to prescribe a medication called Sertraline. It’s an antidepressant that can help with anxiety.

[Patient] How often would I need to take it?

[Doctor] You would take it once daily. I’ll start you on 50 mg and we can see how that works for you.

[Patient] Are there any side effects I should be aware of?

[Doctor] Some common side effects include nausea, headache, and changes in sleep pattern. We’ll monitor you closely, especially in the first few weeks.

[Patient] Alright, I can do that.

[Doctor] Great. Let's also set up a follow-up appointment in four weeks to see how you’re doing with the therapy and medication. If you experience any side effects or have concerns before then, please contact us right away.

[Patient] Okay, sounds like a plan.

[Doctor] Do you have any other questions or concerns right now?

[Patient] No, I think that covers it. Thanks, Doctor.

[Doctor] You’re welcome. I’m glad you’re here, and we’ll work together to get you feeling better. I’ll see you in four weeks.

[Patient] Thanks again.

[Doctor] Take care."|"[Doctor] Good morning! How are you doing today?

[Patient] Morning, Doctor. I'm not doing so well, actually. I've been struggling a lot with anxiety lately.

[Doctor] I'm sorry to hear that. Can you tell me more about what's been going on?

[Patient] Sure. For the past two months, I’ve been feeling really anxious almost every day. It’s gotten to the point where I can’t sleep, and I’m having a hard time concentrating. I feel irritable and tense all the time.

[Doctor] That sounds really tough. When do these symptoms tend to be the most intense?

[Patient] Mostly in the evenings. By the time I get home from work, it’s like everything just hits me all at once.

[Doctor] I understand. How has this been affecting your daily life?

[Patient] It’s been pretty bad. My productivity at work has dropped a lot, and it's straining my relationships. I just feel like I’m not myself anymore.

[Doctor] Have you ever experienced anything like this before or been diagnosed with any psychiatric conditions?

[Patient] No, I haven’t. This is all new to me.

[Doctor] Okay. Let’s go through some of your other symptoms. You mentioned difficulty sleeping. Can you describe that a bit more?

[Patient] Yeah, I can’t fall asleep easily, and even when I do, I wake up multiple times during the night. I’m only getting about 4-5 hours of sleep a night.

[Doctor] That must be exhausting. How are you feeling during the day?

[Patient] I’m constantly tired. It’s hard to get through the day sometimes.

[Doctor] I can imagine. Are you experiencing any changes in your interest in activities you used to enjoy?

[Patient] Definitely. I used to love playing video games and reading, but now I just don’t feel like doing much of anything.

[Doctor] How’s your appetite been?

[Patient] I usually eat pretty well, but lately, I’ve been skipping meals because I just don’t feel hungry.

[Doctor] How about exercise? Are you staying active?

[Patient] Not really. I’ve been pretty sedentary. I used to go to the gym more regularly, but now it’s very inconsistent.

[Doctor] Do you smoke or drink?

[Patient] I smoke occasionally, like 2-3 cigarettes a week, and I drink socially, maybe 1-2 times a week. I don’t use drugs.

[Doctor] Thank you for sharing all of that. I know it’s not easy to talk about these things. Based on what you've told me, it sounds like you might be experiencing an adjustment disorder with anxiety. 

[Patient] Adjustment disorder? What does that mean?

[Doctor] It’s essentially a reaction to a significant stressor or life change that causes anxiety or other emotional symptoms. Given your symptoms' duration and impact on your life, this seems to fit.

[Patient] Okay, that makes sense. What can I do about it?

[Doctor] We have a few options. One effective treatment is Cognitive Behavioral Therapy, or CBT. It’s a type of talk therapy that helps you manage your anxiety by changing the way you think and behave.

[Patient] I’ve heard of that. How often would I need to go?

[Doctor] Weekly sessions would be ideal to start. In addition to therapy, I’d also like to prescribe a medication called Sertraline. It’s an antidepressant that can help with anxiety.

[Patient] How often would I need to take it?

[Doctor] You would take it once daily. I’ll start you on 50 mg and we can see how that works for you.

[Patient] Are there any side effects I should be aware of?

[Doctor] Some common side effects include nausea, headache, and changes in sleep pattern. We’ll monitor you closely, especially in the first few weeks.

[Patient] Alright, I can do that.

[Doctor] Great. Let's also set up a follow-up appointment in four weeks to see how you’re doing with the therapy and medication. If you experience any side effects or have concerns before then, please contact us right away.

[Patient] Okay, sounds like a plan.

[Doctor] Do you have any other questions or concerns right now?

[Patient] No, I think that covers it. Thanks, Doctor.

[Doctor] You’re welcome. I’m glad you’re here, and we’ll work together to get you feeling better. I’ll see you in four weeks.

[Patient] Thanks again.

[Doctor] Take care."
ADJUSTMENT DISORDER WITH ANXIETY|"ROLE: Family Medicine Physician

**Scenario:**

**1) Medical Outcome:**
- Diagnosis: Adjustment Disorder with Anxiety
- Prescribed Treatment: Cognitive Behavioral Therapy (CBT), Referral to Psychology Specialist
- Referral Details: Referral to Dr. Susan Lee, Psychology Specialist, for consistent CBT sessions
- Medication: Sertraline, 50 mg, oral, daily, for 4 weeks initially, then review for dosage adjustment
- Follow-Up Recommendations: Follow-up in 4 weeks to assess progress with medication and therapy adherence
- Lifestyle Change: Recommendations for increased physical activity (30 minutes of moderate exercise daily), mindfulness meditation, and a balanced diet high in fruits and vegetables

**2) Medical History:**
- Previous Diagnoses: Mild Depression (self-reported, untreated)
- Medication History: Patient denies currently taking any medications
- Allergies: NKDA (No Known Drug Allergies)
- Chronic Conditions: None reported

**3) Symptom Description:**
- Severity: Moderate to severe anxiety episodes
- Duration: 3 months
- Associated Symptoms: Difficulty concentrating, restlessness, sleep disturbances
- Frequency: Multiple times daily
- Impact on Daily Activities: Struggling to perform job duties, avoiding social interactions, and experiencing tension in personal relationships

**4) Patient’s self-reported habits and lifestyle:**
- Sleep: Reports sleeping 4-5 hours per night with frequent awakenings
- Diet: Skipping meals, high intake of caffeine
- Exercise: Sedentary lifestyle; no regular exercise
- Tobacco Use: None
- Alcohol Consumption: Occasional (1-2 glasses of wine on weekends)
- Drug Use: Denies any illicit drug use
- Recreational Activities: None reported; expresses lack of interest in previous hobbies

**5) Demographic Information:**
- Age: 32
- Gender: Female
- Ethnicity: Caucasian
- Socio-economic Status: Middle-income
- Education Level: Bachelor’s degree
- Health Literacy: Moderate; able to understand and follow medical advice
- Job Status: Full-time administrative assistant; currently on leave of absence due to anxiety

**6) Patient's Behavior:**
- Highly cooperative and motivated to seek help and improve condition; expresses willingness to comply with medical advice

**7) Geographical Location:**
- Urban
- Neighborhood Type: Suburban area, well-served by transit

**8) Clinical Setting:**
- Private Practice

**9) Type of Encounter:**
- Initial Consultation

**10) Treatment Disparities:**
- None reported; patient has adequate health insurance coverage

**11) Native or Non-Native English Speaking Patient:**
- Native English speaking

**12) Physical exams:**
- Mental Status Examination:
  - Appearance: Well-groomed, but appears anxious
  - Behavior: Fidgety, visibly uneasy
  - Speech: Normal rate and tone, but slightly pressured
  - Mood: Anxious
  - Affect: Constricted
  - Thought Process: Organized but preoccupied with feeling overwhelmed
  - Cognition: Intact, aware of symptoms and impact on life

**13) Investigation/Test results:**
- NA"|"**Subjective:**

**Chief Complaint (CC):**
The patient, a 32-year-old female, presents with moderate to severe anxiety episodes that have been occurring for the past 3 months.

**History of Present Illness (HPI):**
The patient describes experiencing multiple daily anxiety episodes, characterized by difficulty concentrating, restlessness, and sleep disturbances. She reports sleeping only 4-5 hours per night with frequent awakenings, skipping meals, and having a high intake of caffeine. She mentions that her anxiety has significantly impacted her ability to perform job duties as an administrative assistant, caused her to avoid social interactions, and strained her personal relationships.

**Review of Systems (ROS):**
- **Psychiatric:** Reports moderate to severe anxiety episodes, difficulty concentrating, restlessness, and sleep disturbances.
- **General:** Denies fatigue but reports poor sleep quality.
- **Gastrointestinal:** Skipping meals, high caffeine intake.
- **Neurological:** No headaches or dizziness.
- **Cardiovascular:** No palpitations or chest pain.

**Objective:**

**Vital Signs:**
- Blood Pressure: 120/80 mmHg
- Heart Rate: 76 bpm
- Respiratory Rate: 16 breaths per minute
- Temperature: 98.6°F

**Physical Examination:**
- **General Appearance:** Well-groomed, appears anxious.
- **Mental Status Examination:**
  - **Appearance:** Well-groomed, anxious.
  - **Behavior:** Fidgety, visibly uneasy.
  - **Speech:** Normal rate and tone, slightly pressured.
  - **Mood:** Anxious.
  - **Affect:** Constricted.
  - **Thought Process:** Organized but preoccupied with feeling overwhelmed.
  - **Cognition:** Intact, aware of symptoms and impact on life.

**Assessment:**
The patient presents with symptoms consistent with Adjustment Disorder with Anxiety.

**Plan:**
- **Treatment:** 
  - Start Sertraline, 50 mg, oral, daily for 4 weeks; will review for dosage adjustment after initial period.
  - Recommend Cognitive Behavioral Therapy (CBT) for anxiety management.
- **Referral:** 
  - Refer to Dr. Susan Lee, Psychology Specialist, for consistent CBT sessions.
- **Lifestyle Recommendations:**
  - Increase physical activity: 30 minutes of moderate exercise daily.
  - Practice mindfulness meditation.
  - Adopt a balanced diet high in fruits and vegetables.
- **Follow-Up:**
  - Schedule follow-up in 4 weeks to assess progress with medication and therapy adherence.

**Instructions:**
The patient expressed a high level of cooperation and motivation to seek help and improve their condition. She has been advised to initiate medication and lifestyle changes immediately and to contact the office if she experiences any adverse reactions or has questions regarding her treatment plan."|"**Subjective:**

**Chief Complaint (CC):**
The patient, a 32-year-old female, presents with moderate to severe anxiety episodes that have been occurring for the past 3 months.

**History of Present Illness (HPI):**
The patient describes experiencing multiple daily anxiety episodes, characterized by difficulty concentrating, restlessness, and sleep disturbances. She reports sleeping only 4-5 hours per night with frequent awakenings, skipping meals, and having a high intake of caffeine. She mentions that her anxiety has significantly impacted her ability to perform job duties as an administrative assistant, caused her to avoid social interactions, and strained her personal relationships.

**Review of Systems (ROS):**
- **Psychiatric:** Reports moderate to severe anxiety episodes, difficulty concentrating, restlessness, and sleep disturbances.
- **General:** Denies fatigue but reports poor sleep quality.
- **Gastrointestinal:** Skipping meals, high caffeine intake.
- **Neurological:** No headaches or dizziness.
- **Cardiovascular:** No palpitations or chest pain.

**Objective:**

**Vital Signs:**
- Blood Pressure: 120/80 mmHg
- Heart Rate: 76 bpm
- Respiratory Rate: 16 breaths per minute
- Temperature: 98.6°F

**Physical Examination:**
- **General Appearance:** Well-groomed, appears anxious.
- **Mental Status Examination:**
  - **Appearance:** Well-groomed, anxious.
  - **Behavior:** Fidgety, visibly uneasy.
  - **Speech:** Normal rate and tone, slightly pressured.
  - **Mood:** Anxious.
  - **Affect:** Constricted.
  - **Thought Process:** Organized but preoccupied with feeling overwhelmed.
  - **Cognition:** Intact, aware of symptoms and impact on life.

**Assessment:**
The patient presents with symptoms consistent with Adjustment Disorder with Anxiety.

**Plan:**
- **Treatment:** 
  - Start Sertraline, 50 mg, oral, daily for 4 weeks; will review for dosage adjustment after initial period.
  - Recommend Cognitive Behavioral Therapy (CBT) for anxiety management.
- **Referral:** 
  - Refer to Dr. Susan Lee, Psychology Specialist, for consistent CBT sessions.
- **Lifestyle Recommendations:**
  - Increase physical activity: 30 minutes of moderate exercise daily.
  - Practice mindfulness meditation.
  - Adopt a balanced diet high in fruits and vegetables.
- **Follow-Up:**
  - Schedule follow-up in 4 weeks to assess progress with medication and therapy adherence.

**Instructions:**
The patient expressed a high level of cooperation and motivation to seek help and improve their condition. She has been advised to initiate medication and lifestyle changes immediately and to contact the office if she experiences any adverse reactions or has questions regarding her treatment plan."|"**Subjective:**

**CC:**
The pt, a 32 y/o F, presents with mod-severe anxiety episodes occurring for the past 3 mos.

**HPI:**
Pt describes experiencing multiple daily anxiety episodes, characterized by difficulty concentrating, restlessness, and sleep disturbances. Reports sleeping only 4-5 hrs/night with frequent awakenings, skipping meals, and high caffeine intake. Mentions anxiety significantly impacts job duties as an admin assistant, causes avoidance of social interactions, and strains personal relationships.

**ROS:**
- **Psych:** Reports mod-severe anxiety episodes, difficulty concentrating, restlessness, and sleep disturbances.
- **Gen:** Denies fatigue but reports poor sleep quality.
- **GI:** Skipping meals, high caffeine intake.
- **Neuro:** No HA or dizziness.
- **CV:** No palpitations or CP.

**Objective:**

**VS:**
- BP: 120/80 mmHg
- HR: 76 bpm
- RR: 16 bpm
- Temp: 98.6°F

**PE:**
- **Gen Appearance:** Well-groomed, appears anxious.
- **MSE:**
  - **Appearance:** Well-groomed, anxious.
  - **Behavior:** Fidgety, visibly uneasy.
  - **Speech:** Normal rate and tone, slightly pressured.
  - **Mood:** Anxious.
  - **Affect:** Constricted.
  - **Thought Process:** Organized but preoccupied with feeling overwhelmed.
  - **Cognition:** Intact, aware of symptoms and impact on life.

**Assessment:**
Pt presents with sx consistent with Adjustment Disorder with Anxiety.

**Plan:**
- **Tx:** 
  - Start Sertraline 50 mg PO QD for 4 wks; will review for dosage adjustment after initial period.
  - Recommend CBT for anxiety mgmt.
- **Referral:** 
  - Refer to Dr. Susan Lee, Psych Specialist, for consistent CBT sessions.
- **Lifestyle Recs:**
  - Increase physical activity: 30 mins of mod exercise daily.
  - Practice mindfulness meditation.
  - Adopt a balanced diet high in fruits and veggies.
- **F/U:**
  - Schedule F/U in 4 wks to assess progress with med and therapy adherence.

**Instructions:**
Pt expressed high level of cooperation and motivation to seek help and improve condition. Advised to initiate med and lifestyle changes immediately and to contact office if experiencing any adverse reactions or has questions regarding tx plan."|Family Medicine Physician|"[doctor] Good morning, how are you doing today?

[patient] Good morning, doctor. I'm not doing too well, actually.

[doctor] I'm sorry to hear that. What brings you in today?

[patient] I've been having these really bad anxiety episodes for the past three months. It's getting hard to manage.

[doctor] I'm sorry to hear that. Can you tell me more about these anxiety episodes you're experiencing?

[patient] Sure. They happen multiple times a day. I find it really difficult to concentrate, and I'm always restless. I can't sleep well either.

[doctor] How much sleep are you getting on average each night?

[patient] Maybe 4 to 5 hours, but it's not good sleep. I wake up a lot.

[doctor] That sounds really tough. Have you noticed any changes in your eating habits?

[patient] Yes, I skip meals a lot. I just don't feel like eating sometimes, and I drink a lot of coffee to keep going.

[doctor] How has this been affecting your daily life and work?

[patient] It's been really bad for my job. I'm an administrative assistant, and it's hard to focus and get my tasks done. It's also making me avoid social interactions and causing issues in my personal relationships.

[doctor] That sounds very challenging. Let's go through a quick review of your systems. Do you feel fatigued during the day?

[patient] Not really. I'm tired but not exhausted.

[doctor] Okay, and have you been experiencing any headaches or dizziness?

[patient] No, none of that.

[doctor] Any palpitations or chest pain?

[patient] No, my heart feels fine.

[doctor] Alright, thank you for that information. Let's take a look at your vital signs. Your blood pressure is 120/80 mmHg, heart rate is 76 bpm, respiratory rate is 16 breaths per minute, and your temperature is 98.6°F. Everything seems normal there.

[patient] That's good to hear.

[doctor] Now, let's move on to a mental status examination. You appear well-groomed, but I can see you're anxious. Do you feel fidgety or uneasy?

[patient] Yes, very much so. I can't sit still.

[doctor] Your speech seems normal in rate and tone, but it’s slightly pressured. How would you describe your mood right now?

[patient] I'm really anxious. It's hard to think about anything else.

[doctor] Your affect seems a bit constricted. Your thought process appears organized, but you seem preoccupied with feeling overwhelmed. Does that sound accurate?

[patient] Yes, that's exactly how I feel.

[doctor] Okay, your cognition seems intact, and you are aware of your symptoms and how they are impacting your life. Based on what you've told me and your examination, it sounds like you might be dealing with Adjustment Disorder with Anxiety.

[patient] What does that mean exactly?

[doctor] It's a condition where you have significant anxiety and stress in response to a particular situation or life change. In your case, it seems to be affecting your daily life and well-being.

[patient] That makes sense.

[doctor] Here’s what I recommend. We'll start you on Sertraline, 50 mg, taken orally once a day for the next four weeks. We’ll review and possibly adjust the dosage after that initial period.

[patient] Okay, what is Sertraline?

[doctor] Sertraline is a type of antidepressant that can also help manage anxiety. It should help regulate your mood and reduce your anxiety episodes over time.

[patient] Alright, I can try that.

[doctor] In addition to the medication, I strongly recommend Cognitive Behavioral Therapy, or CBT, which is very effective for managing anxiety.

[patient] I've heard of CBT. Will I need to see a specialist for that?

[doctor] Yes, I’m referring you to Dr. Susan Lee, who is a psychology specialist. She will help you with consistent CBT sessions.

[patient] That sounds good.

[doctor] I also want you to make some lifestyle changes. Increase your physical activity to 30 minutes of moderate exercise daily, practice mindfulness meditation, and adopt a balanced diet high in fruits and vegetables.

[patient] I can try to do that. 

[doctor] Great! We'll schedule a follow-up in 4 weeks to assess your progress with the medication and therapy. If you experience any adverse reactions or have questions regarding your treatment plan, please contact our office immediately.

[patient] Okay, thank you so much for your help.

[doctor] You're welcome. I'm glad you're motivated to seek help and improve your condition. We'll get through this together. See you in four weeks.

[patient] I appreciate it, doctor. Thank you."|"[doctor] Good morning, how are you doing today?

[patient] Good morning, doctor. I'm not doing too well, actually.

[doctor] I'm sorry to hear that. What brings you in today?

[patient] I've been having these really bad anxiety episodes for the past three months. It's getting hard to manage.

[doctor] I'm sorry to hear that. Can you tell me more about these anxiety episodes you're experiencing?

[patient] Sure. They happen multiple times a day. I find it really difficult to concentrate, and I'm always restless. I can't sleep well either.

[doctor] How much sleep are you getting on average each night?

[patient] Maybe 4 to 5 hours, but it's not good sleep. I wake up a lot.

[doctor] That sounds really tough. Have you noticed any changes in your eating habits?

[patient] Yes, I skip meals a lot. I just don't feel like eating sometimes, and I drink a lot of coffee to keep going.

[doctor] How has this been affecting your daily life and work?

[patient] It's been really bad for my job. I'm an administrative assistant, and it's hard to focus and get my tasks done. It's also making me avoid social interactions and causing issues in my personal relationships.

[doctor] That sounds very challenging. Let's go through a quick review of your systems. Do you feel fatigued during the day?

[patient] Not really. I'm tired but not exhausted.

[doctor] Okay, and have you been experiencing any headaches or dizziness?

[patient] No, none of that.

[doctor] Any palpitations or chest pain?

[patient] No, my heart feels fine.

[doctor] Alright, thank you for that information. Let's take a look at your vital signs. Your blood pressure is 120/80 mmHg, heart rate is 76 bpm, respiratory rate is 16 breaths per minute, and your temperature is 98.6°F. Everything seems normal there.

[patient] That's good to hear.

[doctor] Now, let's move on to a mental status examination. You appear well-groomed, but I can see you're anxious. Do you feel fidgety or uneasy?

[patient] Yes, very much so. I can't sit still.

[doctor] Your speech seems normal in rate and tone, but it’s slightly pressured. How would you describe your mood right now?

[patient] I'm really anxious. It's hard to think about anything else.

[doctor] Your affect seems a bit constricted. Your thought process appears organized, but you seem preoccupied with feeling overwhelmed. Does that sound accurate?

[patient] Yes, that's exactly how I feel.

[doctor] Okay, your cognition seems intact, and you are aware of your symptoms and how they are impacting your life. Based on what you've told me and your examination, it sounds like you might be dealing with Adjustment Disorder with Anxiety.

[patient] What does that mean exactly?

[doctor] It's a condition where you have significant anxiety and stress in response to a particular situation or life change. In your case, it seems to be affecting your daily life and well-being.

[patient] That makes sense.

[doctor] Here’s what I recommend. We'll start you on Sertraline, 50 mg, taken orally once a day for the next four weeks. We’ll review and possibly adjust the dosage after that initial period.

[patient] Okay, what is Sertraline?

[doctor] Sertraline is a type of antidepressant that can also help manage anxiety. It should help regulate your mood and reduce your anxiety episodes over time.

[patient] Alright, I can try that.

[doctor] In addition to the medication, I strongly recommend Cognitive Behavioral Therapy, or CBT, which is very effective for managing anxiety.

[patient] I've heard of CBT. Will I need to see a specialist for that?

[doctor] Yes, I’m referring you to Dr. Susan Lee, who is a psychology specialist. She will help you with consistent CBT sessions.

[patient] That sounds good.

[doctor] I also want you to make some lifestyle changes. Increase your physical activity to 30 minutes of moderate exercise daily, practice mindfulness meditation, and adopt a balanced diet high in fruits and vegetables.

[patient] I can try to do that. 

[doctor] Great! We'll schedule a follow-up in 4 weeks to assess your progress with the medication and therapy. If you experience any adverse reactions or have questions regarding your treatment plan, please contact our office immediately.

[patient] Okay, thank you so much for your help.

[doctor] You're welcome. I'm glad you're motivated to seek help and improve your condition. We'll get through this together. See you in four weeks.

[patient] I appreciate it, doctor. Thank you."
ADJUSTMENT DISORDER WITH ANXIETY|"ROLE: Family Medicine Physician

1) Medical Outcome: 
   - Diagnosis: Adjustment Disorder with Anxiety (F43.22)
   - Prescribed Treatment: Cognitive Behavioral Therapy (CBT) referral to Dr. Elizabeth Norton, licensed therapist specializing in anxiety disorders.
   - Follow-up Recommendations: Follow-up in 4 weeks to assess progress and adjust treatment if necessary.
   - Medication: Sertraline 50 mg, oral, once daily in the morning, for 3 months, 90 tablets. 
   - Lifestyle Change: Recommend mindfulness meditation and daily physical exercise (e.g., 30 minutes of walking). 

2) Medical History: 
   - Previous Diagnoses: None significant.
   - Family Medical History: Mother has a history of generalized anxiety disorder.
   - Medication History: None.
   - Allergies: No known drug allergies.
   - Chronic Conditions: None.

3) Symptom Description:
   - Severity: Moderate.
   - Duration: 2 months.
   - Associated Symptoms: Insomnia, palpitations, restlessness, difficulty concentrating.
   - Frequency: Daily.
   - Impact on Daily Activities: Decreased work productivity and difficulty maintaining social engagements.

4) Patient’s self-reported habits and lifestyle:
   - Sleep: 4-5 hours per night, difficulty falling and staying asleep.
   - Diet: Irregular meals, high coffee intake.
   - Exercise: Rarely exercises.
   - Tobacco Use: Non-smoker.
   - Alcohol Consumption: Occasional, weekends only.
   - Drug Use: None.
   - Recreational Activities: Enjoys reading but has lost interest recently.

5) Demographic Information:
   - Age: 32
   - Gender: Female
   - Ethnicity: Caucasian
   - Socio-economic Status: Middle-class.
   - Education Level: College graduate.
   - Health Literacy: High.
   - Job Status: Employed as a high school teacher.

6) Patient's Behavior: Cooperative and motivated to follow medical advice.

7) Geographical Location: 
   - Urban, lives in a well-served neighborhood with access to public transportation.
   - Environmental Health Risks: Moderate pollution levels.

8) Clinical Setting: Private Practice.

9) Type of Encounter: Initial Consultation.

10) Treatment Disparities: NA.

11) Native or Non-Native English Speaking Patient: Native English speaker.

12) Physical exams: 
   - NA (Physical exam not relevant to symptom presentation).

13) Investigation/Test results:
   - NA (No tests immediately required; diagnosis based primarily on clinical evaluation)."|"#### Medical Note

**1. Subjective**

**Chief Complaint (CC)**
The patient presents with symptoms of anxiety.

**History of Present Illness (HPI)**
Jane Doe is a 32-year-old female who presents today for the evaluation of anxiety-related symptoms. She reports experiencing moderate anxiety consistently over the past 2 months. She describes associated symptoms including insomnia, palpitations, restlessness, and difficulty concentrating. The anxiety has significantly impacted her daily activities, leading to decreased work productivity and difficulty maintaining social engagements. Despite being a non-smoker and consuming alcohol only occasionally on weekends, her lifestyle involves irregular meals and high coffee intake. She rarely exercises and sleeps only 4-5 hours per night, often having trouble falling and staying asleep. Recently, she has also lost interest in recreational activities she once enjoyed, such as reading.

**Review of Systems (ROS)**
- **Psychiatric:** Reports moderate anxiety, insomnia, and restlessness.
- **Cardiovascular:** Reports palpitations.
- **Neurological:** Reports difficulty concentrating.
- **Respiratory:** No cough, no shortness of breath.
- **Gastrointestinal:** No nausea, vomiting, or diarrhea.

**2. Objective**
**Vital Signs**
- Not measured in this consultation.
  
**Physical Exam**
- NA (Physical exam not relevant to symptom presentation).

**3. Assessment**
Adjustment Disorder with Anxiety (F43.22).

**4. Plan**
1. **Treatment:**
   - Referral to Dr. Elizabeth Norton, a licensed therapist specializing in anxiety disorders, for Cognitive Behavioral Therapy (CBT).
   - Prescription for Sertraline 50 mg, oral, once daily in the morning, for 3 months, 90 tablets.

2. **Lifestyle Recommendations:**
   - Encourage mindfulness meditation practices.
   - Advise daily physical exercise (e.g., 30 minutes of walking).

3. **Follow-Up:**
   - Schedule a follow-up appointment in 4 weeks to assess progress and adjust treatment as necessary.
  
**Instructions to Patient**
- Jane was cooperative and motivated to follow the medical advice provided. She understands the importance of adhering to her medication regimen and the proposed lifestyle changes. She was advised to reach out if her symptoms worsen or if she experiences any side effects from the medication.

**Additional Notes**
- The patient has no significant previous diagnoses, no known drug allergies, and a family history of generalized anxiety disorder (mother). She is a native English speaker, employed as a high school teacher, and lives in an urban area with moderate pollution levels.

---

This structured format ensures a comprehensive approach to documenting the patient's subjective experience, objective findings, clinical assessment, and detailed plan for management and follow-up."|"**1. Subjective:**

**Chief Complaint (CC)**
The patient presents with symptoms of anxiety.

**History of Present Illness (HPI)**
Jane Doe is a 32-year-old female who presents today for the evaluation of anxiety-related symptoms. She reports experiencing moderate anxiety consistently over the past 2 months. She describes associated symptoms including insomnia, palpitations, restlessness, and difficulty concentrating. The anxiety has significantly impacted her daily activities, leading to decreased work productivity and difficulty maintaining social engagements. Despite being a non-smoker and consuming alcohol only occasionally on weekends, her lifestyle involves irregular meals and high coffee intake. She rarely exercises and sleeps only 4-5 hours per night, often having trouble falling and staying asleep. Recently, she has also lost interest in recreational activities she once enjoyed, such as reading.

**Review of Systems (ROS)**
- **Psychiatric:** Reports moderate anxiety, insomnia, and restlessness.
- **Cardiovascular:** Reports palpitations.
- **Neurological:** Reports difficulty concentrating.
- **Respiratory:** No cough, no shortness of breath.
- **Gastrointestinal:** No nausea, vomiting, or diarrhea.

**2. Objective:**
**Vital Signs**
- Not measured in this consultation.
  
**Physical Exam**
- NA (Physical exam not relevant to symptom presentation).

**3. Assessment:**
Adjustment Disorder with Anxiety (F43.22).

**4. Plan:**
1. **Treatment:**
   - Referral to Dr. Elizabeth Norton, a licensed therapist specializing in anxiety disorders, for Cognitive Behavioral Therapy (CBT).
   - Prescription for Sertraline 50 mg, oral, once daily in the morning, for 3 months, 90 tablets.

2. **Lifestyle Recommendations:**
   - Encourage mindfulness meditation practices.
   - Advise daily physical exercise (e.g., 30 minutes of walking).

3. **Follow-Up:**
   - Schedule a follow-up appointment in 4 weeks to assess progress and adjust treatment as necessary.

**Instructions to Patient**
- Jane was cooperative and motivated to follow the medical advice provided. She understands the importance of adhering to her medication regimen and the proposed lifestyle changes. She was advised to reach out if her symptoms worsen or if she experiences any side effects from the medication.

**Additional Notes**
- The patient has no significant previous diagnoses, no known drug allergies, and a family history of generalized anxiety disorder (mother). She is a native English speaker, employed as a high school teacher, and lives in an urban area with moderate pollution levels."|"**1. Subjective:**

**CC**
Pt presents with sx of anxiety.

**HPI**
Jane Doe is a 32 y/o F who presents today for eval of anxiety-related sx. She reports experiencing moderate anxiety consistently over the past 2 mos. She describes associated sx including insomnia, palpitations, restlessness, and difficulty concentrating. The anxiety has significantly impacted her ADLs, leading to decreased work productivity and difficulty maintaining social engagements. Despite being a non-smoker and consuming ETOH only occasionally on weekends, her lifestyle involves irregular meals and high coffee intake. She rarely exercises and sleeps only 4-5 hrs per night, often having trouble falling and staying asleep. Recently, she has also lost interest in recreational activities she once enjoyed, such as reading.

**ROS**
- **Psych:** Reports moderate anxiety, insomnia, and restlessness.
- **CV:** Reports palpitations.
- **Neuro:** Reports difficulty concentrating.
- **Resp:** No cough, no SOB.
- **GI:** No N/V/D.

**2. Objective:**
**VS**
- Not measured in this consultation.
  
**PE**
- NA (Physical exam not relevant to sx presentation).

**3. Assessment:**
Adjustment Disorder with Anxiety (F43.22).

**4. Plan:**
1. **Tx:**
   - Referral to Dr. Elizabeth Norton, a licensed therapist specializing in anxiety disorders, for CBT.
   - Rx for Sertraline 50 mg PO QD AM for 3 mos, 90 tabs.

2. **Lifestyle Recommendations:**
   - Encourage mindfulness meditation practices.
   - Advise daily physical exercise (e.g., 30 mins of walking).

3. **F/U:**
   - Schedule a F/U appt in 4 wks to assess progress and adjust tx as necessary.

**Instructions to Pt**
- Jane was cooperative and motivated to follow the medical advice provided. She understands the importance of adhering to her med regimen and the proposed lifestyle changes. She was advised to reach out if her sx worsen or if she experiences any SEs from the med.

**Additional Notes**
- The pt has no significant previous dx, no known drug allergies, and a FHx of generalized anxiety disorder (mother). She is a native English speaker, employed as a high school teacher, and lives in an urban area with moderate pollution levels."|Family Medicine Physician|"[doctor] Hi, good morning. How are you doing today?

[patient] Good morning. I've been better, to be honest. I'm really struggling with anxiety lately.

[doctor] I'm sorry to hear that. Can you tell me a bit more about what's been going on?

[patient] Sure. I've been feeling anxious for about two months now. It's pretty constant and it's really affecting my daily life.

[doctor] I see. Can you describe some of the symptoms you're experiencing?

[patient] Well, I have trouble sleeping. I can't fall asleep easily and when I do, I wake up multiple times during the night. I also feel my heart racing sometimes, like palpitations. I just can't seem to relax or concentrate on anything.

[doctor] Hmm, that sounds quite distressing. How has this impacted your daily activities?

[patient] It's been tough. My work productivity has gone down, and I find it hard to keep up with social engagements. I used to love reading, but I don't even enjoy that anymore.

[doctor] That must be very challenging. Do you smoke or drink alcohol?

[patient] I don't smoke, but I do drink alcohol occasionally, mostly on weekends.

[doctor] Okay. How about your diet and exercise habits?

[patient] My meals are pretty irregular, and I drink a lot of coffee. I rarely exercise, and I only sleep about 4-5 hours a night.

[doctor] I see. Have you noticed any other symptoms, like nausea or shortness of breath?

[patient] No, no nausea or shortness of breath.

[doctor] Alright, let me summarize what you've told me so far. You've been experiencing moderate anxiety for the past two months, with symptoms like insomnia, palpitations, restlessness, and difficulty concentrating. This has affected your work and social life. You have irregular meals, high coffee intake, and limited exercise, along with a history of occasional alcohol use. Is that correct?

[patient] Yes, that's right.

[doctor] Okay. Can you tell me about your family history? Is there any history of anxiety or other mental health conditions?

[patient] Yes, my mother has generalized anxiety disorder.

[doctor] Thank you for sharing that. Based on what you've described, it sounds like you're experiencing Adjustment Disorder with Anxiety. I'll be referring you to Dr. Elizabeth Norton, a therapist who specializes in anxiety disorders, for Cognitive Behavioral Therapy. How does that sound?

[patient] That sounds good. I've heard CBT can be very effective.

[doctor] Yes, it can be. In addition to therapy, I would like to prescribe you Sertraline 50 mg, to take once daily in the morning. This is an anti-anxiety medication that can help manage your symptoms. We'll start with a 3-month supply and see how you respond. Is that okay?

[patient] Yes, I'm willing to try it.

[doctor] Great. Alongside the medication and therapy, I'd also recommend incorporating some lifestyle changes. Mindfulness meditation can be very helpful for managing anxiety. Have you tried that before?

[patient] No, I haven't, but I'm open to it.

[doctor] Excellent. I'd also encourage you to get some daily physical exercise, even just 30 minutes of walking. Exercise can significantly improve anxiety symptoms.

[patient] Okay, I can try to fit that into my schedule.

[doctor] Wonderful. Let's schedule a follow-up appointment in four weeks to see how you're doing and make any necessary adjustments to your treatment. 

[patient] Sounds good. Thank you, doctor.

[doctor] You're welcome. Remember, if your symptoms worsen or if you experience any side effects from the medication, please reach out immediately. You're cooperative and motivated, which is a great start. Do you have any questions for me?

[patient] Not right now. I think I have a good understanding of what I need to do.

[doctor] That's great. I'll see you in four weeks then. Take care of yourself.

[patient] Thank you, doctor. I'll do my best."|"[doctor] Hi, good morning. How are you doing today?

[patient] Good morning. I've been better, to be honest. I'm really struggling with anxiety lately.

[doctor] I'm sorry to hear that. Can you tell me a bit more about what's been going on?

[patient] Sure. I've been feeling anxious for about two months now. It's pretty constant and it's really affecting my daily life.

[doctor] I see. Can you describe some of the symptoms you're experiencing?

[patient] Well, I have trouble sleeping. I can't fall asleep easily and when I do, I wake up multiple times during the night. I also feel my heart racing sometimes, like palpitations. I just can't seem to relax or concentrate on anything.

[doctor] Hmm, that sounds quite distressing. How has this impacted your daily activities?

[patient] It's been tough. My work productivity has gone down, and I find it hard to keep up with social engagements. I used to love reading, but I don't even enjoy that anymore.

[doctor] That must be very challenging. Do you smoke or drink alcohol?

[patient] I don't smoke, but I do drink alcohol occasionally, mostly on weekends.

[doctor] Okay. How about your diet and exercise habits?

[patient] My meals are pretty irregular, and I drink a lot of coffee. I rarely exercise, and I only sleep about 4-5 hours a night.

[doctor] I see. Have you noticed any other symptoms, like nausea or shortness of breath?

[patient] No, no nausea or shortness of breath.

[doctor] Alright, let me summarize what you've told me so far. You've been experiencing moderate anxiety for the past two months, with symptoms like insomnia, palpitations, restlessness, and difficulty concentrating. This has affected your work and social life. You have irregular meals, high coffee intake, and limited exercise, along with a history of occasional alcohol use. Is that correct?

[patient] Yes, that's right.

[doctor] Okay. Can you tell me about your family history? Is there any history of anxiety or other mental health conditions?

[patient] Yes, my mother has generalized anxiety disorder.

[doctor] Thank you for sharing that. Based on what you've described, it sounds like you're experiencing Adjustment Disorder with Anxiety. I'll be referring you to Dr. Elizabeth Norton, a therapist who specializes in anxiety disorders, for Cognitive Behavioral Therapy. How does that sound?

[patient] That sounds good. I've heard CBT can be very effective.

[doctor] Yes, it can be. In addition to therapy, I would like to prescribe you Sertraline 50 mg, to take once daily in the morning. This is an anti-anxiety medication that can help manage your symptoms. We'll start with a 3-month supply and see how you respond. Is that okay?

[patient] Yes, I'm willing to try it.

[doctor] Great. Alongside the medication and therapy, I'd also recommend incorporating some lifestyle changes. Mindfulness meditation can be very helpful for managing anxiety. Have you tried that before?

[patient] No, I haven't, but I'm open to it.

[doctor] Excellent. I'd also encourage you to get some daily physical exercise, even just 30 minutes of walking. Exercise can significantly improve anxiety symptoms.

[patient] Okay, I can try to fit that into my schedule.

[doctor] Wonderful. Let's schedule a follow-up appointment in four weeks to see how you're doing and make any necessary adjustments to your treatment. 

[patient] Sounds good. Thank you, doctor.

[doctor] You're welcome. Remember, if your symptoms worsen or if you experience any side effects from the medication, please reach out immediately. You're cooperative and motivated, which is a great start. Do you have any questions for me?

[patient] Not right now. I think I have a good understanding of what I need to do.

[doctor] That's great. I'll see you in four weeks then. Take care of yourself.

[patient] Thank you, doctor. I'll do my best."
ADJUSTMENT DISORDER WITH ANXIETY|"ROLE: Psychiatrist

### Scenario:

**1) Medical Outcome:**
- Diagnosis: Adjustment Disorder with Anxiety (ICD-10: F43.22)
- Prescribed Treatment: 
  - Medication: Sertraline 50 mg, oral, once daily, quantity: 30 tablets, duration: 1 month.
  - Follow-up Recommendations: Follow-up in 4 weeks to assess response to medication and therapy adherence.
  - Referral to Specialists: Referral to a licensed therapist for cognitive-behavioral therapy (CBT), Dr. Jane Smith, Clinical Psychologist.
  - Lifestyle Change: Engage in regular physical exercise, practice mindfulness or meditation daily, limit caffeine intake.

**2) Medical History:**
- Previous Diagnoses: Generalized Anxiety Disorder
- Family Medical History: Mother has a history of anxiety and depression.
- Medication History: Previously prescribed Escitalopram, discontinued due to side effects.
- Allergies: No known allergies.
- Chronic Conditions: No other chronic conditions.

**3) Symptom Description:**
- Severity: Moderate
- Duration: Symptoms present for the past 3 months following a job loss.
- Associated Symptoms: Insomnia, irritability, and diminished interest in recreational activities.
- Frequency: Symptoms occur daily.
- Impact on Daily Activities: Difficulty maintaining family relationships and daily functioning due to persistent anxiety and worry.

**4) Patient's Self-Reported Habits and Lifestyle:**
- Sleep: Poor sleep quality, averaging 4-5 hours of interrupted sleep per night.
- Diet: Irregular eating habits, often skipping meals.
- Exercise: Sedentary lifestyle, no regular physical activity.
- Tobacco Use: Smokes 5-6 cigarettes per day.
- Alcohol Consumption: Consumes alcohol socially, about 1-2 times per month.
- Drug Use: Denies use of recreational drugs.
- Recreational Activities: Minimal engagement in hobbies previously enjoyed, such as reading and gardening.

**5) Demographic Information:**
- Age: 35
- Gender: Male
- Ethnicity: Caucasian
- Socio-economic Status: Middle class, recently unemployed
- Education Level: Bachelor's degree in Business Administration
- Health Literacy: Moderate understanding of health and medical information
- Job Status: Recently lost job, currently seeking new employment.

**6) Patient's Behavior:**
- Cooperation Level: Cooperative and motivated to follow the treatment plan.

**7) Geographical Location:**
- Urban area
- Neighborhood Type: Affluent, well-served by transit, with access to green spaces.
- Environmental Health Risks: Low

**8) Clinical Setting:**
- Private Practice

**9) Type of Encounter:**
- Initial Consultation

**10) Treatment Disparities:**
- No apparent disparities noted

**11) Native or Non-Native English Speaking Patient:**
- Native English Speaker

**12) Physical Exams:**
- NA

**13) Investigation/Test results:**
- NA"|Rejected|Rejected|Rejected|Rejected||
ADJUSTMENT DISORDER WITH ANXIETY|"ROLE: Psychiatrist

### Scenario:

**1) Medical Outcome:**
- Diagnosis: Adjustment Disorder with Anxiety (ICD-10: F43.22)
- Prescribed Treatment:
  - Medication: Diazepam 5 mg, oral, twice daily as needed for severe anxiety, quantity: 30 tablets, duration: 1 month.
  - Follow-up Recommendations: Follow-up in 2 weeks to assess the response to medication and adjust therapy as needed.
  - Referral to Specialist: Referral to a licensed therapist for psychodynamic therapy, Dr. Mark Robinson, Clinical Psychologist.
  - Lifestyle Change: Encourage regular physical exercise, incorporate a balanced diet, practice relaxation techniques such as yoga or tai chi, reduce tobacco use.

**2) Medical History:**
- Previous Diagnoses: Major Depressive Disorder, treated with Fluoxetine in the past.
- Family Medical History: Father with a history of alcohol dependence.
- Medication History: Previously used Fluoxetine, discontinued due to remission.
- Allergies: Penicillin

**3) Symptom Description:**
- Severity: Severe
- Duration: Present for the past 6 weeks following a divorce.
- Associated Symptoms: Panic attacks, trembling, difficulty concentrating, and social withdrawal.
- Frequency: Symptoms occur multiple times a day.
- Impact on Daily Activities: Significant impairment in work performance and social interactions.

**4) Patient's Self-Reported Habits and Lifestyle:**
- Sleep: Difficulty falling asleep, frequent awakenings, averages 3-4 hours of sleep per night.
- Diet: Irregular eating patterns, frequent fast food intake.
- Exercise: Occasional walking, no structured exercise routine.
- Tobacco Use: Smokes 10 cigarettes per day.
- Alcohol Consumption: Drinks alcohol heavily on weekends, 4-5 drinks per occasion.
- Drug Use: Occasional marijuana use.
- Recreational Activities: Ceased participation in previously enjoyed activities like hiking and painting.

**5) Demographic Information:**
- Age: 28
- Gender: Female
- Ethnicity: Hispanic
- Socio-economic Status: Lower middle class, financially strained post-divorce
- Education Level: High school diploma
- Health Literacy: Limited understanding of mental health conditions
- Job Status: Employed as a waitress, but considering taking leave due to mental health

**6) Patient's Behavior:**
- Cooperation Level: Generally cooperative but expresses frustration about the slow improvement rate.

**7) Geographical Location:**
- Big City
- Neighborhood Type: Impoverished, food desert, high pollution levels

**8) Clinical Setting:**
- Community Health Services

**9) Type of Encounter:**
- Chronic Disease Management

**10) Treatment Disparities:**
- Economic constraints leading to limited access to high-quality mental health care.

**11) Native or Non-Native English Speaking Patient:**
- Non-Native English Speaker, primary language is Spanish

**12) Physical Exams:**
- NA

**13) Investigation/Test results:**
- Ordered a complete blood count (CBC) to rule out any underlying physical issues contributing to fatigue and dizziness. Results pending."|Rejected|Rejected|Rejected|Rejected||
ADJUSTMENT DISORDER WITH ANXIETY|"ROLE: Psychiatrist

### Scenario:

**1) Medical Outcome:**
- Diagnosis: Adjustment Disorder with Anxiety (ICD-10: F43.22)
- Prescribed Treatment:
  - Medication: Lorazepam 1 mg, oral, twice daily as needed for severe anxiety, quantity: 60 tablets, duration: 1 month.
  - Follow-up Recommendations: Follow-up in 3 weeks to assess response to medication and adjust therapy as needed.
  - Referral to Specialist: Referral to a licensed therapist for dialectical behavior therapy (DBT), Dr. Sarah Johnson, Clinical Social Worker.
  - Lifestyle Change: Encourage regular physical exercise, incorporate a balanced diet, practice relaxation techniques such as mindfulness or progressive muscle relaxation, reduce tobacco use to 2-3 cigarettes per day.

**2) Medical History:**
- Previous Diagnoses: Panic Disorder, previously treated with Alprazolam.
- Family Medical History: Brother with a history of bipolar disorder.
- Medication History: Previously used Alprazolam, discontinued due to dependency concerns.
- Allergies: No known allergies.
- Chronic Conditions: Mild asthma

**3) Symptom Description:**
- Severity: Severe
- Duration: Present for the past 8 weeks following the sudden death of a close friend.
- Associated Symptoms: Rapid heartbeat, excessive sweating, feelings of dread, inability to relax.
- Frequency: Symptoms occur several times a day.
- Impact on Daily Activities: Severe disruption in daily routines, avoiding social interactions, frequent absenteeism from work.

**4) Patient's Self-Reported Habits and Lifestyle:**
- Sleep: Severe insomnia, averaging 2-3 hours of sleep per night despite attempts to sleep hygiene practices.
- Diet: Poor appetite, significant weight loss over the past month.
- Exercise: No regular physical activity.
- Tobacco Use: Smokes 12-15 cigarettes per day, increased from 5-6 due to stress.
- Alcohol Consumption: Occasional light drinking, 1-2 glasses of wine per week.
- Drug Use: Denies use of recreational drugs.
- Recreational Activities: Stopped attending social gatherings and ceased painting, a previously enjoyed hobby.

**5) Demographic Information:**
- Age: 40
- Gender: Female
- Ethnicity: African American
- Socio-economic Status: Middle class, working in a corporate job
- Education Level: Master's degree in Marketing
- Health Literacy: High understanding of health and medical information
- Job Status: Employed full-time, but considering medical leave

**6) Patient's Behavior:**
- Cooperation Level: Highly cooperative, actively seeking help and adherent to treatment plans.

**7) Geographical Location:**
- Rural area
- Neighborhood Type: Affluent, but limited access to mental health services

**8) Clinical Setting:**
- Telemedicine

**9) Type of Encounter:**
- Initial Consultation

**10) Treatment Disparities:**
- Limited access to mental health specialists locally due to rural setting, relying on telemedicine.

**11) Native or Non-Native English Speaking Patient:**
- Native English Speaker

**12) Physical Exams:**
- NA

**13) Investigation/Test Results:**
- Ordered: Electrocardiogram (ECG) to rule out any cardiac issues contributing to palpitations. Results pending."|Rejected|Rejected|Rejected|Rejected||
