Disease Description|Scenario|Note|Polished Note|Abbreviated Note|Role|dial|polished_dial
CALCULUS OF GALLBLADDER WITHOUT CHOLECYSTITIS WITHOUT OBSTRUCTION|"ROLE: Gastroenterologist

Demographic Information:
- Age: 45
- Gender: Female
- Ethnicity: Hispanic
- Socio-economic Status: Middle class
- Education Level: College graduate
- Health Literacy: High
- Job Status: Office worker

Clinical Setting:
- Private Practice

Type of Encounter:
- Initial Consultation

Medical History:
- Previous Diagnoses: Hypertension, Hyperlipidemia
- Family Medical History: Mother had gallstones
- Medication History: Losartan 50mg once daily, Atorvastatin 20mg once daily
- Allergies: NKDA
- Chronic Conditions: Hypertension, Hyperlipidemia

Symptom Description:
- Severity: Moderate to severe
- Duration: 3 months
- Associated Symptoms: Intermittent right upper quadrant abdominal pain, bloating, nausea
- Frequency: Pain occurs after meals, especially fatty foods
- Impact on Daily Activities: Patient avoids eating fatty foods and experiences discomfort during work hours

Patient’s self-reported habits and lifestyle:
- Sleep: 7 hours per night, disturbed by abdominal pain
- Diet: Generally balanced but occasionally indulges in fatty foods
- Exercise: Walks 3 times a week, 30 minutes each session
- Tobacco Use: None
- Alcohol Consumption: Social drinker, 1-2 glasses of wine per week
- Drug Use: None
- Recreational Activities: Enjoys reading and gardening

Patient's Behavior:
- Highly cooperative and motivated to follow medical advice

Geographical Location:
- Big City
- Urban
- Affluent Neighborhood
- Well-served by Transit

Physical exams:
- Abdominal examination reveals tenderness in the right upper quadrant without rebound or guarding

Investigation/Test results:
- Awaiting: Abdominal Ultrasound to evaluate for gallstones and the status of the gallbladder 

Medical Outcome:
- Diagnosis: Calculus of gallbladder without cholecystitis without obstruction
- Prescribed Treatment: Symptomatic management with dietary modification; avoidance of fatty foods
- Follow-up Recommendations: Follow-up appointment in 2 weeks to review ultrasound results and discuss potential surgical options if symptoms persist
- Referral to Specialists: Referral to a general surgeon, Dr. Robert Clarke, for evaluation of potential cholecystectomy based on ultrasound findings
- Medication Adjustment: Prescribed Ursodiol 300mg twice daily for 3 months to potentially dissolve gallstones and reduce symptoms
- Lifestyle Change: Advised on small, low-fat meals and increase intake of fruits and vegetables"|"#####
**1. Subjective:**
   - **Chief Complaint (CC):** Intermittent right upper quadrant abdominal pain, bloating, and nausea.
   - **History of Present Illness (HPI):** 
      - A 45-year-old Hispanic female presents with a 3-month history of intermittent right upper quadrant abdominal pain. The pain is moderate to severe in intensity and is often triggered by meals, especially those high in fat. The patient also reports associated symptoms of bloating and nausea. She has been avoiding fatty foods due to discomfort and finds it disruptive to her daily activities, including her work as an office worker.
      - She reports that the pain sometimes disturbs her sleep. She has no history of tobacco or drug use and consumes alcohol socially, with 1-2 glasses of wine per week. The patient maintains a generally balanced diet and exercises by walking 3 times a week for 30 minutes per session.
   - **Review of Systems (ROS):**
      - **Constitutional:** Negative for fever, weight loss.
      - **Gastrointestinal:** Positive for abdominal pain, bloating, nausea; no vomiting or diarrhea.
      - **Cardiovascular:** Negative for chest pain, palpitations.
      - **Musculoskeletal:** No muscle pain or joint stiffness.

**2. Objective:**
   - **Vital Signs:**
      - Blood pressure: 130/85 mmHg
      - Heart rate: 78 bpm
      - Respiratory rate: 16 breaths/min
      - Temperature: 98.6°F (37°C)
      - BMI: 25.3 kg/m²
   - **Physical Examination Findings:**
      - **General:** Well-developed, well-nourished female in no acute distress.
      - **Abdomen:** Tenderness in the right upper quadrant without rebound or guarding.
      - **Cardiovascular:** Regular rate and rhythm, no murmurs or gallops.
      - **Respiratory:** Clear to auscultation bilaterally, no wheezes or rales.

**3. Assessment:**
   - Calculus of gallbladder without cholecystitis and without obstruction.

**4. Plan:**
   - **Symptomatic Management:**
      - Dietary modifications with avoidance of fatty foods.
      - Prescribed Ursodiol 300mg twice daily for 3 months to potentially dissolve gallstones and reduce symptoms.
   - **Follow-up Recommendations:**
      - Follow-up appointment in 2 weeks to review abdominal ultrasound results and discuss potential surgical options if symptoms persist.
   - **Referral to Specialists:**
      - Referral to general surgeon, Dr. Robert Clarke, for evaluation of potential cholecystectomy based on ultrasound findings.
   - **Lifestyle Changes:**
      - Advised on small, low-fat meals and increasing intake of fruits and vegetables.
      - Encouraged to continue regular exercise and maintain a balanced diet.
   
   **Instructions:**
   - Patient to follow up in 2 weeks.
   - Continue current medications: Losartan 50mg once daily, Atorvastatin 20mg once daily.
   - Watch for any signs of increased pain, fever, or jaundice and report immediately."|"#####
**1. Subjective:**
   - **Chief Complaint (CC):** Intermittent right upper quadrant abdominal pain, bloating, and nausea.
   - **History of Present Illness (HPI):** 
      - A 45-year-old Hispanic female presents with a 3-month history of intermittent right upper quadrant abdominal pain. The pain is moderate to severe in intensity and is often triggered by meals, especially those high in fat. The patient also reports associated symptoms of bloating and nausea. She has been avoiding fatty foods due to discomfort and finds it disruptive to her daily activities, including her work as an office worker.
      - She reports that the pain sometimes disturbs her sleep. She has no history of tobacco or drug use and consumes alcohol socially, with 1-2 glasses of wine per week. The patient maintains a generally balanced diet and exercises by walking 3 times a week for 30 minutes per session.
   - **Review of Systems (ROS):**
      - **Constitutional:** Negative for fever, weight loss.
      - **Gastrointestinal:** Positive for abdominal pain, bloating, nausea; no vomiting or diarrhea.
      - **Cardiovascular:** Negative for chest pain, palpitations.
      - **Musculoskeletal:** No muscle pain or joint stiffness.

**2. Objective:**
   - **Vital Signs:**
      - Blood pressure: 130/85 mmHg
      - Heart rate: 78 bpm
      - Respiratory rate: 16 breaths/min
      - Temperature: 98.6°F (37°C)
      - BMI: 25.3 kg/m²
   - **Physical Examination Findings:**
      - **General:** Well-developed, well-nourished female in no acute distress.
      - **Abdomen:** Tenderness in the right upper quadrant without rebound or guarding.
      - **Cardiovascular:** Regular rate and rhythm, no murmurs or gallops.
      - **Respiratory:** Clear to auscultation bilaterally, no wheezes or rales.

**3. Assessment:**
   - Calculus of gallbladder without cholecystitis and without obstruction.

**4. Plan:**
   - **Symptomatic Management:**
      - Dietary modifications with avoidance of fatty foods.
      - Prescribed Ursodiol 300mg twice daily for 3 months to potentially dissolve gallstones and reduce symptoms.
   - **Follow-up Recommendations:**
      - Follow-up appointment in 2 weeks to review abdominal ultrasound results and discuss potential surgical options if symptoms persist.
   - **Referral to Specialists:**
      - Referral to general surgeon, Dr. Robert Clarke, for evaluation of potential cholecystectomy based on ultrasound findings.
   - **Lifestyle Changes:**
      - Advised on small, low-fat meals and increasing intake of fruits and vegetables.
      - Encouraged to continue regular exercise and maintain a balanced diet.
   - **Instructions:**
      - Patient to follow up in 2 weeks.
      - Continue current medications: Losartan 50mg once daily, Atorvastatin 20mg once daily.
      - Watch for any signs of increased pain, fever, or jaundice and report immediately."|"#####
**1. Subjective:**
   - **CC:** Intermittent RUQ abdominal pain, bloating, and nausea.
   - **HPI:** 
      - A 45 y/o Hispanic F presents with a 3-month hx of intermittent RUQ abdominal pain. The pain is moderate to severe in intensity and is often triggered by meals, especially those high in fat. The pt also reports associated sx of bloating and nausea. She has been avoiding fatty foods due to discomfort and finds it disruptive to her daily activities, including her work as an office worker.
      - She reports that the pain sometimes disturbs her sleep. She has no hx of tobacco or drug use and consumes ETOH socially, with 1-2 glasses of wine per week. The pt maintains a generally balanced diet and exercises by walking 3x/week for 30 min per session.
   - **ROS:**
      - **Constitutional:** Negative for fever, weight loss.
      - **GI:** Positive for abdominal pain, bloating, nausea; no vomiting or diarrhea.
      - **CV:** Negative for chest pain, palpitations.
      - **MSK:** No muscle pain or joint stiffness.

**2. Objective:**
   - **VS:**
      - BP: 130/85 mmHg
      - HR: 78 bpm
      - RR: 16 breaths/min
      - Temp: 98.6°F (37°C)
      - BMI: 25.3 kg/m²
   - **PE Findings:**
      - **General:** Well-developed, well-nourished F in no acute distress.
      - **Abd:** Tenderness in the RUQ without rebound or guarding.
      - **CV:** Regular rate and rhythm, no murmurs or gallops.
      - **Resp:** Clear to auscultation bilaterally, no wheezes or rales.

**3. Assessment:**
   - Calculus of GB without cholecystitis and without obstruction.

**4. Plan:**
   - **Symptomatic Mgmt:**
      - Dietary modifications with avoidance of fatty foods.
      - Rx'ed Ursodiol 300mg BID for 3 months to potentially dissolve gallstones and reduce sx.
   - **F/U Recommendations:**
      - F/U appointment in 2 weeks to review abd US results and discuss potential surgical options if sx persist.
   - **Referral to Specialists:**
      - Referral to general surg, Dr. Robert Clarke, for eval of potential cholecystectomy based on US findings.
   - **Lifestyle Changes:**
      - Advised on small, low-fat meals and increasing intake of fruits and vegetables.
      - Encouraged to continue regular exercise and maintain a balanced diet.
   - **Instructions:**
      - Pt to F/U in 2 weeks.
      - Continue current meds: Losartan 50mg QD, Atorvastatin 20mg QD.
      - Watch for any signs of increased pain, fever, or jaundice and report immediately."|Gastroenterologist|"#####
**Doctor:** Hello, how are you doing today?

**Patient:** Hi doctor, I'm okay, but I've been having some issues with my abdomen.

**Doctor:** I see. Can you tell me more about what's been going on?

**Patient:** Sure. I've been having this intermittent pain in my right upper abdomen for about three months now. It's quite bothersome.

**Doctor:** Hmm. How would you describe the pain? Is it constant, or does it come and go?

**Patient:** It comes and goes. It can be pretty intense, especially after I eat meals that are high in fat.

**Doctor:** I see. How would you rate the pain on a scale of 1 to 10, with 10 being the worst?

**Patient:** I'd say it ranges from a 5 to an 8, depending on what I eat.

**Doctor:** Are there any other symptoms that come with the pain?

**Patient:** Yes, I also feel bloated and nauseous. Sometimes, the pain even wakes me up at night.

**Doctor:** That sounds very uncomfortable. Have you been able to identify any specific triggers for this pain?

**Patient:** It seems worse if I eat fatty foods, so I've started avoiding them. But it's really disruptive to my daily life, including my work.

**Doctor:** I can imagine that must be difficult. Do you have any other symptoms like fever, vomiting, or diarrhea?

**Patient:** No, I haven't had a fever or vomiting. Just the pain, bloating, and nausea.

**Doctor:** Alright, how about any chest pain or palpitations?

**Patient:** No, none of that.

**Doctor:** Any muscle pain or joint stiffness?

**Patient:** No, none of that either.

**Doctor:** Okay, that's helpful to know. Do you smoke or use any recreational drugs?

**Patient:** No, I don't smoke or use drugs. I do drink socially, maybe 1-2 glasses of wine a week.

**Doctor:** That's good to know. How's your diet generally?

**Patient:** I try to eat a balanced diet and I exercise by walking three times a week for about 30 minutes.

**Doctor:** That's great to hear. Let's go over some basic information. Your blood pressure is 130/85 mmHg, heart rate is 78 bpm, respiratory rate is 16 breaths per minute, and your temperature is 98.6°F. Your BMI is 25.3 kg/m².

**Patient:** Okay, that sounds normal.

**Doctor:** Yes, overall it looks good. Now, let's do a physical exam. Please lie down, and I'll check your abdomen.

**Patient:** Sure.

**Doctor:** (Performing the exam) I can feel some tenderness in your right upper quadrant, but there's no rebound or guarding. Your heart and lungs sound normal.

**Patient:** What does that mean?

**Doctor:** It means that while there's some tenderness in your abdomen, there are no signs of acute distress or severe complications at the moment.

**Patient:** That's a relief to hear.

**Doctor:** Based on your symptoms and the physical exam, it looks like you might have gallstones without an infection or blockage.

**Patient:** Oh, I see. What does that mean for me?

**Doctor:** For now, we'll manage your symptoms with some dietary modifications and medication. I'll prescribe Ursodiol 300mg twice daily for three months. This medication can help dissolve gallstones and reduce your symptoms.

**Patient:** Alright, I can do that.

**Doctor:** I'll also refer you to a general surgeon, Dr. Robert Clarke, to evaluate if you might need surgery to remove your gallbladder, depending on the results of your abdominal ultrasound.

**Patient:** Surgery? That sounds serious.

**Doctor:** It's a common procedure called a cholecystectomy, and it might be necessary if your symptoms persist. But let's wait for the ultrasound results first.

**Patient:** Okay, that makes sense. What should I do in the meantime?

**Doctor:** Avoid fatty foods as much as possible. Try eating smaller, more frequent meals that are low in fat. Increase your intake of fruits and vegetables and continue your regular exercise routine.

**Patient:** I can do that. Anything else?

**Doctor:** Continue taking your current medications: Losartan 50mg once daily and Atorvastatin 20mg once daily. And watch for any signs of increased pain, fever, or jaundice. If you notice any of those, contact me immediately.

**Patient:** Got it. I'll keep an eye on that.

**Doctor:** Great. I'll see you for a follow-up appointment in two weeks to review your ultrasound results and discuss further steps.

**Patient:** Thank you, doctor. I appreciate all your help.

**Doctor:** You're welcome. Take care and see you in two weeks.

**Patient:** Bye.

**Doctor:** Bye."|"[doctor]: Hello, how are you doing today?

[patient]: Hi doctor, I'm okay, but I've been having some issues with my abdomen.

[doctor]: I see. Can you tell me more about what's been going on?

[patient]: Sure. I've been having this intermittent pain in my right upper abdomen for about three months now. It's quite bothersome.

[doctor]: Hmm. How would you describe the pain? Is it constant, or does it come and go?

[patient]: It comes and goes. It can be pretty intense, especially after I eat meals that are high in fat.

[doctor]: I see. How would you rate the pain on a scale of 1 to 10, with 10 being the worst?

[patient]: I'd say it ranges from a 5 to an 8, depending on what I eat.

[doctor]: Are there any other symptoms that come with the pain?

[patient]: Yes, I also feel bloated and nauseous. Sometimes, the pain even wakes me up at night.

[doctor]: That sounds very uncomfortable. Have you been able to identify any specific triggers for this pain?

[patient]: It seems worse if I eat fatty foods, so I've started avoiding them. But it's really disruptive to my daily life, including my work.

[doctor]: I can imagine that must be difficult. Do you have any other symptoms like fever, vomiting, or diarrhea?

[patient]: No, I haven't had a fever or vomiting. Just the pain, bloating, and nausea.

[doctor]: Alright, how about any chest pain or palpitations?

[patient]: No, none of that.

[doctor]: Any muscle pain or joint stiffness?

[patient]: No, none of that either.

[doctor]: Okay, that's helpful to know. Do you smoke or use any recreational drugs?

[patient]: No, I don't smoke or use drugs. I do drink socially, maybe 1-2 glasses of wine a week.

[doctor]: That's good to know. How's your diet generally?

[patient]: I try to eat a balanced diet and I exercise by walking three times a week for about 30 minutes.

[doctor]: That's great to hear. Let's go over some basic information. Your blood pressure is 130/85 mmHg, heart rate is 78 bpm, respiratory rate is 16 breaths per minute, and your temperature is 98.6°F. Your BMI is 25.3 kg/m².

[patient]: Okay, that sounds normal.

[doctor]: Yes, overall it looks good. Now, let's do a physical exam. Please lie down, and I'll check your abdomen.

[patient]: Sure.

[doctor]: (Performing the exam) I can feel some tenderness in your right upper quadrant, but there's no rebound or guarding. Your heart and lungs sound normal.

[patient]: What does that mean?

[doctor]: It means that while there's some tenderness in your abdomen, there are no signs of acute distress or severe complications at the moment.

[patient]: That's a relief to hear.

[doctor]: Based on your symptoms and the physical exam, it looks like you might have gallstones without an infection or blockage.

[patient]: Oh, I see. What does that mean for me?

[doctor]: For now, we'll manage your symptoms with some dietary modifications and medication. I'll prescribe Ursodiol 300mg twice daily for three months. This medication can help dissolve gallstones and reduce your symptoms.

[patient]: Alright, I can do that.

[doctor]: I'll also refer you to a general surgeon, Dr. Robert Clarke, to evaluate if you might need surgery to remove your gallbladder, depending on the results of your abdominal ultrasound.

[patient]: Surgery? That sounds serious.

[doctor]: It's a common procedure called a cholecystectomy, and it might be necessary if your symptoms persist. But let's wait for the ultrasound results first.

[patient]: Okay, that makes sense. What should I do in the meantime?

[doctor]: Avoid fatty foods as much as possible. Try eating smaller, more frequent meals that are low in fat. Increase your intake of fruits and vegetables and continue your regular exercise routine.

[patient]: I can do that. Anything else?

[doctor]: Continue taking your current medications: Losartan 50mg once daily and Atorvastatin 20mg once daily. And watch for any signs of increased pain, fever, or jaundice. If you notice any of those, contact me immediately.

[patient]: Got it. I'll keep an eye on that.

[doctor]: Great. I'll see you for a follow-up appointment in two weeks to review your ultrasound results and discuss further steps.

[patient]: Thank you, doctor. I appreciate all your help.

[doctor]: You're welcome. Take care and see you in two weeks.

[patient]: Bye.

[doctor]: Bye."
CALCULUS OF GALLBLADDER WITHOUT CHOLECYSTITIS WITHOUT OBSTRUCTION|"ROLE: General Surgeon

Demographic Information:
- Age: 60
- Gender: Male
- Ethnicity: African American
- Socio-economic Status: Low-income
- Education Level: High School Graduate
- Health Literacy: Low
- Job Status: Retired manual laborer

Symptom Description:
- Severity: Severe
- Duration: 2 weeks
- Associated Symptoms: Severe upper right abdominal pain, fever, nausea, and vomiting
- Frequency: Intermittent but severe episodes, mostly postprandial
- Impact on Daily Activities: Unable to perform daily activities due to severe pain and vomiting

Patient’s self-reported habits and lifestyle:
- Sleep: Poor, wakes frequently due to pain
- Diet: High-fat diet, frequently eats fried foods
- Exercise: Minimal due to pain
- Tobacco Use: Smokes 1 pack of cigarettes per day
- Alcohol Consumption: Occasional beer, less than weekly
- Drug Use: None
- Recreational Activities: Watching TV

Medical History:
- Previous Diagnoses: Type 2 diabetes, Hypertension
- Family Medical History: Mother had gallbladder issues; brother has diabetes
- Medication History: On metformin 500 mg twice daily, lisinopril 10 mg once daily
- Allergies: Penicillin
- Chronic Conditions: Diabetes, Hypertension

Patient's Behavior:
- Compliance: Poor compliance with diabetes and hypertension management, misses doses occasionally

Geographical Location:
- Rural area
- High pollution due to nearby factories
- Impoverished neighborhood, limited access to healthcare

Clinical Setting:
- Community Health Center

Type of Encounter:
- Emergency Visit

Treatment Disparities:
- Possible risk due to low-income and limited healthcare access

Native or Non-Native English Speaking Patient:
- Native English-speaking

Physical exams:
- Abdominal examination: Marked tenderness in the right upper quadrant, positive Murphy's sign, mild jaundice

Investigation/Test results:
- Awaiting results: Abdominal ultrasound focusing on gallbladder, biliary tree, and liver

Medical Outcome:
- Diagnosis: Calculus of gallbladder without cholecystitis without obstruction
- Prescribed Treatment: Emergency laparoscopic cholecystectomy due to severe symptoms and to prevent complications
- Follow-up Recommendations: Postoperative care and diabetes management review
- Medication: Prescribing pain management post-surgery, NSAIDs such as ibuprofen 400 mg, oral, every 6 hours as needed for pain, Total: 30 tablets.
- Lifestyle Change: Advised to quit smoking, initiate low-fat diet, and manage diabetes better
- Blood Work: Complete blood count (CBC), liver function tests (LFTs), and glycated hemoglobin (HbA1c) preoperatively
- Imaging Requests: Abdominal ultrasound, specifically focusing on gallbladder, biliary tree, and liver"|"**1. Subjective:**

**Chief Complaint (CC):**
Severe upper right abdominal pain, fever, nausea, and vomiting.

**History of Present Illness (HPI):**
The patient is a 60-year-old African American male presenting with severe upper right abdominal pain for the past 2 weeks. The pain is intermittent but severe, often occurring postprandially, and is associated with fever, nausea, and vomiting. The patient reports that the pain has significantly impacted his daily activities, preventing him from performing routine tasks. He has a high-fat diet, frequently consuming fried foods, and reports poor sleep due to the pain.

**Review of Systems (ROS):**
- Gastrointestinal: Reports severe upper right abdominal pain, nausea, vomiting, and mild jaundice. No changes in bowel habits or stool color reported.
- General: Reports fever, poor sleep, and significant discomfort.
- Cardiovascular: Denies chest pain or shortness of breath.
- Respiratory: Denies cough or difficulty breathing.
- Genitourinary: No urinary symptoms.
- Neurological: No dizziness or headaches.

**2. Objective:**

**Vital Signs:**
- Temperature: 102°F
- Blood Pressure: 150/90 mmHg
- Heart Rate: 95 bpm
- Respiratory Rate: 18 breaths per minute

**Physical Examination:**
- **Abdomen:**
  - Marked tenderness in the right upper quadrant.
  - Positive Murphy's sign.
  - Mild jaundice noted on inspection.

**Investigations:**
- Awaiting results: Abdominal ultrasound focusing on the gallbladder, biliary tree, and liver.

**3. Assessment:**
- Calculus of gallbladder without cholecystitis without obstruction.
  - Based on the patient's severe symptoms, history of postprandial pain, and physical examination findings including marked right upper quadrant tenderness and positive Murphy's sign.

**4. Plan:**

**Medical Treatment:**
- **Emergency Laparoscopic Cholecystectomy:** Due to severe symptoms and to prevent potential complications.
- **Pain Management:** Prescribe NSAIDs such as ibuprofen 400 mg, oral, every 6 hours as needed for pain (Total: 30 tablets).
- **Preoperative Blood Work:** Complete blood count (CBC), liver function tests (LFTs), and glycated hemoglobin (HbA1c).
- **Imaging:** Abdominal ultrasound focusing on the gallbladder, biliary tree, and liver.

**Patient Education and Counseling:**
- Discuss with the patient the importance of the emergency laparoscopic cholecystectomy to alleviate symptoms and prevent complications.
- Educate the patient on the need to quit smoking and initiate a low-fat diet to manage symptoms and improve overall health.
- Stress the importance of compliance with diabetes and hypertension management to prevent further health complications.

**Follow-Up Recommendations:**
- **Postoperative Care:** Schedule follow-up appointments to monitor recovery and manage diabetes.
- **Lifestyle Modification:** Refer the patient to a dietitian to assist with initiating a low-fat diet and to a smoking cessation program.
- **Diabetes Management Review:** Ensure proper diabetes management and adjust medications if necessary.

The patient understands and agrees with the recommended medical treatment plan. He will return for follow-up postoperative care and diabetes management review as instructed."|"**1. Subjective:**

**Chief Complaint (CC):**
Severe upper right abdominal pain, fever, nausea, and vomiting.

**History of Present Illness (HPI):**
The patient is a 60-year-old African American male presenting with severe upper right abdominal pain for the past 2 weeks. The pain is intermittent but severe, often occurring postprandially, and is associated with fever, nausea, and vomiting. The patient reports that the pain has significantly impacted his daily activities, preventing him from performing routine tasks. He has a high-fat diet, frequently consuming fried foods, and reports poor sleep due to the pain.

**Review of Systems (ROS):**
- Gastrointestinal: Reports severe upper right abdominal pain, nausea, vomiting, and mild jaundice. No changes in bowel habits or stool color reported.
- General: Reports fever, poor sleep, and significant discomfort.
- Cardiovascular: Denies chest pain or shortness of breath.
- Respiratory: Denies cough or difficulty breathing.
- Genitourinary: No urinary symptoms.
- Neurological: No dizziness or headaches.

**2. Objective:**

**Vital Signs:**
- Temperature: 102°F
- Blood Pressure: 150/90 mmHg
- Heart Rate: 95 bpm
- Respiratory Rate: 18 breaths per minute

**Physical Examination:**
- **Abdomen:**
  - Marked tenderness in the right upper quadrant.
  - Positive Murphy's sign.
  - Mild jaundice noted on inspection.

**3. Assessment:**
- Calculus of gallbladder without cholecystitis without obstruction.
  - Based on the patient's severe symptoms, history of postprandial pain, and physical examination findings including marked right upper quadrant tenderness and positive Murphy's sign.

**4. Plan:**

**Medical Treatment:**
- **Emergency Laparoscopic Cholecystectomy:** Due to severe symptoms and to prevent potential complications.
- **Pain Management:** Prescribe NSAIDs such as ibuprofen 400 mg, oral, every 6 hours as needed for pain (Total: 30 tablets).
- **Preoperative Blood Work:** Complete blood count (CBC), liver function tests (LFTs), and glycated hemoglobin (HbA1c).

**Patient Education and Counseling:**
- Discuss with the patient the importance of the emergency laparoscopic cholecystectomy to alleviate symptoms and prevent complications.
- Educate the patient on the need to quit smoking and initiate a low-fat diet to manage symptoms and improve overall health.
- Stress the importance of compliance with diabetes and hypertension management to prevent further health complications.

**Follow-Up Recommendations:**
- **Postoperative Care:** Schedule follow-up appointments to monitor recovery and manage diabetes.
- **Lifestyle Modification:** Refer the patient to a dietitian to assist with initiating a low-fat diet and to a smoking cessation program.
- **Diabetes Management Review:** Ensure proper diabetes management and adjust medications if necessary.

The patient understands and agrees with the recommended medical treatment plan. He will return for follow-up postoperative care and diabetes management review as instructed."|"**1. Subjective:**

**CC:**
Severe RUQ abd pain, fever, N/V.

**HPI:**
The pt is a 60 y/o AA male presenting with severe RUQ abd pain for the past 2 wks. The pain is intermittent but severe, often occurring postprandially, and is associated with fever, N/V. The pt reports that the pain has significantly impacted his ADLs, preventing him from performing routine tasks. He has a high-fat diet, frequently consuming fried foods, and reports poor sleep due to the pain.

**ROS:**
- GI: Reports severe RUQ abd pain, N/V, and mild jaundice. No changes in bowel habits or stool color reported.
- General: Reports fever, poor sleep, and significant discomfort.
- CV: Denies CP or SOB.
- Resp: Denies cough or difficulty breathing.
- GU: No urinary symptoms.
- Neuro: No dizziness or headaches.

**2. Objective:**

**VS:**
- Temp: 102°F
- BP: 150/90 mmHg
- HR: 95 bpm
- RR: 18 bpm

**PE:**
- **Abd:**
  - Marked tenderness in the RUQ.
  - +Murphy's sign.
  - Mild jaundice noted on inspection.

**3. Assessment:**
- Gallbladder calculus w/o cholecystitis w/o obstruction.
  - Based on the pt's severe symptoms, hx of postprandial pain, and PE findings including marked RUQ tenderness and +Murphy's sign.

**4. Plan:**

**Medical Tx:**
- **Emergent Lap Chole:** Due to severe symptoms and to prevent potential complications.
- **Pain Mgmt:** Rx NSAIDs such as ibuprofen 400 mg PO q6h PRN pain (Total: 30 tabs).
- **Pre-op Labs:** CBC, LFTs, and HbA1c.

**Pt Education and Counseling:**
- Discuss with the pt the importance of the emergent lap chole to alleviate symptoms and prevent complications.
- Educate the pt on the need to quit smoking and initiate a low-fat diet to manage symptoms and improve overall health.
- Stress the importance of compliance with DM and HTN mgmt to prevent further health complications.

**F/U Recommendations:**
- **Post-op Care:** Schedule F/U appts to monitor recovery and manage DM.
- **Lifestyle Mod:** Refer the pt to a dietitian to assist with initiating a low-fat diet and to a smoking cessation program.
- **DM Mgmt Review:** Ensure proper DM mgmt and adjust meds if necessary.

The pt understands and agrees with the recommended medical tx plan. He will return for F/U post-op care and DM mgmt review as instructed."|General Surgeon|"**[Doctor]**: Good afternoon. How are you doing today?

**[Patient]**: Not too well, doctor. I've been having some severe pain in my upper right abdomen.

**[Doctor]**: I'm sorry to hear that. How long have you been experiencing this pain?

**[Patient]**: It's been going on for the past two weeks.

**[Doctor]**: Is the pain constant, or does it come and go?

**[Patient]**: It's intermittent but very severe when it does occur, especially after I eat.

**[Doctor]**: I see. Do you notice any specific foods that trigger the pain?

**[Patient]**: It seems to get worse after I eat fried or fatty foods.

**[Doctor]**: Hmm, that’s important to note. Have you noticed any other symptoms accompanying the pain?

**[Patient]**: Yes, I've had a fever, nausea, and vomiting as well.

**[Doctor]**: How high has your fever been?

**[Patient]**: I haven't measured it every time, but it feels pretty high.

**[Doctor]**: Alright. Have you noticed any changes in your bowel habits or stool color?

**[Patient]**: No, nothing unusual there.

**[Doctor]**: How about your sleep? Has the pain affected that?

**[Patient]**: Yes, I haven't been sleeping well at all because of the pain.

**[Doctor]**: Got it. Do you have any other medical conditions, like diabetes or hypertension?

**[Patient]**: Yes, I have both diabetes and high blood pressure.

**[Doctor]**: And are you managing those conditions with medication?

**[Patient]**: Yes, I'm on medication for both.

**[Doctor]**: Okay, thanks for that information. Let's talk about some other systems briefly. Have you experienced any chest pain or shortness of breath?

**[Patient]**: No, none of that.

**[Doctor]**: How about any cough or difficulty breathing?

**[Patient]**: No, my breathing is fine.

**[Doctor]**: Any issues with urination?

**[Patient]**: No, no problems there.

**[Doctor]**: Any dizziness or headaches?

**[Patient]**: No, nothing like that.

**[Doctor]**: Okay, I want to take your vital signs now. 

**[Doctor]**: Your temperature is 102°F, blood pressure is 150/90 mmHg, heart rate is 95 bpm, and respiratory rate is 18 breaths per minute. Let's do a physical examination next.

**[Doctor]**: I'm going to press on your abdomen. Let me know if you feel any pain.

**[Patient]**: Ouch, that hurts a lot in the upper right area.

**[Doctor]**: That’s right where your gallbladder is. You have marked tenderness in the right upper quadrant and a positive Murphy's sign. I also notice a bit of jaundice. 

**[Doctor]**: I want to do an abdominal ultrasound to get a clearer picture of what's going on with your gallbladder, biliary tree, and liver. We'll await those results.

**[Patient]**: Alright, what do you think it could be?

**[Doctor]**: Based on your symptoms and physical exam, it seems like you might have gallstones without cholecystitis or obstruction. The ultrasound will help confirm this.

**[Doctor]**: Given the severity of your symptoms, I recommend an emergency laparoscopic cholecystectomy to remove the gallbladder. This will help alleviate your symptoms and prevent further complications.

**[Patient]**: That sounds serious. Is it necessary?

**[Doctor]**: Yes, it's important to address this promptly to avoid complications like infection or pancreatitis. 

**[Doctor]**: In the meantime, I'll prescribe ibuprofen 400 mg, to be taken every 6 hours for pain. 

**[Patient]**: Alright, I can do that.

**[Doctor]**: I also want to get some preoperative blood work done, including a complete blood count (CBC), liver function tests (LFTs), and glycated hemoglobin (HbA1c).

**[Patient]**: Okay, what do I need to do?

**[Doctor]**: I'll arrange for those tests to be done here. And once the ultrasound results are in, we’ll proceed with the surgery.

**[Doctor]**: Additionally, it's crucial to discuss some lifestyle changes. You'll need to quit smoking and start a low-fat diet. This will help manage your symptoms and improve your overall health.

**[Patient]**: I understand. It will be tough, but I'll give it a try.

**[Doctor]**: That's the right attitude. We'll also set up follow-up appointments to monitor your recovery and manage your diabetes and hypertension. I’ll refer you to a dietitian to help with the low-fat diet and a smoking cessation program.

**[Patient]**: Sounds like a plan.

**[Doctor]**: Excellent. We’ll also review your diabetes management and adjust your medications if necessary.

**[Patient]**: Alright, I’ll do what needs to be done.

**[Doctor]**: Good to hear. Do you have any other questions or concerns?

**[Patient]**: No, I think you've covered everything.

**[Doctor]**: Great. We'll take care of the preoperative tests and get you the care you need. Make sure to follow the instructions and take your medications as prescribed.

**[Patient]**: Will do, doctor. Thank you.

**[Doctor]**: You’re welcome. We'll see you back here for the follow-up. Take care."|"**[Doctor]**: Good afternoon. How are you doing today?

**[Patient]**: Not too well, doctor. I've been having some severe pain in my upper right abdomen.

**[Doctor]**: I'm sorry to hear that. How long have you been experiencing this pain?

**[Patient]**: It's been going on for the past two weeks.

**[Doctor]**: Is the pain constant, or does it come and go?

**[Patient]**: It's intermittent but very severe when it does occur, especially after I eat.

**[Doctor]**: I see. Do you notice any specific foods that trigger the pain?

**[Patient]**: It seems to get worse after I eat fried or fatty foods.

**[Doctor]**: Hmm, that’s important to note. Have you noticed any other symptoms accompanying the pain?

**[Patient]**: Yes, I've had a fever, nausea, and vomiting as well.

**[Doctor]**: How high has your fever been?

**[Patient]**: I haven't measured it every time, but it feels pretty high.

**[Doctor]**: Alright. Have you noticed any changes in your bowel habits or stool color?

**[Patient]**: No, nothing unusual there.

**[Doctor]**: How about your sleep? Has the pain affected that?

**[Patient]**: Yes, I haven't been sleeping well at all because of the pain.

**[Doctor]**: Got it. Do you have any other medical conditions, like diabetes or hypertension?

**[Patient]**: Yes, I have both diabetes and high blood pressure.

**[Doctor]**: And are you managing those conditions with medication?

**[Patient]**: Yes, I'm on medication for both.

**[Doctor]**: Okay, thanks for that information. Let's talk about some other systems briefly. Have you experienced any chest pain or shortness of breath?

**[Patient]**: No, none of that.

**[Doctor]**: How about any cough or difficulty breathing?

**[Patient]**: No, my breathing is fine.

**[Doctor]**: Any issues with urination?

**[Patient]**: No, no problems there.

**[Doctor]**: Any dizziness or headaches?

**[Patient]**: No, nothing like that.

**[Doctor]**: Okay, I want to take your vital signs now. 

**[Doctor]**: Your temperature is 102°F, blood pressure is 150/90 mmHg, heart rate is 95 bpm, and respiratory rate is 18 breaths per minute. Let's do a physical examination next.

**[Doctor]**: I'm going to press on your abdomen. Let me know if you feel any pain.

**[Patient]**: Ouch, that hurts a lot in the upper right area.

**[Doctor]**: That’s right where your gallbladder is. You have marked tenderness in the right upper quadrant and a positive Murphy's sign. I also notice a bit of jaundice. 

**[Doctor]**: I want to do an abdominal ultrasound to get a clearer picture of what's going on with your gallbladder, biliary tree, and liver. We'll await those results.

**[Patient]**: Alright, what do you think it could be?

**[Doctor]**: Based on your symptoms and physical exam, it seems like you might have gallstones without cholecystitis or obstruction. The ultrasound will help confirm this.

**[Doctor]**: Given the severity of your symptoms, I recommend an emergency laparoscopic cholecystectomy to remove the gallbladder. This will help alleviate your symptoms and prevent further complications.

**[Patient]**: That sounds serious. Is it necessary?

**[Doctor]**: Yes, it's important to address this promptly to avoid complications like infection or pancreatitis. 

**[Doctor]**: In the meantime, I'll prescribe ibuprofen 400 mg, to be taken every 6 hours for pain. 

**[Patient]**: Alright, I can do that.

**[Doctor]**: I also want to get some preoperative blood work done, including a complete blood count (CBC), liver function tests (LFTs), and glycated hemoglobin (HbA1c).

**[Patient]**: Okay, what do I need to do?

**[Doctor]**: I'll arrange for those tests to be done here. And once the ultrasound results are in, we’ll proceed with the surgery.

**[Doctor]**: Additionally, it's crucial to discuss some lifestyle changes. You'll need to quit smoking and start a low-fat diet. This will help manage your symptoms and improve your overall health.

**[Patient]**: I understand. It will be tough, but I'll give it a try.

**[Doctor]**: That's the right attitude. We'll also set up follow-up appointments to monitor your recovery and manage your diabetes and hypertension. I’ll refer you to a dietitian to help with the low-fat diet and a smoking cessation program.

**[Patient]**: Sounds like a plan.

**[Doctor]**: Excellent. We’ll also review your diabetes management and adjust your medications if necessary.

**[Patient]**: Alright, I’ll do what needs to be done.

**[Doctor]**: Good to hear. Do you have any other questions or concerns?

**[Patient]**: No, I think you've covered everything.

**[Doctor]**: Great. We'll take care of the preoperative tests and get you the care you need. Make sure to follow the instructions and take your medications as prescribed.

**[Patient]**: Will do, doctor. Thank you.

**[Doctor]**: You’re welcome. We'll see you back here for the follow-up. Take care."
CALCULUS OF GALLBLADDER WITHOUT CHOLECYSTITIS WITHOUT OBSTRUCTION|"ROLE: Family Medicine Physician

1) Medical Outcome:
   - Diagnosis: CALCULUS OF GALLBLADDER WITHOUT CHOLECYSTITIS WITHOUT OBSTRUCTION
   - Prescribed Treatment: Prescribed ursodiol 300 mg, oral, twice a day, for 6 months to dissolve gallstones; quantity: 360 capsules
   - Follow-up Recommendations: Follow-up in 1 week to monitor response to medication and discuss any side effects
   - Referral to Specialist: NA
   - Additional Tests: Lipid panel and HbA1c to rule out metabolic syndrome

2) Medical History:
   - Previous Diagnoses: Hyperlipidemia, Asthma
   - Family Medical History: Mother has Type 2 Diabetes Mellitus, Father has chronic obstructive pulmonary disease (COPD)
   - Medication History: Simvastatin 20 mg once daily for hyperlipidemia, Albuterol inhaler as needed for asthma
   - Allergies: Allergic to shellfish
   - Chronic Conditions: Hyperlipidemia, Asthma

3) Symptom Description:
   - Severity: Mild right upper quadrant discomfort
   - Duration: Sporadic episodes over the last 5 months
   - Associated Symptoms: Mild indigestion but no nausea or vomiting
   - Frequency: Occurs mainly after high-fat meals, about twice a week
   - Impact on Daily Activities: Minimal impact on daily activities

4) Patient’s self-reported habits and lifestyle:
   - Sleep: 7-8 hours/night, occasional disturbance due to asthma
   - Diet: Low-fat, high-protein diet with occasional indulgence in fried foods
   - Exercise: Moderate physical activity, including jogging and swimming, 4 times a week
   - Tobacco Use: None
   - Alcohol Consumption: Rarely drinks, only on special occasions
   - Drug Use: None
   - Recreational Activities: Enjoys cycling and bird watching

5) Demographic Information:
   - Age: 50
   - Gender: Male
   - Ethnicity: Caucasian
   - Socio-economic Status: Upper-middle class
   - Education Level: Master's degree
   - Health Literacy: High
   - Job Status: Software Engineer

6) Patient's Behavior:
   - Level of Cooperation: Fully cooperative and adheres to medical advice

7) Geographical Location:
   - Big City vs Small City: Big City
   - Rural vs Urban: Urban
   - Pollution and Environmental Health Risks: Low pollution, well-maintained environment
   - Neighborhood Type: Suburban, well-served by transit, close to parks and recreational areas

8) Clinical Setting:
   - Private Practice

9) Type of Encounter:
   - Routine Check-up

10) Treatment Disparities:
   - None noted

11) Native or Non-Native English Speaking Patient:
   - Native English-speaking patient

12) Physical exams:
   - Abdominal Exam: Slight tenderness in the right upper quadrant, no palpable masses, normal bowel sounds, negative Murphy's sign

13) Investigation/Test results:
   - Ready: Lipid Panel showing elevated LDL cholesterol, HbA1c within normal range
   - Awaiting: Abdominal MRI to further evaluate gallstone size and number"|"**1. Subjective:**

   **Chief Complaint (CC):** 
   - Mild right upper quadrant discomfort.

   **History of Present Illness (HPI):**
   - The patient is a 50-year-old Caucasian male presenting with sporadic episodes of mild right upper quadrant discomfort over the last 5 months. The discomfort is mainly triggered after high-fat meals, occurring about twice a week. He also experiences mild indigestion but denies nausea or vomiting. The symptoms have had minimal impact on his daily activities.

   **Review of Systems (ROS):**
   - Constitutional: No weight loss, fever, or fatigue.
   - Gastrointestinal: Reports mild right upper quadrant discomfort and mild indigestion. Denies nausea, vomiting, diarrhea, or constipation.
   - Respiratory: No shortness of breath or cough. Mentioned occasional asthma-related disturbances during sleep.
   - Cardiovascular: No chest pain or palpitations.

**2. Objective:**

   **Vital Signs:**
   - Blood Pressure: 120/80 mmHg
   - Heart Rate: 72 bpm
   - Respiratory Rate: 16 breaths per minute
   - Temperature: 98.6°F

   **Physical Exam:**
   - General: Well-appearing, in no acute distress.
   - Abdomen: Slight tenderness in the right upper quadrant, no palpable masses, normal bowel sounds, negative Murphy's sign.
   - Respiratory: Clear to auscultation bilaterally.
   - Cardiovascular: Regular rate and rhythm, no murmurs, gallops, or rubs.
   - Extremities: No edema or clubbing.

   **Investigation/Test Results:**
   - Lipid Panel: Elevated LDL cholesterol.
   - HbA1c: Within normal range.
   - Awaiting: Abdominal MRI to further evaluate gallstone size and number.

**3. Assessment:**
   - **Calculus of Gallbladder without Cholecystitis and without Obstruction.**
     - Medical Reasoning: The patient's symptoms, including mild right upper quadrant discomfort triggered by high-fat meals and mild indigestion, along with elevated LDL cholesterol, are consistent with gallstone disease without acute cholecystitis or obstruction.

**4. Plan:**
   - **Medical Treatment:**
     - Prescribed ursodiol 300 mg, oral, twice a day for 6 months to dissolve gallstones; quantity: 360 capsules.

   - **Follow-up Recommendations:**
     - Schedule a follow-up appointment in one week to monitor the response to medication and discuss any potential side effects.

   - **Additional Tests:**
     - Perform a lipid panel and HbA1c test to rule out metabolic syndrome.

   - **Patient Education and Counseling:**
     - Discussed the nature of the diagnosis, treatment plan with ursodiol, and the importance of adhering to a low-fat diet. Advised on potential side effects of ursodiol and the importance of follow-up appointments. Emphasized the need to avoid high-fat meals to prevent symptom exacerbation.

   - **Lifestyle Modifications:**
     - Continue with moderate physical activity including jogging and swimming 4 times a week. Maintain a low-fat, high-protein diet, and avoid fried foods.

   - **Monitoring and Future Care:**
     - Await results from the abdominal MRI to further evaluate the size and number of gallstones.

**Patient Agreements:**
   - The patient understands and agrees with the recommended treatment plan, acknowledges the importance of medication adherence, dietary modifications, and regular follow-up. 

**Conclusion:**
   - The patient was reassured about the non-urgent nature of his condition and was encouraged to reach out if symptoms worsened or new symptoms developed."|"**1. Subjective:**

   **Chief Complaint (CC):** 
   - Mild right upper quadrant discomfort.

   **History of Present Illness (HPI):**
   - The patient is a 50-year-old Caucasian male presenting with sporadic episodes of mild right upper quadrant discomfort over the last 5 months. The discomfort is mainly triggered after high-fat meals, occurring about twice a week. He also experiences mild indigestion but denies nausea or vomiting. The symptoms have had minimal impact on his daily activities.

   **Review of Systems (ROS):**
   - Constitutional: No weight loss, fever, or fatigue.
   - Gastrointestinal: Reports mild right upper quadrant discomfort and mild indigestion. Denies nausea, vomiting, diarrhea, or constipation.
   - Respiratory: No shortness of breath or cough. Mentioned occasional asthma-related disturbances during sleep.
   - Cardiovascular: No chest pain or palpitations.

**2. Objective:**

   **Vital Signs:**
   - Blood Pressure: 120/80 mmHg
   - Heart Rate: 72 bpm
   - Respiratory Rate: 16 breaths per minute
   - Temperature: 98.6°F

   **Physical Exam:**
   - General: Well-appearing, in no acute distress.
   - Abdomen: Slight tenderness in the right upper quadrant, no palpable masses, normal bowel sounds, negative Murphy's sign.
   - Respiratory: Clear to auscultation bilaterally.
   - Cardiovascular: Regular rate and rhythm, no murmurs, gallops, or rubs.
   - Extremities: No edema or clubbing.

   **Investigation/Test Results:**
   - Lipid Panel: Elevated LDL cholesterol.
   - HbA1c: Within normal range.

**3. Assessment:**
   - **Calculus of Gallbladder without Cholecystitis and without Obstruction.**
     - Medical Reasoning: The patient's symptoms, including mild right upper quadrant discomfort triggered by high-fat meals and mild indigestion, along with elevated LDL cholesterol, are consistent with gallstone disease without acute cholecystitis or obstruction.

**4. Plan:**
   - **Medical Treatment:**
     - Prescribed ursodiol 300 mg, oral, twice a day for 6 months to dissolve gallstones; quantity: 360 capsules.

   - **Follow-up Recommendations:**
     - Schedule a follow-up appointment in one week to monitor the response to medication and discuss any potential side effects.

   - **Additional Tests:**
     - Perform a lipid panel and HbA1c test to rule out metabolic syndrome.
     - Await results from the abdominal MRI to further evaluate the size and number of gallstones.

   - **Patient Education and Counseling:**
     - Discussed the nature of the diagnosis, treatment plan with ursodiol, and the importance of adhering to a low-fat diet. Advised on potential side effects of ursodiol and the importance of follow-up appointments. Emphasized the need to avoid high-fat meals to prevent symptom exacerbation.

   - **Lifestyle Modifications:**
     - Continue with moderate physical activity including jogging and swimming 4 times a week. Maintain a low-fat, high-protein diet, and avoid fried foods.

**Patient Agreements:**
   - The patient understands and agrees with the recommended treatment plan, acknowledges the importance of medication adherence, dietary modifications, and regular follow-up. 

**Conclusion:**
   - The patient was reassured about the non-urgent nature of his condition and was encouraged to reach out if symptoms worsened or new symptoms developed."|"**1. Subjective:**

   **CC:** 
   - Mild RUQ discomfort.

   **HPI:**
   - 50 y/o Caucasian M with sporadic episodes of mild RUQ discomfort x5 months, mainly post high-fat meals, ~2x/week. Also c/o mild indigestion, denies N/V. Minimal impact on ADLs.

   **ROS:**
   - Constitutional: No wt loss, fever, or fatigue.
   - GI: Reports mild RUQ discomfort and mild indigestion. Denies N/V/D/C.
   - Respiratory: No SOB or cough. Occasional asthma-related nocturnal disturbances.
   - CV: No CP or palpitations.

**2. Objective:**

   **VS:**
   - BP: 120/80 mmHg
   - HR: 72 bpm
   - RR: 16 bpm
   - Temp: 98.6°F

   **PE:**
   - General: Well-appearing, NAD.
   - Abd: Slight tenderness in RUQ, no palpable masses, normoactive BS, neg Murphy's sign.
   - Resp: CTA bilaterally.
   - CV: RRR, no murmurs, gallops, or rubs.
   - Extremities: No edema or clubbing.

   **Labs/Tests:**
   - Lipid Panel: Elevated LDL.
   - HbA1c: WNL.

**3. Assessment:**
   - **Calculus of GB w/o Cholecystitis and w/o Obstruction.**
     - Medical Reasoning: Pt's sx, including mild RUQ discomfort post high-fat meals and mild indigestion, along with elevated LDL, are consistent with gallstone dz w/o acute cholecystitis or obstruction.

**4. Plan:**
   - **Rx:**
     - Ursodiol 300 mg PO BID x6 months; qty: 360 caps.

   - **F/U:**
     - Schedule f/u in 1 week to monitor response to med and discuss any potential SEs.

   - **Additional Tests:**
     - Perform lipid panel and HbA1c to r/o metabolic syndrome.
     - Await results from abd MRI to further eval size and number of gallstones.

   - **Pt Ed and Counseling:**
     - Discussed dx, tx plan with ursodiol, and importance of adhering to a low-fat diet. Advised on potential SEs of ursodiol and importance of f/u appts. Emphasized avoiding high-fat meals to prevent sx exacerbation.

   - **Lifestyle Mods:**
     - Continue moderate physical activity including jogging and swimming 4x/week. Maintain low-fat, high-protein diet, avoid fried foods.

**Pt Agreements:**
   - Pt understands and agrees with the recommended tx plan, acknowledges importance of med adherence, dietary mods, and regular f/u.

**Conclusion:**
   - Pt reassured about the non-urgent nature of his condition and encouraged to reach out if sx worsen or new sx develop."|Family Medicine Physician|"**Doctor:** Hi, how are you today?

**Patient:** Hi doctor, I'm doing alright, just a bit concerned about some discomfort I've been having.

**Doctor:** I see. What brings you in today?

**Patient:** Well, I've been having mild discomfort in my right upper abdomen for the past few months. It seems to come and go, but it's been happening more frequently lately.

**Doctor:** Hmm, how long have you been experiencing this discomfort?

**Patient:** It's been about 5 months now, on and off.

**Doctor:** And how would you describe this discomfort? Is it a sharp pain, dull ache, or something else?

**Patient:** It's more of a mild ache. It’s not too severe, but it's definitely noticeable.

**Doctor:** I see. When do you usually feel this discomfort? Is there anything that seems to trigger it?

**Patient:** It usually happens after I eat, especially if I've had something fatty. It's been occurring about twice a week.

**Doctor:** Does anything make the discomfort better or worse?

**Patient:** Avoiding fatty foods seems to help, but I’ve noticed it still occurs sometimes even when I’m careful with my diet.

**Doctor:** Do you experience any other symptoms along with this discomfort, like nausea or vomiting?

**Patient:** No, I haven't had any nausea or vomiting. Just some mild indigestion.

**Doctor:** How about your daily activities? Has this discomfort impacted them in any way?

**Patient:** Not really. It’s annoying but hasn’t stopped me from doing anything.

**Doctor:** Have you noticed any changes in your weight, fever, or fatigue?

**Patient:** No, my weight's been stable, and I haven’t had any fever or felt more tired than usual.

**Doctor:** Any issues with your bowel movements, like diarrhea or constipation?

**Patient:** No, my bowel movements are normal.

**Doctor:** How about your breathing? Any shortness of breath or cough?

**Patient:** No, but I do occasionally have asthma-related disturbances during sleep.

**Doctor:** Understood. Any chest pain or palpitations?

**Patient:** No, none of that.

**Doctor:** Alright, thanks for sharing all that. Let’s take a look at your vitals. Your blood pressure is 120/80 mmHg, heart rate is 72 bpm, respiratory rate is 16 breaths per minute, and your temperature is 98.6°F. Everything looks normal there.

**Patient:** That’s good to hear.

**Doctor:** Now, let's do a physical exam. I’ll start with your abdomen. Let me know if you feel any discomfort when I press here.

**Patient:** Sure.

**Doctor:** (Pressing on the right upper quadrant) Any tenderness here?

**Patient:** A little bit, yes.

**Doctor:** Okay, but no palpable masses. Your bowel sounds are normal, and there’s no Murphy's sign. That’s good. Now let me listen to your lungs and heart.

**Patient:** Alright.

**Doctor:** (Using stethoscope) Your lungs are clear, and your heart has a regular rate and rhythm. No murmurs, gallops, or rubs. 

**Patient:** That's a relief.

**Doctor:** I’ve also reviewed your test results. Your lipid panel shows elevated LDL cholesterol, but your HbA1c is within normal range. We’re still waiting on the abdominal MRI to get a better look at your gallstones.

**Patient:** Okay, what does all this mean?

**Doctor:** Based on your symptoms and the test results, it looks like you have gallstones without any signs of acute cholecystitis or obstruction. The discomfort you’re feeling is likely due to these gallstones, especially since it’s triggered by high-fat meals.

**Patient:** I see. So what’s the plan for treatment?

**Doctor:** I’m prescribing you ursodiol 300 mg, to be taken orally twice a day for 6 months. This medication can help dissolve the gallstones. You’ll need 360 capsules.

**Patient:** Got it. Anything else I should be doing?

**Doctor:** Yes, you should follow a low-fat diet to help prevent symptoms. Continue with your physical activities like jogging and swimming, and try to avoid fried foods. 

**Patient:** That makes sense. What about follow-ups?

**Doctor:** I’d like to see you back in a week to monitor how you’re responding to the medication and to discuss any potential side effects. We’ll also perform another lipid panel and HbA1c test to rule out metabolic syndrome.

**Patient:** Okay, I’ll make sure to come back in a week.

**Doctor:** Great. We’re also waiting on the abdominal MRI results to further evaluate the size and number of gallstones. We'll discuss the findings once we have them.

**Patient:** Alright, thank you.

**Doctor:** You’re welcome. I’ve also discussed some potential side effects of ursodiol with you. It’s important to avoid high-fat meals to prevent symptom exacerbation.

**Patient:** I understand. I’ll stick to a low-fat diet.

**Doctor:** Excellent. Do you have any other questions or concerns?

**Patient:** No, I think that covers everything.

**Doctor:** Alright then. If your symptoms worsen or if you develop any new symptoms, please reach out immediately.

**Patient:** I will. Thank you for your help.

**Doctor:** You’re welcome. Take care and I’ll see you next week.

**Patient:** See you next week."|"[doctor]: Hi, how are you today?

[patient]: Hi doctor, I'm doing alright, just a bit concerned about some discomfort I've been having.

[doctor]: I see. What brings you in today?

[patient]: Well, I've been having mild discomfort in my right upper abdomen for the past few months. It seems to come and go, but it's been happening more frequently lately.

[doctor]: Hmm, how long have you been experiencing this discomfort?

[patient]: It's been about 5 months now, on and off.

[doctor]: And how would you describe this discomfort? Is it a sharp pain, dull ache, or something else?

[patient]: It's more of a mild ache. It’s not too severe, but it's definitely noticeable.

[doctor]: I see. When do you usually feel this discomfort? Is there anything that seems to trigger it?

[patient]: It usually happens after I eat, especially if I've had something fatty. It's been occurring about twice a week.

[doctor]: Does anything make the discomfort better or worse?

[patient]: Avoiding fatty foods seems to help, but I’ve noticed it still occurs sometimes even when I’m careful with my diet.

[doctor]: Do you experience any other symptoms along with this discomfort, like nausea or vomiting?

[patient]: No, I haven't had any nausea or vomiting. Just some mild indigestion.

[doctor]: How about your daily activities? Has this discomfort impacted them in any way?

[patient]: Not really. It’s annoying but hasn’t stopped me from doing anything.

[doctor]: Have you noticed any changes in your weight, fever, or fatigue?

[patient]: No, my weight's been stable, and I haven’t had any fever or felt more tired than usual.

[doctor]: Any issues with your bowel movements, like diarrhea or constipation?

[patient]: No, my bowel movements are normal.

[doctor]: How about your breathing? Any shortness of breath or cough?

[patient]: No, but I do occasionally have asthma-related disturbances during sleep.

[doctor]: Understood. Any chest pain or palpitations?

[patient]: No, none of that.

[doctor]: Alright, thanks for sharing all that. Let’s take a look at your vitals. Your blood pressure is 120/80 mmHg, heart rate is 72 bpm, respiratory rate is 16 breaths per minute, and your temperature is 98.6°F. Everything looks normal there.

[patient]: That’s good to hear.

[doctor]: Now, let's do a physical exam. I’ll start with your abdomen. Let me know if you feel any discomfort when I press here.

[patient]: Sure.

[doctor]: (Pressing on the right upper quadrant) Any tenderness here?

[patient]: A little bit, yes.

[doctor]: Okay, but no palpable masses. Your bowel sounds are normal, and there’s no Murphy's sign. That’s good. Now let me listen to your lungs and heart.

[patient]: Alright.

[doctor]: (Using stethoscope) Your lungs are clear, and your heart has a regular rate and rhythm. No murmurs, gallops, or rubs. 

[patient]: That's a relief.

[doctor]: I’ve also reviewed your test results. Your lipid panel shows elevated LDL cholesterol, but your HbA1c is within normal range. We’re still waiting on the abdominal MRI to get a better look at your gallstones.

[patient]: Okay, what does all this mean?

[doctor]: Based on your symptoms and the test results, it looks like you have gallstones without any signs of acute cholecystitis or obstruction. The discomfort you’re feeling is likely due to these gallstones, especially since it’s triggered by high-fat meals.

[patient]: I see. So what’s the plan for treatment?

[doctor]: I’m prescribing you ursodiol 300 mg, to be taken orally twice a day for 6 months. This medication can help dissolve the gallstones. You’ll need 360 capsules.

[patient]: Got it. Anything else I should be doing?

[doctor]: Yes, you should follow a low-fat diet to help prevent symptoms. Continue with your physical activities like jogging and swimming, and try to avoid fried foods. 

[patient]: That makes sense. What about follow-ups?

[doctor]: I’d like to see you back in a week to monitor how you’re responding to the medication and to discuss any potential side effects. We’ll also perform another lipid panel and HbA1c test to rule out metabolic syndrome.

[patient]: Okay, I’ll make sure to come back in a week.

[doctor]: Great. We’re also waiting on the abdominal MRI results to further evaluate the size and number of gallstones. We'll discuss the findings once we have them.

[patient]: Alright, thank you.

[doctor]: You’re welcome. I’ve also discussed some potential side effects of ursodiol with you. It’s important to avoid high-fat meals to prevent symptom exacerbation.

[patient]: I understand. I’ll stick to a low-fat diet.

[doctor]: Excellent. Do you have any other questions or concerns?

[patient]: No, I think that covers everything.

[doctor]: Alright then. If your symptoms worsen or if you develop any new symptoms, please reach out immediately.

[patient]: I will. Thank you for your help.

[doctor]: You’re welcome. Take care and I’ll see you next week.

[patient]: See you next week."
CALCULUS OF GALLBLADDER WITHOUT CHOLECYSTITIS WITHOUT OBSTRUCTION|"ROLE: Gastroenterologist

- **Medical Outcome:**
  - Diagnosis: Calculus of gallbladder without cholecystitis without obstruction
  - Prescribed Treatment: Elective laparoscopic cholecystectomy.
  - Follow-up Recommendations: Follow-up in 2 weeks post-operation for wound check and review.
  - Referral to Specialist: NA
  - Referral to Further Tests or Imaging: Abdominal ultrasound to confirm the presence of gallstones and assess the gallbladder wall.
  - Medication Adjustment: NA
  - Lifestyle Change: Dietary modifications to a low-fat diet to manage symptoms until surgery.

- **Medical History:**
  - Previous Diagnoses: Obesity, Type 2 Diabetes.
  - Family Medical History: Father with coronary artery disease.
  - Medication History: Metformin 500 mg twice daily, Simvastatin 20 mg once daily.
  - Allergies: None known.
  - Chronic Conditions: Obesity, Type 2 Diabetes.

- **Symptom Description:**
  - Severity: Moderate to severe
  - Duration: Persistent for the last 3 months.
  - Associated Symptoms: Right upper quadrant pain, nausea, vomiting, and occasional jaundice.
  - Frequency: Daily episodes, particularly after meals.
  - Impact on Daily Activities: Significant disruption, difficulty in attending work regularly.

- **Patient’s Self-Reported Habits and Lifestyle:**
  - Sleep: Disturbed due to pain.
  - Diet: Predominantly high-fat and fast food.
  - Exercise: Sedentary lifestyle with minimal physical activity.
  - Tobacco Use: Former smoker, quit 5 years ago.
  - Alcohol Consumption: Social drinking, about 2-3 drinks per week.
  - Drug Use: None.
  - Recreational Activities: Enjoys reading and cooking.

- **Demographic Information:**
  - Age: 43
  - Gender: Female
  - Ethnicity: African American
  - Socio-economic Status: Lower-middle class
  - Education Level: Some college education
  - Health Literacy: Moderate understanding of medical terms and conditions.
  - Job Status: Unemployed, looking for part-time work.

- **Patient's Behavior:**
  - Level of Cooperation: Fully cooperative with medical advice and takes medications as prescribed.

- **Geographical Location:**
  - Rural
  - Moderate environmental health risks
  - Limited healthcare facilities

- **Clinical Setting:**
  - Community Health Services

- **Type of Encounter:**
  - Initial Consultation

- **Treatment Disparities:**
  - Limited access to healthcare due to location, financial constraints affecting some treatment options.

- **Native or Non-Native English Speaking Patient:**
  - Native English speaking.

- **Physical Exams:**
  - Abdominal Examination: Right upper quadrant tenderness, no palpable masses.
  - Murphy's Sign: Positive.

- **Investigation/Test Results:**
  - Abdominal ultrasound (awaiting results)."|"#####
**1. Subjective:**

**Chief Complaint (CC):**
Right upper quadrant pain, nausea, vomiting, and occasional jaundice.

**History of Present Illness (HPI):**
The patient, a 43-year-old African American female, presents with a 3-month history of right upper quadrant pain. The pain is described as moderate to severe, persistent, and significantly worse after meals. The patient reports daily episodes of pain, nausea, and vomiting, which have led to significant disruption of her daily activities and difficulty attending work regularly. She has also experienced occasional jaundice. 

**Review of Systems (ROS):**
- **Gastrointestinal:** Reports moderate to severe right upper quadrant pain, nausea, vomiting, and occasional jaundice.
- **General:** Significant impact on daily activities, difficulty attending work, disturbed sleep due to pain.

**2. Objective:**

**Vital Signs:**
- Blood Pressure: 140/85 mmHg
- Heart Rate: 88 bpm
- Respiratory Rate: 16 breaths per minute
- Temperature: 98.6°F
- BMI: 32 (Obesity)

**Physical Exam:**
- **Abdominal Examination:** Right upper quadrant tenderness, no palpable masses.
- **Murphy's Sign:** Positive.

**3. Assessment:**
Calculus of gallbladder without cholecystitis without obstruction. The patient’s clinical presentation and abdominal findings strongly suggest the presence of gallstones.

**4. Plan:**

**Treatment:**
- **Procedure:** Elective laparoscopic cholecystectomy is recommended.
- **Medication:** No medication adjustments required at this time.
- **Follow-up:** Post-operation wound check and review in 2 weeks.
- **Referral:** No specialist referral required.
- **Further Tests:** Await results of the abdominal ultrasound to confirm the presence of gallstones and assess the gallbladder wall.

**Lifestyle Modifications:**
- **Diet:** Advised dietary modifications to a low-fat diet to manage symptoms until the surgery.
- **Exercise:** Encourage increasing physical activity as tolerated.
- **Education:** Provided education on the importance of dietary changes and managing symptoms. 

**Instructions:**
- Schedule the elective laparoscopic cholecystectomy and ensure follow-up appointment in 2 weeks post-operation.
- Await and review abdominal ultrasound results to confirm diagnosis.
- Continue taking Metformin 500 mg twice daily and Simvastatin 20 mg once daily as prescribed.
- Monitor blood glucose levels regularly and maintain a low-fat diet to manage symptoms.
- Contact the clinic if symptoms worsen or new symptoms develop.

#####"|"**1. Subjective:**

**Chief Complaint (CC):**
Right upper quadrant pain, nausea, vomiting, and occasional jaundice.

**History of Present Illness (HPI):**
The patient, a 43-year-old African American female, presents with a 3-month history of right upper quadrant pain. The pain is described as moderate to severe, persistent, and significantly worse after meals. The patient reports daily episodes of pain, nausea, and vomiting, which have led to significant disruption of her daily activities and difficulty attending work regularly. She has also experienced occasional jaundice. 

**Review of Systems (ROS):**
- **Gastrointestinal:** Reports moderate to severe right upper quadrant pain, nausea, vomiting, and occasional jaundice.
- **General:** Significant impact on daily activities, difficulty attending work, disturbed sleep due to pain.

**2. Objective:**

**Vital Signs:**
- Blood Pressure: 140/85 mmHg
- Heart Rate: 88 bpm
- Respiratory Rate: 16 breaths per minute
- Temperature: 98.6°F
- BMI: 32 (Obesity)

**Physical Exam:**
- **Abdominal Examination:** Right upper quadrant tenderness, no palpable masses.
- **Murphy's Sign:** Positive.

**3. Assessment:**
Calculus of gallbladder without cholecystitis without obstruction. The patient’s clinical presentation and abdominal findings strongly suggest the presence of gallstones.

**4. Plan:**

**Treatment:**
- **Procedure:** Elective laparoscopic cholecystectomy is recommended.
- **Medication:** Continue taking Metformin 500 mg twice daily and Simvastatin 20 mg once daily as prescribed.
- **Follow-up:** Post-operation wound check and review in 2 weeks.
- **Further Tests:** Await results of the abdominal ultrasound to confirm the presence of gallstones and assess the gallbladder wall.

**Lifestyle Modifications:**
- **Diet:** Advised dietary modifications to a low-fat diet to manage symptoms until the surgery.
- **Exercise:** Encourage increasing physical activity as tolerated.
- **Education:** Provided education on the importance of dietary changes and managing symptoms. 

**Instructions:**
- Schedule the elective laparoscopic cholecystectomy and ensure follow-up appointment in 2 weeks post-operation.
- Await and review abdominal ultrasound results to confirm diagnosis.
- Monitor blood glucose levels regularly and maintain a low-fat diet to manage symptoms.
- Contact the clinic if symptoms worsen or new symptoms develop."|"**1. Subjective:**

**CC:**
RUQ pain, N/V, and occasional jaundice.

**HPI:**
The pt, a 43 y/o African American F, presents with a 3-month hx of RUQ pain. The pain is described as moderate to severe, persistent, and significantly worse postprandially. The pt reports daily episodes of pain, N/V, which have led to significant disruption of her ADLs and difficulty attending work regularly. She has also experienced occasional jaundice.

**ROS:**
- **GI:** Reports moderate to severe RUQ pain, N/V, and occasional jaundice.
- **General:** Significant impact on ADLs, difficulty attending work, disturbed sleep due to pain.

**2. Objective:**

**VS:**
- BP: 140/85 mmHg
- HR: 88 bpm
- RR: 16 bpm
- Temp: 98.6°F
- BMI: 32 (Obesity)

**PE:**
- **Abd Exam:** RUQ tenderness, no palpable masses.
- **Murphy's Sign:** Positive.

**3. Assessment:**
Calculus of GB w/o cholecystitis w/o obstruction. The pt’s clinical presentation and abd findings strongly suggest the presence of gallstones.

**4. Plan:**

**Tx:**
- **Procedure:** Elective lap chole is recommended.
- **Meds:** Continue Metformin 500 mg BID and Simvastatin 20 mg QD as prescribed.
- **F/U:** Post-op wound check and review in 2 weeks.
- **Further Tests:** Await results of the abd US to confirm the presence of gallstones and assess the GB wall.

**Lifestyle Modifications:**
- **Diet:** Advised dietary modifications to a low-fat diet to manage sx until the surgery.
- **Exercise:** Encourage increasing physical activity as tolerated.
- **Education:** Provided education on the importance of dietary changes and managing sx.

**Instructions:**
- Schedule the elective lap chole and ensure F/U appointment in 2 weeks post-op.
- Await and review abd US results to confirm dx.
- Monitor blood glucose levels regularly and maintain a low-fat diet to manage sx.
- Contact the clinic if sx worsen or new sx develop."|Gastroenterologist|"[doctor] Hi there, how are you doing today?

[patient] Hi doctor, I've been better.

[doctor] I'm sorry to hear that. Can you tell me what's been going on?

[patient] I've been having this pain in my right upper side for the past three months. It's pretty bad, especially after I eat.

[doctor] I see. How would you describe the pain? Is it constant or does it come and go?

[patient] It's pretty constant, and it gets worse after I eat. Sometimes the pain is so bad that it makes me nauseous and even vomit.

[doctor] Hmm, that sounds quite severe. How often do you experience these episodes?

[patient] Daily. It's been really disruptive. I can barely go to work and my sleep is all messed up because of the pain.

[doctor] I understand. Have you noticed any changes in your skin color, like jaundice?

[patient] Yes, occasionally. My eyes get a bit yellow sometimes.

[doctor] Okay, let's go over everything. You have moderate to severe right upper quadrant pain, nausea, vomiting, and occasional jaundice. Is that correct?

[patient] Yes, that's right.

[doctor] Alright. Let me review your vital signs quickly. Your blood pressure is 140/85 mmHg, heart rate is 88 bpm, respiratory rate is 16 breaths per minute, and your temperature is 98.6°F. Your BMI is 32, which classifies as obesity. 

[patient] Okay, I understand.

[doctor] Now, I'm going to perform a physical examination. Let's start with your abdomen. Please let me know if you feel any pain when I press on your right upper side.

[patient] Ouch! Yes, that hurts a lot.

[doctor] That's right upper quadrant tenderness. Now, I'm going to perform a Murphy's sign test. Take a deep breath in and hold it while I press under your rib cage.

[patient] (Inhales) Ouch! That really hurts too.

[doctor] Alright, that's a positive Murphy's sign. Based on your symptoms and physical examination, it strongly suggests the presence of gallstones. I'll need to confirm this with an abdominal ultrasound.

[patient] Okay, what's the next step?

[doctor] I recommend an elective laparoscopic cholecystectomy to remove your gallbladder. This should help relieve your symptoms.

[patient] That sounds serious. Is surgery my only option?

[doctor] Given your symptoms and the impact on your daily life, surgery is the most effective treatment. We’ll schedule the procedure and follow up with you two weeks post-operation to check the wound and review your progress.

[patient] Alright, I understand.

[doctor] In the meantime, I'll advise you to follow a low-fat diet to manage your symptoms. Increasing your physical activity as tolerated will also be beneficial.

[patient] Okay, I can do that.

[doctor] Continue taking your current medications, Metformin 500 mg twice daily and Simvastatin 20 mg once daily. Make sure to monitor your blood glucose levels regularly.

[patient] Will do.

[doctor] If your symptoms worsen or if you develop any new symptoms, please contact the clinic immediately. We’ll await the results of your abdominal ultrasound to confirm the diagnosis and assess the gallbladder wall.

[patient] I will. Thank you, doctor.

[doctor] You're welcome. Do you have any other questions or concerns?

[patient] No, I think that covers everything.

[doctor] Great. We'll schedule your surgery and ensure you have a follow-up appointment in two weeks post-operation. Take care and we'll see you soon.

[patient] Thank you. Goodbye.

[doctor] Goodbye."|"[doctor] Hi there, how are you doing today?

[patient] Hi doctor, I've been better.

[doctor] I'm sorry to hear that. Can you tell me what's been going on?

[patient] I've been having this pain in my right upper side for the past three months. It's pretty bad, especially after I eat.

[doctor] I see. How would you describe the pain? Is it constant or does it come and go?

[patient] It's pretty constant, and it gets worse after I eat. Sometimes the pain is so bad that it makes me nauseous and even vomit.

[doctor] Hmm, that sounds quite severe. How often do you experience these episodes?

[patient] Daily. It's been really disruptive. I can barely go to work and my sleep is all messed up because of the pain.

[doctor] I understand. Have you noticed any changes in your skin color, like jaundice?

[patient] Yes, occasionally. My eyes get a bit yellow sometimes.

[doctor] Okay, let's go over everything. You have moderate to severe right upper quadrant pain, nausea, vomiting, and occasional jaundice. Is that correct?

[patient] Yes, that's right.

[doctor] Alright. Let me review your vital signs quickly. Your blood pressure is 140/85 mmHg, heart rate is 88 bpm, respiratory rate is 16 breaths per minute, and your temperature is 98.6°F. Your BMI is 32, which classifies as obesity. 

[patient] Okay, I understand.

[doctor] Now, I'm going to perform a physical examination. Let's start with your abdomen. Please let me know if you feel any pain when I press on your right upper side.

[patient] Ouch! Yes, that hurts a lot.

[doctor] That's right upper quadrant tenderness. Now, I'm going to perform a Murphy's sign test. Take a deep breath in and hold it while I press under your rib cage.

[patient] (Inhales) Ouch! That really hurts too.

[doctor] Alright, that's a positive Murphy's sign. Based on your symptoms and physical examination, it strongly suggests the presence of gallstones. I'll need to confirm this with an abdominal ultrasound.

[patient] Okay, what's the next step?

[doctor] I recommend an elective laparoscopic cholecystectomy to remove your gallbladder. This should help relieve your symptoms.

[patient] That sounds serious. Is surgery my only option?

[doctor] Given your symptoms and the impact on your daily life, surgery is the most effective treatment. We’ll schedule the procedure and follow up with you two weeks post-operation to check the wound and review your progress.

[patient] Alright, I understand.

[doctor] In the meantime, I'll advise you to follow a low-fat diet to manage your symptoms. Increasing your physical activity as tolerated will also be beneficial.

[patient] Okay, I can do that.

[doctor] Continue taking your current medications, Metformin 500 mg twice daily and Simvastatin 20 mg once daily. Make sure to monitor your blood glucose levels regularly.

[patient] Will do.

[doctor] If your symptoms worsen or if you develop any new symptoms, please contact the clinic immediately. We’ll await the results of your abdominal ultrasound to confirm the diagnosis and assess the gallbladder wall.

[patient] I will. Thank you, doctor.

[doctor] You're welcome. Do you have any other questions or concerns?

[patient] No, I think that covers everything.

[doctor] Great. We'll schedule your surgery and ensure you have a follow-up appointment in two weeks post-operation. Take care and we'll see you soon.

[patient] Thank you. Goodbye.

[doctor] Goodbye."
CALCULUS OF GALLBLADDER WITHOUT CHOLECYSTITIS WITHOUT OBSTRUCTION|"ROLE: General Surgeon

PATIENT DEMOGRAPHIC INFORMATION
- Age: 45
- Gender: Female
- Ethnicity: Hispanic
- Socio-economic Status: Middle class
- Education Level: High school graduate
- Health Literacy: Average
- Job Status: Retail manager

CHIEF COMPLAINT
- Right upper quadrant abdominal pain.

MEDICAL HISTORY
- Previous Diagnoses: Hypertension
- Family Medical History: Mother had gallbladder disease; Father had Type 2 diabetes.
- Medication History: Enalapril 10 mg oral daily for hypertension
- Allergies: Penicillin
- Chronic Conditions: Hypertension

SYMPTOM DESCRIPTION
- Severity: Moderate to severe
- Duration: 3 weeks
- Associated Symptoms: Nausea, bloating
- Frequency: Intermittent, exacerbated after meals
- Impact on Daily Activities: Difficulty focusing at work and limited participation in physical activities

PATIENT’S SELF-REPORTED HABITS AND LIFESTYLE
- Sleep: Average of 6 hours per night, often interrupted by pain
- Diet: High in fatty foods and fried items
- Exercise: Minimal, occasionally walks but no structured exercise routine
- Tobacco Use: Occasionally smokes socially
- Alcohol Consumption: Drinks wine socially, about once a week
- Drug Use: Denies any recreational drug use
- Recreational Activities: Enjoys reading and watching TV

PATIENT BEHAVIOR
- Cooperative, follows medical advice but has difficulty adhering to a healthy diet due to lifestyle and job constraints.

GEOGRAPHICAL LOCATION
- Urban environment
- Moderate pollution levels
- Neighborhood Type: Moderately affluent, well-served by public transit

CLINICAL SETTING
- Private Practice

TYPE OF ENCOUNTER
- Initial Consultation

TREATMENT DISPARITIES
- NA

NATIVE OR NON-NATIVE ENGLISH SPEAKING PATIENT
- Native English-speaking

PHYSICAL EXAM
- Abdominal: Tenderness in the right upper quadrant, no rebound tenderness, no guarding.

INVESTIGATION/TEST RESULTS
- Awaiting Abdominal Ultrasound to confirm the presence of gallstones

MEDICAL OUTCOME
- Diagnosis: Calculus of gallbladder without cholecystitis and without obstruction (ICD-10 K80.20)
- Prescribed Treatment: Schedule elective laparoscopic cholecystectomy
- Medication: Prescribe Acetaminophen 500 mg every 6 hours as needed for pain, maximum 3 days before surgery
- Follow-up Recommendations: Post-surgery follow-up within 1 week
- Referral to Further Tests or Imaging: NA"|"**1. Subjective:**

   **Chief Complaint (CC):**
   Right upper quadrant abdominal pain.

   **History of Present Illness (HPI):**
   The patient is a 45-year-old Hispanic female who presents with right upper quadrant abdominal pain that has been ongoing for the past three weeks. The pain is moderate to severe in intensity and is intermittently exacerbated after meals. She also reports associated symptoms of nausea and bloating. The pain is impacting her daily activities, making it difficult to focus at work and limiting her participation in physical activities.

   **Review of Systems (ROS):**
   - **Gastrointestinal:** Nausea, bloating
   - **General:** Difficulty focusing, limited physical activity due to pain
   - **Sleep:** Interrupted sleep due to pain

**2. Objective:**

   **Vital Signs:**
   Blood Pressure: 138/85 mmHg
   Heart Rate: 78 bpm
   Respiratory Rate: 16 breaths/min
   Temperature: 98.6°F (37°C)

   **Physical Examination:**
   - **General:** Cooperative, appears in mild distress due to pain
   - **Abdominal:** Tenderness in the right upper quadrant, no rebound tenderness, and no guarding.

   **Investigations:**
   - Awaiting results of Abdominal Ultrasound to confirm presence of gallstones

**3. Assessment:**

   **Diagnosis:**
   Right upper quadrant abdominal pain likely due to calculus of gallbladder without cholecystitis and without obstruction (ICD-10 K80.20).

**4. Plan:**

   **Treatment Recommendations:**
   - Schedule elective laparoscopic cholecystectomy.

   **Medications:**
   - Prescribe Acetaminophen 500 mg every 6 hours as needed for pain, maximum 3 days before surgery.

   **Follow-up Recommendations:**
   - Post-surgery follow-up within 1 week to monitor recovery and ensure no complications.

   **Additional Recommendations:**
   - Discussed importance of diet modification to avoid fatty and fried foods.
   - Encouraged patient to incorporate moderate exercise into her routine as tolerated. 

**Patient Education:**
Explained the procedure, risks, and benefits of the laparoscopic cholecystectomy. Discussed pain management post-surgery and dietary changes to prevent future gallbladder issues. All questions were answered to the patient’s satisfaction.

**Disposition:**
Patient agrees with the proposed management plan and scheduled for the elective laparoscopic cholecystectomy. She is advised to monitor her symptoms and to seek immediate medical attention if she experiences worsening pain, fever, or jaundice."|"**1. Subjective:**

   **Chief Complaint (CC):**
   Right upper quadrant abdominal pain.

   **History of Present Illness (HPI):**
   The patient is a 45-year-old Hispanic female who presents with right upper quadrant abdominal pain that has been ongoing for the past three weeks. The pain is moderate to severe in intensity and is intermittently exacerbated after meals. She also reports associated symptoms of nausea and bloating. The pain is impacting her daily activities, making it difficult to focus at work and limiting her participation in physical activities.

   **Review of Systems (ROS):**
   - **Gastrointestinal:** Nausea, bloating
   - **General:** Difficulty focusing, limited physical activity due to pain
   - **Sleep:** Interrupted sleep due to pain

**2. Objective:**

   **Vital Signs:**
   Blood Pressure: 138/85 mmHg
   Heart Rate: 78 bpm
   Respiratory Rate: 16 breaths/min
   Temperature: 98.6°F (37°C)

   **Physical Examination:**
   - **General:** Cooperative, appears in mild distress due to pain
   - **Abdominal:** Tenderness in the right upper quadrant, no rebound tenderness, and no guarding.

**3. Assessment:**

   **Diagnosis:**
   Right upper quadrant abdominal pain likely due to calculus of gallbladder without cholecystitis and without obstruction (ICD-10 K80.20).

**4. Plan:**

   **Investigations:**
   - Awaiting results of Abdominal Ultrasound to confirm presence of gallstones

   **Treatment Recommendations:**
   - Schedule elective laparoscopic cholecystectomy.

   **Medications:**
   - Prescribe Acetaminophen 500 mg every 6 hours as needed for pain, maximum 3 days before surgery.

   **Follow-up Recommendations:**
   - Post-surgery follow-up within 1 week to monitor recovery and ensure no complications.

   **Additional Recommendations:**
   - Discussed importance of diet modification to avoid fatty and fried foods.
   - Encouraged patient to incorporate moderate exercise into her routine as tolerated. 

**Patient Education:**
Explained the procedure, risks, and benefits of the laparoscopic cholecystectomy. Discussed pain management post-surgery and dietary changes to prevent future gallbladder issues. All questions were answered to the patient’s satisfaction.

**Disposition:**
Patient agrees with the proposed management plan and scheduled for the elective laparoscopic cholecystectomy. She is advised to monitor her symptoms and to seek immediate medical attention if she experiences worsening pain, fever, or jaundice."|"**1. Subjective:**

   **CC:**
   RUQ abdominal pain.

   **HPI:**
   The pt is a 45 y/o Hispanic F who presents with RUQ abdominal pain ongoing for the past 3 wks. The pain is moderate to severe in intensity and is intermittently exacerbated postprandially. She also reports assoc. sx of nausea and bloating. The pain is impacting her ADLs, making it difficult to focus at work and limiting her participation in physical activities.

   **ROS:**
   - **GI:** Nausea, bloating
   - **General:** Difficulty focusing, limited physical activity due to pain
   - **Sleep:** Interrupted sleep due to pain

**2. Objective:**

   **VS:**
   BP: 138/85 mmHg
   HR: 78 bpm
   RR: 16 breaths/min
   Temp: 98.6°F (37°C)

   **PE:**
   - **General:** Cooperative, appears in mild distress due to pain
   - **Abd:** Tenderness in the RUQ, no rebound tenderness, and no guarding.

**3. Assessment:**

   **Dx:**
   RUQ abdominal pain likely due to calculus of GB w/o cholecystitis and w/o obstruction (ICD-10 K80.20).

**4. Plan:**

   **Investigations:**
   - Awaiting results of Abdominal US to confirm presence of gallstones

   **Tx Recommendations:**
   - Schedule elective lap chole.

   **Meds:**
   - Rx Acetaminophen 500 mg q6h PRN for pain, max 3 days pre-op.

   **F/U Recommendations:**
   - Post-op F/U within 1 wk to monitor recovery and ensure no complications.

   **Additional Recommendations:**
   - Discussed importance of diet modification to avoid fatty and fried foods.
   - Encouraged pt to incorporate moderate exercise into her routine as tolerated.

**Pt Education:**
Explained the procedure, risks, and benefits of the lap chole. Discussed pain mgmt post-op and dietary changes to prevent future GB issues. All questions were answered to the pt’s satisfaction.

**Disposition:**
Pt agrees with the proposed mgmt plan and scheduled for the elective lap chole. She is advised to monitor her sx and to seek immediate medical attention if she experiences worsening pain, fever, or jaundice."|General Surgeon|"**Doctor:** Good morning! How are you feeling today?

**Patient:** Not great, doctor. I've been having this pain in my right upper abdomen for the past three weeks.

**Doctor:** I'm sorry to hear that. Let's talk about it in detail. Can you describe the pain for me?

**Patient:** It's a moderate to severe pain, and it gets worse after I eat.

**Doctor:** I see. Does anything else trigger or worsen the pain?

**Patient:** Mostly after meals, especially if I eat something fatty or fried.

**Doctor:** Got it. Are you experiencing any other symptoms along with the pain?

**Patient:** Yes, I feel nauseated and bloated a lot.

**Doctor:** That sounds uncomfortable. Is the pain affecting your daily activities?

**Patient:** Definitely. It's hard to focus at work, and I can't do any physical activities because of it.

**Doctor:** I can understand how that would be disruptive. How has this been affecting your sleep?

**Patient:** My sleep is often interrupted because of the pain.

**Doctor:** That's tough. Let's move on to some specific questions. Have you noticed any changes in your bowel habits or any blood in your stool?

**Patient:** No, nothing like that.

**Doctor:** Any fever or chills?

**Patient:** No, I haven't had any fever or chills.

**Doctor:** How about any jaundice or yellowing of the skin and eyes?

**Patient:** No, no yellowing.

**Doctor:** Okay, thank you for that information. Let's move on to your vital signs. Your blood pressure is 138/85 mmHg, heart rate is 78 bpm, respiratory rate is 16 breaths per minute, and your temperature is 98.6°F. How does that sound?

**Patient:** That sounds normal, I guess.

**Doctor:** Yes, they're within normal ranges. Now, let's do a physical examination. May I?

**Patient:** Sure.

**Doctor:** (Examining) I can see you are cooperative but appear to be in mild distress due to the pain. There is tenderness in your right upper quadrant, but no rebound tenderness or guarding. Does that hurt when I press here?

**Patient:** Yes, that's exactly where the pain is.

**Doctor:** Alright. We're awaiting the results of your abdominal ultrasound to confirm the presence of gallstones. This will help us understand if your symptoms are due to gallstones.

**Patient:** Okay, that makes sense.

**Doctor:** Based on your symptoms and the physical examination, it appears you have right upper quadrant abdominal pain likely due to gallstones without signs of infection or obstruction.

**Patient:** What does that mean for treatment?

**Doctor:** We recommend scheduling an elective laparoscopic cholecystectomy, which is a minimally invasive surgery to remove your gallbladder. This will help relieve your symptoms.

**Patient:** Surgery? Is that necessary?

**Doctor:** Yes, it's the most effective treatment for symptomatic gallstones. We’ll also prescribe Acetaminophen 500 mg every 6 hours as needed for pain, but only for a maximum of three days before the surgery.

**Patient:** I understand. What about after the surgery?

**Doctor:** You’ll have a post-surgery follow-up within a week to monitor your recovery and ensure there are no complications. We'll also discuss pain management post-surgery.

**Patient:** Okay, what should I do until the surgery?

**Doctor:** It's important to modify your diet to avoid fatty and fried foods, as these can worsen your symptoms. Also, try to incorporate moderate exercise into your routine as tolerated.

**Patient:** I can do that. Anything else I need to be aware of?

**Doctor:** If you experience worsening pain, fever, or jaundice, seek immediate medical attention. These could be signs of complications.

**Patient:** Got it. That sounds like a good plan.

**Doctor:** Great. Let's go over the procedure, its risks, and benefits. A laparoscopic cholecystectomy is a minimally invasive procedure with a relatively quick recovery time. The risks are minimal, but as with any surgery, there are potential complications which we will monitor closely.

**Patient:** Thank you for explaining that. I feel more comfortable now.

**Doctor:** Excellent. Do you have any more questions for me?

**Patient:** No, I think you've covered everything. Thank you.

**Doctor:** You're welcome. Let's get you scheduled for the surgery, and we'll see you back here for your follow-up. Take care and monitor your symptoms closely.

**Patient:** Will do. Thank you so much, doctor.

**Doctor:** My pleasure. Take care and see you soon."|"[doctor]: Good morning! How are you feeling today?

[patient]: Not great, doctor. I've been having this pain in my right upper abdomen for the past three weeks.

[doctor]: I'm sorry to hear that. Let's talk about it in detail. Can you describe the pain for me?

[patient]: It's a moderate to severe pain, and it gets worse after I eat.

[doctor]: I see. Does anything else trigger or worsen the pain?

[patient]: Mostly after meals, especially if I eat something fatty or fried.

[doctor]: Got it. Are you experiencing any other symptoms along with the pain?

[patient]: Yes, I feel nauseated and bloated a lot.

[doctor]: That sounds uncomfortable. Is the pain affecting your daily activities?

[patient]: Definitely. It's hard to focus at work, and I can't do any physical activities because of it.

[doctor]: I can understand how that would be disruptive. How has this been affecting your sleep?

[patient]: My sleep is often interrupted because of the pain.

[doctor]: That's tough. Let's move on to some specific questions. Have you noticed any changes in your bowel habits or any blood in your stool?

[patient]: No, nothing like that.

[doctor]: Any fever or chills?

[patient]: No, I haven't had any fever or chills.

[doctor]: How about any jaundice or yellowing of the skin and eyes?

[patient]: No, no yellowing.

[doctor]: Okay, thank you for that information. Let's move on to your vital signs. Your blood pressure is 138/85 mmHg, heart rate is 78 bpm, respiratory rate is 16 breaths per minute, and your temperature is 98.6°F. How does that sound?

[patient]: That sounds normal, I guess.

[doctor]: Yes, they're within normal ranges. Now, let's do a physical examination. May I?

[patient]: Sure.

[doctor]: (Examining) I can see you are cooperative but appear to be in mild distress due to the pain. There is tenderness in your right upper quadrant, but no rebound tenderness or guarding. Does that hurt when I press here?

[patient]: Yes, that's exactly where the pain is.

[doctor]: Alright. We're awaiting the results of your abdominal ultrasound to confirm the presence of gallstones. This will help us understand if your symptoms are due to gallstones.

[patient]: Okay, that makes sense.

[doctor]: Based on your symptoms and the physical examination, it appears you have right upper quadrant abdominal pain likely due to gallstones without signs of infection or obstruction.

[patient]: What does that mean for treatment?

[doctor]: We recommend scheduling an elective laparoscopic cholecystectomy, which is a minimally invasive surgery to remove your gallbladder. This will help relieve your symptoms.

[patient]: Surgery? Is that necessary?

[doctor]: Yes, it's the most effective treatment for symptomatic gallstones. We’ll also prescribe Acetaminophen 500 mg every 6 hours as needed for pain, but only for a maximum of three days before the surgery.

[patient]: I understand. What about after the surgery?

[doctor]: You’ll have a post-surgery follow-up within a week to monitor your recovery and ensure there are no complications. We'll also discuss pain management post-surgery.

[patient]: Okay, what should I do until the surgery?

[doctor]: It's important to modify your diet to avoid fatty and fried foods, as these can worsen your symptoms. Also, try to incorporate moderate exercise into your routine as tolerated.

[patient]: I can do that. Anything else I need to be aware of?

[doctor]: If you experience worsening pain, fever, or jaundice, seek immediate medical attention. These could be signs of complications.

[patient]: Got it. That sounds like a good plan.

[doctor]: Great. Let's go over the procedure, its risks, and benefits. A laparoscopic cholecystectomy is a minimally invasive procedure with a relatively quick recovery time. The risks are minimal, but as with any surgery, there are potential complications which we will monitor closely.

[patient]: Thank you for explaining that. I feel more comfortable now.

[doctor]: Excellent. Do you have any more questions for me?

[patient]: No, I think you've covered everything. Thank you.

[doctor]: You're welcome. Let's get you scheduled for the surgery, and we'll see you back here for your follow-up. Take care and monitor your symptoms closely.

[patient]: Will do. Thank you so much, doctor.

[doctor]: My pleasure. Take care and see you soon."
CALCULUS OF GALLBLADDER WITHOUT CHOLECYSTITIS WITHOUT OBSTRUCTION|"ROLE: General Surgeon

Demographic Information:
- Age: 45
- Gender: Female
- Ethnicity: Caucasian
- Socio-economic Status: Middle-class
- Education Level: College graduate
- Health Literacy: Moderate
- Job Status: Office Manager

Symptom Description:
- Severity: Moderate to severe
- Duration: 3 months
- Associated Symptoms: Intermittent abdominal pains, nausea, and occasional bloating
- Frequency: Daily, particularly after meals
- Impact on Daily Activities: Reduced ability to work effectively due to frequent discomfort and pain

Patient’s self-reported habits and lifestyle:
- Sleep: 6-7 hours a night, interrupted due to pain
- Diet: High-fat diet, often eating fast food and processed meals
- Exercise: Infrequent, sedentary lifestyle
- Tobacco Use: None
- Alcohol Consumption: Moderate, 1-2 glasses of wine on weekends
- Drug Use: None
- Recreational Activities: Watches TV and reads books

Medical History:
- Previous Diagnoses: Hyperlipidemia, GERD
- Family Medical History: Mother had gallstones; Father has heart disease
- Medication History: On statins for hyperlipidemia
- Allergies: None
- Chronic Conditions: GERD

Patient's Behavior:
- Compliance: Generally compliant with medical advice but struggles with diet recommendation

Geographical Location:
- Small City
- Urban
- Moderate pollution
- Middle-class neighborhood, good access to healthcare

Clinical Setting:
- Hospital outpatient clinic

Type of Encounter:
- Initial Consultation

Treatment Disparities:
- None

Native or Non-Native English Speaking Patient:
- Native English-speaking

Physical exams:
- Abdominal examination: Tenderness in the right upper quadrant, Murphy's sign negative, no palpable masses

Investigation/Test results:
- Awaiting results: Abdominal ultrasound for gallbladder to assess presence of calculi and gallbladder function

Medical Outcome:
- Diagnosis: Calculus of gallbladder without cholecystitis without obstruction
- Prescribed Treatment: Recommend elective laparoscopic cholecystectomy
- Follow-up Recommendations: Schedule surgery date, preoperative screening and blood tests
- Medication: Prescribe ursodiol 300 mg tablets, oral, twice daily for 8 weeks to potentially dissolve small calculi and relieve symptoms, Total: 112 tablets
- Lifestyle Change: Advised low-fat diet, increase fiber intake, and regular physical activity to manage symptoms and improve overall health
- Blood Work: Complete blood count (CBC), liver function tests (LFTs), and lipid profile preoperatively
- Imaging Requests: Abdominal ultrasound, specifically focusing on gallbladder, biliary tree, and liver"|Rejected|Rejected|Rejected|Rejected||
CALCULUS OF GALLBLADDER WITHOUT CHOLECYSTITIS WITHOUT OBSTRUCTION|"ROLE: General Surgeon

1) Medical Outcome:
   - Diagnosis: CALCULUS OF GALLBLADDER WITHOUT CHOLECYSTITIS WITHOUT OBSTRUCTION
   - Prescribed Treatment: Scheduled laparoscopic cholecystectomy in 2 weeks
   - Follow-up Recommendations: Follow-up in 1 week to discuss preoperative instructions and any concerns
   - Medication: Prescribed acetaminophen 500 mg, oral, every 6 hours, as needed for pain, quantity: 30 tablets
   - Referral to Specialist: NA

2) Medical History:
   - Previous Diagnoses: Hypertension
   - Family Medical History: No significant history of gallbladder issues
   - Medication History: Takes lisinopril 10 mg once daily for hypertension
   - Allergies: No known drug allergies
   - Chronic Conditions: Hypertension

3) Symptom Description:
   - Severity: Moderate right upper quadrant pain
   - Duration: Intermittent episodes over the past 3 months
   - Associated Symptoms: Nausea, but no vomiting or fever
   - Frequency: Pain occurs about once a week, usually after meals
   - Impact on Daily Activities: Interferes with work and daily activities when pain is severe

4) Patient’s self-reported habits and lifestyle:
   - Sleep: 6-7 hours/night, reports interrupted sleep due to pain
   - Diet: High-fat diet, consumes fast food regularly
   - Exercise: Minimal, sedentary job
   - Tobacco Use: Smokes 10 cigarettes/day
   - Alcohol Consumption: 1-2 drinks/week
   - Drug Use: Denies any recreational drug use
   - Recreational Activities: Enjoys watching TV and reading

5) Demographic Information:
   - Age: 45
   - Gender: Female
   - Ethnicity: Hispanic
   - Socio-economic Status: Middle-class
   - Education Level: High school diploma
   - Health Literacy: Moderate
   - Job Status: Employed as a secretary

6) Patient's Behavior:
   - Level of Cooperation: Generally compliant with medical advice, but struggles with dietary changes

7) Geographical Location:
   - Big City vs Small City: Small City
   - Rural vs Urban: Urban
   - Pollution and Environmental Health Risks: NA
   - Neighborhood Type: Affluent area, well-served by transit

8) Clinical Setting:
   - Clinics

9) Type of Encounter:
   - Initial Consultation

10) Treatment Disparities:
   - None noted

11) Native or Non-Native English Speaking Patient:
   - Native English-speaking patient

12) Physical exams:
   - Abdominal Exam: Noted mild tenderness in the right upper quadrant, no palpable masses, no rebound tenderness

13) Investigation/Test results:
   - Awaiting: Abdominal Ultrasound (to confirm the presence of gallstones), LFTs (Liver Function Tests), CBC (Complete Blood Count)

"|Rejected|Rejected|Rejected|Rejected||
CALCULUS OF GALLBLADDER WITHOUT CHOLECYSTITIS WITHOUT OBSTRUCTION|"ROLE: General Surgeon

1) Medical Outcome:
   - Diagnosis: CALCULUS OF GALLBLADDER WITHOUT CHOLECYSTITIS WITHOUT OBSTRUCTION
   - Prescribed Treatment: Scheduled laparoscopic cholecystectomy in 2 weeks
   - Follow-up Recommendations: Follow-up in 1 week to discuss preoperative instructions and any concerns
   - Medication: Prescribed acetaminophen 500 mg, oral, every 6 hours, as needed for pain, quantity: 30 tablets
   - Referral to Specialist: NA

2) Medical History:
   - Previous Diagnoses: Type 2 Diabetes Mellitus
   - Family Medical History: Mother with a history of gallstones
   - Medication History: Metformin 500 mg twice daily for diabetes
   - Allergies: Allergy to penicillin
   - Chronic Conditions: Type 2 Diabetes Mellitus

3) Symptom Description:
   - Severity: Severe right upper quadrant pain
   - Duration: Persistent for the last 1 month with occasional acute episodes
   - Associated Symptoms: Nausea and bloating, no vomiting or fever
   - Frequency: Pain is constant but worsens after meals
   - Impact on Daily Activities: Significant interference with daily activities and work

4) Patient’s self-reported habits and lifestyle:
   - Sleep: Poor, 4-5 hours/night, disrupted by pain
   - Diet: Unbalanced diet, irregular meal times, high carbohydrate intake
   - Exercise: Occasional walking, does not exercise regularly
   - Tobacco Use: None
   - Alcohol Consumption: None
   - Drug Use: None
   - Recreational Activities: Limited due to pain, enjoys knitting

5) Demographic Information:
   - Age: 60
   - Gender: Male
   - Ethnicity: African American
   - Socio-economic Status: Low-income
   - Education Level: College degree
   - Health Literacy: High
   - Job Status: Retired factory worker

6) Patient's Behavior:
   - Level of Cooperation: Very cooperative and adheres to medical advice

7) Geographical Location:
   - Big City vs Small City: Big City
   - Rural vs Urban: Urban
   - Pollution and Environmental Health Risks: High pollution area
   - Neighborhood Type: Impoverished, limited access to fresh food and quality healthcare

8) Clinical Setting:
   - Urgent Care Center

9) Type of Encounter:
   - Emergency Visit

10) Treatment Disparities:
   - Potential issue due to low-income status affecting access to follow-up care

11) Native or Non-Native English Speaking Patient:
   - Native English-speaking patient

12) Physical exams:
   - Abdominal Exam: Marked tenderness in the right upper quadrant, no palpable masses, positive Murphy's sign

13) Investigation/Test results:
   - Awaiting: Abdominal Ultrasound to confirm presence of gallstones, LFTs (Liver Function Tests), CBC (Complete Blood Count), and blood glucose levels due to diabetes management"|Rejected|Rejected|Rejected|Rejected||
CALCULUS OF GALLBLADDER WITHOUT CHOLECYSTITIS WITHOUT OBSTRUCTION|"ROLE: General Surgeon

1) Medical Outcome:
   - Diagnosis: CALCULUS OF GALLBLADDER WITHOUT CHOLECYSTITIS WITHOUT OBSTRUCTION
   - Prescribed Treatment: Scheduled laparoscopic cholecystectomy in 3 weeks
   - Follow-up Recommendations: Postoperative follow-up in 1 month to assess recovery
   - Medication: Prescribed ibuprofen 200 mg, oral, three times a day, as needed for pain, quantity: 20 tablets
   - Referral to Specialist: NA

2) Medical History:
   - Previous Diagnoses: GERD (Gastroesophageal Reflux Disease)
   - Family Medical History: Father with a history of pancreatic cancer
   - Medication History: Omeprazole 20 mg daily for GERD
   - Allergies: Allergic to sulfa drugs
   - Chronic Conditions: GERD

3) Symptom Description:
   - Severity: Moderate right upper quadrant pain, worsening
   - Duration: Persistent for 2 months with episodes of acute pain
   - Associated Symptoms: Nausea, dyspepsia, intermittent jaundice
   - Frequency: Occurs daily, worsens post meals
   - Impact on Daily Activities: Minimally impacts daily activities but limits heavy physical activity

4) Patient’s self-reported habits and lifestyle:
   - Sleep: 7-8 hours/night, quality sleep
   - Diet: Healthy, primarily vegetarian, avoids fatty foods
   - Exercise: Regular yoga and light jogging, 3 times a week
   - Tobacco Use: None
   - Alcohol Consumption: Occasionally, 1-2 times a month, socially
   - Drug Use: None
   - Recreational Activities: Enjoys hiking and gardening

5) Demographic Information:
   - Age: 32
   - Gender: Female
   - Ethnicity: Asian
   - Socio-economic Status: Middle-class
   - Education Level: Bachelor's degree
   - Health Literacy: High
   - Job Status: Teacher

6) Patient's Behavior:
   - Level of Cooperation: Highly cooperative, follows medical advice rigorously

7) Geographical Location:
   - Big City vs Small City: Big City
   - Rural vs Urban: Urban
   - Pollution and Environmental Health Risks: Moderate pollution
   - Neighborhood Type: Affluent area with good access to healthcare and grocery stores

8) Clinical Setting:
   - Private Practice

9) Type of Encounter:
   - Routine Check-up

10) Treatment Disparities:
   - None noted

11) Native or Non-Native English Speaking Patient:
   - Native English-speaking patient

12) Physical exams:
   - Abdominal Exam: Mild right upper quadrant tenderness, normal bowel sounds, no masses, negative Murphy's sign

13) Investigation/Test results:
   - Ready: Abdominal Ultrasound shows gallstones without signs of inflammation or obstruction, Normal CBC, Normal LFTs"|Rejected|Rejected|Rejected|Rejected||
CALCULUS OF GALLBLADDER WITHOUT CHOLECYSTITIS WITHOUT OBSTRUCTION|"ROLE: General Surgeon

- **Medical Outcome:**
  - Diagnosis: Calculus of gallbladder without cholecystitis without obstruction
  - Prescribed Treatment: Elective laparoscopic cholecystectomy.
  - Follow-up Recommendations: Follow-up in 2 weeks post-operation for wound check and review.
  - Referral to Specialist: NA
  - Referral to Further Tests or Imaging: Abdominal ultrasound to confirm the presence of gallstones and assess the gallbladder wall.
  - Medication Adjustment: NA
  - Lifestyle Change: Dietary modifications to a low-fat diet to manage symptoms until surgery.

- **Medical History:**
  - Previous Diagnoses: Hyperlipidemia, Hypertension.
  - Family Medical History: Mother with history of gallstones.
  - Medication History: Atorvastatin 20 mg once daily, Lisinopril 10 mg once daily.
  - Allergies: No known drug allergies.
  - Chronic Conditions: Hyperlipidemia, Hypertension.

- **Symptom Description:**
  - Severity: Moderate
  - Duration: Intermittent episodes over the last 3 months.
  - Associated Symptoms: Postprandial right upper quadrant pain, nausea, and bloating.
  - Frequency: Occurring after heavy or fatty meals.
  - Impact on Daily Activities: Avoidance of certain foods, discomfort impacting sleep quality.

- **Patient’s Self-Reported Habits and Lifestyle:**
  - Sleep: Reports disturbed sleep due to nocturnal pain episodes.
  - Diet: High-fat content, frequent fast food consumption.
  - Exercise: Sedentary lifestyle with minimal physical activity.
  - Tobacco Use: Non-smoker.
  - Alcohol Consumption: Social drinking, 1-2 drinks per week.
  - Drug Use: Denies any recreational drug use.
  - Recreational Activities: Enjoys watching TV and reading.

- **Demographic Information:**
  - Age: 46
  - Gender: Female
  - Ethnicity: Hispanic
  - Socio-economic Status: Middle class
  - Education Level: College graduate
  - Health Literacy: Moderate understanding of medical terms and conditions.
  - Job Status: Full-time office job.

- **Patient's Behavior:**
  - Level of Cooperation: Highly cooperative and willing to follow medical advice.

- **Geographical Location:**
  - Urban
  - Affluent neighborhood
  - Well-served by public transit
  - Moderate environmental health risks

- **Clinical Setting:**
  - Private Practice

- **Type of Encounter:**
  - Initial Consultation

- **Treatment Disparities:**
  - None observed; patient has insurance and access to recommended treatments.

- **Native or Non-Native English Speaking Patient:**
  - Native English speaking.

- **Physical Exams:**
  - Abdominal Examination: Soft, non-tender, non-distended.
  - Murphy's Sign: Negative.

- **Investigation/Test Results:**
  - Abdominal ultrasound (awaiting results).

"|Rejected|Rejected|Rejected|Rejected||
CALCULUS OF GALLBLADDER WITHOUT CHOLECYSTITIS WITHOUT OBSTRUCTION|"ROLE: General Surgeon

- **Medical Outcome:**
  - Diagnosis: Calculus of gallbladder without cholecystitis without obstruction
  - Prescribed Treatment: Elective laparoscopic cholecystectomy.
  - Follow-up Recommendations: Follow-up in 2 weeks post-operation for wound check and review.
  - Referral to Specialist: NA
  - Referral to Further Tests or Imaging: Abdominal ultrasound to confirm the presence of gallstones and assess the gallbladder wall.
  - Medication Adjustment: NA
  - Lifestyle Change: Dietary modifications to a low-fat diet to manage symptoms until surgery.

- **Medical History:**
  - Previous Diagnoses: Hyperlipidemia, Type 2 Diabetes.
  - Family Medical History: Father with coronary artery disease.
  - Medication History: Metformin 500 mg twice daily, Atorvastatin 20 mg once daily.
  - Allergies: No known drug allergies.
  - Chronic Conditions: Hyperlipidemia, Type 2 Diabetes.

- **Symptom Description:**
  - Severity: Moderate
  - Duration: Episodic over the last 6 months.
  - Associated Symptoms: Postprandial right upper quadrant pain, vomiting, and mild jaundice.
  - Frequency: Occurring 2-3 times a week.
  - Impact on Daily Activities: Difficulty in performing daily tasks due to frequent pain episodes.

- **Patient’s Self-Reported Habits and Lifestyle:**
  - Sleep: Poor sleep quality due to pain.
  - Diet: Predominantly high-fat and processed foods.
  - Exercise: Rarely exercises due to busy work schedule.
  - Tobacco Use: Smokes 5-6 cigarettes per day.
  - Alcohol Consumption: Drinks alcohol socially, about 3-4 drinks per week.
  - Drug Use: Non-user.
  - Recreational Activities: Enjoys gardening and watching movies.

- **Demographic Information:**
  - Age: 60
  - Gender: Male
  - Ethnicity: African American
  - Socio-economic Status: Lower-middle class
  - Education Level: High school graduate
  - Health Literacy: Limited understanding of medical terms and conditions.
  - Job Status: Part-time retail worker.

- **Patient's Behavior:**
  - Level of Cooperation: Variable cooperation, sometimes forgets to take medication regularly.

- **Geographical Location:**
  - Small City
  - Impoverished neighborhood
  - Limited access to healthcare facilities
  - High pollution levels

- **Clinical Setting:**
  - Community Health Services

- **Type of Encounter:**
  - Initial Consultation

- **Treatment Disparities:**
  - Limited healthcare access and financial constraints affecting treatment options.

- **Native or Non-Native English Speaking Patient:**
  - Native English speaking.

- **Physical Exams:**
  - Abdominal Examination: Soft, right upper quadrant tenderness, mild hepatomegaly.
  - Murphy's Sign: Positive.

- **Investigation/Test Results:**
  - Abdominal ultrasound (awaiting results)."|Rejected|Rejected|Rejected|Rejected||
CALCULUS OF GALLBLADDER WITHOUT CHOLECYSTITIS WITHOUT OBSTRUCTION|"ROLE: General Surgeon

- **Medical Outcome:**
  - Diagnosis: Calculus of gallbladder without cholecystitis without obstruction
  - Prescribed Treatment: Elective laparoscopic cholecystectomy.
  - Follow-up Recommendations: Follow-up in 2 weeks post-operation for wound check and review.
  - Referral to Specialist: NA
  - Referral to Further Tests or Imaging: Abdominal ultrasound to confirm the presence of gallstones and assess the gallbladder wall.
  - Medication Adjustment: NA
  - Lifestyle Change: Dietary modifications to a low-fat diet to manage symptoms until surgery.

- **Medical History:**
  - Previous Diagnoses: Hyperlipidemia, Hypertension.
  - Family Medical History: Mother with history of gallstones.
  - Medication History: Atorvastatin 20 mg once daily, Lisinopril 10 mg once daily.
  - Allergies: Shellfish.
  - Chronic Conditions: Hyperlipidemia, Hypertension.

- **Symptom Description:**
  - Severity: Severe
  - Duration: Persistent for the last month.
  - Associated Symptoms: Intense right upper quadrant pain, nausea, vomiting, and occasional fever.
  - Frequency: Nearly daily episodes, particularly after meals.
  - Impact on Daily Activities: Significant interference with daily activities and quality of life.

- **Patient’s Self-Reported Habits and Lifestyle:**
  - Sleep: Poor quality due to nocturnal pain episodes.
  - Diet: Frequent high-fat meals.
  - Exercise: Minimal physical activity, leads a sedentary lifestyle.
  - Tobacco Use: None.
  - Alcohol Consumption: None.
  - Drug Use: None.
  - Recreational Activities: Enjoys watching TV and gardening.

- **Demographic Information:**
  - Age: 55
  - Gender: Female
  - Ethnicity: Asian
  - Socio-economic Status: Upper-middle class
  - Education Level: Graduate degree
  - Health Literacy: High understanding of medical terms and conditions.
  - Job Status: Full-time corporate executive.

- **Patient's Behavior:**
  - Level of Cooperation: Highly cooperative and adherent to medical advice.

- **Geographical Location:**
  - Urban
  - Affluent neighborhood
  - Good access to healthcare facilities
  - Low pollution levels

- **Clinical Setting:**
  - Private Practice

- **Type of Encounter:**
  - Initial Consultation

- **Treatment Disparities:**
  - None observed; patient has insurance and access to recommended treatments.

- **Native or Non-Native English Speaking Patient:**
  - Non-native English speaking.

- **Physical Exams:**
  - Abdominal Examination: Tenderness in the right upper quadrant, no palpable masses.
  - Murphy's Sign: Positive.

- **Investigation/Test Results:**
  - Abdominal ultrasound (awaiting results)."|Rejected|Rejected|Rejected|Rejected||
