Disease Description|Scenario|Note|Polished Note|Abbreviated Note|Role|dial|polished_dial
ENCOUNTER FOR OTHER SPECIFIED AFTERCARE|"ROLE: Family Medicine Physician

1) Medical Outcome:
    - Follow-up recommendations: Schedule another appointment in 2 weeks.
    - Referral to specialists: Refer to Orthopedic Surgeon, Dr. Amanda Lee, for evaluation of recovery progress.
    - Prescribed treatment: Physical therapy twice weekly for 6 weeks.
    - Medication Adjustment: Prescribe NSAID, Naproxen 500 mg, 1 tablet orally twice daily with meals for 10 days.
    - Lifestyle change: Recommend daily 30-minute low-impact exercise, preferably swimming or walking.

2) Medical History:
    - Previous Diagnoses: Tibial fracture treated surgically, Hypertension.
    - Family Medical History: Father with history of osteoarthritis.
    - Medication History: Previous prescriptions of Ibuprofen for pain, Lisinopril 10 mg for Hypertension.
    - Allergies: None.
    - Chronic Conditions: Hypertension.

3) Symptom Description:
    - Severity: Mild to moderate pain and stiffness in the lower leg.
    - Duration: 6 weeks post-surgery.
    - Associated Symptoms: Slight swelling and limited range of motion.
    - Frequency: Constant discomfort, with occasional acute pain when walking.
    - Impact on Daily Activities: Difficulty standing for long periods; unable to return to work fully.

4) Patient’s self-reported habits and lifestyle:
    - Sleep: 6-7 hours per night, occasionally disrupted by pain.
    - Diet: Balanced diet but high in sodium.
    - Exercise: Limited due to recent surgery.
    - Tobacco Use: None.
    - Alcohol Consumption: Socially, 1-2 drinks per week.
    - Recreational Activities: Likes reading and watching TV, no high-impact sports currently.

5) Demographic Information:
    - Age: 47
    - Gender: Female
    - Ethnicity: Caucasian
    - Socio-economic Status: Middle class
    - Education Level: Bachelor's Degree
    - Health Literacy: Moderate
    - Job Status: Office manager, currently on medical leave.

6) Patient's Behavior:
    - Generally cooperative but anxious about recovery timeline.

7) Geographical Location:
    - Urban, Big City
    - Environmental Health Risks: High air pollution area.
    - Neighborhood Type: Affluent, well-served by public transit, many health services available.

8) Clinical Setting:
    - Community Health Services.

9) Type of Encounter:
    - Follow-up.

10) Treatment Disparities:
    - NA.

11) Native or Non-Native English Speaking Patient:
    - Native English-speaking patient.

12) Physical exams:
    - Inspection of surgical site: Mild swelling and erythema, no signs of infection.
    - Range of motion: Limited extension and flexion of the affected limb.
    - Palpation: Tenderness around the surgical site.

13) Investigation/Test results:
    - Awaiting X-ray of the lower leg to assess bone healing progress."|"#####
**1. Subjective:**

**Chief Complaint (CC):**
Follow-up for tibial fracture post-surgery.

**History of Present Illness (HPI):**
Patient is a 47-year-old Caucasian female who presents for a follow-up visit 6 weeks post-surgery for a surgically-treated tibial fracture. The patient reports mild to moderate pain and stiffness in the lower leg, along with slight swelling and a limited range of motion. She notes constant discomfort with occasional acute pain when walking. The symptoms have affected her ability to stand for long periods and she has not been able to fully return to work as an office manager.

**Review of Systems (ROS):**
- **Musculoskeletal:** Mild to moderate pain and stiffness in the lower leg, slight swelling, and limited range of motion.
- **General:** Generally cooperative, but anxious about recovery.
- **Sleep:** Disrupted sleep occasionally due to pain.
- **Diet:** Balanced but high in sodium.
- **Exercise:** Limited due to recent surgery.
- **Habits:** No tobacco use; social alcohol consumption, 1-2 drinks per week.

**2. Objective:**

**Vital Signs:**
- Blood Pressure: 130/85 mmHg
- Heart Rate: 78 bpm
- Respiratory Rate: 16 breaths/min
- Temperature: 98.6°F

**Physical Exam:**
- **Inspection:** Mild swelling and erythema at the surgical site, no signs of infection.
- **Range of Motion:** Limited extension and flexion of the affected limb.
- **Palpation:** Tenderness around the surgical site.

**3. Assessment:**

- Tibial fracture post-surgery with mild to moderate pain, stiffness, and limited range of motion.
- Hypertension, currently managed with Lisinopril.
- Slight swelling and limited range of motion impact daily activities.

**4. Plan:**

- **Follow-Up:** Schedule another appointment in 2 weeks to monitor recovery progress.
- **Referral:** Refer to Dr. Amanda Lee, Orthopedic Surgeon, for evaluation of recovery progress.
- **Prescribed Treatment:** Physical therapy twice weekly for 6 weeks to improve range of motion and strength.
- **Medication Adjustment:** Prescribe Naproxen 500 mg, 1 tablet orally twice daily with meals for 10 days to manage pain and inflammation.
- **Lifestyle Change:** Recommend daily 30-minute low-impact exercise, preferably swimming or walking, to improve cardiovascular health and aid recovery.
- **Diet:** Advise on reducing sodium intake to better manage hypertension.
- **Investigations:** Awaiting X-ray results to assess bone healing progress.

#####"|"**1. Subjective:**

**Chief Complaint (CC):**
Follow-up for tibial fracture post-surgery.

**History of Present Illness (HPI):**
Patient is a 47-year-old Caucasian female who presents for a follow-up visit 6 weeks post-surgery for a surgically-treated tibial fracture. The patient reports mild to moderate pain and stiffness in the lower leg, along with slight swelling and a limited range of motion. She notes constant discomfort with occasional acute pain when walking. The symptoms have affected her ability to stand for long periods and she has not been able to fully return to work as an office manager.

**Review of Systems (ROS):**
- **Musculoskeletal:** Mild to moderate pain and stiffness in the lower leg, slight swelling, and limited range of motion.
- **General:** Generally cooperative, but anxious about recovery.
- **Sleep:** Disrupted sleep occasionally due to pain.
- **Diet:** Balanced but high in sodium.
- **Exercise:** Limited due to recent surgery.
- **Habits:** No tobacco use; social alcohol consumption, 1-2 drinks per week.

**2. Objective:**

**Vital Signs:**
- Blood Pressure: 130/85 mmHg
- Heart Rate: 78 bpm
- Respiratory Rate: 16 breaths/min
- Temperature: 98.6°F

**Physical Exam:**
- **Inspection:** Mild swelling and erythema at the surgical site, no signs of infection.
- **Range of Motion:** Limited extension and flexion of the affected limb.
- **Palpation:** Tenderness around the surgical site.

**3. Assessment:**

- Tibial fracture post-surgery with mild to moderate pain, stiffness, and limited range of motion.
- Hypertension, currently managed with Lisinopril.
- Slight swelling and limited range of motion impact daily activities.

**4. Plan:**

- **Follow-Up:** Schedule another appointment in 2 weeks to monitor recovery progress.
- **Referral:** Refer to Dr. Amanda Lee, Orthopedic Surgeon, for evaluation of recovery progress.
- **Prescribed Treatment:** Physical therapy twice weekly for 6 weeks to improve range of motion and strength.
- **Medication Adjustment:** Prescribe Naproxen 500 mg, 1 tablet orally twice daily with meals for 10 days to manage pain and inflammation.
- **Lifestyle Change:** Recommend daily 30-minute low-impact exercise, preferably swimming or walking, to improve cardiovascular health and aid recovery.
- **Diet:** Advise on reducing sodium intake to better manage hypertension.
- **Investigations:** Awaiting X-ray results to assess bone healing progress."|"**1. Subjective:**

**CC:**
F/U for tibial fx post-op.

**HPI:**
Pt is a 47 y/o Caucasian F who presents for a F/U visit 6 wks post-op for a surgically-treated tibial fx. Pt reports mild to moderate pain and stiffness in the lower leg, along with slight swelling and a limited ROM. She notes constant discomfort with occasional acute pain when ambulating. The symptoms have affected her ability to stand for long periods and she has not been able to fully return to work as an office manager.

**ROS:**
- **MSK:** Mild to moderate pain and stiffness in the lower leg, slight swelling, and limited ROM.
- **Gen:** Generally cooperative, but anxious about recovery.
- **Sleep:** Disrupted sleep occasionally due to pain.
- **Diet:** Balanced but high in Na.
- **Ex:** Limited due to recent surgery.
- **Habits:** No tobacco use; social EtOH consumption, 1-2 drinks per week.

**2. Objective:**

**VS:**
- BP: 130/85 mmHg
- HR: 78 bpm
- RR: 16 breaths/min
- Temp: 98.6°F

**PE:**
- **Inspection:** Mild swelling and erythema at the surgical site, no signs of infection.
- **ROM:** Limited extension and flexion of the affected limb.
- **Palpation:** Tenderness around the surgical site.

**3. Assessment:**

- Tibial fx post-op with mild to moderate pain, stiffness, and limited ROM.
- HTN, currently managed with Lisinopril.
- Slight swelling and limited ROM impact daily activities.

**4. Plan:**

- **F/U:** Schedule another appt in 2 wks to monitor recovery progress.
- **Referral:** Refer to Dr. Amanda Lee, Ortho, for eval of recovery progress.
- **Rx:** PT BID for 6 wks to improve ROM and strength.
- **Med Adj:** Rx Naproxen 500 mg, 1 tab PO BID with meals for 10 days to manage pain and inflammation.
- **Lifestyle:** Recommend daily 30-min low-impact ex, preferably swimming or walking, to improve CV health and aid recovery.
- **Diet:** Advise on reducing Na intake to better manage HTN.
- **Investigations:** Awaiting X-ray results to assess bone healing progress."|Family Medicine Physician|"[doctor] Hi there! How are you doing today?

[patient] Hi, I'm doing okay, but I'm a bit anxious about my recovery.

[doctor] I understand. You're here for a follow-up on your tibial fracture post-surgery, correct?

[patient] Yes, it's been 6 weeks since the surgery.

[doctor] How have you been feeling? Any specific issues you've noticed?

[patient] Well, I have mild to moderate pain and stiffness in my lower leg. There's also some slight swelling, and my range of motion is limited.

[doctor] I see. Is the pain constant, or does it come and go?

[patient] It's mostly constant discomfort, but I get occasional acute pain, especially when I'm walking.

[doctor] Has this affected your daily activities or work?

[patient] Yes, I haven't been able to stand for long periods, and I haven't fully returned to work as an office manager.

[doctor] That sounds challenging. How's your sleep been?

[patient] My sleep is disrupted occasionally because of the pain.

[doctor] Understood. What about your diet and exercise? 

[patient] I try to keep a balanced diet, but I think it's high in sodium. Exercise has been very limited due to the surgery.

[doctor] Do you use tobacco or consume alcohol?

[patient] No tobacco. I drink socially, about 1-2 drinks per week.

[doctor] Thanks for sharing that. Let’s check your vital signs. Your blood pressure is 130/85 mmHg, heart rate is 78 bpm, respiratory rate is 16 breaths per minute, and temperature is 98.6°F.

[patient] Okay.

[doctor] Let’s proceed with the physical exam. I see mild swelling and erythema at the surgical site, but there are no signs of infection. Your range of motion is limited in both extension and flexion of the affected limb. Is it tender when I press here?

[patient] Yes, it’s quite tender around the surgical site.

[doctor] Based on the exam, it appears that you have mild to moderate pain, stiffness, and limited range of motion post-surgery. Your hypertension is currently managed with Lisinopril, and the swelling and limited range of motion are impacting your daily activities.

[patient] What can we do about it?

[doctor] Here’s the plan. First, we’ll schedule another follow-up appointment in 2 weeks to monitor your recovery progress. I’m going to refer you to Dr. Amanda Lee, an orthopedic surgeon, for a more detailed evaluation of your recovery.

[patient] Okay.

[doctor] I’m also prescribing physical therapy twice a week for 6 weeks. This will help improve your range of motion and strength.

[patient] That sounds good.

[doctor] For pain and inflammation, I’ll prescribe Naproxen 500 mg, one tablet orally twice daily with meals for 10 days.

[patient] Alright.

[doctor] I recommend incorporating daily 30-minute low-impact exercises, such as swimming or walking, to improve your cardiovascular health and aid in recovery.

[patient] I can try that.

[doctor] Also, it’s important to reduce your sodium intake to better manage your hypertension.

[patient] I’ll work on that.

[doctor] Lastly, we’re awaiting X-ray results to assess your bone healing progress. We’ll review those once they’re available.

[patient] Thank you, doctor.

[doctor] You’re welcome. Do you have any questions or concerns?

[patient] No, I think that covers everything.

[doctor] Great. We’ll see you in 2 weeks for your follow-up. Take care and feel better soon!

[patient] Thank you. I will."|"[doctor] Hi there! How are you doing today?

[patient] Hi, I'm doing okay, but I'm a bit anxious about my recovery.

[doctor] I understand. You're here for a follow-up on your tibial fracture post-surgery, correct?

[patient] Yes, it's been 6 weeks since the surgery.

[doctor] How have you been feeling? Any specific issues you've noticed?

[patient] Well, I have mild to moderate pain and stiffness in my lower leg. There's also some slight swelling, and my range of motion is limited.

[doctor] I see. Is the pain constant, or does it come and go?

[patient] It's mostly constant discomfort, but I get occasional acute pain, especially when I'm walking.

[doctor] Has this affected your daily activities or work?

[patient] Yes, I haven't been able to stand for long periods, and I haven't fully returned to work as an office manager.

[doctor] That sounds challenging. How's your sleep been?

[patient] My sleep is disrupted occasionally because of the pain.

[doctor] Understood. What about your diet and exercise?

[patient] I try to keep a balanced diet, but I think it's high in sodium. Exercise has been very limited due to the surgery.

[doctor] Do you use tobacco or consume alcohol?

[patient] No tobacco. I drink socially, about 1-2 drinks per week.

[doctor] Thanks for sharing that. Let’s check your vital signs. Your blood pressure is 130/85 mmHg, heart rate is 78 bpm, respiratory rate is 16 breaths per minute, and temperature is 98.6°F.

[patient] Okay.

[doctor] Let’s proceed with the physical exam. I see mild swelling and erythema at the surgical site, but there are no signs of infection. Your range of motion is limited in both extension and flexion of the affected limb. Is it tender when I press here?

[patient] Yes, it’s quite tender around the surgical site.

[doctor] Based on the exam, it appears that you have mild to moderate pain, stiffness, and limited range of motion post-surgery. Your hypertension is currently managed with Lisinopril, and the swelling and limited range of motion are impacting your daily activities.

[patient] What can we do about it?

[doctor] Here’s the plan. First, we’ll schedule another follow-up appointment in 2 weeks to monitor your recovery progress. I’m going to refer you to Dr. Amanda Lee, an orthopedic surgeon, for a more detailed evaluation of your recovery.

[patient] Okay.

[doctor] I’m also prescribing physical therapy twice a week for 6 weeks. This will help improve your range of motion and strength.

[patient] That sounds good.

[doctor] For pain and inflammation, I’ll prescribe Naproxen 500 mg, one tablet orally twice daily with meals for 10 days.

[patient] Alright.

[doctor] I recommend incorporating daily 30-minute low-impact exercises, such as swimming or walking, to improve your cardiovascular health and aid in recovery.

[patient] I can try that.

[doctor] Also, it’s important to reduce your sodium intake to better manage your hypertension.

[patient] I’ll work on that.

[doctor] Lastly, we’re awaiting X-ray results to assess your bone healing progress. We’ll review those once they’re available.

[patient] Thank you, doctor.

[doctor] You’re welcome. Do you have any questions or concerns?

[patient] No, I think that covers everything.

[doctor] Great. We’ll see you in 2 weeks for your follow-up. Take care and feel better soon!

[patient] Thank you. I will."
ENCOUNTER FOR OTHER SPECIFIED AFTERCARE|"ROLE: General Physician 

**1) Medical Outcome:**
- **Prescribed treatment:** Ibuprofen 400 mg oral tablets, taken every 6 hours as needed for pain, 30 tablets total.
- **Follow-up recommendations:** Follow up in 2 weeks to evaluate pain status.
- **Referral:** Referral to a gastroenterologist, Dr. Emily Perkins, for evaluation of Barrett's Esophagus.

**2) Medical History:** 
- **Previous Diagnoses:** Barrett's Esophagus, Asthma.
- **Family Medical History:** Mother had esophageal cancer.
- **Medication History:** Uses a Fluticasone inhaler as needed for asthma; on omeprazole 20 mg once daily.
- **Allergies:** Amoxicillin (rash).
- **Chronic Conditions:** Asthma.

**3) Symptom Description:** 
- **Severity:** Moderate to severe.
- **Duration:** 3 days.
- **Associated Symptoms:** Nausea, mild abdominal pain.
- **Frequency:** Frequent episodes of heartburn.
- **Impact on Daily Activities:** Difficulty eating certain foods.

**4) Patient’s self-reported habits and lifestyle:** 
- **Sleep:** 7-8 hours/night.
- **Diet:** Eats quickly, prefers spicy foods.
- **Exercise:** Light jogging 3 times a week.
- **Tobacco Use:** None.
- **Alcohol Consumption:** Drinks beer on weekends.
- **Drug Use:** None.
- **Recreational Activities:** Plays the guitar.

**5) Demographic Information:** 
- **Age:** 45
- **Gender:** Male
- **Ethnicity:** Hispanic
- **Socio-economic Status:** Middle-class
- **Education Level:** High school diploma
- **Health Literacy:** Moderate
- **Job Status:** Auto mechanic

**6) Patient's Behavior:** Generally follows medical advice but sometimes misses doses of prescribed medications.

**7) Geographical Location:** 
- **Type:** Small City, exposed to urban pollution.

**8) Clinical Setting:** Urgent Care Center

**9) Type of Encounter:** Emergency Visit

**10) Treatment Disparities:** Common experience of having limited access to a specialist in his area, leading to delays in care.

**11) Native or Non-Native English Speaking Patient:** Non-Native English-speaking, primary language Spanish.

**12) Physical exams:**
- **Abdominal Exam:**
  - Inspection: Mild distension.
  - Palpation: Mild tenderness in the epigastric region.
  - Bowel Sounds: Normal, no abnormalities noted.
  - Guarding/Rebound: No.

**13) Investigation/Test results:** 
- **Awaiting:** Upper endoscopy (EGD) to assess the extent of Barrett's Esophagus."|"#####
**SUBJECTIVE**

CHIEF COMPLAINT

Frequent episodes of heartburn with moderate to severe symptoms.

HISTORY OF PRESENT ILLNESS

Mr. Lopez is a 45-year-old Hispanic male who presents to the Urgent Care Center with complaints of frequent heartburn episodes over the past 3 days. The patient describes the severity of the symptoms as moderate to severe, which are associated with nausea and mild abdominal pain. He reports that his heartburn significantly impacts his eating habits, making it difficult to consume certain foods. 

He has a known history of Barrett's Esophagus and asthma. He acknowledges taking omeprazole 20 mg daily for his Barrett's Esophagus but admits that he occasionally misses doses. He is currently using a Fluticasone inhaler as needed for asthma. 

The patient has a family history of esophageal cancer, as his mother was diagnosed with the disease. He has no known allergies except for amoxicillin, which causes a rash.

REVIEW OF SYSTEMS

- **Gastrointestinal:** Frequent heartburn, nausea, mild abdominal pain.
- **Respiratory:** No recent asthma exacerbations despite exposure to urban pollution.
- **General:** No fever, chills, or significant weight loss.

PATIENT'S SELF-REPORTED HABITS AND LIFESTYLE

Mr. Lopez sleeps 7-8 hours per night, engages in light jogging three times a week, and has no history of tobacco or drug use. He consumes beer on weekends and has a preference for spicy foods. He mentioned that he eats quickly and has noted this might contribute to his symptoms. Recreationally, he enjoys playing the guitar.

**OBJECTIVE**

VITAL SIGNS

- Blood Pressure: 128/80 mmHg
- Heart Rate: 72 bpm
- Respiratory Rate: 18 breaths per minute
- Temperature: 98.6 °F
- Oxygen Saturation: 98% on room air

PHYSICAL EXAMINATION

- **General:** Patient appears in no acute distress.
- **Abdomen:**
  - Inspection: Mild distension noted.
  - Palpation: Mild tenderness in the epigastric region.
  - Bowel Sounds: Normal.
  - Guarding/Rebound: Absent.

**ASSESSMENT**

1. **Barrett's Esophagus:** Exacerbation of symptoms likely due to dietary habits and possible non-compliance with medication regimen.
2. **Asthma:** Well-controlled with current use of Fluticasone inhaler as needed.
3. **Moderate to severe heartburn and epigastric pain:** Likely secondary to Barrett's Esophagus and dietary factors.

**PLAN**

1. **Medication:** 
    - Prescribed Ibuprofen 400 mg oral tablets, to be taken every 6 hours as needed for pain, up to 30 tablets total.
    - Emphasized the importance of consistent daily usage of omeprazole 20 mg once daily.
2. **Referral:** 
    - Referral made to gastroenterologist Dr. Emily Perkins for further evaluation and management of Barrett's Esophagus.
3. **Follow-up:** 
    - Follow-up appointment scheduled in 2 weeks to evaluate pain status and response to the treatment.
4. **Lifestyle modification:** 
    - Advised the patient to avoid spicy foods and to eat smaller, more frequent meals at a slower pace.
    - Recommended continuing his light jogging routine and maintaining a healthy sleep schedule.
5. **Investigation:** 
    - Awaiting results from the upper endoscopy (EGD) to assess the extent of Barrett's Esophagus and guide further treatment.

INSTRUCTIONS

- Continue using Fluticasone inhaler as needed.
- Ensure consistent daily intake of omeprazole.
- Avoid any known triggers for heartburn, such as spicy foods and fast eating.
- Return to the clinic for a follow-up visit in 2 weeks or sooner if symptoms worsen.
- Contact the clinic for any new or worsening symptoms, especially if they include severe abdominal pain, significant weight loss, or vomiting.

**CLINICAL SETTING DETAILS**

- Encounter: Emergency Visit
- Location: Urgent Care Center
- Language assistance provided for the patient's primary language, Spanish.
- Acknowledged the patient's challenge with accessing specialists and facilitated a timely referral to address this issue."|"#####
**1. Subjective:**

**CHIEF COMPLAINT**

Frequent episodes of heartburn with moderate to severe symptoms.

**HISTORY OF PRESENT ILLNESS**

Mr. Lopez is a 45-year-old Hispanic male who presents to the Urgent Care Center with complaints of frequent heartburn episodes over the past 3 days. The patient describes the severity of the symptoms as moderate to severe, which are associated with nausea and mild abdominal pain. He reports that his heartburn significantly impacts his eating habits, making it difficult to consume certain foods. 

He has a known history of Barrett's Esophagus and asthma. He acknowledges taking omeprazole 20 mg daily for his Barrett's Esophagus but admits that he occasionally misses doses. He is currently using a Fluticasone inhaler as needed for asthma. 

The patient has a family history of esophageal cancer, as his mother was diagnosed with the disease. He has no known allergies except for amoxicillin, which causes a rash.

**REVIEW OF SYSTEMS**

- **Gastrointestinal:** Frequent heartburn, nausea, mild abdominal pain.
- **Respiratory:** No recent asthma exacerbations despite exposure to urban pollution.
- **General:** No fever, chills, or significant weight loss.

**PATIENT'S SELF-REPORTED HABITS AND LIFESTYLE**

Mr. Lopez sleeps 7-8 hours per night, engages in light jogging three times a week, and has no history of tobacco or drug use. He consumes beer on weekends and has a preference for spicy foods. He mentioned that he eats quickly and has noted this might contribute to his symptoms. Recreationally, he enjoys playing the guitar.

**2. Objective:**

**VITAL SIGNS**

- Blood Pressure: 128/80 mmHg
- Heart Rate: 72 bpm
- Respiratory Rate: 18 breaths per minute
- Temperature: 98.6 °F
- Oxygen Saturation: 98% on room air

**PHYSICAL EXAMINATION**

- **General:** Patient appears in no acute distress.
- **Abdomen:**
  - Inspection: Mild distension noted.
  - Palpation: Mild tenderness in the epigastric region.
  - Bowel Sounds: Normal.
  - Guarding/Rebound: Absent.

**3. Assessment:**

1. **Barrett's Esophagus:** Exacerbation of symptoms likely due to dietary habits and possible non-compliance with medication regimen.
2. **Asthma:** Well-controlled with current use of Fluticasone inhaler as needed.
3. **Moderate to severe heartburn and epigastric pain:** Likely secondary to Barrett's Esophagus and dietary factors.

**4. Plan:**

1. **Medication:** 
    - Prescribed Ibuprofen 400 mg oral tablets, to be taken every 6 hours as needed for pain, up to 30 tablets total.
    - Emphasized the importance of consistent daily usage of omeprazole 20 mg once daily.
2. **Referral:** 
    - Referral made to gastroenterologist Dr. Emily Perkins for further evaluation and management of Barrett's Esophagus.
3. **Follow-up:** 
    - Follow-up appointment scheduled in 2 weeks to evaluate pain status and response to the treatment.
4. **Lifestyle modification:** 
    - Advised the patient to avoid spicy foods and to eat smaller, more frequent meals at a slower pace.
    - Recommended continuing his light jogging routine and maintaining a healthy sleep schedule.
5. **Investigation:** 
    - Awaiting results from the upper endoscopy (EGD) to assess the extent of Barrett's Esophagus and guide further treatment.

**INSTRUCTIONS**

- Continue using Fluticasone inhaler as needed.
- Ensure consistent daily intake of omeprazole.
- Avoid any known triggers for heartburn, such as spicy foods and fast eating.
- Return to the clinic for a follow-up visit in 2 weeks or sooner if symptoms worsen.
- Contact the clinic for any new or worsening symptoms, especially if they include severe abdominal pain, significant weight loss, or vomiting.

**CLINICAL SETTING DETAILS**

- Encounter: Emergency Visit
- Location: Urgent Care Center
- Language assistance provided for the patient's primary language, Spanish.
- Acknowledged the patient's challenge with accessing specialists and facilitated a timely referral to address this issue."|"#####
**1. Subjective:**

**CC**

Frequent episodes of heartburn with moderate to severe sx.

**HPI**

Mr. Lopez is a 45 y/o Hispanic male who presents to the UCC with c/o frequent heartburn episodes over the past 3 days. The pt describes the severity of the sx as moderate to severe, which are associated with nausea and mild abd pain. He reports that his heartburn significantly impacts his eating habits, making it difficult to consume certain foods. 

He has a known hx of Barrett's Esophagus and asthma. He acknowledges taking omeprazole 20 mg daily for his Barrett's Esophagus but admits that he occasionally misses doses. He is currently using a Fluticasone inhaler PRN for asthma. 

The pt has a FHx of esophageal CA, as his mother was dx'ed with the disease. He has no known allergies except for amoxicillin, which causes a rash.

**ROS**

- **GI:** Frequent heartburn, nausea, mild abd pain.
- **Resp:** No recent asthma exacerbations despite exposure to urban pollution.
- **Gen:** No fever, chills, or significant weight loss.

**Pt's Self-Reported Habits and Lifestyle**

Mr. Lopez sleeps 7-8 hrs per night, engages in light jogging 3x/week, and has no hx of tobacco or drug use. He consumes beer on weekends and has a preference for spicy foods. He mentioned that he eats quickly and has noted this might contribute to his sx. Recreationally, he enjoys playing the guitar.

**2. Objective:**

**VS**

- BP: 128/80 mmHg
- HR: 72 bpm
- RR: 18 bpm
- Temp: 98.6 °F
- O2 Sat: 98% on RA

**PE**

- **Gen:** Pt appears in no acute distress.
- **Abd:**
  - Inspection: Mild distension noted.
  - Palpation: Mild tenderness in the epigastric region.
  - Bowel Sounds: Normal.
  - Guarding/Rebound: Absent.

**3. Assessment:**

1. **Barrett's Esophagus:** Exacerbation of sx likely due to dietary habits and possible non-compliance with med regimen.
2. **Asthma:** Well-controlled with current use of Fluticasone inhaler PRN.
3. **Moderate to severe heartburn and epigastric pain:** Likely secondary to Barrett's Esophagus and dietary factors.

**4. Plan:**

1. **Rx:** 
    - Prescribed Ibuprofen 400 mg PO q6h PRN pain, up to 30 tabs total.
    - Emphasized the importance of consistent daily usage of omeprazole 20 mg QD.
2. **Referral:** 
    - Referral made to GI Dr. Emily Perkins for further eval and mgmt of Barrett's Esophagus.
3. **F/U:** 
    - F/U appointment scheduled in 2 weeks to evaluate pain status and response to the tx.
4. **Lifestyle modification:** 
    - Advised the pt to avoid spicy foods and to eat smaller, more frequent meals at a slower pace.
    - Recommended continuing his light jogging routine and maintaining a healthy sleep schedule.
5. **Investigation:** 
    - Awaiting results from the EGD to assess the extent of Barrett's Esophagus and guide further tx.

**INSTRUCTIONS**

- Continue using Fluticasone inhaler PRN.
- Ensure consistent daily intake of omeprazole.
- Avoid any known triggers for heartburn, such as spicy foods and fast eating.
- Return to the clinic for a F/U visit in 2 weeks or sooner if sx worsen.
- Contact the clinic for any new or worsening sx, especially if they include severe abd pain, significant weight loss, or vomiting.

**CLINICAL SETTING DETAILS**

- Encounter: Emergency Visit
- Location: UCC
- Language assistance provided for the pt's primary language, Spanish.
- Acknowledged the pt's challenge with accessing specialists and facilitated a timely referral to address this issue."|General Physician |"[doctor] Hi Mr. Lopez, how are you doing today? I understand you're here for some heartburn issues. Can you tell me more about that?

[patient] Hi, Doctor. Yes, I've been having really bad heartburn for the past three days. It's quite severe and it's making it hard for me to eat.

[doctor] I'm sorry to hear that. Can you describe the severity of your symptoms? Are there any other symptoms associated with your heartburn?

[patient] The heartburn is pretty bad, I'd say moderate to severe. I also feel nauseous and have some mild pain in my abdomen.

[doctor] I see. And how has this been affecting your eating habits?

[patient] It's really tough to eat certain foods. I have to be careful about what I eat; otherwise, it gets worse.

[doctor] I understand. Do you have a known history of any gastrointestinal conditions?

[patient] Yes, I have Barrett's Esophagus. I've been taking omeprazole 20 mg daily for it, but I sometimes miss doses.

[doctor] Okay, and besides the heartburn, are there any other symptoms, like fever, chills, or significant weight loss?

[patient] No, no fever or chills. I haven't noticed any major weight loss either.

[doctor] How about your asthma? Have you had any recent asthma exacerbations?

[patient] No, my asthma has been under control. I use my Fluticasone inhaler as needed.

[doctor] That's good to hear. Now, about your family history, is there any history of esophageal cancer or other significant conditions?

[patient] Yes, my mother was diagnosed with esophageal cancer.

[doctor] I'm sorry to hear that. Any known allergies?

[patient] I'm allergic to amoxicillin; it gives me a rash.

[doctor] Got it. Let's talk a bit about your lifestyle. How many hours of sleep do you get per night?

[patient] I usually sleep 7-8 hours a night.

[doctor] That's good. Do you engage in any physical activities?

[patient] Yes, I do light jogging three times a week.

[doctor] Excellent. Do you have any history of tobacco or drug use?

[patient] No, I don't smoke or use drugs.

[doctor] How about alcohol consumption?

[patient] I drink beer on weekends.

[doctor] What type of foods do you usually eat, and have you noticed if anything triggers your heartburn?

[patient] I like spicy foods, and I eat pretty quickly. I think that might be contributing to my heartburn.

[doctor] It could be. What do you do for fun or relaxation?

[patient] I enjoy playing the guitar in my free time.

[doctor] That sounds nice. Let's go over your vital signs now. Your blood pressure is 128/80 mmHg, heart rate is 72 bpm, respiratory rate is 18 breaths per minute, temperature is 98.6 °F, and your oxygen saturation is 98% on room air. Everything looks normal there.

[patient] Okay, that's good to hear.

[doctor] Now, I'm going to perform a physical examination. Please lie down for me. Let me check your abdomen first. Any tenderness when I press here?

[patient] A little bit, yes.

[doctor] I see there's some mild tenderness in the epigastric region. Your abdomen appears mildly distended, but your bowel sounds are normal and there's no guarding or rebound tenderness. This is good. 

[patient] Alright.

[doctor] Based on your symptoms and exam, it seems like your Barrett's Esophagus might be acting up, especially with your dietary habits and occasional missed doses of omeprazole. How consistently have you been taking your omeprazole?

[patient] I try to take it daily, but I do miss it sometimes.

[doctor] Consistency is key here. We'll need to address that. For your heartburn and abdominal pain, I'll prescribe you some Ibuprofen 400 mg to take every 6 hours as needed for pain, up to 30 tablets in total.

[patient] Okay, I can do that.

[doctor] It's very important that you take your omeprazole 20 mg every day without missing doses.

[patient] I'll make sure to be more consistent with it.

[doctor] Great. I'll also refer you to a gastroenterologist, Dr. Emily Perkins, for further evaluation and management of your Barrett's Esophagus.

[patient] Thank you. That's good to know.

[doctor] We'll also schedule a follow-up appointment in 2 weeks to see how you're doing with the treatment and if there's any improvement.

[patient] Alright, I'll be there.

[doctor] In terms of lifestyle modifications, I recommend that you avoid spicy foods and try to eat smaller, more frequent meals at a slower pace.

[patient] That makes sense. I'll work on that.

[doctor] Continue with your light jogging routine and maintain your healthy sleep schedule. This will help overall.

[patient] Will do.

[doctor] We're also awaiting results from an upper endoscopy to assess the extent of your Barrett's Esophagus. This will guide further treatment.

[patient] I hope that goes well.

[doctor] In the meantime, continue using your Fluticasone inhaler as needed for asthma, and avoid any known triggers for heartburn such as spicy foods and fast eating.

[patient] Got it.

[doctor] If you experience any new or worsening symptoms, especially severe abdominal pain, significant weight loss, or vomiting, contact the clinic immediately.

[patient] I will. Thank you, doctor.

[doctor] You're welcome, Mr. Lopez. Do you have any other questions for me?

[patient] No, I think that's everything.

[doctor] Alright, take care and I'll see you in two weeks.

[patient] Thank you, doctor. See you then.

[doctor] Bye."|"[doctor] Hi Mr. Lopez, how are you doing today? I understand you're here for some heartburn issues. Can you tell me more about that?

[patient] Hi, Doctor. Yes, I've been having really bad heartburn for the past three days. It's quite severe and it's making it hard for me to eat.

[doctor] Hmm, I'm sorry to hear that. Can you describe the severity of your symptoms? Are there any other symptoms associated with your heartburn?

[patient] The heartburn is pretty bad, I'd say moderate to severe. I also feel nauseous and have some mild pain in my abdomen.

[doctor] I see. And how has this been affecting your eating habits?

[patient] It's really tough to eat certain foods. I have to be careful about what I eat; otherwise, it gets worse.

[doctor] I understand. Do you have a known history of any gastrointestinal conditions?

[patient] Yes, I have Barrett's Esophagus. I've been taking omeprazole 20 mg daily for it, but I sometimes miss doses.

[doctor] Okay, and besides the heartburn, are there any other symptoms, like fever, chills, or significant weight loss?

[patient] No, no fever or chills. I haven't noticed any major weight loss either.

[doctor] How about your asthma? Have you had any recent asthma exacerbations?

[patient] No, my asthma has been under control. I use my Fluticasone inhaler as needed.

[doctor] That's good to hear. Now, about your family history, is there any history of esophageal cancer or other significant conditions?

[patient] Yes, my mother was diagnosed with esophageal cancer.

[doctor] I'm sorry to hear that. Any known allergies?

[patient] I'm allergic to amoxicillin; it gives me a rash.

[doctor] Got it. Let's talk a bit about your lifestyle. How many hours of sleep do you get per night?

[patient] I usually sleep 7-8 hours a night.

[doctor] That's good. Do you engage in any physical activities?

[patient] Yes, I do light jogging three times a week.

[doctor] Excellent. Do you have any history of tobacco or drug use?

[patient] No, I don't smoke or use drugs.

[doctor] How about alcohol consumption?

[patient] I drink beer on weekends.

[doctor] What type of foods do you usually eat, and have you noticed if anything triggers your heartburn?

[patient] I like spicy foods, and I eat pretty quickly. I think that might be contributing to my heartburn.

[doctor] It could be. What do you do for fun or relaxation?

[patient] I enjoy playing the guitar in my free time.

[doctor] That sounds nice. Let's go over your vital signs now. Your blood pressure is 128/80 mmHg, heart rate is 72 bpm, respiratory rate is 18 breaths per minute, temperature is 98.6 °F, and your oxygen saturation is 98% on room air. Everything looks normal there.

[patient] Okay, that's good to hear.

[doctor] Now, I'm going to perform a physical examination. Please lie down for me. Let me check your abdomen first. Any tenderness when I press here?

[patient] A little bit, yes.

[doctor] I see there's some mild tenderness in the epigastric region. Your abdomen appears mildly distended, but your bowel sounds are normal and there's no guarding or rebound tenderness. This is good. 

[patient] Alright.

[doctor] Based on your symptoms and exam, it seems like your Barrett's Esophagus might be acting up, especially with your dietary habits and occasional missed doses of omeprazole. How consistently have you been taking your omeprazole?

[patient] I try to take it daily, but I do miss it sometimes.

[doctor] Consistency is key here. We'll need to address that. For your heartburn and abdominal pain, I'll prescribe you some Ibuprofen 400 mg to take every 6 hours as needed for pain, up to 30 tablets in total.

[patient] Okay, I can do that.

[doctor] It's very important that you take your omeprazole 20 mg every day without missing doses.

[patient] I'll make sure to be more consistent with it.

[doctor] Great. I'll also refer you to a gastroenterologist, Dr. Emily Perkins, for further evaluation and management of your Barrett's Esophagus.

[patient] Thank you. That's good to know.

[doctor] We'll also schedule a follow-up appointment in 2 weeks to see how you're doing with the treatment and if there's any improvement.

[patient] Alright, I'll be there.

[doctor] In terms of lifestyle modifications, I recommend that you avoid spicy foods and try to eat smaller, more frequent meals at a slower pace.

[patient] That makes sense. I'll work on that.

[doctor] Continue with your light jogging routine and maintain your healthy sleep schedule. This will help overall.

[patient] Will do.

[doctor] We're also awaiting results from an upper endoscopy to assess the extent of your Barrett's Esophagus. This will guide further treatment.

[patient] I hope that goes well.

[doctor] In the meantime, continue using your Fluticasone inhaler as needed for asthma, and avoid any known triggers for heartburn such as spicy foods and fast eating.

[patient] Got it.

[doctor] If you experience any new or worsening symptoms, especially severe abdominal pain, significant weight loss, or vomiting, contact the clinic immediately.

[patient] I will. Thank you, doctor.

[doctor] You're welcome, Mr. Lopez. Do you have any other questions for me?

[patient] No, I think that's everything.

[doctor] Alright, take care and I'll see you in two weeks.

[patient] Thank you, doctor. See you then.

[doctor] Bye."
ENCOUNTER FOR OTHER SPECIFIED AFTERCARE|"ROLE: General Physician  

Patient Demographic Information:
- Age: 68
- Gender: Male  
- Ethnicity: African American  
- Socio-economic Status: Low-income  
- Education Level: Elementary School Graduate, limited health literacy  
- Job Status: Retired  

Geographical Location:
- Rural  
- Limited access to healthcare facilities  
- Low pollution levels  
- Neighborhood Type: Impoverished  

Clinical Setting:
- Community Health Services  

Type of Encounter:
- Initial Consultation  

Medical History:
- Previous Diagnoses: Congestive Heart Failure (CHF), Chronic Obstructive Pulmonary Disease (COPD)  
- Family Medical History: Father with Heart Disease, Mother with Stroke  
- Medication History: Furosemide 40 mg daily, Inhaler (Salbutamol) as needed  
- Allergies: Penicillin  
- Chronic Conditions: CHF, COPD  

Patient’s self-reported habits and lifestyle:
- Sleep: Poor, frequently wakes up at night  
- Diet: High in sodium, limited access to fresh fruits and vegetables  
- Exercise: Minimal, difficulty walking due to shortness of breath  
- Tobacco Use: Smoked 1 pack a day for 40 years, currently quit 5 years ago  
- Alcohol Consumption: None  
- Drug Use: None  
- Recreational Activities: Watching television, limited mobility  

Symptom Description:
- Severity: Moderate to Severe  
- Duration: Persistent for the last 2 months  
- Associated Symptoms: Shortness of breath, swelling of the legs, fatigue  
- Frequency: Daily  
- Impact on Daily Activities: Significant, difficulty performing basic tasks  

Patient's Behavior:
- Cooperative, motivated to improve health but limited by resources  

Medical Outcome:
- Diagnosis: Encounter for Other Specified Aftercare (Post-discharge from recent hospitalization for exacerbation of CHF)
- Prescribed Treatment: Increased dosage of Furosemide to 80 mg daily, oral  
- Follow-up Recommendations: Weekly follow-up at Community Health Services for 2 months  
- Blood Work: Ordered for biochemistry (Electrolytes, Kidney Function Tests), hematology (CBC), and BNP  
- Lifestyle Change: Encourage low-sodium diet, provided resources for local food banks  
- Referral: To a cardiologist, Dr. David Johnson, for ongoing management of CHF  

Physical exams:
- Blood Pressure: 150/95 mmHg  
- Weight: 98 kg  
- Height: 175 cm  
- BMI: 32  
- Heart: Irregular rhythm, S3 gallop present  
- Lungs: Decreased breath sounds, wheezing bilaterally  
- Extremities: Pitting edema in both legs  

Investigation/Test results:
- Awaiting results for biochemistry (Electrolytes, Kidney Function Tests), hematology (CBC), and BNP"|"**1. Subjective:**

   **Chief Complaint (CC):** 
   Difficulty breathing, leg swelling, and fatigue.

   **History of Present Illness (HPI):** 
   The patient, a 68-year-old African American male with a history of congestive heart failure (CHF) and chronic obstructive pulmonary disease (COPD), reports persistent shortness of breath, swelling of the legs, and fatigue over the past 2 months. These symptoms have significantly impacted his daily activities, making it difficult to perform basic tasks. He states that his sleep is poor, often waking up at night due to shortness of breath. 

   **Review of Systems (ROS):**
   - **Constitutional:** Reports fatigue and poor sleep.
   - **Respiratory:** Reports shortness of breath; denies recent cough or chest pain.
   - **Cardiovascular:** Reports swelling in both legs; denies chest pain or palpitations.
   - **Gastrointestinal:** Denies nausea, vomiting, or abdominal pain.
   - **Musculoskeletal:** Reports difficulty walking due to shortness of breath; no joint pain.
   - **Neurological:** Denies headaches, dizziness, or weakness in limbs.

**2. Objective:**

   **Vitals:**
   - Blood Pressure: 150/95 mmHg
   - Heart Rate: Irregular rhythm
   - Weight: 98 kg
   - Height: 175 cm
   - BMI: 32

   **Physical Exam:**
   - **Cardiovascular:** Irregular rhythm, S3 gallop present.
   - **Respiratory:** Decreased breath sounds and wheezing bilaterally.
   - **Extremities:** Pitting edema in both legs.

   **Investigations:**
   - Awaiting results for biochemistry (Electrolytes, Kidney Function Tests), hematology (CBC), and BNP.

**3. Assessment:**

   - **Congestive Heart Failure (CHF):** Suspected exacerbation given symptoms of shortness of breath, fatigue, and leg swelling, and presence of S3 gallop and pitting edema.
   - **Chronic Obstructive Pulmonary Disease (COPD):** Likely contributing to respiratory symptoms, given his history and wheezing bilaterally on examination.

**4. Plan:**

   **Medical Treatment:**
   - Increase dosage of Furosemide to 80 mg daily to manage fluid overload.
   - Continue using Salbutamol inhaler as needed for COPD symptoms.

   **Monitoring and Follow-Up:**
   - Weekly follow-up visits at Community Health Services for the next 2 months to monitor symptom progression and response to treatment.
   - Blood work ordered for biochemistry (Electrolytes, Kidney Function Tests), hematology (CBC), and BNP to assess kidney function and cardiac status.

   **Lifestyle Changes:**
   - Encourage the patient to follow a low-sodium diet; provided resources for local food banks to help access healthier food options.
   - Discuss the importance of regular, albeit minimal, physical activity to improve overall health and quality of life.

   **Referrals:**
   - Referred to a cardiologist, Dr. David Johnson, for ongoing management of CHF.

   **Patient Education and Counseling:**
   - Educated the patient on the importance of medication adherence, dietary changes, and regular follow-ups.
   - Discussed signs and symptoms that should prompt immediate medical attention, such as severe shortness of breath, chest pain, or significant weight gain.

Patient agrees to the treatment plan and understands the need for ongoing management and follow-up in light of his chronic conditions."|"**1. Subjective:**

   **Chief Complaint (CC):** 
   Difficulty breathing, leg swelling, and fatigue.

   **History of Present Illness (HPI):** 
   The patient, a 68-year-old African American male with a history of congestive heart failure (CHF) and chronic obstructive pulmonary disease (COPD), reports persistent shortness of breath, swelling of the legs, and fatigue over the past 2 months. These symptoms have significantly impacted his daily activities, making it difficult to perform basic tasks. He states that his sleep is poor, often waking up at night due to shortness of breath. 

   **Review of Systems (ROS):**
   - **Constitutional:** Reports fatigue and poor sleep.
   - **Respiratory:** Reports shortness of breath; denies recent cough or chest pain.
   - **Cardiovascular:** Reports swelling in both legs; denies chest pain or palpitations.
   - **Gastrointestinal:** Denies nausea, vomiting, or abdominal pain.
   - **Musculoskeletal:** Reports difficulty walking due to shortness of breath; no joint pain.
   - **Neurological:** Denies headaches, dizziness, or weakness in limbs.

**2. Objective:**

   **Vitals:**
   - Blood Pressure: 150/95 mmHg
   - Heart Rate: Irregular rhythm
   - Weight: 98 kg
   - Height: 175 cm
   - BMI: 32

   **Physical Exam:**
   - **Cardiovascular:** Irregular rhythm, S3 gallop present.
   - **Respiratory:** Decreased breath sounds and wheezing bilaterally.
   - **Extremities:** Pitting edema in both legs.

**3. Assessment:**

   - **Congestive Heart Failure (CHF):** Suspected exacerbation given symptoms of shortness of breath, fatigue, and leg swelling, and presence of S3 gallop and pitting edema.
   - **Chronic Obstructive Pulmonary Disease (COPD):** Likely contributing to respiratory symptoms, given his history and wheezing bilaterally on examination.

**4. Plan:**

   **Medical Treatment:**
   - Increase dosage of Furosemide to 80 mg daily to manage fluid overload.
   - Continue using Salbutamol inhaler as needed for COPD symptoms.

   **Monitoring and Follow-Up:**
   - Weekly follow-up visits at Community Health Services for the next 2 months to monitor symptom progression and response to treatment.
   - Blood work ordered for biochemistry (Electrolytes, Kidney Function Tests), hematology (CBC), and BNP to assess kidney function and cardiac status.

   **Lifestyle Changes:**
   - Encourage the patient to follow a low-sodium diet; provided resources for local food banks to help access healthier food options.
   - Discuss the importance of regular, albeit minimal, physical activity to improve overall health and quality of life.

   **Referrals:**
   - Referred to a cardiologist, Dr. David Johnson, for ongoing management of CHF.

   **Patient Education and Counseling:**
   - Educated the patient on the importance of medication adherence, dietary changes, and regular follow-ups.
   - Discussed signs and symptoms that should prompt immediate medical attention, such as severe shortness of breath, chest pain, or significant weight gain.

Patient agrees to the treatment plan and understands the need for ongoing management and follow-up in light of his chronic conditions."|"**1. Subjective:**

   **CC:** 
   Dyspnea, LE edema, and fatigue.

   **HPI:** 
   The pt, a 68 y/o AAM with a hx of CHF and COPD, reports persistent SOB, LE edema, and fatigue over the past 2 mos. These sx have significantly impacted his ADLs, making it difficult to perform basic tasks. He states that his sleep is poor, often waking up at night due to SOB.

   **ROS:**
   - **Constitutional:** Reports fatigue and poor sleep.
   - **Respiratory:** Reports SOB; denies recent cough or CP.
   - **Cardiovascular:** Reports LE edema; denies CP or palpitations.
   - **Gastrointestinal:** Denies N/V or abdominal pain.
   - **Musculoskeletal:** Reports difficulty walking due to SOB; no joint pain.
   - **Neurological:** Denies HA, dizziness, or weakness in limbs.

**2. Objective:**

   **Vitals:**
   - BP: 150/95 mmHg
   - HR: Irregular rhythm
   - Wt: 98 kg
   - Ht: 175 cm
   - BMI: 32

   **Physical Exam:**
   - **CV:** Irregular rhythm, S3 gallop present.
   - **Resp:** Decreased breath sounds and wheezing bilaterally.
   - **Ext:** Pitting edema in both legs.

**3. Assessment:**

   - **CHF:** Suspected exacerbation given sx of SOB, fatigue, and LE edema, and presence of S3 gallop and pitting edema.
   - **COPD:** Likely contributing to resp sx, given his hx and wheezing bilaterally on exam.

**4. Plan:**

   **Medical Tx:**
   - Increase dosage of Furosemide to 80 mg daily to manage fluid overload.
   - Continue using Salbutamol inhaler PRN for COPD sx.

   **Monitoring and F/U:**
   - Weekly F/U visits at Community Health Services for the next 2 mos to monitor sx progression and response to tx.
   - Blood work ordered for biochemistry (Electrolytes, KFTs), hematology (CBC), and BNP to assess kidney function and cardiac status.

   **Lifestyle Changes:**
   - Encourage the pt to follow a low-Na diet; provided resources for local food banks to help access healthier food options.
   - Discuss the importance of regular, albeit minimal, physical activity to improve overall health and QOL.

   **Referrals:**
   - Referred to a cardiologist, Dr. David Johnson, for ongoing mgmt of CHF.

   **Pt Education and Counseling:**
   - Educated the pt on the importance of med adherence, dietary changes, and regular F/U.
   - Discussed signs and sx that should prompt immediate medical attention, such as severe SOB, CP, or significant wt gain.

Pt agrees to the tx plan and understands the need for ongoing mgmt and F/U in light of his chronic conditions."|General Physician  |"[doctor] Hello, I see you're having some difficulty breathing and experiencing swelling in your legs and fatigue. Can you tell me more about what's been going on?

[patient] Yes, doctor. For the past two months, I've been having a hard time breathing, my legs have been swelling, and I'm just so tired all the time. It's been really affecting my daily life.

[doctor] Hmm, I understand. How has this been impacting your daily activities?

[patient] It's been tough. I can't do basic things around the house without getting out of breath. Even walking short distances is difficult.

[doctor] I'm sorry to hear that. How has your sleep been during this time?

[patient] Not good at all. I keep waking up in the middle of the night because I can't breathe.

[doctor] That sounds very uncomfortable. Do you remember when these symptoms first started?

[patient] About two months ago.

[doctor] Okay. Have you had any recent cough or chest pain?

[patient] No, I haven't had a cough or chest pain.

[doctor] Alright. And have you noticed any palpitations or irregular heartbeats?

[patient] No chest pain or palpitations, just the swelling in my legs and the shortness of breath.

[doctor] I see. Any nausea, vomiting, or abdominal pain?

[patient] No, none of that.

[doctor] Have you found it difficult to walk because of the shortness of breath?

[patient] Yes, very much so. No joint pain, though.

[doctor] Any headaches, dizziness, or weakness in your limbs?

[patient] No headaches or dizziness, and no weakness in my limbs.

[doctor] Okay, thank you for providing that information. Let's go over your vitals. Your blood pressure is 150 over 95 millimeters of mercury, and your heart rate is irregular. You weigh 98 kilograms and are 175 centimeters tall, which gives you a BMI of 32.

[patient] Is that bad?

[doctor] It does indicate that you're overweight, which can put additional strain on your heart. During your physical exam, I found an irregular heart rhythm and an S3 gallop, which can be a sign of heart failure. I also noticed decreased breath sounds and wheezing in both lungs, and you have pitting edema in both legs.

[patient] What does all that mean?

[doctor] It suggests that your heart failure might be worsening and your COPD could be contributing to your symptoms. We're awaiting some blood work results to get a clearer picture of your condition.

[patient] Okay. What's the plan?

[doctor] For your congestive heart failure, I'll increase your dosage of Furosemide to 80 milligrams daily to help manage the fluid buildup. Continue using your Salbutamol inhaler as needed for your COPD symptoms.

[patient] Alright.

[doctor] You'll need to come in for weekly follow-up visits at Community Health Services for the next two months so we can monitor your symptoms and response to treatment. We're also doing some blood work to assess your kidney function and cardiac status.

[patient] I understand.

[doctor] I also want to discuss some lifestyle changes with you. It's important to follow a low-sodium diet to help manage your fluid levels. I'll provide you with resources for local food banks that can help you access healthier food options.

[patient] That would be helpful.

[doctor] Regular physical activity, even minimal, can improve your overall health and quality of life. We can discuss some safe exercise options for you.

[patient] Okay, I'll try.

[doctor] I'm also referring you to a cardiologist, Dr. David Johnson, for ongoing management of your heart failure.

[patient] Alright.

[doctor] It's crucial that you adhere to your medication regimen, make the necessary dietary changes, and attend your regular follow-ups. If you notice severe shortness of breath, chest pain, or significant weight gain, you should seek medical attention immediately.

[patient] I understand. I'll follow the plan.

[doctor] Excellent. Do you have any questions or concerns about the treatment plan?

[patient] No, I think you've covered everything. I just want to feel better.

[doctor] I understand, and we're here to help you manage your condition. We'll work together to improve your symptoms and quality of life.

[patient] Thank you, doctor.

[doctor] You're welcome. We'll see you next week for your follow-up. Take care.

[patient] Will do. Thank you."|"[doctor] Hello, I see you're having some difficulty breathing and experiencing swelling in your legs and fatigue. Can you tell me more about what's been going on?

[patient] Yes, doctor. For the past two months, I've been having a hard time breathing, my legs have been swelling, and I'm just so tired all the time. It's been really affecting my daily life.

[doctor] Hmm, I understand. How has this been impacting your daily activities?

[patient] It's been tough. I can't do basic things around the house without getting out of breath. Even walking short distances is difficult.

[doctor] I'm sorry to hear that. How has your sleep been during this time?

[patient] Not good at all. I keep waking up in the middle of the night because I can't breathe.

[doctor] That sounds very uncomfortable. Do you remember when these symptoms first started?

[patient] About two months ago.

[doctor] Okay. Have you had any recent cough or chest pain?

[patient] No, I haven't had a cough or chest pain.

[doctor] Alright. And have you noticed any palpitations or irregular heartbeats?

[patient] No chest pain or palpitations, just the swelling in my legs and the shortness of breath.

[doctor] I see. Any nausea, vomiting, or abdominal pain?

[patient] No, none of that.

[doctor] Have you found it difficult to walk because of the shortness of breath?

[patient] Yes, very much so. No joint pain, though.

[doctor] Any headaches, dizziness, or weakness in your limbs?

[patient] No headaches or dizziness, and no weakness in my limbs.

[doctor] Okay, thank you for providing that information. Let's go over your vitals. Your blood pressure is 150 over 95 millimeters of mercury, and your heart rate is irregular. You weigh 98 kilograms and are 175 centimeters tall, which gives you a BMI of 32.

[patient] Is that bad?

[doctor] It does indicate that you're overweight, which can put additional strain on your heart. During your physical exam, I found an irregular heart rhythm and an S3 gallop, which can be a sign of heart failure. I also noticed decreased breath sounds and wheezing in both lungs, and you have pitting edema in both legs.

[patient] What does all that mean?

[doctor] It suggests that your heart failure might be worsening and your COPD could be contributing to your symptoms. We're awaiting some blood work results to get a clearer picture of your condition.

[patient] Okay. What's the plan?

[doctor] For your congestive heart failure, I'll increase your dosage of Furosemide to 80 milligrams daily to help manage the fluid buildup. Continue using your Salbutamol inhaler as needed for your COPD symptoms.

[patient] Alright.

[doctor] You'll need to come in for weekly follow-up visits at Community Health Services for the next two months so we can monitor your symptoms and response to treatment. We're also doing some blood work to assess your kidney function and cardiac status.

[patient] I understand.

[doctor] I also want to discuss some lifestyle changes with you. It's important to follow a low-sodium diet to help manage your fluid levels. I'll provide you with resources for local food banks that can help you access healthier food options.

[patient] That would be helpful.

[doctor] Regular physical activity, even minimal, can improve your overall health and quality of life. We can discuss some safe exercise options for you.

[patient] Okay, I'll try.

[doctor] I'm also referring you to a cardiologist, Dr. David Johnson, for ongoing management of your heart failure.

[patient] Alright.

[doctor] It's crucial that you adhere to your medication regimen, make the necessary dietary changes, and attend your regular follow-ups. If you notice severe shortness of breath, chest pain, or significant weight gain, you should seek medical attention immediately.

[patient] I understand. I'll follow the plan.

[doctor] Excellent. Do you have any questions or concerns about the treatment plan?

[patient] No, I think you've covered everything. I just want to feel better.

[doctor] I understand, and we're here to help you manage your condition. We'll work together to improve your symptoms and quality of life.

[patient] Thank you, doctor.

[doctor] You're welcome. We'll see you next week for your follow-up. Take care.

[patient] Will do. Thank you."
ENCOUNTER FOR OTHER SPECIFIED AFTERCARE|"ROLE: Family Medicine Physician

SCENARIO:

1. Medical Outcome:
   - Diagnosis: Encounter for other specified aftercare (ICD-10: Z51.89)
   - Prescribed Treatment: Continuation of wound care: Clean with saline, apply antibiotic ointment, and cover with sterile bandage twice daily.
   - Follow-up Recommendations: Follow-up in 10 days for wound check.
   - Referral: Referral to dermatologist (Dr. Sarah Lee, Dermatologist) for wound healing and skin integrity evaluation.
   - Blood Work: NA
   - Imaging: NA

2. Medical History:
   - Previous Diagnoses: Rheumatoid Arthritis, Psoriasis.
   - Family Medical History: Mother with rheumatoid arthritis, Father with psoriasis.
   - Medication History: Methotrexate 15 mg, oral, once weekly; Folic Acid 1 mg, oral, daily.
   - Allergies: Latex.
   - Chronic Conditions: Rheumatoid Arthritis, Psoriasis.

3. Symptom Description:
   - Severity: Moderate itching and discomfort at the wound site.
   - Duration: 1 week post-minor surgery.
   - Associated Symptoms: Mild dryness and flaking around the wound, no significant redness or drainage.
   - Frequency: Daily discomfort, particularly at night.
   - Impact on Daily Activities: Some discomfort during manual tasks and sleeping positions.

4. Patient’s Self-Reported Habits and Lifestyle:
   - Sleep: 8-9 hours per night, sometimes disturbed by itching.
   - Diet: Vegetarian diet high in fruits and vegetables.
   - Exercise: Regular yoga practice, limited high-impact activities due to joint pain.
   - Tobacco Use: None.
   - Alcohol Consumption: Occasionally, 1-2 glasses of wine per month.
   - Drug Use: None.
   - Recreational Activities: Enjoys painting and attending art classes.

5. Demographic Information:
   - Age: 37
   - Gender: Male
   - Ethnicity: Asian
   - Socio-economic Status: Middle class
   - Education Level: Master’s Degree
   - Health Literacy: High
   - Job Status: Graphic Designer

6. Patient's Behavior:
   - Cooperation: Fully cooperative and strictly adheres to medical advice.

7. Geographical Location:
   - Big City vs Small City: Small City
   - Rural vs Urban: Rural
   - Pollution and Environmental Health Risks: Low pollution
   - Neighborhood Type: Affluent, well-served by local healthcare services

8. Clinical Setting:
   - Telemedicine

9. Type of Encounter:
   - Initial Consultation

10. Treatment Disparities:
   - NA

11. Native or Non-Native English Speaking Patient:
   - Native English Speaking

12. Physical exams:
   - NA (Telemedicine encounter, wound assessed via video)

13. Investigation/Test results:
   - NA"|"**1. Subjective:**

**Chief Complaint (CC):**
Moderate itching and discomfort at wound site, 1 week post-minor surgery.

**History of Present Illness (HPI):**
The patient is a 37-year-old Asian male presenting for an initial telemedicine consultation regarding a wound that is 1 week post-minor surgery. The patient reports moderate itching and discomfort at the wound site. The discomfort is more pronounced at night, affecting sleep and certain manual tasks. The patient describes mild dryness and flaking around the wound but denies any significant redness or drainage.

**Review of Systems (ROS):**
- Skin: Mild dryness and flaking around wound site, moderate itching.
- Musculoskeletal: Chronic joint pain related to rheumatoid arthritis.
- General: Good overall health, high energy levels maintained.
- No other significant complaints in other systems.

**2. Objective:**

- **Telemedicine Encounter:** Wound assessed via video; shows mild dryness and healing without significant redness or drainage. Appears clean and without signs of infection.
  
- **Vital Signs:** Not available due to telemedicine nature of the visit.

**3. Assessment:**

- **Diagnosis:** Encounter for other specified aftercare (ICD-10: Z51.89).
- Wound healing post-minor surgery with moderate itching and mild dryness.

**4. Plan:**

- **Treatment:**
  - Continue wound care by cleaning with saline, applying antibiotic ointment, and covering with a sterile bandage twice daily.
  
- **Follow-up Recommendations:**
  - Schedule a follow-up appointment in 10 days for a wound check.
  
- **Referral:**
  - Referred to Dr. Sarah Lee, a dermatologist, for further evaluation of wound healing and skin integrity.
  
- **Patient Education:**
  - Discussed the importance of maintaining wound hygiene and adhering strictly to the prescribed wound care routine.
  - Reinforced the need to avoid scratching the wound to prevent potential infections and advised on ways to manage itching, such as using cold compresses and keeping the area moisturized.
  
- **Lifestyle Recommendations:**
  - Continue with regular yoga practice and limit high-impact activities to avoid strain on joints.
  - Maintain a balanced vegetarian diet rich in fruits and vegetables, which supports overall skin health and healing.
  
All patient questions were answered, and the patient expressed understanding and agreement with the treatment plan. All instructions were confirmed to have been clearly delivered and understood, given the patient's high health literacy. Follow-up was ensured, and the patient was cooperative throughout the consultation."|"**1. Subjective:**

**Chief Complaint (CC):**
Moderate itching and discomfort at wound site, 1 week post-minor surgery.

**History of Present Illness (HPI):**
The patient is a 37-year-old Asian male presenting for an initial telemedicine consultation regarding a wound that is 1 week post-minor surgery. The patient reports moderate itching and discomfort at the wound site. The discomfort is more pronounced at night, affecting sleep and certain manual tasks. The patient describes mild dryness and flaking around the wound but denies any significant redness or drainage.

**Review of Systems (ROS):**
- Skin: Mild dryness and flaking around wound site, moderate itching.
- Musculoskeletal: Chronic joint pain related to rheumatoid arthritis.
- General: Good overall health, high energy levels maintained.
- No other significant complaints in other systems.

**2. Objective:**

- **Telemedicine Encounter:** Wound assessed via video; shows mild dryness and healing without significant redness or drainage. Appears clean and without signs of infection.
  
- **Vital Signs:** Not available due to telemedicine nature of the visit.

**3. Assessment:**

- **Diagnosis:** Encounter for other specified aftercare (ICD-10: Z51.89).
- Wound healing post-minor surgery with moderate itching and mild dryness.

**4. Plan:**

- **Treatment:**
  - Continue wound care by cleaning with saline, applying antibiotic ointment, and covering with a sterile bandage twice daily.
  
- **Follow-up Recommendations:**
  - Schedule a follow-up appointment in 10 days for a wound check.
  
- **Referral:**
  - Referred to Dr. Sarah Lee, a dermatologist, for further evaluation of wound healing and skin integrity.
  
- **Patient Education:**
  - Discussed the importance of maintaining wound hygiene and adhering strictly to the prescribed wound care routine.
  - Reinforced the need to avoid scratching the wound to prevent potential infections and advised on ways to manage itching, such as using cold compresses and keeping the area moisturized.
  
- **Lifestyle Recommendations:**
  - Continue with regular yoga practice and limit high-impact activities to avoid strain on joints.
  - Maintain a balanced vegetarian diet rich in fruits and vegetables, which supports overall skin health and healing.
  
All patient questions were answered, and the patient expressed understanding and agreement with the treatment plan. All instructions were confirmed to have been clearly delivered and understood, given the patient's high health literacy. Follow-up was ensured, and the patient was cooperative throughout the consultation."|"**1. Subjective:**

**CC:**
Moderate itching and discomfort at wound site, 1 week post-minor surgery.

**HPI:**
The pt is a 37 y/o Asian male presenting for an initial telemed consult regarding a wound that is 1 week post-minor surgery. The pt reports moderate itching and discomfort at the wound site. The discomfort is more pronounced at night, affecting sleep and certain manual tasks. The pt describes mild dryness and flaking around the wound but denies any significant redness or drainage.

**ROS:**
- Skin: Mild dryness and flaking around wound site, moderate itching.
- MSK: Chronic joint pain related to RA.
- General: Good overall health, high energy levels maintained.
- No other significant complaints in other systems.

**2. Objective:**

- **Telemed Encounter:** Wound assessed via video; shows mild dryness and healing without significant redness or drainage. Appears clean and without signs of infxn.
  
- **VS:** Not available due to telemed nature of the visit.

**3. Assessment:**

- **Dx:** Encounter for other specified aftercare (ICD-10: Z51.89).
- Wound healing post-minor surgery with moderate itching and mild dryness.

**4. Plan:**

- **Tx:**
  - Continue wound care by cleaning with saline, applying abx ointment, and covering with a sterile bandage BID.
  
- **F/U Recommendations:**
  - Schedule a F/U appt in 10 days for a wound check.
  
- **Referral:**
  - Referred to Dr. Sarah Lee, a derm, for further eval of wound healing and skin integrity.
  
- **Pt Education:**
  - Discussed the importance of maintaining wound hygiene and adhering strictly to the prescribed wound care routine.
  - Reinforced the need to avoid scratching the wound to prevent potential infxns and advised on ways to manage itching, such as using cold compresses and keeping the area moisturized.
  
- **Lifestyle Recommendations:**
  - Continue with regular yoga practice and limit high-impact activities to avoid strain on joints.
  - Maintain a balanced vegetarian diet rich in fruits and vegetables, which supports overall skin health and healing.
  
All pt questions were answered, and the pt expressed understanding and agreement with the tx plan. All instructions were confirmed to have been clearly delivered and understood, given the pt's high health literacy. F/U was ensured, and the pt was cooperative throughout the consult."|Family Medicine Physician|"[doctor] Hello, how are you today?

[patient] Hi, I'm doing okay. Thanks for asking.

[doctor] I see from the notes that you're experiencing some itching and discomfort at your wound site. Can you tell me a little more about that?

[patient] Sure. It's been about a week since I had minor surgery, and the wound has been itching a lot. The discomfort is mostly at night, making it hard to sleep and do some manual tasks.

[doctor] I understand. Is there any redness or drainage from the wound?

[patient] No, there's no significant redness or drainage. Just some mild dryness and flaking around the wound.

[doctor] Okay, that's good to know. How would you describe the overall condition of your health?

[patient] Overall, I'm in good health. I have high energy levels and generally feel pretty good.

[doctor] That's great to hear. Do you have any other symptoms or concerns that we should discuss?

[patient] Well, I do have chronic joint pain because of rheumatoid arthritis, but that's nothing new.

[doctor] Understood. How have you been managing the joint pain?

[patient] I usually do yoga and try to avoid high-impact activities. It helps a lot.

[doctor] Excellent. Now, let's talk a bit about your wound care. Are you cleaning the wound and applying any ointment?

[patient] Yes, I've been cleaning it with saline and applying antibiotic ointment twice daily. I also keep it covered with a sterile bandage.

[doctor] That's exactly what you should be doing. Make sure to continue that routine. Have you been scratching the wound at all?

[patient] I've been trying not to, but sometimes the itching is just too much.

[doctor] I understand. It’s important to avoid scratching to prevent any infections. Have you tried using cold compresses or keeping the area moisturized to manage the itching?

[patient] No, I haven't tried that yet.

[doctor] I recommend using cold compresses to help with the itching and keeping the area moisturized. This can help reduce discomfort.

[patient] Okay, I'll try that. 

[doctor] Great. I also want to refer you to Dr. Sarah Lee, a dermatologist, for further evaluation of your wound healing and skin integrity.

[patient] Alright, that sounds good.

[doctor] Let's also schedule a follow-up appointment in 10 days to check on the wound.

[patient] Okay, I can do that.

[doctor] Now, let's talk a bit about your lifestyle. You mentioned you practice yoga. How often do you do that?

[patient] I do yoga about three times a week.

[doctor] That's wonderful. Yoga is great for maintaining flexibility and managing stress. Just limit high-impact activities to avoid putting strain on your joints.

[patient] Will do.

[doctor] How about your diet? Are you following any specific diet plan?

[patient] Yes, I follow a vegetarian diet and try to eat a lot of fruits and vegetables.

[doctor] That's excellent. A balanced diet rich in fruits and vegetables supports overall skin health and healing. Keep up the good work on that front.

[patient] Thanks, I will.

[doctor] Do you have any other questions or concerns?

[patient] No, I think you covered everything.

[doctor] Okay, just to recap: continue with your wound care routine, try cold compresses and moisturizing for the itching, and avoid scratching the wound. We'll have a follow-up appointment in 10 days and you'll see Dr. Sarah Lee for further evaluation. Does that all sound good?

[patient] Yes, that sounds good.

[doctor] Perfect. If you have any issues or further questions before the next appointment, feel free to reach out.

[patient] Will do. Thank you so much.

[doctor] You're welcome. Take care and see you in 10 days.

[patient] Thanks, bye.

[doctor] Goodbye."|"[doctor]: Hello, how are you today?

[patient]: Hi, I'm doing okay. Thanks for asking.

[doctor]: I see from the notes that you're experiencing some itching and discomfort at your wound site. Can you tell me a little more about that?

[patient]: Sure. It's been about a week since I had minor surgery, and the wound has been itching a lot. The discomfort is mostly at night, making it hard to sleep and do some manual tasks.

[doctor]: Hmm, I understand. Is there any redness or drainage from the wound?

[patient]: No, there's no significant redness or drainage. Just some mild dryness and flaking around the wound.

[doctor]: Okay, that's good to know. How would you describe the overall condition of your health?

[patient]: Overall, I'm in good health. I have high energy levels and generally feel pretty good.

[doctor]: That's great to hear. Do you have any other symptoms or concerns that we should discuss?

[patient]: Well, I do have chronic joint pain because of rheumatoid arthritis, but that's nothing new.

[doctor]: Understood. How have you been managing the joint pain?

[patient]: I usually do yoga and try to avoid high-impact activities. It helps a lot.

[doctor]: Excellent. Now, let's talk a bit about your wound care. Are you cleaning the wound and applying any ointment?

[patient]: Yes, I've been cleaning it with saline and applying antibiotic ointment twice daily. I also keep it covered with a sterile bandage.

[doctor]: That's exactly what you should be doing. Make sure to continue that routine. Have you been scratching the wound at all?

[patient]: I've been trying not to, but sometimes the itching is just too much.

[doctor]: I understand. It’s important to avoid scratching to prevent any infections. Have you tried using cold compresses or keeping the area moisturized to manage the itching?

[patient]: No, I haven't tried that yet.

[doctor]: I recommend using cold compresses to help with the itching and keeping the area moisturized. This can help reduce discomfort.

[patient]: Okay, I'll try that.

[doctor]: Great. I also want to refer you to Dr. Sarah Lee, a dermatologist, for further evaluation of your wound healing and skin integrity.

[patient]: Alright, that sounds good.

[doctor]: Let's also schedule a follow-up appointment in 10 days to check on the wound.

[patient]: Okay, I can do that.

[doctor]: Now, let's talk a bit about your lifestyle. You mentioned you practice yoga. How often do you do that?

[patient]: I do yoga about three times a week.

[doctor]: That's wonderful. Yoga is great for maintaining flexibility and managing stress. Just limit high-impact activities to avoid putting strain on your joints.

[patient]: Will do.

[doctor]: How about your diet? Are you following any specific diet plan?

[patient]: Yes, I follow a vegetarian diet and try to eat a lot of fruits and vegetables.

[doctor]: That's excellent. A balanced diet rich in fruits and vegetables supports overall skin health and healing. Keep up the good work on that front.

[patient]: Thanks, I will.

[doctor]: Do you have any other questions or concerns?

[patient]: No, I think you covered everything.

[doctor]: Okay, just to recap: continue with your wound care routine, try cold compresses and moisturizing for the itching, and avoid scratching the wound. We'll have a follow-up appointment in 10 days and you'll see Dr. Sarah Lee for further evaluation. Does that all sound good?

[patient]: Yes, that sounds good.

[doctor]: Perfect. If you have any issues or further questions before the next appointment, feel free to reach out.

[patient]: Will do. Thank you so much.

[doctor]: You're welcome. Take care and see you in 10 days.

[patient]: Thanks, bye.

[doctor]: Goodbye."
ENCOUNTER FOR OTHER SPECIFIED AFTERCARE|"ROLE: Family Medicine Physician

1) Medical Outcome: 
- Follow-up recommendations: Return for evaluation in 4 weeks.
- Medication adjustment: Continue current medication.
- Lifestyle change: Increase physical activity; recommend walking 30 minutes daily.
- Referral to specialists: Refer to orthopedic specialist Dr. Emily Rodriguez for evaluation and management of post-surgical recovery.
- Blood work: Order biochemistry panel (including liver function tests, kidney function tests, and electrolytes).

2) Medical History: 
- Previous Diagnoses: Post-operative status following knee replacement surgery (6 weeks ago), Hypertension, Type 2 Diabetes Mellitus.
- Medication History: Metformin 500 mg orally twice daily, Lisinopril 10 mg orally once daily.
- Allergies: Penicillin (rash).
- Chronic Conditions: Hypertension, Type 2 Diabetes Mellitus.

3) Symptom Description: 
- Severity: Mild to moderate pain in the right knee.
- Duration: Persistent but gradually improving over the past 6 weeks.
- Associated Symptoms: Swelling and stiffness in the knee.
- Frequency: Daily, particularly after physical activity.
- Impact on Daily Activities: Difficulty climbing stairs, limited range of motion in the knee.

4) Patient’s self-reported habits and lifestyle: 
- Sleep: Regular 7-8 hours per night, but discomfort affecting sleep occasionally.
- Diet: Balanced diet, following a diabetic meal plan.
- Exercise: Limited due to recent surgery, adheres to physiotherapy routine.
- Tobacco Use: None.
- Alcohol Consumption: Occasional, 1-2 drinks per week.
- Drug Use: NA
- Recreational Activities: Enjoys gardening and reading.

5) Demographic Information: 
- Age: 67
- Gender: Female
- Ethnicity: Hispanic
- Socio-economic Status: Middle class
- Education Level: College graduate
- Health Literacy: Good
- Job Status: Retired teacher

6) Patient's Behavior: Highly cooperative and adherent to medical advice and physiotherapy regimen.

7) Geographical Location: Urban area in a mid-sized city, with good access to healthcare facilities. Neighborhood is well-served by transit, with ample parks and recreational areas nearby.

8) Clinical Setting: Private Practice

9) Type of Encounter: Follow-up

10) Treatment Disparities: No apparent disparities, patient well-engaged and has insurance coverage.

11) Native or Non-Native English Speaking Patient: Native English speaking

12) Physical exams: Examination of the right knee, including range of motion assessment and evaluation of swelling, tenderness, and stability.

13) Investigation/Test results: NA"|"#####
**1. Subjective:**

**CHIEF COMPLAINT**
Right knee pain following knee replacement surgery.

**HISTORY OF PRESENT ILLNESS**
Patricia Lopez is a 67-year-old Hispanic female who presents for a follow-up evaluation of her right knee pain post knee replacement surgery, which occurred 6 weeks ago. She reports mild to moderate pain in the right knee that has been persistent but gradually improving over the past 6 weeks. The pain is accompanied by swelling and stiffness, particularly after physical activity. She experiences difficulty climbing stairs and has a limited range of motion in the knee. Despite these symptoms, Patricia remains highly cooperative and adherent to her post-surgical physiotherapy regimen.

**REVIEW OF SYSTEMS (ROS)**
- **Constitutional:** No fever or chills.
- **Respiratory:** No shortness of breath or cough.
- **Cardiovascular:** No chest pain or palpitations.
- **Gastrointestinal:** No nausea or vomiting.
- **Musculoskeletal:** Swelling, stiffness, and pain in the right knee.
- **Neurological:** No tingling or numbness.

**PAST HISTORY**

**Medical**
- Hypertension
- Type 2 Diabetes Mellitus

**Surgical**
- Knee replacement surgery (6 weeks ago)

**SOCIAL HISTORY**
- Non-smoker
- Occasional alcohol consumption, 1-2 drinks per week
- Follows a diabetic meal plan
- Engages in gardening and reading
- Lives in an urban area with good access to healthcare facilities

**FAMILY HISTORY**
- Hypertension
- Diabetes Mellitus

**CURRENT MEDICATIONS**
- Metformin 500 mg orally twice daily
- Lisinopril 10 mg orally once daily

**ALLERGIES**
- Penicillin (rash)

**2. Objective:**

**VITALS**
- Blood pressure: 130/78 mmHg
- Pulse: 72 bpm
- Height: 5’4”
- Weight: 155 lb
- BMI: 26.6

**PHYSICAL EXAM**

**Constitutional**
- Well-nourished and in no acute distress.

**Integumentary**
- Skin intact, no rashes or bruising.

**Musculoskeletal**
- **Right Knee:** Mild swelling observed, moderate tenderness upon palpation. Limited range of motion noted, particularly in flexion. No erythema or increased warmth. Stability tests (Lachman, Anterior/Posterior Drawer) negative.

**Neurological**
- No focal neurological deficits, motor strength is 5/5 in both lower extremities.

**3. Assessment:**

- **Post-operative status following right knee replacement surgery.**
- **Hypertension.**
- **Type 2 Diabetes Mellitus.**

**4. Plan:**
1. **Medications:**
   - Continue current medications: Metformin 500 mg orally twice daily, Lisinopril 10 mg orally once daily.

2. **Lifestyle Recommendations:**
   - Increase physical activity: Recommend walking 30 minutes daily, as tolerated.
   - Encourage adherence to diabetic meal plan.

3. **Referrals:**
   - Refer to orthopedic specialist Dr. Emily Rodriguez for further evaluation and management of post-surgical recovery.

4. **Investigations:**
   - Order biochemistry panel including liver function tests, kidney function tests, and electrolytes.

5. **Follow-up:**
   - Return for a follow-up evaluation in 4 weeks to assess progress and adjust management as needed.

**INSTRUCTIONS**
- Continue physiotherapy as prescribed.
- Monitor blood pressure and blood glucose levels regularly.
- Contact the clinic if symptoms worsen or new symptoms arise.

#####"|"**1. Subjective:**

**CHIEF COMPLAINT**
Right knee pain following knee replacement surgery.

**HISTORY OF PRESENT ILLNESS**
Patricia Lopez is a 67-year-old Hispanic female who presents for a follow-up evaluation of her right knee pain post knee replacement surgery, which occurred 6 weeks ago. She reports mild to moderate pain in the right knee that has been persistent but gradually improving over the past 6 weeks. The pain is accompanied by swelling and stiffness, particularly after physical activity. She experiences difficulty climbing stairs and has a limited range of motion in the knee. Despite these symptoms, Patricia remains highly cooperative and adherent to her post-surgical physiotherapy regimen.

**REVIEW OF SYSTEMS (ROS)**
- **Constitutional:** No fever or chills.
- **Respiratory:** No shortness of breath or cough.
- **Cardiovascular:** No chest pain or palpitations.
- **Gastrointestinal:** No nausea or vomiting.
- **Musculoskeletal:** Swelling, stiffness, and pain in the right knee.
- **Neurological:** No tingling or numbness.

**PAST HISTORY**

**Medical**
- Hypertension
- Type 2 Diabetes Mellitus

**Surgical**
- Knee replacement surgery (6 weeks ago)

**SOCIAL HISTORY**
- Non-smoker
- Occasional alcohol consumption, 1-2 drinks per week
- Follows a diabetic meal plan
- Engages in gardening and reading
- Lives in an urban area with good access to healthcare facilities

**FAMILY HISTORY**
- Hypertension
- Diabetes Mellitus

**CURRENT MEDICATIONS**
- Metformin 500 mg orally twice daily
- Lisinopril 10 mg orally once daily

**ALLERGIES**
- Penicillin (rash)

**2. Objective:**

**VITALS**
- Blood pressure: 130/78 mmHg
- Pulse: 72 bpm
- Height: 5’4”
- Weight: 155 lb
- BMI: 26.6

**PHYSICAL EXAM**

**Constitutional**
- Well-nourished and in no acute distress.

**Integumentary**
- Skin intact, no rashes or bruising.

**Musculoskeletal**
- **Right Knee:** Mild swelling observed, moderate tenderness upon palpation. Limited range of motion noted, particularly in flexion. No erythema or increased warmth. Stability tests (Lachman, Anterior/Posterior Drawer) negative.

**Neurological**
- No focal neurological deficits, motor strength is 5/5 in both lower extremities.

**3. Assessment:**

- **Post-operative status following right knee replacement surgery.**
- **Hypertension.**
- **Type 2 Diabetes Mellitus.**

**4. Plan:**
1. **Medications:**
   - Continue current medications: Metformin 500 mg orally twice daily, Lisinopril 10 mg orally once daily.

2. **Lifestyle Recommendations:**
   - Increase physical activity: Recommend walking 30 minutes daily, as tolerated.
   - Encourage adherence to diabetic meal plan.

3. **Referrals:**
   - Refer to orthopedic specialist Dr. Emily Rodriguez for further evaluation and management of post-surgical recovery.

4. **Investigations:**
   - Order biochemistry panel including liver function tests, kidney function tests, and electrolytes.

5. **Follow-up:**
   - Return for a follow-up evaluation in 4 weeks to assess progress and adjust management as needed.

**INSTRUCTIONS**
- Continue physiotherapy as prescribed.
- Monitor blood pressure and blood glucose levels regularly.
- Contact the clinic if symptoms worsen or new symptoms arise."|"**1. Subjective:**

**CC**
Right knee pain post TKR.

**HPI**
Patricia Lopez, a 67 y/o Hispanic F, presents for f/u of R knee pain post TKR 6 wks ago. Reports mild-mod pain in R knee, persistent but gradually improving over 6 wks. Pain accompanied by swelling and stiffness, esp post-activity. Difficulty climbing stairs, limited ROM in knee. Highly cooperative and adherent to post-op PT regimen.

**ROS**
- **Constitutional:** No F/C.
- **Respiratory:** No SOB or cough.
- **Cardiovascular:** No CP or palpitations.
- **GI:** No N/V.
- **MSK:** Swelling, stiffness, and pain in R knee.
- **Neuro:** No tingling or numbness.

**PMH**

**Medical**
- HTN
- T2DM

**Surgical**
- TKR (6 wks ago)

**SH**
- Non-smoker
- Occasional EtOH, 1-2 drinks/wk
- Follows diabetic meal plan
- Engages in gardening and reading
- Lives in urban area with good access to healthcare

**FH**
- HTN
- DM

**Meds**
- Metformin 500 mg PO BID
- Lisinopril 10 mg PO QD

**Allergies**
- PCN (rash)

**2. Objective:**

**Vitals**
- BP: 130/78 mmHg
- HR: 72 bpm
- Ht: 5’4”
- Wt: 155 lb
- BMI: 26.6

**PE**

**Constitutional**
- Well-nourished, NAD.

**Integumentary**
- Skin intact, no rashes or bruising.

**MSK**
- **R Knee:** Mild swelling, mod tenderness on palpation. Limited ROM, esp in flexion. No erythema or increased warmth. Stability tests (Lachman, Ant/Post Drawer) negative.

**Neuro**
- No focal neuro deficits, motor strength 5/5 in BLE.

**3. Assessment:**

- **Post-op status post R TKR.**
- **HTN.**
- **T2DM.**

**4. Plan:**
1. **Meds:**
   - Continue current meds: Metformin 500 mg PO BID, Lisinopril 10 mg PO QD.

2. **Lifestyle:**
   - Increase physical activity: Recommend walking 30 mins daily, as tolerated.
   - Encourage adherence to diabetic meal plan.

3. **Referrals:**
   - Refer to ortho Dr. Emily Rodriguez for further eval and mgmt of post-op recovery.

4. **Investigations:**
   - Order BMP including LFTs, KFTs, and electrolytes.

5. **F/U:**
   - Return for f/u in 4 wks to assess progress and adjust mgmt as needed.

**Instructions**
- Continue PT as prescribed.
- Monitor BP and BG levels regularly.
- Contact clinic if symptoms worsen or new symptoms arise."|Family Medicine Physician|"[doctor] Hi Patricia, how are you doing today?

[patient] Hi, Doctor. I'm doing alright, thank you.

[doctor] That's good to hear. So, you're here for a follow-up on your right knee pain after your knee replacement surgery, correct?

[patient] Yes, that's right.

[doctor] Alright, can you tell me how your knee has been feeling since the surgery?

[patient] Well, the pain is mild to moderate, and it's been persistent but gradually improving over the past six weeks. It still swells and feels stiff, especially after physical activity.

[doctor] I see. Do you have any difficulty climbing stairs or with any other activities?

[patient] Yes, climbing stairs is quite difficult, and my range of motion is limited.

[doctor] Okay, are you still following your post-surgical physiotherapy regimen?

[patient] Yes, I've been very consistent with it.

[doctor] That's great to hear. Now, let's go over some other aspects. Have you had any fever or chills recently?

[patient] No, none at all.

[doctor] Any shortness of breath or cough?

[patient] No, I haven't had any respiratory issues.

[doctor] How about your cardiovascular health? Any chest pain or palpitations?

[patient] No, my heart feels fine.

[doctor] Any gastrointestinal issues like nausea or vomiting?

[patient] No, none of that either.

[doctor] How about any tingling or numbness in your legs?

[patient] No, I haven't felt any tingling or numbness.

[doctor] Alright, Patricia, let’s review your past medical history. You have hypertension and Type 2 Diabetes Mellitus, correct?

[patient] Yes, that's correct.

[doctor] And you had knee replacement surgery six weeks ago. Any other surgeries in the past?

[patient] No, just the knee replacement.

[doctor] Okay, let's move on to your social history. Do you smoke?

[patient] No, I've never smoked.

[doctor] How about alcohol? Do you drink?

[patient] Occasionally, maybe 1-2 drinks per week.

[doctor] And you follow a diabetic meal plan?

[patient] Yes, I do.

[doctor] Do you engage in any physical activities or hobbies?

[patient] Yes, I enjoy gardening and reading.

[doctor] That's wonderful. You live in an urban area with good access to healthcare facilities, right?

[patient] Yes, I do.

[doctor] How about your family history? Any history of hypertension or diabetes?

[patient] Yes, both run in my family.

[doctor] Thank you for sharing that. Now, let's go over your current medications. You're taking Metformin 500 mg orally twice daily and Lisinopril 10 mg orally once daily, correct?

[patient] Yes, that's right.

[doctor] Any allergies?

[patient] I'm allergic to penicillin; it gives me a rash.

[doctor] Got it. Now, let's move on to your vitals. Your blood pressure is 130/78 mmHg, pulse is 72 bpm, height is 5'4"", weight is 155 lbs, and your BMI is 26.6. Does that sound about right?

[patient] Yes, that sounds correct.

[doctor] Great. Let me examine you now. You look well-nourished and in no acute distress. Your skin appears intact with no rashes or bruising. Now, let’s take a look at your right knee. Hmm, I observe mild swelling and moderate tenderness upon palpation. You have a limited range of motion, especially in flexion. There's no redness or increased warmth. Let's do some stability tests. Okay, the Lachman and Anterior/Posterior Drawer tests are negative. How does that feel?

[patient] It's tender when you press, but otherwise, it feels okay.

[doctor] Alright, let's check your neurological status. No focal neurological deficits, and motor strength is 5/5 in both lower extremities. Everything looks good there. 

[patient] That's a relief.

[doctor] Based on my assessment, your post-operative status is progressing as expected. We'll continue with your current medications: Metformin 500 mg twice daily and Lisinopril 10 mg once daily.

[patient] Okay.

[doctor] I recommend increasing your physical activity, but only as tolerated. Aim for walking 30 minutes daily. Also, continue adhering to your diabetic meal plan.

[patient] I can do that.

[doctor] I’ll refer you to Dr. Emily Rodriguez, an orthopedic specialist, for further evaluation and management of your post-surgical recovery.

[patient] Do you think I need to see another specialist?

[doctor] Yes, it's standard procedure to ensure your recovery is on track. Dr. Rodriguez will provide additional insights.

[patient] Alright, I understand.

[doctor] I'll also order a biochemistry panel including liver function tests, kidney function tests, and electrolytes.

[patient] Do I need to do anything special for those tests?

[doctor] No, just make sure to fast for at least 8 hours before the blood test.

[patient] Got it.

[doctor] We’ll schedule a follow-up evaluation in 4 weeks to assess your progress and adjust your management plan as needed.

[patient] Okay, that sounds good.

[doctor] Continue with your physiotherapy as prescribed and monitor your blood pressure and blood glucose levels regularly. If your symptoms worsen or if any new symptoms arise, contact the clinic immediately.

[patient] Will do, Doctor.

[doctor] Do you have any questions or concerns?

[patient] Not at the moment, but I'll reach out if something comes up.

[doctor] Excellent. Remember, it's essential to continue monitoring your blood pressure and blood glucose levels regularly.

[patient] I will, Doctor. Thank you.

[doctor] You're welcome, Patricia. Take care and see you in four weeks.

[patient] Thank you, Doctor. Goodbye.

[doctor] Goodbye."|"[doctor] Hi Patricia, how are you doing today?

[patient] Hi, Doctor. I'm doing alright, thank you.

[doctor] That's good to hear. So, you're here for a follow-up on your right knee pain after your knee replacement surgery, correct?

[patient] Yes, that's right.

[doctor] Alright, can you tell me how your knee has been feeling since the surgery?

[patient] Well, the pain is mild to moderate, and it's been persistent but gradually improving over the past six weeks. It still swells and feels stiff, especially after physical activity.

[doctor] I see. Do you have any difficulty climbing stairs or with any other activities?

[patient] Yes, climbing stairs is quite difficult, and my range of motion is limited.

[doctor] Okay, are you still following your post-surgical physiotherapy regimen?

[patient] Yes, I've been very consistent with it.

[doctor] That's great to hear. Now, let's go over some other aspects. Have you had any fever or chills recently?

[patient] No, none at all.

[doctor] Any shortness of breath or cough?

[patient] No, I haven't had any respiratory issues.

[doctor] How about your cardiovascular health? Any chest pain or palpitations?

[patient] No, my heart feels fine.

[doctor] Any gastrointestinal issues like nausea or vomiting?

[patient] No, none of that either.

[doctor] How about any tingling or numbness in your legs?

[patient] No, I haven't felt any tingling or numbness.

[doctor] Alright, Patricia, let’s review your past medical history. You have hypertension and Type 2 Diabetes Mellitus, correct?

[patient] Yes, that's correct.

[doctor] And you had knee replacement surgery six weeks ago. Any other surgeries in the past?

[patient] No, just the knee replacement.

[doctor] Okay, let's move on to your social history. Do you smoke?

[patient] No, I've never smoked.

[doctor] How about alcohol? Do you drink?

[patient] Occasionally, maybe 1-2 drinks per week.

[doctor] And you follow a diabetic meal plan?

[patient] Yes, I do.

[doctor] Do you engage in any physical activities or hobbies?

[patient] Yes, I enjoy gardening and reading.

[doctor] That's wonderful. You live in an urban area with good access to healthcare facilities, right?

[patient] Yes, I do.

[doctor] How about your family history? Any history of hypertension or diabetes?

[patient] Yes, both run in my family.

[doctor] Thank you for sharing that. Now, let's go over your current medications. You're taking Metformin 500 mg orally twice daily and Lisinopril 10 mg orally once daily, correct?

[patient] Yes, that's right.

[doctor] Any allergies?

[patient] I'm allergic to penicillin; it gives me a rash.

[doctor] Got it. Now, let's move on to your vitals. Your blood pressure is 130/78 mmHg, pulse is 72 bpm, height is 5'4"", weight is 155 lbs, and your BMI is 26.6. Does that sound about right?

[patient] Yes, that sounds correct.

[doctor] Great. Let me examine you now. You look well-nourished and in no acute distress. Your skin appears intact with no rashes or bruising. Now, let’s take a look at your right knee. Hmm, I observe mild swelling and moderate tenderness upon palpation. You have a limited range of motion, especially in flexion. There's no redness or increased warmth. Let's do some stability tests. Okay, the Lachman and Anterior/Posterior Drawer tests are negative. How does that feel?

[patient] It's tender when you press, but otherwise, it feels okay.

[doctor] Alright, let's check your neurological status. No focal neurological deficits, and motor strength is 5/5 in both lower extremities. Everything looks good there. 

[patient] That's a relief.

[doctor] Based on my assessment, your post-operative status is progressing as expected. We'll continue with your current medications: Metformin 500 mg twice daily and Lisinopril 10 mg once daily.

[patient] Okay.

[doctor] I recommend increasing your physical activity, but only as tolerated. Aim for walking 30 minutes daily. Also, continue adhering to your diabetic meal plan.

[patient] I can do that.

[doctor] I’ll refer you to Dr. Emily Rodriguez, an orthopedic specialist, for further evaluation and management of your post-surgical recovery.

[patient] Do you think I need to see another specialist?

[doctor] Yes, it's standard procedure to ensure your recovery is on track. Dr. Rodriguez will provide additional insights.

[patient] Alright, I understand.

[doctor] I'll also order a biochemistry panel including liver function tests, kidney function tests, and electrolytes.

[patient] Do I need to do anything special for those tests?

[doctor] No, just make sure to fast for at least 8 hours before the blood test.

[patient] Got it.

[doctor] We’ll schedule a follow-up evaluation in 4 weeks to assess your progress and adjust your management plan as needed.

[patient] Okay, that sounds good.

[doctor] Continue with your physiotherapy as prescribed and monitor your blood pressure and blood glucose levels regularly. If your symptoms worsen or if any new symptoms arise, contact the clinic immediately.

[patient] Will do, Doctor.

[doctor] Do you have any questions or concerns?

[patient] Not at the moment, but I'll reach out if something comes up.

[doctor] Excellent. Remember, it's essential to continue monitoring your blood pressure and blood glucose levels regularly.

[patient] I will, Doctor. Thank you.

[doctor] You're welcome, Patricia. Take care and see you in four weeks.

[patient] Thank you, Doctor. Goodbye.

[doctor] Goodbye."
ENCOUNTER FOR OTHER SPECIFIED AFTERCARE|"ROLE: General Physician

**1) Medical Outcome:** Prescribed treatment, follow-up recommendations, referral to a specialist
- **Prescribed treatment:** Physical therapy sessions 2 times a week for 4 weeks.
- **Follow-up recommendations:** Follow up in 6 weeks to evaluate progress and need for further intervention.
- **Referral:** Referral to orthopedist, Dr. John Smith for a follow-up evaluation due to previous surgery.

**2) Medical History:** 
- **Previous Diagnoses:** Left knee replacement surgery 3 months ago, Hypertension.
- **Family Medical History:** Father had hypertension and diabetes.
- **Medication History:** Takes Lisinopril 10 mg once daily for hypertension.
- **Allergies:** NKDA.
- **Chronic Conditions:** Hypertension.

**3) Symptom Description:** 
- **Severity:** Mild to moderate discomfort.
- **Duration:** 1 month.
- **Associated Symptoms:** Minor swelling, stiffness.
- **Frequency:** Daily, worst after physical activity.
- **Impact on Daily Activities:** Difficulty in walking long distances and climbing stairs.

**4) Patient’s self-reported habits and lifestyle:** 
- **Sleep:** 6-7 hours/night with occasional disruptions.
- **Diet:** Balanced diet, avoids high-sodium foods.
- **Exercise:** Light walking daily, no strenuous activities post-surgery.
- **Tobacco Use:** None.
- **Alcohol Consumption:** Occasional glass of wine.
- **Drug Use:** None.
- **Recreational Activities:** Enjoys gardening, limited post-surgery.

**5) Demographic Information:** 
- **Age:** 67
- **Gender:** Female
- **Ethnicity:** Caucasian
- **Socio-economic Status:** Middle-class
- **Education Level:** College degree
- **Health Literacy:** Good
- **Job Status:** Retired

**6) Patient's Behavior:** Generally compliant with medical advice and eager to recover.

**7) Geographical Location:** 
- **Type:** Urban, well-served by public transit, safe neighborhood.

**8) Clinical Setting:** Clinic

**9) Type of Encounter:** Follow-up

**10) Treatment Disparities:** N/A

**11) Native or Non-Native English Speaking Patient:** Native English-speaking

**12) Physical exams:** 
- **Examination of the left knee:**
  - Observation: Minor swelling, mild redness.
  - Palpation: Mild tenderness around the knee joint.
  - Range of Motion: Slightly restricted, especially in flexion.
  - Strength Testing: Mild weakness in quadriceps.
  - Stability Tests: No ligamentous instability noted.

**13) Investigation/Test results:** 
- **NA**"|Rejected|Rejected|Rejected|Rejected||
ENCOUNTER FOR OTHER SPECIFIED AFTERCARE|"ROLE: General Physician

Patient Demographic Information:
- Age: 45
- Gender: Female
- Ethnicity: Hispanic
- Socio-economic Status: Middle-class
- Education Level: High School Graduate
- Health Literacy: Moderate
- Job Status: Part-time retail worker

Geographical Location:
- Urban
- Well-served by transit
- Moderate pollution levels
- Neighborhood Type: Middle-income

Clinical Setting:
- Private Practice

Type of Encounter:
- Follow-up

Medical History:
- Previous Diagnoses: Hypertension, Type 2 Diabetes Mellitus
- Family Medical History: Mother with Diabetes, Father with Hypertension
- Medication History: Metformin 500 mg twice daily, Lisinopril 10 mg daily
- Allergies: NKA
- Chronic Conditions: Hypertension, Type 2 Diabetes Mellitus

Patient’s self-reported habits and lifestyle:
- Sleep: Average 6-7 hours per night
- Diet: Generally balanced but occasionally consumes fast food
- Exercise: Limited, walks once a week
- Tobacco Use: Non-smoker
- Alcohol Consumption: Occasionally, 1-2 drinks per week
- Drug Use: None
- Recreational Activities: Spending time with family, reading

Symptom Description:
- Severity: Mild
- Duration: Persistent over a few weeks
- Associated Symptoms: Occasional dizziness
- Frequency: Intermittent
- Impact on Daily Activities: Minimal, able to perform daily tasks

Patient's Behavior:
- Generally cooperative but occasionally forgets to take medications

Medical Outcome:
- Diagnosis: ENCOUNTER FOR OTHER SPECIFIED AFTERCARE
- Prescribed Treatment: Continue current medications
- Follow-up Recommendations: Follow-up in 3 months
- Blood Work: Ordered for biochemistry (Blood glucose, HbA1c, Lipid profile)
- Lifestyle Change: Increase exercise to at least 3 times a week, improve diet by reducing fast food intake
- Referral: To a dietitian, Dr. Anna Garcia, for nutritional counseling

Physical exams:
- Blood Pressure: 140/90 mmHg
- Weight: 85 kg
- Height: 162 cm
- BMI: 32.4
- Heart: Regular rate and rhythm
- Lungs: Clear to auscultation

Investigation/Test results:
- Awaiting results for biochemistry (Blood glucose, HbA1c, Lipid profile)"|Rejected|Rejected|Rejected|Rejected||
ENCOUNTER FOR OTHER SPECIFIED AFTERCARE|"ROLE: Family Medicine Physician

SCENARIO:

1. Medical Outcome:
   - Diagnosis: Encounter for other specified aftercare (ICD-10: Z51.89)
   - Prescribed Treatment: Continuation of wound care: Clean with saline, apply antibiotic ointment, and cover with sterile bandage daily.
   - Follow-up Recommendations: Follow-up in 1 week for wound check.
   - Referral: Referral to a wound care specialist (Dr. John Smith, Wound Care Specialist) for further management.
   - Blood Work: NA
   - Imaging: NA

2. Medical History:
   - Previous Diagnoses: Type 2 Diabetes Mellitus, Hypertension.
   - Family Medical History: Father with hypertension, Mother with type 2 diabetes.
   - Medication History: Metformin 500 mg, oral, twice daily; Lisinopril 10 mg, oral, once daily.
   - Allergies: Penicillin.
   - Chronic Conditions: Type 2 Diabetes Mellitus, Hypertension.

3. Symptom Description:
   - Severity: Moderate pain at the wound site.
   - Duration: 2 weeks post-surgery.
   - Associated Symptoms: Mild redness around the wound, no fever or drainage.
   - Frequency: Consistent pain daily.
   - Impact on Daily Activities: Limited mobility due to discomfort.

4. Patient’s Self-Reported Habits and Lifestyle:
   - Sleep: 6-7 hours per night, but disturbed due to pain.
   - Diet: High in carbohydrates, low in vegetables.
   - Exercise: Limited due to current condition, previously walked 30 minutes daily.
   - Tobacco Use: None.
   - Alcohol Consumption: Occasional, 1-2 drinks per week.
   - Drug Use: None.
   - Recreational Activities: Enjoys reading and gardening but currently inactive due to wound.

5. Demographic Information:
   - Age: 58
   - Gender: Female
   - Ethnicity: African American
   - Socio-economic Status: Middle class
   - Education Level: High School
   - Health Literacy: Moderate
   - Job Status: Retired

6. Patient's Behavior:
   - Cooperation: Highly cooperative and adherent to medical advice.

7. Geographical Location:
   - Big City vs Small City: Big City
   - Rural vs Urban: Urban
   - Pollution and Environmental Health Risks: Moderate pollution
   - Neighborhood Type: Affluent, well-served by transit

8. Clinical Setting:
   - Private Practice

9. Type of Encounter:
   - Follow-up

10. Treatment Disparities:
   - NA

11. Native or Non-Native English Speaking Patient:
   - Native English Speaking

12. Physical exams:
   - Inspection of Wound: Clean edges, no signs of infection, mild redness.

13. Investigation/Test results:
   - NA"|Rejected|Rejected|Rejected|Rejected||
ENCOUNTER FOR OTHER SPECIFIED AFTERCARE|"ROLE: Family Medicine Physician

SCENARIO:

1. Medical Outcome:
   - Diagnosis: Encounter for other specified aftercare (ICD-10: Z51.89)
   - Prescribed Treatment: Continuation of wound care: Clean with saline, apply antibiotic ointment, and cover with sterile bandage daily.
   - Follow-up Recommendations: Follow-up in 1 week for wound check.
   - Referral: Referral to a wound care specialist (Dr. John Smith, Wound Care Specialist) for further management.
   - Blood Work: NA
   - Imaging: NA

2. Medical History:
   - Previous Diagnoses: Asthma, Hyperlipidemia.
   - Family Medical History: Father with hyperlipidemia, Mother with asthma.
   - Medication History: Albuterol inhaler as needed, Atorvastatin 20 mg, oral, once daily.
   - Allergies: None known.
   - Chronic Conditions: Asthma, Hyperlipidemia.

3. Symptom Description:
   - Severity: Moderate pain at the wound site.
   - Duration: 2 weeks post-surgery.
   - Associated Symptoms: Mild redness around the wound, no fever or drainage.
   - Frequency: Consistent pain daily.
   - Impact on Daily Activities: Limited mobility due to discomfort.

4. Patient’s Self-Reported Habits and Lifestyle:
   - Sleep: 7-8 hours per night, but disturbed due to pain.
   - Diet: Balanced diet with high protein intake.
   - Exercise: Limited due to current condition, used to swim 30 minutes daily.
   - Tobacco Use: None.
   - Alcohol Consumption: None.
   - Drug Use: None.
   - Recreational Activities: Enjoys painting and gardening but currently inactive due to wound.

5. Demographic Information:
   - Age: 45
   - Gender: Male
   - Ethnicity: Hispanic
   - Socio-economic Status: Upper-middle class
   - Education Level: College Graduate
   - Health Literacy: High
   - Job Status: Employed as a software engineer

6. Patient's Behavior:
   - Cooperation: Highly cooperative and adherent to medical advice.

7. Geographical Location:
   - Big City vs Small City: Small City
   - Rural vs Urban: Rural
   - Pollution and Environmental Health Risks: Low pollution
   - Neighborhood Type: Affluent, well-served by transit

8. Clinical Setting:
   - Community Health Services

9. Type of Encounter:
   - Follow-up

10. Treatment Disparities:
   - NA

11. Native or Non-Native English Speaking Patient:
   - Non-Native English Speaking (prefers Spanish but speaks English fluently)

12. Physical exams:
   - Inspection of Wound: Clean edges, no signs of infection, mild redness.

13. Investigation/Test results:
   - NA"|Rejected|Rejected|Rejected|Rejected||
ENCOUNTER FOR OTHER SPECIFIED AFTERCARE|"ROLE: Family Medicine Physician

SCENARIO:

1. Medical Outcome:
   - Diagnosis: Encounter for other specified aftercare (ICD-10: Z51.89)
   - Prescribed Treatment: Continuation of wound care: Clean with saline, apply antibiotic ointment, and cover with sterile bandage daily.
   - Follow-up Recommendations: Follow-up in 2 weeks for wound check.
   - Referral: Referral to a wound care specialist (Dr. Emily Rodriguez, Wound Care Specialist) for further management.
   - Blood Work: Complete Blood Count (CBC) and Basic Metabolic Panel (BMP) to monitor for any signs of infection or electrolyte imbalance.

2. Medical History:
   - Previous Diagnoses: Chronic Kidney Disease (Stage 3), Congestive Heart Failure.
   - Family Medical History: Father with heart disease, Mother with chronic kidney disease.
   - Medication History: Furosemide 40 mg, oral, once daily; Lisinopril 20 mg, oral, once daily.
   - Allergies: Sulfa drugs.
   - Chronic Conditions: Chronic Kidney Disease, Congestive Heart Failure.

3. Symptom Description:
   - Severity: Mild pain at the wound site.
   - Duration: 3 weeks post-surgery.
   - Associated Symptoms: Slight swelling but no significant redness or drainage, no fever.
   - Frequency: Intermittent discomfort daily.
   - Impact on Daily Activities: Somewhat limited mobility, particularly with walking.

4. Patient’s Self-Reported Habits and Lifestyle:
   - Sleep: 5-6 hours per night, quality disrupted by frequent urination.
   - Diet: Low sodium, kidney-friendly diet.
   - Exercise: Limited due to heart condition, previously walked 15 minutes daily.
   - Tobacco Use: Quit smoking 10 years ago.
   - Alcohol Consumption: None.
   - Drug Use: None.
   - Recreational Activities: Enjoys cooking and light gardening, currently minimized due to condition.

5. Demographic Information:
   - Age: 70
   - Gender: Female
   - Ethnicity: Caucasian
   - Socio-economic Status: Low-income
   - Education Level: High School Graduate
   - Health Literacy: Basic understanding of health conditions
   - Job Status: Retired homemaker

6. Patient's Behavior:
   - Cooperation: Very cooperative and adherent to medical advice.

7. Geographical Location:
   - Big City vs Small City: Big City
   - Rural vs Urban: Urban
   - Pollution and Environmental Health Risks: High pollution levels
   - Neighborhood Type: Impoverished, food desert, limited access to healthy food options

8. Clinical Setting:
   - Urgent Care Center

9. Type of Encounter:
   - Chronic Disease Management

10. Treatment Disparities:
   - Tendency to offer less aggressive treatment due to patient's low-income status and perceived non-compliance.

11. Native or Non-Native English Speaking Patient:
   - Native English Speaking

12. Physical exams:
   - Inspection of Wound: Mild swelling, no significant redness, clean edges, no significant drainage.
   - Cardiovascular: Regular rate and rhythm, no murmurs, peripheral edema present.

13. Investigation/Test results:
   - Recent Echo: Showing reduced ejection fraction consistent with heart failure.
   - Recent Lab Results: Elevated BUN and creatinine consistent with chronic kidney disease."|Rejected|Rejected|Rejected|Rejected||
