Disease Description|Scenario|Note|Polished Note|Abbreviated Note|Role|dial|polished_dial
PERSONAL HISTORY OF OTHER INFECTIOUS AND PARASITIC DISEASES|"ROLE: Infectious Disease Specialist

**Demographic Information:**
- Age: 45
- Gender: Male
- Ethnicity: Hispanic
- Socio-economic Status: Middle class
- Education Level: University degree
- Health Literacy: Moderate
- Job Status: Employed as an accountant

**Clinical Setting:**
- Specialty Clinic

**Geographical Location:**
- Urban
- Affluent neighborhood

**Type of Encounter:**
- Initial Consultation

**Patient’s self-reported habits and lifestyle:**
- Sleep: Approximately 6 hours per night
- Diet: Balanced diet, consumes three meals a day
- Exercise: Regular exercise, jogs 3 times a week
- Tobacco Use: Non-smoker
- Alcohol Consumption: Occasionally, socially
- Drug Use: None
- Recreational Activities: Enjoys reading and gardening

**Medical History:**
- Previous Diagnoses: Hepatitis B (treated), Malaria (treated)
- Family Medical History: Father with hypertension
- Medication History: No current medications
- Allergies: Penicillin
- Chronic Conditions: None

**Symptom Description:**
- Severity: Mild to moderate
- Duration: 3 weeks
- Associated Symptoms: Intermittent fever, fatigue, night sweats, occasional diarrhea
- Frequency: Daily
- Impact on Daily Activities: Mildly affecting daily activities, less productivity at work

**Patient's Behavior:**
- Highly cooperative with medical advice

**Physical exams:**
- General examination: Mild pallor, no jaundice
- Abdomen: Mild tenderness in the epigastric region
- Lymph nodes: No palpable lymphadenopathy

**Investigation/Test Results:**
- Blood work ordered: Biochemistry, hematology, immunology, and microbiology
- Imaging ordered: Ultrasound of the abdomen to check for liver and spleen size

**Medical Outcome:**
- Diagnosis: Personal history of other infectious and parasitic diseases
- Prescribed Treatment: 
  * Azithromycin 500mg orally once daily for 5 days
- Follow-up Recommendations:
  * Follow-up appointment in 2 weeks to review test results and monitor symptoms
- Referral to Specialists:
  * Gastroenterologist - Dr. Martinez for further evaluation of gastrointestinal symptoms"|"#### MEDICAL NOTE

**1. Subjective:**

**Chief Complaint (CC):**
Intermittent fever, fatigue, night sweats, occasional diarrhea for the past 3 weeks.

**History of Present Illness (HPI):**
The patient is a 45-year-old Hispanic male, employed as an accountant, who presents with a 3-week history of intermittent fever, fatigue, night sweats, and occasional diarrhea. The symptoms are mild to moderate in severity and have been occurring daily. The patient reports that these symptoms have mildly affected his daily activities and productivity at work.

**Review of Systems (ROS):**
- **Constitutional:** Reports intermittent fever, fatigue, and night sweats. No weight loss.
- **Gastrointestinal:** Reports occasional diarrhea. Denies nausea, vomiting, or abdominal pain aside from mild epigastric tenderness.
- **Respiratory:** Denies cough or shortness of breath.
- **Genitourinary:** Denies dysuria or hematuria.
- **Neurological:** Denies headaches, dizziness, or syncope.

**2. Objective:**

**Vital Signs:**
- Temperature: 99.8°F
- Blood Pressure: 130/80 mmHg
- Pulse: 78 beats per minute
- Respiratory Rate: 16 breaths per minute
- Oxygen Saturation: 98% on room air

**Physical Examination:**
- **General:** Mild pallor, no jaundice.
- **Abdomen:** Mild tenderness in the epigastric region, no rebound tenderness, no palpable masses, liver and spleen not palpable.
- **Lymphatic:** No palpable lymphadenopathy.
- **Cardiovascular:** Regular rate and rhythm, no murmurs.
- **Respiratory:** Clear to auscultation bilaterally.
- **Neurological:** Alert and oriented, cranial nerves II-XII grossly intact.

**Investigations:**
- Blood work has been ordered: Biochemistry, hematology, immunology, and microbiology panels.
- Imaging: Ultrasound of the abdomen to evaluate liver and spleen size.

**3. Assessment:**
The patient has a personal history of other infectious and parasitic diseases. Given the presenting symptoms and the patient's history, the differential diagnosis includes a possible relapse or re-infection, systemic infection, or gastrointestinal pathology.

**4. Plan:**

**Medical Treatment:**
- Prescribed Azithromycin 500mg orally once daily for 5 days to cover potential bacterial infection.

**Follow-Up:**
- Schedule a follow-up appointment in 2 weeks to review the results of the blood work and ultrasound and to monitor symptoms.

**Referrals:**
- Referred to a Gastroenterologist (Dr. Martinez) for further evaluation of gastrointestinal symptoms.

**Patient Education and Counseling:**
- Explained to the patient the potential causes of his symptoms and the rationale for the prescribed treatment.
- Advised the patient to monitor his symptoms closely and to seek immediate medical attention if he experiences worsening symptoms such as high-grade fever, severe abdominal pain, or persistent diarrhea.

**Patient Agreement:**
- The patient has understood and agrees with the recommended medical treatment plan and follow-up."|"#### MEDICAL NOTE

**1. Subjective:**

**Chief Complaint (CC):**
Intermittent fever, fatigue, night sweats, occasional diarrhea for the past 3 weeks.

**History of Present Illness (HPI):**
The patient is a 45-year-old Hispanic male, employed as an accountant, who presents with a 3-week history of intermittent fever, fatigue, night sweats, and occasional diarrhea. The symptoms are mild to moderate in severity and have been occurring daily. The patient reports that these symptoms have mildly affected his daily activities and productivity at work.

**Review of Systems (ROS):**
- **Constitutional:** Reports intermittent fever, fatigue, and night sweats. No weight loss.
- **Gastrointestinal:** Reports occasional diarrhea. Denies nausea, vomiting, or abdominal pain aside from mild epigastric tenderness.
- **Respiratory:** Denies cough or shortness of breath.
- **Genitourinary:** Denies dysuria or hematuria.
- **Neurological:** Denies headaches, dizziness, or syncope.

**2. Objective:**

**Vital Signs:**
- Temperature: 99.8°F
- Blood Pressure: 130/80 mmHg
- Pulse: 78 beats per minute
- Respiratory Rate: 16 breaths per minute
- Oxygen Saturation: 98% on room air

**Physical Examination:**
- **General:** Mild pallor, no jaundice.
- **Abdomen:** Mild tenderness in the epigastric region, no rebound tenderness, no palpable masses, liver and spleen not palpable.
- **Lymphatic:** No palpable lymphadenopathy.
- **Cardiovascular:** Regular rate and rhythm, no murmurs.
- **Respiratory:** Clear to auscultation bilaterally.
- **Neurological:** Alert and oriented, cranial nerves II-XII grossly intact.

**3. Assessment:**
The patient has a personal history of other infectious and parasitic diseases. Given the presenting symptoms and the patient's history, the differential diagnosis includes a possible relapse or re-infection, systemic infection, or gastrointestinal pathology.

**4. Plan:**

**Investigations:**
- Blood work has been ordered: Biochemistry, hematology, immunology, and microbiology panels.
- Imaging: Ultrasound of the abdomen to evaluate liver and spleen size.

**Medical Treatment:**
- Prescribed Azithromycin 500mg orally once daily for 5 days to cover potential bacterial infection.

**Follow-Up:**
- Schedule a follow-up appointment in 2 weeks to review the results of the blood work and ultrasound and to monitor symptoms.

**Referrals:**
- Referred to a Gastroenterologist (Dr. Martinez) for further evaluation of gastrointestinal symptoms.

**Patient Education and Counseling:**
- Explained to the patient the potential causes of his symptoms and the rationale for the prescribed treatment.
- Advised the patient to monitor his symptoms closely and to seek immediate medical attention if he experiences worsening symptoms such as high-grade fever, severe abdominal pain, or persistent diarrhea.

**Patient Agreement:**
- The patient has understood and agrees with the recommended medical treatment plan and follow-up."|"#### MEDICAL NOTE

**1. Subjective:**

**CC:**
Intermittent fever, fatigue, night sweats, occasional diarrhea x3 weeks.

**HPI:**
45 y/o Hispanic M, accountant, c/o 3-week hx of intermittent fever, fatigue, night sweats, and occasional diarrhea. Symptoms mild to moderate, daily occurrence, mildly affecting ADLs and work productivity.

**ROS:**
- **Constitutional:** +intermittent fever, +fatigue, +night sweats. No weight loss.
- **GI:** +occasional diarrhea. -nausea, -vomiting, -abdominal pain except mild epigastric tenderness.
- **Resp:** -cough, -SOB.
- **GU:** -dysuria, -hematuria.
- **Neuro:** -headaches, -dizziness, -syncope.

**2. Objective:**

**VS:**
- Temp: 99.8°F
- BP: 130/80 mmHg
- HR: 78 bpm
- RR: 16 bpm
- SpO2: 98% RA

**PE:**
- **General:** Mild pallor, no jaundice.
- **Abd:** Mild epigastric tenderness, no rebound, no masses, liver/spleen not palpable.
- **Lymph:** No LAD.
- **CV:** RRR, no murmurs.
- **Resp:** CTA bilaterally.
- **Neuro:** A&O x3, CN II-XII grossly intact.

**3. Assessment:**
Hx of other infectious/parasitic diseases. Differential includes relapse/re-infection, systemic infection, or GI pathology.

**4. Plan:**

**Investigations:**
- Blood work: Biochem, hematology, immunology, micro panels.
- Imaging: Abd US to eval liver/spleen size.

**Rx:**
- Azithromycin 500mg PO QD x5 days for potential bacterial infection.

**Follow-Up:**
- F/U in 2 weeks to review blood work and US results, monitor symptoms.

**Referrals:**
- Referred to GI (Dr. Martinez) for further eval of GI symptoms.

**Pt Education and Counseling:**
- Explained potential causes of symptoms and rationale for Rx.
- Advised pt to monitor symptoms closely and seek immediate medical attention if high-grade fever, severe abd pain, or persistent diarrhea.

**Pt Agreement:**
- Pt understands and agrees with the recommended medical treatment plan and F/U."|Infectious Disease Specialist|"**Doctor:** Good morning, how are you doing today?

**Patient:** I'm alright, doctor, just feeling quite tired recently.

**Doctor:** I'm sorry to hear that. What brings you in today?

**Patient:** I've been having these symptoms for about three weeks now. It's getting a bit concerning.

**Doctor:** I see. Can you tell me more about these symptoms?

**Patient:** Sure, I've been having intermittent fevers and feeling really fatigued. I also sweat a lot at night and sometimes have diarrhea.

**Doctor:** Hmm, how often do these fevers and night sweats occur?

**Patient:** Almost daily, but the intensity varies. Some days it's mild, other days it feels more severe.

**Doctor:** And how has this been affecting your daily activities?

**Patient:** It has been a bit tough. I'm an accountant, and these symptoms have been affecting my productivity at work.

**Doctor:** I understand. Besides the diarrhea, have you had any nausea, vomiting, or abdominal pain?

**Patient:** No nausea or vomiting, but I do feel a mild tenderness in my upper stomach area.

**Doctor:** How about your respiratory system? Any cough or shortness of breath?

**Patient:** No, none of that.

**Doctor:** Any issues with urination, like pain or blood in your urine?

**Patient:** No, everything's normal there.

**Doctor:** How about headaches, dizziness, or fainting?

**Patient:** No, I haven't experienced any of those.

**Doctor:** Got it. Let me take your vitals. Your temperature is 99.8°F, blood pressure is 130/80 mmHg, pulse is 78 beats per minute, respiratory rate is 16 breaths per minute, and your oxygen saturation is 98% on room air.

**Patient:** That sounds normal, I think?

**Doctor:** Yes, mostly within normal ranges. Let's do a physical exam now. You have mild pallor but no jaundice. Your abdomen shows mild tenderness in the epigastric region, but no rebound tenderness or palpable masses. Your liver and spleen are not palpable.

**Patient:** Okay.

**Doctor:** Your lymph nodes are not enlarged, your heart has a regular rate and rhythm with no murmurs, and your lungs are clear to auscultation bilaterally. Neurologically, you are alert and oriented, and your cranial nerves II-XII are intact.

**Patient:** Sounds good so far.

**Doctor:** I have ordered some blood work to check your biochemistry, hematology, immunology, and microbiology panels. We also need an ultrasound of the abdomen to evaluate your liver and spleen size.

**Patient:** Alright, what's the next step?

**Doctor:** Given your symptoms and history of other infectious and parasitic diseases, we need to consider a few possibilities. It could be a relapse or re-infection, a systemic infection, or a gastrointestinal issue.

**Patient:** What do we do about it?

**Doctor:** I am prescribing you Azithromycin 500mg orally once daily for 5 days to cover any potential bacterial infection.

**Patient:** Okay, and what about the follow-up?

**Doctor:** We will schedule a follow-up appointment in 2 weeks to review the results of your blood work and ultrasound. We will also monitor your symptoms closely.

**Patient:** Sounds good.

**Doctor:** I am also referring you to Dr. Martinez, a Gastroenterologist, for further evaluation of your gastrointestinal symptoms.

**Patient:** Alright, I'll make sure to follow up with him.

**Doctor:** Lastly, I want to educate you on the potential causes of your symptoms and the rationale for your treatment. Monitor your symptoms closely and seek immediate medical attention if you experience a high-grade fever, severe abdominal pain, or persistent diarrhea.

**Patient:** Understood, doctor.

**Doctor:** Do you have any questions or concerns?

**Patient:** No, I think that's everything. Thank you.

**Doctor:** You're welcome. Take care, and we'll see you in two weeks."|"[doctor]: Good morning, how are you doing today?

[patient]: I'm alright, doctor, just feeling quite tired recently.

[doctor]: I'm sorry to hear that. What brings you in today?

[patient]: I've been having these symptoms for about three weeks now. It's getting a bit concerning.

[doctor]: I see. Can you tell me more about these symptoms?

[patient]: Sure, I've been having intermittent fevers and feeling really fatigued. I also sweat a lot at night and sometimes have diarrhea.

[doctor]: Hmm, how often do these fevers and night sweats occur?

[patient]: Almost daily, but the intensity varies. Some days it's mild, other days it feels more severe.

[doctor]: And how has this been affecting your daily activities?

[patient]: It has been a bit tough. I'm an accountant, and these symptoms have been affecting my productivity at work.

[doctor]: I understand. Besides the diarrhea, have you had any nausea, vomiting, or abdominal pain?

[patient]: No nausea or vomiting, but I do feel a mild tenderness in my upper stomach area.

[doctor]: How about your respiratory system? Any cough or shortness of breath?

[patient]: No, none of that.

[doctor]: Any issues with urination, like pain or blood in your urine?

[patient]: No, everything's normal there.

[doctor]: How about headaches, dizziness, or fainting?

[patient]: No, I haven't experienced any of those.

[doctor]: Got it. Let me take your vitals. Your temperature is 99.8°F, blood pressure is 130/80 mmHg, pulse is 78 beats per minute, respiratory rate is 16 breaths per minute, and your oxygen saturation is 98% on room air.

[patient]: That sounds normal, I think?

[doctor]: Yes, mostly within normal ranges. Let's do a physical exam now. You have mild pallor but no jaundice. Your abdomen shows mild tenderness in the epigastric region, but no rebound tenderness or palpable masses. Your liver and spleen are not palpable.

[patient]: Okay.

[doctor]: Your lymph nodes are not enlarged, your heart has a regular rate and rhythm with no murmurs, and your lungs are clear to auscultation bilaterally. Neurologically, you are alert and oriented, and your cranial nerves II-XII are intact.

[patient]: Sounds good so far.

[doctor]: I have ordered some blood work to check your biochemistry, hematology, immunology, and microbiology panels. We also need an ultrasound of the abdomen to evaluate your liver and spleen size.

[patient]: Alright, what's the next step?

[doctor]: Given your symptoms and history of other infectious and parasitic diseases, we need to consider a few possibilities. It could be a relapse or re-infection, a systemic infection, or a gastrointestinal issue.

[patient]: What do we do about it?

[doctor]: I am prescribing you Azithromycin 500mg orally once daily for 5 days to cover any potential bacterial infection.

[patient]: Okay, and what about the follow-up?

[doctor]: We will schedule a follow-up appointment in 2 weeks to review the results of your blood work and ultrasound. We will also monitor your symptoms closely.

[patient]: Sounds good.

[doctor]: I am also referring you to Dr. Martinez, a Gastroenterologist, for further evaluation of your gastrointestinal symptoms.

[patient]: Alright, I'll make sure to follow up with him.

[doctor]: Lastly, I want to educate you on the potential causes of your symptoms and the rationale for your treatment. Monitor your symptoms closely and seek immediate medical attention if you experience a high-grade fever, severe abdominal pain, or persistent diarrhea.

[patient]: Understood, doctor.

[doctor]: Do you have any questions or concerns?

[patient]: No, I think that's everything. Thank you.

[doctor]: You're welcome. Take care, and we'll see you in two weeks."
PERSONAL HISTORY OF OTHER INFECTIOUS AND PARASITIC DISEASES|"ROLE: Infectious Disease Specialist

1) Medical Outcome:
   - Diagnosis: Personal history of other infectious and parasitic diseases.
   - Prescribed treatment: Albendazole 400 mg oral, single dose, may repeat in two weeks if needed.
   - Follow-up recommendations: Follow-up in 4 weeks to monitor the resolution of symptoms and effectiveness of treatment.
   - Lifestyle change: Emphasis on thorough hand washing and boiling water for drinking to prevent reinfection.
   - Referral to specialist: Referral to a dietitian, Ms. Angela Lee, for nutritional support and dietary modifications.

2) Medical History:
   - Previous Diagnoses: Strongyloidiasis (treated 2 years ago).
   - Family Medical History: Father has a history of type 2 diabetes.
   - Medication History: No current medications.
   - Allergies: None.
   - Chronic Conditions: None.

3) Symptom Description:
   - Severity: Severe.
   - Duration: 2 months.
   - Associated Symptoms: Severe abdominal pain, fatigue, and weight loss.
   - Frequency: Daily.
   - Impact on Daily Activities: High impact; struggling to perform daily tasks and attend work.

4) Patient’s Self-Reported Habits and Lifestyle:
   - Sleep: 4-5 hours, frequently disrupted by symptoms.
   - Diet: Limited access to nutritious food, relies on affordable street food.
   - Exercise: Minimal due to fatigue and weakness.
   - Tobacco Use: None.
   - Alcohol Consumption: Occasionally, socially.
   - Drug Use: None.
   - Recreational Activities: Limited due to health issues.

5) Demographic Information:
   - Age: 32
   - Gender: Male
   - Ethnicity: Hispanic
   - Socio-economic Status: Low income
   - Education Level: College degree
   - Health Literacy: Basic understanding of medical terms.
   - Job Status: Part-time employment as a construction worker; frequently missing work due to illness.

6) Patient's Behavior:
   - Moderate compliance with previous medical advice, influenced by financial constraints and work schedule.

7) Geographical Location:
   - Large City
   - Urban
   - Moderate pollution and environmental health risks; lives in a crowded area with poor sanitation.

8) Clinical Setting:
   - Urgent Care Center

9) Type of Encounter:
   - Emergency Visit for severe abdominal pain and weight loss.

10) Treatment Disparities:
   - Consider potential disparities; patient previously received less aggressive treatment due to presumed financial constraints.

11) Native or Non-Native English Speaking Patient:
   - Native English speaker.

12) Physical exams:
   - Abdominal examination: Severe tenderness in the lower abdomen, signs of malnutrition, pallor noted.
   - General appearance: Underweight, visibly fatigued.

13) Investigation/Test results:
   - Stool sample: Awaiting results for detecting potential recurring Strongyloidiasis or other parasitic infections.
   - Blood work: Complete Blood Count (CBC), Biochemistry panel. Test results pending."|"#####
**1. Subjective**

**Chief Complaint (CC):** Severe abdominal pain.

**History of Present Illness (HPI):**
- Patient is a 32-year-old Hispanic male presenting with severe abdominal pain, fatigue, and significant weight loss over the past 2 months.
- Symptoms are severe and occur daily, impacting his ability to perform daily tasks and attend work.

**Review of Systems (ROS):**
- **Constitutional:** Reports fatigue, weight loss.
- **Gastrointestinal:** Reports severe abdominal pain, no diarrhea or vomiting noted.
- **Musculoskeletal:** Reports weakness, no joint pain or swelling.

**2. Objective**

**General Appearance:**
- Underweight, visibly fatigued.

**Vital Signs:**
- Temperature: 98.6°F
- Blood Pressure: 110/70 mm Hg
- Heart Rate: 72 BPM
- Respiratory Rate: 16 breaths per minute

**Physical Exam:**
- **Abdominal Examination:** Severe tenderness in the lower abdomen, visible signs of malnutrition, pallor noted.
- **Cardiovascular:** Regular rate and rhythm, no murmurs, gallops, or rubs.
- **Respiratory:** Clear to auscultation bilaterally, no wheezes, rales, or rhonchi.

**3. Assessment**

**1. Personal history of other infectious and parasitic diseases:**
- **Medical Reasoning:** Patient has a history of Strongyloidiasis treated 2 years ago and presents with severe abdominal pain, fatigue, and weight loss. Awaiting stool sample results to confirm recurrence or other parasitic infections.
- **Differential Diagnosis:** Recurrence of Strongyloidiasis, other parasitic infections, gastrointestinal disorders.

**4. Plan**

1. **Treatment:**
   - **Albendazole 400 mg oral, single dose, may repeat in two weeks if needed.**
   
2. **Investigations:**
   - Await stool sample results for parasitic infections.
   - Await blood work results (CBC, Biochemistry panel).

3. **Patient Education and Counseling:**
   - Emphasis on thorough hand washing and boiling water for drinking to prevent reinfection.
   - Discussed the importance of completing the prescribed medication and potential side effects.

4. **Lifestyle Recommendations:**
   - Advised to improve nutritional intake with a balanced diet as much as possible within financial constraints.

5. **Referrals:**
   - Referral to dietitian Ms. Angela Lee for nutritional support and dietary modifications.

6. **Follow-up:**
   - Follow-up appointment in 4 weeks to monitor the resolution of symptoms and effectiveness of treatment.

**Patient Agreements:**
- The patient understands and agrees with the recommended medical treatment plan.
#####"|"#####
**1. Subjective**

**Chief Complaint (CC):** Severe abdominal pain.

**History of Present Illness (HPI):**
- Patient is a 32-year-old Hispanic male presenting with severe abdominal pain, fatigue, and significant weight loss over the past 2 months.
- Symptoms are severe and occur daily, impacting his ability to perform daily tasks and attend work.

**Review of Systems (ROS):**
- **Constitutional:** Reports fatigue, weight loss.
- **Gastrointestinal:** Reports severe abdominal pain, no diarrhea or vomiting noted.
- **Musculoskeletal:** Reports weakness, no joint pain or swelling.

**2. Objective**

**General Appearance:**
- Underweight, visibly fatigued.

**Vital Signs:**
- Temperature: 98.6°F
- Blood Pressure: 110/70 mm Hg
- Heart Rate: 72 BPM
- Respiratory Rate: 16 breaths per minute

**Physical Exam:**
- **Abdominal Examination:** Severe tenderness in the lower abdomen, visible signs of malnutrition, pallor noted.
- **Cardiovascular:** Regular rate and rhythm, no murmurs, gallops, or rubs.
- **Respiratory:** Clear to auscultation bilaterally, no wheezes, rales, or rhonchi.

**3. Assessment**

**1. Personal history of other infectious and parasitic diseases:**
- **Medical Reasoning:** Patient has a history of Strongyloidiasis treated 2 years ago and presents with severe abdominal pain, fatigue, and weight loss. Awaiting stool sample results to confirm recurrence or other parasitic infections.
- **Differential Diagnosis:** Recurrence of Strongyloidiasis, other parasitic infections, gastrointestinal disorders.

**4. Plan**

1. **Treatment:**
   - **Albendazole 400 mg oral, single dose, may repeat in two weeks if needed.**
   
2. **Investigations:**
   - Await stool sample results for parasitic infections.
   - Await blood work results (CBC, Biochemistry panel).

3. **Patient Education and Counseling:**
   - Emphasis on thorough hand washing and boiling water for drinking to prevent reinfection.
   - Discussed the importance of completing the prescribed medication and potential side effects.

4. **Lifestyle Recommendations:**
   - Advised to improve nutritional intake with a balanced diet as much as possible within financial constraints.

5. **Referrals:**
   - Referral to dietitian Ms. Angela Lee for nutritional support and dietary modifications.

6. **Follow-up:**
   - Follow-up appointment in 4 weeks to monitor the resolution of symptoms and effectiveness of treatment.

**Patient Agreements:**
- The patient understands and agrees with the recommended medical treatment plan.
#####"|"#####
**1. Subjective**

**CC:** Severe abdominal pain.

**HPI:**
- Pt is a 32 y/o Hispanic male presenting with severe abd pain, fatigue, and significant wt loss over the past 2 mos.
- Sx are severe and occur daily, impacting his ability to perform ADLs and attend work.

**ROS:**
- **Constitutional:** Reports fatigue, wt loss.
- **GI:** Reports severe abd pain, no diarrhea or vomiting noted.
- **MSK:** Reports weakness, no joint pain or swelling.

**2. Objective**

**General Appearance:**
- Underweight, visibly fatigued.

**VS:**
- Temp: 98.6°F
- BP: 110/70 mm Hg
- HR: 72 BPM
- RR: 16 breaths/min

**Physical Exam:**
- **Abd Exam:** Severe tenderness in the lower abd, visible signs of malnutrition, pallor noted.
- **CV:** RRR, no murmurs, gallops, or rubs.
- **Resp:** CTA bilaterally, no wheezes, rales, or rhonchi.

**3. Assessment**

**1. Personal hx of other infectious and parasitic diseases:**
- **Medical Reasoning:** Pt has a hx of Strongyloidiasis treated 2 yrs ago and presents with severe abd pain, fatigue, and wt loss. Awaiting stool sample results to confirm recurrence or other parasitic infections.
- **DDx:** Recurrence of Strongyloidiasis, other parasitic infections, GI disorders.

**4. Plan**

1. **Rx:**
   - **Albendazole 400 mg PO, single dose, may repeat in 2 wks if needed.**
   
2. **Investigations:**
   - Await stool sample results for parasitic infections.
   - Await blood work results (CBC, BMP).

3. **Pt Education and Counseling:**
   - Emphasis on thorough hand washing and boiling water for drinking to prevent reinfection.
   - Discussed the importance of completing the prescribed med and potential side effects.

4. **Lifestyle Recommendations:**
   - Advised to improve nutritional intake with a balanced diet as much as possible within financial constraints.

5. **Referrals:**
   - Referral to dietitian Ms. Angela Lee for nutritional support and dietary modifications.

6. **F/U:**
   - F/U appointment in 4 wks to monitor the resolution of sx and effectiveness of tx.

**Pt Agreements:**
- The pt understands and agrees with the recommended medical tx plan.
#####"|Infectious Disease Specialist|"```
[doctor] Good morning. How are you doing today?

[patient] Not great, honestly. I've been having some really bad abdominal pain.

[doctor] I'm sorry to hear that. Can you describe the pain for me?

[patient] It's really severe. It happens every day and it's been going on for the past two months. It's so bad that I can't do my normal activities or even go to work.

[doctor] That sounds tough. Have you noticed any other symptoms along with the abdominal pain?

[patient] Yes, I've been feeling extremely tired and I've lost a lot of weight. I didn't even try to lose weight.

[doctor] How much weight have you lost?

[patient] Around 15 pounds in the last two months.

[doctor] Wow, that's quite a bit. Have you had any diarrhea or vomiting?

[patient] No, I haven't had either of those.

[doctor] Okay, what about any weakness or joint pain?

[patient] I've been feeling pretty weak, but no joint pain or swelling.

[doctor] Alright, let's go over your general health. Do you have any history of infectious or parasitic diseases?

[patient] Yes, I had Strongyloidiasis about two years ago. It was treated back then.

[doctor] Thank you for telling me that. I’ll need to review that in the context of your current symptoms. Now, let's take a look at your vitals. Your temperature is 98.6°F, blood pressure is 110/70 mm Hg, heart rate is 72 BPM, and respiratory rate is 16 breaths per minute. 

[patient] Okay.

[doctor] You appear underweight and visibly fatigued. Let’s proceed with the physical exam, specifically focusing on your abdomen. Do you feel any tenderness when I press here?

[patient] Yes, it hurts a lot, especially in the lower abdomen.

[doctor] I also noticed signs of malnutrition and pallor. Your cardiovascular exam shows a regular rate and rhythm with no murmurs, gallops, or rubs. Your respiratory exam is clear, no wheezes, rales, or rhonchi. 

[patient] Alright.

[doctor] Based on your history and current symptoms, I’m concerned about a possible recurrence of Strongyloidiasis or another parasitic infection. We’ll need to wait for the stool sample results to confirm this. We’ll also get some blood work done, including a CBC and a biochemistry panel.

[patient] Okay, that makes sense.

[doctor] In the meantime, I'm going to prescribe Albendazole 400 mg as a single dose. You may need to repeat it in two weeks if necessary.

[patient] Got it.

[doctor] It's crucial to practice thorough hand washing and boil water before drinking to prevent reinfection. Make sure you complete the medication as prescribed and report any side effects.

[patient] I will. 

[doctor] Additionally, it's important to improve your nutritional intake. I understand financial constraints can be an issue, but try to have a balanced diet as much as possible.

[patient] I'll do my best.

[doctor] I’m also referring you to a dietitian, Ms. Angela Lee, for nutritional support and dietary modifications.

[patient] Thank you, that sounds helpful.

[doctor] We’ll schedule a follow-up appointment in 4 weeks to monitor your symptoms and see how effective the treatment has been.

[patient] Alright, I understand.

[doctor] Do you have any questions or concerns about the treatment plan?

[patient] No, it all seems clear to me.

[doctor] Excellent. The nurse will help you with the referrals and any other paperwork. Take care, and I’ll see you in four weeks.

[patient] Thank you, doctor.

[doctor] You're welcome. Take care.
```"|"[doctor]: Good morning. How are you doing today?

[patient]: Not great, honestly. I've been having some really bad abdominal pain.

[doctor]: I'm sorry to hear that. Can you describe the pain for me?

[patient]: It's really severe. It happens every day and it's been going on for the past two months. It's so bad that I can't do my normal activities or even go to work.

[doctor]: That sounds tough. Have you noticed any other symptoms along with the abdominal pain?

[patient]: Yes, I've been feeling extremely tired and I've lost a lot of weight. I didn't even try to lose weight.

[doctor]: How much weight have you lost?

[patient]: Around 15 pounds in the last two months.

[doctor]: Wow, that's quite a bit. Have you had any diarrhea or vomiting?

[patient]: No, I haven't had either of those.

[doctor]: Okay, what about any weakness or joint pain?

[patient]: I've been feeling pretty weak, but no joint pain or swelling.

[doctor]: Alright, let's go over your general health. Do you have any history of infectious or parasitic diseases?

[patient]: Yes, I had Strongyloidiasis about two years ago. It was treated back then.

[doctor]: Thank you for telling me that. I’ll need to review that in the context of your current symptoms. Now, let's take a look at your vitals. Your temperature is 98.6°F, blood pressure is 110/70 mm Hg, heart rate is 72 BPM, and respiratory rate is 16 breaths per minute. 

[patient]: Okay.

[doctor]: You appear underweight and visibly fatigued. Let’s proceed with the physical exam, specifically focusing on your abdomen. Do you feel any tenderness when I press here?

[patient]: Yes, it hurts a lot, especially in the lower abdomen.

[doctor]: I also noticed signs of malnutrition and pallor. Your cardiovascular exam shows a regular rate and rhythm with no murmurs, gallops, or rubs. Your respiratory exam is clear, no wheezes, rales, or rhonchi. 

[patient]: Alright.

[doctor]: Based on your history and current symptoms, I’m concerned about a possible recurrence of Strongyloidiasis or another parasitic infection. We’ll need to wait for the stool sample results to confirm this. We’ll also get some blood work done, including a CBC and a biochemistry panel.

[patient]: Okay, that makes sense.

[doctor]: In the meantime, I'm going to prescribe Albendazole 400 mg as a single dose. You may need to repeat it in two weeks if necessary.

[patient]: Got it.

[doctor]: It's crucial to practice thorough hand washing and boil water before drinking to prevent reinfection. Make sure you complete the medication as prescribed and report any side effects.

[patient]: I will. 

[doctor]: Additionally, it's important to improve your nutritional intake. I understand financial constraints can be an issue, but try to have a balanced diet as much as possible.

[patient]: I'll do my best.

[doctor]: I’m also referring you to a dietitian, Ms. Angela Lee, for nutritional support and dietary modifications.

[patient]: Thank you, that sounds helpful.

[doctor]: We’ll schedule a follow-up appointment in 4 weeks to monitor your symptoms and see how effective the treatment has been.

[patient]: Alright, I understand.

[doctor]: Do you have any questions or concerns about the treatment plan?

[patient]: No, it all seems clear to me.

[doctor]: Excellent. The nurse will help you with the referrals and any other paperwork. Take care, and I’ll see you in four weeks.

[patient]: Thank you, doctor.

[doctor]: You're welcome. Take care."
PERSONAL HISTORY OF OTHER INFECTIOUS AND PARASITIC DISEASES|"ROLE: Infectious Disease Specialist

**1. Medical Outcome:**
   - Diagnosis: Personal history of other infectious and parasitic diseases (ICD-10: Z86.19)
   - Follow-up: Recommended follow-up in 6 months to monitor for any signs of recurrence.
   - Lifestyle Change: Advised on maintaining hygiene and preventive measures, including using protective clothing and bed nets while traveling to endemic regions.

**2. Medical History:**
   - Previous Diagnoses: Dengue fever 2 years ago; Leprosy successfully treated 5 years ago.
   - Family Medical History: Father had leprosy and is also treated.
   - Medication History: Successfully treated with antibiotics for leprosy and supportive care for dengue fever.
   - Allergies: Allergic to sulfa drugs.
   - Chronic Conditions: None.

**3. Symptom Description:**
   - NA (no current symptoms as patient is asymptomatic)

**4. Patient’s self-reported habits and lifestyle:**
   - Sleep: Reports adequate sleep, around 8-9 hours per night.
   - Diet: Vegetarian diet with focus on organic foods.
   - Exercise: Regular exercise, including swimming three times a week.
   - Tobacco Use: Non-smoker.
   - Alcohol Consumption: Occasional, socially about once a month.
   - Drug Use: No recreational drug use.
   - Recreational Activities: Enjoys gardening and participating in community health fairs.

**5. Demographic Information:**
   - Age: 50
   - Gender: Female
   - Ethnicity: Hispanic
   - Socio-economic Status: Upper middle-class
   - Education Level: College graduate
   - Health Literacy: High
   - Job Status: Works as a nurse.

**6. Patient's Behavior:**
   - Cooperation: Highly cooperative and proactive about health.

**7. Geographical Location:**
   - Location: Based in a small coastal city with frequent travel to South American countries for volunteer medical work.
   - Urban setting with well-served healthcare facilities.

**8. Clinical Setting:**
   - Type: Specialty Infectious Disease Clinic

**9. Type of Encounter:**
   - Chronic Disease Management

**10. Treatment Disparities:**
   - None observed.

**11. Native or Non-Native English Speaking Patient:**
   - Non-native English speaker, originally from Brazil but fluent in English.

**12. Physical exams:**
   - General physical exam: Vital signs stable, no notable findings suggestive of current infection.

**13. Investigation/Test results:**
   - Recent blood work and imaging completed:
     - Complete blood count (CBC) is within normal limits.
     - Chest X-ray to monitor for any pulmonary complications, results normal.
     - Stool sample for ova and parasites, results pending."|"#####
**1. Subjective:**

**CHIEF COMPLAINT**
Follow-up for past infectious diseases.

**HISTORY OF PRESENT ILLNESS**
Maria Alvez, a 50-year-old Hispanic female nurse, presents to the Infectious Disease Clinic for a routine follow-up visit regarding her history of infectious diseases. The patient remains asymptomatic and has been proactive about maintaining her health. She has a notable history of dengue fever two years ago and leprosy successfully treated five years ago.

**MEDICAL HISTORY**
- Dengue fever: Resolved 2 years ago.
- Leprosy: Successfully treated 5 years ago.

**SOCIAL HISTORY**
- Occupation: Nurse, frequently travels to South American countries for volunteer medical work.
- Lifestyle: Vegetarian diet, regular exercise (swimming three times a week), non-smoker, occasional alcohol consumption (socially, about once a month).

**ALLERGIES**
- Sulfa drugs.

**FAMILY HISTORY**
- Father had leprosy, successfully treated.

**REVIEW OF SYSTEMS**
- General: Denies fever, chills, fatigue.
- Respiratory: Denies cough, shortness of breath.
- Gastrointestinal: Denies abdominal pain, diarrhea.
- Neurological: Denies headaches, dizziness.

**2. Objective:**

**VITAL SIGNS**
- Blood Pressure: 120/78 mmHg
- Heart Rate: 72 bpm
- Respiratory Rate: 16 breaths per minute
- Temperature: 98.6°F
- Oxygen Saturation: 98% on room air

**PHYSICAL EXAM**
- General: Well-nourished, well-developed, in no acute distress.
- HEENT: Normocephalic, atraumatic.
- Respiratory: Clear to auscultation bilaterally, no wheezes or crackles.
- Cardiovascular: Regular rate and rhythm, no murmurs, rubs, or gallops.
- Abdomen: Soft, non-tender, no hepatosplenomegaly.
- Skin: No rashes, lesions, or signs of recurrence of leprosy.

**INVESTIGATIONS**
- Complete Blood Count (CBC): Within normal limits.
- Chest X-ray: Normal.
- Stool sample for ova and parasites: Results pending.

**3. Assessment:**

Personal history of other infectious and parasitic diseases (ICD-10: Z86.19).

**4. Plan:**

- Continue with routine monitoring for any signs of recurrence of previous infections.
- Advise maintaining high standards of hygiene and preventive measures, especially during travels to endemic regions. This includes using protective clothing and bed nets.
- Schedule the next follow-up appointment in 6 months.
- Await results of stool sample; notify patient if any follow-up is required based on findings.

INSTRUCTIONS:
- Continue with a balanced vegetarian diet and regular exercise routine.
- Remain vigilant about any new symptoms and report them immediately.
- Continue to avoid sulfa drugs due to allergy.
- Maintain regular health check-ups and screenings."|"#####
**1. Subjective:**

**CHIEF COMPLAINT**
Follow-up for past infectious diseases.

**HISTORY OF PRESENT ILLNESS**
Maria Alvez, a 50-year-old Hispanic female nurse, presents to the Infectious Disease Clinic for a routine follow-up visit regarding her history of infectious diseases. The patient remains asymptomatic and has been proactive about maintaining her health. She has a notable history of dengue fever two years ago and leprosy successfully treated five years ago.

**MEDICAL HISTORY**
- Dengue fever: Resolved 2 years ago.
- Leprosy: Successfully treated 5 years ago.

**SOCIAL HISTORY**
- Occupation: Nurse, frequently travels to South American countries for volunteer medical work.
- Lifestyle: Vegetarian diet, regular exercise (swimming three times a week), non-smoker, occasional alcohol consumption (socially, about once a month).

**ALLERGIES**
- Sulfa drugs.

**FAMILY HISTORY**
- Father had leprosy, successfully treated.

**REVIEW OF SYSTEMS**
- General: Denies fever, chills, fatigue.
- Respiratory: Denies cough, shortness of breath.
- Gastrointestinal: Denies abdominal pain, diarrhea.
- Neurological: Denies headaches, dizziness.

**2. Objective:**

**VITAL SIGNS**
- Blood Pressure: 120/78 mmHg
- Heart Rate: 72 bpm
- Respiratory Rate: 16 breaths per minute
- Temperature: 98.6°F
- Oxygen Saturation: 98% on room air

**PHYSICAL EXAM**
- General: Well-nourished, well-developed, in no acute distress.
- HEENT: Normocephalic, atraumatic.
- Respiratory: Clear to auscultation bilaterally, no wheezes or crackles.
- Cardiovascular: Regular rate and rhythm, no murmurs, rubs, or gallops.
- Abdomen: Soft, non-tender, no hepatosplenomegaly.
- Skin: No rashes, lesions, or signs of recurrence of leprosy.

**INVESTIGATIONS**
- Complete Blood Count (CBC): Within normal limits.
- Chest X-ray: Normal.
- Stool sample for ova and parasites: Results pending.

**3. Assessment:**

Personal history of other infectious and parasitic diseases (ICD-10: Z86.19).

**4. Plan:**

- Continue with routine monitoring for any signs of recurrence of previous infections.
- Advise maintaining high standards of hygiene and preventive measures, especially during travels to endemic regions. This includes using protective clothing and bed nets.
- Schedule the next follow-up appointment in 6 months.
- Await results of stool sample; notify patient if any follow-up is required based on findings.

INSTRUCTIONS:
- Continue with a balanced vegetarian diet and regular exercise routine.
- Remain vigilant about any new symptoms and report them immediately.
- Continue to avoid sulfa drugs due to allergy.
- Maintain regular health check-ups and screenings."|"#####
**1. Subjective:**

**CC**
F/U for past ID.

**HPI**
Maria Alvez, a 50 y/o Hispanic F nurse, presents to the ID Clinic for a routine F/U visit regarding her hx of ID. Pt remains asymptomatic and has been proactive about maintaining her health. She has a notable hx of dengue fever 2 yrs ago and leprosy successfully tx'd 5 yrs ago.

**PMH**
- Dengue fever: Resolved 2 yrs ago.
- Leprosy: Successfully tx'd 5 yrs ago.

**SH**
- Occupation: Nurse, frequently travels to South American countries for volunteer medical work.
- Lifestyle: Vegetarian diet, regular exercise (swimming 3x/week), non-smoker, occasional EtOH (socially, about once a month).

**ALL**
- Sulfa drugs.

**FH**
- Father had leprosy, successfully tx'd.

**ROS**
- General: Denies fever, chills, fatigue.
- Respiratory: Denies cough, SOB.
- GI: Denies abdominal pain, diarrhea.
- Neuro: Denies HA, dizziness.

**2. Objective:**

**VS**
- BP: 120/78 mmHg
- HR: 72 bpm
- RR: 16
- Temp: 98.6°F
- O2 Sat: 98% on RA

**PE**
- General: Well-nourished, well-developed, in no acute distress.
- HEENT: NCAT.
- Respiratory: CTA bilaterally, no wheezes or crackles.
- CV: RRR, no murmurs, rubs, or gallops.
- Abd: Soft, non-tender, no HSM.
- Skin: No rashes, lesions, or signs of recurrence of leprosy.

**INV**
- CBC: WNL.
- CXR: Normal.
- Stool sample for O&P: Results pending.

**3. Assessment:**

Personal hx of other infectious and parasitic diseases (ICD-10: Z86.19).

**4. Plan:**

- Continue with routine monitoring for any signs of recurrence of previous infections.
- Advise maintaining high standards of hygiene and preventive measures, especially during travels to endemic regions. This includes using protective clothing and bed nets.
- Schedule the next F/U appointment in 6 months.
- Await results of stool sample; notify pt if any F/U is required based on findings.

INSTRUCTIONS:
- Continue with a balanced vegetarian diet and regular exercise routine.
- Remain vigilant about any new symptoms and report them immediately.
- Continue to avoid sulfa drugs due to allergy.
- Maintain regular health check-ups and screenings."|Infectious Disease Specialist|"**Chief Complaint**

Follow-up for past infectious diseases.

---

**Doctor:** Hi Maria, it's good to see you today. How are you doing?

**Patient:** Hi, Doctor. I'm doing well, thank you. Just here for my routine follow-up.

**Doctor:** Great to hear. So, let's go over your history and make sure everything is on track. Can you remind me about your past infections?

**Patient:** Sure. I had dengue fever two years ago and leprosy about five years ago. Both were treated successfully.

**Doctor:** Excellent. And you're currently asymptomatic, correct?

**Patient:** Yes, I haven't had any symptoms. I feel fine.

**Doctor:** That's good to know. Now, do you have any other medical conditions or concerns that we should be aware of?

**Patient:** No, just those past infections.

**Doctor:** Alright. Could you also tell me about your lifestyle and habits? Any changes?

**Patient:** I'm a nurse, and I frequently travel to South American countries for volunteer medical work. I maintain a vegetarian diet, swim three times a week, and I don't smoke. I drink alcohol occasionally, about once a month, socially.

**Doctor:** Sounds like you're doing a great job taking care of yourself. Any allergies we should be aware of?

**Patient:** Yes, I'm allergic to sulfa drugs.

**Doctor:** Got it. And how about your family history? Any significant illnesses?

**Patient:** My father had leprosy, but he was successfully treated as well.

**Doctor:** Thank you for that information. Now, let's go through a quick review of systems. Have you experienced any fever, chills, or fatigue recently?

**Patient:** No, none of those.

**Doctor:** Any cough or shortness of breath?

**Patient:** No, my respiratory health has been good.

**Doctor:** How about gastrointestinal issues like abdominal pain or diarrhea?

**Patient:** None at all.

**Doctor:** Any headaches or dizziness?

**Patient:** No, I've been clear of those too.

**Doctor:** Excellent. Let's move on to your physical exam. Your vital signs are all within normal limits. Blood pressure is 120/78 mmHg, heart rate is 72 bpm, respiratory rate is 16 breaths per minute, temperature is 98.6°F, and oxygen saturation is 98% on room air.

**Patient:** That's reassuring.

**Doctor:** On your physical exam, you appear well-nourished and well-developed, with no acute distress. Your head, ears, eyes, nose, and throat all look normal. Your lungs are clear to auscultation bilaterally, no wheezes or crackles. Your heart has a regular rate and rhythm with no murmurs, rubs, or gallops. Your abdomen is soft and non-tender with no hepatosplenomegaly. Your skin shows no rashes, lesions, or signs of recurrence of leprosy.

**Patient:** That's great news.

**Doctor:** Your complete blood count is within normal limits, and your chest X-ray is normal. We're still waiting on the results of your stool sample for ova and parasites.

**Patient:** Okay, I'll keep an eye out for those results.

**Doctor:** Based on everything we've reviewed, you're in good shape. We'll continue with routine monitoring for any signs of recurrence of your previous infections. I'll also advise you to maintain high standards of hygiene and preventive measures, especially during your travels to endemic regions. This includes using protective clothing and bed nets.

**Patient:** I always try to be very cautious.

**Doctor:** That's excellent. Let's schedule your next follow-up appointment in six months. We'll notify you if any follow-up is required based on the stool sample findings.

**Patient:** Sounds good, Doctor.

**Doctor:** In the meantime, continue with your balanced vegetarian diet and regular exercise routine. Remain vigilant about any new symptoms and report them immediately. And of course, continue to avoid sulfa drugs due to your allergy.

**Patient:** Will do. Thanks for the thorough check-up.

**Doctor:** My pleasure, Maria. Keep up the good work with your health and we'll see you in six months. Take care!

**Patient:** Thank you, Doctor. You too.

---

**Doctor:** Hello Maria, anything else you want to discuss today?

**Patient:** No, I think that covers everything. Thank you.

**Doctor:** You're welcome. Have a great day!

**Patient:** Thanks, you too."|"[doctor]: Hi Maria, it's good to see you today. How are you doing?

[patient]: Hi, Doctor. I'm doing well, thank you. Just here for my routine follow-up.

[doctor]: Great to hear. So, let's go over your history and make sure everything is on track. Can you remind me about your past infections?

[patient]: Sure. I had dengue fever two years ago and leprosy about five years ago. Both were treated successfully.

[doctor]: Excellent. And you're currently asymptomatic, correct?

[patient]: Yes, I haven't had any symptoms. I feel fine.

[doctor]: That's good to know. Now, do you have any other medical conditions or concerns that we should be aware of?

[patient]: No, just those past infections.

[doctor]: Alright. Could you also tell me about your lifestyle and habits? Any changes?

[patient]: I'm a nurse, and I frequently travel to South American countries for volunteer medical work. I maintain a vegetarian diet, swim three times a week, and I don't smoke. I drink alcohol occasionally, about once a month, socially.

[doctor]: Sounds like you're doing a great job taking care of yourself. Any allergies we should be aware of?

[patient]: Yes, I'm allergic to sulfa drugs.

[doctor]: Got it. And how about your family history? Any significant illnesses?

[patient]: My father had leprosy, but he was successfully treated as well.

[doctor]: Thank you for that information. Now, let's go through a quick review of systems. Have you experienced any fever, chills, or fatigue recently?

[patient]: No, none of those.

[doctor]: Any cough or shortness of breath?

[patient]: No, my respiratory health has been good.

[doctor]: How about gastrointestinal issues like abdominal pain or diarrhea?

[patient]: None at all.

[doctor]: Any headaches or dizziness?

[patient]: No, I've been clear of those too.

[doctor]: Excellent. Let's move on to your physical exam. Your vital signs are all within normal limits. Blood pressure is 120/78 mmHg, heart rate is 72 bpm, respiratory rate is 16 breaths per minute, temperature is 98.6°F, and oxygen saturation is 98% on room air.

[patient]: That's reassuring.

[doctor]: On your physical exam, you appear well-nourished and well-developed, with no acute distress. Your head, ears, eyes, nose, and throat all look normal. Your lungs are clear to auscultation bilaterally, no wheezes or crackles. Your heart has a regular rate and rhythm with no murmurs, rubs, or gallops. Your abdomen is soft and non-tender with no hepatosplenomegaly. Your skin shows no rashes, lesions, or signs of recurrence of leprosy.

[patient]: That's great news.

[doctor]: Your complete blood count is within normal limits, and your chest X-ray is normal. We're still waiting on the results of your stool sample for ova and parasites.

[patient]: Okay, I'll keep an eye out for those results.

[doctor]: Based on everything we've reviewed, you're in good shape. We'll continue with routine monitoring for any signs of recurrence of your previous infections. I'll also advise you to maintain high standards of hygiene and preventive measures, especially during your travels to endemic regions. This includes using protective clothing and bed nets.

[patient]: I always try to be very cautious.

[doctor]: That's excellent. Let's schedule your next follow-up appointment in six months. We'll notify you if any follow-up is required based on the stool sample findings.

[patient]: Sounds good, Doctor.

[doctor]: In the meantime, continue with your balanced vegetarian diet and regular exercise routine. Remain vigilant about any new symptoms and report them immediately. And of course, continue to avoid sulfa drugs due to your allergy.

[patient]: Will do. Thanks for the thorough check-up.

[doctor]: My pleasure, Maria. Keep up the good work with your health and we'll see you in six months. Take care!

[patient]: Thank you, Doctor. You too.

[doctor]: Hello Maria, anything else you want to discuss today?

[patient]: No, I think that covers everything. Thank you.

[doctor]: You're welcome. Have a great day!

[patient]: Thanks, you too."
PERSONAL HISTORY OF OTHER INFECTIOUS AND PARASITIC DISEASES|"ROLE: Family Medicine Physician

- Medical Outcome: 
  - Referral for further specialist consultation to Dr. Angela Roberts in Infectious Diseases for thorough evaluation and management.
  - Follow-up Recommendations: Patient to return to primary care in 4 weeks for review of the specialist's findings and ongoing symptom management.
  - Blood Work: Order for CBC (Complete Blood Count), Immunology (HIV, Hepatitis B and C serologies), Biochemistry (Liver Function Tests, Kidney Function Tests).
  - Medication: Continue current medications. No new medication prescribed at this visit.

- Medical History: 
  - Previous Diagnoses: History of malaria (recovering), recurrent tuberculosis (currently inactive).
  - Family Medical History: Mother with diabetes mellitus type 2; Father with a history of hypertension.
  - Medication History: Current medications include chloroquine 500 mg, oral, once daily for malaria (course to end in 5 days); Isoniazid 300 mg, oral, once daily for tuberculosis.
  - Allergies: None known.
  - Chronic Conditions: None reported.

- Symptom Description: 
  - Symptoms: Mild intermittent fever, fatigue, weight loss of 5 lbs in last month.
  - Severity: Moderate.
  - Duration: 1 month.
  - Associated Symptoms: Occasional night sweats, chronic cough.
  - Frequency: Fever occurs 3-4 times per week.
  - Impact on Daily Activities: Difficulty maintaining usual activity level, reduced work efficiency.

- Patient’s self-reported habits and lifestyle: 
  - Sleep: Poor quality sleep, waking frequently.
  - Diet: Balanced diet but reduced appetite recently.
  - Exercise: Limited due to fatigue.
  - Tobacco Use: Non-smoker.
  - Alcohol Consumption: Occasionally, socially.
  - Drug Use: Denies any illicit drug use.
  - Recreational Activities: Enjoys reading and light gardening.

- Demographic Information: 
  - Age: 45
  - Gender: Male
  - Ethnicity: African American
  - Socio-economic Status: Middle class
  - Education Level: College graduate
  - Health Literacy: Adequate
  - Job Status: Full-time office worker

- Patient's Behavior: 
  - Patient expresses concern and willingness to follow medical recommendations.

- Geographical Location: 
  - Big city, Urban area
  - Well-served by Transit
  - Affluent neighborhood 

- Clinical Setting: 
  - Private Practice

- Type of Encounter: 
  - Follow-up visit

- Treatment Disparities: 
  - None identified.

- Native or Non-Native English Speaking Patient: 
  - Native English Speaker

- Physical exams:
  - General: Pale but no acute distress.
  - HEENT: No lymphadenopathy.
  - Respiratory: Lungs clear to auscultation.
  - Cardiovascular: Regular rhythm, no murmurs.
  - Abdomen: Soft, non-tender, no organomegaly.
  - Skin: No rashes or lesions.

- Investigation/Test results:
  - Awaiting CBC, Liver Function Tests, Kidney Function Tests, HIV, Hepatitis B and C serologies results.

"|"#####
**Subjective:**

**Chief Complaint (CC):**
Follow-up for management of mild intermittent fever, fatigue, and weight loss.

**History of Present Illness (HPI):**
The patient is a 45-year-old African American male presenting for follow-up. He reports experiencing mild intermittent fever (3-4 times per week), fatigue, weight loss of 5 lbs in the last month, occasional night sweats, and a chronic cough. These symptoms have persisted for one month and are impacting his daily activities, including reduced work efficiency. The patient is recovering from malaria and has a history of recurrent tuberculosis, which is currently inactive. 

**Review of Systems (ROS):**
- **General:** Reports fatigue, occasional night sweats, weight loss of 5 lbs in the last month.
- **HEENT:** No complaints of lymphadenopathy.
- **Respiratory:** Chronic cough, but no shortness of breath or wheezing.
- **Cardiovascular:** No chest pain, palpitations, or edema.
- **Gastrointestinal:** Reduced appetite, no abdominal pain, nausea, or vomiting.
- **Musculoskeletal:** No joint pain or swelling.
- **Skin:** No rashes or lesions.
- **Neurological:** No headaches, dizziness, or seizures.

**Objective:**

**Vital Signs:**
- Temperature: 99.1°F
- Blood Pressure: 120/80 mmHg
- Heart Rate: 78 bpm
- Respiratory Rate: 16/min

**Physical Exam:**
- **General:** Pale but no acute distress.
- **HEENT:** No lymphadenopathy observed.
- **Respiratory:** Lungs clear to auscultation bilaterally.
- **Cardiovascular:** Regular rhythm, no murmurs, gallops, or rubs.
- **Abdomen:** Soft, non-tender, no organomegaly.
- **Skin:** No rashes or lesions. 
- **Neurological:** Non-focal.

**Laboratory Results:**
Awaiting CBC, Liver Function Tests, Kidney Function Tests, HIV, Hepatitis B and C serologies.

**Assessment:**
1. Mild intermittent fever, fatigue, weight loss, and chronic cough in a patient with a history of malaria (recovering) and recurrent tuberculosis (inactive).
2. Possible underlying infectious process or other systemic etiology (e.g., chronic infection, immunological disorder).
3. Stable on current medications (chloroquine for malaria and isoniazid for tuberculosis).

**Plan:**
1. **Specialist Referral:**
   - Referral to Dr. Angela Roberts in Infectious Diseases for thorough evaluation and management.
2. **Follow-up:** 
   - Patient to return to primary care in 4 weeks for review of the specialist's findings and ongoing symptom management.
3. **Laboratory Tests:**
   - Order CBC (Complete Blood Count), Immunology (HIV, Hepatitis B and C serologies), Biochemistry (Liver Function Tests, Kidney Function Tests).
4. **Medications:**
   - Continue current medications: chloroquine 500 mg oral once daily (course to end in 5 days) and isoniazid 300 mg oral once daily.
5. **Lifestyle and Symptom Management:**
   - Encourage balanced diet and hydration.
   - Recommend strategies for improving sleep quality.
   - Suggest light exercise as tolerated, such as walking or light gardening.
6. **Patient Education:**
   - Discuss the importance of following up with the infectious disease specialist.
   - Advise monitoring for any new or worsening symptoms and report them promptly.

The patient understands and agrees with the recommended medical treatment plan.

**Instructions:**
- Complete and follow up on laboratory tests.
- Schedule an appointment with Dr. Angela Roberts in Infectious Diseases.
- Return to primary care in 4 weeks for ongoing management. 
- Contact the clinic with any questions or new symptoms.

#####"|"**Subjective:**

**Chief Complaint (CC):**
Follow-up for management of mild intermittent fever, fatigue, and weight loss.

**History of Present Illness (HPI):**
The patient is a 45-year-old African American male presenting for follow-up. He reports experiencing mild intermittent fever (3-4 times per week), fatigue, weight loss of 5 lbs in the last month, occasional night sweats, and a chronic cough. These symptoms have persisted for one month and are impacting his daily activities, including reduced work efficiency. The patient is recovering from malaria and has a history of recurrent tuberculosis, which is currently inactive. 

**Review of Systems (ROS):**
- **General:** Reports fatigue, occasional night sweats, weight loss of 5 lbs in the last month.
- **HEENT:** No complaints of lymphadenopathy.
- **Respiratory:** Chronic cough, but no shortness of breath or wheezing.
- **Cardiovascular:** No chest pain, palpitations, or edema.
- **Gastrointestinal:** Reduced appetite, no abdominal pain, nausea, or vomiting.
- **Musculoskeletal:** No joint pain or swelling.
- **Skin:** No rashes or lesions.
- **Neurological:** No headaches, dizziness, or seizures.

**Objective:**

**Vital Signs:**
- Temperature: 99.1°F
- Blood Pressure: 120/80 mmHg
- Heart Rate: 78 bpm
- Respiratory Rate: 16/min

**Physical Exam:**
- **General:** Pale but no acute distress.
- **HEENT:** No lymphadenopathy observed.
- **Respiratory:** Lungs clear to auscultation bilaterally.
- **Cardiovascular:** Regular rhythm, no murmurs, gallops, or rubs.
- **Abdomen:** Soft, non-tender, no organomegaly.
- **Skin:** No rashes or lesions. 
- **Neurological:** Non-focal.

**Assessment:**
1. Mild intermittent fever, fatigue, weight loss, and chronic cough in a patient with a history of malaria (recovering) and recurrent tuberculosis (inactive).
2. Possible underlying infectious process or other systemic etiology (e.g., chronic infection, immunological disorder).
3. Stable on current medications (chloroquine for malaria and isoniazid for tuberculosis).

**Plan:**
1. **Specialist Referral:**
   - Referral to Dr. Angela Roberts in Infectious Diseases for thorough evaluation and management.
2. **Follow-up:** 
   - Patient to return to primary care in 4 weeks for review of the specialist's findings and ongoing symptom management.
3. **Laboratory Tests:**
   - Order CBC (Complete Blood Count), Immunology (HIV, Hepatitis B and C serologies), Biochemistry (Liver Function Tests, Kidney Function Tests).
4. **Medications:**
   - Continue current medications: chloroquine 500 mg oral once daily (course to end in 5 days) and isoniazid 300 mg oral once daily.
5. **Lifestyle and Symptom Management:**
   - Encourage balanced diet and hydration.
   - Recommend strategies for improving sleep quality.
   - Suggest light exercise as tolerated, such as walking or light gardening.
6. **Patient Education:**
   - Discuss the importance of following up with the infectious disease specialist.
   - Advise monitoring for any new or worsening symptoms and report them promptly."|"**Subjective:**

**CC:**
F/U for mgmt of mild intermittent fever, fatigue, and weight loss.

**HPI:**
The pt is a 45 y/o AA male presenting for F/U. He reports experiencing mild intermittent fever (3-4x/wk), fatigue, weight loss of 5 lbs in the last month, occasional night sweats, and a chronic cough. These sx have persisted for one month and are impacting his ADLs, including reduced work efficiency. The pt is recovering from malaria and has a hx of recurrent TB, which is currently inactive.

**ROS:**
- **General:** Reports fatigue, occasional night sweats, weight loss of 5 lbs in the last month.
- **HEENT:** No complaints of LAD.
- **Respiratory:** Chronic cough, but no SOB or wheezing.
- **CV:** No CP, palpitations, or edema.
- **GI:** Reduced appetite, no abdominal pain, N/V.
- **MSK:** No joint pain or swelling.
- **Skin:** No rashes or lesions.
- **Neuro:** No HA, dizziness, or seizures.

**Objective:**

**VS:**
- Temp: 99.1°F
- BP: 120/80 mmHg
- HR: 78 bpm
- RR: 16/min

**PE:**
- **General:** Pale but no acute distress.
- **HEENT:** No LAD observed.
- **Resp:** Lungs clear to auscultation bilaterally.
- **CV:** Regular rhythm, no murmurs, gallops, or rubs.
- **Abd:** Soft, non-tender, no organomegaly.
- **Skin:** No rashes or lesions.
- **Neuro:** Non-focal.

**Assessment:**
1. Mild intermittent fever, fatigue, weight loss, and chronic cough in a pt with a hx of malaria (recovering) and recurrent TB (inactive).
2. Possible underlying infectious process or other systemic etiology (e.g., chronic infection, immunological disorder).
3. Stable on current meds (chloroquine for malaria and INH for TB).

**Plan:**
1. **Specialist Referral:**
   - Referral to Dr. Angela Roberts in ID for thorough eval and mgmt.
2. **F/U:** 
   - Pt to return to PCP in 4 wks for review of the specialist's findings and ongoing sx mgmt.
3. **Labs:**
   - Order CBC, Immunology (HIV, Hep B and C serologies), Biochem (LFTs, KFTs).
4. **Meds:**
   - Continue current meds: chloroquine 500 mg PO QD (course to end in 5 days) and INH 300 mg PO QD.
5. **Lifestyle and Sx Mgmt:**
   - Encourage balanced diet and hydration.
   - Recommend strategies for improving sleep quality.
   - Suggest light exercise as tolerated, such as walking or light gardening.
6. **Pt Education:**
   - Discuss the importance of following up with the ID specialist.
   - Advise monitoring for any new or worsening sx and report them promptly."|Family Medicine Physician|"[Doctor] Hi, how are you today?

[Patient] Hello, doctor. I'm doing okay, I guess.

[Doctor] I see you're here for a follow-up. How have you been feeling since your last visit?

[Patient] Well, I've been having this mild fever on and off, about 3 to 4 times a week. I've also been feeling really tired and have lost some weight. 

[Doctor] I'm sorry to hear that. How much weight have you lost?

[Patient] I've lost about 5 pounds in the last month.

[Doctor] I see. Have you experienced any other symptoms?

[Patient] Yes, I've had occasional night sweats and this chronic cough that just won't go away. 

[Doctor] How long have these symptoms been going on?

[Patient] About a month now. It's really affecting my daily activities. I can't work as efficiently as I used to.

[Doctor] I understand. Do you recall when the cough started? Was it before or after the fever and fatigue?

[Patient] The cough started around the same time as the fever and fatigue, maybe a little before.

[Doctor] Do you have any shortness of breath or wheezing associated with the cough?

[Patient] No, no shortness of breath or wheezing.

[Doctor] How's your appetite been?

[Patient] It's been reduced. I don't feel like eating much these days.

[Doctor] Have you experienced any abdominal pain, nausea, or vomiting?

[Patient] No, none of that.

[Doctor] Any joint pain or swelling?

[Patient] No, my joints are fine.

[Doctor] How about any rashes or lesions on your skin?

[Patient] No rashes or lesions.

[Doctor] Have you had any headaches, dizziness, or seizures?

[Patient] No, none of those either.

[Doctor] Alright, let's talk about your medical history. I see you’re recovering from malaria. How has that been going?

[Patient] It's been okay, I think. I'm still taking the chloroquine.

[Doctor] And you have a history of recurrent tuberculosis. Is that correct?

[Patient] Yes, but it's currently inactive.

[Doctor] Alright. Can you give me your medical history records?

[Patient] Here you are.

[Doctor] Based on your medical history record, I see you’re on chloroquine for malaria and isoniazid for tuberculosis. Is that correct?

[Patient] Yes, that's right.

[Doctor] Okay, let's do a quick examination. Your temperature is 99.1°F, blood pressure is 120/80 mmHg, heart rate is 78 bpm, and respiratory rate is 16/min. 

[Patient] Okay.

[Doctor] Let me listen to your heart and lungs. Take a deep breath in and out for me, please.

[Patient] *breathes deeply*

[Doctor] Your lungs are clear to auscultation bilaterally, and your heart rhythm is regular with no murmurs, gallops, or rubs. 

[Patient] That's good to hear.

[Doctor] Your abdomen is soft and non-tender with no organomegaly, and your skin shows no rashes or lesions. Neurologically, you’re non-focal.

[Patient] Okay.

[Doctor] I’m going to order some lab tests to get a clearer picture. We’ll do a CBC, liver function tests, kidney function tests, and check for HIV and Hepatitis B and C serologies.

[Patient] Alright.

[Doctor] I’d also like to refer you to Dr. Angela Roberts in Infectious Diseases for a thorough evaluation and management.

[Patient] Sounds good.

[Doctor] You should continue your current medications: chloroquine 500 mg once daily for the next 5 days and isoniazid 300 mg once daily.

[Patient] Okay.

[Doctor] Make sure to maintain a balanced diet and stay hydrated. Also, try to improve your sleep quality and engage in light exercise, like walking or light gardening, as tolerated.

[Patient] I’ll try my best.

[Doctor] It's important to follow up with the infectious disease specialist. Monitor for any new or worsening symptoms and report them promptly.

[Patient] I will.

[Doctor] We’ll schedule a follow-up appointment in 4 weeks to review the specialist's findings and manage your symptoms.

[Patient] Okay, I’ll make sure to come back.

[Doctor] If you have any questions or new symptoms, don’t hesitate to contact the clinic.

[Patient] Got it, thank you, doctor.

[Doctor] Thank you. Take care and see you in 4 weeks.

[Patient] Thanks, doctor. Bye.

[Doctor] Bye."|"[Doctor] Hi, how are you today?

[Patient] Hello, doctor. I'm doing okay, I guess.

[Doctor] I see you're here for a follow-up. How have you been feeling since your last visit?

[Patient] Well, I've been having this mild fever on and off, about 3 to 4 times a week. I've also been feeling really tired and have lost some weight.

[Doctor] Hmm, I’m sorry to hear that. How much weight have you lost?

[Patient] I've lost about 5 pounds in the last month.

[Doctor] I see. Have you experienced any other symptoms?

[Patient] Yes, I've had occasional night sweats and this chronic cough that just won't go away.

[Doctor] How long have these symptoms been going on?

[Patient] About a month now. It's really affecting my daily activities. I can't work as efficiently as I used to.

[Doctor] I understand. Do you recall when the cough started? Was it before or after the fever and fatigue?

[Patient] The cough started around the same time as the fever and fatigue, maybe a little before.

[Doctor] Do you have any shortness of breath or wheezing associated with the cough?

[Patient] No, no shortness of breath or wheezing.

[Doctor] How's your appetite been?

[Patient] It's been reduced. I don't feel like eating much these days.

[Doctor] Have you experienced any abdominal pain, nausea, or vomiting?

[Patient] No, none of that.

[Doctor] Any joint pain or swelling?

[Patient] No, my joints are fine.

[Doctor] How about any rashes or lesions on your skin?

[Patient] No rashes or lesions.

[Doctor] Have you had any headaches, dizziness, or seizures?

[Patient] No, none of those either.

[Doctor] Alright, let's talk about your medical history. I see you’re recovering from malaria. How has that been going?

[Patient] It's been okay, I think. I'm still taking the chloroquine.

[Doctor] And you have a history of recurrent tuberculosis. Is that correct?

[Patient] Yes, but it's currently inactive.

[Doctor] Okay, thanks for the update. Based on your medical history, I see you’re on chloroquine for malaria and isoniazid for tuberculosis. Is that correct?

[Patient] Yes, that's right.

[Doctor] Alright, let's do a quick examination. Your temperature is 99.1°F, blood pressure is 120/80 mmHg, heart rate is 78 bpm, and respiratory rate is 16/min.

[Patient] Okay.

[Doctor] Let me listen to your heart and lungs. Take a deep breath in and out for me, please.

[Patient] *breathes deeply*

[Doctor] Your lungs are clear to auscultation bilaterally, and your heart rhythm is regular with no murmurs, gallops, or rubs.

[Patient] That's good to hear.

[Doctor] Your abdomen is soft and non-tender with no organomegaly, and your skin shows no rashes or lesions. Neurologically, you’re non-focal.

[Patient] Okay.

[Doctor] I’m going to order some lab tests to get a clearer picture. We’ll do a CBC, liver function tests, kidney function tests, and check for HIV and Hepatitis B and C serologies.

[Patient] Alright.

[Doctor] I’d also like to refer you to Dr. Angela Roberts in Infectious Diseases for a thorough evaluation and management.

[Patient] Sounds good.

[Doctor] You should continue your current medications: chloroquine 500 mg once daily for the next 5 days and isoniazid 300 mg once daily.

[Patient] Okay.

[Doctor] Make sure to maintain a balanced diet and stay hydrated. Also, try to improve your sleep quality and engage in light exercise, like walking or light gardening, as tolerated.

[Patient] I’ll try my best.

[Doctor] It's important to follow up with the infectious disease specialist. Monitor for any new or worsening symptoms and report them promptly.

[Patient] I will.

[Doctor] We’ll schedule a follow-up appointment in 4 weeks to review the specialist's findings and manage your symptoms.

[Patient] Okay, I’ll make sure to come back.

[Doctor] If you have any questions or new symptoms, don’t hesitate to contact the clinic.

[Patient] Got it, thank you, doctor.

[Doctor] Thank you. Take care and see you in 4 weeks.

[Patient] Thanks, doctor. Bye.

[Doctor] Bye."
PERSONAL HISTORY OF OTHER INFECTIOUS AND PARASITIC DISEASES|"ROLE: Family Medicine Physician

- Medical Outcome: 
  - Follow-up recommendations: Return in 4 weeks to monitor condition.
  - Referrals: Referral to Infectious Disease Specialist, Dr. Smith, for ongoing management and evaluation of any recurrent or persistent symptoms.
  - Blood work: Complete Blood Count (CBC) for Hematology, Biochemistry panel, and specific tests for antibodies and markers related to previous infections.
  - Lifestyle recommendations: Emphasize the importance of hygiene and safe practices, avoiding areas with high infection risk.

- Medical History: 
  - Previous Diagnoses: Treated for malaria 2 years ago, typhoid fever 6 months ago.
  - Medication History: Completed prescribed courses of anti-malarials and antibiotics for typhoid.
  - Allergies: None.
  - Chronic Conditions: None reported.

- Symptom Description:
  - Severity: Mild fatigue and occasional mild fever.
  - Duration: Symptoms lasting intermittently over the past 3 months.
  - Associated Symptoms: Occasional headaches, mild joint pain.
  - Frequency: Symptoms occur once or twice a week.
  - Impact on Daily Activities: Slight impact on daily routine, work, and recreational activities.

- Patient’s self-reported habits and lifestyle: 
  - Sleep: Reports 7 hours of sleep per night.
  - Diet: Balanced diet including fruits, vegetables, and proteins, with occasional consumption of fast food.
  - Exercise: Moderate exercise regime, including walking and cycling.
  - Tobacco Use: None.
  - Alcohol Consumption: Occasional social drinking, 1-2 glasses of wine per week.
  - Drug Use: None.
  - Recreational Activities: Enjoys gardening and hiking.

- Demographic Information: 
  - Age: 45
  - Gender: Male
  - Ethnicity: Hispanic
  - Socio-economic Status: Middle class
  - Education Level: High school graduate
  - Health Literacy: Average understanding of health-related issues.
  - Job Status: Full-time employment as a warehouse manager.

- Patient's Behavior: Generally compliant with medical advice, has shown good adherence to past medication regimes.

- Geographical Location: 
  - Big City vs Small City: Resides in a small city.
  - Rural vs Urban: Lives on the outskirts, semi-rural area.
  - Pollution and Environmental Health Risks: Moderate risk due to occasional industrial emissions.
  - Neighborhood Type: Middle-income neighborhood with adequate access to healthcare.

- Clinical Setting: Primary Care Clinic

- Type of Encounter: Follow-up

- Treatment Disparities: None noted. Patient has health insurance and can afford prescribed treatments.

- Native or Non-Native English Speaking Patient: Non-Native English Speaking Patient; primarily Spanish-speaking, with some understanding of English.

- Physical exams: 
  - Vital Signs: Blood pressure 120/80 mmHg, heart rate 72 bpm, temperature 99°F.
  - Heart: Regular rate and rhythm, no murmurs.
  - Lungs: Clear to auscultation bilaterally.
  - Abdomen: Soft, non-tender, no hepatosplenomegaly.
  - Musculoskeletal: No joint swelling, mild tenderness in knee joints.

- Investigation/Test results: 
  - Awaiting: Blood work results for CBC, biochemistry panel, and infectious disease markers.
"|"#####
1. Subjective:
   - Chief Complaint (CC): Follow-up for intermittent mild fatigue and fever.
   - History of Present Illness (HPI): 
     - The patient is a 45-year-old Hispanic male presenting for a follow-up visit. He reports mild fatigue and occasional mild fever, lasting over the past 3 months. Symptoms occur once or twice a week and are associated with occasional headaches and mild joint pain. There is a slight impact on his daily routine, work, and recreational activities.
   - Review of Systems (ROS):
     - Constitutional: Reports mild fatigue and occasional mild fever.
     - Neurological: Reports occasional headaches.
     - Musculoskeletal: Reports mild joint pain with no swelling.
     - Respiratory: Denies shortness of breath.
     - Cardiovascular: Denies chest pain.
     - Gastrointestinal: Denies nausea, vomiting, or diarrhea.
     - Genitourinary: Denies dysuria or hematuria.

2. Objective:
   - Vital Signs: 
     - Blood pressure: 120/80 mmHg
     - Heart rate: 72 bpm
     - Temperature: 99°F
   - Physical Exam:
     - Heart: Regular rate and rhythm, no murmurs.
     - Lungs: Clear to auscultation bilaterally.
     - Abdomen: Soft, non-tender, no hepatosplenomegaly.
     - Musculoskeletal: No joint swelling, but mild tenderness in knee joints.

3. Assessment:
   - The patient has a history of treated malaria (2 years ago) and typhoid fever (6 months ago). Currently presenting with intermittent mild fatigue, fever, headaches, and joint pain. Differential diagnosis includes possible post-infectious sequelae or a new underlying infectious or inflammatory process. Awaiting blood work results for further evaluation.

4. Plan:
   - Follow-up Recommendations: Return in 4 weeks to monitor condition and review lab results.
   - Referrals: Referral to Infectious Disease Specialist, Dr. Smith, for ongoing management and evaluation of any recurrent or persistent symptoms.
   - Blood Work: Complete Blood Count (CBC) for Hematology, Biochemistry panel, and specific tests for antibodies and markers related to previous infections.
   - Lifestyle Recommendations: 
     - Emphasize the importance of hygiene and safe practices.
     - Advise avoiding areas with high infection risk.
   - Patient Education:
     - Explained the potential reasons for the symptoms and the importance of follow-up.
     - Encouraged continued adherence to a balanced diet, regular exercise, and adequate sleep.
     - Advised moderation in alcohol consumption and maintaining hydration.

Patient Agreements: The patient understands and agrees with the recommended medical treatment plan.
#####"|"#####
1. Subjective:
   - Chief Complaint (CC): Follow-up for intermittent mild fatigue and fever.
   - History of Present Illness (HPI): 
     - The patient is a 45-year-old Hispanic male presenting for a follow-up visit. He reports mild fatigue and occasional mild fever, lasting over the past 3 months. Symptoms occur once or twice a week and are associated with occasional headaches and mild joint pain. There is a slight impact on his daily routine, work, and recreational activities.
   - Review of Systems (ROS):
     - Constitutional: Reports mild fatigue and occasional mild fever.
     - Neurological: Reports occasional headaches.
     - Musculoskeletal: Reports mild joint pain with no swelling.
     - Respiratory: Denies shortness of breath.
     - Cardiovascular: Denies chest pain.
     - Gastrointestinal: Denies nausea, vomiting, or diarrhea.
     - Genitourinary: Denies dysuria or hematuria.

2. Objective:
   - Vital Signs: 
     - Blood pressure: 120/80 mmHg
     - Heart rate: 72 bpm
     - Temperature: 99°F
   - Physical Exam:
     - Heart: Regular rate and rhythm, no murmurs.
     - Lungs: Clear to auscultation bilaterally.
     - Abdomen: Soft, non-tender, no hepatosplenomegaly.
     - Musculoskeletal: No joint swelling, but mild tenderness in knee joints.

3. Assessment:
   - The patient has a history of treated malaria (2 years ago) and typhoid fever (6 months ago). Currently presenting with intermittent mild fatigue, fever, headaches, and joint pain. Differential diagnosis includes possible post-infectious sequelae or a new underlying infectious or inflammatory process. Awaiting blood work results for further evaluation.

4. Plan:
   - Follow-up Recommendations: Return in 4 weeks to monitor condition and review lab results.
   - Referrals: Referral to Infectious Disease Specialist, Dr. Smith, for ongoing management and evaluation of any recurrent or persistent symptoms.
   - Blood Work: Complete Blood Count (CBC) for Hematology, Biochemistry panel, and specific tests for antibodies and markers related to previous infections.
   - Lifestyle Recommendations: 
     - Emphasize the importance of hygiene and safe practices.
     - Advise avoiding areas with high infection risk.
   - Patient Education:
     - Explained the potential reasons for the symptoms and the importance of follow-up.
     - Encouraged continued adherence to a balanced diet, regular exercise, and adequate sleep.
     - Advised moderation in alcohol consumption and maintaining hydration.

Patient Agreements: The patient understands and agrees with the recommended medical treatment plan.
#####"|"#####
1. Subjective:
   - CC: F/U for intermittent mild fatigue and fever.
   - HPI:
     - The pt is a 45 y/o Hispanic male presenting for a F/U visit. He reports mild fatigue and occasional mild fever, lasting over the past 3 mos. Sx occur 1-2x/week and are assoc. with occasional HAs and mild joint pain. There is a slight impact on his ADLs, work, and recreational activities.
   - ROS:
     - Constitutional: Reports mild fatigue and occasional mild fever.
     - Neuro: Reports occasional HAs.
     - MSK: Reports mild joint pain with no swelling.
     - Resp: Denies SOB.
     - CV: Denies CP.
     - GI: Denies N/V/D.
     - GU: Denies dysuria or hematuria.

2. Objective:
   - Vitals:
     - BP: 120/80 mmHg
     - HR: 72 bpm
     - Temp: 99°F
   - PE:
     - Heart: RRR, no murmurs.
     - Lungs: CTA bilat.
     - Abd: Soft, non-tender, no HSM.
     - MSK: No joint swelling, but mild tenderness in knee joints.

3. Assessment:
   - The pt has a hx of treated malaria (2 yrs ago) and typhoid fever (6 mos ago). Currently presenting with intermittent mild fatigue, fever, HAs, and joint pain. DDx includes possible post-infectious sequelae or a new underlying infectious or inflammatory process. Awaiting blood work results for further eval.

4. Plan:
   - F/U Recommendations: Return in 4 wks to monitor condition and review lab results.
   - Referrals: Referral to ID Specialist, Dr. Smith, for ongoing mgmt and eval of any recurrent or persistent Sx.
   - Blood Work: CBC for Hematology, Biochem panel, and specific tests for Abs and markers related to previous infections.
   - Lifestyle Recommendations:
     - Emphasize the importance of hygiene and safe practices.
     - Advise avoiding areas with high infection risk.
   - Pt Education:
     - Explained the potential reasons for the Sx and the importance of F/U.
     - Encouraged continued adherence to a balanced diet, regular exercise, and adequate sleep.
     - Advised moderation in EtOH consumption and maintaining hydration.

Pt Agreements: The pt understands and agrees with the recommended medical Tx plan.
#####"|Family Medicine Physician|"[doctor] Hi there, how are you doing today?

[patient] Hi, I'm doing alright, thanks. Just here for my follow-up.

[doctor] Great, I see you're here for a follow-up regarding some intermittent mild fatigue and fever. Can you tell me a bit more about what’s been going on?

[patient] Sure, it's been about three months now. I get mild fatigue and sometimes a mild fever, usually once or twice a week.

[doctor] And these symptoms, do they impact your daily routine much?

[patient] A little bit, yes. It does affect my work and recreational activities sometimes.

[doctor] I understand. You also mentioned occasional headaches and mild joint pain. How often are those occurring?

[patient] The headaches and joint pain come and go, maybe once a week or so.

[doctor] Okay. Have you noticed any swelling in your joints?

[patient] No, no swelling, just the pain.

[doctor] Alright. Any other symptoms like shortness of breath or chest pain?

[patient] No, none of that.

[doctor] How about any gastrointestinal issues? Any nausea, vomiting, or diarrhea?

[patient] No, my stomach has been fine.

[doctor] And any problems with urination? Pain or blood in your urine?

[patient] No, none of that either.

[doctor] Okay, that's good to know. Let's take a look at your vital signs. Your blood pressure is 120/80 mmHg, heart rate is 72 bpm, and your temperature is 99°F. Those all look pretty normal.

[patient] That’s good to hear.

[doctor] I'm going to listen to your heart and lungs now. Your heart has a regular rate and rhythm with no murmurs. Your lungs are clear to auscultation bilaterally.

[patient] Okay.

[doctor] Now, I'll check your abdomen. It feels soft and non-tender, and there's no hepatosplenomegaly, which means your liver and spleen feel normal. 

[patient] Alright.

[doctor] Lastly, let's check your joints. I don’t see any swelling, but there is some mild tenderness in your knee joints. 

[patient] Yeah, the knees have been bothering me a bit.

[doctor] I see. You mentioned you have a history of malaria and typhoid fever. You had malaria two years ago and typhoid fever six months ago, correct?

[patient] Yes, that’s right.

[doctor] Given your symptoms and medical history, we need to consider a few possibilities. It could be post-infectious sequelae from your previous illnesses, or it could be a new underlying infectious or inflammatory process.

[patient] Okay.

[doctor] We're waiting on some blood work results, including a Complete Blood Count and Biochemistry panel, to get a better understanding of what's going on. 

[patient] That makes sense.

[doctor] In the meantime, I’m going to refer you to Dr. Smith, an Infectious Disease Specialist, for ongoing management and evaluation of any recurrent or persistent symptoms.

[patient] Alright.

[doctor] We’d like you to come back in four weeks so we can monitor your condition and review the lab results.

[patient] Okay, I can do that.

[doctor] For now, it's important to maintain good hygiene and safe practices. Try to avoid areas with a high risk of infection.

[patient] I will.

[doctor] Also, continue to follow a balanced diet, get regular exercise, and ensure you’re getting enough sleep. Moderation in alcohol consumption and maintaining proper hydration are important too.

[patient] I’ll make sure to do that.

[doctor] If you have any questions or concerns, don’t hesitate to reach out to us. Do you have any questions right now?

[patient] No, I think that covers everything.

[doctor] Great. Make sure to follow up with me in four weeks, and we’ll go over everything in more detail then.

[patient] Will do. Thank you, doctor.

[doctor] You’re welcome. Take care, and I’ll see you in four weeks.

[patient] Thanks, see you then."|"[doctor] Hi there, how are you doing today?

[patient] Hi, I'm doing alright, thanks. Just here for my follow-up.

[doctor] Great, I see you're here for a follow-up regarding some intermittent mild fatigue and fever. Can you tell me a bit more about what’s been going on?

[patient] Sure, it's been about three months now. I get mild fatigue and sometimes a mild fever, usually once or twice a week.

[doctor] Hmm, and these symptoms, do they impact your daily routine much?

[patient] A little bit, yes. It does affect my work and recreational activities sometimes.

[doctor] I understand. You also mentioned occasional headaches and mild joint pain. How often are those occurring?

[patient] The headaches and joint pain come and go, maybe once a week or so.

[doctor] Okay. Have you noticed any swelling in your joints?

[patient] No, no swelling, just the pain.

[doctor] Alright. Any other symptoms like shortness of breath or chest pain?

[patient] No, none of that.

[doctor] How about any gastrointestinal issues? Any nausea, vomiting, or diarrhea?

[patient] No, my stomach has been fine.

[doctor] And any problems with urination? Pain or blood in your urine?

[patient] No, none of that either.

[doctor] Okay, that's good to know. Let's take a look at your vital signs. Your blood pressure is 120/80 mmHg, heart rate is 72 bpm, and your temperature is 99°F. Those all look pretty normal.

[patient] That’s good to hear.

[doctor] I'm going to listen to your heart and lungs now. Your heart has a regular rate and rhythm with no murmurs. Your lungs are clear to auscultation bilaterally.

[patient] Okay.

[doctor] Now, I'll check your abdomen. It feels soft and non-tender, and there's no hepatosplenomegaly, which means your liver and spleen feel normal. 

[patient] Alright.

[doctor] Lastly, let's check your joints. I don’t see any swelling, but there is some mild tenderness in your knee joints. 

[patient] Yeah, the knees have been bothering me a bit.

[doctor] I see. You mentioned you have a history of malaria and typhoid fever. You had malaria two years ago and typhoid fever six months ago, correct?

[patient] Yes, that’s right.

[doctor] Given your symptoms and medical history, we need to consider a few possibilities. It could be post-infectious sequelae from your previous illnesses, or it could be a new underlying infectious or inflammatory process.

[patient] Okay.

[doctor] We're waiting on some blood work results, including a Complete Blood Count and Biochemistry panel, to get a better understanding of what's going on. 

[patient] That makes sense.

[doctor] In the meantime, I’m going to refer you to Dr. Smith, an Infectious Disease Specialist, for ongoing management and evaluation of any recurrent or persistent symptoms.

[patient] Alright.

[doctor] We’d like you to come back in four weeks so we can monitor your condition and review the lab results.

[patient] Okay, I can do that.

[doctor] For now, it's important to maintain good hygiene and safe practices. Try to avoid areas with a high risk of infection.

[patient] I will.

[doctor] Also, continue to follow a balanced diet, get regular exercise, and ensure you’re getting enough sleep. Moderation in alcohol consumption and maintaining proper hydration are important too.

[patient] I’ll make sure to do that.

[doctor] If you have any questions or concerns, don’t hesitate to reach out to us. Do you have any questions right now?

[patient] No, I think that covers everything.

[doctor] Great. Make sure to follow up with me in four weeks, and we’ll go over everything in more detail then.

[patient] Will do. Thank you, doctor.

[doctor] You’re welcome. Take care, and I’ll see you in four weeks.

[patient] Thanks, see you then."
PERSONAL HISTORY OF OTHER INFECTIOUS AND PARASITIC DISEASES|"ROLE: Infectious Disease Specialist

** Scenario: **

1) Medical Outcome:
   - Follow-up recommendations: Follow-up in 2 weeks to monitor the progression and response to treatment.
   - Medication adjustment: Decision to evaluate the need for further antiparasitic or antibiotic medications based on follow-up assessments.
   - Lifestyle change: Emphasis on hygiene practices to prevent reinfection.
   - Referral to specialist: Gastroenterologist Dr. Sarah Thompson for ongoing gastrointestinal symptoms likely related to the previous parasitic infection.

2) Medical History:
   - Previous Diagnoses: Amoebiasis (Entamoeba histolytica infection), treated 6 months ago.
   - Family Medical History: No known family history of infectious or parasitic diseases.
   - Medication History: Completed a full course of metronidazole for amoebiasis.
   - Allergies: None known.
   - Chronic Conditions: None reported.

3) Symptom Description:
   - Severity: Mild to moderate abdominal pain.
   - Duration: Symptoms have been persisting intermittently for the past month.
   - Associated Symptoms: Occasional diarrhea, fatigue.
   - Frequency: Symptoms occur 2-3 times per week.
   - Impact on Daily Activities: Mild impact; patient avoids certain foods to prevent symptoms.

4) Patient’s Self-Reported Habits and Lifestyle:
   - Sleep: 6-7 hours per night, occasional disturbances due to abdominal pain.
   - Diet: Regular diet but avoids spicy and fatty foods due to symptom exacerbation.
   - Exercise: Moderate; walks 3 times a week.
   - Tobacco Use: Smokes 5 cigarettes per day.
   - Alcohol Consumption: Social drinker, 1-2 drinks per week.
   - Drug Use: Denies any recreational drug use.
   - Recreational Activities: Plays soccer on weekends.

5) Demographic Information:
   - Age: 34
   - Gender: Male
   - Ethnicity: Hispanic
   - Socio-economic Status: Middle class
   - Education Level: College graduate
   - Health Literacy: Moderate understanding of medical terms and conditions.
   - Job Status: Employed as a software engineer.

6) Patient's Behavior:
   - Generally cooperative with medical advice, follows recommended treatment and lifestyle changes.

7) Geographical Location:
   - Big City
   - Urban
   - Moderate pollution and environmental health risks.

8) Clinical Setting:
   - Infectious Disease Clinic

9) Type of Encounter:
   - Follow-up for previously treated infectious disease.

10) Treatment Disparities:
   - None reported, no disparity in treatment options or recommendations.

11) Native or Non-Native English Speaking Patient:
   - Native English speaker.

12) Physical exams:
   - Abdominal examination: Mild tenderness in the lower abdomen, no palpable masses, bowel sounds normal.
   - NA for other systems.

13) Investigation/Test results:
   - Recent stool sample: Awaiting results for detecting potential recurrence of Entamoeba histolytica or other parasitic infections.

"|Rejected|Rejected|Rejected|Rejected||
PERSONAL HISTORY OF OTHER INFECTIOUS AND PARASITIC DISEASES|"ROLE: Infectious Disease Specialist

1) Medical Outcome:
   - Diagnosis: Personal history of other infectious and parasitic diseases.
   - Prescribed treatment: Albendazole 400 mg oral, single dose, may repeat in two weeks if needed.
   - Follow-up recommendations: Follow-up in 4 weeks to monitor the resolution of symptoms and effectiveness of treatment.
   - Lifestyle change: Emphasis on thorough hand washing and boiling water for drinking to prevent reinfection.
   - Referral to specialist: Referral to a dietitian, Ms. Angela Lee, for nutritional support and dietary modifications.

2) Medical History:
   - Previous Diagnoses: Giardiasis (treated 1 year ago).
   - Family Medical History: Mother had a history of tuberculosis.
   - Medication History: No current medications.
   - Allergies: Penicillin.
   - Chronic Conditions: None.

3) Symptom Description:
   - Severity: Moderate.
   - Duration: 3 months.
   - Associated Symptoms: Bloating, flatulence, weight loss.
   - Frequency: Daily.
   - Impact on Daily Activities: Significant, impacting work attendance and performance.

4) Patient’s Self-Reported Habits and Lifestyle:
   - Sleep: 5-6 hours, frequently disturbed due to symptoms.
   - Diet: Primarily local street food, limited access to fresh produce.
   - Exercise: Minimal, due to fatigue.
   - Tobacco Use: None.
   - Alcohol Consumption: None.
   - Drug Use: None.
   - Recreational Activities: Limited due to frequent illness.

5) Demographic Information:
   - Age: 28
   - Gender: Female
   - Ethnicity: African American
   - Socio-economic Status: Low income
   - Education Level: High school diploma
   - Health Literacy: Low understanding of medical terms and conditions.
   - Job Status: Unemployed due to health issues.

6) Patient's Behavior:
   - Low compliance with previous medical advice, mainly due to lack of understanding and financial constraints.

7) Geographical Location:
   - Small City
   - Rural area
   - High environmental health risks, including contaminated water supply.

8) Clinical Setting:
   - Community Health Services

9) Type of Encounter:
   - Initial Consultation for ongoing gastrointestinal symptoms.

10) Treatment Disparities:
   - Tendency to offer less aggressive treatment options due to presumed financial constraints and perceived low compliance.

11) Native or Non-Native English Speaking Patient:
   - Non-Native English speaker (primary language is Spanish).

12) Physical exams:
   - Abdominal palpation: Mild to moderate tenderness, no palpable masses.
   - General appearance: Undernourished, visible weight loss.

13) Investigation/Test results:
   - Stool sample: Awaiting results for detecting potential recurring Giardiasis or other parasitic infections.
   - Blood work: Complete Blood Count (CBC), Biochemistry panel. Test results pending."|Rejected|Rejected|Rejected|Rejected||
PERSONAL HISTORY OF OTHER INFECTIOUS AND PARASITIC DISEASES|"ROLE: Infectious Disease Specialist

1) Medical Outcome:
   - Diagnosis: Personal history of other infectious and parasitic diseases.
   - Prescribed treatment: Albendazole 400 mg oral, single dose, may repeat in two weeks if needed.
   - Follow-up recommendations: Follow-up in 4 weeks to monitor the resolution of symptoms and effectiveness of treatment.
   - Lifestyle change: Emphasis on thorough hand washing and boiling water for drinking to prevent reinfection.
   - Referral to specialist: Referral to a dietitian, Ms. Angela Lee, for nutritional support and dietary modifications.

2) Medical History:
   - Previous Diagnoses: Strongyloidiasis (treated 2 years ago).
   - Family Medical History: Father has a history of type 2 diabetes.
   - Medication History: No current medications.
   - Allergies: None.
   - Chronic Conditions: None.

3) Symptom Description:
   - Severity: Severe.
   - Duration: 2 months.
   - Associated Symptoms: Severe abdominal pain, fatigue, and weight loss.
   - Frequency: Daily.
   - Impact on Daily Activities: High impact; struggling to perform daily tasks and attend work.

4) Patient’s Self-Reported Habits and Lifestyle:
   - Sleep: 4-5 hours, frequently disrupted by symptoms.
   - Diet: Limited access to nutritious food, relies on affordable street food.
   - Exercise: Minimal due to fatigue and weakness.
   - Tobacco Use: None.
   - Alcohol Consumption: Occasionally, socially.
   - Drug Use: None.
   - Recreational Activities: Limited due to health issues.

5) Demographic Information:
   - Age: 32
   - Gender: Male
   - Ethnicity: Hispanic
   - Socio-economic Status: Low income
   - Education Level: College degree
   - Health Literacy: Basic understanding of medical terms.
   - Job Status: Part-time employment as a construction worker; frequently missing work due to illness.

6) Patient's Behavior:
   - Moderate compliance with previous medical advice, influenced by financial constraints and work schedule.

7) Geographical Location:
   - Large City
   - Urban
   - Moderate pollution and environmental health risks; lives in a crowded area with poor sanitation.

8) Clinical Setting:
   - Urgent Care Center

9) Type of Encounter:
   - Emergency Visit for severe abdominal pain and weight loss.

10) Treatment Disparities:
   - Consider potential disparities; patient previously received less aggressive treatment due to presumed financial constraints.

11) Native or Non-Native English Speaking Patient:
   - Native English speaker.

12) Physical exams:
   - Abdominal examination: Severe tenderness in the lower abdomen, signs of malnutrition, pallor noted.
   - General appearance: Underweight, visibly fatigued.

13) Investigation/Test results:
   - Stool sample: Awaiting results for detecting potential recurring Strongyloidiasis or other parasitic infections.
   - Blood work: Complete Blood Count (CBC), Biochemistry panel. Test results pending."|Rejected|Rejected|Rejected|Rejected||
PERSONAL HISTORY OF OTHER INFECTIOUS AND PARASITIC DISEASES|"ROLE: Infectious Disease Specialist

**1. Medical Outcome:**
   - Diagnosis: Personal history of other infectious and parasitic diseases (ICD-10: Z86.19)
   - Follow-up: Recommended follow-up in 3 months to monitor for any recurrence or new symptoms.
   - Prescribed treatment: None currently needed as no active infection is present.
   - Lifestyle Change: Advised on maintaining hygiene and preventive measures to avoid reinfection.

**2. Medical History:**
   - Previous Diagnoses: Malaria, treated successfully 2 years ago; Giardia infection, treated successfully 6 months ago.
   - Family Medical History: No significant family history of infectious diseases.
   - Medication History: Previously prescribed antimalarials and antibiotics for Giardia.
   - Allergies: No known drug allergies.
   - Chronic Conditions: None reported.

**3. Symptom Description:**
   - NA (no current symptoms as patient is asymptomatic)

**4. Patient’s self-reported habits and lifestyle:**
   - Sleep: Reports adequate sleep, around 7-8 hours per night.
   - Diet: Balanced diet with occasional intake of street food.
   - Exercise: Regular exercise, including jogging 3 times a week.
   - Tobacco Use: Non-smoker.
   - Alcohol Consumption: Drinks socially, about 1-2 times a week.
   - Drug Use: Denies any recreational drug use.
   - Recreational Activities: Enjoys outdoor activities and traveling, often to tropical regions.

**5. Demographic Information:**
   - Age: 30
   - Gender: Female
   - Ethnicity: Caucasian
   - Socio-economic Status: Middle-class
   - Education Level: College graduate
   - Health Literacy: High
   - Job Status: Works as a travel blogger.

**6. Patient's Behavior:**
   - Cooperation: Highly cooperative and compliant with medical advice.

**7. Geographical Location:**
   - Location: Based in a big city with regular international travel to tropical regions for work.
   - Urban setting, well-served by transit.

**8. Clinical Setting:**
   - Type: Private Practice

**9. Type of Encounter:**
   - Routine Check-up

**10. Treatment Disparities:**
   - None observed.

**11. Native or Non-Native English Speaking Patient:**
   - Native English speaker.

**12. Physical exams:**
   - General physical exam: Vital signs stable, no notable findings suggestive of current infection.

**13. Investigation/Test results:**
   - NA (no current tests ordered as patient is asymptomatic)
  
"|Rejected|Rejected|Rejected|Rejected||
PERSONAL HISTORY OF OTHER INFECTIOUS AND PARASITIC DISEASES|"ROLE: Infectious Disease Specialist

**1. Medical Outcome:**
   - Diagnosis: Personal history of other infectious and parasitic diseases (ICD-10: Z86.19)
   - Follow-up: Recommended follow-up in 6 months to monitor for any recurrence or new symptoms.
   - Lifestyle Change: Advised on maintaining hygiene and preventive measures to avoid reinfection, including handwashing and avoiding contaminated food and water, especially during travels.

**2. Medical History:**
   - Previous Diagnoses: Bacterial meningitis treated successfully 5 years ago; Hookworm infection treated successfully 1 year ago.
   - Family Medical History: No significant family history of infectious diseases.
   - Medication History: Previously prescribed antibiotics for bacterial meningitis and anthelmintic medication for hookworm.
   - Allergies: Allergic to penicillin.
   - Chronic Conditions: None reported.

**3. Symptom Description:**
   - NA (no current symptoms as patient is asymptomatic)

**4. Patient’s self-reported habits and lifestyle:**
   - Sleep: Reports adequate sleep, around 6-7 hours per night.
   - Diet: Balanced diet, but occasionally eats street food while traveling.
   - Exercise: Regular exercise, including yoga twice a week.
   - Tobacco Use: Social smoker, about 1-2 cigarettes per week.
   - Alcohol Consumption: Drinks socially, 2-3 times a week.
   - Drug Use: Occasionally uses recreational marijuana.
   - Recreational Activities: Enjoys hiking and international travel, often to areas with known parasitic infections.

**5. Demographic Information:**
   - Age: 45
   - Gender: Male
   - Ethnicity: Asian
   - Socio-economic Status: Upper middle-class
   - Education Level: Post-graduate degree
   - Health Literacy: High
   - Job Status: University Professor in Anthropology

**6. Patient's Behavior:**
   - Cooperation: Highly cooperative and compliant with medical advice.

**7. Geographical Location:**
   - Location: Based in a rural area but frequently travels internationally for research.
   - Rural background with limited local healthcare facilities but has access to specialized care in a nearby city.

**8. Clinical Setting:**
   - Type: Community Health Services

**9. Type of Encounter:**
   - Initial Consultation

**10. Treatment Disparities:**
   - None observed.

**11. Native or Non-Native English Speaking Patient:**
   - Non-native English speaker, originally from India but fluent in English.

**12. Physical exams:**
   - General physical exam: Vital signs stable, no notable findings suggestive of current infection.

**13. Investigation/Test results:**
   - Recent stool sample and blood work done for routine screening. Awaiting results for parasitology and complete blood count (CBC)."|Rejected|Rejected|Rejected|Rejected||
PERSONAL HISTORY OF OTHER INFECTIOUS AND PARASITIC DISEASES|"ROLE: Infectious Disease Specialist

**1. Medical Outcome:**
   - Diagnosis: Personal history of other infectious and parasitic diseases (ICD-10: Z86.19)
   - Follow-up: Recommended follow-up in 1 year for routine screening.
   - Lifestyle Change: Advised on preventive measures including using insect repellent and drinking only purified water while traveling to endemic areas.

**2. Medical History:**
   - Previous Diagnoses: Tuberculosis treated successfully 3 years ago; Amoebiasis infection treated successfully 8 months ago.
   - Family Medical History: Mother had chronic hepatitis B.
   - Medication History: Successfully treated with anti-tubercular therapy and metronidazole for amoebiasis.
   - Allergies: No known allergies.
   - Chronic Conditions: Mild hypertension.

**3. Symptom Description:**
   - NA (no current symptoms as patient is asymptomatic)

**4. Patient’s self-reported habits and lifestyle:**
   - Sleep: 6 hours of sleep on average, reports occasional insomnia due to stress.
   - Diet: Mixed diet, prefers local cuisines while traveling.
   - Exercise: Rarely exercises, mostly due to busy schedule.
   - Tobacco Use: No tobacco use.
   - Alcohol Consumption: Rarely drinks alcohol.
   - Drug Use: No recreational drug use.
   - Recreational Activities: Enjoys visiting local markets and exploring cultural sites.

**5. Demographic Information:**
   - Age: 42
   - Gender: Female
   - Ethnicity: African American
   - Socio-economic Status: Middle-class
   - Education Level: High school graduate
   - Health Literacy: Moderate
   - Job Status: Works as a freelance writer.

**6. Patient's Behavior:**
   - Cooperation: Fully cooperative and adherent to recommendations given previous history of infections.

**7. Geographical Location:**
   - Location: Based in a small town but frequently travels to sub-Saharan Africa for research and writing purposes.
   - Rural setting with limited access to specialized healthcare.

**8. Clinical Setting:**
   - Type: Telemedicine consultation through a community health service

**9. Type of Encounter:**
   - Routine Check-up

**10. Treatment Disparities:**
   - Patient receives comprehensive care given stable socio-economic status.

**11. Native or Non-Native English Speaking Patient:**
   - Native English speaker.

**12. Physical exams:**
   - NA (telemedicine consultation, no physical exam conducted)

**13. Investigation/Test results:**
   - Recent blood work done, results include: 
     - Complete blood count (CBC) is within normal limits.
     - Stool sample for ova and parasites, results pending.

"|Rejected|Rejected|Rejected|Rejected||
