Disease Description|Scenario|Note|Polished Note|Abbreviated Note|Role
ESSENTIAL (PRIMARY) HYPERTENSION|"ROLE: Family Medicine Physician

**Medical Outcome**
- Diagnosis: Essential (Primary) Hypertension (ICD-10 Code: I10)
- Prescribed Treatment: Amlodipine 5 mg, oral, once daily, for 1 month.
- Follow-up Recommendations: Return in 4 weeks for a follow-up visit to reassess blood pressure and potential dosage adjustments.
- Lifestyle Change: Start a low-sodium diet; initiate a regular exercise routine of at least 30 minutes of moderate-intensity exercise, five days per week.

**Medical History**
- Previous Diagnoses: None
- Family Medical History: Paternal history of hypertension and cardiac disease.
- Medication History: No current medications.
- Allergies: NKDA (No Known Drug Allergies)
- Chronic Conditions: Hypertension (newly diagnosed)

**Symptom Description**
- Severity: Mild to moderate symptoms including occasional dizziness.
- Duration: Several months
- Associated Symptoms: Mild dizziness when standing up quickly.
- Frequency: Dizziness occurs occasionally.
- Impact on Daily Activities: Minimal impact, but concerns over future health risks.

**Patient’s Self-Reported Habits and Lifestyle**
- Sleep: Reports 6-7 hours of sleep nightly.
- Diet: High sodium intake due to a preference for fast food.
- Exercise: Sedentary lifestyle, no regular exercise routine.
- Tobacco Use: Former smoker who quit 1 year ago.
- Alcohol Consumption: Drinks socially, 1-2 drinks per week.

**Demographic Information**
- Age: 60 years old
- Gender: Male
- Ethnicity: African American
- Socio-economic Status: Middle class
- Education Level: Some college
- Health Literacy: Moderate
- Job Status: Retired
- Job Nature before retirement: Clerical work

**Patient's Behavior**
- Generally cooperative and receptive to medical advice, eager to improve health.

**Geographical Location**
- Suburban area, close to healthcare facilities and parks for exercise.

**Clinical Setting**
- Community Health Services

**Type of Encounter**
- Initial Consultation for hypertension management

**Treatment Disparities**
- No evidence of treatment disparities observed during the consultation.

**Native or Non-Native English Speaking Patient**
- Native English speaker.

**Physical Exams**
- Blood Pressure: 155/98 mmHg (measured in the arm)
- Heart Exam: Regular rate and rhythm, no murmurs or added sounds.
- Neck Vessels: No bruits heard over carotid arteries.

**Investigation/Test Results**
- Awaiting results: Lipid profile, urinalysis.
- CBC (Complete Blood Count): WBC 7,000/mm3, Hgb 14.5 g/dL, Plt 250,000/mm3.
- Basic metabolic panel: Na 140 mEq/L, K 4.2 mEq/L, Cl 100 mEq/L, CO2 24 mEq/L, BUN 18 mg/dL, Cr 0.9 mg/dL, Glucose 105 mg/dL, TSH within normal range.

**Medical Note Scenario**

CHIEF COMPLAINT: Evaluation for hypertension.

HISTORY OF PRESENT ILLNESS:
The patient presents for evaluation concerning elevated blood pressure readings over several months. Reports mild to moderate dizziness, particularly upon standing up quickly.

MEDICAL HISTORY:
- Paternal history of hypertension and cardiac disease.
- No current medications.
- Former smoker who quit 1 year ago.

REVIEW OF SYSTEMS:
- Cardiovascular: Endorses occasional dizziness, no chest pain, palpitations, or syncope.
- Pulmonary: None.
- Gastrointestinal: None.
- Genitourinary: None.
- Musculoskeletal: None.
- Neurologic: None.
- Psychological: None.

PHYSICAL EXAMINATION:
- Vital Signs: BP 155/98 mmHg, HR 72 bpm, RR 16 breaths/min.
- Cardiac: Regular rate and rhythm, no murmurs.
- Precordial area: No heaves.
- Lungs: Clear to auscultation bilaterally.
- Extremities: No edema, pulses palpable and equal.

LABORATORY TEST RESULTS:
- CBC: WBC 7,000/mm3, Hgb 14.5 g/dL, Plt 250,000/mm3.
- BMP: Na 140 mEq/L, K 4.2 mEq/L, Cl 100 mEq/L, CO2 24 mEq/L, BUN 18 mg/dL, Cr 0.9 mg/dL, Glucose 105 mg/dL, TSH normal.
- Lipid profile and urinalysis pending.

ASSESSMENT AND PLAN:
Essential (Primary) Hypertension
- Medical Reasoning: Elevated blood pressure findings consistent with essential hypertension.
- Medical Treatment: Started on Amlodipine 5 mg, once daily.
- Lifestyle Modifications: Low-sodium diet, begin moderate-intensity exercise for 30 minutes each day, five days a week.
- Follow-Up: Return in 4 weeks for reassessment and potential dosage adjustment.
- Patient Agreements: The patient agrees to follow the medication regimen and lifestyle changes. Will monitor for any adverse effects and discuss at the follow-up visit.

Patient understands and complies with the proposed plan, eager to improve his health."|"**Subjective**

**Chief Complaint (CC):**
Evaluation for hypertension.

**History of Present Illness (HPI):**
The patient presents for evaluation due to elevated blood pressure readings over the past several months. He reports experiencing mild to moderate dizziness, particularly when standing up quickly. There is no chest pain, palpitations, syncope, or other cardiovascular symptoms noted.

**Review of Systems (ROS):**
- **Constitutional:** Denies significant weight loss, fever, chills.
- **Cardiovascular:** Occasional dizziness upon standing.
- **Pulmonary:** No cough, dyspnea at rest.
- **Gastrointestinal:** No nausea, vomiting, diarrhea.
- **Genitourinary:** No frequency, urgency, hematuria.
- **Musculoskeletal:** No joint pains, muscle aches.
- **Neurologic:** Denies headache, visual changes, weakness.
- **Psychiatric:** Denies depressive symptoms, anxiety.

**Objective**

- **Vital Signs:** 
  - Blood Pressure: 155/98 mmHg
  - Heart Rate: 72 bpm
  - Respiratory Rate: 16 breaths/min
  - Temperature: 98.6°F

- **Heart Exam:**
  - Regular rate and rhythm, no murmurs or added sounds.
  - Precordial area: No heaves.
  
- **Lungs:**
  - Clear to auscultation bilaterally.

- **Extremities:**
  - No pedal edema, pulses palpable and equal.

- **Laboratory Tests:**
  - Complete Blood Count (CBC):
    - WBC: 7,000/mm³
    - HGB: 14.5 g/dL
    - PLT: 250,000/mm³
  - Basic Metabolic Panel (BMP):
    - Sodium (Na): 140 mEq/L
    - Potassium (K): 4.2 mEq/L
    - Chloride (Cl): 100 mEq/L
    - Carbon Dioxide (CO₂): 24 mEq/L
    - Blood Urea Nitrogen (BUN): 18 mg/dL
    - Creatinine (Cr): 0.9 mg/dL
    - Glucose: 105 mg/dL
    - Thyroid-Stimulating Hormone (TSH): Within normal range
  - Lipid Profile and Urinalysis: Pending.

**Assessment**

- **Diagnosis:**
  - Essential (Primary) Hypertension (ICD-10: I10)
    - Medical Reasoning: Elevated blood pressure readings with no secondary causes identified. Evidence of slight dizziness upon standing quickly suggests possible postural hypotension related to hypertension, warranting lifestyle modifications and pharmacological intervention.

**Plan**

- **Medical Treatment:**
  - Initiate Amlodipine 5 mg orally once daily for 1 month.
    - Patient Education: Counsel on potential side effects such as flushing, edema, and headache. Emphasize the importance of adherence to the prescribed regimen.

- **Lifestyle Modifications:**
  - Start a low-sodium diet.
  - Initiate a regular exercise routine of at least 30 minutes of moderate-intensity exercise, five days per week.
    - Patient Education: Discuss the benefits of reducing dietary salt intake and incorporating exercise into daily life to control blood pressure.

- **Follow-Up:**
  - Return in 4 weeks for a follow-up visit to reassess blood pressure and potentially adjust the dosage based on efficacy and tolerability.
    - Patient Agreements: The patient understands and agrees to follow through with the treatment plan and lifestyle changes.

- **Instructions:**
  - Monitor for any adverse effects and report them at the follow-up visit.

Patient compliant and willing to implement the recommended changes for better health outcomes."|"**Subjective**

**Chief Complaint (CC):**
Evaluation for hypertension.

**History of Present Illness (HPI):**
Mr. John Smith presents for evaluation due to elevated blood pressure readings over the past several months. He reports experiencing mild to moderate dizziness, particularly when standing up quickly. There is no chest pain, palpitations, syncope, or other cardiovascular symptoms noted.

**Review of Systems (ROS):**
- **Constitutional:** Denies significant weight loss, fever, chills.
- **Cardiovascular:** Occasional dizziness upon standing.
- **Pulmonary:** No cough, dyspnea at rest.
- **Gastrointestinal:** No nausea, vomiting, diarrhea.
- **Genitourinary:** No frequency, urgency, hematuria.
- **Musculoskeletal:** No joint pains, muscle aches.
- **Neurologic:** Denies headache, visual changes, weakness.
- **Psychiatric:** Denies depressive symptoms, anxiety.

**Objective**

- **Vital Signs:** 
  - Blood Pressure: 155/98 mmHg
  - Heart Rate: 72 bpm
  - Respiratory Rate: 16 breaths/min
  - Temperature: 98.6°F

- **Heart Exam:**
  - Regular rate and rhythm, no murmurs or added sounds.
  - Precordial area: No heaves.
  
- **Lungs:**
  - Clear to auscultation bilaterally.

- **Extremities:**
  - No pedal edema, pulses palpable and equal.

- **Laboratory Tests:**
  - Complete Blood Count (CBC):
    - WBC: 7,000/mm³
    - HGB: 14.5 g/dL
    - PLT: 250,000/mm³
  - Basic Metabolic Panel (BMP):
    - Sodium (Na): 140 mEq/L
    - Potassium (K): 4.2 mEq/L
    - Chloride (Cl): 100 mEq/L
    - Carbon Dioxide (CO₂): 24 mEq/L
    - Blood Urea Nitrogen (BUN): 18 mg/dL
    - Creatinine (Cr): 0.9 mg/dL
    - Glucose: 105 mg/dL
    - Thyroid-Stimulating Hormone (TSH): Within normal range
  - Lipid Profile and Urinalysis: Pending.

**Assessment**

- **Diagnosis:**
  - Essential (Primary) Hypertension (ICD-10: I10)
    - Medical Reasoning: Elevated blood pressure readings with no secondary causes identified. Evidence of slight dizziness upon standing quickly suggests possible postural hypotension related to hypertension, warranting lifestyle modifications and pharmacological intervention.

**Plan**

- **Medical Treatment:**
  - Initiate Amlodipine 5 mg orally once daily for 1 month.
    - Patient Education: Counsel on potential side effects such as flushing, edema, and headache. Emphasize the importance of adherence to the prescribed regimen.

- **Lifestyle Modifications:**
  - Start a low-sodium diet.
  - Initiate a regular exercise routine of at least 30 minutes of moderate-intensity exercise, five days per week.
    - Patient Education: Discuss the benefits of reducing dietary salt intake and incorporating exercise into daily life to control blood pressure.

- **Follow-Up:**
  - Return in 4 weeks for a follow-up visit to reassess blood pressure and potentially adjust the dosage based on efficacy and tolerability.
    - Patient Agreements: The patient understands and agrees to follow through with the treatment plan and lifestyle changes.

- **Instructions:**
  - Monitor for any adverse effects and report them at the follow-up visit.

Patient compliant and willing to implement the recommended changes for better health outcomes."|ablation|Family Medicine Physician
ESSENTIAL (PRIMARY) HYPERTENSION|"ROLE: Family Medicine Physician

**Medical Outcome:**  
- Diagnosis: Essential (Primary) Hypertension (I10)
- Prescribed Treatment: Lisinopril 10 mg oral once daily.
- Follow-Up Recommendations: Follow-up visit in 4 weeks to review blood pressure log and test results.
- Referral to Specialist: None.
- Order for Blood Work: Comprehensive metabolic panel (CMP) and lipid profile.
- Order for Imaging: NA.
- Medication Adjustment: Start Lisinopril 10 mg once daily.
- Lifestyle Change: Reduce sodium intake, increase physical activity, limit alcohol consumption.

**Medical History:**  
- Previous Diagnoses: None.
- Family Medical History: Father has a history of hypertension.
- Medication History: None.
- Allergies: None known.
- Chronic Conditions: None.

**Symptom Description:**  
- Severity: Moderate.
- Duration: Persistent for 3 months.
- Associated Symptoms: Headaches, occasional dizziness.
- Frequency: Symptoms occur several times per week.
- Impact on Daily Activities: Mild impact.

**Patient’s Self-reported Habits and Lifestyle:**  
- Sleep: Average sleep duration of 7 hours a night.
- Diet: High sodium diet.
- Exercise: Sedentary lifestyle; no regular physical activity.
- Tobacco Use: Non-smoker.
- Alcohol Consumption: Consumes 1 glass of wine every evening.
- Drug Use: None.
- Recreational Activities: None reported.

**Demographic Information:**  
- Age: 45 years old.
- Gender: Male.
- Ethnicity: Caucasian.
- Socio-economic Status: Middle class.
- Education Level: College degree.
- Health Literacy: Good.
- Job Status: Employed full-time.

**Patient’s Behavior:**  
Cooperative.

**Geographical Location:**  
Urban setting with moderate pollution levels.

**Clinical Setting:**  
Community Health Services.

**Type of Encounter:**  
Initial Consultation.

**Treatment Disparities:**  
None noted.

**Native or Non-Native English Speaking Patient:**  
Native English speaker.

**Physical Exams:**  
Neck: Normal, no JVD, no carotid bruits.  
Cardiovascular: BP 158/98 mmHg, HR 72 bpm, Grade 2/6 systolic ejection murmur.

**Investigation/Test Results:**  
Awaiting results from the comprehensive metabolic panel (CMP) and lipid profile."|"**Subjective:**

**Chief Complaint (CC):**
The patient is a 45-year-old male who presents with persistent headaches and occasional dizziness over the last three months.

**History of Present Illness (HPI):**
The patient reports having noticed an increased frequency of headaches and occasional episodes of dizziness over the past three months. These symptoms occur several times per week and have a mild impact on daily activities. He also reports having been sedentary with a high sodium diet and consuming one glass of wine each evening.

**Review of Systems (ROS):**
- **General:** Denies fever, chills, or weight loss.
- **Head/Eyes/Ears/Nose/Throat:** Complaints of headaches, denies visual changes.
- **Cardiovascular:** Denies chest pain, palpitations, syncope, or dyspnea.
- **Respiratory:** No cough, sputum production, or wheezing.
- **GI:** No nausea, vomiting, abdominal pain, diarrhea, or constipation.
- **Neurological:** Denies numbness, weakness, tingling, difficulty swallowing, speech changes, or urinary symptoms.
- **Psychiatric:** Denies depression, anxiety, suicidal thoughts, or hallucinations.

**Objective:**

**Vital Signs:**
- Blood Pressure: 158/98 mmHg
- Heart Rate: 72 bpm
- Respiratory Rate: 16 breaths per minute
- Temperature: 98.6°F
- Oxygen Saturation: 98%

**Physical Examination Findings:**
- **General:** Well-developed, well-nourished, alert, oriented, in no acute distress.
- **HEENT:** Normocephalic, atraumatic. PERRLA, Extraocular movements intact. Neck supple without lymphadenopathy or thyromegaly. Normal jugular venous distention (JVD). No carotid bruits.
- **Cardiovascular:** Regular rate and rhythm, grade 2/6 systolic ejection murmur at the right second intercostal space heard radiating to upper right sternal border. No S3 gallop or murmurs appreciated elsewhere.
- **Respiratory:** Clear to auscultation bilaterally, no wheezes, rales, or rhonchi.
- **Abdomen:** Soft, non-tender, nondistended, normoactive bowel sounds.
- **Extremities:** No clubbing, cyanosis, or edema. Peripheral pulses strong and equal bilaterally.
- **Neurological:** Cranial nerves II-XII intact. Strength 5/5 in all extremities. Sensation intact to light touch. Reflexes 2+ and equal throughout, DTRs +2 and symmetric. Gait normal, no Romberg sign. 

**Investigations:**
Comprehensive metabolic panel (CMP) and lipid profile ordered and pending results.

**Assessment:**
- **Essential (Primary) Hypertension (I10):** Elevated blood pressure (158/98 mmHg) with associated symptoms of headaches and occasional dizziness.

**Plan:**
- **Medication:** Begin Lisinopril 10 mg once daily orally.
- **Lifestyle Modifications:** Advise reduction in dietary sodium intake, encouragement to engage in regular physical activity (aim for at least 30 minutes of moderate-intensity exercise on most days of the week), and limit alcohol consumption to no more than one drink per day.
- **Follow-Up:** Schedule a follow-up appointment in four weeks to review blood pressure log and test results (CMP and lipid profile).
- **Education:** Educate patient on hypertension and importance of medication adherence, regular monitoring, and lifestyle modifications.
- **Monitoring:** Provide patient with a blood pressure monitor and instruct them to log daily readings and bring them to the next visit.

*End of Note.*"|"**Subjective:**

**Chief Complaint (CC):**
Mr. John Smith, a 45-year-old male, presents with persistent headaches and occasional dizziness over the last three months.

**History of Present Illness (HPI):**
Mr. Smith reports an increased frequency of headaches and occasional episodes of dizziness over the past three months. These symptoms occur several times per week and have a mild impact on his daily activities. He also reports being sedentary with a high sodium diet and consuming one glass of wine each evening.

**Review of Systems (ROS):**
- **General:** Denies fever, chills, or weight loss.
- **Head/Eyes/Ears/Nose/Throat:** Complaints of headaches, denies visual changes.
- **Cardiovascular:** Denies chest pain, palpitations, syncope, or dyspnea.
- **Respiratory:** No cough, sputum production, or wheezing.
- **GI:** No nausea, vomiting, abdominal pain, diarrhea, or constipation.
- **Neurological:** Denies numbness, weakness, tingling, difficulty swallowing, speech changes, or urinary symptoms.
- **Psychiatric:** Denies depression, anxiety, suicidal thoughts, or hallucinations.

**Objective:**

**Vital Signs:**
- Blood Pressure: 158/98 mmHg
- Heart Rate: 72 bpm
- Respiratory Rate: 16 breaths per minute
- Temperature: 98.6°F
- Oxygen Saturation: 98%

**Physical Examination Findings:**
- **General:** Well-developed, well-nourished, alert, oriented, in no acute distress.
- **HEENT:** Normocephalic, atraumatic. PERRLA, Extraocular movements intact. Neck supple without lymphadenopathy or thyromegaly. Normal jugular venous distention (JVD). No carotid bruits.
- **Cardiovascular:** Regular rate and rhythm, grade 2/6 systolic ejection murmur at the right second intercostal space heard radiating to upper right sternal border. No S3 gallop or murmurs appreciated elsewhere.
- **Respiratory:** Clear to auscultation bilaterally, no wheezes, rales, or rhonchi.
- **Abdomen:** Soft, non-tender, nondistended, normoactive bowel sounds.
- **Extremities:** No clubbing, cyanosis, or edema. Peripheral pulses strong and equal bilaterally.
- **Neurological:** Cranial nerves II-XII intact. Strength 5/5 in all extremities. Sensation intact to light touch. Reflexes 2+ and equal throughout, DTRs +2 and symmetric. Gait normal, no Romberg sign. 

**Investigations:**
Comprehensive metabolic panel (CMP) and lipid profile ordered and pending results.

**Assessment:**
- **Essential (Primary) Hypertension (I10):** Elevated blood pressure (158/98 mmHg) with associated symptoms of headaches and occasional dizziness.

**Plan:**
- **Medication:** Begin Lisinopril 10 mg once daily orally.
- **Lifestyle Modifications:** Advise reduction in dietary sodium intake, encouragement to engage in regular physical activity (aim for at least 30 minutes of moderate-intensity exercise on most days of the week), and limit alcohol consumption to no more than one drink per day.
- **Follow-Up:** Schedule a follow-up appointment in four weeks to review blood pressure log and test results (CMP and lipid profile).
- **Education:** Educate patient on hypertension and importance of medication adherence, regular monitoring, and lifestyle modifications.
- **Monitoring:** Provide Mr. Smith with a blood pressure monitor and instruct him to log daily readings and bring them to the next visit.

*End of Note.*"|ablation|Family Medicine Physician
ESSENTIAL (PRIMARY) HYPERTENSION|"ROLE: Family Medicine Physician

**Medical Outcome**
- Diagnosis: Essential (Primary) Hypertension (ICD-10 - I10)
- Prescribed Treatment: Metoprolol 25 mg orally twice daily. Monitor blood pressure daily and log readings.
- Follow-up Recommendations: Schedule follow-up visit in one month to assess response to medication.
- Blood Work Order: Comprehensive metabolic panel, including lipid profile and Hemoglobin A1c.
- Lifestyle Change Recommendations: Increase physical activity to at least 150 minutes per week of moderate-intensity exercise, reduce sodium intake to <2000 mg/day, and limit alcohol to no more than 1 drink per day.

**Medical History**
- Previous Diagnoses: None
- Family Medical History: Father with history of hypertension, no other significant family history.
- Medication History: Aspirin 81 mg daily for prophylaxis.
- Allergies: NKDA
- Chronic Conditions: None previously diagnosed

**Symptom Description**
- Severity: Mild headaches occasionally on right temporal region.
- Duration: Ongoing since last visit, approximately 3 weeks ago.
- Associated Symptoms: No episodes of chest pain, palpitations, syncope, or vertigo.
- Frequency: Headaches occur 3 times per week, lasting 1-2 hours each.
- Impact on Daily Activities: Minor, able to function normally but notices discomfort with prolonged focus.

**Patient’s Self-reported Habits and Lifestyle**
- Sleep: 7-8 hours per night, occasionally interrupted by stress-related insomnia.
- Diet: Moderately high intake of processed foods and snacks, occasional cooking at home.
- Exercise: Sedentary, rarely engages in strenuous physical activity.
- Tobacco Use: Non-smoker
- Alcohol Consumption: Occasionally consumes 1-2 alcoholic drinks per week.

**Demographic Information**
- Age: 47 years old
- Gender: Male
- Ethnicity: Hispanic/Latino
- Socioeconomic Status: Middle class, employed full-time as an office administrator.
- Education Level: Bachelor’s degree
- Health Literacy: High; frequently reads about health online.
- Job Status: Employed, works Monday through Friday, sedentary desk job.

**Patient's Behavior**
- Level of Cooperation: Cooperative. Reports willingness to adhere to medication regimen and lifestyle modifications.

**Geographical Location**
- Urban setting
- Moderate air pollution levels
- Resides in an affluent neighborhood near parks and public transportation, not a food desert.

**Clinical Setting**
- Private Practice

**Type of Encounter**
- Follow-up

**Treatment Disparities**
- No observed disparities in offered treatments, though patient expressed financial concern which was addressed by offering generics.

**Native or Non-Native English Speaking Patient**
- Native English speaker

**Physical Exams**
- Blood Pressure: 148/94 mmHg (right arm)
- Heart Rate: 78 bpm
- Respiratory Rate: 16 breaths/min
- Temp: 98.6°F
- Cardiac Exam: Normal S1 and S2, no murmurs, rubs, or gallops.
- Pulmonary Exam: Clear to auscultation bilaterally.
- Abdomen: Soft, non-tender, normoactive bowel sounds.
- Extremities: Warm and well-perfused, no edema, pulses symmetrically present.

**Investigation/Test Results**
- Recent Office BP Measurement: 148/94 mmHg
- Awaiting Comprehensive Metabolic Panel and Hemoglobin A1C results. Lipid panel results: Cholesterol (Total) 215 mg/dL, LDL 130 mg/dL, HDL 42 mg/dL, Triglycerides 160 mg/dL. Elevated total cholesterol and triglycerides noted."|"**Subjective:**

**Chief Complaint (CC):**
- Mild headaches on the right temporal region occurring 3 times per week, lasting 1-2 hours each, ongoing since last visit, approximately 3 weeks ago.

**History of Present Illness (HPI):**
- The patient reports experiencing mild headaches on the right temporal region that have been present for the past three weeks. The headaches occur 3 times per week and last about 1-2 hours each. He denies any episodes of chest pain, palpitations, syncope, or vertigo. The patient mentions that these headaches do not significantly impact his daily activities but he notices discomfort when focusing for extended periods.

**Review of Systems (ROS):**
- Cardiovascular: Denies chest pain, palpitations, syncope.
- Neurological: Reports mild headaches.
- Musculoskeletal: No joint pain or muscle aches.
- Respiratory: No shortness of breath, cough, or wheezing.
- Gastrointestinal: No nausea, vomiting, or abdominal pain.
- Psychiatric: No notable changes to mood or anxiety.
- Genitourinary: No voiding issues.
- Dermatological: No rashes, pruritus.
- Endocrine: No polyuria, polydipsia, recent unintentional weight changes.
- Hematological: No bleeding issues.
- Constitutional: No fatigue, fevers, chills.

**Objective:**

- **Vital Signs:** 
  - Blood Pressure: 148/94 mmHg (right arm)
  - Heart Rate: 78 bpm
  - Respiratory Rate: 16 breaths/min
  - Temperature: 98.6°F

- **Exam Findings:**
  - **Cardiac Exam:** Normal S1 and S2, no murmurs, rubs, or gallops.
  - **Pulmonary Exam:** Clear to auscultation bilaterally.
  - **Abdominal Exam:** Soft, non-tender, normoactive bowel sounds.
  - **Extremities:** Warm and well-perfused, no edema, pulses symmetrically present.
  - **Neurological Exam:** No focal neurological deficits, normal reflexes, and sensation intact.

**Assessment:**

- **Essential (Primary) Hypertension (ICD-10 - I10):**
  - Medical Reasoning: Based on sustained elevated blood pressure readings and absence of secondary causes, the patient has essential hypertension.
  - Lab Data: Lipid profile shows elevated total cholesterol (215 mg/dL) and triglycerides (160 mg/dL).

**Plan:**

1. **Medication Management:**
   - Prescribe Metoprolol 25 mg orally twice daily.
   - Monitor blood pressure daily and log readings.
   
2. **Follow-Up Recommendations:**
   - Schedule follow-up visit in one month to assess response to medication.
   
3. **Additional Testing:**
   - Order comprehensive metabolic panel, including lipid profile and Hemoglobin A1c.
   
4. **Lifestyle Modifications:**
   - Increase physical activity to at least 150 minutes per week of moderate-intensity exercise.
   - Reduce sodium intake to <2000 mg/day.
   - Limit alcohol consumption to no more than 1 drink per day.
   
5. **Education and Counseling:**
   - Provide education on hypertension management.
   - Address patient’s concerns regarding medication costs by offering generic options.
   
**Patient Agreements:**
- The patient understands and agrees with the recommended medical treatment plan and lifestyle modifications."|"**Subjective:**

**Chief Complaint (CC):**
- Mild headaches on the right temporal region occurring 3 times per week, lasting 1-2 hours each, ongoing since last visit, approximately 3 weeks ago.

**History of Present Illness (HPI):**
- Mr. John Smith reports experiencing mild headaches on the right temporal region that have been present for the past three weeks. The headaches occur 3 times per week and last about 1-2 hours each. He denies any episodes of chest pain, palpitations, syncope, or vertigo. The patient mentions that these headaches do not significantly impact his daily activities but he notices discomfort when focusing for extended periods.

**Review of Systems (ROS):**
- Cardiovascular: Denies chest pain, palpitations, syncope.
- Neurological: Reports mild headaches.
- Musculoskeletal: No joint pain or muscle aches.
- Respiratory: No shortness of breath, cough, or wheezing.
- Gastrointestinal: No nausea, vomiting, or abdominal pain.
- Psychiatric: No notable changes to mood or anxiety.
- Genitourinary: No voiding issues.
- Dermatological: No rashes, pruritus.
- Endocrine: No polyuria, polydipsia, recent unintentional weight changes.
- Hematological: No bleeding issues.
- Constitutional: No fatigue, fevers, chills.

**Objective:**

- **Vital Signs:** 
  - Blood Pressure: 148/94 mmHg (right arm)
  - Heart Rate: 78 bpm
  - Respiratory Rate: 16 breaths/min
  - Temperature: 98.6°F

- **Exam Findings:**
  - **Cardiac Exam:** Normal S1 and S2, no murmurs, rubs, or gallops.
  - **Pulmonary Exam:** Clear to auscultation bilaterally.
  - **Abdominal Exam:** Soft, non-tender, normoactive bowel sounds.
  - **Extremities:** Warm and well-perfused, no edema, pulses symmetrically present.
  - **Neurological Exam:** No focal neurological deficits, normal reflexes, and sensation intact.
  - **Lab Data:** Lipid profile shows elevated total cholesterol (215 mg/dL) and triglycerides (160 mg/dL).

**Assessment:**

- **Essential (Primary) Hypertension (ICD-10 - I10):**
  - Medical Reasoning: Based on sustained elevated blood pressure readings and absence of secondary causes, the patient has essential hypertension.

**Plan:**

1. **Medication Management:**
   - Prescribe Metoprolol 25 mg orally twice daily.
   - Monitor blood pressure daily and log readings.
   
2. **Follow-Up Recommendations:**
   - Schedule follow-up visit in one month to assess response to medication.
   
3. **Additional Testing:**
   - Order comprehensive metabolic panel, including lipid profile and Hemoglobin A1c.
   
4. **Lifestyle Modifications:**
   - Increase physical activity to at least 150 minutes per week of moderate-intensity exercise.
   - Reduce sodium intake to <2000 mg/day.
   - Limit alcohol consumption to no more than 1 drink per day.
   
5. **Education and Counseling:**
   - Provide education on hypertension management.
   - Address patient’s concerns regarding medication costs by offering generic options.
   
**Patient Agreements:**
- The patient understands and agrees with the recommended medical treatment plan and lifestyle modifications."|ablation|Family Medicine Physician
ESSENTIAL (PRIMARY) HYPERTENSION|"ROLE: Family Medicine Physician

**Medical Outcome:**  
- Diagnosis: Essential (Primary) Hypertension
- Prescribed Treatment: Lisinopril 10 mg daily orally for 4 weeks.
- Follow-up Recommendations: Revisit in 4 weeks for BP check and possible reevaluation of medication dose.
- Referral: None needed at this time.
- Lifestyle Changes: Reduce sodium intake and increase physical activity with moderate aerobic exercise for 30 minutes 5 days a week. Quit smoking if applicable.

**Medical History:**  
- Previous Diagnoses: None noted.
- Family Medical History: Father had hypertension and died of a myocardial infarction.
- Medication History: Currently on no other medications.
- Allergies: None reported.
- Chronic Conditions: None noted.

**Symptom Description:**  
- Severity: Mild to moderate.
- Duration: Onset several months ago.
- Associated Symptoms: Headaches occasionally noted after work.
- Frequency: Headaches approximately twice per month.
- Impact on Daily Activities: No significant impact, reports feeling fatigued during the day.

**Patient’s self-reported habits and lifestyle:**  
- Sleep: Reports sleeping 6 hours nightly.
- Diet: High sodium and processed foods.
- Exercise: Minimal physical activity.
- Tobacco Use: Current smoker with packs per day.
- Alcohol Consumption: Drinks socially once weekly with one drink.
- Recreational Activities: Limited.

**Demographic Information:**  
- Age: 55
- Gender: Male
- Ethnicity: Caucasian
- Socio-economic Status: Middle class
- Education Level: College degree
- Health Literacy: Average
- Job Status: Full-time office job.

**Patient's Behavior:**  
- Cooperation: Fairly cooperative but resistant to the idea of quitting smoking.

**Geographical Location:**  
- Urban setting with limited access to fresh produce markets; neighborhood is a food desert with many fast-food options.

**Clinical Setting:**  
- Family Medicine Clinic

**Type of Encounter:**  
- Follow-up visit for hypertension management.

**Treatment Disparities:**  
- N/A

**Native or Non-Native English Speaking Patient:**  
- Native English speaker

**Physical Exams:**  
- Blood Pressure: 150/95 mmHg
- Pulse: Regular and strong at 78 beats per minute
- Respiratory Rate: 16 breaths per minute
- Weight: 200 lbs (BMI 30)
- Height: 5'10""

**Investigation/Test Results:**  
- Blood Work Awaiting: Comprehensive metabolic panel to check electrolytes, kidney function, and lipid profile.
- Imaging: Not required."|"**Subjective:**

**Chief Complaint (CC):**
The patient presents with a chief complaint of headaches occurring approximately twice per month, which have developed over the past several months.

**History of Present Illness (HPI):**
The patient is a 55-year-old male with a recent history of mild to moderate headaches, occurring occasionally after work and lasting for several months. These headaches occur approximately twice per month. The patient also reports feeling fatigued during the day, though there is no significant impact on daily activities.

**Review of Systems (ROS):**
- **Constitutional:** Denies fever, chills, weight loss, night sweats.
- **Cardiovascular:** Denies chest pain, palpitations, shortness of breath, and swelling.
- **Neurological:** Endorses occasional headaches.
- **Psychiatric:** Denies significant mood changes or anxiety.
- **Gastrointestinal:** No nausea, vomiting, abdominal pain.
- **Genitourinary:** No urinary symptoms.
- **Musculoskeletal:** No joint pain or stiffness.
- **Skin:** No rashes or abnormalities.
- **Respiratory:** No cough, wheezing, or shortness of breath.
- **Endocrine:** No polyuria, polydipsia, polyphagia.

**Objective:**

- **Vital Signs:** 
  - Blood Pressure: 150/95 mmHg
  - Pulse: 78 beats per minute (regular and strong)
  - Respiratory Rate: 16 breaths per minute
  - Temperature: 98.6°F
  - Weight: 200 lbs (BMI 30)
  - Height: 5'10""
  
- **Physical Examination:**
  - General: Well-developed, well-nourished male in no acute distress. Alert and oriented.
  - HEENT: Normocephalic; pupils equal, round, reactive to light. Fundoscopy shows no abnormalities.
  - Neck: Supple without JVD, normal carotid pulses, no bruits.
  - Heart: Regular rhythm, S1 and S2 heard, no murmurs, rubs, or gallops.
  - Lungs: Clear to auscultation bilaterally, no wheezes, rhonchi or rales.
  - Abdomen: Soft, non-tender, nontender, bowel sounds present.
  - Extremities: No clubbing, cyanosis, or peripheral edema noted.
  - Neurological: Cranial nerves intact, strength 5/5 in all extremities, DTRs 2+ symmetrically.

**Assessment:**

- **Essential (Primary) Hypertension:** Elevated blood pressure at 150/95 mmHg on exam, confirmed on multiple checks. 
- **Hyperlipidemia and Cardiovascular Risk Factors:** Elevated BMI of 30, high sodium diet, minimal exercise, and current smoker contribute to overall cardiovascular risk.

**Plan:**

1. **Medication:**
   - Prescribe **Lisinopril 10 mg daily orally** for 4 weeks to manage hypertension.
   
2. **Follow-Up:**
   - Schedule a follow-up visit in **4 weeks** for BP recheck and possible reevaluation of medication dose.

3. **Lifestyle Modifications:**
   - Recommend **reducing sodium intake** in diet and increasing physical activity to include **moderate aerobic exercise for 30 minutes, 5 days a week**.
   - Encourage quitting smoking, despite resistance, emphasizing the significant cardiovascular benefits.
   - Consider social support resources for smoking cessation if applicable.

4. **Testing:**
   - Order comprehensive metabolic panel (CMP) to check electrolytes, kidney function, and lipid profile.

5. **Education:**
   - Provide patient education on the importance of dietary and exercise modifications to control blood pressure and reduce cardiovascular risk.
   - Discuss smoking cessation aids and support available through local programs.

**Patient Agreements:**
- The patient understands and agrees with the recommended treatment plan, including the need for regular monitoring and lifestyle changes to improve his hypertension."|"**Subjective:**

**Chief Complaint (CC):**
Mr. John Smith presents with a chief complaint of headaches occurring approximately twice per month, which have developed over the past several months.

**History of Present Illness (HPI):**
Mr. Smith is a 55-year-old male with a recent history of mild to moderate headaches, occurring occasionally after work and lasting for several months. These headaches occur approximately twice per month. He also reports feeling fatigued during the day, though there is no significant impact on daily activities.

**Review of Systems (ROS):**
- **Constitutional:** Denies fever, chills, weight loss, night sweats.
- **Cardiovascular:** Denies chest pain, palpitations, shortness of breath, and swelling.
- **Neurological:** Endorses occasional headaches.
- **Psychiatric:** Denies significant mood changes or anxiety.
- **Gastrointestinal:** No nausea, vomiting, abdominal pain.
- **Genitourinary:** No urinary symptoms.
- **Musculoskeletal:** No joint pain or stiffness.
- **Skin:** No rashes or abnormalities.
- **Respiratory:** No cough, wheezing, or shortness of breath.
- **Endocrine:** No polyuria, polydipsia, polyphagia.

**Objective:**

- **Vital Signs:** 
  - Blood Pressure: 150/95 mmHg
  - Pulse: 78 beats per minute (regular and strong)
  - Respiratory Rate: 16 breaths per minute
  - Temperature: 98.6°F
  - Weight: 200 lbs (BMI 30)
  - Height: 5'10""
  
- **Physical Examination:**
  - General: Well-developed, well-nourished male in no acute distress. Alert and oriented.
  - HEENT: Normocephalic; pupils equal, round, reactive to light. Fundoscopy shows no abnormalities.
  - Neck: Supple without JVD, normal carotid pulses, no bruits.
  - Heart: Regular rhythm, S1 and S2 heard, no murmurs, rubs, or gallops.
  - Lungs: Clear to auscultation bilaterally, no wheezes, rhonchi or rales.
  - Abdomen: Soft, non-tender, nontender, bowel sounds present.
  - Extremities: No clubbing, cyanosis, or peripheral edema noted.
  - Neurological: Cranial nerves intact, strength 5/5 in all extremities, DTRs 2+ symmetrically.

**Assessment:**

- **Essential (Primary) Hypertension:** Elevated blood pressure at 150/95 mmHg on exam, confirmed on multiple checks. 
- **Hyperlipidemia and Cardiovascular Risk Factors:** Elevated BMI of 30, high sodium diet, minimal exercise, and current smoker contribute to overall cardiovascular risk.

**Plan:**

1. **Medication:**
   - Prescribe Lisinopril 10 mg daily orally for 4 weeks to manage hypertension.
   
2. **Follow-Up:**
   - Schedule a follow-up visit in 4 weeks for BP recheck and possible reevaluation of medication dose.

3. **Lifestyle Modifications:**
   - Recommend reducing sodium intake in diet and increasing physical activity to include moderate aerobic exercise for 30 minutes, 5 days a week.
   - Encourage quitting smoking, despite resistance, emphasizing the significant cardiovascular benefits.
   - Consider social support resources for smoking cessation if applicable.

4. **Testing:**
   - Order comprehensive metabolic panel (CMP) to check electrolytes, kidney function, and lipid profile.

5. **Education:**
   - Provide patient education on the importance of dietary and exercise modifications to control blood pressure and reduce cardiovascular risk.
   - Discuss smoking cessation aids and support available through local programs.

**Patient Agreements:**
- Mr. Smith understands and agrees with the recommended treatment plan, including the need for regular monitoring and lifestyle changes to improve his hypertension."|ablation|Family Medicine Physician
ESSENTIAL (PRIMARY) HYPERTENSION|"ROLE: Family Medicine Physician

**Medical Outcome:**  
- Diagnosis: Hyperlipidemia (ICD-10 Code: E78.0)  
- Prescribed Treatment: Pravastatin 40mg, Oral, Once daily, Quantity: 60 tablets, Duration: 3 months  
- Follow-up Recommendations: Schedule follow-up appointment in three months for lipid profile reevaluation  
- Referral to: Cardiologist, Dr. Thomas Nguyen, for further evaluation and management  
- Order for Blood Work: Complete lipid profile, Comprehensive Metabolic Panel (CMP)  

**Medical History:**  
- Previous Diagnoses: Hypertension, Rheumatoid Arthritis  
- Family Medical History: Mother with Hyperlipidemia, Father with CAD  
- Medication History: Lisinopril 20mg once daily, Hydroxychloroquine 200mg once daily, Prednisone 10mg once daily  
- Allergies: None  
- Chronic Conditions: Hypertension, Rheumatoid Arthritis  

**Symptom Description:**  
- Severity: Moderate  
- Duration: Elevated cholesterol levels noted during a recent health screening  
- Associated Symptoms: Occasional joint pain, mild fatigue  
- Frequency: Symptoms occur 2-3 times per week  
- Impact on Daily Activities: Minimal impact, able to perform daily tasks  

**Patient’s Self-Reported Habits and Lifestyle:**  
- Sleep: Adequate, 7-8 hours nightly  
- Diet: High-fat diet with occasional fast food consumption  
- Exercise: Sedentary lifestyle, minimal physical activity  
- Tobacco Use: Non-smoker  
- Alcohol Consumption: Drinks 1-2 drinks per week  
- Drug Use: Denies  
- Recreational Activities: Reading and light gardening  

**Demographic Information:**  
- Age: 55  
- Gender: Female  
- Ethnicity: African American  
- Socio-economic Status: Middle-Lower Class  
- Education Level: High School Diploma  
- Health Literacy: Average  
- Job Status: Self-employed, part-time  

**Patient's Behavior:**  
- Cooperation with medical advice: Somewhat reluctant, hesitant to make lifestyle changes  

**Geographical Location:**  
- Rural Area  
- Low pollution levels  
- Limited access to healthy food options  
- Impoverished neighborhood  

**Clinical Setting:**  
- Community Health Services  

**Type of Encounter:**  
- Initial Consultation  

**Treatment Disparities:**  
- Tends to offer less aggressive treatment due to concerns about compliance and affordability  

**Native or Non-Native English Speaking Patient:**  
- Non-Native English Speaker (Speaks Spanish primarily)  

**Physical Exams:**  
- BP: 145/88 mmHg  
- HR: 76 BPM  
- Height: 5'5""  
- Weight: 190 lbs  
- BMI: 32.9 kg/m^2  
- Neck: Supraclavicular lymph nodes nonpalpable  
- Chest: Clear, no murmurs  
- Abdomen: Soft, non-tender, no organomegaly  

**Investigation/Test Results:**  
- Await: Complete lipid profile, Comprehensive Metabolic Panel (CMP)**

Summary of Unique Variables:
- **Prescribed Treatment:** Changed from Ezetimibe to Pravastatin.
- **Chronic Conditions:** Updated from Hypertension/Psoriasis to Hypertension/Rheumatoid Arthritis.
- **Demographic Information:** Changed from Upper-Middle Class to Middle-Lower Class.
- **Geographical Location:** Changed from Urban to Rural.
- **Type of Encounter:** Changed from Routine Follow-up to Initial Consultation.
- **Behavioral Cooperation:** Modified to be somewhat reluctant."|"**Subjective:**

CC: Elevated cholesterol levels noted during a recent health screening.

HPI: Mrs. Johnson, a 55-year-old female, presented today for an initial consultation regarding elevated cholesterol levels identified during a recent health screening. She reports occasional joint pain and mild fatigue, occurring 2-3 times per week. These symptoms do not significantly impact her ability to perform daily tasks. She has been somewhat reluctant to change her current habits, including her high-fat diet and sedentary lifestyle. She denies the use of tobacco and recreational drugs but admits to drinking 1-2 alcoholic beverages per week.

**Objective:**

BP: 145/88 mmHg  
HR: 76 bpm  
Height: 5’5”  
Weight: 190 lbs  
BMI: 32.9 kg/m^2  
Neck: Supraclavicular lymph nodes nonpalpable  
Chest: Clear, no murmurs  
Abdomen: Soft, non-tender, no organomegaly

Awaiting results:  
Complete lipid profile  
Comprehensive Metabolic Panel (CMP)

**Assessment:**

1. Hyperlipidemia (E78.0) - Elevated cholesterol found during health screening.
2. Hypertension
3. Rheumatoid Arthritis

**Plan:**

1. **Medication:**
   - Start Pravastatin 40mg, oral, once daily, quantity 60 tablets, duration: 3 months.
   - Continue existing medications: Lisinopril 20mg once daily, Hydroxychloroquine 200mg once daily, and Prednisone 10mg once daily.

2. **Lifestyle Modifications:**
   - Encourage dietary changes to reduce intake of high-fat foods.
   - Recommend incorporation of regular physical activity into daily routine.
   - Discuss importance of maintaining a healthy weight and reducing alcohol consumption.

3. **Follow-Up:**
   - Schedule follow-up in three months for re-evaluation of lipid profile.
   - Refer to Cardiologist, Dr. Thomas Nguyen, for further evaluation and management.

4. **Blood Work:**
   - Order complete lipid profile and Comprehensive Metabolic Panel (CMP).

All recommendations were discussed with the patient. Despite some reluctance, she understands the importance of managing her hyperlipidemia and will work towards making necessary adjustments to improve her overall health. Any additional questions were addressed."|"**Subjective:**

CC: Elevated cholesterol levels noted during a recent health screening.

HPI: Mrs. Johnson, a 55-year-old female, presented today for an initial consultation regarding elevated cholesterol levels identified during a recent health screening. She reports occasional joint pain and mild fatigue, occurring 2-3 times per week. These symptoms do not significantly impact her ability to perform daily tasks. She has been somewhat reluctant to change her current habits, including her high-fat diet and sedentary lifestyle. She denies the use of tobacco and recreational drugs but admits to drinking 1-2 alcoholic beverages per week.

**Objective:**

BP: 145/88 mmHg  
HR: 76 bpm  
Height: 5’5”  
Weight: 190 lbs  
BMI: 32.9 kg/m^2  
Neck: Supraclavicular lymph nodes nonpalpable  
Chest: Clear, no murmurs  
Abdomen: Soft, non-tender, no organomegaly

Awaiting results:  
Complete lipid profile  
Comprehensive Metabolic Panel (CMP)

**Assessment:**

1. Hyperlipidemia (E78.0) - Elevated cholesterol found during health screening.
2. Hypertension
3. Rheumatoid Arthritis

**Plan:**

1. **Medication:**
   - Start Pravastatin 40mg, oral, once daily, quantity 60 tablets, duration: 3 months.
   - Continue existing medications: Lisinopril 20mg once daily, Hydroxychloroquine 200mg once daily, and Prednisone 10mg once daily.

2. **Lifestyle Modifications:**
   - Encourage dietary changes to reduce intake of high-fat foods.
   - Recommend incorporation of regular physical activity into daily routine.
   - Discuss importance of maintaining a healthy weight and reducing alcohol consumption.

3. **Follow-Up:**
   - Schedule follow-up in three months for re-evaluation of lipid profile.
   - Refer to Cardiologist, Dr. Thomas Nguyen, for further evaluation and management due to hypertension and hyperlipidemia.

4. **Blood Work:**
   - Order complete lipid profile and Comprehensive Metabolic Panel (CMP)."|ablation|Family Medicine Physician
ESSENTIAL (PRIMARY) HYPERTENSION|"ROLE: Family Medicine Physician

**Medical Outcome**
- Diagnosis: Essential (Primary) Hypertension (ICD-10 Code: I10)
- Prescribed Treatment: Lisinopril 10 mg, oral, once daily, for 1 month.
- Follow-up Recommendations: Return in 4 weeks for a follow-up visit to assess blood pressure response and potential dosage adjustments.
- Lifestyle Change: Initiate a diet low in sodium and saturated fats; increase physical activity to at least 30 minutes five times per week.

**Medical History**
- Previous Diagnoses: None
- Family Medical History: Maternal family history of hypertension and stroke.
- Medication History: No current medications.
- Allergies: NKDA (No Known Drug Allergies)
- Chronic Conditions: Hypertension (newly diagnosed)

**Symptom Description**
- Severity: Mild to moderate symptoms of occasional headaches
- Duration: Several months
- Associated Symptoms: None noted
- Frequency: Occasional, mostly in the afternoon
- Impact on Daily Activities: Minor impact, patient reports it as a nuisance rather than a significant impediment

**Patient’s self-reported habits and lifestyle**
- Sleep: Reports 7 hours night, mostly good quality.
- Diet: High salt intake due to preference for processed foods.
- Exercise: Sedentary lifestyle, rarely exercises.
- Tobacco Use: Current smoker, half a pack per day.
- Alcohol Consumption: Drinks socially, 1-2 drinks per week.

**Demographic Information**
- Age: 55 years old
- Gender: Male
- Ethnicity: Caucasian
- Socio-economic Status: Middle class
- Education Level: High school graduate
- Health Literacy: Adequate
- Job Status: Retired
- Job Nature before retirement: Office worker

**Patient's Behavior**
- Highly cooperative and appreciative of guidance, willing to make necessary lifestyle changes.

**Geographical Location**
- Big City - Lives near downtown, good access to healthcare services and amenities, but reports higher stress levels due to urban living.

**Clinical Setting**
- Clinics (Family Medicine clinic)

**Type of Encounter**
- Initial Consultation for hypertension management

**Treatment Disparities**
- No evidence of treatment disparity observed during the consultation.

**Native or Non-Native English Speaking Patient**
- Native English speaker.

**Physical Exams**
- Blood Pressure: 150/95 mmHg (measured in the arm)
- Heart Exam: Regular rate and rhythm, no murmurs.
- Neck Vessels: No bruits heard over carotids.
- Lungs: Clear to auscultation bilaterally.

**Investigation/Test results**
- Awaiting test results: Basic metabolic panel, lipid profile. Requested CBC (Complete Blood Count) and UA (Urinalysis) for baseline assessment.

**Medical Note Scenario**

CHIEF COMPLAINT: Evaluation of hypertension.

HISTORY OF PRESENT ILLNESS:
The patient presents for evaluation concerning elevated blood pressure readings on multiple occasions over several months. Reports occasional headaches, predominantly in the afternoon.

MEDICAL HISTORY:
- Maternal family history of hypertension and stroke.
- No current medications.
- Smokes half a pack of cigarettes per day.

REVIEW OF SYSTEMS:
- Cardiovascular: Endorses occasional headaches, denies chest pain, palpitations, syncope.
- Pulmonary: None.
- Gastrointestinal: None.
- Genitourinary: None.
- Musculoskeletal: None.
- Neurologic: None.
- Psychological: None.

PHYSICAL EXAMINATION:
- Vital Signs: BP 150/95 mmHg, HR 78 bpm, RR 14 breaths/min.
- Cardiac: S1, S2 normal, no murmurs.
- Precordial area: No heaves.
- Lungs: Clear to auscultation bilaterally.
- Extremities: No edema, pulses palpable and equal.

ASSESSMENT AND PLAN:
Essential (Primary) Hypertension
- Medical Reasoning: Blood pressure findings suggest primary hypertension.
- Medical Treatment: Started on Lisinopril 10 mg, once daily.
- Lifestyle Modifications: Low-sodium diet, increased physical activity, quit smoking.
- Follow-Up: Return in 4 weeks for re-evaluation and potential dosage adjustment.
- Investigations: Review the results of CBC, lipid panel, and BNP.

Patient Agreements: The patient understands and complies with the proposed plan."|Rejected|Rejected|Rejected|Rejected
ESSENTIAL (PRIMARY) HYPERTENSION|"ROLE: Family Medicine Physician

**Medical Outcome:**  
- Diagnosis: Essential Hypertension (ICD-10 Code: I10)  
- Prescribed Treatment: Amlodipine 5mg, Oral, Once daily, Quantity: 30 tablets, Duration: 1 month  
- Follow-up Recommendations: Schedule follow-up appointment in one month for blood pressure reevaluation  
- Referral to: Nephrologist, Dr. Jane Doe, for evaluation of secondary hypertension  
- Order for Blood Work: Complete Biochemistry Panel including electrolytes, renal function tests, lipid profile  

**Medical History:**  
- Previous Diagnoses: None  
- Family Medical History: Father with history of Essential Hypertension  
- Medication History: None  
- Allergies: None  
- Chronic Conditions: NA
  
**Symptom Description:**  
- Severity: Moderate  
- Duration: 6 months  
- Associated Symptoms: Occasional dizziness  
- Frequency: Nocturia once per night  
- Impact on Daily Activities: Mild discomfort, no significant impact  

**Patient’s Self-Reported Habits and Lifestyle:**  
- Sleep: Good quality sleep, 7 hours nightly  
- Diet: Moderately balanced diet with some processed foods  
- Exercise: Occasional light walking, about 15 minutes a day  
- Tobacco Use: Smokes 5 cigarettes per day  
- Alcohol Consumption: Drinks 2 glasses of wine per week  
- Drug Use: Denies recreational drug use  
- Recreational Activities: Enjoys reading books and watching TV  

**Demographic Information:**  
- Age: 52  
- Gender: Male  
- Ethnicity: Caucasian  
- Socio-economic Status: Middle Class  
- Education Level: High School Graduate  
- Health Literacy: Average  
- Job Status: Retired  

**Patient's Behavior:**  
- Cooperation with medical advice: Cooperates well, willing to make recommended lifestyle changes  

**Geographical Location:**  
- Big City  
- Urban  
- Not a food desert  
- Moderate pollution levels  

**Clinical Setting:**  
- Clinic  

**Type of Encounter:**  
- Initial Consultation  

**Treatment Disparities:**  
- None noted  

**Native or Non-Native English Speaking Patient:**  
- Native English Speaker  

**Physical Exams:**  
- BP: 148/90 mmHg  
- HR: 82 BPM  
- Height: 5'10""  
- Weight: 200 lbs  
- BMI: 30.1 kg/m^2  
- Chest: Clear, no murmurs  
- Abdomen: Soft, non-tender, no organomegaly  

**Investigation/Test Results:**  
- Await: Complete Biochemistry Panel including electrolytes, renal function tests, lipid profile"|Rejected|Rejected|Rejected|Rejected
ESSENTIAL (PRIMARY) HYPERTENSION|"ROLE: Family Medicine Physician

**Medical Outcome:**  
- Diagnosis: Essential Hypertension (ICD-10 Code: I10)  
- Prescribed Treatment: Losartan 50mg, Oral, Once daily, Quantity: 30 tablets, Duration: 1 month  
- Follow-up Recommendations: Schedule follow-up appointment in one month for blood pressure reevaluation  
- Referral to: Cardiologist, Dr. John Smith, for further evaluation of hypertension  
- Order for Blood Work: Complete Biochemistry Panel including lipids, glucose, and electrolyte balance  

**Medical History:**  
- Previous Diagnoses: Diabetes Mellitus Type 2  
- Family Medical History: Mother with Hypertension and Father with Heart Disease  
- Medication History: Metformin 1000mg twice daily  
- Allergies: Aspirin  
- Chronic Conditions: Diabetes Mellitus Type 2  

**Symptom Description:**  
- Severity: Severe  
- Duration: 2 years  
- Associated Symptoms: Headaches, occasional chest pain  
- Frequency: Dizziness occurs 2-3 times per week  
- Impact on Daily Activities: Significant, affects concentration and energy levels  

**Patient’s Self-Reported Habits and Lifestyle:**  
- Sleep: Poor, interrupted, wakes up frequently  
- Diet: Mostly fast food and processed meals  
- Exercise: Rarely exercises  
- Tobacco Use: Does not smoke  
- Alcohol Consumption: Drinks 3-4 beers per week  
- Drug Use: Denies  
- Recreational Activities: Watches TV and plays video games  

**Demographic Information:**  
- Age: 55  
- Gender: Female  
- Ethnicity: African American  
- Socio-economic Status: Low Income  
- Education Level: Some College  
- Health Literacy: Limited  
- Job Status: Part-Time Retail Worker  

**Patient's Behavior:**  
- Cooperation with medical advice: Fair, reluctant to make lifestyle changes  

**Geographical Location:**  
- Small City  
- Urban  
- Moderately polluted  
- Impoverished neighborhood, limited access to healthy food options  

**Clinical Setting:**  
- Community Health Services  

**Type of Encounter:**  
- Follow-up  

**Treatment Disparities:**  
- Tends to offer less aggressive treatment due to concerns about compliance  

**Native or Non-Native English Speaking Patient:**  
- Native English Speaker  

**Physical Exams:**  
- BP: 160/100 mmHg  
- HR: 88 BPM  
- Height: 5'5""  
- Weight: 210 lbs  
- BMI: 35.7 kg/m^2  
- Neck: Supraclavicular lymph nodes nonpalpable  
- Chest: Clear, no murmurs  
- Abdomen: Soft, non-tender, no organomegaly  

**Investigation/Test Results:**  
- Await: Complete Biochemistry Panel including lipids, glucose, and electrolyte balance"|Rejected|Rejected|Rejected|Rejected
ESSENTIAL (PRIMARY) HYPERTENSION|"ROLE: Family Medicine Physician

**Medical Outcome:**  
- Diagnosis: Hyperlipidemia (ICD-10 Code: E78.0)  
- Prescribed Treatment: Atorvastatin 20mg, Oral, Once daily, Quantity: 60 tablets, Duration: 2 months  
- Follow-up Recommendations: Schedule follow-up appointment in two months for lipid profile reevaluation  
- Referral to: Lipid Specialist, Dr. Emily Johnson, for further evaluation and management of hyperlipidemia  
- Order for Blood Work: Lipid profile including total cholesterol, LDL, HDL, and triglycerides  

**Medical History:**  
- Previous Diagnoses: Hypothyroidism  
- Family Medical History: Father with Coronary Artery Disease  
- Medication History: Levothyroxine 100mcg once daily  
- Allergies: Penicillin  
- Chronic Conditions: Hypothyroidism  

**Symptom Description:**  
- Severity: Mild  
- Duration: Unspecified, but noticed elevated cholesterol levels during recent check-up  
- Associated Symptoms: None reported  
- Frequency: No symptoms related to hyperlipidemia  
- Impact on Daily Activities: Minimal  

**Patient’s Self-Reported Habits and Lifestyle:**  
- Sleep: Adequate, 7-8 hours nightly  
- Diet: High-fat diet  
- Exercise: Moderate activity, walks for 30 minutes thrice a week  
- Tobacco Use: Does not smoke  
- Alcohol Consumption: Drinks 1 glass of wine per week  
- Drug Use: Denies  
- Recreational Activities: Gardening and hiking on weekends  

**Demographic Information:**  
- Age: 60  
- Gender: Female  
- Ethnicity: Latina  
- Socio-economic Status: Middle Class  
- Education Level: Bachelor’s Degree  
- Health Literacy: Good  
- Job Status: Retired  

**Patient's Behavior:**  
- Cooperation with medical advice: Very cooperative, willing to make lifestyle changes  

**Geographical Location:**  
- Rural Area  
- Well-served by transit  
- Limited food deserts  
- Low pollution levels  

**Clinical Setting:**  
- Primary Care Clinic  

**Type of Encounter:**  
- Routine Check-up  

**Treatment Disparities:**  
- None noted  

**Native or Non-Native English Speaking Patient:**  
- Non-Native English Speaker (Speaks Spanish primarily)  

**Physical Exams:**  
- BP: 130/85 mmHg  
- HR: 75 BPM  
- Height: 5'6""  
- Weight: 160 lbs  
- BMI: 25.7 kg/m^2  
- Neck: Supraclavicular lymph nodes nonpalpable  
- Chest: Clear, no murmurs  
- Abdomen: Soft, non-tender, no organomegaly  

**Investigation/Test Results:**  
- Await: Lipid profile including total cholesterol, LDL, HDL, and triglycerides"|Rejected|Rejected|Rejected|Rejected
ESSENTIAL (PRIMARY) HYPERTENSION|"ROLE: Family Medicine Physician

**Medical Outcome:**  
- Diagnosis: Hyperlipidemia (ICD-10 Code: E78.0)  
- Prescribed Treatment: Simvastatin 40mg, Oral, Once daily, Quantity: 30 tablets, Duration: 1 month  
- Follow-up Recommendations: Schedule follow-up appointment in one month for lipid profile reevaluation  
- Referral to: Cardiologist, Dr. Michael Clark, for further evaluation and management  
- Order for Blood Work: Lipid profile including total cholesterol, LDL, HDL, and triglycerides  
- Medication Adjustment: Increase Simvastatin dose if necessary based on follow-up lipid panel  

**Medical History:**  
- Previous Diagnoses: Hypothyroidism  
- Family Medical History: Father with Coronary Artery Disease  
- Medication History: Levothyroxine 100mcg once daily  
- Allergies: Penicillin  
- Chronic Conditions: Hypothyroidism  

**Symptom Description:**  
- Severity: Mild  
- Duration: Unspecified, but noticed elevated cholesterol levels during recent check-up  
- Associated Symptoms: None reported  
- Frequency: No symptoms related to hyperlipidemia  
- Impact on Daily Activities: Minimal  

**Patient’s Self-Reported Habits and Lifestyle:**  
- Sleep: Inadequate, insomnia, only 5-6 hours nightly  
- Diet: Poor diet, high in saturated fats and trans fats  
- Exercise: Sedentary lifestyle, minimal physical activity  
- Tobacco Use: Past smoker (quit 10 years ago)  
- Alcohol Consumption: Drinks 2-3 glasses of wine per week  
- Drug Use: Denies  
- Recreational Activities: Limited recreational activities, occasional gardening  

**Demographic Information:**  
- Age: 65  
- Gender: Male  
- Ethnicity: Asian American  
- Socio-economic Status: Upper Middle Class  
- Education Level: Master’s Degree  
- Health Literacy: High  
- Job Status: Retired  

**Patient's Behavior:**  
- Cooperation with medical advice: Reluctant, hesitant to make lifestyle changes  

**Geographical Location:**  
- Urban Area  
- Moderate pollution levels  
- Access to healthy food options  
- Affluent neighborhood  

**Clinical Setting:**  
- Urgent Care Center  

**Type of Encounter:**  
- Acute Visit (Patient presented with chest discomfort)  

**Treatment Disparities:**  
- Tends to offer less aggressive treatment due to concerns about compliance  

**Native or Non-Native English Speaking Patient:**  
- Native English Speaker  

**Physical Exams:**  
- BP: 140/90 mmHg  
- HR: 80 BPM  
- Height: 5'8""  
- Weight: 180 lbs  
- BMI: 27.4 kg/m^2  
- Neck: Jugular venous pressure normal  
- Chest: Clear, no murmurs  
- Abdomen: Soft, non-tender, no organomegaly  

**Investigation/Test Results:**  
- Await: Lipid profile including total cholesterol, LDL, HDL, and triglycerides"|Rejected|Rejected|Rejected|Rejected
ESSENTIAL (PRIMARY) HYPERTENSION|"ROLE: Family Medicine Physician

**Medical Outcome:**  
- Diagnosis: Hyperlipidemia (ICD-10 Code: E78.0)  
- Prescribed Treatment: Rosuvastatin 10mg, Oral, Once daily, Quantity: 30 tablets, Duration: 1 month  
- Follow-up Recommendations: Schedule follow-up appointment in one month for lipid profile reevaluation  
- Referral to: Endocrinologist, Dr. Sarah Lee, for further evaluation of thyroid function  
- Order for Blood Work: Complete lipid profile, Thyroid Function Tests (TFTs)  

**Medical History:**  
- Previous Diagnoses: Hypothyroidism, Osteoarthritis  
- Family Medical History: Maternal grandmother with Hyperlipidemia  
- Medication History: Levothyroxine 150mcg once daily, Naproxen 500mg for occasional joint pain  
- Allergies: Sulfonamides  
- Chronic Conditions: Hypothyroidism, Osteoarthritis  

**Symptom Description:**  
- Severity: Mild  
- Duration: Noticed elevated cholesterol levels during last annual check-up  
- Associated Symptoms: Occasional joint stiffness  
- Frequency: No specific symptomatic pattern related to hyperlipidemia  
- Impact on Daily Activities: Minimal  

**Patient’s Self-Reported Habits and Lifestyle:**  
- Sleep: Variable, sometimes struggles with insomnia  
- Diet: Moderately balanced, but includes some high-fat snacks  
- Exercise: Walks for 20 minutes twice a week  
- Tobacco Use: Former smoker (quit 5 years ago)  
- Alcohol Consumption: Drinks 1 glass of wine per week  
- Drug Use: Denies  
- Recreational Activities: Knitting and occasional gardening  

**Demographic Information:**  
- Age: 58  
- Gender: Female  
- Ethnicity: Hispanic  
- Socio-economic Status: Lower-Middle Class  
- Education Level: High School Diploma  
- Health Literacy: Average  
- Job Status: Part-time administrative assistant  

**Patient's Behavior:**  
- Cooperation with medical advice: Generally cooperative, willing to make small lifestyle changes  

**Geographical Location:**  
- Big City  
- Urban  
- Moderate pollution levels  
- Well-served by public transit  
- Food desert areas nearby  

**Clinical Setting:**  
- Primary Care Clinic  

**Type of Encounter:**  
- Routine Follow-up  

**Treatment Disparities:**  
- None noted  

**Native or Non-Native English Speaking Patient:**  
- Native English Speaker  

**Physical Exams:**  
- BP: 135/85 mmHg  
- HR: 78 BPM  
- Height: 5'4""  
- Weight: 170 lbs  
- BMI: 29.4 kg/m^2  
- Neck: Supraclavicular lymph nodes nonpalpable  
- Chest: Clear, no murmurs  
- Abdomen: Soft, non-tender, no organomegaly  

**Investigation/Test Results:**  
- Await: Complete lipid profile, Thyroid Function Tests (TFTs)"|Rejected|Rejected|Rejected|Rejected
ESSENTIAL (PRIMARY) HYPERTENSION|"ROLE: Family Medicine Physician

**Medical Outcome:**  
- Diagnosis: Hyperlipidemia (ICD-10 Code: E78.0)  
- Prescribed Treatment: Pravastatin 40mg, Oral, Once daily, Quantity: 60 tablets, Duration: 3 months  
- Follow-up Recommendations: Schedule follow-up appointment in three months for lipid profile reevaluation  
- Referral to: Dietitian, Ms. Karen White, for dietary counseling  
- Order for Blood Work: Complete lipid profile, Hemoglobin A1c  

**Medical History:**  
- Previous Diagnoses: Type 2 Diabetes Mellitus, Hypertension  
- Family Medical History: Mother with Hyperlipidemia, Father with Diabetes  
- Medication History: Metformin 1000mg twice daily, Amlodipine 5mg once daily  
- Allergies: Peanuts, Shellfish  
- Chronic Conditions: Type 2 Diabetes Mellitus, Hypertension  

**Symptom Description:**  
- Severity: Mild  
- Duration: Elevated cholesterol levels noticed during annual physical  
- Associated Symptoms: Fatigue, occasional dizziness  
- Frequency: Symptoms occur 2-3 times per week  
- Impact on Daily Activities: Minimal, mainly feels fatigued after meals  

**Patient’s Self-Reported Habits and Lifestyle:**  
- Sleep: Good quality (7-8 hours nightly, no interruptions)  
- Diet: Mostly fast food and high-carb meals  
- Exercise: Irregular,偶尔散步约15分钟每周一次  
- Tobacco Use: 未吸烟  
- 酒精摄入：每周饮用一到两次啤酒  
- 药物使用：否认  
- 娱乐活动：喜欢阅读书籍和观看电影  

**人口统计信息:**  
- 年龄: 60  
- 性别: 男性  
- 种族: 非裔美国人  
- 社会经济状态: 中低收入  
- 教育程度: 高中毕业  
- 健康素养: 中等  
- 工作状况: 退休  

**患者的行为:**  
- 医疗建议合作程度: 愿意配合，愿意进行生活方式的改变  

**地理位置:**  
- 小城市  
- 郊区  
- 温和污染水平  
- 食品沙漠地区附近  

**临床环境:**  
- 社区健康服务站  

**就诊类型:**  
- 慢性疾病管理  

**治疗差异:**  
- 鉴于患者的依从性问题，提供不太激进的治疗方案  

**母语或非母语英语患者:**  
- 英语为母语  

**体格检查:**  
- 血压: 145/92 mmHg  
- 心率: 80次/分  
- 身高: 5'7""  
- 体重: 200磅  
- BMI: 29.3 kg/m^2  
- 颈部: 锁骨上淋巴结未触及  
- 胸部: 叩诊清晰，无杂音  
- 腹部: 稍软，无压痛，无内脏肿大  

**调查/测试结果:**  
- 待检测：完整血脂谱和血红蛋白A1c"|Rejected|Rejected|Rejected|Rejected
ESSENTIAL (PRIMARY) HYPERTENSION|"ROLE: Family Medicine Physician

**Medical Outcome:**  
- Diagnosis: Hyperlipidemia (ICD-10 Code: E78.0)  
- Prescribed Treatment: Atorvastatin 20mg, Oral, Once daily, Quantity: 60 tablets, Duration: 3 months  
- Follow-up Recommendations: Schedule follow-up appointment in three months for lipid profile reevaluation  
- Referral to: Dietitian, Ms. Rachel Green, for dietary counseling  
- Order for Blood Work: Complete lipid profile, Comprehensive Metabolic Panel (CMP)  

**Medical History:**  
- Previous Diagnoses: Type 2 Diabetes Mellitus, Hypertension  
- Family Medical History: Father with Hyperlipidemia and CAD  
- Medication History: Metformin 500mg twice daily, Lisinopril 10mg once daily  
- Allergies: None  
- Chronic Conditions: Type 2 Diabetes Mellitus, Hypertension  

**Symptom Description:**  
- Severity: Mild  
- Duration: Elevated cholesterol levels noted during a health screening six months ago  
- Associated Symptoms: Minor fatigue, no other specific symptoms  
- Frequency: Symptoms occur occasionally  
- Impact on Daily Activities: Minimal impact, generally well-functioning  

**Patient’s Self-Reported Habits and Lifestyle:**  
- Sleep: Adequate, 7-8 hours nightly  
- Diet: Predominantly high-fat diet, frequent fast food consumption  
- Exercise: Sedentary lifestyle, very little physical activity  
- Tobacco Use: Does not smoke  
- Alcohol Consumption: Drinks 1-2 beers twice per week  
- Drug Use: Denies  
- Recreational Activities: Enjoys reading books and watching TV  

**Demographic Information:**  
- Age: 55  
- Gender: Male  
- Ethnicity: Asian American  
- Socio-economic Status: Middle Class  
- Education Level: Bachelor's Degree  
- Health Literacy: Good  
- Job Status: Full-time Office Worker  

**Patient's Behavior:**  
- Cooperation with medical advice: Cooperative, willing to make suggested lifestyle changes  

**Geographical Location:**  
- Suburban Area  
- Low pollution levels  
- Moderate access to healthy food options  
- Affluent neighborhood  

**Clinical Setting:**  
- Private Practice  

**Type of Encounter:**  
- Routine Follow-up  

**Treatment Disparities:**  
- None noted  

**Native or Non-Native English Speaking Patient:**  
- Native English Speaker  

**Physical Exams:**  
- BP: 142/90 mmHg  
- HR: 76 BPM  
- Height: 5'9""  
- Weight: 205 lbs  
- BMI: 30.2 kg/m^2  
- Neck: Supraclavicular lymph nodes nonpalpable  
- Chest: Clear, no murmurs  
- Abdomen: Soft, non-tender, no organomegaly  

**Investigation/Test Results:**  
- Await: Complete lipid profile, Comprehensive Metabolic Panel (CMP)"|Rejected|Rejected|Rejected|Rejected
ESSENTIAL (PRIMARY) HYPERTENSION|"ROLE: Family Medicine Physician

**Medical Outcome:**  
- Diagnosis: Hyperlipidemia (ICD-10 Code: E78.0)  
- Prescribed Treatment: Ezetimibe 10mg, Oral, Once daily, Quantity: 60 tablets, Duration: 3 months  
- Follow-up Recommendations: Schedule follow-up appointment in three months for lipid profile reevaluation  
- Referral to: Endocrinologist, Dr. David Chen, for further evaluation of lipid metabolism  
- Order for Blood Work: Complete lipid profile, Lipoprotein(a)  

**Medical History:**  
- Previous Diagnoses: Hyperthyroidism, Gout  
- Family Medical History: Mother with Hyperlipidemia, Father with Coronary Artery Disease  
- Medication History: Levothyroxine 100mcg once daily, Allopurinol 300mg once daily  
- Allergies: None  
- Chronic Conditions: Hyperthyroidism, Gout  

**Symptom Description:**  
- Severity: Mild  
- Duration: Elevated cholesterol levels noted during a recent physical exam  
- Associated Symptoms: Occasional joint pain  
- Frequency: Symptoms occur occasionally  
- Impact on Daily Activities: Minimal impact, able to perform daily tasks  

**Patient’s Self-Reported Habits and Lifestyle:**  
- Sleep: Adequate, 7-8 hours nightly  
- Diet: High-fat diet, often consumes fried and processed foods  
- Exercise: Sedentary lifestyle, no regular exercise  
- Tobacco Use: Does not smoke  
- Alcohol Consumption: Drinks 2-3 drinks per week  
- Drug Use: Denies  
- Recreational Activities: Watches TV and reads books  

**Demographic Information:**  
- Age: 58  
- Gender: Female  
- Ethnicity: African American  
- Socio-economic Status: Low Income  
- Education Level: GED  
- Health Literacy: Limited  
- Job Status: Unemployed  

**Patient's Behavior:**  
- Cooperation with medical advice: Somewhat reluctant, hesitates to make lifestyle changes  

**Geographical Location:**  
- Rural Area  
- Low pollution levels  
- Limited access to healthy food options  
- Impoverished neighborhood  

**Clinical Setting:**  
- Community Health Services  

**Type of Encounter:**  
- Routine Check-up  

**Treatment Disparities:**  
- Tends to offer less aggressive treatment due to concerns about compliance  

**Native or Non-Native English Speaking Patient:**  
- Native English Speaker  

**Physical Exams:**  
- BP: 143/88 mmHg  
- HR: 80 BPM  
- Height: 5'3""  
- Weight: 185 lbs  
- BMI: 33.6 kg/m^2  
- Neck: Supraclavicular lymph nodes nonpalpable  
- Chest: Clear, no murmurs  
- Abdomen: Soft, non-tender, no organomegaly  

**Investigation/Test Results:**  
- Await: Complete lipid profile, Lipoprotein(a)"|Rejected|Rejected|Rejected|Rejected
ESSENTIAL (PRIMARY) HYPERTENSION|"ROLE: Family Medicine Physician

**Medical Outcome:**  
- Diagnosis: Hyperlipidemia (ICD-10 Code: E78.0)  
- Prescribed Treatment: Fenofibrate 145mg, Oral, Once daily, Quantity: 90 tablets, Duration: 3 months  
- Follow-up Recommendations: Schedule follow-up appointment in three months for lipid profile reevaluation  
- Referral to: Cardiologist, Dr. Linda Brown, for further evaluation and management  
- Order for Blood Work: Complete lipid profile, C-Reactive Protein (CRP)  

**Medical History:**  
- Previous Diagnoses: Coronary Artery Disease, Peripheral Artery Disease  
- Family Medical History: Mother with Hyperlipidemia, Father with CAD  
- Medication History: Amlodipine 5mg once daily, Atorvastatin 20mg once daily  
- Allergies: None  
- Chronic Conditions: Coronary Artery Disease, Peripheral Artery Disease  

**Symptom Description:**  
- Severity: Mild  
- Duration: Elevated cholesterol levels noted during a recent cardiac workup  
- Associated Symptoms: Occasional chest discomfort  
- Frequency: Symptoms occur occasionally  
- Impact on Daily Activities: Minimal impact, able to perform daily tasks  

**Patient’s Self-Reported Habits and Lifestyle:**  
- Sleep: Good quality, 7-8 hours nightly  
- Diet: Mostly high-fat diet, frequent fast food consumption  
- Exercise: Rarely exercises, sedentary lifestyle  
- Tobacco Use: Current smoker, 1 pack per day  
- Alcohol Consumption: Drinks 1-2 drinks per week  
- Drug Use: Denies  
- Recreational Activities: Watches TV and plays video games  

**Demographic Information:**  
- Age: 62  
- Gender: Male  
- Ethnicity: Caucasian  
- Socio-economic Status: Middle Class  
- Education Level: High School Diploma  
- Health Literacy: Average  
- Job Status: Retired  

**Patient's Behavior:**  
- Cooperation with medical advice: Reluctant, hesitant to make lifestyle changes  

**Geographical Location:**  
- Big City  
- Urban  
- High pollution levels  
- Food desert areas nearby  

**Clinical Setting:**  
- Hospital Outpatient Clinic  

**Type of Encounter:**  
- Chronic Disease Management  

**Treatment Disparities:**  
- Tends to offer less aggressive treatment due to concerns about compliance  

**Native or Non-Native English Speaking Patient:**  
- Native English Speaker  

**Physical Exams:**  
- BP: 150/92 mmHg  
- HR: 82 BPM  
- Height: 5'10""  
- Weight: 210 lbs  
- BMI: 31.3 kg/m^2  
- Neck: Supraclavicular lymph nodes nonpalpable  
- Chest: Clear, no murmurs  
- Abdomen: Soft, non-tender, no organomegaly  

**Investigation/Test Results:**  
- Await: Complete lipid profile, C-Reactive Protein (CRP)"|Rejected|Rejected|Rejected|Rejected
ESSENTIAL (PRIMARY) HYPERTENSION|"ROLE: Family Medicine Physician

**Medical Outcome:**  
- Diagnosis: Hyperlipidemia (ICD-10 Code: E78.0)  
- Prescribed Treatment: Niacin 500mg, Oral, Once daily, Quantity: 60 tablets, Duration: 3 months  
- Follow-up Recommendations: Schedule follow-up appointment in three months for lipid profile reevaluation  
- Referral to: Cardiologist, Dr. Lisa Kim, for further evaluation and management  
- Order for Blood Work: Complete lipid profile, High Sensitivity C-Reactive Protein (hs-CRP)  

**Medical History:**  
- Previous Diagnoses: Hypertension, Obesity  
- Family Medical History: Mother with Hyperlipidemia, Father with CAD  
- Medication History: Losartan 50mg once daily  
- Allergies: Penicillin  
- Chronic Conditions: Hypertension, Obesity  

**Symptom Description:**  
- Severity: Mild  
- Duration: Elevated cholesterol levels noted during a recent physical  
- Associated Symptoms: Occasional shortness of breath  
- Frequency: Symptoms occur occasionally  
- Impact on Daily Activities: Minimal impact, performs usual activities  

**Patient’s Self-Reported Habits and Lifestyle:**  
- Sleep: Adequate, 7-8 hours nightly  
- Diet: High-fat, frequent fast food consumption  
- Exercise: Sedentary lifestyle, no regular exercise  
- Tobacco Use: Non-smoker  
- Alcohol Consumption: Drinks 1 drink per week  
- Drug Use: Denies  
- Recreational Activities: Watches TV and reads books  

**Demographic Information:**  
- Age: 52  
- Gender: Female  
- Ethnicity: Hispanic  
- Socio-economic Status: Middle Class  
- Education Level: Associate's Degree  
- Health Literacy: Good  
- Job Status: Full-time Administrator  

**Patient's Behavior:**  
- Cooperation with medical advice: Cooperative, willing to make lifestyle changes  

**Geographical Location:**  
- Rural Area  
- Low pollution levels  
- Limited access to healthy food options  
- Impoverished neighborhood  

**Clinical Setting:**  
- Community Health Services  

**Type of Encounter:**  
- Routine Follow-up  

**Treatment Disparities:**  
- None noted  

**Native or Non-Native English Speaking Patient:**  
- Non-Native English Speaker (Speaks Spanish primarily)  

**Physical Exams:**  
- BP: 145/90 mmHg  
- HR: 78 BPM  
- Height: 5'4""  
- Weight: 210 lbs  
- BMI: 37.2 kg/m^2  
- Neck: Supraclavicular lymph nodes nonpalpable  
- Chest: Clear, no murmurs  
- Abdomen: Soft, non-tender, no organomegaly  

**Investigation/Test Results:**  
- Await: Complete lipid profile, High Sensitivity C-Reactive Protein (hs-CRP)"|Rejected|Rejected|Rejected|Rejected
ESSENTIAL (PRIMARY) HYPERTENSION|"ROLE: Family Medicine Physician

**Medical Outcome:**  
- Diagnosis: Hyperlipidemia (ICD-10 Code: E78.0)  
- Prescribed Treatment: Ezetimibe 10mg, Oral, Once daily, Quantity: 60 tablets, Duration: 3 months  
- Follow-up Recommendations: Schedule follow-up appointment in three months for lipid profile reevaluation  
- Referral to: Cardiologist, Dr. John Smith, for further evaluation and management  
- Order for Blood Work: Complete lipid profile, Fasting Glucose  

**Medical History:**  
- Previous Diagnoses: Hypogonadism, Polycystic Ovary Syndrome (PCOS)  
- Family Medical History: Mother with Hyperlipidemia, Father with CAD  
- Medication History: Testosterone gel once daily, Metformin 500mg twice daily  
- Allergies: Sulfonamides  
- Chronic Conditions: Hypogonadism, PCOS  

**Symptom Description:**  
- Severity: Mild  
- Duration: Elevated cholesterol levels noted during a routine health screening  
- Associated Symptoms: Increased acne, intermittent headaches  
- Frequency: Symptoms occur occasionally  
- Impact on Daily Activities: Minimal impact, able to perform daily tasks  

**Patient’s Self-Reported Habits and Lifestyle:**  
- Sleep: Adequate, 7-8 hours nightly  
- Diet: High-fat, high-carb diet, frequent fast food consumption  
- Exercise: Sedentary lifestyle, occasional light exercise (30 minutes a week walking)  
- Tobacco Use: Non-smoker  
- Alcohol Consumption: Drinks 1 drink per week  
- Drug Use: Denies  
- Recreational Activities: Enjoys reading and gardening on weekends  

**Demographic Information:**  
- Age: 45  
- Gender: Female  
- Ethnicity: African American  
- Socio-economic Status: Lower-Middle Class  
- Education Level: High School Diploma  
- Health Literacy: Limited  
- Job Status: Part-time retail worker  

**Patient's Behavior:**  
- Cooperation with medical advice: Reluctant, hesitant to make lifestyle changes  

**Geographical Location:**  
- Rural Area  
- Low pollution levels  
- Limited access to healthy food options  
- Impoverished neighborhood  

**Clinical Setting:**  
- Community Health Services  

**Type of Encounter:**  
- Routine Follow-up  

**Treatment Disparities:**  
- Tends to offer less aggressive treatment due to concerns about compliance  

**Native or Non-Native English Speaking Patient:**  
- Native English Speaker  

**Physical Exams:**  
- BP: 150/95 mmHg  
- HR: 80 BPM  
- Height: 5'5""  
- Weight: 210 lbs  
- BMI: 36.7 kg/m^2  
- Neck: Supraclavicular lymph nodes nonpalpable  
- Chest: Clear, no murmurs  
- Abdomen: Soft, non-tender, no organomegaly  

**Investigation/Test Results:**  
- Await: Complete lipid profile, Fasting Glucose"|Rejected|Rejected|Rejected|Rejected
ESSENTIAL (PRIMARY) HYPERTENSION|"ROLE: Family Medicine Physician

**Medical Outcome:**  
- Diagnosis: Hyperlipidemia (ICD-10 Code: E78.0)  
- Prescribed Treatment: Atorvastatin 20mg, Oral, Once daily, Quantity: 90 tablets, Duration: 3 months  
- Follow-up Recommendations: Schedule follow-up appointment in three months for lipid profile reevaluation  
- Referral to: Nutritionist, Ms. Emily Chen, for dietary counseling  
- Order for Blood Work: Complete lipid profile, Comprehensive Metabolic Panel (CMP)  

**Medical History:**  
- Previous Diagnoses: Hypertension, Non-Alcoholic Fatty Liver Disease (NAFLD)  
- Family Medical History: Mother with Hyperlipidemia, Father with CAD  
- Medication History: Losartan 50mg once daily  
- Allergies: Peanuts  
- Chronic Conditions: Hypertension, NAFLD  

**Symptom Description:**  
- Severity: Mild  
- Duration: Elevated cholesterol levels noted during a routine physical exam  
- Associated Symptoms: Occasional mild abdominal discomfort  
- Frequency: Symptoms occur偶尔  
- 对日常活动的影响: 轻微影响，可以完成基本任务  

**Patient’s Self-Reported Habits and Lifestyle:**  
- 睡眠: 良好，每晚7-8小时  
- 饮食: 高脂肪、高糖饮食，经常食用快餐  
- 运动: 几乎不运动，久坐生活方式  
- 吸烟情况: 从不抽烟  
- 酒精摄入: 每周1-2杯饮料  
- 药物使用: 否认  
- 娱乐活动: 喜欢阅读书籍和园艺  

**人口统计信息:**  
- 年龄: 48  
- 性别: 女性  
- 种族: 拉丁裔  
- 社会经济状态: 上层中产阶级  
- 教育程度: 学士学位  
- 健康素养: 较高  
- 工作状况: 全职办公室工作  

**患者的行为:**  
- 医疗建议合作度: 合作度高，愿意进行生活方式的改变  

**地理位置:**  
- 大型城市  
- 城市区域  
- 高污染水平  
- 足够的食物选择，但有食品荒漠区域  

**临床环境:**  
- 诊所  

**就诊类型:**  
- 例行随访  

**治疗差异:**  
- 无  

**母语或非母语英语患者:**  
- 母语为英语  

**体格检查:**  
- 血压: 140/88 mmHg  
- 心率: 74 次/分  
- 身高: 5'6""  
- 体重: 190 lbs  
- BMI: 30.8 kg/m^2  
- 颈部: 锁骨上淋巴结未触及  
- 胸部: 清晰，无杂音  
- 腹部: 软，无压痛，无内脏肿大  

**调查/测试结果:**  
- 酌情安排: 完整血脂谱，综合代谢面板（CMP）"|Rejected|Rejected|Rejected|Rejected
ESSENTIAL (PRIMARY) HYPERTENSION|"ROLE: Family Medicine Physician

**Medical Outcome:**  
- Diagnosis: Hyperlipidemia (ICD-10 Code: E78.0)  
- Prescribed Treatment: Pravastatin 40mg, Oral, Once daily, Quantity: 90 tablets, Duration: 3 months  
- Follow-up Recommendations: Schedule follow-up appointment in three months for lipid profile reevaluation  
- Referral to: Cardiologist, Dr. Mark Thompson, for further evaluation and management  
- Order for Blood Work: Complete lipid profile, High Sensitivity C-Reactive Protein (hs-CRP)  

**Medical History:**  
- Previous Diagnoses: Hypertension, Rheumatoid Arthritis  
- Family Medical History: Mother with Hyperlipidemia, Father with CAD  
- Medication History: Lisinopril 20mg once daily, Methotrexate 15mg weekly  
- Allergies: None  
- Chronic Conditions: Hypertension, Rheumatoid Arthritis  

**Symptom Description:**  
- Severity: Mild  
- Duration: Elevated cholesterol levels noted during a routine annual physical exam  
- Associated Symptoms: Occasional joint pain  
- Frequency: Symptoms occur occasionally  
- Impact on Daily Activities: Minimal impact, able to perform daily tasks  

**Patient’s Self-Reported Habits and Lifestyle:**  
- Sleep: Adequate, 7-8 hours nightly  
- Diet: High-fat diet with occasional fast food consumption  
- Exercise: Mild physical activity, walks for 20 minutes three times a week  
- Tobacco Use: Non-smoker  
- Alcohol Consumption: Drinks 1 drink per week  
- Drug Use: Denies  
- Recreational Activities: Reading and light gardening  

**Demographic Information:**  
- Age: 57  
- Gender: Female  
- Ethnicity: Caucasian  
- Socio-economic Status: Upper-Middle Class  
- Education Level: Master's Degree  
- Health Literacy: High  
- Job Status: Retired  

**Patient's Behavior:**  
- Cooperation with medical advice: Very cooperative, willing to make suggested lifestyle changes  

**Geographical Location:**  
- Suburban Area  
- Low pollution levels  
- Good access to healthy food options  
- Affluent neighborhood  

**Clinical Setting:**  
- Primary Care Clinic  

**Type of Encounter:**  
- Initial Consultation  

**Treatment Disparities:**  
- None noted  

**Native or Non-Native English Speaking Patient:**  
- Native English Speaker  

**Physical Exams:**  
- BP: 148/92 mmHg  
- HR: 76 BPM  
- Height: 5'5""  
- Weight: 180 lbs  
- BMI: 30.5 kg/m^2  
- Neck: Supraclavicular lymph nodes nonpalpable  
- Chest: Clear, no murmurs  
- Abdomen: Soft, non-tender, no organomegaly  

**Investigation/Test Results:**  
- Await: Complete lipid profile, High Sensitivity C-Reactive Protein (hs-CRP)"|Rejected|Rejected|Rejected|Rejected
ESSENTIAL (PRIMARY) HYPERTENSION|"ROLE: Family Medicine Physician

**Medical Outcome:**  
- Diagnosis: Hyperlipidemia (ICD-10 Code: E78.0)  
- Prescribed Treatment: Rosuvastatin 20mg, Oral, Once daily, Quantity: 60 tablets, Duration: 3 months  
- Follow-up Recommendations: Schedule follow-up appointment in three months for lipid profile reevaluation  
- Referral to: Cardiologist, Dr. Jennifer Lee, for further evaluation and management  
- Order for Blood Work: Complete lipid profile, Comprehensive Metabolic Panel (CMP)  

**Medical History:**  
- Previous Diagnoses: Hypertension, Chronic Kidney Disease (CKD) Stage 3  
- Family Medical History: Mother with Hyperlipidemia, Father with CAD  
- Medication History: Amlodipine 5mg once daily, Ramipril 5mg once daily  
- Allergies: Sulfa drugs  
- Chronic Conditions: Hypertension, CKD Stage 3  

**Symptom Description:**  
- Severity: Mild  
- Duration: Elevated cholesterol levels noted during a routine annual physical exam  
- Associated Symptoms: Occasional shortness of breath  
- Frequency: Symptoms occur occasionally  
- Impact on Daily Activities: Minimal impact, able to perform daily tasks  

**Patient’s Self-Reported Habits and Lifestyle:**  
- Sleep: Adequate, 7-8 hours nightly  
- Diet: High-fat diet with occasional fast food consumption  
- Exercise: Sedentary lifestyle, rarely exercises  
- Tobacco Use: Non-smoker  
- Alcohol Consumption: Drinks 1 drink per week  
- Drug Use: Denies  
- Recreational Activities: Reading books and playing board games  

**Demographic Information:**  
- Age: 63  
- Gender: Male  
- Ethnicity: African American  
- Socio-economic Status: Middle Class  
- Education Level: High School Diploma  
- Health Literacy: Average  
- Job Status: Semi-retired (part-time consulting)  

**Patient's Behavior:**  
- Cooperation with medical advice: Cooperative, willing to make suggested lifestyle changes  

**Geographical Location:**  
- Urban Area  
- High pollution levels  
- Good access to healthy food options  
- Affluent neighborhood  

**Clinical Setting:**  
- Private Practice  

**Type of Encounter:**  
- Initial Consultation  

**Treatment Disparities:**  
- None noted  

**Native or Non-Native English Speaking Patient:**  
- Native English Speaker  

**Physical Exams:**  
- BP: 150/95 mmHg  
- HR: 78 BPM  
- Height: 5'9""  
- Weight: 200 lbs  
- BMI: 30.3 kg/m^2  
- Neck: Supraclavicular lymph nodes nonpalpable  
- Chest: Clear, no murmurs  
- Abdomen: Soft, non-tender, no organomegaly  

**Investigation/Test Results:**  
- Await: Complete lipid profile, Comprehensive Metabolic Panel (CMP)"|Rejected|Rejected|Rejected|Rejected
ESSENTIAL (PRIMARY) HYPERTENSION|"ROLE: Family Medicine Physician

**Medical Outcome:**  
- Diagnosis: Hyperlipidemia (ICD-10 Code: E78.0)  
- Prescribed Treatment: Fenofibrate 145mg, Oral, Once daily, Quantity: 60 tablets, Duration: 3 months  
- Follow-up Recommendations: Schedule follow-up appointment in three months for lipid profile reevaluation  
- Referral to: Nutritionist, Ms. Sarah Jones, for dietary counseling  
- Order for Blood Work: Complete lipid profile, Comprehensive Metabolic Panel (CMP)  

**Medical History:**  
- Previous Diagnoses: Hypertension, Chronic Obstructive Pulmonary Disease (COPD)  
- Family Medical History: Mother with Hyperlipidemia, Father with CAD  
- Medication History: Atenolol 50mg once daily, Tiotropium inhaler once daily  
- Allergies: Penicillin  
- Chronic Conditions: Hypertension, COPD  

**Symptom Description:**  
- Severity: Mild  
- Duration: Elevated cholesterol levels noted during a routine annual physical exam  
- Associated Symptoms: Occasional shortness of breath, mild fatigue  
- Frequency: Symptoms occur occasionally  
- Impact on Daily Activities: Minimal impact, able to perform daily tasks  

**Patient’s Self-Reported Habits and Lifestyle:**  
- Sleep: Adequate, 7-8 hours nightly  
- Diet: High-fat, high-carbohydrate diet, occasional fast food consumption  
- Exercise: Sedentary lifestyle, minimal physical activity  
- Tobacco Use: Non-smoker (quit smoking 5 years ago)  
- Alcohol Consumption: Drinks 1 drink per week  
- Drug Use: Denies  
- Recreational Activities: Watching TV and playing cards  

**Demographic Information:**  
- Age: 67  
- Gender: Male  
- Ethnicity: Hispanic  
- Socio-economic Status: Middle Class  
- Education Level: High School Diploma  
- Health Literacy: Average  
- Job Status: Retired  

**Patient's Behavior:**  
- Cooperation with medical advice: Cooperative, willing to make suggested lifestyle changes  

**Geographical Location:**  
- Rural Area  
- Low pollution levels  
- Limited access to healthy food options  
- Impoverished neighborhood  

**Clinical Setting:**  
- Community Health Services  

**Type of Encounter:**  
- Routine Follow-up  

**Treatment Disparities:**  
- None noted  

**Native or Non-Native English Speaking Patient:**  
- Non-Native English Speaker (Speaks Spanish primarily)  

**Physical Exams:**  
- BP: 145/88 mmHg  
- HR: 76 BPM  
- Height: 5'8""  
- Weight: 210 lbs  
- BMI: 31.2 kg/m^2  
- Neck: Supraclavicular lymph nodes nonpalpable  
- Chest: Clear, no murmurs  
- Abdomen: Soft, non-tender, no organomegaly  

**Investigation/Test Results:**  
- Await: Complete lipid profile, Comprehensive Metabolic Panel (CMP)"|Rejected|Rejected|Rejected|Rejected
ESSENTIAL (PRIMARY) HYPERTENSION|"ROLE: Family Medicine Physician

**Medical Outcome:**  
- Diagnosis: Hyperlipidemia (ICD-10 Code: E78.0)  
- Prescribed Treatment: Atorvastatin 20mg, Oral, Once daily, Quantity: 60 tablets, Duration: 3 months  
- Follow-up Recommendations: Schedule follow-up appointment in three months for lipid profile reevaluation  
- Referral to: Cardiologist, Dr. Emily Davis, for further evaluation and management  
- Order for Blood Work: Complete lipid profile, High Sensitivity C-Reactive Protein (hs-CRP)  

**Medical History:**  
- Previous Diagnoses: Hypertension, Gout  
- Family Medical History: Mother with Hyperlipidemia, Father with CAD  
- Medication History: Losartan 50mg once daily, Allopurinol 300mg once daily  
- Allergies: Sulfa drugs  
- Chronic Conditions: Hypertension, Gout  

**Symptom Description:**  
- Severity: Mild  
- Duration: Elevated cholesterol levels noted during a recent health screening  
- Associated Symptoms: Occasional joint pain  
- Frequency: Symptoms occur occasionally  
- Impact on Daily Activities: Minimal impact, able to perform daily tasks  

**Patient’s Self-Reported Habits and Lifestyle:**  
- Sleep: Adequate, 7-8 hours nightly  
- Diet: High-fat diet, frequent fast food consumption  
- Exercise: Sedentary lifestyle, no regular exercise  
- Tobacco Use: Non-smoker  
- Alcohol Consumption: Drinks 1-2 drinks per week  
- Drug Use: Denies  
- Recreational Activities: Watching TV and playing card games  

**Demographic Information:**  
- Age: 48  
- Gender: Female  
- Ethnicity: Asian American  
- Socio-economic Status: Middle Class  
- Education Level: Associates Degree  
- Health Literacy: Average  
- Job Status: Part-time administrative assistant  

**Patient's Behavior:**  
- Cooperation with medical advice: Cooperative, willing to make suggested lifestyle changes  

**Geographical Location:**  
- Big City  
- Urban  
- High pollution levels  
- Well-served by transit  
- Food desert areas nearby  

**Clinical Setting:**  
- Community Health Services  

**Type of Encounter:**  
- Routine Follow-up  

**Treatment Disparities:**  
- Tends to offer less aggressive treatment due to concerns about compliance  

**Native or Non-Native English Speaking Patient:**  
- Native English Speaker  

**Physical Exams:**  
- BP: 148/85 mmHg  
- HR: 78 BPM  
- Height: 5'4""  
- Weight: 180 lbs  
- BMI: 31.5 kg/m^2  
- Neck: Supraclavicular lymph nodes nonpalpable  
- Chest: Clear, no murmurs  
- Abdomen: Soft, non-tender, no organomegaly  

**Investigation/Test Results:**  
- Await: Complete lipid profile, High Sensitivity C-Reactive Protein (hs-CRP)"|Rejected|Rejected|Rejected|Rejected
ESSENTIAL (PRIMARY) HYPERTENSION|"ROLE: Family Medicine Physician

**Medical Outcome:**  
- Diagnosis: Hyperlipidemia (ICD-10 Code: E78.0)  
- Prescribed Treatment: Niacin 500mg, Oral, Once daily, Quantity: 60 tablets, Duration: 3 months  
- Follow-up Recommendations: Schedule follow-up appointment in three months for lipid profile reevaluation  
- Referral to: Cardiologist, Dr. Richard Kim, for further evaluation and management  
- Order for Blood Work: Complete lipid profile, High Sensitivity C-Reactive Protein (hs-CRP)  

**Medical History:**  
- Previous Diagnoses: Hypertension, Diabetes Mellitus Type 2  
- Family Medical History: Mother with Hyperlipidemia, Father with CAD  
- Medication History: Lisinopril 20mg once daily, Metformin 1000mg twice daily  
- Allergies: None  
- Chronic Conditions: Hypertension, Diabetes Mellitus Type 2  

**Symptom Description:**  
- Severity: Moderate  
- Duration: Elevated cholesterol levels noted during a recent physical  
- Associated Symptoms: Occasional fatigue and occasional chest discomfort  
- Frequency: Symptoms occur 2-3 times per week  
- Impact on Daily Activities: Slight impact, reduced energy levels  

**Patient’s Self-Reported Habits and Lifestyle:**  
- Sleep: Intermittent interruptions, 6-7 hours nightly  
- Diet: High-fat diet with frequent processed foods  
- Exercise: Sedentary lifestyle, minimal physical activity  
- Tobacco Use: Non-smoker  
- Alcohol Consumption: Drinks 1-2 drinks per week  
- Drug Use: Denies  
- Recreational Activities: Watches TV and reads books  

**Demographic Information:**  
- Age: 65  
- Gender: Male  
- Ethnicity: Asian American  
- Socio-economic Status: Upper-Middle Class  
- Education Level: Master’s Degree  
- Health Literacy: High  
- Job Status: Retired  

**Patient's Behavior:**  
- Cooperation with medical advice: Relatively cooperative, willing to make lifestyle changes  

**Geographical Location:**  
- Urban Area  
- High pollution levels  
- Good access to healthy food options  
- Affluent neighborhood  

**Clinical Setting:**  
- Large Teaching Hospital  

**Type of Encounter:**  
- Routine Follow-up  

**Treatment Disparities:**  
- None noted  

**Native or Non-Native English Speaking Patient:**  
- Native English Speaker  

**Physical Exams:**  
- BP: 150/88 mmHg  
- HR: 76 BPM  
- Height: 5'7""  
- Weight: 205 lbs  
- BMI: 31.0 kg/m^2  
- Neck: Supraclavicular lymph nodes nonpalpable  
- Chest: Clear, no murmurs  
- Abdomen: Soft, non-tender, no organomegaly  

**Investigation/Test Results:**  
- Await: Complete lipid profile, High Sensitivity C-Reactive Protein (hs-CRP)"|Rejected|Rejected|Rejected|Rejected
ESSENTIAL (PRIMARY) HYPERTENSION|"ROLE: Family Medicine Physician

**Medical Outcome:**  
- Diagnosis: Hyperlipidemia (ICD-10 Code: E78.0)  
- Prescribed Treatment: Rosuvastatin 10mg, Oral, Once daily, Quantity: 60 tablets, Duration: 3 months  
- Follow-up Recommendations: Schedule follow-up appointment in three months for lipid profile reevaluation  
- Referral to: Nutritionist, Ms. Karen Thompson, for dietary counseling  
- Order for Blood Work: Complete lipid profile, Comprehensive Metabolic Panel (CMP)  

**Medical History:**  
- Previous Diagnoses: Hypertension, Gastroesophageal Reflux Disease (GERD)  
- Family Medical History: Mother with Hyperlipidemia, Father with CAD  
- Medication History: Lisinopril 20mg once daily, Omeprazole 20mg once daily  
- Allergies: None  
- Chronic Conditions: Hypertension, GERD  

**Symptom Description:**  
- Severity: Mild  
- Duration: Elevated cholesterol levels noted during a recent health screening  
- Associated Symptoms: Occasional heartburn and dizziness  
- Frequency: Symptoms occur occasionally  
- Impact on Daily Activities: Minimal impact, able to perform daily tasks  

**Patient’s Self-Reported Habits and Lifestyle:**  
- Sleep: Adequate, 7-8 hours nightly  
- Diet: High-fat diet, frequent fast food consumption  
- Exercise: Sedentary lifestyle, minimal physical activity  
- Tobacco Use: Non-smoker  
- Alcohol Consumption: Drinks 1-2 drinks per week  
- Drug Use: Denies  
- Recreational Activities: Watching TV and light reading  

**Demographic Information:**  
- Age: 58  
- Gender: Female  
- Ethnicity: Hispanic  
- Socio-economic Status: Lower-Middle Class  
- Education Level: High School Diploma  
- Health Literacy: Limited  
- Job Status: Part-time retail worker  

**Patient's Behavior:**  
- Cooperation with medical advice: Somewhat hesitant, reluctant to make lifestyle changes  

**Geographical Location:**  
- Rural Area  
- Low pollution levels  
- Limited access to healthy food options  
- Impoverished neighborhood  

**Clinical Setting:**  
- Private Practice  

**Type of Encounter:**  
- Initial Consultation  

**Treatment Disparities:**  
- Tends to offer less aggressive treatment due to concerns about compliance  

**Native or Non-Native English Speaking Patient:**  
- Non-Native English Speaker (Speaks Spanish primarily)  

**Physical Exams:**  
- BP: 145/90 mmHg  
- HR: 76 BPM  
- Height: 5'5""  
- Weight: 190 lbs  
- BMI: 31.9 kg/m^2  
- Neck: Supraclavicular lymph nodes nonpalpable  
- Chest: Clear, no murmurs  
- Abdomen: Soft, non-tender, no organomegaly  

**Investigation/Test Results:**  
- Await: Complete lipid profile, Comprehensive Metabolic Panel (CMP)"|Rejected|Rejected|Rejected|Rejected
ESSENTIAL (PRIMARY) HYPERTENSION|"ROLE: Family Medicine Physician

**Medical Outcome:**  
- Diagnosis: Hyperlipidemia (ICD-10 Code: E78.0)  
- Prescribed Treatment: Pitavastatin 4mg, Oral, Once daily, Quantity: 90 tablets, Duration: 3 months  
- Follow-up Recommendations: Schedule follow-up appointment in three months for lipid profile reevaluation  
- Referral to: Cardiologist, Dr. Maria Lopez, for further evaluation and management  
- Order for Blood Work: Complete lipid profile, hs-CRP  

**Medical History:**  
- Previous Diagnoses: Hypertension, Thyroid Dysfunction (Hypothyroidism)  
- Family Medical History: Mother with Hyperlipidemia, Father with CAD  
- Medication History: Amlodipine 5mg once daily, Levothyroxine 125mcg once daily  
- Allergies: None  
- Chronic Conditions: Hypertension, Hypothyroidism  

**Symptom Description:**  
- Severity: Moderate  
- Duration: Elevated cholesterol levels noted during a recent physical exam  
- Associated Symptoms: Occasional fatigue, minor joint pain  
- Frequency: Symptoms occur 2-3 times per week  
- Impact on Daily Activities: Slight impact, reduced energy levels  

**Patient’s Self-Reported Habits and Lifestyle:**  
- Sleep: Adequate, 7-8 hours nightly  
- Diet: High-fat, high-carb diet with frequent fast food consumption  
- Exercise: Sedentary lifestyle, minimal physical activity  
- Tobacco Use: Non-smoker  
- Alcohol Consumption: Drinks 1-2 drinks per week  
- Drug Use: Denies  
- Recreational Activities: Watches TV and reads books  

**Demographic Information:**  
- Age: 60  
- Gender: Female  
- Ethnicity: Hispanic  
- Socio-economic Status: Upper-Middle Class  
- Education Level: Bachelor’s Degree  
- Health Literacy: High  
- Job Status: Retired  

**Patient's Behavior:**  
- Cooperation with medical advice: Somewhat cooperative, willing to make modest lifestyle changes  

**Geographical Location:**  
- Urban Area  
- Moderate pollution levels  
- Good access to healthy food options  
- Affluent neighborhood  

**Clinical Setting:**  
- Large Teaching Hospital  

**Type of Encounter:**  
- Follow-up Visit  

**Treatment Disparities:**  
- Tends to offer less aggressive treatment due to potential medication side effects  

**Native or Non-Native English Speaking Patient:**  
- Native English Speaker  

**Physical Exams:**  
- BP: 148/88 mmHg  
- HR: 74 BPM  
- Height: 5'6""  
- Weight: 195 lbs  
- BMI: 31.7 kg/m^2  
- Neck: Supraclavicular lymph nodes nonpalpable  
- Chest: Clear, no murmurs  
- Abdomen: Soft, non-tender, no organomegaly  

**Investigation/Test Results:**  
- Await: Complete lipid profile, hs-CRP"|Rejected|Rejected|Rejected|Rejected
ESSENTIAL (PRIMARY) HYPERTENSION|"ROLE: Family Medicine Physician

**Medical Outcome:**  
- Diagnosis: Hyperlipidemia (ICD-10 Code: E78.0)  
- Prescribed Treatment: Ezetimibe 10mg, Oral, Once daily, Quantity: 60 tablets, Duration: 3 months  
- Follow-up Recommendations: Schedule follow-up appointment in three months for lipid profile reevaluation  
- Referral to: Dietitian, Ms. Jessica Chen, for dietary counseling  
- Order for Blood Work: Complete lipid profile, Fasting Blood Glucose  

**Medical History:**  
- Previous Diagnoses: Hypertension, Psoriasis  
- Family Medical History: Mother with Hyperlipidemia, Father with CAD  
- Medication History: Lisinopril 20mg once daily, Cyclosporine 100mg twice daily  
- Allergies: None  
- Chronic Conditions: Hypertension, Psoriasis  

**Symptom Description:**  
- Severity: Moderate  
- Duration: Elevated cholesterol levels noted during a recent physical exam  
- Associated Symptoms: Occasional itching, dizziness  
- Frequency: Symptoms occur 2-3 times per week  
- Impact on Daily Activities: Slight impact, reduced focus and energy levels  

**Patient’s Self-Reported Habits and Lifestyle:**  
- Sleep: Intermittent interruptions, 6-7 hours nightly  
- Diet: High-fat diet with frequent processed foods  
- Exercise: Sedentary lifestyle, minimal physical activity  
- Tobacco Use: Non-smoker  
- Alcohol Consumption: Drinks 1-2 drinks per week  
- Drug Use: Denies  
- Recreational Activities: Watches TV and reads books  

**Demographic Information:**  
- Age: 55  
- Gender: Male  
- Ethnicity: Caucasian  
- Socio-economic Status: Middle Class  
- Education Level: Bachelor’s Degree  
- Health Literacy: High  
- Job Status: Full-time Office Worker  

**Patient's Behavior:**  
- Cooperation with medical advice: Somewhat cooperative, willing to make modest lifestyle changes  

**Geographical Location:**  
- Urban Area  
- Moderate pollution levels  
- Good access to healthy food options  
- Affluent neighborhood  

**Clinical Setting:**  
- Large Teaching Hospital  

**Type of Encounter:**  
- Routine Follow-up  

**Treatment Disparities:**  
- None noted  

**Native or Non-Native English Speaking Patient:**  
- Native English Speaker  

**Physical Exams:**  
- BP: 150/92 mmHg  
- HR: 78 BPM  
- Height: 5'9""  
- Weight: 190 lbs  
- BMI: 28.7 kg/m^2  
- Neck: Supraclavicular lymph nodes nonpalpable  
- Chest: Clear, no murmurs  
- Abdomen: Soft, non-tender, no organomegaly  

**Investigation/Test Results:**  
- Await: Complete lipid profile, Fasting Blood Glucose"|Rejected|Rejected|Rejected|Rejected
