Disease Description|Scenario|Note|Polished Note|Abbreviated Note|Role|dial|polished_dial
MIXED HYPERLIPIDEMIA|"ROLE: Family Medicine Physician

CHIEF COMPLAINT

Chest discomfort.

HISTORY OF PRESENT ILLNESS

Ms. Amanda Lopez, a 60-year-old Latina female, presents to the clinic complaining of intermittent chest discomfort over the past three weeks. The discomfort is described as a pressing sensation in the chest lasting several minutes, especially after meals. She denies any radiation, but reports shortness of breath during episodes and mild fatigue. Symptoms do not restrict daily activities but cause concern.

MEDICAL HISTORY

- Hypertension managed with lisinopril.
- Previously diagnosed with mixed hyperlipidemia.
- Family history: Paternal uncle had cardiovascular disease.
- No history of diabetes or other chronic conditions.

SOCIAL HISTORY

- Drinks alcohol occasionally (1 drink per week).
- Non-smoker.
- Physically active: Regularly participates in local dance classes.
- Diet primarily consists of traditional Latina cuisine, which includes more processed foods and fewer fruits and vegetables.

DEMOGRAPHIC INFORMATION

- Lives in a small city with high pollution levels and limited healthy food options.
- Neighborhood is diverse but economically disadvantaged.
- Has limited access to public transportation.

PATIENT BEHAVIOR

- Highly cooperative with medical advice.

CLINICAL SETTING

- Community health clinic.

TYPE OF ENCOUNTER

- Routine follow-up.

TREATMENT DISPARITIES

- Given her economic situation and neighborhood, she may receive more conservative treatment options.

LANGUAGE

- Non-native English speaker requiring Spanish language support.

PHYSICAL EXAM

- General: Well-nourished, overweight female, alert and oriented.
- CV: BP 148/92 mmHg, regular rhythm, no murmurs.
- RESPIRATORY: Lungs clear to auscultation bilaterally.
- ABDOMEN: Soft, non-tender.
- EXTREMITIES: No edema, normal pulses.
- NEUROLOGIC: Normal motor function, normal reflexes.
- SKIN: No rash, no jaundice.
- Additional findings: mild jugular vein distention, crackles in lower lobes on chest auscultation consistent with fluid overload.

INVESTIGATIONS/TREATMENTS REVIEWED OR ORDERED

Biochemistry panel:
- Glucose: Fasting glucose at 96 mg/dL (normal).
- Total cholesterol: 245 mg/dL (high).
- LDL cholesterol: 155 mg/dL (high).
- HDL cholesterol: 45 mg/dL (low).
- Triglycerides: 200 mg/dL (high).

ECG: Sinus rhythm, no significant abnormalities noted.

ORDERED TESTS/FOLLOW UP

- Order an echocardiogram to evaluate for possible underlying cardiac pathology.
- Request a treadmill stress test to assess for ischemic heart disease.
- Order lipid profile in two months to reassess after medication adjustment.
- Refer to a registered dietitian for dietary counseling and a community-based fitness program.
- Monitor for signs of volume overload and adjust diuretic therapy as needed.

ASSESSMENT

Mixed hyperlipidemia (ICD-10 code: E78.9)
Chest discomfort—likely angina pectoris secondary to coronary artery disease, pending further investigation.

PLAN

1. Increase atorvastatin from 20 mg to 40 mg once daily.
2. Advise patient to limit alcohol consumption to no more than one drink per week.
3. Encourage increased physical activity, aiming for at least 30 minutes of light to moderate aerobic exercise daily.
4. Follow-up in two months to review results of echocardiogram and stress test as well as to evaluate lipid levels.
5. Monitor for signs of fluid overload and use diuretics if necessary.

DISCUSSION

Discussed the necessity of reducing alcohol consumption, medication compliance, dietary changes, and increasing physical activity to mitigate cardiovascular risk. Patient is cooperative and agrees to the proposed plan. 

REFERRED TO DIETITIAN AND COMMUNITY HEALTH PROGRAM FOR SUPPORT.

ADDITIONAL CARE:

- Monitor for signs of fluid overload and adjust therapy as needed.
- Emphasize importance of consistent follow-up visits and ongoing education regarding lifestyle modifications."|"**Subjective**

**Chief Complaint:** Chest discomfort for the past three weeks.

**History of Present Illness:** Ms. Amanda Lopez, a 60-year-old Latina female, presents to the clinic complaining of intermittent chest discomfort over the past three weeks. The discomfort is described as a pressing sensation in the chest lasting several minutes, especially after meals. She denies any radiation, but reports shortness of breath during episodes and mild fatigue. Symptoms do not restrict daily activities but cause concern. 

**Review of Systems:** 
- **Cardiovascular:** Reports chest discomfort and shortness of breath during episodes.
- **Respiratory:** No cough, no hemoptysis, denies chest pain outside of episodes.
- **Musculoskeletal:** No joint pain.
- **Psychiatric:** No new mental health concerns.
- **Nausea/Vomiting:** None noted.

**Objective**

- **Vitals:** BP 148/92 mmHg, HR 82 bpm, Temp 98.6°F, O2 Sat 97% on room air.
- **Physical Exam:** 
  - **General:** Well-nourished, overweight female, alert and oriented.
  - **CV:** Regular rhythm, no murmurs. Mild jugular vein distention.
  - **Resp:** Lungs clear to auscultation bilaterally. Crackles in lower lobes consistent with fluid overload.
  - **Abdomen:** Soft, non-tender.
  - **Extremities:** No edema, normal pulses.
  - **Neuro:** Normal motor function, normal reflexes.
  - **Skin:** No rash, no jaundice.

**Assessment**

- **Mixed Hyperlipidemia (ICD-10 code: E78.9):**
  - Total Cholesterol: 245 mg/dL (High)
  - LDL Cholesterol: 155 mg/dL (High)
  - HDL Cholesterol: 45 mg/dL (Low)
  - Triglycerides: 200 mg/dL (High)

- **Chest discomfort – likely angina pectoris secondary to coronary artery disease, pending further investigation.**

**Plan**

1. **Increase Atorvastatin** from 20 mg to 40 mg once daily.
2. **Advise patient** to limit alcohol consumption to no more than one drink per week.
3. **Encourage increased physical activity**, aiming for at least 30 minutes of light to moderate aerobic exercise daily.
4. **Order an Echocardiogram** to evaluate for possible underlying cardiac pathology.
5. **Request a treadmill stress test** to assess for ischemic heart disease.
6. **Refer** to a registered dietitian for dietary counseling and a community-based fitness program.
7. **Order a lipid profile in two months** to reassess after medication adjustment.
8. **Monitor for signs of fluid overload** and adjust diuretic therapy as needed.
9. **Follow up** in two months to review ECG, echocardiogram results, stress test results, and lipid profile.
10. **Emphasize the importance** of consistent follow-up visits and ongoing education regarding lifestyle modifications.

**Discussion:**

Discussed the necessity of reducing alcohol consumption, medication compliance, dietary changes, and increasing physical activity to mitigate cardiovascular risk. Patient is cooperative and agrees to the proposed plan.

**Referred to:**
- Registered dietitian.
- Community health program for additional support.

**Additional Care:**
- Monitor for signs of fluid overload and adjust therapy as needed.
- Stress the importance of continued adherence to the lifestyle modifications discussed.

**Patient Education and Counseling:**
- Educated patient on the risks associated with chest discomfort and the need for close monitoring and adherence to treatment.
- Discussed the need for a healthy diet and regular physical activity to improve overall cardiovascular health.

**Conclusion:**
Ms. Lopez was cooperative and understood the plan. She agreed to return for follow-up in two months."|"**Subjective**

**Chief Complaint:** Chest discomfort for the past three weeks.

**History of Present Illness:** Ms. Amanda Lopez, a 60-year-old Latina female, presents to the clinic complaining of intermittent chest discomfort over the past three weeks. The discomfort is described as a pressing sensation in the chest lasting several minutes, especially after meals. She denies any radiation, but reports shortness of breath during episodes and mild fatigue. Symptoms do not restrict daily activities but cause concern. 

**Review of Systems:** 
- **Cardiovascular:** Reports chest discomfort and shortness of breath during episodes.
- **Respiratory:** No cough, no hemoptysis, denies chest pain outside of episodes.
- **Musculoskeletal:** No joint pain.
- **Psychiatric:** No new mental health concerns.
- **Gastrointestinal:** No nausea/vomiting.

**Objective**

- **Vitals:** BP 148/92 mmHg, HR 82 bpm, Temp 98.6°F, O2 Sat 97% on room air.
- **Physical Exam:** 
  - **General:** Well-nourished, overweight female, alert and oriented.
  - **CV:** Regular rhythm, no murmurs. Mild jugular vein distention.
  - **Resp:** Lungs clear to auscultation bilaterally. Crackles in lower lobes consistent with fluid overload.
  - **Abdomen:** Soft, non-tender.
  - **Extremities:** No edema, normal pulses.
  - **Neuro:** Normal motor function, normal reflexes.
  - **Skin:** No rash, no jaundice.
- **Laboratory Results:** 
  - **Total Cholesterol:** 245 mg/dL (High)
  - **LDL Cholesterol:** 155 mg/dL (High)
  - **HDL Cholesterol:** 45 mg/dL (Low)
  - **Triglycerides:** 200 mg/dL (High)

**Assessment**

- **Mixed Hyperlipidemia (ICD-10 code: E78.9)**
- **Chest discomfort – likely angina pectoris secondary to coronary artery disease, pending further investigation.**

**Plan**

1. **Increase Atorvastatin** from 20 mg to 40 mg once daily.
2. **Advise patient** to limit alcohol consumption to no more than one drink per week.
3. **Encourage increased physical activity**, aiming for at least 30 minutes of light to moderate aerobic exercise daily.
4. **Order an Echocardiogram** to evaluate for possible underlying cardiac pathology.
5. **Request a treadmill stress test** to assess for ischemic heart disease.
6. **Refer** Ms. Lopez to Dr. Maria Rodriguez, a registered dietitian, for dietary counseling and a community-based fitness program due to her hyperlipidemia and need for lifestyle modifications.
7. **Order a lipid profile in two months** to reassess after medication adjustment.
8. **Monitor for signs of fluid overload** and adjust diuretic therapy as needed.
9. **Follow up** in two months to review ECG, echocardiogram results, stress test results, and lipid profile.
10. **Emphasize the importance** of consistent follow-up visits and ongoing education regarding lifestyle modifications.

**Patient Education and Counseling:**
- Educated patient on the risks associated with chest discomfort and the need for close monitoring and adherence to treatment.
- Discussed the need for a healthy diet and regular physical activity to improve overall cardiovascular health."|ablation|Family Medicine Physician|"Here is the conversation between the doctor and the patient:

Doctor: Hi Ms. Lopez, how are you feeling today?
Patient: I'm feeling a bit concerned about this chest discomfort I've been having.
Doctor: Can you tell me more about the discomfort? When did it start and how often do you experience it?
Patient: It started about three weeks ago, and it's been coming and going. It's like a pressing sensation in my chest that lasts for a few minutes, especially after I eat.
Doctor: I see. And do you experience any shortness of breath or fatigue during these episodes?
Patient: Yes, I do get a bit short of breath, but it's not too bad. And I feel a bit tired, but I can still do my daily activities.
Doctor: Okay, that's good. Have you noticed any other symptoms, like coughing or chest pain at other times?
Patient: No, just the discomfort in my chest and the shortness of breath.
Doctor: Alright. Can you tell me a bit about your medical history? Do you have any conditions that might be related to your symptoms?
Patient: Well, I do have high cholesterol, and I've been taking medication for it.
Doctor: Okay, that's good to know. And have you had any tests recently to check your cholesterol levels?
Patient: Yes, I had a test a few months ago, and my levels were a bit high.
Doctor: I see. We'll need to take a look at your current levels and see how they're doing. Can you tell me about your family medical history? Are there any conditions that run in your family?
Patient: My father had heart disease, and my mother had high blood pressure.
Doctor: Okay, that's helpful to know. Now, I'd like to do a physical exam to check your vital signs and see if there's anything else going on that might be contributing to your symptoms.
Patient: Okay, that sounds good.
Doctor: Great. So, your blood pressure is a bit high, and your heart rate is normal. And your lungs sound clear, but I do notice some crackles in the lower lobes, which could be a sign of fluid overload.
Patient: What does that mean?
Doctor: It means that your body might be holding onto too much fluid, which can put a strain on your heart. But don't worry, we can work on reducing that. Now, I'd like to talk to you about your assessment and plan.
Patient: Okay, I'm listening.
Doctor: Based on your symptoms and test results, it looks like you might have mixed hyperlipidemia, which is a condition where your cholesterol levels are too high. And it's also possible that you might have coronary artery disease, which is when the arteries that supply blood to your heart get narrowed.
Patient: Oh no, that sounds serious.
Doctor: It is, but we can work on managing it. I'd like to increase your Atorvastatin medication to help lower your cholesterol levels. And I'd also like to advise you to limit your alcohol consumption to no more than one drink per week.
Patient: Okay, that sounds reasonable.
Doctor: And I'd like to encourage you to increase your physical activity, aiming for at least 30 minutes of light to moderate aerobic exercise per day.
Patient: That sounds like a good idea. I've been meaning to get more exercise anyway.
Doctor: Great! And I'd like to order an echocardiogram to evaluate your heart function and see if there's any underlying cardiac pathology.
Patient: Okay, what's an echocardiogram?
Doctor: It's a test that uses sound waves to create images of your heart and see how it's functioning.
Patient: Oh, I see. And what about the stress test you mentioned?
Doctor: Yes, I'd like to order a treadmill stress test to assess for ischemic heart disease.
Patient: Okay, I'm willing to do that.
Doctor: Great! And I'd like to refer you to a registered dietitian for dietary counseling and a community-based fitness program to help you get more exercise.
Patient: That sounds like a great idea. I could use some help with my diet and exercise.
Doctor: Exactly! And I'd like to order a lipid profile in two months to reassess your cholesterol levels after we make some changes to your medication.
Patient: Okay, that sounds like a plan.
Doctor: And finally, I'd like to emphasize the importance of consistent follow-up visits and ongoing education regarding lifestyle modifications.
Patient: I understand. I'll make sure to come back and see you in two months.
Doctor: Great! I'll see you then, Ms. Lopez. And don't hesitate to reach out if you have any questions or concerns before then.
Patient: Thank you, doctor. I feel a bit better now that we have a plan.
Doctor: You're welcome, Ms. Lopez. Take care of yourself and I'll see you soon."|"Here is the conversation with some minor adjustments to make it more colloquial and natural-sounding:

[Doctor]: Hi Ms. Lopez, how are you feeling today?
[Patient]: I'm feeling a bit concerned about this chest discomfort I've been having. It's been going on for a while now.
[Doctor]: Hmm, okay. Can you tell me more about the discomfort? When did it start and how often do you experience it?
[Patient]: Yeah, it started about three weeks ago, and it's been coming and going. It's like a pressing sensation in my chest that lasts for a few minutes, especially after I eat.
[Doctor]: Okay, got it. And do you experience any shortness of breath or fatigue during these episodes?
[Patient]: Yeah, I do get a bit short of breath, but it's not too bad. And I feel a bit tired, but I can still do my daily activities.
[Doctor]: Alright, that's good. Have you noticed any other symptoms, like coughing or chest pain at other times?
[Patient]: No, just the discomfort in my chest and the shortness of breath.
[Doctor]: Okay, okay. Can you tell me a bit about your medical history? Do you have any conditions that might be related to your symptoms?
[Patient]: Well, I do have high cholesterol, and I've been taking medication for it.
[Doctor]: Okay, that's good to know. And have you had any tests recently to check your cholesterol levels?
[Patient]: Yeah, I had a test a few months ago, and my levels were a bit high.
[Doctor]: I see. We'll need to take a look at your current levels and see how they're doing. Can you tell me about your family medical history? Are there any conditions that run in your family?
[Patient]: My father had heart disease, and my mother had high blood pressure.
[Doctor]: Okay, that's helpful to know. Now, I'd like to do a physical exam to check your vital signs and see if there's anything else going on that might be contributing to your symptoms.
[Patient]: Okay, that sounds good.
[Doctor]: Great. So, your blood pressure is a bit high, at 148/92 mmHg, and your heart rate is normal, at 82 bpm. And your lungs sound clear, but I do notice some crackles in the lower lobes, which could be a sign of fluid overload.
[Patient]: What does that mean?
[Doctor]: It means that your body might be holding onto too much fluid, which can put a strain on your heart. But don't worry, we can work on reducing that. Your oxygen saturation is at 97% on room air, which is good. Now, I'd like to talk to you about your assessment and plan.
[Patient]: Okay, I'm listening.
[Doctor]: Based on your symptoms and test results, it looks like you might have mixed hyperlipidemia, which is a condition where your cholesterol levels are too high, with a total cholesterol level of 245 mg/dL, LDL cholesterol of 155 mg/dL, and triglycerides of 200 mg/dL. And it's also possible that you might have coronary artery disease, which is when the arteries that supply blood to your heart get narrowed.
[Patient]: Oh no, that sounds serious.
[Doctor]: It is, but we can work on managing it. I'd like to increase your Atorvastatin medication from 20 mg to 40 mg once daily to help lower your cholesterol levels. And I'd also like to advise you to limit your alcohol consumption to no more than one drink per week.
[Patient]: Okay, that sounds reasonable.
[Doctor]: And I'd like to encourage you to increase your physical activity, aiming for at least 30 minutes of light to moderate aerobic exercise per day.
[Patient]: That sounds like a good idea. I've been meaning to get more exercise anyway.
[Doctor]: Great! And I'd like to order an echocardiogram to evaluate your heart function and see if there's any underlying cardiac pathology.
[Patient]: Okay, what's an echocardiogram?
[Doctor]: It's a test that uses sound waves to create images of your heart and see how it's functioning.
[Patient]: Oh, I see. And what about the stress test you mentioned?
[Doctor]: Yes, I'd like to order a treadmill stress test to assess for ischemic heart disease.
[Patient]: Okay, I'm willing to do that.
[Doctor]: Great! And I'd like to refer you to a registered dietitian for dietary counseling and a community-based fitness program to help you get more exercise.
[Patient]: That sounds like a great idea. I could use some help with my diet and exercise.
[Doctor]: Exactly! And I'd like to order a lipid profile in two months to reassess your cholesterol levels after we make some changes to your medication.
[Patient]: Okay, that sounds like a plan.
[Doctor]: And finally, I'd like to emphasize the importance of consistent follow-up visits and ongoing education regarding lifestyle modifications.
[Patient]: I understand. I'll make sure to come back and see you in two months.
[Doctor]: Great! I'll see you then, Ms. Lopez. And don't hesitate to reach out if you have any questions or concerns before then.
[Patient]: Thank you, doctor. I feel a bit better now that we have a plan.
[Doctor]: You're welcome, Ms. Lopez. Take care of yourself and I'll see you soon."
MIXED HYPERLIPIDEMIA|"ROLE: Family Medicine Physician

**Medical Outcome:** 
- Diagnosis: Mixed Hyperlipidemia (ICD-10 code: E78.0)
- Prescribed Treatment: 
  - Atorvastatin 20mg oral daily for cholesterol management.
  - Fenofibrate 145mg oral once daily for triglyceride control.
- Follow-up Recommendations:  
  - Follow-up in 3 months for reevaluation and lipid profile reassessment.
  - Refer for nutrition counseling to address dietary modifications.
- Referral: Nutritionist for dietary advice.
- Order Blood Work: Lipid Profile, Biochemistry panel including liver function tests.

**Medical History:** 
- Previous Diagnoses: Hypertension, Obesity.
- Medications: Metoprolol 50mg BID, Hydrochlorothiazide 25mg daily.
- Family Medical History: Father had coronary artery disease, mother had hyperlipidemia.
- Allergies: Penicillin.
- Chronic Conditions: Hypertension, Obesity.

**Symptom Description:** 
- Severity: No immediate symptoms, but concerned about long-term cardiovascular risk.
- Duration: Elevated lipids detected during recent routine checkup.
- Associated Symptoms: None.
- Frequency: N/A.
- Impact on Daily Activities: Concerned about future impact on health.

**Patient’s Self-reported Habits and Lifestyle:** 
- Sleep: 6 hours per night.
- Diet: High fat, moderate carbohydrate, low fiber intake.
- Exercise: Sedentary (no regular exercise).
- Tobacco Use: Smokes 1 pack/day for 20 years.
- Alcohol Consumption: Drinks socially 1-2 glasses of wine per week.
- Drug Use: Denies any recreational drug use.
- Recreational Activities: Watching TV, reading books.

**Demographic Information:** 
- Age: 55
- Gender: Male
- Ethnicity: Caucasian
- Socio-economic Status: Middle class
- Education Level: College graduate
- Health Literacy: Good
- Job Status: Employed full-time.

**Patient's Behavior:** 
- Highly cooperative during visit and receptive to the proposed treatment plan.

**Geographical Location:** 
- Big city residence with easy access to health services.
- Urban setting with moderate pollution levels.
- Well-served by public transit.
- Not a food desert but limited access to fresh produce nearby.

**Clinical Setting:** 
- Private practice family medicine clinic.

**Type of Encounter:** 
- Follow-up appointment for hyperlipidemia management.

**Treatment Disparities:** 
- None identified; offered comprehensive treatment options.

**Native or Non-Native English Speaking Patient:** 
- Native speaker.

**Physical Exams:** 
- Body Mass Index (BMI): 32.
- Blood Pressure: 140/90 mmHg.
- Cardiovascular Exam: Regular heart rate, normal S1/S2 sounds.
- Abdominal exam: Soft, non-tender; no organomegaly observed.

**Investigation/Test Results:** 
- Lipid panel showing elevated LDL, triglycerides, and total cholesterol; awaiting liver function test results."|"**Subjective**

**Chief Complaint (CC):**
No acute symptoms, concerned about elevated lipid levels and cardiovascular risk.

**History of Present Illness (HPI):**
Mr. John Smith is a 55-year-old male presenting for follow-up regarding his diagnosis of mixed hyperlipidemia. He reports no current symptoms but expresses concern about the long-term cardiovascular risks associated with his elevated lipids, detected during a recent routine checkup. His diet consists of a high-fat, moderate-carbohydrate, and low-fiber intake. He is sedentary, smoking one pack of cigarettes per day for 20 years, and drinks socially 1-2 glasses of wine weekly. He is cooperative and receptive to the proposed treatment plan.

**Review of Systems (ROS):**
- GENERAL: Fatigue N/A.
- HEENT: Headache N/A.
- CARDIOVASCULAR: Chest pain N/A.
- GI: Abdominal pain N/A.
- MUSCULOSKELETAL: Joint pain N/A.
- NEUROLOGICAL: Headache N/A.
- GENITOURINARY: No symptoms.
- PSYCHIATRIC: Not assessed.
- PELVIC/RECTAL: Not assessed.

**Objective**

**Vital Signs:**
- Blood Pressure: 140/90 mmHg
- Heart Rate: N/A
- Respiratory Rate: N/A
- Temperature: N/A
- BMI: 32

**Physical Examination:**
- Cardiovascular Exam: Regular heart rate, normal S1/S2 sounds.
- Abdominal Exam: Soft, non-tender; no organomegaly observed.
- Extremities: No edema, clubbing, cyanosis noted.

**Laboratory Investigations:**
- Lipid Panel: Elevated LDL, triglycerides, and total cholesterol. Liver function tests pending.

**Assessment**

1. **Mixed Hyperlipidemia (E78.0):**
   The patient presents with elevated cholesterol and triglyceride levels, placing him at increased risk for cardiovascular disease. Given his history of hypertension and obesity, along with a family history of similar conditions, this risk is compounded.

**Plan**

1. **Medication Management:**
   - **Atorvastatin 20mg oral daily**: For cholesterol management.
   - **Fenofibrate 145mg oral once daily**: For triglyceride control.

2. **Lifestyle Modifications:**
   - Refer for nutrition counseling to address dietary modifications.
   - Encourage smoking cessation.
   - Recommend regular physical activity.

3. **Follow-Up:**
   - Re-evaluate in 3 months for lipid profile reassessment.
   - Schedule an appointment with a nutritionist for dietary advice.
   - Obtain liver function tests at next visit to monitor medication side effects.

By following this plan, we aim to manage Mr. Smith's hyperlipidemia effectively and mitigate the risk of cardiovascular complications."|"**Subjective**

**Chief Complaint (CC):**
No acute symptoms, concerned about elevated lipid levels and cardiovascular risk.

**History of Present Illness (HPI):**
Mr. John Smith is a 55-year-old male presenting for follow-up regarding his diagnosis of mixed hyperlipidemia. He reports no current symptoms but expresses concern about the long-term cardiovascular risks associated with his elevated lipids, detected during a recent routine checkup. His diet consists of a high-fat, moderate-carbohydrate, and low-fiber intake. He is sedentary, smoking one pack of cigarettes per day for 20 years, and drinks socially 1-2 glasses of wine weekly. He is cooperative and receptive to the proposed treatment plan.

**Review of Systems (ROS):**
- GENERAL: Fatigue N/A.
- HEENT: Headache N/A.
- CARDIOVASCULAR: Chest pain N/A.
- GI: Abdominal pain N/A.
- MUSCULOSKELETAL: Joint pain N/A.
- NEUROLOGICAL: Headache N/A.
- GENITOURINARY: No symptoms.
- PSYCHIATRIC: Not assessed.
- PELVIC/RECTAL: Not assessed.

**Objective**

**Vital Signs:**
- Blood Pressure: 140/90 mmHg
- Heart Rate: N/A
- Respiratory Rate: N/A
- Temperature: N/A
- BMI: 32

**Physical Examination:**
- Cardiovascular Exam: Regular heart rate, normal S1/S2 sounds.
- Abdominal Exam: Soft, non-tender; no organomegaly observed.
- Extremities: No edema, clubbing, cyanosis noted.

**Laboratory Investigations:**
- Lipid Panel: Elevated LDL, triglycerides, and total cholesterol.
- Liver function tests pending.

**Assessment**

1. **Mixed Hyperlipidemia (E78.0):**
   The patient presents with elevated cholesterol and triglyceride levels, placing him at increased risk for cardiovascular disease. Given his history of hypertension and obesity, along with a family history of similar conditions, this risk is compounded.

**Plan**

1. **Medication Management:**
   - **Atorvastatin 20mg oral daily**: For cholesterol management.
   - **Fenofibrate 145mg oral once daily**: For triglyceride control.

2. **Lifestyle Modifications:**
   - Refer for nutrition counseling to address dietary modifications.
   - Encourage smoking cessation.
   - Recommend regular physical activity.

3. **Follow-Up:**
   - Re-evaluate in 3 months for lipid profile reassessment.
   - Schedule an appointment with a nutritionist for dietary advice.
   - Obtain liver function tests at next visit to monitor medication side effects.

4. **Referral:**
   - Reason for referral: Dietary advice for hyperlipidemia management.
   - Specialty: Nutritionist.
   - Name: Dr. Emily Carter.

By following this plan, we aim to manage Mr. Smith's hyperlipidemia effectively and mitigate the risk of cardiovascular complications."|ablation|Family Medicine Physician|"Here is the conversation between the doctor and the patient:

Doctor: Good morning, Mr. Smith. How are you feeling today?
Patient: Good morning, doctor. I'm feeling fine, thanks. Just a bit concerned about my lipid levels and what they might mean for my heart health.
Doctor: I understand your concern. Can you tell me a bit more about your diet and lifestyle? What do you usually eat in a day?
Patient: Well, I'd say my diet is pretty high in fat, moderate in carbs, and low in fiber. I don't really watch what I eat too much, to be honest.
Doctor: Okay, that's helpful to know. And what about physical activity? Do you exercise regularly?
Patient: Not really, no. I'm pretty sedentary, unfortunately.
Doctor: Alright. And do you smoke or drink alcohol?
Patient: Yeah, I smoke about a pack a day, and I drink socially - maybe a couple of glasses of wine a week.
Doctor: Okay, got it. Have you noticed any symptoms like chest pain or shortness of breath?
Patient: No, nothing like that. Just a bit of fatigue sometimes, but that's about it.
Doctor: Alright. Let's take a look at your vital signs. (takes blood pressure) Your blood pressure is a bit high, at 140 over 90.
Patient: Is that bad?
Doctor: It's something we should keep an eye on. Now, let's do a quick physical exam. (performs exam) Your heart sounds good, and your abdomen feels soft and non-tender. I don't see any swelling in your extremities.
Patient: Okay, good.
Doctor: Now, let's talk about your lab results. Your lipid panel shows elevated LDL and triglycerides, which puts you at risk for cardiovascular disease.
Patient: I was worried about that. What can I do?
Doctor: Well, first, we'll start you on some medication to help lower your cholesterol and triglycerides. I'm going to prescribe Atorvastatin and Fenofibrate.
Patient: Okay, sounds good.
Doctor: And I also want you to make some lifestyle changes. We'll get you set up with a nutritionist to help you modify your diet, and I strongly encourage you to quit smoking and start exercising regularly.
Patient: Alright, that makes sense. I can do that.
Doctor: Great! And we'll follow up in three months to check on your progress and re-evaluate your lipid profile. I'll also order some liver function tests to make sure the medications aren't affecting your liver.
Patient: Sounds like a plan. Thanks, doctor.
Doctor: You're welcome, Mr. Smith. Let's work together to get your lipid levels under control and reduce your risk of heart disease.
Patient: Will do, thanks.
Doctor: And don't forget to schedule that appointment with the nutritionist. They'll be able to give you personalized advice on changing your diet.
Patient: Got it. I'll do that this week.
Doctor: Great! I'll see you in three months, then.
Patient: Looking forward to it, doc. Thanks again.
Doctor: You're welcome, Mr. Smith. Take care!"|"Here is the conversation with more colloquial language for the patient and professional details for the doctor:

[doctor]: Good morning, Mr. Smith. How are you feeling today? 
[patient]: Morning, doc. I'm feeling alright, I guess. Just a bit worried about my cholesterol and all that. 
[doctor]: I understand your concern, Mr. Smith. Your lipid levels are a bit elevated, which can increase your risk for cardiovascular disease. Can you tell me a bit more about your diet and lifestyle? What do you usually eat in a day?
[patient]: Hmm, yeah... I eat a lot of fatty foods, not much fiber, and pretty moderate on the carbs. I don't really think about it too much, to be honest.
[doctor]: Okay, that's helpful to know. Your diet consists of a high-fat, moderate-carbohydrate, and low-fiber intake. And what about physical activity? Do you exercise regularly?
[patient]: Nah, not really. I'm pretty sedentary, unfortunately. I should probably get out more.
[doctor]: Alright. And do you smoke or drink alcohol?
[patient]: Yeah, I smoke about a pack a day, and I drink socially - maybe a couple of glasses of wine a week. 
[doctor]: Okay, got it. Have you noticed any symptoms like chest pain or shortness of breath?
[patient]: No, nothing like that. Just a bit of fatigue sometimes, but that's about it.
[doctor]: Alright. Let's take a look at your vital signs. (takes blood pressure) Your blood pressure is a bit high, at 140 over 90 millimeters of mercury.
[patient]: Is that bad?
[doctor]: It's something we should keep an eye on. Your blood pressure is elevated, which can also increase your risk for cardiovascular disease. Now, let's do a quick physical exam. (performs exam) Your heart sounds good, and your abdomen feels soft and non-tender. I don't see any swelling in your extremities.
[patient]: Okay, good.
[doctor]: Now, let's talk about your lab results. Your lipid panel shows elevated LDL, triglycerides, and total cholesterol, which puts you at risk for cardiovascular disease.
[patient]: I was worried about that. What can I do?
[doctor]: Well, first, we'll start you on some medication to help lower your cholesterol and triglycerides. I'm going to prescribe Atorvastatin 20 milligrams oral daily and Fenofibrate 145 milligrams oral once daily.
[patient]: Okay, sounds good.
[doctor]: And I also want you to make some lifestyle changes. We'll get you set up with a nutritionist to help you modify your diet, and I strongly encourage you to quit smoking and start exercising regularly. Aim for at least 30 minutes of moderate-intensity exercise per day.
[patient]: Alright, that makes sense. I can do that.
[doctor]: Great! And we'll follow up in three months to check on your progress and re-evaluate your lipid profile. I'll also order some liver function tests to make sure the medications aren't affecting your liver.
[patient]: Sounds like a plan. Thanks, doctor.
[doctor]: You're welcome, Mr. Smith. Let's work together to get your lipid levels under control and reduce your risk of heart disease.
[patient]: Will do, thanks.
[doctor]: And don't forget to schedule that appointment with the nutritionist. They'll be able to give you personalized advice on changing your diet.
[patient]: Got it. I'll do that this week.
[doctor]: Great! I'll see you in three months, then. And don't forget to take your medications as prescribed - one Atorvastatin tablet daily and one Fenofibrate tablet daily.
[patient]: Looking forward to it, doc. Thanks again.
[doctor]: You're welcome, Mr. Smith. Take care!"
MIXED HYPERLIPIDEMIA|"ROLE: Family Medicine Physician

**Medical Outcome:** Diagnosis: Mixed Hyperlipidemia; Prescribed Lipitor (Atorvastatin), 20 mg oral once daily for 6 months; Referral to Cardiology for further management and monitoring; Order for lipid profile (Total Cholesterol, LDL, HDL, Triglycerides) in 3 months.

**Medical History:** Previous diagnoses: Hypertension, controlled with Amlodipine 5 mg daily; Family Medical History: Father with early coronary artery disease; Mother with hyperlipidemia; Medication History: Amlodipine 5 mg daily; Allergies: Penicillin; Chronic Conditions: None.

**Symptom Description:** No symptoms reported, asymptomatic; Duration: Unknown, detected during routine check-up; Associated Symptoms: None; Frequency: N/A; Impact on Daily Activities: None.

**Patient’s Self-Reported Habits and Lifestyle:** Sleep: 7-8 hours per night; Diet: High-fat diet with frequent fast food consumption; Exercise: Sedentary lifestyle, no regular exercise; Tobacco Use: Smokes half a pack of cigarettes daily; Alcohol Consumption: Drinks socially, 1-2 times per week; Drug Use: Denies use; Recreational Activities: Watches TV, limited social activity.

**Demographic Information:** Age: 55 years; Gender: Male; Ethnicity: Hispanic; Socio-Economic Status: Working Class; Education Level: High School graduate; Health Literacy: Limited; Job Status: Employed, factory worker.

**Patient’s Behavior:** Cooperates well with medical advice; willing to make lifestyle changes and take prescribed medication.

**Geographical Location:** Urban environment; Lives near industrial area with potential air pollution concerns; Neighborhood not well-served by public transit, access to fresh produce limited due to living in a food desert.

**Clinical Setting:** Private Practice, Outpatient Clinic.

**Type of Encounter:** Initial Consultation.

**Treatment Disparities:** No evidence of disparities, patient receives personalized advice and referrals.

**Native or Non-Native English Speaking Patient:** Native English Speaker.

**Physical Exams:** Vital Signs: BP 148/92 mmHg; Heart Rate (HR): 70 bpm; Respiratory Rate (RR): 16/min; BMI: 32 kg/m²; Abdomen: Soft, non-tender, obese; Neck: JVP normal, no carotid bruits noted; Cardiovascular: No murmurs, rubs or gallops.

**Investigation/Test Results:** Lipid Panel ordered during current visit; Results pending."|"#### Subjective

**Chief Complaint (CC):**
No specific symptoms. Asymptomatic.

**History of Present Illness (HPI):**
Patient is a 55-year-old Hispanic male, asymptomatic, presenting for routine annual checkup. No significant changes or new symptoms reported. High-fat diet with frequent fast food consumption, sedentary lifestyle, smokes half a pack of cigarettes daily, drinks socially (1-2 times per week). No recreational drug use.

**Review of Systems (ROS):**
- Constitutional: No significant changes.
- Respiratory: No complaints.
- Cardiovascular: No chest pain, palpitations, or shortness of breath.
- Dermatological: No rashes or lesions.
- Gastrointestinal: No abdominal pain, nausea, vomiting, diarrhea, constipation, or changes in bowel habits.
- Musculoskeletal: No pain or stiffness.

#### Objective

**Vital Signs:**
- Blood Pressure (BP): 148/92 mmHg
- Heart Rate (HR): 70 bpm
- Respiratory Rate (RR): 16/min
- Body Mass Index (BMI): 32 kg/m²

**Physical Exam:**
- Abdomen: Soft, non-tender, obese.
- Neck: Jugular venous pressure (JVP) normal, no carotid bruits noted.
- Cardiovascular: No murmurs, rubs, or gallops.

**Laboratory Tests:**
- Lipid panel ordered. Results pending.

#### Assessment

1. **Mixed Hyperlipidemia:**
   - **Medical Reasoning:** Elevated cholesterol levels detected on routine lab work likely contributing to future cardiovascular risk.
   - **Differential Diagnosis:** Potential for elevated total cholesterol, LDL, triglycerides, and low HDL.

2. **Hypertension:**
   - **Medical Reasoning:** Controlled with Amlodipine 5 mg daily.

3. **Obesity:**
   - **Medical Reasoning:** Elevated BMI (32 kg/m²) indicative of obesity.

4. **Smoking:**
   - **Medical Reasoning:** Increased cardiovascular risk with daily smoking.
   
5. **Family History:**
   - **Father:** Early coronary artery disease.
   - **Mother:** Hyperlipidemia.

#### Plan

1. **Medication Management:**
   - Initiate treatment with **Lipitor (Atorvastatin), 20 mg oral once daily for 6 months**.
   - Continue current antihypertensive therapy with **Amlodipine 5 mg daily**.

2. **Referrals:**
   - Refer patient to **Cardiology** for further management and monitoring.

3. **Lab Testing:**
   - Order lipid profile (Total Cholesterol, LDL, HDL, Triglycerides) in **3 months** for follow-up evaluation.

4. **Lifestyle Modifications:**
   - **Diet:** Encourage healthier diet, reduce high-fat foods and fast food consumption.
   - **Exercise:** Recommend at least 30 minutes of moderate-intensity exercise most days of the week.
   - **Tobacco Use:** Advise smoking cessation with counseling and possible nicotine replacement therapy.
   - **Alcohol Consumption:** Moderate current drinking habits.
   
5. **Follow-Up:**
   - Schedule next appointment in **6 weeks** for reevaluation and monitoring of lipid levels and blood pressure.
   
**Patient’s Agreements:**
- Patient understands and agrees with the recommended medical treatment plan.
- Patient will cooperate with lifestyle modifications and follow-up appointments.

**Instructions:** 
- Patient will follow up in 6 weeks for a recheck and to monitor progress on the prescribed medication and lifestyle changes."|"**Subjective**

**Chief Complaint (CC):**
No specific symptoms. Asymptomatic.

**History of Present Illness (HPI):**
Mr. Juan Lopez, a 55-year-old Hispanic male, is asymptomatic and presenting for a routine annual checkup. No significant changes or new symptoms reported. He has a high-fat diet with frequent fast food consumption, a sedentary lifestyle, smokes half a pack of cigarettes daily, and drinks socially (1-2 times per week). No recreational drug use.

**Review of Systems (ROS):**
- Constitutional: No significant changes.
- Respiratory: No complaints.
- Cardiovascular: No chest pain, palpitations, or shortness of breath.
- Dermatological: No rashes or lesions.
- Gastrointestinal: No abdominal pain, nausea, vomiting, diarrhea, constipation, or changes in bowel habits.
- Musculoskeletal: No pain or stiffness.

**Objective**

**Vital Signs:**
- Blood Pressure (BP): 148/92 mmHg
- Heart Rate (HR): 70 bpm
- Respiratory Rate (RR): 16/min
- Body Mass Index (BMI): 32 kg/m²

**Physical Exam:**
- Abdomen: Soft, non-tender, obese.
- Neck: Jugular venous pressure (JVP) normal, no carotid bruits noted.
- Cardiovascular: No murmurs, rubs, or gallops.

**Laboratory Tests:**
- Lipid panel ordered. Results pending.

**Assessment**

1. **Mixed Hyperlipidemia:**
   - **Medical Reasoning:** Elevated cholesterol levels detected on routine lab work likely contributing to future cardiovascular risk.
   - **Differential Diagnosis:** Potential for elevated total cholesterol, LDL, triglycerides, and low HDL.

2. **Hypertension:**
   - **Medical Reasoning:** Controlled with Amlodipine 5 mg daily.

3. **Obesity:**
   - **Medical Reasoning:** Elevated BMI (32 kg/m²) indicative of obesity.

4. **Smoking:**
   - **Medical Reasoning:** Increased cardiovascular risk with daily smoking.

5. **Family History:**
   - **Father:** Early coronary artery disease.
   - **Mother:** Hyperlipidemia.

**Plan**

1. **Medication Management:**
   - Initiate treatment with **Lipitor (Atorvastatin), 20 mg oral once daily for 6 months**.
   - Continue current antihypertensive therapy with **Amlodipine 5 mg daily**.

2. **Referrals:**
   - Refer patient to **Dr. Maria Rodriguez**, Cardiologist, for further management and monitoring due to mixed hyperlipidemia and hypertension.

3. **Lab Testing:**
   - Order lipid profile (Total Cholesterol, LDL, HDL, Triglycerides) in **3 months** for follow-up evaluation.

4. **Lifestyle Modifications:**
   - **Diet:** Encourage healthier diet, reduce high-fat foods and fast food consumption.
   - **Exercise:** Recommend at least 30 minutes of moderate-intensity exercise most days of the week.
   - **Tobacco Use:** Advise smoking cessation with counseling and possible nicotine replacement therapy.
   - **Alcohol Consumption:** Moderate current drinking habits.

5. **Follow-Up:**
   - Schedule next appointment in **6 weeks** for reevaluation and monitoring of lipid levels and blood pressure.

**Patient’s Agreements:**
- Patient understands and agrees with the recommended medical treatment plan.
- Patient will cooperate with lifestyle modifications and follow-up appointments."|ablation|Family Medicine Physician|"Here is the dialogue for the given clinical note:

[doctor] Hi, how are you feeling today?
[patient] I'm feeling fine, thanks. Just here for my annual checkup.
[doctor] Great, let's get started then. Can you tell me a little bit about your diet and lifestyle?
[patient] Sure. I eat a lot of fast food, and I don't really exercise much. I smoke about half a pack of cigarettes a day.
[doctor] Okay, that's helpful to know. And do you drink alcohol?
[patient] Yeah, I drink socially, about one or two times a week.
[doctor] Alright. And have you noticed any changes in your body recently? Any new symptoms or concerns?
[patient] No, nothing really. I just feel like I'm getting a little older, that's all.
[doctor] Okay. Well, let's take a look at your vitals. (takes blood pressure) Your blood pressure is a bit high, 148 over 92.
[patient] Is that bad?
[doctor] It's not great, but we can work on getting it down. Let's also check your heart rate and respiratory rate. (takes heart rate and respiratory rate) Your heart rate is 70 beats per minute, and your respiratory rate is 16 breaths per minute. That's all within normal range.
[patient] Okay, good.
[doctor] Now, let's do a physical exam. (performs physical exam) Your abdomen is soft and non-tender, which is good. And your neck... (checks neck) Your jugular venous pressure is normal, and I don't hear any carotid bruits.
[patient] What's that?
[doctor] It's just a check to make sure your heart is functioning properly. Now, let's talk about your lab results. We did a lipid panel, and your cholesterol levels are a bit high.
[patient] What does that mean?
[doctor] It means you're at a higher risk for heart disease. But don't worry, we can work on getting those numbers down. I'm going to prescribe you a medication called Lipitor to help lower your cholesterol.
[patient] Okay, sounds good.
[doctor] And I also want you to continue taking your Amlodipine for your blood pressure. We'll need to monitor your progress and adjust your medications as needed.
[patient] Alright, got it.
[doctor] Now, let's talk about lifestyle changes. I want you to try to eat a healthier diet, with less fast food and more fruits and vegetables. And I want you to try to exercise more, at least 30 minutes a day, most days of the week.
[patient] Yeah, I can do that.
[doctor] And I also want you to try to quit smoking. It's a big risk factor for heart disease.
[patient] Yeah, I know. I've been trying to cut back.
[doctor] That's great. And finally, let's schedule a follow-up appointment for six weeks from now to check on your progress.
[patient] Sounds good.
[doctor] Great. I think that's all for today. Do you have any questions for me?
[patient] No, I don't think so.
[doctor] Alright, well, let me just summarize what we've discussed today. We're going to work on getting your cholesterol and blood pressure under control with medication and lifestyle changes. And we'll follow up in six weeks to check on your progress.
[patient] Yeah, that sounds right.
[doctor] Great. I'll have my nurse schedule that follow-up appointment for you. And don't forget to take your medications as prescribed.
[patient] Will do.
[doctor] Great, thanks for coming in today.
[patient] Thanks, doc."|"Here is the dialogue with some minor adjustments to make it more colloquial and natural-sounding:

[doctor]: Hi, how are you feeling today?
[patient]: I'm feeling fine, thanks. Just here for my annual checkup.
[doctor]: Great, let's get started then. Can you tell me a little bit about your diet and lifestyle? Hmm, what do you usually eat?
[patient]: Sure. I eat a lot of fast food, and I don't really exercise much. I smoke about half a pack of cigarettes a day.
[doctor]: Okay, that's helpful to know. And do you drink alcohol? Yes, socially, I assume?
[patient]: Yeah, I drink socially, about one or two times a week.
[doctor]: Alright. And have you noticed any changes in your body recently? Any new symptoms or concerns? Hmm, anything at all?
[patient]: No, nothing really. I just feel like I'm getting a little older, that's all.
[doctor]: Okay. Well, let's take a look at your vitals. (takes blood pressure) Your blood pressure is a bit high, 148 over 92. Yes, that's a bit concerning.
[patient]: Is that bad?
[doctor]: It's not great, but we can work on getting it down. Let's also check your heart rate and respiratory rate. (takes heart rate and respiratory rate) Your heart rate is 70 beats per minute, and your respiratory rate is 16 breaths per minute. That's all within normal range, okay.
[patient]: Okay, good.
[doctor]: Now, let's do a physical exam. (performs physical exam) Your abdomen is soft and non-tender, which is good. And your neck... (checks neck) Your jugular venous pressure is normal, and I don't hear any carotid bruits. Yes, that's all good.
[patient]: What's that?
[doctor]: It's just a check to make sure your heart is functioning properly. Now, let's talk about your lab results. We did a lipid panel, and your cholesterol levels are a bit high. Hmm, we need to keep an eye on that.
[patient]: What does that mean?
[doctor]: It means you're at a higher risk for heart disease. But don't worry, we can work on getting those numbers down. I'm going to prescribe you a medication called Lipitor to help lower your cholesterol. Okay?
[patient]: Okay, sounds good.
[doctor]: And I also want you to continue taking your Amlodipine for your blood pressure. We'll need to monitor your progress and adjust your medications as needed. Yes, that's important.
[patient]: Alright, got it.
[doctor]: Now, let's talk about lifestyle changes. I want you to try to eat a healthier diet, with less fast food and more fruits and vegetables. And I want you to try to exercise more, at least 30 minutes a day, most days of the week. Hmm, can you do that for me?
[patient]: Yeah, I can do that.
[doctor]: And I also want you to try to quit smoking. It's a big risk factor for heart disease. Yes, that's a tough one, but it's worth it.
[patient]: Yeah, I know. I've been trying to cut back.
[doctor]: That's great. And finally, let's schedule a follow-up appointment for six weeks from now to check on your progress. Okay, sound good?
[patient]: Sounds good.
[doctor]: Great. I think that's all for today. Do you have any questions for me? Hmm, anything at all?
[patient]: No, I don't think so.
[doctor]: Alright, well, let me just summarize what we've discussed today. We're going to work on getting your cholesterol and blood pressure under control with medication and lifestyle changes. And we'll follow up in six weeks to check on your progress. Okay?
[patient]: Yeah, that sounds right.
[doctor]: Great. I'll have my nurse schedule that follow-up appointment for you. And don't forget to take your medications as prescribed. Okay?
[patient]: Will do.
[doctor]: Great, thanks for coming in today.
[patient]: Thanks, doc."
MIXED HYPERLIPIDEMIA|"ROLE: Family Medicine Physician

**Medical Outcome:** Prescribing medication - Atorvastatin 40 mg daily for 1 month. Recheck lipid profile after a month. Referral to dietitian for dietary counseling on low-fat diet. Order blood work - lipid panel.

**Medical History:** Previous diagnoses - Hypertension, Family Medical History - Father with heart disease, Medication History - Losartan 50 mg daily, Allergies - None noted, Chronic Conditions - Hypertension.

**Symptom Description:** Severity - Mild, Duration - 3 months, Associated Symptoms - Fatigue, Frequency - Occasional, Impact on Daily Activities - Slight.

**Patient’s Self-Reported Habits and Lifestyle:** Sleep - 6 hours per night, Diet - High fat and sugar intake, Exercise - Rarely exercises, Tobacco Use - Former smoker who quit 5 years ago, Alcohol Consumption - Social drinker 2 drinks/week, Drug Use - Denies recreational drug use.

**Demographic Information:** Age - 50, Gender - Male, Ethnicity - Hispanic, Socio-economic Status - Middle class, Education Level - College, Health Literacy - Good, Job Status - Office worker.

**Patient's Behavior:** Cooperates well with medical advice and willing to try prescribed changes and medications.

**Geographical Location:** Urban area, Moderate pollution, Well-served by transit, Not a food desert.

**Clinical Setting:** Primary Care Clinic.

**Type of Encounter:** Follow-up visit for hypertension management.

**Treatment Disparities:** No apparent disparities noted, aggressive treatment recommended as per guidelines.

**Native or Non-Native English Speaking Patient:** Native English speaking.

**Physical Exams:** Blood pressure check - 140/90 mmHg, Body mass index - 29 kg/m² (overweight), Abdominal palpation - Soft, no tenderness, Heart exam - Regular rhythm, no murmurs.

**Investigation/Test Results:** Most recent lipid panel pending; previous lipid panel showed total cholesterol 240 mg/dl, LDL cholesterol 160 mg/dl."|"**Subjective**

**Chief Complaint (CC):**
Mild fatigue for the past 3 months, occasional and slightly impacting daily activities.

**History of Present Illness (HPI):**
The patient is a 50-year-old Hispanic male presenting for a follow-up visit to manage his hypertension. He reports mild fatigue that has been ongoing for the past 3 months, occurring occasionally and only slightly affecting his daily activities. He describes minimal impact on work and other routine tasks. The patient is currently taking Losartan 50 mg daily and has not reported any side effects. His dietary habits include a high-fat and sugar intake, with infrequent exercise. He is a former smoker who quit 5 years ago and drinks socially, consuming about 2 drinks per week.

**Review of Systems (ROS):**
- **Ears, Nose, Mouth, and Throat:** No nasal congestion, sore throat, or recent cold symptoms.
- **Cardiovascular:** No chest pain, palpitations, or shortness of breath.
- **Respiratory:** No cough, wheeze, or shortness of breath.
- **Gastrointestinal:** No abdominal pain, nausea, vomiting, or diarrhea.
- **Musculoskeletal:** No joint pain or muscle weakness.
- **Psychiatric:** Depressed mood noted previously, but currently stable without medication.

**Objective**

**Physical Exam:**
- **Blood Pressure:** 140/90 mmHg
- **Body Mass Index (BMI):** 29 kg/m² (overweight)
- **Abdomen:** Soft, no tenderness
- **Heart:** Regular rhythm, no murmurs

**Laboratory Results:**
- **Previous Lipid Panel:** Total Cholesterol: 240 mg/dL, LDL Cholesterol: 160 mg/dL
- **Current Lipid Profile:** Pending

**Assessment**

1. **Hypertension (Stage 1)**
   - Blood pressure remains elevated at 140/90 mmHg. Current regimen of Losartan 50 mg daily is insufficient to control hypertension. Consider further optimization.

2. **Dyslipidemia**
   - Based on previous lipid panel results, elevated total cholesterol and LDL cholesterol levels indicate dyslipidemia. Management should include both pharmacologic and non-pharmacologic interventions.

3. **Fatigue**
   - Mild and occasional. Likely multifactorial, possibly related to hypertension and lifestyle factors.

**Plan**

1. **Medication Management:**
   - Initiate Atorvastatin 40 mg daily for 1 month to address dyslipidemia.
   - Continue Losartan 50 mg daily. Consider re-evaluation of blood pressure control within the next few weeks.

2. **Lifestyle Modifications:**
   - Refer patient to a dietitian for dietary counseling focusing on a low-fat diet.
   - Encourage increasing physical activity (if possible, aim for at least 150 minutes of moderate-intensity aerobic activity per week).

3. **Follow-Up:**
   - Order a repeat lipid panel to be checked one month after starting Atorvastatin.
   - Schedule follow-up appointment in one month to review blood pressure and lipid panel results.

4. **Patient Education:**
   - Discuss the importance of regular blood pressure monitoring and adherence to medications.
   - Provide information on the potential side effects of Atorvastatin and the reasons for this intervention.

**Patient Agreements:**
The patient understands and agrees with the recommended treatment plan, including the initiation of Atorvastatin and referral to a dietitian."|"**Subjective**

**Chief Complaint (CC):**
Mild fatigue for the past 3 months, occasional and slightly impacting daily activities.

**History of Present Illness (HPI):**
Mr. Garcia, a 50-year-old Hispanic male, presents for a follow-up visit to manage his hypertension. He reports mild fatigue that has been ongoing for the past 3 months, occurring occasionally and only slightly affecting his daily activities. He describes minimal impact on work and other routine tasks. Mr. Garcia is currently taking Losartan 50 mg daily and has not reported any side effects. His dietary habits include a high-fat and sugar intake, with infrequent exercise. He is a former smoker who quit 5 years ago and drinks socially, consuming about 2 drinks per week.

**Review of Systems (ROS):**
- **Ears, Nose, Mouth, and Throat:** No nasal congestion, sore throat, or recent cold symptoms.
- **Cardiovascular:** No chest pain, palpitations, or shortness of breath.
- **Respiratory:** No cough, wheeze, or shortness of breath.
- **Gastrointestinal:** No abdominal pain, nausea, vomiting, or diarrhea.
- **Musculoskeletal:** No joint pain or muscle weakness.
- **Psychiatric:** Depressed mood noted previously, but currently stable without medication.

**Objective**

**Physical Exam:**
- **Blood Pressure:** 140/90 mmHg
- **Body Mass Index (BMI):** 29 kg/m² (overweight)
- **Abdomen:** Soft, no tenderness
- **Heart:** Regular rhythm, no murmurs

**Laboratory Results:**
- **Previous Lipid Panel:** Total Cholesterol: 240 mg/dL, LDL Cholesterol: 160 mg/dL
- **Current Lipid Profile:** Pending

**Assessment**

1. **Hypertension (Stage 1)**
   - Blood pressure remains elevated at 140/90 mmHg. Current regimen of Losartan 50 mg daily is insufficient to control hypertension. Consider further optimization.

2. **Dyslipidemia**
   - Based on previous lipid panel results, elevated total cholesterol and LDL cholesterol levels indicate dyslipidemia. Management should include both pharmacologic and non-pharmacologic interventions.

3. **Fatigue**
   - Mild and occasional. Likely multifactorial, possibly related to hypertension and lifestyle factors.

**Plan**

1. **Medication Management:**
   - Initiate Atorvastatin 40 mg daily for 1 month to address dyslipidemia.
   - Continue Losartan 50 mg daily. Consider re-evaluation of blood pressure control within the next few weeks.

2. **Lifestyle Modifications:**
   - Refer patient to a dietitian for dietary counseling focusing on a low-fat diet.
   - Encourage increasing physical activity (if possible, aim for at least 150 minutes of moderate-intensity aerobic activity per week).

3. **Follow-Up:**
   - Order a repeat lipid panel to be checked one month after starting Atorvastatin.
   - Schedule follow-up appointment in one month to review blood pressure and lipid panel results.

4. **Patient Education:**
   - Discuss the importance of regular blood pressure monitoring and adherence to medications.
   - Provide information on the potential side effects of Atorvastatin and the reasons for this intervention.

5. **Referral:**
   - Refer Mr. Garcia to a registered dietitian, Ms. Maria Rodriguez, for dietary counseling focusing on a low-fat diet due to his high-fat and sugar intake and dyslipidemia."|ablation|Family Medicine Physician|"Here is the conversation between the doctor and the patient:

Doctor: Good morning, how are you feeling today?
Patient: I'm feeling a bit tired, but otherwise okay, I guess.
Doctor: Okay, can you tell me more about this fatigue you're experiencing? How long has it been going on?
Patient: It's been about three months now. It's not every day, but often enough to notice.
Doctor: And how's it affecting your daily activities?
Patient: It's not too bad, but I do feel like I need to take more breaks at work and rest a bit more when I get home.
Doctor: I see. Have you noticed anything that triggers it or makes it worse?
Patient: Not really, it just seems to come and go.
Doctor: Okay. And what about your diet and exercise habits? Have you made any changes recently?
Patient: Hmm, no, I don't think so. I still eat a lot of fatty foods and sugar, and I don't exercise as much as I should.
Doctor: I understand. And what about your medical history? Have you had any conditions or taken any medications that might be contributing to this fatigue?
Patient: Well, I do have high blood pressure, and I'm taking Losartan for it.
Doctor: Okay, that's good. And have you had any side effects from the Losartan?
Patient: No, none that I've noticed.
Doctor: Great. Now, let's talk about your lifestyle a bit more. You mentioned you're a former smoker, is that right?
Patient: Yes, I quit about five years ago.
Doctor: Excellent! And do you drink alcohol at all?
Patient: Yeah, I have a drink or two socially, about two times a week.
Doctor: Okay, that's good to know. Now, I'd like to do a quick physical exam, if you don't mind.
Patient: No, go ahead.
Doctor: Great. (performs physical exam) Okay, your blood pressure is a bit high today, 140 over 90.
Patient: Yeah, I knew that was a problem.
Doctor: And your BMI is a bit high as well, 29.
Patient: (nods) Yeah, I need to work on that.
Doctor: (smiling) Don't worry, we can work on that together. Now, I'd like to discuss your lab results with you. Your lipid panel from before showed some elevated numbers.
Patient: Oh, yeah? What does that mean?
Doctor: It means we need to keep an eye on your cholesterol levels and maybe make some changes to your diet and exercise habits.
Patient: Okay, that makes sense.
Doctor: Exactly. So, I'd like to start you on a medication to help lower your cholesterol, called Atorvastatin.
Patient: Okay, what's that going to do?
Doctor: It's going to help lower your bad cholesterol and reduce your risk of heart disease.
Patient: That sounds good.
Doctor: And I'd also like to refer you to a dietitian to help you make some changes to your diet.
Patient: Okay, that sounds like a good idea.
Doctor: Great! I'll go ahead and order that for you. And let's schedule a follow-up appointment for a month from now to check on your progress.
Patient: Sounds good to me.
Doctor: Excellent! Before we finish, do you have any questions for me?
Patient: Actually, yeah. What kind of side effects might I expect from this new medication?
Doctor: Good question. (explains potential side effects) But don't worry, we'll monitor you closely and adjust as needed.
Patient: Okay, got it.
Doctor: Great! I'll see you in a month then.
Patient: Looking forward to it.
Doctor: Me too! Take care, and don't hesitate to reach out if you have any questions or concerns before then.
Patient: Will do, thanks!"|"Here is the conversation with some minor adjustments to make it more colloquial and natural-sounding:

[Doctor]: Good morning, how are you feeling today?
[Patient]: I'm feeling a bit tired, but otherwise okay, I guess.
[Doctor]: Hmm, okay. Can you tell me more about this fatigue you're experiencing? How long has it been going on?
[Patient]: It's been about three months now. It's not every day, but often enough to notice.
[Doctor]: Yeah, that's a pretty long time. And how's it affecting your daily activities?
[Patient]: It's not too bad, but I do feel like I need to take more breaks at work and rest a bit more when I get home.
[Doctor]: Okay, I see. Have you noticed anything that triggers it or makes it worse?
[Patient]: Not really, it just seems to come and go.
[Doctor]: Okay. And what about your diet and exercise habits? Have you made any changes recently?
[Patient]: Hmm, no, I don't think so. I still eat a lot of fatty foods and sugar, and I don't exercise as much as I should.
[Doctor]: Yeah, okay. Well, let's take a look at your medical history. You have high blood pressure, right? And you're taking Losartan for it?
[Patient]: Yeah, that's right.
[Doctor]: Okay, great. And have you had any side effects from the Losartan?
[Patient]: No, none that I've noticed.
[Doctor]: Good. Now, let's talk about your lifestyle a bit more. You mentioned you're a former smoker, is that right?
[Patient]: Yes, I quit about five years ago.
[Doctor]: Excellent! And do you drink alcohol at all?
[Patient]: Yeah, I have a drink or two socially, about two times a week.
[Doctor]: Okay, that's good to know. Now, I'd like to do a quick physical exam, if you don't mind.
[Patient]: No, go ahead.
[Doctor]: Great. (performs physical exam) Okay, your blood pressure is a bit high today, 140 over 90.
[Patient]: Yeah, I knew that was a problem.
[Doctor]: And your BMI is a bit high as well, 29. That puts you in the overweight category.
[Patient]: (nods) Yeah, I need to work on that.
[Doctor]: (smiling) Don't worry, we can work on that together. Now, I'd like to discuss your lab results with you. Your lipid panel from before showed some elevated numbers. Your total cholesterol was 240 mg/dL, and your LDL cholesterol was 160 mg/dL.
[Patient]: Oh, yeah? What does that mean?
[Doctor]: It means we need to keep an eye on your cholesterol levels and maybe make some changes to your diet and exercise habits.
[Patient]: Okay, that makes sense.
[Doctor]: Exactly. So, I'd like to start you on a medication to help lower your cholesterol, called Atorvastatin. I'll prescribe 40 mg daily for now.
[Patient]: Okay, what's that going to do?
[Doctor]: It's going to help lower your bad cholesterol and reduce your risk of heart disease.
[Patient]: That sounds good.
[Doctor]: And I'd also like to refer you to a dietitian to help you make some changes to your diet. We'll focus on a low-fat diet and see if we can't get that BMI down.
[Patient]: Okay, that sounds like a good idea.
[Doctor]: Great! I'll go ahead and order that for you. And let's schedule a follow-up appointment for a month from now to check on your progress. We'll also do a repeat lipid panel to see how you're responding to the medication.
[Patient]: Sounds good to me.
[Doctor]: Excellent! Before we finish, do you have any questions for me?
[Patient]: Actually, yeah. What kind of side effects might I expect from this new medication?
[Doctor]: Good question. (explains potential side effects) But don't worry, we'll monitor you closely and adjust as needed.
[Patient]: Okay, got it.
[Doctor]: Great! I'll see you in a month then.
[Patient]: Looking forward to it.
[Doctor]: Me too! Take care, and don't hesitate to reach out if you have any questions or concerns before then.
[Patient]: Will do, thanks!"
MIXED HYPERLIPIDEMIA|"ROLE: Family Medicine Physician

** Medical Outcome:**
- Diagnosis: Hypertension (ICD-10: I10)
- Prescribed Treatment: Amlodipine 5mg once daily orally for 1 month, then re-evaluate
- Lifestyle Changes: Increase physical activity, reduce sodium intake, quit smoking entirely
- Referral: Referral to Nephrologist for further evaluation due to potential renal involvement
- Follow-Up Recommendations: Schedule next visit in 4 months for blood pressure monitoring and further assessment

** Medical History:**
- Previous Diagnoses: Type 2 Diabetes, controlled with Metformin 1000mg twice daily
- Family Medical History: Mother with history of hypertension and stroke, deceased at age 65
- Medication History: Metformin 1000mg twice daily, Aspirin 81mg daily
- Allergies: None
- Chronic Conditions: Hypertension, Type 2 Diabetes

** Symptom Description:**
- Severity: Moderate, occasional head pain, palpitations
- Duration: Recent onset over the past few months
- Associated Symptoms: Fatigue, intermittent dizziness
- Frequency: Symptoms occur several times a week
- Impact on Daily Activities: Mild impact, difficulty concentrating

** Patient’s Self-Reported Habits and Lifestyle:**
- Sleep: Poor quality, 5-6 hours per night due to stress
- Diet: High-sodium diet, frequently eats processed foods
- Exercise: Sedentary lifestyle, seldom exercises
- Tobacco Use: Current smoker of 1 pack/day for 25 years, willing to quit
- Alcohol Consumption: Social drinker twice a week
- Drug Use: No recreational drug use
- Recreational Activities: Watches TV and spends time gardening

** Demographic Information:**
- Age: 59 years old
- Gender: Female
- Ethnicity: Hispanic
- Socio-Economic Status: Low income
- Education Level: High school diploma
- Health Literacy: Low
- Job Status: Retired due to health issues

** Patient’s Behavior:**
- Cooperation with medical advice: Strongly cooperative, highly motivated to manage symptoms and improve overall health

** Geographical Location:**
- Rural setting with lower pollution levels but limited healthcare facilities
- Neighborhood type: Impoverished with limited access to fresh fruits and vegetables

** Clinical Setting:**
- Community Health Center

** Type of Encounter:**
- Initial Consultation for evaluation of hypertension

** Treatment Disparities:**
- Potential disparity due to socio-economic factors limiting access to specialized care

** Native or Non-Native English Speaking Patient:**
- Native English speaker, speaks English as primary language

** Physical Exams:**
- BMI: 35
- Blood Pressure: 155/95 mmHg
- Eyes: No xanthelasma, pupils equal and reactive
- Heart: Regular rhythm, mild S3 gallop
- Lungs: Clear bilaterally
- Abdomen: Soft, no tenderness, no masses
- Extremities: No edema noted

** Investigation/Test Results:**
- Blood work: Lipid profile showing elevated total cholesterol and triglycerides, awaiting A1C and kidney function tests
- Imaging: Abdominal ultrasound scheduled for next week to rule out any underlying renal abnormalities

---

This scenario includes detailed information across various dimensions, ensuring distinctiveness from previous scenarios while maintaining medical correctness and plausibility."|"**Subjective**

**Chief Complaint (CC):**
Patient presents with a recent onset of moderate headache and palpitations occurring several times a week, which have been impacting her ability to concentrate slightly.

**History of Present Illness (HPI):**
The patient reports experiencing fatigue and intermittent dizziness associated with these symptoms. These symptoms began to manifest over the past few months. She attributes some of her difficulties to poor sleep quality, averaging only 5-6 hours per night due to stress. The patient acknowledges a sedentary lifestyle, consuming a diet high in sodium and processed foods, and has smoked one pack of cigarettes daily for 25 years.

**Review of Systems (ROS):**
- Constitutional: Fatigue, poor sleep quality
- Cardiovascular: Palpitations, occasional chest discomfort
- Respiratory: No shortness of breath
- Gastrointestinal: No nausea, vomiting or abdominal pain
- Neurological: Headaches, dizziness
- Psychiatric: No depression or anxiety reported
- Genitourinary: No urinary frequency or dysuria
- Musculoskeletal: No joint pain
- Skin: No rashes, pruritis
- Hematologic/Lymphatic: No bleeding or bruising

**Objective**

**Vital Signs:**
- Blood Pressure: 155/95 mmHg
- Heart Rate: 78 bpm
- Respiratory Rate: 18 breaths/min
- Temperature: 98.6°F (axillary)

**Physical Examination:**
- General: Appears well-nourished, in no acute distress
- HEENT:
  - Pupils: Equal and reactive to light
  - Fundi: No xanthelasma, no papilledema
- Cardiovascular:
  - Heart: Regular rhythm, mild S3 gallop heard
  - Lungs: Clear, no wheezes, crackles, or rhonchi
- Abdomen: Soft, nontender, no organomegaly
- Extremities: No edema noted
- BMI: 35

**Investigation/Test Results:**
- Blood Work: Lipid Profile showing elevated total cholesterol and triglycerides, awaiting A1C and kidney function tests.
- Imaging: Abdominal Ultrasound scheduled for next week to rule out any underlying renal abnormalities.

**Assessment**

1. **Hypertension (I10)**
   - Medical Reasoning: Elevated blood pressure (155/95 mmHg) and symptoms consistent with uncontrolled hypertension (headache, palpitations, mild chest discomfort).
   - Patient Education and Counseling: Discussed the importance of controlling blood pressure and adherence to prescribed medication.
   - Medical Treatment: Prescribed Amlodipine 5mg once daily orally for 1 month, then re-evaluate.
   
2. **Type 2 Diabetes Mellitus (E11.9)**
   - Medical Reasoning: Established diagnosis being managed with Metformin 1000mg twice daily.
   - Patient Education and Counseling: Reiterated the need for regular blood glucose monitoring. A1C and kidney function tests pending.
   
3. **Smoking Cessation**
   - Medical Reasoning: Current smoker, willing to quit.
   - Patient Education and Counseling: Discussed the benefits of quitting smoking for overall cardiovascular health. Referral for cessation support services.
   
4. **Renal Involvement**
   - Medical Reasoning: Family history of hypertension and stroke, elevated blood pressure, waiting for kidney function tests.
   - Referral: Referral to Nephrologist for further evaluation due to potential renal involvement.

**Plan**

1. Amlodipine 5mg once daily orally for 1 month. Re-evaluation after one month.
2. Increase physical activity through walking or light exercise, aiming for 30 minutes a day.
3. Reduce sodium intake by adopting a low-salt diet.
4. Quit smoking entirely. Referral to local smoking cessation services.
5. Schedule next visit in 4 months for blood pressure monitoring and further assessment.
6. Await results of A1C and kidney function tests.

**Patient Agreements:**
- Patient understands and agrees with the recommended treatment plan including medication, lifestyle changes, and referral for further evaluation.

**Instructions:**
- Follow up in 4 months for continued blood pressure monitoring and further assessment.
- Contact provider if symptoms worsen or new symptoms arise."|"**Subjective**

**Chief Complaint (CC):**
Ms. Jane Doe presents with a recent onset of moderate headache and palpitations occurring several times a week, which have been impacting her ability to concentrate slightly.

**History of Present Illness (HPI):**
Ms. Doe reports experiencing fatigue and intermittent dizziness associated with these symptoms. These symptoms began to manifest over the past few months. She attributes some of her difficulties to poor sleep quality, averaging only 5-6 hours per night due to stress. Ms. Doe acknowledges a sedentary lifestyle, consuming a diet high in sodium and processed foods, and has smoked one pack of cigarettes daily for 25 years.

**Review of Systems (ROS):**
- Constitutional: Fatigue, poor sleep quality
- Cardiovascular: Palpitations, occasional chest discomfort
- Respiratory: No shortness of breath
- Gastrointestinal: No nausea, vomiting or abdominal pain
- Neurological: Headaches, dizziness
- Psychiatric: No depression or anxiety reported
- Genitourinary: No urinary frequency or dysuria
- Musculoskeletal: No joint pain
- Skin: No rashes, pruritis
- Hematologic/Lymphatic: No bleeding or bruising

**Objective**

**Vital Signs:**
- Blood Pressure: 155/95 mmHg
- Heart Rate: 78 bpm
- Respiratory Rate: 18 breaths/min
- Temperature: 98.6°F (axillary)

**Physical Examination:**
- General: Appears well-nourished, in no acute distress
- HEENT:
  - Pupils: Equal and reactive to light
  - Fundi: No xanthelasma, no papilledema
- Cardiovascular:
  - Heart: Regular rhythm, mild S3 gallop heard
  - Lungs: Clear, no wheezes, crackles, or rhonchi
- Abdomen: Soft, nontender, no organomegaly
- Extremities: No edema noted
- BMI: 35

**Investigation/Test Results:**
- Blood Work: Lipid Profile showing elevated total cholesterol and triglycerides, awaiting A1C and kidney function tests.
- Imaging: Abdominal Ultrasound scheduled for next week to rule out any underlying renal abnormalities.

**Assessment**

1. **Hypertension (I10)**
   - Medical Reasoning: Elevated blood pressure (155/95 mmHg) and symptoms consistent with uncontrolled hypertension (headache, palpitations, mild chest discomfort).

2. **Type 2 Diabetes Mellitus (E11.9)**
   - Medical Reasoning: Established diagnosis being managed with Metformin 1000mg twice daily.

3. **Smoking Cessation**
   - Medical Reasoning: Current smoker, willing to quit.

4. **Renal Involvement**
   - Medical Reasoning: Family history of hypertension and stroke, elevated blood pressure, waiting for kidney function tests.

**Plan**

1. Prescribe Amlodipine 5mg once daily orally for 1 month. Re-evaluation after one month.
2. Increase physical activity through walking or light exercise, aiming for 30 minutes a day.
3. Reduce sodium intake by adopting a low-salt diet.
4. Quit smoking entirely. Referral to Dr. John Smith, a smoking cessation specialist, for cessation support services.
5. Schedule next visit in 4 months for blood pressure monitoring and further assessment.
6. Await results of A1C and kidney function tests.
7. Order an abdominal ultrasound to rule out any underlying renal abnormalities.
8. Refer to Dr. Emily Chen, a nephrologist, for further evaluation due to potential renal involvement."|ablation|Family Medicine Physician|"Here is the dialogue for the given medical note:

[doctor] Hi, how are you feeling today?
[patient] I'm feeling a bit tired and I have a moderate headache.
[doctor] Okay, can you tell me more about your headache? How often do you get it?
[patient] It's been happening a few times a week, and it's been affecting my ability to concentrate.
[doctor] I see. And have you noticed any other symptoms along with the headache?
[patient] Yeah, I've been feeling a bit dizzy and fatigued.
[doctor] Okay, let's talk about your fatigue. How long have you been feeling this way?
[patient] It's been going on for a few months now.
[doctor] And what do you think might be causing your fatigue?
[patient] Honestly, I think it's because I haven't been sleeping well. I've been getting only 5 or 6 hours of sleep a night.
[doctor] I see. And what about your diet? Have you made any changes recently?
[patient] No, I don't think so. I've just been eating the same old stuff - lots of sodium and processed foods.
[doctor] Okay, that's helpful to know. And do you smoke?
[patient] Yeah, I do. I've been smoking for about 25 years.
[doctor] Okay, we'll definitely want to talk about quitting smoking. But first, let's check your blood pressure. (takes blood pressure) Okay, your blood pressure is a bit high - 155/95 mmHg.
[patient] Yeah, I knew it was high. My doctor has been telling me to get it under control.
[doctor] Okay, well, we'll work on that. And I'd like to do a physical exam. (performs physical exam) Okay, everything looks good. Your heart is beating regularly, and your lungs are clear.
[patient] That's good to hear.
[doctor] Yeah, it is. Now, I'd like to talk about your treatment plan. We're going to start you on a medication to help lower your blood pressure. And I'd like you to start making some lifestyle changes - like increasing your physical activity and reducing your sodium intake.
[patient] Okay, that sounds good. What kind of medication will I be taking?
[doctor] We're going to start you on Amlodipine - 5mg once daily. And I'd like you to take it for a month and then come back and see me.
[patient] Okay, got it.
[doctor] And I'd also like you to quit smoking. It's really important for your overall health.
[patient] Yeah, I know. I've been trying to quit for a while now.
[doctor] Okay, well, we can get you some help with that. I can refer you to a smoking cessation program.
[patient] That would be great, thank you.
[doctor] You're welcome. And finally, I'd like to schedule a follow-up appointment with you in 4 months to check on your blood pressure and see how you're doing.
[patient] Sounds good.
[doctor] Okay, great. I'll have my nurse schedule that for you. And in the meantime, if you have any questions or concerns, don't hesitate to reach out to me.
[patient] Will do, thanks again.
[doctor] You're welcome. Take care!"|"Here is the dialogue with some minor adjustments to make it more colloquial and natural-sounding:

[doctor] Hi, how are you feeling today?
[patient] I'm feeling a bit tired and I have a moderate headache.
[doctor] Okay, hmm, can you tell me more about your headache? How often do you get it?
[patient] It's been happening a few times a week, and it's been affecting my ability to concentrate, yeah.
[doctor] I see. And have you noticed any other symptoms along with the headache? Like dizziness or anything?
[patient] Yeah, I've been feeling a bit dizzy and fatigued, you know?
[doctor] Okay, let's talk about your fatigue. How long have you been feeling this way? A few weeks, a few months?
[patient] It's been going on for a few months now, I'd say.
[doctor] And what do you think might be causing your fatigue? Is it just the lack of sleep or...?
[patient] Honestly, I think it's because I haven't been sleeping well. I've been getting only 5 or 6 hours of sleep a night, which isn't great.
[doctor] I see. And what about your diet? Have you made any changes recently? Are you eating a lot of processed foods or...
[patient] No, I don't think so. I've just been eating the same old stuff - lots of sodium and processed foods, yeah.
[doctor] Okay, that's helpful to know. And do you smoke?
[patient] Yeah, I do. I've been smoking for about 25 years, unfortunately.
[doctor] Okay, we'll definitely want to talk about quitting smoking. But first, let's check your blood pressure. (takes blood pressure) Okay, your blood pressure is a bit high - 155/95 mmHg. Yes, that's a bit concerning.
[patient] Yeah, I knew it was high. My doctor has been telling me to get it under control, yeah.
[doctor] Okay, well, we'll work on that. And I'd like to do a physical exam. (performs physical exam) Okay, everything looks good. Your heart is beating regularly, and your lungs are clear, which is great.
[patient] That's good to hear, thanks.
[doctor] Yeah, it is. Now, I'd like to talk about your treatment plan. We're going to start you on a medication to help lower your blood pressure. And I'd like you to start making some lifestyle changes - like increasing your physical activity and reducing your sodium intake, okay?
[patient] Okay, that sounds good. What kind of medication will I be taking?
[doctor] We're going to start you on Amlodipine - 5mg once daily. And I'd like you to take it for a month and then come back and see me, hmm?
[patient] Okay, got it.
[doctor] And I'd also like you to quit smoking. It's really important for your overall health, yes.
[patient] Yeah, I know. I've been trying to quit for a while now, but it's hard.
[doctor] Okay, well, we can get you some help with that. I can refer you to a smoking cessation program, which should be helpful.
[patient] That would be great, thank you.
[doctor] You're welcome. And finally, I'd like to schedule a follow-up appointment with you in 4 months to check on your blood pressure and see how you're doing, okay?
[patient] Sounds good.
[doctor] Okay, great. I'll have my nurse schedule that for you. And in the meantime, if you have any questions or concerns, don't hesitate to reach out to me, yeah?
[patient] Will do, thanks again.
[doctor] You're welcome. Take care!"
MIXED HYPERLIPIDEMIA|"ROLE: Family Medicine Physician

CHIEF COMPLAINT

High cholesterol levels.

HISTORY OF PRESENT ILLNESS

Mr. Jameson Parker, a 54-year-old male, presents to the clinic for routine annual checkup and ongoing management of dyslipidemia. He reports no recent symptoms but acknowledges that his family often notices that he feels ""tired"" after heavier meals, though he denies chest pain or shortness of breath.

MEDICAL HISTORY

- Hypertension managed with lisinopril.
- Family history: Father died of a myocardial infarction at age 60, mother has hypercholesterolemia.
- Previously diagnosed with mixed hyperlipidemia.

SOCIAL HISTORY

- Drinks alcohol moderately (3-4 drinks per week).
- Does not smoke.
- Minimal exercise; sedentary desk job.
- Diet includes fast food twice a week, occasional fruit and vegetable intake.

MEDICATIONS

- Lisinopril 10 mg daily.
- Atorvastatin 20 mg once daily (currently being used).

REVIEW OF SYSTEMS

- Cardiovascular: Denies chest pain, dyspnea.
- Neurological: Denies dizziness, headache.
- GI: Denies nausea, vomiting.
- MSK: No joint pain or muscle weakness noted.
- Fatigue: Mild fatigue following heavy meals.

VITALS

Blood pressure: 136/88 mmHg
Heart rate: 72 bpm
Respiratory rate: 16
Temperature: 98.3°F
Oxygen saturation: 96%

PHYSICAL EXAM

General: Well-developed, well-nourished male, alert and oriented.
CV: BP 136/88 mmHg, regular S1 S2, no murmur.
RESPIRATORY: Lungs clear to auscultation bilaterally.
ABDOMEN: Soft, non-tender.
EXTREMITIES: No edema, normal pulses.
NEUROLOGIC: Normal motor function, normal reflexes.
SKIN: No rash, no jaundice.

INVESTIGATIONS/TREATMENTS REVIEWED OR ORDERED

Biochemistry panel recently completed:
- Total cholesterol: 230 mg/dL (high)
- LDL cholesterol: 150 mg/dL (high)
- HDL cholesterol: 45 mg/dL (low)
- Triglycerides: 210 mg/dL (high)

ASSESSMENT

Mixed hyperlipidemia (ICD-10 code: E78.9)

PLAN

The patient will continue atorvastatin but I am considering increasing the dose to 40 mg once daily to better control his lipid profiles. Additionally:

- Schedule a routine lipid profile again in three months.
- Refer to a nutritionist for guidance on dietary modifications.
- Emphasize the importance of regular aerobic physical activity (at least 150 minutes per week).
- Follow-up for reevaluation in three months.

DISCUSSION

Discussed the necessity of medication compliance and lifestyle changes to reduce cardiovascular risk. Patient is cooperative and willing to make lifestyle changes."|Rejected|Rejected|Rejected|Rejected||
MIXED HYPERLIPIDEMIA|"ROLE: Family Medicine Physician

CHIEF COMPLAINT

High cholesterol levels.

HISTORY OF PRESENT ILLNESS

Mrs. Emily Garcia, a 58-year-old female, presents to the clinic for routine annual checkup and ongoing management of dyslipidemia. She reports experiencing mild fatigue after heavy meals and mild shortness of breath when walking uphill, although these symptoms are infrequent and do not restrict her activities significantly.

MEDICAL HISTORY

- Hypertension managed with losartan.
- Previously diagnosed with mixed hyperlipidemia and hypothyroidism, currently taking levothyroxine 100 mcg daily.
- Family history: Maternal history of hypercholesterolemia and paternal history of cardiovascular disease.

SOCIAL HISTORY

- Consumes alcohol occasionally (about one drink per month).
- Non-smoker.
- Exercises mildly (brisk walking three times a week).
- Diet consists mostly of a mix of fruits, vegetables, and processed foods.

MEDICATIONS

- Losartan 50 mg daily.
- Levothyroxine 100 mcg daily.
- Atorvastatin 20 mg once daily (currently being used).

REVIEW OF SYSTEMS

- Cardiovascular: Denies chest pain, dyspnea.
- Neurological: Denies dizziness, headache.
- GI: Denies nausea, vomiting.
- MSK: No joint pain, occasional lower back discomfort.
- Fatigue: Mildly fatigued following heavy meals.
- Exercise tolerance: Shortness of breath walking uphill (infrequently).

VITALS

Blood pressure: 140/88 mmHg
Heart rate: 78 bpm
Respiratory rate: 18
Temperature: 98.6°F
Oxygen saturation: 97%

PHYSICAL EXAM

General: Well-nourished female, well-developed, alert and oriented.
CV: BP 140/88 mmHg, regular rhythm, no murmurs.
RESPIRATORY: Lungs clear to auscultation bilaterally.
ABDOMEN: Soft, non-tender.
EXTREMITIES: No edema, normal pulses.
NEUROLOGIC: Normal motor function, normal reflexes.
SKIN: No rash, no jaundice.

INVESTIGATIONS/TREATMENTS REVIEWED OR ORDERED

Biochemistry panel:
- Total cholesterol: 245 mg/dL (high)
- LDL cholesterol: 160 mg/dL (high)
- HDL cholesterol: 50 mg/dL (low)
- Triglycerides: 215 mg/dL (high)
- TSH: 1.5 mIU/L (normal range)

ASSESSMENT

Mixed hyperlipidemia (ICD-10 code: E78.9)

PLAN

1. Medical Treatment:
   - Increase atorvastatin from 20 mg to 40 mg once daily.
   - Advise patient to continue losartan 50 mg daily and levothyroxine 100 mcg daily.

2. Lifestyle Modifications:
   - Refer the patient to a registered dietician for personalized dietary counseling.
   - Encourage increased physical activity, aiming for at least 30 minutes of moderate-intensity aerobic exercise five days a week.

3. Follow-up:
   - Order a lipid profile in three months to reassess the lipid levels and adjust the medication if necessary.
   - Schedule follow-up appointment in six months for further assessment.

DISCUSSION

Discussed the necessity of medication compliance, dietary changes, and increasing physical activity to mitigate cardiovascular risk. Patient is cooperative and agrees to the proposed plan."|Rejected|Rejected|Rejected|Rejected||
MIXED HYPERLIPIDEMIA|"ROLE: Family Medicine Physician

CHIEF COMPLAINT

Chest pain.

HISTORY OF PRESENT ILLNESS

Mr. Richard Lee, a 56-year-old male, presents to the clinic complaining of intermittent chest pain over the past three weeks. The pain is described as a tightness in the chest lasting several minutes, particularly noted after meals, and he denies any radiation. He also reports shortness of breath during episodes and mild fatigue. His symptoms have not restricted his daily activities but cause concern.

MEDICAL HISTORY

- Hypertension managed with losartan.
- Previously diagnosed with mixed hyperlipidemia and type 2 diabetes mellitus (controlled with metformin).
- Family history: Mother had cardiovascular disease and father had type 2 diabetes.

SOCIAL HISTORY

- Drinks alcohol occasionally, about one drink weekly.
- Smokes one pack of cigarettes per day for the past 10 years.
- Exerts minimal effort physically, mainly sedentary office job.
- Diet predominantly processed foods with occasional fruits and vegetables.

MEDICATIONS

- Losartan 50 mg daily.
- Metformin 1000 mg twice daily.
- Atorvastatin 20 mg once daily (currently being used).

REVIEW OF SYSTEMS

- Cardiovascular: Denies chest pain during rest, notes tightness after meals.
- Neurological: Denies dizziness, headache.
- GI: Denies nausea, vomiting.
- MSK: No joint pain.
- Fatigue: Reports mild fatigue after episodes of chest pain.
- Exercise tolerance: Shortness of breath during moderate exertion.

VITALS

Blood pressure: 148/92 mmHg
Heart rate: 84 bpm
Respiratory rate: 18
Temperature: 98.5°F
Oxygen saturation: 95%

PHYSICAL EXAM

General: Well-nourished male, well-developed, alert and oriented.
CV: BP 148/92 mmHg, regular rhythm, no murmurs.
RESPIRATORY: Lungs clear to auscultation bilaterally.
ABDOMEN: Soft, non-tender.
EXTREMITIES: No edema, normal pulses.
NEUROLOGIC: Normal motor function, normal reflexes.
SKIN: No rash, no jaundice.

INVESTIGATIONS/TREATMENTS REVIEWED OR ORDERED

Biochemistry panel:
- Glucose: Fasting at 120 mg/dL (slightly elevated)
- Total cholesterol: 250 mg/dL (high)
- LDL cholesterol: 165 mg/dL (high)
- HDL cholesterol: 45 mg/dL (low)
- Triglycerides: 220 mg/dL (high)

ECG: Sinus rhythm, no significant abnormalities noted.

ORDERED TESTS/FOLLOW UP

- Order an echocardiogram to evaluate for possible underlying cardiac pathology.
- Request a stress test to assess for ischemic heart disease.
- Order lipid profile in 2 months to reassess after medication adjustment.
- Refer to a smoking cessation program and a nutritionist for dietary counseling.

ASSESSMENT

Mixed hyperlipidemia (ICD-10 code: E78.9)
Chest pain—likely angina pectoris secondary to coronary artery disease, pending further investigation.

PLAN

1. Increase atorvastatin from 20 mg to 40 mg once daily.
2. Advise patient to stop smoking and engage in a smoking cessation program.
3. Encourage increased physical activity, aiming for at least 30 minutes of light to moderate aerobic exercise daily.
4. Follow-up in two months to review results of echocardiogram and stress test as well as to evaluate lipid levels and glucose control.

DISCUSSION

Discussed the necessity of stopping smoking, medication compliance, dietary changes, and increasing physical activity to mitigate cardiovascular risk. Patient is cooperative and agrees to the proposed plan."|Rejected|Rejected|Rejected|Rejected||
MIXED HYPERLIPIDEMIA|"ROLE: Family Medicine Physician

CHIEF COMPLAINT

Chest pain.

HISTORY OF PRESENT ILLNESS

Ms. Sarah Kim, a 62-year-old female, presents to the clinic complaining of intermittent chest pain over the past two weeks. The pain is described as a tightening sensation in the chest lasting several minutes, particularly noted after meals, and she denies any radiation. She also reports shortness of breath during episodes and mild fatigue. Her symptoms have not restricted her daily activities but cause concern.

MEDICAL HISTORY

- Hypertension managed with valsartan.
- Previously diagnosed with mixed hyperlipidemia and diabetes mellitus (controlled with metformin).
- Family history: Father had cardiovascular disease, maternal grandmother had hypercholesterolemia.

SOCIAL HISTORY

- Drinks alcohol heavily (4-5 drinks per week).
- Non-smoker.
- Engages in light gardening activities but is otherwise sedentary.
- Diet primarily composed of fast food with minimal fruit and vegetable intake.

MEDICATIONS

- Valsartan 160 mg once daily.
- Metformin 1000 mg twice daily.
- Atorvastatin 20 mg once daily (currently being used).

REVIEW OF SYSTEMS

- Cardiovascular: Denies chest pain during rest, notes tightness after meals.
- Neurological: Denies dizziness, headache.
- GI: Denies nausea, vomiting.
- MSK: No joint pain.
- Fatigue: Reports mild fatigue after episodes of chest pain.
- Exercise tolerance: Shortness of breath during moderate exertion.

VITALS

Blood pressure: 150/90 mmHg
Heart rate: 80 bpm
Respiratory rate: 18
Temperature: 98.4°F
Oxygen saturation: 96%

PHYSICAL EXAM

General: Overweight female, well-nourished, alert and oriented.
CV: BP 150/90 mmHg, regular rhythm, no murmurs.
RESPIRATORY: Lungs clear to auscultation bilaterally.
ABDOMEN: Soft, non-tender.
EXTREMITIES: No edema, normal pulses.
NEUROLOGIC: Normal motor function, normal reflexes.
SKIN: No rash, no jaundice.

INVESTIGATIONS/TREATMENTS REVIEWED OR ORDERED

Biochemistry panel:
- Glucose: Fasting glucose at 130 mg/dL (elevated).
- Total cholesterol: 255 mg/dL (high).
- LDL cholesterol: 170 mg/dL (high).
- HDL cholesterol: 48 mg/dL (low).
- Triglycerides: 230 mg/dL (high).

ECG: Sinus rhythm, no significant abnormalities noted.

ORDERED TESTS/FOLLOW UP

- Order an echocardiogram to evaluate for possible underlying cardiac pathology.
- Request a stress test to assess for ischemic heart disease.
- Order lipid profile in 2 months to reassess after medication adjustment.
- Refer to a registered dietitian for dietary counseling and a physical trainer for exercise plan.
- Consider adding a beta-blocker if echocardiogram shows signs of ischemia.

ASSESSMENT

Mixed hyperlipidemia (ICD-10 code: E78.9)
Chest pain—likely angina pectoris secondary to coronary artery disease, pending further investigation.

PLAN

1. Increase atorvastatin from 20 mg to 40 mg once daily.
2. Advise patient to limit alcohol consumption to no more than one drink per week.
3. Encourage increased physical activity, aiming for at least 30 minutes of light to moderate aerobic exercise daily.
4. Follow-up in two months to review results of echocardiogram and stress test as well as to evaluate lipid levels and glucose control.

DISCUSSION

Discussed the necessity of reducing alcohol consumption, medication compliance, dietary changes, and increasing physical activity to mitigate cardiovascular risk. Patient is cooperative and agrees to the proposed plan."|Rejected|Rejected|Rejected|Rejected||
MIXED HYPERLIPIDEMIA|"ROLE: Family Medicine Physician

CHIEF COMPLAINT

Chest discomfort.

HISTORY OF PRESENT ILLNESS

Ms. Karen Thompson, a 48-year-old female, presents to the clinic complaining of intermittent chest discomfort over the past four weeks. The discomfort is described as a squeezing sensation in the chest lasting several minutes, particularly noted after meals. She denies any radiation but reports shortness of breath during episodes and mild fatigue. Symptoms do not restrict daily activities but cause concern.

MEDICAL HISTORY

- Hypertension managed with amlodipine.
- Previously diagnosed with mixed hyperlipidemia and type 2 diabetes mellitus (controlled with insulin).
- Family history: Maternal aunt had cardiovascular disease, maternal grandfather had hypercholesterolemia.

SOCIAL HISTORY

- Drinks alcohol lightly (one drink per week).
- Non-smoker.
- Light physical activity: Walks the dog daily.
- Diet high in carbohydrates and processed foods, minimal fruit and vegetable intake.
- Lives in a rural area with limited access to healthy food options.

MEDICATIONS

- Amlodipine 10 mg daily.
- Insulin glargine 10 units before bed.
- Atorvastatin 20 mg once daily (currently being used).

REVIEW OF SYSTEMS

- Cardiovascular: Denies chest pain during rest, notes discomfort after meals.
- Neurological: Denies dizziness, headache.
- GI: Denies nausea, vomiting.
- MSK: No joint pain.
- Fatigue: Reports mild fatigue after chest discomfort episodes.
- Exercise tolerance: Mild shortness of breath during moderate exertion.

VITALS

Blood pressure: 146/90 mmHg
Heart rate: 78 bpm
Respiratory rate: 18
Temperature: 98.3°F
Oxygen saturation: 96%

PHYSICAL EXAM

General: Overweight female, well-nourished, alert and oriented.
CV: BP 146/90 mmHg, regular rhythm, no murmurs.
RESPIRATORY: Lungs clear to auscultation bilaterally.
ABDOMEN: Soft, non-tender.
EXTREMITIES: No edema, normal pulses.
NEUROLOGIC: Normal motor function, normal reflexes.
SKIN: No rash, no jaundice.

INVESTIGATIONS/TREATMENTS REVIEWED OR ORDERED

Biochemistry panel:
- Glucose: Fasting glucose at 125 mg/dL (elevated).
- Total cholesterol: 240 mg/dL (high).
- LDL cholesterol: 158 mg/dL (high).
- HDL cholesterol: 40 mg/dL (low).
- Triglycerides: 200 mg/dL (high).

ECG: Sinus rhythm, no significant abnormalities noted.

ORDERED TESTS/FOLLOW UP

- Order an echocardiogram to evaluate for possible underlying cardiac pathology.
- Request a treadmill stress test to assess for ischemic heart disease.
- Order lipid profile in two months to reassess after medication adjustment.
- Refer to a registered dietitian for dietary counseling and a community-based fitness program.
- Consider adding a beta-blocker if echocardiogram shows signs of ischemia.

ASSESSMENT

Mixed hyperlipidemia (ICD-10 code: E78.9)
Chest discomfort—likely angina pectoris secondary to coronary artery disease, pending further investigation.

PLAN

1. Increase atorvastatin from 20 mg to 40 mg once daily.
2. Advise patient to limit alcohol consumption to no more than one drink per week.
3. Encourage increased physical activity through community-based fitness programs, aiming for at least 30 minutes of light to moderate aerobic exercise daily.
4. Follow-up in two months to review results of echocardiogram and stress test as well as to evaluate lipid levels and glucose control.

DISCUSSION

Discussed the necessity of reducing alcohol consumption, medication compliance, dietary changes, and increasing physical activity to mitigate cardiovascular risk. Patient is cooperative and agrees to the proposed plan."|Rejected|Rejected|Rejected|Rejected||
MIXED HYPERLIPIDEMIA|"ROLE: Family Medicine Physician

CHIEF COMPLAINT

Chest discomfort.

HISTORY OF PRESENT ILLNESS

Ms. Amanda Lopez, a 60-year-old Latina female, presents to the clinic complaining of intermittent chest discomfort over the past three weeks. The discomfort is described as a pressing sensation in the chest lasting several minutes, especially after meals. She denies any radiation, but reports shortness of breath during episodes and mild fatigue. Symptoms do not restrict daily activities but cause concern.

MEDICAL HISTORY

- Hypertension managed with lisinopril.
- Previously diagnosed with mixed hyperlipidemia.
- Family history: Paternal uncle had cardiovascular disease.

SOCIAL HISTORY

- Drinks alcohol occasionally (1 drink per week).
- Non-smoker.
- Physically active: Regularly participates in local dance classes.
- Diet primarily consists of traditional Latina cuisine, which includes较多的加工食品和少數水果和蔬菜。

地理信息：
- 生活在一個小城市，有著較高的污染水平，交通便利但缺乏健康食品的选择。该区域是多元化的但经济条件较差。

患者行為：
- 患者對醫囑高度配合。

臨床場景：
- 一家家庭診所。

會見類型：
- 定期復查。

治療差異：
- 根據患者的家庭情況和經濟條件，她可能獲得的治療方案較為保守。

非英語母語病人：
- 就醫時需使用西班牙语。

體格檢查：
- 全身皮膚狀況良好，沒有疹子或黃疸。
- 心肺聽診正常。
- 腹部柔软無壓痛。
- 四肢脈搏正常，無浮肿。

檢驗／試驗：
生化檢查：
- 血糖：餐前血糖为128 mg/dL（升高）。
- 总胆固醇：245 mg/dL（高）。
- LDL胆固醇：155 mg/dL（高）。
- HDL胆固醇：45 mg/dL（低）。
- 甘油三酯：200 mg/dL（高）。

心电图：窦性心律，无显著异常。

額外的檢查/安排：
- 請求安排進行超聲心臟圖以評估潛在的心臟病變。
- 要求進行負荷超聲心动图以评估是否存在缺血性心脏病。
- 在两个月后重新评估血脂水平，并考虑调整药物剂量。
- 轉介至註冊營養師進行飲食指導並參加社區健身計劃。
- 如果超声心动图显示缺血迹象，考慮添加β受体阻滞劑。

診斷：

混合血脂过高（E78.9）
胸部不适——可能是冠状动脉疾病引起的胸痛，待进一步检查确认。

治療方案：

1. 將阿托伐他汀从20毫克增加到40毫克每日一次。
2. 努力减少酒精摄入量，每周不超过一杯。
3. 鼓励增加体力活动，建议每天进行至少30分钟的轻至中度有氧运动。
4. 在接下来的两个月内跟进，重新评估超声心动图、负荷超声心动图结果以及血脂和血糖控制情况。

討論：

與患者詳細討論了減少酒精消費的重要性、服藥依從性、飲食改變和增加活動量以降低心血管風險的必要性。患者表現出合作態度，同意接受擬定的治療計劃。"|Rejected|Rejected|Rejected|Rejected||
MIXED HYPERLIPIDEMIA|"ROLE: Family Medicine Physician

** Medical Outcome:**
- Diagnosis: Mixed Hyperlipidemia (ICD-10: E88.0)
- Prescribed Treatment: Statin therapy (Atorvastatin 20mg once daily orally for 4 weeks, then re-evaluate)
- Referral: Referral to Cardiologist for further management
- Follow-Up Recommendations: Schedule next visit in 3 months for lipid profile re-check
- Lifestyle Change: Increase physical activity, reduce saturated fats and trans-fats in diet, stop smoking if applicable

** Medical History:**
- Previous Diagnoses: Hypertension, Controlled with Lisinopril 10mg once daily
- Family Medical History: Father with history of coronary artery disease, deceased at age 58
- Medication History: Lisinopril 10mg once daily
- Chronic Conditions: Hypertension, Mixed Hyperlipidemia

** Symptom Description:**
- Severity: Mild, no chest pain or shortness of breath
- Duration: Recent onset over the past few months
- Associated Symptoms: None reported
- Frequency: Not relevant for hyperlipidemia
- Impact on Daily Activities: None

** Patient’s Self-Reported Habits and Lifestyle:**
- Sleep: Good sleep quality, 7-8 hours per night
- Diet: High-fat diet, consuming fast food meals regularly
- Exercise: Sedentary lifestyle, rarely exercises
- Tobacco Use: History of smoking 1 pack/day for 10 years, currently smoking 5 cigarettes/day
- Alcohol Consumption: Social drinker twice a week
- Drug Use: No recreational drug use
- Recreational Activities: Watch TV and play video games

** Demographic Information:**
- Age: 45 years old
- Gender: Male
- Ethnicity: Caucasian
- Socio-Economic Status: Middle Class
- Education Level: Completed high school
- Health Literacy: Moderate
- Job Status: Works as an office clerk

** Patient’s Behavior:**
- Cooperation with medical advice: Willing to comply with lifestyle changes but hesitant about medication

** Geographical Location:**
- Urban setting with higher pollution levels but well-served by public transit
- Neighborhood type: Impoverished with limited access to fresh fruits and vegetables (food desert)

** Clinical Setting:**
- Primary Care Clinic

** Type of Encounter:**
- Initial Consultation for evaluation of hyperlipidemia

** Treatment Disparities:**
- No noted disparities observed, appropriate treatment recommended

** Native or Non-Native English Speaking Patient:**
- Native English speaker

** Physical Exams:**
- NA

** Investigation/Test Results:**
- Blood work: Lipid profile showing elevated total cholesterol and triglycerides, awaiting results for lipid profile rerun in 3 months"|Rejected|Rejected|Rejected|Rejected||
MIXED HYPERLIPIDEMIA|"ROLE: Family Medicine Physician

** Medical Outcome:**
- Diagnosis: Mixed Hyperlipidemia (ICD-10: E88.0)
- Prescribed Treatment: Statin therapy (Simvastatin 40mg once daily orally for 4 weeks, then re-evaluate)
- Referral: Referral to Endocrinologist for further management
- Follow-Up Recommendations: Schedule next visit in 3 months for lipid profile re-check
- Lifestyle Change: Increase physical activity, reduce saturated fats and trans-fats in diet, quit smoking entirely

** Medical History:**
- Previous Diagnoses: Diabetes Mellitus Type 2, Controlled with Metformin 1000mg twice daily
- Family Medical History: Mother with history of coronary artery disease, deceased at age 60
- Medication History: Metformin 1000mg twice daily
- Allergies: Penicillin
- Chronic Conditions: Diabetes Mellitus Type 2, Mixed Hyperlipidemia

** Symptom Description:**
- Severity: Mild, no chest pain or shortness of breath
- Duration: Recent onset over the past few months
- Associated Symptoms: Fatigue, occasional dizziness
- Frequency: Not relevant for hyperlipidemia
- Impact on Daily Activities: None

** Patient’s Self-Reported Habits and Lifestyle:**
- Sleep: Insufficient sleep, 5-6 hours per night due to stress
- Diet: High-fat diet, consumes fried foods regularly
- Exercise: Sedentary lifestyle, occasionally walks for 10 minutes a day
- Tobacco Use: Current smoker of 1 pack/day for 20 years, willing to quit
- Alcohol Consumption: Social drinker three times a week
- Drug Use: No recreational drug use
- Recreational Activities: Watches TV and plays video games

** Demographic Information:**
- Age: 52 years old
- Gender: Female
- Ethnicity: African American
- Socio-Economic Status: Low income
- Education Level: Some college
- Health Literacy: Moderate
- Job Status: Works part-time as a sales clerk

** Patient’s Behavior:**
- Cooperation with medical advice: High compliance, actively seeks information and understanding

** Geographical Location:**
- Rural setting with lower pollution levels but limited access to healthcare facilities
- Neighborhood type: Affluent with good access to fresh fruits and vegetables but distant from health services

** Clinical Setting:**
- Primary Care Clinic

** Type of Encounter:**
- Initial Consultation for evaluation of hyperlipidemia

** Treatment Disparities:**
- No noted disparities observed, appropriate treatment recommended

** Native or Non-Native English Speaking Patient:**
- Native English speaker

** Physical Exams:**
- BMI: 30
- Blood Pressure: 140/90 mmHg
- Eyes: No xanthelasma, pupils equal and reactive
- Heart: Regular rhythm, S3 gallop
- Lungs: Clear bilaterally
- Abdomen: Soft, no tenderness, no masses

** Investigation/Test Results:**
- Blood work: Lipid profile showing elevated total cholesterol and triglycerides, awaiting results for A1C and kidney function tests"|Rejected|Rejected|Rejected|Rejected||
MIXED HYPERLIPIDEMIA|"ROLE: Family Medicine Physician

** Medical Outcome:**
- Diagnosis: Mixed Hyperlipidemia (ICD-10: E88.0)
- Prescribed Treatment: Statin therapy (Simvastatin 40mg once daily orally for 4 weeks, then re-evaluate)
- Referral: Referral to Cardiologist for further management
- Follow-Up Recommendations: Schedule next visit in 3 months for lipid profile re-check
- Lifestyle Change: Increase physical activity, reduce saturated fats and trans-fats in diet, quit smoking entirely

** Medical History:**
- Previous Diagnoses: Asthma, controlled with Albuterol inhaler
- Family Medical History: Father with history of peripheral vascular disease, deceased at age 65
- Medication History: Albuterol inhaler as needed
- Allergies: Penicillin
- Chronic Conditions: Asthma, Mixed Hyperlipidemia

** Symptom Description:**
- Severity: Moderate, occasional shortness of breath, fatigue
- Duration: Recent onset over the past few months
- Associated Symptoms: Fatigue, intermittent wheezing
- Frequency: Symptoms occur several times a week
- Impact on Daily Activities: Mild impact, difficulty climbing stairs

** Patient’s Self-Reported Habits and Lifestyle:**
- Sleep: Poor sleep quality, 5-6 hours per night due to asthma symptoms
- Diet: High-fat diet, consumes fried foods regularly
- Exercise: Sedentary lifestyle, occasionally walks for 10 minutes a day
- Tobacco Use: Current smoker of 1 pack/day for 20 years, willing to quit
- Alcohol Consumption: Social drinker three times a week
- Drug Use: No recreational drug use
- Recreational Activities: Watches TV and plays video games

** Demographic Information:**
- Age: 55 years old
- Gender: Male
- Ethnicity: Hispanic
- Socio-Economic Status: Low income
- Education Level: High school diploma
- Health Literacy: Low
- Job Status: Unemployed due to disability

** Patient’s Behavior:**
- Cooperation with medical advice: Moderately cooperative, requires detailed explanations and support

** Geographical Location:**
- Urban setting with moderate pollution levels and limited access to affordable healthcare options
- Neighborhood type: Impoverished with food desert characteristics

** Clinical Setting:**
- Community Health Center

** Type of Encounter:**
- Follow-up Visit for continued management of mixed hyperlipidemia

** Treatment Disparities:**
- Potential disparity due to socio-economic factors limiting access to medication and monitoring

** Native or Non-Native English Speaking Patient:**
- Non-native English speaker, speaks Spanish as primary language

** Physical Exams:**
- BMI: 32
- Blood Pressure: 140/90 mmHg
- Eyes: No xanthelasma, pupils equal and reactive
- Heart: Regular rhythm, S3 gallop
- Lungs: Occasional wheezing, clear otherwise
- Abdomen: Soft, no tenderness, no masses

** Investigation/Test Results:**
- Blood work: Lipid profile showing elevated total cholesterol and triglycerides; A1C and kidney function tests pending"|Rejected|Rejected|Rejected|Rejected||
MIXED HYPERLIPIDEMIA|"ROLE: Family Medicine Physician

** Medical Outcome:**
- Diagnosis: Mixed Hyperlipidemia (ICD-10: E88.0)
- Prescribed Treatment: Statin therapy (Pravastatin 40mg once daily orally for 8 weeks, then re-evaluate)
- Referral: Referral to Endocrinologist for further management
- Follow-Up Recommendations: Schedule next visit in 4 months for lipid profile re-check
- Lifestyle Change: Increase physical activity, reduce saturated fats and trans-fats in diet, quit smoking entirely

** Medical History:**
- Previous Diagnoses: Hypothyroidism, controlled with Levothyroxine 100mcg once daily
- Family Medical History: Father with history of peripheral vascular disease, deceased at age 65
- Medication History: Levothyroxine 100mcg once daily
- Allergies: Latex
- Chronic Conditions: Hypothyroidism, Mixed Hyperlipidemia

** Symptom Description:**
- Severity: Moderate, occasional shortness of breath, fatigue, mild swelling in ankles
- Duration: Recent onset over the past few months
- Associated Symptoms: Fatigue, intermittent leg heaviness
- Frequency: Symptoms occur several times a week
- Impact on Daily Activities: Mild impact, difficulty walking longer distances

** Patient’s Self-Reported Habits and Lifestyle:**
- Sleep: Poor sleep quality, 5-6 hours per night due to hypothyroidism-related lethargy
- Diet: High-fat diet, consumes fried foods regularly
- Exercise: Sedentary lifestyle, occasionally exercises for 10 minutes a day
- Tobacco Use: Current smoker of 1 pack/day for 20 years, willing to quit
- Alcohol Consumption: Social drinker three times a week
- Drug Use: No recreational drug use
- Recreational Activities: Watches TV and reads books

** Demographic Information:**
- Age: 60 years old
- Gender: Female
- Ethnicity: Asian
- Socio-Economic Status: Low income
- Education Level: High school diploma
- Health Literacy: Low
- Job Status: Retired due to health issues

** Patient’s Behavior:**
- Cooperation with medical advice: Moderately cooperative, requires detailed explanations and support

** Geographical Location:**
- Rural setting with lower pollution levels but limited access to healthcare facilities
- Neighborhood type: Impoverished with limited access to fresh fruits and vegetables

** Clinical Setting:**
- Community Health Center

** Type of Encounter:**
- Follow-up Visit for continued management of mixed hyperlipidemia

** Treatment Disparities:**
- Potential disparity due to socio-economic factors limiting access to medication and monitoring

** Native or Non-Native English Speaking Patient:**
- Non-native English speaker, speaks Mandarin as primary language

** Physical Exams:**
- BMI: 33
- Blood Pressure: 145/90 mmHg
- Eyes: No xanthelasma, pupils equal and reactive
- Heart: Regular rhythm, mild S3 gallop
- Lungs: Clear bilaterally
- Abdomen: Soft, slightly distended, no tenderness, no masses
- Ankles: Mild pitting edema bilaterally

** Investigation/Test Results:**
- Blood work: Lipid profile showing elevated total cholesterol and triglycerides, A1C and kidney function tests pending"|Rejected|Rejected|Rejected|Rejected||
MIXED HYPERLIPIDEMIA|"ROLE: Family Medicine Physician

** Medical Outcome:**
- Diagnosis: Mixed Hyperlipidemia (ICD-10: E88.0)
- Prescribed Treatment: Statin therapy (Rosuvastatin 20mg once daily orally for 8 weeks, then re-evaluate)
- Referral: Referral to Cardiologist for further management
- Follow-Up Recommendations: Schedule next visit in 4 months for lipid profile re-check
- Lifestyle Change: Increase physical activity, reduce saturated fats and trans-fats in diet, quit smoking entirely

** Medical History:**
- Previous Diagnoses: Coronary Artery Disease (CAD), managed with aspirin 81mg daily
- Family Medical History: Father with history of CAD, deceased at age 55
- Medication History: Aspirin 81mg daily
- Allergies: None
- Chronic Conditions: Coronary Artery Disease, Mixed Hyperlipidemia

** Symptom Description:**
- Severity: Moderate, occasional chest discomfort, fatigue
- Duration: Recent onset over the past few months
- Associated Symptoms: Fatigue, intermittent palpitations
- Frequency: Symptoms occur several times a week
- Impact on Daily Activities: Mild impact, difficulty performing light household chores

** Patient’s Self-Reported Habits and Lifestyle:**
- Sleep: Poor sleep quality, 5-6 hours per night due to chest discomfort
- Diet: High-fat diet, consumes fried foods regularly
- Exercise: Sedentary lifestyle, occasionally exercises for 15 minutes a day
- Tobacco Use: Current smoker of 1 pack/day for 20 years, willing to quit
- Alcohol Consumption: Social drinker twice a week
- Drug Use: No recreational drug use
- Recreational Activities: Watches TV and reads books

** Demographic Information:**
- Age: 58 years old
- Gender: Male
- Ethnicity: Asian American
- Socio-Economic Status: Low income
- Education Level: High school diploma
- Health Literacy: Moderate
- Job Status: Retired due to health issues

** Patient’s Behavior:**
- Cooperation with medical advice: Strongly cooperative, motivated to manage symptoms and improve overall health

** Geographical Location:**
- Urban setting with moderate pollution levels and good access to healthcare facilities
- Neighborhood type: Affluent with good access to fresh fruits and vegetables

** Clinical Setting:**
- Private Practice

** Type of Encounter:**
- Initial Consultation for evaluation of hyperlipidemia

** Treatment Disparities:**
- Potential disparity due to socio-economic factors but overall adequate access to care

** Native or Non-Native English Speaking Patient:**
- Non-native English speaker, speaks Cantonese as primary language

** Physical Exams:**
- BMI: 32
- Blood Pressure: 145/90 mmHg
- Eyes: No xanthelasma, pupils equal and reactive
- Heart: Regular rhythm, mild S3 gallop
- Lungs: Clear bilaterally
- Abdomen: Soft, no tenderness, no masses
- Extremities: Bilateral ankle edema, trace

** Investigation/Test Results:**
- Blood work: Lipid profile showing elevated total cholesterol and triglycerides, A1C and kidney function tests pending"|Rejected|Rejected|Rejected|Rejected||
MIXED HYPERLIPIDEMIA|"ROLE: Family Medicine Physician

** Medical Outcome:**
- Diagnosis: Hypertension (ICD-10: I10)
- Prescribed Treatment: Amlodipine 5mg once daily orally for 1 month, then re-evaluate
- Lifestyle Changes: Increase physical activity, reduce sodium intake, quit smoking entirely
- Referral: Referral to Nephrologist for further evaluation due to potential renal involvement
- Follow-Up Recommendations: Schedule next visit in 4 months for blood pressure monitoring and further assessment

** Medical History:**
- Previous Diagnoses: Type 2 Diabetes, controlled with Metformin 1000mg twice daily
- Family Medical History: Father with history of hypertension and stroke, deceased at age 65
- Medication History: Metformin 1000mg twice daily
- Allergies: None
- Chronic Conditions: Hypertension, Type 2 Diabetes

** Symptom Description:**
- Severity: Moderate, occasional head pain, palpitations
- Duration: Recent onset over the past few months
- Associated Symptoms: Fatigue, intermittent dizziness
- Frequency: Symptoms occur several times a week
- Impact on Daily Activities: Mild impact, difficulty concentrating

** Patient’s Self-Reported Habits and Lifestyle:**
- Sleep: Poor quality, 5-6 hours per night due to stress
- Diet: High-sodium diet, frequently eats processed foods
- Exercise: Sedentary lifestyle, seldom exercises
- Tobacco Use: Current smoker of 1 pack/day for 25 years, willing to quit
- Alcohol Consumption: Social drinker twice a week
- Drug Use: No recreational drug use
- Recreational Activities: Watches TV and spends time gardening

** Demographic Information:**
- Age: 59 years old
- Gender: Female
- Ethnicity: Hispanic
- Socio-Economic Status: Low income
- Education Level: High school diploma
- Health Literacy: Low
- Job Status: Retired due to health issues

** Patient’s Behavior:**
- Cooperation with medical advice: Strongly cooperative, highly motivated to manage symptoms and improve overall health

** Geographical Location:**
- Rural setting with lower pollution levels but limited healthcare facilities
- Neighborhood type: Impoverished with limited access to fresh fruits and vegetables

** Clinical Setting:**
- Community Health Center

** Type of Encounter:**
- Initial Consultation for evaluation of hypertension

** Treatment Disparities:**
- Potential disparity due to socio-economic factors limiting access to specialized care

** Native or Non-Native English Speaking Patient:**
- Non-native English speaker, speaks Spanish as primary language

** Physical Exams:**
- BMI: 35
- Blood Pressure: 155/95 mmHg
- Eyes: No xanthelasma, pupils equal and reactive
- Heart: Regular rhythm, mild S3 gallop
- Lungs: Clear bilaterally
- Abdomen: Soft, no tenderness, no masses
- Extremities: No edema noted

** Investigation/Test Results:**
- Blood work: Lipid profile showing elevated total cholesterol and triglycerides, awaiting A1C and kidney function tests"|Rejected|Rejected|Rejected|Rejected||
